date,return,equity,cash,gross_exposure,open_positions,fold_year
2021-01-01 00:00:00+00:00,0.0,1.0,1.0,0.0,0,2021
2021-01-02 00:00:00+00:00,0.0,1.0,1.0,0.0,0,2021
2021-01-03 00:00:00+00:00,0.006984809208834042,1.006984809208834,1.002402654179895,0.05110099791315839,2,2021
2021-01-04 00:00:00+00:00,-0.0018217935159828835,1.0051502908127241,1.0052548269003423,0.026910608307238387,1,2021
2021-01-05 00:00:00+00:00,0.001639939636677079,1.0067986766154453,1.0050797110958778,0.05346288813850862,2,2021
2021-01-06 00:00:00+00:00,0.002474114843433073,1.0092896121656083,1.005396475185709,0.050540305122356445,2,2021
2021-01-07 00:00:00+00:00,0.002768473157653606,1.0120838033651873,1.0049889366032037,0.0819004427302146,3,2021
2021-01-08 00:00:00+00:00,-0.00024152640148511484,1.0118393584061591,1.0053919071997204,0.0756117856228392,3,2021
2021-01-09 00:00:00+00:00,0.002322923064703719,1.0141897833895759,1.0051679101006654,0.09254517294614499,4,2021
2021-01-10 00:00:00+00:00,-0.0030115994862883744,1.011135449958921,1.0068165187052205,0.058079724239727626,3,2021
2021-01-11 00:00:00+00:00,-0.006704633397187076,1.0043561574520465,1.0049211860777503,0.014150296623184812,1,2021
2021-01-12 00:00:00+00:00,0.00241206347440559,1.006778728254731,1.0049185366103686,0.016525138390811402,1,2021
2021-01-13 00:00:00+00:00,-0.00045982951207312883,1.006315781683352,1.0049073377632738,0.016083828141873684,1,2021
2021-01-14 00:00:00+00:00,-0.0010899240928142762,1.005218973867916,1.0048846346892326,0.015032849299998726,1,2021
2021-01-15 00:00:00+00:00,-0.00023903201117858597,1.0049786943549175,1.0048667893348917,0.014815111278110221,1,2021
2021-01-16 00:00:00+00:00,0.0007652536913529406,1.0057477580105036,1.0048126172898788,0.015622313611394701,1,2021
2021-01-17 00:00:00+00:00,0.0019555745964925375,1.0077145727765484,1.0054735371623937,0.013954952056102539,1,2021
2021-01-18 00:00:00+00:00,-0.0005141808051536412,1.0071964252861532,1.0053058572340832,0.03595064116807386,2,2021
2021-01-19 00:00:00+00:00,-0.0021716759735577185,1.005009121008706,1.0051736381901686,0.03398404185965667,2,2021
2021-01-20 00:00:00+00:00,0.0004289816409335234,1.0054402514705894,1.005104256499828,0.04933577814487357,3,2021
2021-01-21 00:00:00+00:00,-0.006713484910331302,0.9986902435141018,1.0014906991413277,0.012164870385219686,1,2021
2021-01-22 00:00:00+00:00,-0.0007472389163828419,0.9979439832987362,0.9979439832987362,0.0,0,2021
2021-01-23 00:00:00+00:00,0.0,0.9979439832987362,0.9979439832987362,0.0,0,2021
2021-01-24 00:00:00+00:00,0.0,0.9979439832987362,0.9979439832987362,0.0,0,2021
2021-01-25 00:00:00+00:00,0.0,0.9979439832987362,0.9979439832987362,0.0,0,2021
2021-01-26 00:00:00+00:00,0.0,0.9979439832987362,0.9979439832987362,0.0,0,2021
2021-01-27 00:00:00+00:00,0.0,0.9979439832987362,0.9979439832987362,0.0,0,2021
2021-01-28 00:00:00+00:00,0.0,0.9979439832987362,0.9979439832987362,0.0,0,2021
2021-01-29 00:00:00+00:00,0.0,0.9979439832987362,0.9979439832987362,0.0,0,2021
2021-01-30 00:00:00+00:00,0.0,0.9979439832987362,0.9979439832987362,0.0,0,2021
2021-01-31 00:00:00+00:00,-1.2058248151203266e-05,0.9979319498425446,0.9978720280345242,0.013615107961764631,1,2021
2021-02-01 00:00:00+00:00,0.0011390662683592456,0.9990686604647283,0.9978593873815935,0.014750039805933002,1,2021
2021-02-02 00:00:00+00:00,0.0017174568202209528,1.0007845177495125,0.998482045952292,0.038503220024461465,2,2021
2021-02-03 00:00:00+00:00,0.0033511346094634575,1.004138281383558,0.9983394507544132,0.058766227512304925,3,2021
2021-02-04 00:00:00+00:00,0.002752012286897809,1.00690168227167,1.0002896504285481,0.05538228018200735,3,2021
2021-02-05 00:00:00+00:00,0.006187790530756354,1.0131321789666334,1.0028887699219855,0.04608601294265882,3,2021
2021-02-06 00:00:00+00:00,-0.00031153750928269996,1.012816550291024,1.0027722641066033,0.045903771851767465,3,2021
2021-02-07 00:00:00+00:00,-0.0009336265927013532,1.0118709578261442,1.0027287353877792,0.04505518787113029,3,2021
2021-02-08 00:00:00+00:00,0.006106193259449499,1.0180496374482548,1.0095553185051618,0.03166590886410911,2,2021
2021-02-09 00:00:00+00:00,0.006844397256174473,1.025017573593455,1.0124345968013988,0.06932934542198776,4,2021
2021-02-10 00:00:00+00:00,0.0021340336544277694,1.0272049955918834,1.0260200673622892,0.038374638463111316,2,2021
2021-02-11 00:00:00+00:00,0.000912268063440802,1.0281420819039686,1.0255530672025477,0.08523425685635135,4,2021
2021-02-12 00:00:00+00:00,0.002207514425706103,1.0304117203814471,1.0251327966975827,0.08765703406676488,4,2021
2021-02-13 00:00:00+00:00,-0.0023722167407735917,1.027967360448469,1.0247186606039034,0.08589048138498492,4,2021
2021-02-14 00:00:00+00:00,0.0005091549120406214,1.0284907550794586,1.0242108248286068,0.08684943583800779,4,2021
2021-02-15 00:00:00+00:00,-0.001526288239812268,1.0269209817352252,1.0240526620214736,0.0856075909147448,4,2021
2021-02-16 00:00:00+00:00,-0.0007928596746187289,1.0261067774997874,1.02379835024978,0.0851298722100404,4,2021
2021-02-17 00:00:00+00:00,0.006175839827094576,1.0324438486031222,1.0227080727690518,0.059059891053296794,3,2021
2021-02-18 00:00:00+00:00,0.0035481132062240572,1.0361070762570357,1.0295562770744844,0.043223806025997444,2,2021
2021-02-19 00:00:00+00:00,0.011400670440753213,1.0479193915747744,1.0399006448322303,0.03943284387982747,2,2021
2021-02-20 00:00:00+00:00,-0.006793814273720722,1.040800021854585,1.0356411185579288,0.05466121478308141,3,2021
2021-02-21 00:00:00+00:00,0.0023291561031153485,1.0432242075776101,1.035475714757054,0.05701649044633033,3,2021
2021-02-22 00:00:00+00:00,-0.0057224910848518995,1.0372543663502456,1.0316501469311607,0.037510485089647536,2,2021
2021-02-23 00:00:00+00:00,-0.0044607016472614225,1.032627484089638,1.0315457234784258,0.017756329575739766,1,2021
2021-02-24 00:00:00+00:00,0.0023218113805156815,1.0350250503340306,1.0322527019206342,0.016014568022529957,1,2021
2021-02-25 00:00:00+00:00,-0.0027127281105626677,1.032217308784853,1.032217308784853,0.0,0,2021
2021-02-26 00:00:00+00:00,0.0,1.032217308784853,1.032217308784853,0.0,0,2021
2021-02-27 00:00:00+00:00,0.0,1.032217308784853,1.032217308784853,0.0,0,2021
2021-02-28 00:00:00+00:00,0.0,1.032217308784853,1.032217308784853,0.0,0,2021
2021-03-01 00:00:00+00:00,0.0,1.032217308784853,1.032217308784853,0.0,0,2021
2021-03-02 00:00:00+00:00,0.0,1.032217308784853,1.032217308784853,0.0,0,2021
2021-03-03 00:00:00+00:00,0.0,1.032217308784853,1.032217308784853,0.0,0,2021
2021-03-04 00:00:00+00:00,0.0,1.032217308784853,1.032217308784853,0.0,0,2021
2021-03-05 00:00:00+00:00,0.0,1.032217308784853,1.032217308784853,0.0,0,2021
2021-03-06 00:00:00+00:00,0.0,1.032217308784853,1.032217308784853,0.0,0,2021
2021-03-07 00:00:00+00:00,0.0,1.032217308784853,1.032217308784853,0.0,0,2021
2021-03-08 00:00:00+00:00,0.0,1.032217308784853,1.032217308784853,0.0,0,2021
2021-03-09 00:00:00+00:00,0.0,1.032217308784853,1.032217308784853,0.0,0,2021
2021-03-10 00:00:00+00:00,0.0,1.032217308784853,1.032217308784853,0.0,0,2021
2021-03-11 00:00:00+00:00,0.0,1.032217308784853,1.032217308784853,0.0,0,2021
2021-03-12 00:00:00+00:00,0.0,1.032217308784853,1.032217308784853,0.0,0,2021
2021-03-13 00:00:00+00:00,0.0,1.032217308784853,1.032217308784853,0.0,0,2021
2021-03-14 00:00:00+00:00,-0.000991678703674892,1.0311936808621665,1.0320999847520034,0.023264698414184427,1,2021
2021-03-15 00:00:00+00:00,-0.001380609048731385,1.0297700055353736,1.0320540820025574,0.021958920237502847,1,2021
2021-03-16 00:00:00+00:00,0.0004937146796397673,1.0302784181037592,1.0320311444594001,0.022463818633281507,1,2021
2021-03-17 00:00:00+00:00,0.0007723232694354376,1.0310741261000578,1.032012174946772,0.023236607755462827,1,2021
2021-03-18 00:00:00+00:00,-0.0005171237814785012,1.0305409331489843,1.031990587004135,0.022752187004266677,1,2021
2021-03-19 00:00:00+00:00,0.00013552793982629652,1.0306806002385607,1.0319721388515073,0.022902512440127146,1,2021
2021-03-20 00:00:00+00:00,-1.04303554192553e-05,1.0306698498735765,1.0319384290643063,0.02292502753803884,1,2021
2021-03-21 00:00:00+00:00,-0.0003069425918917901,1.0303534933984715,1.0319188911868966,0.022643991836556937,1,2021
2021-03-22 00:00:00+00:00,-0.0013270828691337444,1.0289861289282303,1.0318866760409702,0.021376543522388245,1,2021
2021-03-23 00:00:00+00:00,8.68052466374003e-05,1.0290754503229385,1.0318661010437438,0.021481479471661073,1,2021
2021-03-24 00:00:00+00:00,-0.0008601692269449845,1.0281902712883662,1.0281902712883662,0.0,0,2021
2021-03-25 00:00:00+00:00,0.0,1.0281902712883662,1.0281902712883662,0.0,0,2021
2021-03-26 00:00:00+00:00,0.0,1.0281902712883662,1.0281902712883662,0.0,0,2021
2021-03-27 00:00:00+00:00,0.0,1.0281902712883662,1.0281902712883662,0.0,0,2021
2021-03-28 00:00:00+00:00,0.0,1.0281902712883662,1.0281902712883662,0.0,0,2021
2021-03-29 00:00:00+00:00,0.0,1.0281902712883662,1.0281902712883662,0.0,0,2021
2021-03-30 00:00:00+00:00,0.0,1.0281902712883662,1.0281902712883662,0.0,0,2021
2021-03-31 00:00:00+00:00,0.0,1.0281902712883662,1.0281902712883662,0.0,0,2021
2021-04-01 00:00:00+00:00,0.0,1.0281902712883662,1.0281902712883662,0.0,0,2021
2021-04-02 00:00:00+00:00,0.0,1.0281902712883662,1.0281902712883662,0.0,0,2021
2021-04-03 00:00:00+00:00,-0.0020671826551215133,1.0260648141933941,1.028025082064732,0.030667353783272597,1,2021
2021-04-04 00:00:00+00:00,0.0022221138368268,1.0283448470144945,1.0278822309125504,0.05666232853884075,2,2021
2021-04-05 00:00:00+00:00,-0.00044685287155166176,1.0278853281666607,1.027747212136288,0.0563719628185925,2,2021
2021-04-06 00:00:00+00:00,0.004263638651267554,1.032267859780903,1.0274266663893845,0.0852036910618865,3,2021
2021-04-07 00:00:00+00:00,-0.0027991317833255813,1.0293784060056848,1.0280470679482923,0.07729655939150665,3,2021
2021-04-08 00:00:00+00:00,0.004910004337177254,1.0344326584437693,1.028688299560566,0.07629227585445865,3,2021
2021-04-09 00:00:00+00:00,0.0022055171486699,1.0367141174111112,1.028598554387091,0.07841161271601933,3,2021
2021-04-10 00:00:00+00:00,0.0010629407178126549,1.0378160830592387,1.0305121991740276,0.07023107045261921,3,2021
2021-04-11 00:00:00+00:00,0.0027874970306280833,1.0407089923091044,1.0303083515943634,0.07301146798696682,3,2021
2021-04-12 00:00:00+00:00,0.0018725608611145361,1.0426577832359123,1.0393360522175554,0.046935927403017254,2,2021
2021-04-13 00:00:00+00:00,-0.00031995085737335227,1.042324183984219,1.0389646195213451,0.07177579199554637,3,2021
2021-04-14 00:00:00+00:00,-0.00027168466315841133,1.0420410004893914,1.0408329641348721,0.09466082363567473,3,2021
2021-04-15 00:00:00+00:00,0.0005241046839894459,1.042587139058657,1.040498562826477,0.09545580941654996,3,2021
2021-04-16 00:00:00+00:00,-0.003981231722576695,1.0384363580670861,1.0363829217828586,0.07092216905651579,2,2021
2021-04-17 00:00:00+00:00,-0.002347159427449008,1.035998982379443,1.036230493249986,0.06888347672175497,2,2021
2021-04-18 00:00:00+00:00,-0.0035184441318684145,1.0323538778392685,1.0323538778392685,0.0,0,2021
2021-04-19 00:00:00+00:00,-0.0004657112107754324,1.0318730990648712,1.0323054271798766,0.016787452366612696,1,2021
2021-04-20 00:00:00+00:00,4.267939236624052e-05,1.0319171387817383,1.0322855198483996,0.01684870508867675,1,2021
2021-04-21 00:00:00+00:00,0.0005024800939186225,1.0324356566025497,1.0322767213142983,0.01735099304991701,1,2021
2021-04-22 00:00:00+00:00,0.0033193475305057785,1.0358626693496995,1.0329844159943187,0.016490730626736096,1,2021
2021-04-23 00:00:00+00:00,-0.00281275914066903,1.0329490371580083,1.0329490371580083,0.0,0,2021
2021-04-24 00:00:00+00:00,0.0,1.0329490371580083,1.0329490371580083,0.0,0,2021
2021-04-25 00:00:00+00:00,0.0,1.0329490371580083,1.0329490371580083,0.0,0,2021
2021-04-26 00:00:00+00:00,-0.001215496501581037,1.0316934912170312,1.0329104503309194,0.01523578093730426,1,2021
2021-04-27 00:00:00+00:00,-0.00027524065452733115,1.031409527225237,1.0328910986228041,0.014983421555666435,1,2021
2021-04-28 00:00:00+00:00,0.001175873809691419,1.0326223346753673,1.0328119877768471,0.03877774094212085,2,2021
2021-04-29 00:00:00+00:00,-0.0007554206662533369,1.0318422704233188,1.0327940456440956,0.038068453281796,2,2021
2021-04-30 00:00:00+00:00,0.00021892278030932744,1.0320681642020006,1.0327601281564556,0.038311859529827685,2,2021
2021-05-01 00:00:00+00:00,0.00378735312772438,1.035976970791716,1.0327106070418444,0.04198817103356852,2,2021
2021-05-02 00:00:00+00:00,-0.000958387898795432,1.0349841029994784,1.0326640944418037,0.041114083705172826,2,2021
2021-05-03 00:00:00+00:00,0.0030959391953333526,1.0381883508505014,1.0333273035430213,0.03894678830841613,2,2021
2021-05-04 00:00:00+00:00,-0.003855568876292126,1.0341855441572332,1.035340423089026,0.04588514105776549,3,2021
2021-05-05 00:00:00+00:00,0.00315288106228806,1.0374462081742986,1.035266130989998,0.04895550756219751,3,2021
2021-05-06 00:00:00+00:00,-0.0013191405537824608,1.036077670808728,1.0351036403480793,0.0478561215659589,3,2021
2021-05-07 00:00:00+00:00,-0.0005372636593283797,1.0355210239279609,1.0350018318825815,0.04744261044973861,3,2021
2021-05-08 00:00:00+00:00,0.0031978239786740748,1.0388324378886988,1.0348985240110642,0.0505784575708575,3,2021
2021-05-09 00:00:00+00:00,-1.932030253504191e-05,1.0388123673317156,1.0348224383366673,0.05063335704743477,3,2021
2021-05-10 00:00:00+00:00,-0.0013930411159341904,1.0373652589922815,1.034715410407488,0.049412178252370216,3,2021
2021-05-11 00:00:00+00:00,0.00264847725334616,1.0401126972841341,1.0346855072020367,0.051951888221863994,3,2021
2021-05-12 00:00:00+00:00,-0.002036651194540662,1.0379943505167535,1.0418367973476321,0.03190555130185005,2,2021
2021-05-13 00:00:00+00:00,-0.0020221291422074517,1.035895391891127,1.0381554281751293,0.014167047147221537,1,2021
2021-05-14 00:00:00+00:00,0.0005777942547773307,1.036493926297112,1.0381501661110606,0.01474140362901176,1,2021
2021-05-15 00:00:00+00:00,0.0002559137429070102,1.036759179337291,1.0381333614751753,0.015009689147460594,1,2021
2021-05-16 00:00:00+00:00,0.0011314203637655673,1.0379321897851141,1.0381137934599438,0.016141720654364138,1,2021
2021-05-17 00:00:00+00:00,-6.598757164144597e-05,1.0378636991603818,1.03809034626637,0.01609938573633761,1,2021
2021-05-18 00:00:00+00:00,0.003535427274692582,1.0415329907898068,1.038767242705401,0.03424878311876695,2,2021
2021-05-19 00:00:00+00:00,0.0004735195000324932,1.042026176970873,1.0395029866290189,0.012920369778444516,1,2021
2021-05-20 00:00:00+00:00,-0.0013378512777670881,1.0406321009185457,1.039507445198463,0.014281606471620065,1,2021
2021-05-21 00:00:00+00:00,0.0011620686303226435,1.04184138683873,1.0395097043969403,0.013106478200851873,1,2021
2021-05-22 00:00:00+00:00,-7.862438631245361e-05,1.041759472699055,1.0395090934118951,0.01318555284588732,1,2021
2021-05-23 00:00:00+00:00,0.0009794270376350944,1.0427798000933288,1.0395089186985553,0.012194014950448,1,2021
2021-05-24 00:00:00+00:00,-0.001454909475928745,1.041262649880866,1.0395065920124595,0.013666576824164901,1,2021
2021-05-25 00:00:00+00:00,0.00016363316048950693,1.0414330349791656,1.0395108113115195,0.013504785931600493,1,2021
2021-05-26 00:00:00+00:00,-0.0003120460851007145,1.0411080598777058,1.0395151293985359,0.013825292438575044,1,2021
2021-05-27 00:00:00+00:00,0.0002496809613878881,1.0413680047390048,1.0395193707745067,0.013576295640254586,1,2021
2021-05-28 00:00:00+00:00,0.0010103069317370927,1.0424201060526819,1.0395232976981605,0.012557073138374284,1,2021
2021-05-29 00:00:00+00:00,0.0003765128343309332,1.0428125906013754,1.0395271556630352,0.012179675469272984,1,2021
2021-05-30 00:00:00+00:00,-0.00036215857555299547,1.0424349270789945,1.0395310804752143,0.012550142866006546,1,2021
2021-05-31 00:00:00+00:00,-0.000556331023847112,1.0418549881887187,1.0395351804990676,0.01311770479809819,1,2021
2021-06-01 00:00:00+00:00,0.00019758529177371642,1.0420608434105458,1.039539219978198,0.012921443618128779,1,2021
2021-06-02 00:00:00+00:00,-0.0003047152470847525,1.0417433115831687,1.0395433559576706,0.013234160554087573,1,2021
2021-06-03 00:00:00+00:00,-0.0005867260368488392,1.0411320936585498,1.0395476765987128,0.013833150370660938,1,2021
2021-06-04 00:00:00+00:00,0.0008579975121119077,1.0420253824046886,1.039553158821936,0.01296929087581061,1,2021
2021-06-05 00:00:00+00:00,0.00047191290334436253,1.0425171276282577,1.0395570667698386,0.01249523164991369,1,2021
2021-06-06 00:00:00+00:00,-0.00010290469214857545,1.0424098477241794,1.0395610080841067,0.012603213846978389,1,2021
2021-06-07 00:00:00+00:00,0.0007958708827926486,1.0432394713699193,1.0395647016193417,0.01180149376479402,1,2021
2021-06-08 00:00:00+00:00,6.521176313922794e-05,1.043307502855224,1.039567275184792,0.011737983445139936,1,2021
2021-06-09 00:00:00+00:00,-0.0014067946577691615,1.0418397834337967,1.0395658711474205,0.013161948505714647,1,2021
2021-06-10 00:00:00+00:00,0.0002460294965918042,1.0420961067512442,1.039565768072812,0.012912643182839155,1,2021
2021-06-11 00:00:00+00:00,-0.0002198283275931523,1.0418670245069057,1.0395681480861665,0.013137643407876905,1,2021
2021-06-12 00:00:00+00:00,0.0006212554843030293,1.042514290109795,1.0395683314369348,0.01250879275036433,1,2021
2021-06-13 00:00:00+00:00,-0.0012158846615930585,1.041246712974959,1.0395691803911675,0.013742200676401436,1,2021
2021-06-14 00:00:00+00:00,-0.0005246235128953947,1.0407004504666073,1.0395716848199499,0.01427671931324496,1,2021
2021-06-15 00:00:00+00:00,0.00012957512785294334,1.0408352993605332,1.039575808692187,0.014149273384404281,1,2021
2021-06-16 00:00:00+00:00,0.0006343956157193187,1.0414956007111333,1.0395800299871298,0.01351036253396127,1,2021
2021-06-17 00:00:00+00:00,0.00010417845811394599,1.041604102116948,1.0395842199886516,0.013408810228813982,1,2021
2021-06-18 00:00:00+00:00,0.0007944088274258743,1.0424315616103528,1.0395862814602597,0.012606365924630155,1,2021
2021-06-19 00:00:00+00:00,0.00011471148197128578,1.0425511404796388,1.0395853477414791,0.012489326061248926,1,2021
2021-06-20 00:00:00+00:00,-3.6987436573876487e-05,1.0425125791854553,1.039585551861879,0.012526972627768569,1,2021
2021-06-21 00:00:00+00:00,0.0014005875308269466,1.0439727093045927,1.039584221447727,0.011109549039837279,1,2021
2021-06-22 00:00:00+00:00,-0.0003145333797021088,1.0436443450400184,1.039582449562737,0.011425979019124769,1,2021
2021-06-23 00:00:00+00:00,-0.0004093744745695682,1.04321710368463,1.0395783104698888,0.011836232945935632,1,2021
2021-06-24 00:00:00+00:00,-0.00035225100588265335,1.0428496294105032,1.0395761939899297,0.012190749354487223,1,2021
2021-06-25 00:00:00+00:00,0.0010850679872804747,1.043981192158924,1.0395787855953644,0.011096126434635761,1,2021
2021-06-26 00:00:00+00:00,-0.00024556555675869784,1.0437248263362258,1.0395746995423745,0.011340562928674199,1,2021
2021-06-27 00:00:00+00:00,-0.000867617772268181,1.0428192721275389,1.0395616415763909,0.012206260141337378,1,2021
2021-06-28 00:00:00+00:00,7.181230799990779e-05,1.0428941593862973,1.0395629574798877,0.012134838273688657,1,2021
2021-06-29 00:00:00+00:00,-0.000498260693441277,1.0423745262192556,1.03956588679849,0.01264220691786111,1,2021
2021-06-30 00:00:00+00:00,0.00031344934221499976,1.0427012578288408,1.0395697433102946,0.012328592923497467,1,2021
2021-07-01 00:00:00+00:00,0.0005460111121833311,1.043270584302303,1.039573430130203,0.011779685807259384,1,2021
2021-07-02 00:00:00+00:00,-9.458752303648232e-05,1.043171903921877,1.0395741879554175,0.01187612305709205,1,2021
2021-07-03 00:00:00+00:00,-0.0003155944116290943,1.0428426846986307,1.0395722950272153,0.012193751159501182,1,2021
2021-07-04 00:00:00+00:00,-0.00022165189232059568,1.0426115366441746,1.039571310200088,0.012417210982261244,1,2021
2021-07-05 00:00:00+00:00,0.0005668878489948348,1.04320258045552,1.0395724914781315,0.011844741492445857,1,2021
2021-07-06 00:00:00+00:00,-0.00019000105172828352,1.0430043708680679,1.0395699767784417,0.01203461857697067,1,2021
2021-07-07 00:00:00+00:00,0.00012757855582168354,1.043137435859419,1.0395708012126794,0.01190631147291219,1,2021
2021-07-08 00:00:00+00:00,0.00034570590588778316,1.0434980546316481,1.0395668107845097,0.01155278629077451,1,2021
2021-07-09 00:00:00+00:00,-0.00034072102150783934,1.0431425129085325,1.0395609687692284,0.011891960661486638,1,2021
2021-07-10 00:00:00+00:00,0.00010893095067698866,1.0432561434141552,1.039561932243049,0.011782669839645266,1,2021
2021-07-11 00:00:00+00:00,-0.0002641212491216738,1.0429805972984028,1.0395637437882643,0.012051710635420359,1,2021
2021-07-12 00:00:00+00:00,0.0004187967814810456,1.0434173942156986,1.0395664517285876,0.011630639327368845,1,2021
2021-07-13 00:00:00+00:00,0.00012954047002455837,1.0435525589953771,1.0395688585407539,0.011501915556671669,1,2021
2021-07-14 00:00:00+00:00,-3.3076582869551174e-05,1.0435180418426808,1.039568806058047,0.011535323396274902,1,2021
2021-07-15 00:00:00+00:00,0.0003301025106163813,1.0438625097681666,1.039569588712891,0.011202273002848111,1,2021
2021-07-16 00:00:00+00:00,0.0001694817574346974,1.0440394254208423,1.0395690876423291,0.011030441770895369,1,2021
2021-07-17 00:00:00+00:00,-3.907507227396412e-05,1.0439986295048371,1.0395700148202103,0.01107083750482675,1,2021
2021-07-18 00:00:00+00:00,-9.328792983009926e-05,1.043901237033945,1.0395718293715885,0.011166905250444845,1,2021
2021-07-19 00:00:00+00:00,0.00033101985186556604,1.0442467890667904,1.039571200821229,0.010831697774894494,1,2021
2021-07-20 00:00:00+00:00,0.00036323998944287617,1.0446261012594267,1.039566044061126,0.010459720138777719,1,2021
2021-07-21 00:00:00+00:00,-0.0008340812545285514,1.043754798210375,1.0395549266266626,0.011292577819650575,1,2021
2021-07-22 00:00:00+00:00,-5.3606085546276105e-05,1.0436988466013728,1.0395533251270315,0.011345257716202033,1,2021
2021-07-23 00:00:00+00:00,-0.0004824847596744952,1.0431952778141977,1.0395511490340643,0.0118313659479597,1,2021
2021-07-24 00:00:00+00:00,-0.0002132491861616126,1.0429728172701962,1.0395472264965095,0.012043423266127127,1,2021
2021-07-25 00:00:00+00:00,-0.00040787263624164627,1.0425474171976878,1.0395404004281545,0.01244982902791305,1,2021
2021-07-26 00:00:00+00:00,-2.490318491354948e-05,1.0425214544465762,1.0425214544465762,0.0,0,2021
2021-07-27 00:00:00+00:00,0.0,1.0425214544465762,1.0425214544465762,0.0,0,2021
2021-07-28 00:00:00+00:00,0.0,1.0425214544465762,1.0425214544465762,0.0,0,2021
2021-07-29 00:00:00+00:00,0.0,1.0425214544465762,1.0425214544465762,0.0,0,2021
2021-07-30 00:00:00+00:00,0.0,1.0425214544465762,1.0425214544465762,0.0,0,2021
2021-07-31 00:00:00+00:00,0.0,1.0425214544465762,1.0425214544465762,0.0,0,2021
2021-08-01 00:00:00+00:00,0.0,1.0425214544465762,1.0425214544465762,0.0,0,2021
2021-08-02 00:00:00+00:00,0.0,1.0425214544465762,1.0425214544465762,0.0,0,2021
2021-08-03 00:00:00+00:00,0.0,1.0425214544465762,1.0425214544465762,0.0,0,2021
2021-08-04 00:00:00+00:00,0.0,1.0425214544465762,1.0425214544465762,0.0,0,2021
2021-08-05 00:00:00+00:00,0.001080091058612842,1.0436474725479359,1.0424471972581049,0.03193554589834149,1,2021
2021-08-06 00:00:00+00:00,0.0007301783297442022,1.0444095213162827,1.0424369667387903,0.03265168533309166,1,2021
2021-08-07 00:00:00+00:00,0.0027407860908525983,1.0472720244054605,1.0431381725506756,0.028490394411951177,1,2021
2021-08-08 00:00:00+00:00,-0.00135292165120382,1.0458551474089424,1.0431286124362227,0.02718337832947767,1,2021
2021-08-09 00:00:00+00:00,0.0013341953472467694,1.0472505224805095,1.043115067114532,0.02849251053361223,1,2021
2021-08-10 00:00:00+00:00,-0.00019379716647627276,1.047047568296662,1.043095573475967,0.028322816360738537,1,2021
2021-08-11 00:00:00+00:00,0.002210503957289278,1.049362071089852,1.0437056200699892,0.058287815303902826,2,2021
2021-08-12 00:00:00+00:00,-0.0026069948629513506,1.0466263895611447,1.043591603142675,0.02745786641940959,1,2021
2021-08-13 00:00:00+00:00,0.0024811748561568425,1.049223252642714,1.0435721019028823,0.029883527493302767,1,2021
2021-08-14 00:00:00+00:00,-0.001287105680232048,1.0478727914344061,1.0433790734911876,0.0859398852204648,3,2021
2021-08-15 00:00:00+00:00,0.005475350077168484,1.0536102618038492,1.0440525324997274,0.08567481980396523,3,2021
2021-08-16 00:00:00+00:00,0.0014723046660527483,1.0551614971085042,1.0461329364731686,0.0781523839646236,3,2021
2021-08-17 00:00:00+00:00,0.00013553535366672698,1.0553045087951902,1.0533681524424667,0.059931193328622914,2,2021
2021-08-18 00:00:00+00:00,-0.0004961192215828802,1.0547809519437539,1.0533556197858378,0.059476457388386646,2,2021
2021-08-19 00:00:00+00:00,0.004431953643746489,1.0594556922270755,1.0533466020161868,0.06363493338132656,2,2021
2021-08-20 00:00:00+00:00,0.0027553490872800346,1.062374862501667,1.0540278131819034,0.05886355326169069,2,2021
2021-08-21 00:00:00+00:00,-0.0013906360910822535,1.0608974856756135,1.0538807263128371,0.090687200429623,3,2021
2021-08-22 00:00:00+00:00,0.0003520492525248553,1.061270973842451,1.0538142856820578,0.0910698154368937,3,2021
2021-08-23 00:00:00+00:00,0.003979595780406742,1.0654944033318225,1.0580275503333165,0.07164690407771561,3,2021
2021-08-24 00:00:00+00:00,-0.0031985645662054862,1.062086350687835,1.057945148755432,0.06874556310555092,3,2021
2021-08-25 00:00:00+00:00,0.002388225419236889,1.0646228523079724,1.0579070860253141,0.07100006207000344,3,2021
2021-08-26 00:00:00+00:00,-0.003231170858113086,1.0611828739727136,1.0578733897581776,0.06802032740753025,3,2021
2021-08-27 00:00:00+00:00,0.003162887476167997,1.0645392759947259,1.0578571511118187,0.07097403440061836,3,2021
2021-08-28 00:00:00+00:00,0.000999558914513532,1.0656033457178962,1.057768366289002,0.08973492571848093,4,2021
2021-08-29 00:00:00+00:00,-0.0009234814377402367,1.0646192808081318,1.05772047585551,0.08893851943505439,4,2021
2021-08-30 00:00:00+00:00,0.001024615095936543,1.065710105794673,1.0583984242317068,0.08568528312201522,4,2021
2021-08-31 00:00:00+00:00,0.001342246474479003,1.0671405514269925,1.062338156844537,0.06121883754660627,3,2021
2021-09-01 00:00:00+00:00,0.003541101471393082,1.070919404403834,1.0622777722190344,0.06458781246760023,3,2021
2021-09-02 00:00:00+00:00,0.0017089898284423644,1.0727495947730417,1.0621600675032397,0.06629341748630271,3,2021
2021-09-03 00:00:00+00:00,0.0031183615135090825,1.0760948158230144,1.0693176425332171,0.0476159663399661,2,2021
2021-09-04 00:00:00+00:00,-0.0014235627123160288,1.0745629273682922,1.0691121729048552,0.08000733297706157,3,2021
2021-09-05 00:00:00+00:00,0.0019422985853241315,1.0766500494219613,1.0689845666009856,0.08190929108269343,3,2021
2021-09-06 00:00:00+00:00,0.001754952441868074,1.0785395190552318,1.0762882669496225,0.06797733658855536,2,2021
2021-09-07 00:00:00+00:00,-0.012776389351992212,1.0647596782282718,1.0647596782282718,0.0,0,2021
2021-09-08 00:00:00+00:00,0.0017917697707885427,1.0666674824328757,1.0647014229161855,0.020066246102060283,1,2021
2021-09-09 00:00:00+00:00,5.2145208012888133e-05,1.0667231040306278,1.0654267853076214,0.01579292771971418,1,2021
2021-09-10 00:00:00+00:00,-0.0012537711649068806,1.0653856773618542,1.0653856773618542,0.0,0,2021
2021-09-11 00:00:00+00:00,0.0,1.0653856773618542,1.0653856773618542,0.0,0,2021
2021-09-12 00:00:00+00:00,0.0,1.0653856773618542,1.0653856773618542,0.0,0,2021
2021-09-13 00:00:00+00:00,0.0,1.0653856773618542,1.0653856773618542,0.0,0,2021
2021-09-14 00:00:00+00:00,0.0,1.0653856773618542,1.0653856773618542,0.0,0,2021
2021-09-15 00:00:00+00:00,0.0,1.0653856773618542,1.0653856773618542,0.0,0,2021
2021-09-16 00:00:00+00:00,0.0,1.0653856773618542,1.0653856773618542,0.0,0,2021
2021-09-17 00:00:00+00:00,0.0,1.0653856773618542,1.0653856773618542,0.0,0,2021
2021-09-18 00:00:00+00:00,0.0,1.0653856773618542,1.0653856773618542,0.0,0,2021
2021-09-19 00:00:00+00:00,0.0,1.0653856773618542,1.0653856773618542,0.0,0,2021
2021-09-20 00:00:00+00:00,0.0,1.0653856773618542,1.0653856773618542,0.0,0,2021
2021-09-21 00:00:00+00:00,0.0,1.0653856773618542,1.0653856773618542,0.0,0,2021
2021-09-22 00:00:00+00:00,0.0,1.0653856773618542,1.0653856773618542,0.0,0,2021
2021-09-23 00:00:00+00:00,0.0,1.0653856773618542,1.0653856773618542,0.0,0,2021
2021-09-24 00:00:00+00:00,0.0,1.0653856773618542,1.0653856773618542,0.0,0,2021
2021-09-25 00:00:00+00:00,0.0,1.0653856773618542,1.0653856773618542,0.0,0,2021
2021-09-26 00:00:00+00:00,0.0,1.0653856773618542,1.0653856773618542,0.0,0,2021
2021-09-27 00:00:00+00:00,0.0,1.0653856773618542,1.0653856773618542,0.0,0,2021
2021-09-28 00:00:00+00:00,0.0,1.0653856773618542,1.0653856773618542,0.0,0,2021
2021-09-29 00:00:00+00:00,0.0,1.0653856773618542,1.0653856773618542,0.0,0,2021
2021-09-30 00:00:00+00:00,0.0,1.0653856773618542,1.0653856773618542,0.0,0,2021
2021-10-01 00:00:00+00:00,0.0,1.0653856773618542,1.0653856773618542,0.0,0,2021
2021-10-02 00:00:00+00:00,0.0,1.0653856773618542,1.0653856773618542,0.0,0,2021
2021-10-03 00:00:00+00:00,0.0,1.0653856773618542,1.0653856773618542,0.0,0,2021
2021-10-04 00:00:00+00:00,0.0,1.0653856773618542,1.0653856773618542,0.0,0,2021
2021-10-05 00:00:00+00:00,0.0,1.0653856773618542,1.0653856773618542,0.0,0,2021
2021-10-06 00:00:00+00:00,0.0,1.0653856773618542,1.0653856773618542,0.0,0,2021
2021-10-07 00:00:00+00:00,-0.001024467796879036,1.0642942240441409,1.0652876040677328,0.03321032175743986,1,2021
2021-10-08 00:00:00+00:00,7.537877246943658e-05,1.0643744492362956,1.0652627350837938,0.033306556566273224,1,2021
2021-10-09 00:00:00+00:00,0.0005961794404070186,1.0650090073998248,1.0652498419257301,0.03389464208468005,1,2021
2021-10-10 00:00:00+00:00,-0.00017461760742698562,1.0648230380750645,1.0652351456982763,0.0337397151834898,1,2021
2021-10-11 00:00:00+00:00,0.0017164447846944597,1.066650748025391,1.0652238159385556,0.03540602751690861,1,2021
2021-10-12 00:00:00+00:00,-0.0009266978387366676,1.065662285082509,1.0652127794067583,0.03452166773602693,1,2021
2021-10-13 00:00:00+00:00,0.0008410362583999298,1.0665585457034727,1.065201470604134,0.03534359074790236,1,2021
2021-10-14 00:00:00+00:00,-2.721537360095283e-05,1.0665295189141841,1.0651825979049798,0.03533503197947522,1,2021
2021-10-15 00:00:00+00:00,0.0025404399325599236,1.0692389730932876,1.0658893686370792,0.03032133338851468,1,2021
2021-10-16 00:00:00+00:00,-0.00041742184240511904,1.0687926493911677,1.0658511894417497,0.029952121102816254,1,2021
2021-10-17 00:00:00+00:00,0.000282520867576741,1.0690946056177333,1.0658137704922774,0.0302611030627254,1,2021
2021-10-18 00:00:00+00:00,0.00020772142162650553,1.0693166794690654,1.0657907432608147,0.03048403130060771,1,2021
2021-10-19 00:00:00+00:00,0.001108687868774716,1.0705022178994712,1.0657789239930804,0.031568772357751865,1,2021
2021-10-20 00:00:00+00:00,0.000919935452871945,1.071487010842095,1.0679610621546909,0.02024795008452304,1,2021
2021-10-21 00:00:00+00:00,-0.002211449738421134,1.0691174711722466,1.0677837305813929,0.05261069797372927,2,2021
2021-10-22 00:00:00+00:00,-0.0011478751425053613,1.0678902578026699,1.069554178010592,0.03284971324988463,1,2021
2021-10-23 00:00:00+00:00,0.0015888398749719368,1.069586964426361,1.0695307562716998,0.0344058205061268,1,2021
2021-10-24 00:00:00+00:00,-0.0007438427939543413,1.0687913598703649,1.069493035295586,0.03372232868558703,1,2021
2021-10-25 00:00:00+00:00,0.0011116210473938182,1.0699794508412694,1.0694499294344846,0.03483555720305085,1,2021
2021-10-26 00:00:00+00:00,-0.0007892951915111635,1.0691349212057046,1.069406167465404,0.034114087919094656,1,2021
2021-10-27 00:00:00+00:00,-0.0017650304637086833,1.0672478654999618,1.0693705395478896,0.032439638466682554,1,2021
2021-10-28 00:00:00+00:00,0.0030069768914755546,1.0704570551689967,1.069355569463132,0.03535433250890685,1,2021
2021-10-29 00:00:00+00:00,0.0010549981303578093,1.0715863853608283,1.0693151170704367,0.03640870935135997,1,2021
2021-10-30 00:00:00+00:00,-0.001018228205928673,1.0704952658781648,1.0691911734176809,0.06724378153050098,2,2021
2021-10-31 00:00:00+00:00,-0.0005830677869349543,1.069871094572565,1.069173968969416,0.06671568499504937,2,2021
2021-11-01 00:00:00+00:00,0.0018640433461467598,1.0718653806676377,1.0691622112489096,0.0684631000029897,2,2021
2021-11-02 00:00:00+00:00,0.0023723069601144786,1.0744081743705014,1.069848852229791,0.0631888506584879,2,2021
2021-11-03 00:00:00+00:00,0.0031230371131341084,1.077763590973715,1.0697465764423932,0.08908461668028114,3,2021
2021-11-04 00:00:00+00:00,-0.0006890666548036162,1.0770209400214137,1.0697039077794688,0.0884961197528664,3,2021
2021-11-05 00:00:00+00:00,0.001068347884799925,1.078171573064571,1.0703920034746508,0.08253552957791627,3,2021
2021-11-06 00:00:00+00:00,0.0039508757986710386,1.0824312950394068,1.071113924196655,0.0809219893693526,3,2021
2021-11-07 00:00:00+00:00,0.00041996400003263545,1.082885877215832,1.0733293349851547,0.069860353911059,3,2021
2021-11-08 00:00:00+00:00,0.0012432952055976276,1.0842322240351838,1.073270196605559,0.07106990008077156,3,2021
2021-11-09 00:00:00+00:00,-0.002310917690253489,1.081726652608318,1.0730937656721404,0.10762544074576644,4,2021
2021-11-10 00:00:00+00:00,-0.004909204445689097,1.076416235316313,1.0747690138404802,0.06757278334997781,2,2021
2021-11-11 00:00:00+00:00,0.0004988917380450708,1.0769532504828099,1.0747326922191613,0.06807145790068238,2,2021
2021-11-12 00:00:00+00:00,-0.0007908761586208346,1.0761015138330539,1.074687036144814,0.06737626175952331,2,2021
2021-11-13 00:00:00+00:00,-2.0855436047351184e-05,1.0760790712667516,1.0746497783458633,0.06739143474197984,2,2021
2021-11-14 00:00:00+00:00,0.0005328529335659749,1.076652463156625,1.0746250042635437,0.06791112358235506,2,2021
2021-11-15 00:00:00+00:00,-0.001551236656981092,1.0749823203889475,1.0745758909770238,0.06650867427628987,2,2021
2021-11-16 00:00:00+00:00,-0.004062597342940677,1.0706151000704272,1.0706151000704272,0.0,0,2021
2021-11-17 00:00:00+00:00,0.0,1.0706151000704272,1.0706151000704272,0.0,0,2021
2021-11-18 00:00:00+00:00,0.0,1.0706151000704272,1.0706151000704272,0.0,0,2021
2021-11-19 00:00:00+00:00,0.0,1.0706151000704272,1.0706151000704272,0.0,0,2021
2021-11-20 00:00:00+00:00,0.0,1.0706151000704272,1.0706151000704272,0.0,0,2021
2021-11-21 00:00:00+00:00,0.0,1.0706151000704272,1.0706151000704272,0.0,0,2021
2021-11-22 00:00:00+00:00,0.0,1.0706151000704272,1.0706151000704272,0.0,0,2021
2021-11-23 00:00:00+00:00,0.0,1.0706151000704272,1.0706151000704272,0.0,0,2021
2021-11-24 00:00:00+00:00,0.0,1.0706151000704272,1.0706151000704272,0.0,0,2021
2021-11-25 00:00:00+00:00,0.0,1.0706151000704272,1.0706151000704272,0.0,0,2021
2021-11-26 00:00:00+00:00,0.0,1.0706151000704272,1.0706151000704272,0.0,0,2021
2021-11-27 00:00:00+00:00,0.0,1.0706151000704272,1.0706151000704272,0.0,0,2021
2021-11-28 00:00:00+00:00,0.0,1.0706151000704272,1.0706151000704272,0.0,0,2021
2021-11-29 00:00:00+00:00,0.0,1.0706151000704272,1.0706151000704272,0.0,0,2021
2021-11-30 00:00:00+00:00,0.0,1.0706151000704272,1.0706151000704272,0.0,0,2021
2021-12-01 00:00:00+00:00,0.0,1.0706151000704272,1.0706151000704272,0.0,0,2021
2021-12-02 00:00:00+00:00,0.0,1.0706151000704272,1.0706151000704272,0.0,0,2021
2021-12-03 00:00:00+00:00,0.0,1.0706151000704272,1.0706151000704272,0.0,0,2021
2021-12-04 00:00:00+00:00,0.0,1.0706151000704272,1.0706151000704272,0.0,0,2021
2021-12-05 00:00:00+00:00,-0.00015316608801574372,1.0704511181437788,1.0705724088000512,0.023220564934680537,1,2021
2021-12-06 00:00:00+00:00,-0.00048579026044348605,1.0699311034163037,1.0705800240329488,0.02372499460720408,1,2021
2021-12-07 00:00:00+00:00,-6.603659184301058e-05,1.0698604488127272,1.0705861287855125,0.02379830850184897,1,2021
2021-12-08 00:00:00+00:00,6.433459706078892e-05,1.069929277853613,1.070593748683474,0.023739568958054857,1,2021
2021-12-09 00:00:00+00:00,0.001378629535339515,1.0714043139567864,1.0706009282244668,0.022336855468954454,1,2021
2021-12-10 00:00:00+00:00,0.00019618892093520302,1.071614511613027,1.070608046841748,0.02214296653653057,1,2021
2021-12-11 00:00:00+00:00,-0.0010475672752686682,1.070491923318958,1.0706155044728067,0.023221819477874325,1,2021
2021-12-12 00:00:00+00:00,-0.0003107658379234435,1.0701592509994176,1.0706230641734715,0.023546964802207995,1,2021
2021-12-13 00:00:00+00:00,0.0015951758823560258,1.071866343226892,1.0706301138613745,0.021923404746271618,1,2021
2021-12-14 00:00:00+00:00,-0.0007679989452585856,1.0710431510058356,1.0706345765788257,0.022713010761640274,1,2021
2021-12-15 00:00:00+00:00,-0.00024994389705690345,1.070775450306757,1.0706419570875725,0.022975588220438027,1,2021
2021-12-16 00:00:00+00:00,0.0005924923119489112,1.0714098765288875,1.0706491494261543,0.022376554915589233,1,2021
2021-12-17 00:00:00+00:00,0.0007097390604013931,1.07217029796796,1.0706548796011615,0.021656793439620237,1,2021
2021-12-18 00:00:00+00:00,-0.00031840093149526627,1.0718289179463654,1.070661182009471,0.021988073572644123,1,2021
2021-12-19 00:00:00+00:00,7.514622305704322e-05,1.0719094618413123,1.0706675439873086,0.021917215981680536,1,2021
2021-12-20 00:00:00+00:00,-0.00010117839844248078,1.071801007758688,1.0706746266296825,0.022027230560597362,1,2021
2021-12-21 00:00:00+00:00,-0.0009218673652801046,1.0708129493875609,1.07068180707468,0.022976979072934972,1,2021
2021-12-22 00:00:00+00:00,0.00015045157821180766,1.0709740548857658,1.0706891421575742,0.02282994270706495,1,2021
2021-12-23 00:00:00+00:00,-0.001051099170897185,1.069848354944623,1.0706952148243472,0.02391184582700514,1,2021
2021-12-24 00:00:00+00:00,1.1581187496112477e-05,1.069860745059014,1.0707028880239493,0.023907159997267675,1,2021
2021-12-25 00:00:00+00:00,0.00019763899029356935,1.0700721912564222,1.070710500073307,0.02371194959199837,1,2021
2021-12-26 00:00:00+00:00,-0.00016317737168458635,1.0698975796887402,1.070718166806155,0.02388618933677389,1,2021
2021-12-27 00:00:00+00:00,3.445241708655011e-05,1.0699344402463955,1.0707258247782272,0.023858072619795178,1,2021
2021-12-28 00:00:00+00:00,0.0015055805817534296,1.0715453127633796,1.0707330016416032,0.022325586827976706,1,2021
2021-12-29 00:00:00+00:00,0.0005165018865487259,1.0720987679389444,1.0707400145723058,0.0218043676332994,1,2021
2021-12-30 00:00:00+00:00,-0.0003025564966779859,1.071774397491624,1.0707471269478552,0.022120250823031155,1,2021
2021-12-31 00:00:00+00:00,0.0003756836330990332,1.0721770455911364,1.0721770455911364,0.0,0,2021
2022-01-01 00:00:00+00:00,0.0,1.0,1.0,0.0,0,2022
2022-01-02 00:00:00+00:00,0.0,1.0,1.0,0.0,0,2022
2022-01-03 00:00:00+00:00,0.0,1.0,1.0,0.0,0,2022
2022-01-04 00:00:00+00:00,0.0,1.0,1.0,0.0,0,2022
2022-01-05 00:00:00+00:00,0.0,1.0,1.0,0.0,0,2022
2022-01-06 00:00:00+00:00,4.4143338020274925e-05,1.0000441433380203,0.9999293110060079,0.035228109577676,1,2022
2022-01-07 00:00:00+00:00,0.0018163585262502835,1.0018605820443989,0.9999293110060079,0.03335117336332683,1,2022
2022-01-08 00:00:00+00:00,0.001514977041360055,1.0033783778248397,1.0005343280060408,0.07352828572264791,3,2022
2022-01-09 00:00:00+00:00,-0.0009351641433390512,1.0024400543436962,1.0005354742491233,0.07453429404890936,3,2022
2022-01-10 00:00:00+00:00,0.002154454609680778,1.0045997659397057,1.0005246095307951,0.0722134206299171,3,2022
2022-01-11 00:00:00+00:00,-0.0042870725847770075,1.0002929738244721,1.0005286333901087,0.07683389111813742,3,2022
2022-01-12 00:00:00+00:00,-0.003646792028452417,0.996645113381412,1.00038860384983,0.05226397445154049,2,2022
2022-01-13 00:00:00+00:00,0.0019523907732450496,0.9985909541049777,1.0003968227323041,0.050221777691624454,2,2022
2022-01-14 00:00:00+00:00,-0.000571770343770095,0.9980199894118633,1.0004087325802202,0.05083454037113571,2,2022
2022-01-15 00:00:00+00:00,-0.0003601953519929424,0.9976605072504812,1.00042395669398,0.05122844228740034,2,2022
2022-01-16 00:00:00+00:00,-0.00022933996821894453,0.9974317038214551,1.0004365714908177,0.05148223356769829,2,2022
2022-01-17 00:00:00+00:00,0.002425591467948518,0.9998510656521057,1.0004429988641526,0.0489443669840276,2,2022
2022-01-18 00:00:00+00:00,0.00023664813346102598,1.0000876785405313,1.0004551404664905,0.048708335524789606,2,2022
2022-01-19 00:00:00+00:00,0.0015659139128207933,1.0016537297503985,1.0004660840588255,0.04707964157911043,2,2022
2022-01-20 00:00:00+00:00,0.0018831076448977413,1.0035399515464318,1.0004796695174993,0.04512512150202435,2,2022
2022-01-21 00:00:00+00:00,0.005618744273036214,1.0091785859019464,1.0018702081893487,0.03108244481728509,2,2022
2022-01-22 00:00:00+00:00,0.005853086980368127,1.0150853959439554,1.0059576388545284,0.06563386173674814,4,2022
2022-01-23 00:00:00+00:00,-0.003324337305439573,1.011710909694012,1.005952211447412,0.06918283938677099,4,2022
2022-01-24 00:00:00+00:00,0.001399292772981564,1.0131265894582935,1.005954689387236,0.0676912759573472,4,2022
2022-01-25 00:00:00+00:00,-0.0012907621054373264,1.0118188840486098,1.0059526872132958,0.06906921375380588,4,2022
2022-01-26 00:00:00+00:00,0.0008308017683271718,1.0126595049667042,1.005938181014715,0.06816744160030892,4,2022
2022-01-27 00:00:00+00:00,-0.000763364680523515,1.0118864764672162,1.005911853550908,0.06895744762308549,4,2022
2022-01-28 00:00:00+00:00,-0.0009331933926264302,1.010942190693289,1.005900098598338,0.06994429570138141,4,2022
2022-01-29 00:00:00+00:00,-0.0011433902719982791,1.0097862892268976,1.0059011012877876,0.07117005295617221,4,2022
2022-01-30 00:00:00+00:00,0.001129555807593663,1.0109268991943223,1.0059037287274943,0.06996407080209784,4,2022
2022-01-31 00:00:00+00:00,-0.0011634672830259651,1.0097507188215789,1.0058923257090506,0.07119909613847972,4,2022
2022-02-01 00:00:00+00:00,-0.0022349447778433618,1.007493981725625,1.009351599263941,0.05303930146291742,2,2022
2022-02-02 00:00:00+00:00,0.0024114447566616626,1.0099234978052254,1.0093537291199544,0.05050817305081756,2,2022
2022-02-03 00:00:00+00:00,-0.0006182658556195264,1.0092990965897446,1.0093467610586928,0.05115116433165466,2,2022
2022-02-04 00:00:00+00:00,-0.004406026407406727,1.0048520981171984,1.0057466735586365,0.02262927191007063,1,2022
2022-02-05 00:00:00+00:00,-0.0008037672851677335,1.0040444308742997,1.0057384868502883,0.023443735325291145,1,2022
2022-02-06 00:00:00+00:00,-0.00036056790321659093,1.003682404679123,1.0057334936288747,0.023807914490293434,1,2022
2022-02-07 00:00:00+00:00,-0.0007734956943638016,1.002906060660595,1.0057264503241485,0.024593415622165316,1,2022
2022-02-08 00:00:00+00:00,0.0014296029343878747,1.004339818107831,1.0057246732787903,0.023128975540354865,1,2022
2022-02-09 00:00:00+00:00,-0.0008294771587865624,1.0035067411690506,1.0057246732787903,0.02397834218629053,1,2022
2022-02-10 00:00:00+00:00,0.00046299560068208123,1.0039713603754667,1.0057217899788917,0.023501592227553048,1,2022
2022-02-11 00:00:00+00:00,0.0008200628334411597,1.00479467997395,1.005716588083236,0.022657767282503103,1,2022
2022-02-12 00:00:00+00:00,-0.00020685038038348313,1.00458683781219,1.005716588083236,0.022869348196260145,1,2022
2022-02-13 00:00:00+00:00,0.00031969246970442455,1.0049079966594028,1.005716588083236,0.02254244907533774,1,2022
2022-02-14 00:00:00+00:00,-0.0003099572581622967,1.0045965181320529,1.005716588083236,0.02285949179890094,1,2022
2022-02-15 00:00:00+00:00,-0.0016318896300190344,1.00295712749176,1.005716588083236,0.02453141398901831,1,2022
2022-02-16 00:00:00+00:00,0.00028923553892012954,1.0032472183370438,1.005716269332636,0.024234851059098582,1,2022
2022-02-17 00:00:00+00:00,0.001413506855002744,1.0046653151574256,1.0057107897026072,0.022783677425806077,1,2022
2022-02-18 00:00:00+00:00,0.00016657354319837836,1.0048326658187,1.0057021863146107,0.02260477508826338,1,2022
2022-02-19 00:00:00+00:00,-3.823197691377178e-05,1.0047942490794182,1.005694518826658,0.022636241881697883,1,2022
2022-02-20 00:00:00+00:00,0.0010675690788433112,1.005866936350335,1.0056784548283006,0.021529701008766472,1,2022
2022-02-21 00:00:00+00:00,0.001347880198593998,1.007222724476262,1.005669887284154,0.02014614864324513,1,2022
2022-02-22 00:00:00+00:00,-0.0010005220122641934,1.0062149759691708,1.0056637671675717,0.02116176723980147,1,2022
2022-02-23 00:00:00+00:00,0.0004815502165145258,1.006699519008709,1.00566258592223,0.020669089869309765,1,2022
2022-02-24 00:00:00+00:00,0.00025585946705475315,1.0069570926111266,1.0056576520271918,0.0204031090133653,1,2022
2022-02-25 00:00:00+00:00,-0.0007922987173478724,1.0061592817982266,1.0056496414289795,0.021204252580052697,1,2022
2022-02-26 00:00:00+00:00,6.907967009373017e-05,1.0062287869494748,1.0056491066188675,0.02113318150052247,1,2022
2022-02-27 00:00:00+00:00,0.0007615603258395165,1.006995090872333,1.0056489569808247,0.0203559701636634,1,2022
2022-02-28 00:00:00+00:00,-0.0020087569611655365,1.0049722824736838,1.005648766002919,0.022409552818772275,1,2022
2022-03-01 00:00:00+00:00,-0.0007399968642557431,1.0042286061359893,1.005648766002919,0.023166692963175993,1,2022
2022-03-02 00:00:00+00:00,-2.8452940506018543e-05,1.0042000328792045,1.0056424005387605,0.023189467051748493,1,2022
2022-03-03 00:00:00+00:00,0.00037441155837458773,1.0045760169784346,1.0056368661492805,0.02280100729061973,1,2022
2022-03-04 00:00:00+00:00,0.0015851412682614807,1.006168411880053,1.0056234668148356,0.021168971913205905,1,2022
2022-03-05 00:00:00+00:00,-0.0006087412379945922,1.005555915675374,1.0055991923994665,0.02176683792432641,1,2022
2022-03-06 00:00:00+00:00,0.0005272183379596562,1.0060860631939619,1.0055747145329743,0.021204097776236396,1,2022
2022-03-07 00:00:00+00:00,-0.00033420304955267266,1.00574982616353,1.0055510948910527,0.021522016788560895,1,2022
2022-03-08 00:00:00+00:00,-6.754192203617393e-05,1.0056818958871834,1.0055321356446,0.021572164878775463,1,2022
2022-03-09 00:00:00+00:00,-0.0006863069898060958,1.0049916893725146,1.005523537534388,0.022265203100441076,1,2022
2022-03-10 00:00:00+00:00,0.0012000743321494145,1.006197754102954,1.0055229788654594,0.02103932412136978,1,2022
2022-03-11 00:00:00+00:00,-7.2938395654365e-06,1.0061904150579646,1.0055173481122104,0.021041175361710466,1,2022
2022-03-12 00:00:00+00:00,-1.8675599433470857e-05,1.0061716238488192,1.0055173481122104,0.021060244273829964,1,2022
2022-03-13 00:00:00+00:00,0.000624312073447264,1.006799788941548,1.0055151535526976,0.020421002023674553,1,2022
2022-03-14 00:00:00+00:00,-0.0006968368421227389,1.0060982137559722,1.005508853105502,0.021126302556925543,1,2022
2022-03-15 00:00:00+00:00,9.496900085514959e-05,1.0061937618980947,1.005504181465516,0.021024693537927772,1,2022
2022-03-16 00:00:00+00:00,-0.0007775814627091204,1.0054113642809492,1.005504181465516,0.02181924123815423,1,2022
2022-03-17 00:00:00+00:00,-0.0003675713838694472,1.0050418038344224,1.005504181465516,0.02219497085817674,1,2022
2022-03-18 00:00:00+00:00,-0.0002935030981310316,1.0047468209512458,1.0055030247617038,0.022493925091817548,1,2022
2022-03-19 00:00:00+00:00,-0.00015925404260030973,1.0045868109582194,1.0055030247617038,0.02265678731939067,1,2022
2022-03-20 00:00:00+00:00,0.0005084470797702689,1.005097590188627,1.0055030247617038,0.02213708470354835,1,2022
2022-03-21 00:00:00+00:00,-0.00028723708718580987,1.0048088888844837,1.0055030247617038,0.022430764738260948,1,2022
2022-03-22 00:00:00+00:00,-0.00046696521422739945,1.0043396780864282,1.0055030247617038,0.022908427391192494,1,2022
2022-03-23 00:00:00+00:00,-0.00024436411844086514,1.0040942535063775,1.0055030247617038,0.02315845060399968,1,2022
2022-03-24 00:00:00+00:00,-0.0003243861726293096,1.0037685392145235,1.0055030247617038,0.023490456755989313,1,2022
2022-03-25 00:00:00+00:00,-4.7549340812635954e-05,1.0037208106821554,1.0037208106821554,0.0,0,2022
2022-03-26 00:00:00+00:00,0.0,1.0037208106821554,1.0037208106821554,0.0,0,2022
2022-03-27 00:00:00+00:00,0.0,1.0037208106821554,1.0037208106821554,0.0,0,2022
2022-03-28 00:00:00+00:00,0.0005596388048945133,1.0042825317970934,1.0035282108931032,0.08403508700708444,2,2022
2022-03-29 00:00:00+00:00,0.0010538047560633146,1.0053408495055325,1.0035034743225728,0.08502392423452698,2,2022
2022-03-30 00:00:00+00:00,-0.0005284701047693074,1.0048095569214655,1.0034779826555824,0.08456550071189058,2,2022
2022-03-31 00:00:00+00:00,-0.002710748884459102,1.0020857705359467,1.003453300719927,0.08210187318326156,2,2022
2022-04-01 00:00:00+00:00,0.002812086614742082,1.0049037225180943,1.003429107847606,0.08469991880662919,2,2022
2022-04-02 00:00:00+00:00,-0.0005923540605998756,1.0043084637175488,1.0034037442370514,0.08418267053412838,2,2022
2022-04-03 00:00:00+00:00,0.0016015510746105743,1.005916915016856,1.004062744316065,0.07684887531176318,2,2022
2022-04-04 00:00:00+00:00,-0.0009635394668635611,1.0049476743688517,1.0039741659521955,0.1055257313952352,3,2022
2022-04-05 00:00:00+00:00,-0.0032890214118406202,1.001642379950073,1.0039440201298602,0.10260417471592335,3,2022
2022-04-06 00:00:00+00:00,-0.0046862711090952525,0.9969484122032677,1.0002861604119537,0.03946715752315305,1,2022
2022-04-07 00:00:00+00:00,-0.00026329553009096784,0.9966859201426033,0.9966859201426033,0.0,0,2022
2022-04-08 00:00:00+00:00,0.0,0.9966859201426033,0.9966859201426033,0.0,0,2022
2022-04-09 00:00:00+00:00,0.0,0.9966859201426033,0.9966859201426033,0.0,0,2022
2022-04-10 00:00:00+00:00,0.0,0.9966859201426033,0.9966859201426033,0.0,0,2022
2022-04-11 00:00:00+00:00,0.0,0.9966859201426033,0.9966859201426033,0.0,0,2022
2022-04-12 00:00:00+00:00,0.0,0.9966859201426033,0.9966859201426033,0.0,0,2022
2022-04-13 00:00:00+00:00,0.0,0.9966859201426033,0.9966859201426033,0.0,0,2022
2022-04-14 00:00:00+00:00,0.0,0.9966859201426033,0.9966859201426033,0.0,0,2022
2022-04-15 00:00:00+00:00,0.0,0.9966859201426033,0.9966859201426033,0.0,0,2022
2022-04-16 00:00:00+00:00,0.0,0.9966859201426033,0.9966859201426033,0.0,0,2022
2022-04-17 00:00:00+00:00,0.0,0.9966859201426033,0.9966859201426033,0.0,0,2022
2022-04-18 00:00:00+00:00,0.0,0.9966859201426033,0.9966859201426033,0.0,0,2022
2022-04-19 00:00:00+00:00,0.0,0.9966859201426033,0.9966859201426033,0.0,0,2022
2022-04-20 00:00:00+00:00,0.0,0.9966859201426033,0.9966859201426033,0.0,0,2022
2022-04-21 00:00:00+00:00,0.0,0.9966859201426033,0.9966859201426033,0.0,0,2022
2022-04-22 00:00:00+00:00,0.0,0.9966859201426033,0.9966859201426033,0.0,0,2022
2022-04-23 00:00:00+00:00,0.0,0.9966859201426033,0.9966859201426033,0.0,0,2022
2022-04-24 00:00:00+00:00,0.0,0.9966859201426033,0.9966859201426033,0.0,0,2022
2022-04-25 00:00:00+00:00,0.0,0.9966859201426033,0.9966859201426033,0.0,0,2022
2022-04-26 00:00:00+00:00,0.0,0.9966859201426033,0.9966859201426033,0.0,0,2022
2022-04-27 00:00:00+00:00,0.0,0.9966859201426033,0.9966859201426033,0.0,0,2022
2022-04-28 00:00:00+00:00,0.0,0.9966859201426033,0.9966859201426033,0.0,0,2022
2022-04-29 00:00:00+00:00,0.0,0.9966859201426033,0.9966859201426033,0.0,0,2022
2022-04-30 00:00:00+00:00,0.0,0.9966859201426033,0.9966859201426033,0.0,0,2022
2022-05-01 00:00:00+00:00,0.0,0.9966859201426033,0.9966859201426033,0.0,0,2022
2022-05-02 00:00:00+00:00,0.0,0.9966859201426033,0.9966859201426033,0.0,0,2022
2022-05-03 00:00:00+00:00,0.0,0.9966859201426033,0.9966859201426033,0.0,0,2022
2022-05-04 00:00:00+00:00,0.0,0.9966859201426033,0.9966859201426033,0.0,0,2022
2022-05-05 00:00:00+00:00,0.0,0.9966859201426033,0.9966859201426033,0.0,0,2022
2022-05-06 00:00:00+00:00,0.0004419459230866618,0.9971264014216082,0.9966107732615415,0.03457221127464946,1,2022
2022-05-07 00:00:00+00:00,0.0005081914331279691,0.9976331325165565,0.9966112617015653,0.034047207190154825,1,2022
2022-05-08 00:00:00+00:00,0.0013829439270782728,0.9990128031986224,0.9966169135848799,0.03262481027214919,1,2022
2022-05-09 00:00:00+00:00,0.011767116944781053,1.010768303683194,0.9978845824821255,0.06048601900536043,3,2022
2022-05-10 00:00:00+00:00,-0.004686012851846888,1.0060318304218951,0.9985161453382347,0.08660934157352809,4,2022
2022-05-11 00:00:00+00:00,0.010874863853366667,1.0169722896098865,1.0047267284512456,0.055125472046589415,4,2022
2022-05-12 00:00:00+00:00,0.002265772360633189,1.0192765173152145,1.0053228889689867,0.04853633798514241,4,2022
2022-05-13 00:00:00+00:00,-0.002118415942630736,1.0171172656909848,1.0052894525034273,0.05072941581455412,4,2022
2022-05-14 00:00:00+00:00,-0.00152217222034301,1.0155690380443188,1.005272027776808,0.05231408760329741,4,2022
2022-05-15 00:00:00+00:00,-0.002876249320008184,1.0126480082892224,1.0052638680893704,0.055341478215893344,4,2022
2022-05-16 00:00:00+00:00,0.003055989656211233,1.0157426501279372,1.005250166013761,0.05211270174597332,4,2022
2022-05-17 00:00:00+00:00,-0.0016821509652429345,1.014034017648586,1.005232614390658,0.05386818753841839,4,2022
2022-05-18 00:00:00+00:00,0.004062979747347484,1.0181540173254136,1.0052081722239392,0.04957966273323629,4,2022
2022-05-19 00:00:00+00:00,-0.0028682175721791436,1.015233730081736,1.0051912496179678,0.05258207627015284,4,2022
2022-05-20 00:00:00+00:00,0.0016200969668891396,1.016878507168525,1.0051880238391875,0.05087637726327365,4,2022
2022-05-21 00:00:00+00:00,-0.000838767971444665,1.0160255820458615,1.0051761194384492,0.05174684202112199,4,2022
2022-05-22 00:00:00+00:00,-0.0016198004684786493,1.0143798233320773,1.0068942026284293,0.038427627510368864,3,2022
2022-05-23 00:00:00+00:00,0.0015848686696802172,1.015987482133232,1.0069048908139702,0.03679498029929728,3,2022
2022-05-24 00:00:00+00:00,-0.0003806007617992435,1.0156007965235536,1.0068981290446113,0.03718307760195688,3,2022
2022-05-25 00:00:00+00:00,0.0005837251989906367,1.0161936283005994,1.0069051491155976,0.03658490910423964,3,2022
2022-05-26 00:00:00+00:00,0.002025006708139321,1.0182514272146765,1.0069062647607598,0.034491155441676254,3,2022
2022-05-27 00:00:00+00:00,0.0011072100178897148,1.0193788453956192,1.0069119038297776,0.03335255513336671,3,2022
2022-05-28 00:00:00+00:00,-0.0011172033503502599,1.018239991934267,1.0069188159134146,0.03451509955042422,3,2022
2022-05-29 00:00:00+00:00,-0.00046546448412243535,1.0177660373817086,1.0069257376871161,0.03500365477486774,3,2022
2022-05-30 00:00:00+00:00,-0.002935704853908039,1.0147781766856243,1.006935174498512,0.03806036571235783,3,2022
2022-05-31 00:00:00+00:00,0.0006416968178253324,1.015429356612402,1.0069461882622366,0.03740551926254753,3,2022
2022-06-01 00:00:00+00:00,0.002729480131610673,1.0182009508663297,1.006956754752615,0.034592026814553756,3,2022
2022-06-02 00:00:00+00:00,-0.0005338965927944583,1.017657336847882,1.0069563494135592,0.03514428872997946,3,2022
2022-06-03 00:00:00+00:00,0.0011887135954602446,1.018867039959713,1.0069597836022657,0.03391863019987966,3,2022
2022-06-04 00:00:00+00:00,-0.00041996193314153274,1.0184391545879974,1.0069643254087903,0.034357478669047425,3,2022
2022-06-05 00:00:00+00:00,1.8586107364049198e-05,1.0184580834074684,1.0069672380852568,0.03434111423560907,3,2022
2022-06-06 00:00:00+00:00,-0.0016081516963324383,1.0168202483129931,1.0069767177056004,0.036016493733336055,3,2022
2022-06-07 00:00:00+00:00,0.0008944562489456853,1.0177297495381512,1.0069772891128126,0.035091211885625806,3,2022
2022-06-08 00:00:00+00:00,0.0006888218886833553,1.0184307840663973,1.0069856796784378,0.03438694790911199,3,2022
2022-06-09 00:00:00+00:00,-6.116514062226575e-05,1.018368491604276,1.0069938843530357,0.03445827688773652,3,2022
2022-06-10 00:00:00+00:00,0.0019157605694293256,1.0203194418056405,1.0069985979205986,0.032484911553766815,3,2022
2022-06-11 00:00:00+00:00,0.001642960064205834,1.02199578590126,1.0091042945185085,0.025687726409449302,3,2022
2022-06-12 00:00:00+00:00,0.0017996671281639287,1.0238350381222685,1.0091006788614028,0.023841614471893507,3,2022
2022-06-13 00:00:00+00:00,0.003576380667486001,1.0274966619593038,1.016053474202302,0.009933662808554152,2,2022
2022-06-14 00:00:00+00:00,0.00020320235666804187,1.0277054517024824,1.0159985839406855,0.033667922775795125,3,2022
2022-06-15 00:00:00+00:00,-0.0012594566295249798,1.0264111012581367,1.0159936627988941,0.03496662988420933,3,2022
2022-06-16 00:00:00+00:00,0.0037934672226340727,1.0303047581277072,1.015991564453961,0.031053318564086305,3,2022
2022-06-17 00:00:00+00:00,-0.0002496600045635011,1.0300475322370912,1.0159860837113994,0.03130547475829067,3,2022
2022-06-18 00:00:00+00:00,0.002169365022840708,1.0322820813253897,1.0237622318931925,0.02000766847372774,2,2022
2022-06-19 00:00:00+00:00,-0.0031673529102460574,1.0290124796709088,1.0237146878230368,0.03950314086246514,3,2022
2022-06-20 00:00:00+00:00,-0.0002659195572691786,1.0287388451278903,1.023707858820286,0.03977300037586859,3,2022
2022-06-21 00:00:00+00:00,-0.0005594912795876539,1.0281632747150682,1.023705414888253,0.040352692976929144,3,2022
2022-06-22 00:00:00+00:00,0.001378372214575485,1.0295804664049824,1.0236896958769266,0.03890540619263717,3,2022
2022-06-23 00:00:00+00:00,-0.0026668766166003666,1.0268347023342184,1.0236800031384015,0.041674007986342305,3,2022
2022-06-24 00:00:00+00:00,-0.0014843538720558103,1.0253105162678473,1.0200273325812539,0.02330047631530472,2,2022
2022-06-25 00:00:00+00:00,-0.00024912970290258407,1.0250550809635466,1.0200320959706886,0.023560121346031505,2,2022
2022-06-26 00:00:00+00:00,0.0007410178807016887,1.0258146651072446,1.0200368199069738,0.02280681168075185,2,2022
2022-06-27 00:00:00+00:00,0.00036325571993778283,1.0261872981519409,1.0200390534059705,0.02243758267347566,2,2022
2022-06-28 00:00:00+00:00,0.0007813202658795149,1.026989079084575,1.020037044085845,0.02163739862531227,2,2022
2022-06-29 00:00:00+00:00,0.0002974770192940568,1.0272945847346686,1.0200402232246082,0.021336670028613218,2,2022
2022-06-30 00:00:00+00:00,0.0001907494211443872,1.0274905405820516,1.020036186720888,0.02113795929766741,2,2022
2022-07-01 00:00:00+00:00,0.0006632123087519926,1.0281719849556918,1.0200328684624893,0.020457949546669685,2,2022
2022-07-02 00:00:00+00:00,-3.563471011869268e-05,1.0281353463450558,1.0200328813473039,0.020494327097963314,2,2022
2022-07-03 00:00:00+00:00,-5.682208171320369e-05,1.0280769255543936,1.0200352813801763,0.020554651492749664,2,2022
2022-07-04 00:00:00+00:00,-0.0011916259919778627,1.0268518423681503,1.0200372390755112,0.02177412833240077,2,2022
2022-07-05 00:00:00+00:00,0.0002140049571253133,1.0270715937526504,1.0200392745339892,0.021557492196981526,2,2022
2022-07-06 00:00:00+00:00,-0.000523151248311593,1.0265342799662733,1.0200447847789347,0.022097568821697708,2,2022
2022-07-07 00:00:00+00:00,-0.0010757984092519823,1.025429936020843,1.020049642408546,0.02320306111479136,2,2022
2022-07-08 00:00:00+00:00,-0.0007275586642839782,1.0246838755862748,1.0200141253249713,0.004662502269747334,1,2022
2022-07-09 00:00:00+00:00,1.07786858360992e-05,1.0246949203318512,1.0200151383836276,0.004652662089151781,1,2022
2022-07-10 00:00:00+00:00,0.00016270137412632835,1.0248616396034493,1.0200163348210443,0.004490397724685584,1,2022
2022-07-11 00:00:00+00:00,0.00040606024019074205,1.025277795166989,1.020017429338265,0.004083747202963718,1,2022
2022-07-12 00:00:00+00:00,9.039447645231569e-05,1.0253704746165013,1.0200173156837664,0.003992880939734879,1,2022
2022-07-13 00:00:00+00:00,-0.0002801595186346928,1.0250832073179106,1.0200159514623983,0.004272907087168189,1,2022
2022-07-14 00:00:00+00:00,-0.00026737078100214084,1.0248091300201778,1.0200164915941032,0.00454201918637445,1,2022
2022-07-15 00:00:00+00:00,-2.710149621909519e-05,1.0247813561594152,1.0200175588332359,0.0045702859470152695,1,2022
2022-07-16 00:00:00+00:00,-0.00027055454849478355,1.0245040969022936,1.020018678888147,0.004843243826797926,1,2022
2022-07-17 00:00:00+00:00,0.0001225895145964273,1.024629690362235,1.020020130222452,0.004721492128053377,1,2022
2022-07-18 00:00:00+00:00,-0.0006044607264765745,1.024010341955229,1.020021492443627,0.005330504411677606,1,2022
2022-07-19 00:00:00+00:00,-1.0661008823298346e-05,1.0239994249719384,1.0239994249719384,0.0,0,2022
2022-07-20 00:00:00+00:00,0.0,1.0239994249719384,1.0239994249719384,0.0,0,2022
2022-07-21 00:00:00+00:00,0.0,1.0239994249719384,1.0239994249719384,0.0,0,2022
2022-07-22 00:00:00+00:00,0.0,1.0239994249719384,1.0239994249719384,0.0,0,2022
2022-07-23 00:00:00+00:00,0.0,1.0239994249719384,1.0239994249719384,0.0,0,2022
2022-07-24 00:00:00+00:00,0.0,1.0239994249719384,1.0239994249719384,0.0,0,2022
2022-07-25 00:00:00+00:00,0.0,1.0239994249719384,1.0239994249719384,0.0,0,2022
2022-07-26 00:00:00+00:00,0.0,1.0239994249719384,1.0239994249719384,0.0,0,2022
2022-07-27 00:00:00+00:00,0.0,1.0239994249719384,1.0239994249719384,0.0,0,2022
2022-07-28 00:00:00+00:00,0.0,1.0239994249719384,1.0239994249719384,0.0,0,2022
2022-07-29 00:00:00+00:00,0.0,1.0239994249719384,1.0239994249719384,0.0,0,2022
2022-07-30 00:00:00+00:00,0.0,1.0239994249719384,1.0239994249719384,0.0,0,2022
2022-07-31 00:00:00+00:00,0.0,1.0239994249719384,1.0239994249719384,0.0,0,2022
2022-08-01 00:00:00+00:00,0.0,1.0239994249719384,1.0239994249719384,0.0,0,2022
2022-08-02 00:00:00+00:00,0.0,1.0239994249719384,1.0239994249719384,0.0,0,2022
2022-08-03 00:00:00+00:00,0.0,1.0239994249719384,1.0239994249719384,0.0,0,2022
2022-08-04 00:00:00+00:00,0.0,1.0239994249719384,1.0239994249719384,0.0,0,2022
2022-08-05 00:00:00+00:00,0.0003469466347716388,1.0243546981264404,1.0239334373252278,0.03262061883213093,1,2022
2022-08-06 00:00:00+00:00,-5.786362542281598e-05,1.024295425249888,1.0239334373252278,0.03256463951481099,1,2022
2022-08-07 00:00:00+00:00,0.0007884375182394265,1.025103018192916,1.0239334373252278,0.03332680093283219,1,2022
2022-08-08 00:00:00+00:00,0.0001837894031677667,1.025291421264815,1.0239334373252278,0.033504432576333225,1,2022
2022-08-09 00:00:00+00:00,-2.2438082018183536e-05,1.0252684156918122,1.0239368928578287,0.03347937541418811,1,2022
2022-08-10 00:00:00+00:00,0.00045010816159685163,1.0257298973735425,1.0239368928578287,0.033914218509239785,1,2022
2022-08-11 00:00:00+00:00,-0.0002383551127269623,1.0254854094082266,1.0238823303073155,0.05994202884603755,2,2022
2022-08-12 00:00:00+00:00,0.0015772822620672144,1.027102889354495,1.0238822320414829,0.06142252627065233,2,2022
2022-08-13 00:00:00+00:00,-4.5296382088610976e-05,1.0270563653095743,1.0238780754669279,0.06138405725636188,2,2022
2022-08-14 00:00:00+00:00,-0.001338304471840246,1.0256818511830486,1.0238806075287106,0.06012375131161392,2,2022
2022-08-15 00:00:00+00:00,-0.0003261803822647291,1.0253472938847477,1.0238869238626036,0.05981092189829748,2,2022
2022-08-16 00:00:00+00:00,-0.0006700912346083721,1.024660217650686,1.0238868613038308,0.059180548042468514,2,2022
2022-08-17 00:00:00+00:00,-0.0015488497113153032,1.0230731729683815,1.0238848766417037,0.05772303954208989,2,2022
2022-08-18 00:00:00+00:00,-0.0007368997360417406,1.0223192706172697,1.0238828474557975,0.05703014872965923,2,2022
2022-08-19 00:00:00+00:00,-0.0055878800497550785,1.0166066731605072,1.0166066731605072,0.0,0,2022
2022-08-20 00:00:00+00:00,0.0,1.0166066731605072,1.0166066731605072,0.0,0,2022
2022-08-21 00:00:00+00:00,0.0,1.0166066731605072,1.0166066731605072,0.0,0,2022
2022-08-22 00:00:00+00:00,0.0,1.0166066731605072,1.0166066731605072,0.0,0,2022
2022-08-23 00:00:00+00:00,0.0,1.0166066731605072,1.0166066731605072,0.0,0,2022
2022-08-24 00:00:00+00:00,0.0,1.0166066731605072,1.0166066731605072,0.0,0,2022
2022-08-25 00:00:00+00:00,0.0,1.0166066731605072,1.0166066731605072,0.0,0,2022
2022-08-26 00:00:00+00:00,0.0,1.0166066731605072,1.0166066731605072,0.0,0,2022
2022-08-27 00:00:00+00:00,4.5482936596341617e-05,1.016652911417366,1.0165511376681062,0.01751866927289112,1,2022
2022-08-28 00:00:00+00:00,0.0006071175219959368,1.0172701392136756,1.0165351065801336,0.016885531752104513,1,2022
2022-08-29 00:00:00+00:00,-0.0011307249248029283,1.016119886512009,1.0165213274118665,0.018023090594579693,1,2022
2022-08-30 00:00:00+00:00,0.0005108497609724871,1.016638971113153,1.01652023507235,0.017502224815773855,1,2022
2022-08-31 00:00:00+00:00,6.76165470148149e-06,1.0166458452748317,1.0165214551368476,0.0174965449516097,1,2022
2022-09-01 00:00:00+00:00,-7.391680899571096e-05,1.0165706980580702,1.0165198111834404,0.01757014345307466,1,2022
2022-09-02 00:00:00+00:00,0.00021530775155853554,1.0167895736093693,1.0165238310418578,0.01735505335636971,1,2022
2022-09-03 00:00:00+00:00,5.5432911787223205e-05,1.0168459372161094,1.016517999579606,0.017292926676130117,1,2022
2022-09-04 00:00:00+00:00,-0.000581101600734657,1.0162550464142925,1.016520788981804,0.0178871657280836,1,2022
2022-09-05 00:00:00+00:00,3.5908485198632434e-06,1.0162586956322217,1.0165244381997331,0.017887101498211662,1,2022
2022-09-06 00:00:00+00:00,0.0007171410402271317,1.0169874964503474,1.0165295145786788,0.017162647583136754,1,2022
2022-09-07 00:00:00+00:00,-0.002131928608576472,1.0148193517121002,1.0164424274702195,0.057965112898574596,2,2022
2022-09-08 00:00:00+00:00,-0.0005491062437512628,1.0142621080697956,1.0164520102003243,0.05855581530013407,2,2022
2022-09-09 00:00:00+00:00,-0.0030808341021166807,1.0111373347787693,1.012822255738735,0.019381245411095212,1,2022
2022-09-10 00:00:00+00:00,-0.00020102086826545573,1.0109340750737965,1.0128281976294626,0.01959208113933906,1,2022
2022-09-11 00:00:00+00:00,3.840895726425764e-05,1.010972903997483,1.0128331019700627,0.019557772284598412,1,2022
2022-09-12 00:00:00+00:00,-0.001717337319099288,1.00923672250085,1.00923672250085,0.0,0,2022
2022-09-13 00:00:00+00:00,0.0,1.00923672250085,1.00923672250085,0.0,0,2022
2022-09-14 00:00:00+00:00,0.0,1.00923672250085,1.00923672250085,0.0,0,2022
2022-09-15 00:00:00+00:00,0.0,1.00923672250085,1.00923672250085,0.0,0,2022
2022-09-16 00:00:00+00:00,0.0,1.00923672250085,1.00923672250085,0.0,0,2022
2022-09-17 00:00:00+00:00,0.0,1.00923672250085,1.00923672250085,0.0,0,2022
2022-09-18 00:00:00+00:00,0.0,1.00923672250085,1.00923672250085,0.0,0,2022
2022-09-19 00:00:00+00:00,-0.0007242842805649241,1.0085057482073738,1.0091880775635982,0.02248788688897017,1,2022
2022-09-20 00:00:00+00:00,0.0008613974097624322,1.0093744724466103,1.0091831497361388,0.021602994449635447,1,2022
2022-09-21 00:00:00+00:00,0.0012699312672539431,1.0106563086495381,1.0091803199115996,0.020304474352731288,1,2022
2022-09-22 00:00:00+00:00,-0.0013438229388056389,1.0092981655187263,1.009167043488705,0.02166427380265777,1,2022
2022-09-23 00:00:00+00:00,-1.6984223507154894e-05,1.0092810233730978,1.009164580413104,0.02167918584580083,1,2022
2022-09-24 00:00:00+00:00,0.00016997988639722017,1.0094525808467936,1.0091641123807467,0.021505086798710132,1,2022
2022-09-25 00:00:00+00:00,0.00036193670411988066,1.0098179387868707,1.0091633182369903,0.02113471395853607,1,2022
2022-09-26 00:00:00+00:00,-0.0006719264211163534,1.0091394154332824,1.0091653099725446,0.02182327638658896,1,2022
2022-09-27 00:00:00+00:00,0.00013287635255032626,1.00927350619802,1.0091664644401788,0.02168866213575523,1,2022
2022-09-28 00:00:00+00:00,-0.00015338719302770976,1.009118696567907,1.0091640532449586,0.02184301072644667,1,2022
2022-09-29 00:00:00+00:00,3.060153197043114e-05,1.009149577145962,1.0091680496835247,0.021815701926135526,1,2022
2022-09-30 00:00:00+00:00,0.00011871472350488688,1.0092693780589879,1.0091720673700413,0.02169839254363332,1,2022
2022-10-01 00:00:00+00:00,0.0002734703262561311,1.009545383285086,1.009176427333944,0.021423383478630466,1,2022
2022-10-02 00:00:00+00:00,0.0005782461431289576,1.0101291490092843,1.0091771535913179,0.020833809655936755,1,2022
2022-10-03 00:00:00+00:00,-0.0007615879922516777,1.0093598467787754,1.0091769356702298,0.021611641078659583,1,2022
2022-10-04 00:00:00+00:00,-0.0006184570108946907,1.0087356011050195,1.0091817458738344,0.022248623505077978,1,2022
2022-10-05 00:00:00+00:00,0.00014892810241207144,1.0088858301839276,1.0091815557183028,0.022096216146330835,1,2022
2022-10-06 00:00:00+00:00,3.2247034187360413e-06,1.0088890835415134,1.0091829948088067,0.022094346610813758,1,2022
2022-10-07 00:00:00+00:00,0.00034604009145100534,1.0092381996122461,1.0091842663998978,0.021742043288117126,1,2022
2022-10-08 00:00:00+00:00,0.0002607765036217735,1.0095013852212626,1.0091890014164067,0.021480356886019052,1,2022
2022-10-09 00:00:00+00:00,-0.0001284607210121358,1.0093717039454544,1.0091891227036511,0.02161171400908891,1,2022
2022-10-10 00:00:00+00:00,0.0005421265967671118,1.0099189111921874,1.0091912251589115,0.021060253023636993,1,2022
2022-10-11 00:00:00+00:00,0.00016450736135431576,1.0100850502874494,1.0091944100835306,0.02089546184889495,1,2022
2022-10-12 00:00:00+00:00,-0.0002324689789742207,1.009850236847132,1.009196111097365,0.021134527980313855,1,2022
2022-10-13 00:00:00+00:00,0.00012053916549636945,1.009971963351958,1.0091918285066737,0.021007215804921552,1,2022
2022-10-14 00:00:00+00:00,-0.0001422114483879966,1.0098283337762184,1.0091961441648072,0.02115670902700433,1,2022
2022-10-15 00:00:00+00:00,0.00034753976099888284,1.010179289273989,1.0091971110491118,0.02080289690611788,1,2022
2022-10-16 00:00:00+00:00,-0.0005124308653542409,1.0096616422266234,1.0091970249202458,0.021326170698607812,1,2022
2022-10-17 00:00:00+00:00,-0.0004080207834330496,1.0092496792923598,1.0091992096808045,0.02174522784111426,1,2022
2022-10-18 00:00:00+00:00,0.00034249697198895923,1.0095953442514982,1.009203627495145,0.02139977883515686,1,2022
2022-10-19 00:00:00+00:00,0.0004206198422773699,1.0100200000859612,1.0092080331000552,0.020974700351112204,1,2022
2022-10-20 00:00:00+00:00,3.7150773434690976e-05,1.010057523110149,1.0092084461157464,0.02093718066355171,1,2022
2022-10-21 00:00:00+00:00,-0.00027255225111599835,1.0097822296584686,1.0092115601944762,0.02121859916231018,1,2022
2022-10-22 00:00:00+00:00,-0.00023088562502782128,1.009549085457232,1.0092111369798562,0.021454019097203153,1,2022
2022-10-23 00:00:00+00:00,-0.0008179711371096854,1.0087233034438325,1.0092141451562144,0.022293205155414837,1,2022
2022-10-24 00:00:00+00:00,0.00034242862503242044,1.009068719177669,1.00921781894514,0.021946903300954283,1,2022
2022-10-25 00:00:00+00:00,-0.0019039098915933916,1.0071475432619292,1.009217786935927,0.023896277830742683,1,2022
2022-10-26 00:00:00+00:00,-4.7628465266957853e-05,1.0070995743701463,1.0070995743701463,0.0,0,2022
2022-10-27 00:00:00+00:00,0.0,1.0070995743701463,1.0070995743701463,0.0,0,2022
2022-10-28 00:00:00+00:00,0.0,1.0070995743701463,1.0070995743701463,0.0,0,2022
2022-10-29 00:00:00+00:00,0.0,1.0070995743701463,1.0070995743701463,0.0,0,2022
2022-10-30 00:00:00+00:00,0.0017618868715918445,1.0088739698886149,1.006970986781313,0.0656145162821829,1,2022
2022-10-31 00:00:00+00:00,0.003056530168947358,1.0119576236142451,1.0097209320375162,0.03397730100815801,1,2022
2022-11-01 00:00:00+00:00,-0.0005253224631326381,1.0114260195428222,1.0114260195428222,0.0,0,2022
2022-11-02 00:00:00+00:00,0.0,1.0114260195428222,1.0114260195428222,0.0,0,2022
2022-11-03 00:00:00+00:00,0.0,1.0114260195428222,1.0114260195428222,0.0,0,2022
2022-11-04 00:00:00+00:00,0.0,1.0114260195428222,1.0114260195428222,0.0,0,2022
2022-11-05 00:00:00+00:00,-0.0008361985197615773,1.0105802666024322,1.011347605706854,0.04906941166663954,1,2022
2022-11-06 00:00:00+00:00,-0.0015793131810636352,1.0089842438668641,1.011354469100523,0.04755841658236228,1,2022
2022-11-07 00:00:00+00:00,-0.0012521480853054934,1.0077208461778029,1.0077208461778029,0.0,0,2022
2022-11-08 00:00:00+00:00,0.0,1.0077208461778029,1.0077208461778029,0.0,0,2022
2022-11-09 00:00:00+00:00,0.0,1.0077208461778029,1.0077208461778029,0.0,0,2022
2022-11-10 00:00:00+00:00,-0.007318198869817993,1.0003461446202124,1.0003461446202124,0.0,0,2022
2022-11-11 00:00:00+00:00,0.0,1.0003461446202124,1.0003461446202124,0.0,0,2022
2022-11-12 00:00:00+00:00,0.0,1.0003461446202124,1.0003461446202124,0.0,0,2022
2022-11-13 00:00:00+00:00,0.0,1.0003461446202124,1.0003461446202124,0.0,0,2022
2022-11-14 00:00:00+00:00,0.0,1.0003461446202124,1.0003461446202124,0.0,0,2022
2022-11-15 00:00:00+00:00,0.0,1.0003461446202124,1.0003461446202124,0.0,0,2022
2022-11-16 00:00:00+00:00,0.0,1.0003461446202124,1.0003461446202124,0.0,0,2022
2022-11-17 00:00:00+00:00,0.0,1.0003461446202124,1.0003461446202124,0.0,0,2022
2022-11-18 00:00:00+00:00,0.0,1.0003461446202124,1.0003461446202124,0.0,0,2022
2022-11-19 00:00:00+00:00,0.0,1.0003461446202124,1.0003461446202124,0.0,0,2022
2022-11-20 00:00:00+00:00,0.0,1.0003461446202124,1.0003461446202124,0.0,0,2022
2022-11-21 00:00:00+00:00,0.0,1.0003461446202124,1.0003461446202124,0.0,0,2022
2022-11-22 00:00:00+00:00,-0.0009169512681700409,0.9994288759542939,1.0003093478740217,0.01850950134247584,1,2022
2022-11-23 00:00:00+00:00,-0.002231087876188975,0.997199062306039,1.000290774578937,0.02076834130435548,1,2022
2022-11-24 00:00:00+00:00,-0.00015978496479285287,0.997039724888977,1.0002264920499777,0.020866997415549104,1,2022
2022-11-25 00:00:00+00:00,-0.00042825230471410514,0.9966127403289018,0.9966127403289018,0.0,0,2022
2022-11-26 00:00:00+00:00,0.0,0.9966127403289018,0.9966127403289018,0.0,0,2022
2022-11-27 00:00:00+00:00,0.0,0.9966127403289018,0.9966127403289018,0.0,0,2022
2022-11-28 00:00:00+00:00,0.0,0.9966127403289018,0.9966127403289018,0.0,0,2022
2022-11-29 00:00:00+00:00,0.0,0.9966127403289018,0.9966127403289018,0.0,0,2022
2022-11-30 00:00:00+00:00,0.0,0.9966127403289018,0.9966127403289018,0.0,0,2022
2022-12-01 00:00:00+00:00,0.0,0.9966127403289018,0.9966127403289018,0.0,0,2022
2022-12-02 00:00:00+00:00,0.0,0.9966127403289018,0.9966127403289018,0.0,0,2022
2022-12-03 00:00:00+00:00,0.0,0.9966127403289018,0.9966127403289018,0.0,0,2022
2022-12-04 00:00:00+00:00,0.0,0.9966127403289018,0.9966127403289018,0.0,0,2022
2022-12-05 00:00:00+00:00,0.0,0.9966127403289018,0.9966127403289018,0.0,0,2022
2022-12-06 00:00:00+00:00,0.0,0.9966127403289018,0.9966127403289018,0.0,0,2022
2022-12-07 00:00:00+00:00,0.0,0.9966127403289018,0.9966127403289018,0.0,0,2022
2022-12-08 00:00:00+00:00,0.0,0.9966127403289018,0.9966127403289018,0.0,0,2022
2022-12-09 00:00:00+00:00,0.0,0.9966127403289018,0.9966127403289018,0.0,0,2022
2022-12-10 00:00:00+00:00,0.0,0.9966127403289018,0.9966127403289018,0.0,0,2022
2022-12-11 00:00:00+00:00,0.0,0.9966127403289018,0.9966127403289018,0.0,0,2022
2022-12-12 00:00:00+00:00,0.0,0.9966127403289018,0.9966127403289018,0.0,0,2022
2022-12-13 00:00:00+00:00,0.0,0.9966127403289018,0.9966127403289018,0.0,0,2022
2022-12-14 00:00:00+00:00,0.0,0.9966127403289018,0.9966127403289018,0.0,0,2022
2022-12-15 00:00:00+00:00,0.0,0.9966127403289018,0.9966127403289018,0.0,0,2022
2022-12-16 00:00:00+00:00,0.0,0.9966127403289018,0.9966127403289018,0.0,0,2022
2022-12-17 00:00:00+00:00,-0.0016278064281742832,0.994990447703794,0.9964645188544051,0.03250007951039132,1,2022
2022-12-18 00:00:00+00:00,-0.0012718189940741365,0.993724999953482,0.9964069533627155,0.03375697594671143,1,2022
2022-12-19 00:00:00+00:00,0.0013604543830312288,0.9950769174851963,0.9963476684771024,0.03229292925913563,1,2022
2022-12-20 00:00:00+00:00,-0.0014714646157308886,0.9936126970111863,0.9963361170317345,0.03380252449814681,1,2022
2022-12-21 00:00:00+00:00,0.0006609114152424933,0.9942693869849709,0.9963213154287436,0.03310483696518781,1,2022
2022-12-22 00:00:00+00:00,2.596317984737695e-05,0.9942952013798819,0.9962962997839783,0.033052855802109274,1,2022
2022-12-23 00:00:00+00:00,-4.249025237623716e-05,0.9942529535258388,0.9962888303781346,0.03308923976284974,1,2022
2022-12-24 00:00:00+00:00,0.00020567470366206209,0.9944574462074204,0.9962739513095346,0.03286184113617675,1,2022
2022-12-25 00:00:00+00:00,0.0001380372545989328,0.9945947183831104,0.9962507075704575,0.032695917340135175,1,2022
2022-12-26 00:00:00+00:00,-0.00015638873680479115,0.9944391749714697,0.9962489919104687,0.032855719357373844,1,2022
2022-12-27 00:00:00+00:00,-0.0003039954382529908,0.9941368699986584,0.9962489919104687,0.033169798262986515,1,2022
2022-12-28 00:00:00+00:00,0.00027785106815536587,0.9944130919898801,0.996244311050848,0.03287810351268249,1,2022
2022-12-29 00:00:00+00:00,-0.00023117568784258857,0.9941832078593397,0.9962418244662276,0.033114433897567776,1,2022
2022-12-30 00:00:00+00:00,4.556056844329248e-05,0.9942285034114264,0.9962362899786381,0.03306180014580736,1,2022
2022-12-31 00:00:00+00:00,-0.0001160028701950866,0.994113170051401,0.994113170051401,0.0,0,2022
2023-01-01 00:00:00+00:00,0.0,1.0,1.0,0.0,0,2023
2023-01-02 00:00:00+00:00,0.0,1.0,1.0,0.0,0,2023
2023-01-03 00:00:00+00:00,0.0,1.0,1.0,0.0,0,2023
2023-01-04 00:00:00+00:00,0.0,1.0,1.0,0.0,0,2023
2023-01-05 00:00:00+00:00,0.0,1.0,1.0,0.0,0,2023
2023-01-06 00:00:00+00:00,0.0,1.0,1.0,0.0,0,2023
2023-01-07 00:00:00+00:00,0.0,1.0,1.0,0.0,0,2023
2023-01-08 00:00:00+00:00,0.0,1.0,1.0,0.0,0,2023
2023-01-09 00:00:00+00:00,0.0,1.0,1.0,0.0,0,2023
2023-01-10 00:00:00+00:00,-0.00013118543588630516,0.9998688145641137,0.9999541972121562,0.022300190854709728,1,2023
2023-01-11 00:00:00+00:00,0.00022962389023906127,1.0000984083310427,0.9999579401036179,0.022520900025734238,1,2023
2023-01-12 00:00:00+00:00,0.0015860755255032721,1.0016846399395913,0.9997903036295298,0.09926735100475877,2,2023
2023-01-13 00:00:00+00:00,0.009620324681030468,1.0113211714038113,1.0008601639767767,0.17746288405207872,3,2023
2023-01-14 00:00:00+00:00,0.012868067128933847,1.0243349201263476,1.0144501621151993,0.057261427954991756,2,2023
2023-01-15 00:00:00+00:00,-0.0014020112671322416,1.0228987910270135,1.014203266765804,0.13947516102377375,3,2023
2023-01-16 00:00:00+00:00,0.0022584184568774646,1.0252089245361866,1.0141512120583305,0.141464981756549,3,2023
2023-01-17 00:00:00+00:00,-0.0010684458254888174,1.024113544340512,1.014107657402045,0.1405892315968644,3,2023
2023-01-18 00:00:00+00:00,-0.004640377703527321,1.019361270683474,1.014065876749066,0.1366236360631359,3,2023
2023-01-19 00:00:00+00:00,0.0029612206767331006,1.0223798243552829,1.014023177720277,0.13921449990767032,3,2023
2023-01-20 00:00:00+00:00,0.01086996803080198,1.0334930603613617,1.023665533299059,0.06155872456050562,2,2023
2023-01-21 00:00:00+00:00,-0.0001819349277208948,1.0333050318761248,1.0304987349908585,0.08950984475410162,2,2023
2023-01-22 00:00:00+00:00,-0.00016483379048859437,1.0331347082909896,1.0304710304846862,0.08938655643528196,2,2023
2023-01-23 00:00:00+00:00,0.00034898390869009255,1.0334952556796924,1.0304430450473259,0.08973131344756338,2,2023
2023-01-24 00:00:00+00:00,-0.0032903159800402593,1.0300947297246337,1.0267118453221349,0.044641086523392375,1,2023
2023-01-25 00:00:00+00:00,0.0008410017770477118,1.0309610412228596,1.0266977858464557,0.04545750717723032,1,2023
2023-01-26 00:00:00+00:00,-0.00012931313069075578,1.0308277244229989,1.02668376215871,0.04534766063348132,1,2023
2023-01-27 00:00:00+00:00,0.00011687981965269323,1.0309482073815224,1.0266699133504396,0.045472660265427914,1,2023
2023-01-28 00:00:00+00:00,-0.00011631280822999024,1.0308282949003822,1.0266558811272413,0.045375236165873876,1,2023
2023-01-29 00:00:00+00:00,0.001414094367928831,1.0322859833865026,1.0266414072553356,0.04673728061996933,1,2023
2023-01-30 00:00:00+00:00,-0.001825459455172207,1.030401587177688,1.0266274945284746,0.045007458044263586,1,2023
2023-01-31 00:00:00+00:00,0.0005770213741780328,1.0309961509174763,1.0266133992038942,0.04557186292713135,1,2023
2023-02-01 00:00:00+00:00,0.0011895530771182106,1.0322225755612973,1.0265989316116428,0.046719872870305816,1,2023
2023-02-02 00:00:00+00:00,-0.0004802872430077487,1.0317268122263106,1.026584608451444,0.046275687288063666,1,2023
2023-02-03 00:00:00+00:00,-0.00014857363388021128,1.0315735248246465,1.0265703269930282,0.046147812289133276,1,2023
2023-02-04 00:00:00+00:00,-0.00021492602785899706,1.0313518128245114,1.0265561077824492,0.04595654752056568,1,2023
2023-02-05 00:00:00+00:00,-0.0007887383848891316,1.0305383460614117,1.0265421284180898,0.0452170279503351,1,2023
2023-02-06 00:00:00+00:00,-0.0003516664759597443,1.030175940272911,1.0265282536130256,0.04489461305227352,1,2023
2023-02-07 00:00:00+00:00,0.0009260543850815317,1.0311299392198061,1.026514088358701,0.045792011869290494,1,2023
2023-02-08 00:00:00+00:00,-0.0005618765846586715,1.030550571451218,1.0265000927160142,0.045269144069211016,1,2023
2023-02-09 00:00:00+00:00,-0.0022900058302626203,1.0281906046342142,1.0281906046342142,0.0,0,2023
2023-02-10 00:00:00+00:00,0.0,1.0281906046342142,1.0281906046342142,0.0,0,2023
2023-02-11 00:00:00+00:00,0.0,1.0281906046342142,1.0281906046342142,0.0,0,2023
2023-02-12 00:00:00+00:00,0.0,1.0281906046342142,1.0281906046342142,0.0,0,2023
2023-02-13 00:00:00+00:00,0.0,1.0281906046342142,1.0281906046342142,0.0,0,2023
2023-02-14 00:00:00+00:00,0.0,1.0281906046342142,1.0281906046342142,0.0,0,2023
2023-02-15 00:00:00+00:00,0.0,1.0281906046342142,1.0281906046342142,0.0,0,2023
2023-02-16 00:00:00+00:00,-0.0018730176025075762,1.0262647855330014,1.0280596325302633,0.051043242294398855,1,2023
2023-02-17 00:00:00+00:00,0.002272708358123321,1.02859718608873,1.0280432127195216,0.05321101711425361,1,2023
2023-02-18 00:00:00+00:00,0.00010392384500002017,1.0287040818632645,1.0280267559030025,0.05332539846088179,1,2023
2023-02-19 00:00:00+00:00,-0.0008187685733571648,1.0278618112897506,1.028010546904956,0.0525654255219683,1,2023
2023-02-20 00:00:00+00:00,0.0012489268823545618,1.029145535537216,1.027993947809907,0.053763355055374995,1,2023
2023-02-21 00:00:00+00:00,-0.0008953376708917826,1.0282241027704195,1.0279776202464188,0.05293127391275019,1,2023
2023-02-22 00:00:00+00:00,-0.0006049250489702507,1.0276021042546988,1.027961474438743,0.0523737336626244,1,2023
2023-02-23 00:00:00+00:00,-0.0005343278290566023,1.0270530278531984,1.0279523439457354,0.05187600987094376,1,2023
2023-02-24 00:00:00+00:00,-0.0016406072000493266,1.02536803726087,1.0279444142122802,0.05032568821812561,1,2023
2023-02-25 00:00:00+00:00,-0.001096532724512933,1.0242436876533438,1.0242436876533438,0.0,0,2023
2023-02-26 00:00:00+00:00,0.0,1.0242436876533438,1.0242436876533438,0.0,0,2023
2023-02-27 00:00:00+00:00,0.0,1.0242436876533438,1.0242436876533438,0.0,0,2023
2023-02-28 00:00:00+00:00,0.0,1.0242436876533438,1.0242436876533438,0.0,0,2023
2023-03-01 00:00:00+00:00,0.0,1.0242436876533438,1.0242436876533438,0.0,0,2023
2023-03-02 00:00:00+00:00,0.0,1.0242436876533438,1.0242436876533438,0.0,0,2023
2023-03-03 00:00:00+00:00,0.0,1.0242436876533438,1.0242436876533438,0.0,0,2023
2023-03-04 00:00:00+00:00,0.0,1.0242436876533438,1.0242436876533438,0.0,0,2023
2023-03-05 00:00:00+00:00,0.0,1.0242436876533438,1.0242436876533438,0.0,0,2023
2023-03-06 00:00:00+00:00,0.0,1.0242436876533438,1.0242436876533438,0.0,0,2023
2023-03-07 00:00:00+00:00,0.0,1.0242436876533438,1.0242436876533438,0.0,0,2023
2023-03-08 00:00:00+00:00,0.0,1.0242436876533438,1.0242436876533438,0.0,0,2023
2023-03-09 00:00:00+00:00,0.0,1.0242436876533438,1.0242436876533438,0.0,0,2023
2023-03-10 00:00:00+00:00,-0.00016876486428785142,1.0240708313063993,1.024098045242358,0.05258668630216613,1,2023
2023-03-11 00:00:00+00:00,0.00017252446239646169,1.0242475085760263,1.0240375724986308,0.052346079531394966,1,2023
2023-03-12 00:00:00+00:00,-0.0023237378088890592,1.0218674259146878,1.0240328776759722,0.05479255719724658,1,2023
2023-03-13 00:00:00+00:00,-0.00150138987470394,1.0203332045081297,1.0203332045081297,0.0,0,2023
2023-03-14 00:00:00+00:00,0.0,1.0203332045081297,1.0203332045081297,0.0,0,2023
2023-03-15 00:00:00+00:00,0.0,1.0203332045081297,1.0203332045081297,0.0,0,2023
2023-03-16 00:00:00+00:00,0.0,1.0203332045081297,1.0203332045081297,0.0,0,2023
2023-03-17 00:00:00+00:00,0.0,1.0203332045081297,1.0203332045081297,0.0,0,2023
2023-03-18 00:00:00+00:00,-0.002583806981582226,1.0176968604507814,1.0201937157585879,0.1237697000787409,3,2023
2023-03-19 00:00:00+00:00,0.0029006317850666097,1.0206488243117675,1.0203862124875787,0.126115368239278,3,2023
2023-03-20 00:00:00+00:00,-0.0017256751817941174,1.0188875159663253,1.0205886112921532,0.12440607347203696,3,2023
2023-03-21 00:00:00+00:00,0.002527118217044766,1.0214623651690433,1.0207382605027593,0.12646672023181338,3,2023
2023-03-22 00:00:00+00:00,-0.004403057945380984,1.016964807186178,1.0208976729419914,0.12244673941628885,3,2023
2023-03-23 00:00:00+00:00,0.004387294733261271,1.0214265315286581,1.020896251962539,0.1262813977134056,3,2023
2023-03-24 00:00:00+00:00,-0.0036314012200098222,1.0177173219759146,1.0209045048578318,0.1230889019081894,3,2023
2023-03-25 00:00:00+00:00,-0.00010065127872682655,1.0176148874260753,1.0209147300033616,0.1229905826517121,3,2023
2023-03-26 00:00:00+00:00,0.002292805976795931,1.0199480809220423,1.0209168371117654,0.12499472933161686,3,2023
2023-03-27 00:00:00+00:00,-0.004611296767547013,1.0152447976334207,1.0172905898876239,0.07718655423984398,2,2023
2023-03-28 00:00:00+00:00,0.0014410088806322552,1.0167077744028261,1.0172842996802047,0.07852060997858182,2,2023
2023-03-29 00:00:00+00:00,0.0020209667103732176,1.0187625069690718,1.0172635922880175,0.08039945916167836,2,2023
2023-03-30 00:00:00+00:00,-0.0004702153695044231,1.0182834691804201,1.0172534461454747,0.07997680939861217,2,2023
2023-03-31 00:00:00+00:00,0.0012382447922107964,1.0195443533831272,1.0172379662967586,0.08112979754666977,2,2023
2023-04-01 00:00:00+00:00,-6.0040898077096116e-05,1.0194831390245207,1.0172151297338876,0.08109702457972605,2,2023
2023-04-02 00:00:00+00:00,-0.000992465948790211,1.018471336723673,1.0172034578279954,0.08019559887849127,2,2023
2023-04-03 00:00:00+00:00,-0.00021038097952463808,1.0182570697262354,1.0172029782911851,0.0800025197472059,2,2023
2023-04-04 00:00:00+00:00,0.0018178213904400664,1.0201080792085506,1.0171986465642562,0.08167612259515838,2,2023
2023-04-05 00:00:00+00:00,0.0008021447659742886,1.020926353565016,1.0171804286042219,0.08243000541653625,2,2023
2023-04-06 00:00:00+00:00,-0.0009729693168818443,1.0199330235482011,1.0171748623268315,0.0815418259774526,2,2023
2023-04-07 00:00:00+00:00,-0.00038200349040218295,1.0195434055732293,1.0171693984177042,0.08119619684307208,2,2023
2023-04-08 00:00:00+00:00,-0.0002719948729575927,1.0192660949941557,1.017164925601182,0.080950607198311,2,2023
2023-04-09 00:00:00+00:00,0.0007792329172180423,1.0200603406867794,1.0171644666325612,0.08166665306445105,2,2023
2023-04-10 00:00:00+00:00,0.003045320916808203,1.0231667517786793,1.0178488595287551,0.07570927341777026,2,2023
2023-04-11 00:00:00+00:00,0.00021779985268821633,1.0233895973464922,1.0178304954381183,0.07592848434487742,2,2023
2023-04-12 00:00:00+00:00,0.00022203785836349965,1.0236168285809584,1.0178209608053412,0.07614293230810489,2,2023
2023-04-13 00:00:00+00:00,0.0023119632063308693,1.0259833930260187,1.0184972130034007,0.06999471183015595,2,2023
2023-04-14 00:00:00+00:00,0.0016669106821380897,1.0276936157035501,1.0205962713370609,0.058088757750860205,2,2023
2023-04-15 00:00:00+00:00,-0.00030540547428814513,1.0273797524474233,1.020584490990614,0.05781247141919771,2,2023
2023-04-16 00:00:00+00:00,0.0002767854674496917,1.027664116232453,1.0205676261299683,0.05808959394199701,2,2023
2023-04-17 00:00:00+00:00,-0.0032183865762325237,1.0243566958358945,1.0203536626548357,0.1253663691657135,3,2023
2023-04-18 00:00:00+00:00,0.001998299006299442,1.0264036668032797,1.0203208686311267,0.1271426134759113,3,2023
2023-04-19 00:00:00+00:00,-0.006215210502724777,1.0200243519533287,1.0183209039030305,0.03407598172309957,1,2023
2023-04-20 00:00:00+00:00,-0.0006749166627069147,1.0193359205218286,1.0183147207977978,0.03342968903770816,1,2023
2023-04-21 00:00:00+00:00,-0.0010751708054875797,1.0182399602990988,1.0182399602990988,0.0,0,2023
2023-04-22 00:00:00+00:00,0.0,1.0182399602990988,1.0182399602990988,0.0,0,2023
2023-04-23 00:00:00+00:00,0.0,1.0182399602990988,1.0182399602990988,0.0,0,2023
2023-04-24 00:00:00+00:00,0.0,1.0182399602990988,1.0182399602990988,0.0,0,2023
2023-04-25 00:00:00+00:00,0.0,1.0182399602990988,1.0182399602990988,0.0,0,2023
2023-04-26 00:00:00+00:00,0.0,1.0182399602990988,1.0182399602990988,0.0,0,2023
2023-04-27 00:00:00+00:00,0.0,1.0182399602990988,1.0182399602990988,0.0,0,2023
2023-04-28 00:00:00+00:00,0.0,1.0182399602990988,1.0182399602990988,0.0,0,2023
2023-04-29 00:00:00+00:00,0.0,1.0182399602990988,1.0182399602990988,0.0,0,2023
2023-04-30 00:00:00+00:00,0.0,1.0182399602990988,1.0182399602990988,0.0,0,2023
2023-05-01 00:00:00+00:00,0.0,1.0182399602990988,1.0182399602990988,0.0,0,2023
2023-05-02 00:00:00+00:00,0.0,1.0182399602990988,1.0182399602990988,0.0,0,2023
2023-05-03 00:00:00+00:00,0.0,1.0182399602990988,1.0182399602990988,0.0,0,2023
2023-05-04 00:00:00+00:00,0.0,1.0182399602990988,1.0182399602990988,0.0,0,2023
2023-05-05 00:00:00+00:00,0.0,1.0182399602990988,1.0182399602990988,0.0,0,2023
2023-05-06 00:00:00+00:00,0.0,1.0182399602990988,1.0182399602990988,0.0,0,2023
2023-05-07 00:00:00+00:00,0.0,1.0182399602990988,1.0182399602990988,0.0,0,2023
2023-05-08 00:00:00+00:00,0.0,1.0182399602990988,1.0182399602990988,0.0,0,2023
2023-05-09 00:00:00+00:00,0.0,1.0182399602990988,1.0182399602990988,0.0,0,2023
2023-05-10 00:00:00+00:00,0.0,1.0182399602990988,1.0182399602990988,0.0,0,2023
2023-05-11 00:00:00+00:00,0.0,1.0182399602990988,1.0182399602990988,0.0,0,2023
2023-05-12 00:00:00+00:00,0.0,1.0182399602990988,1.0182399602990988,0.0,0,2023
2023-05-13 00:00:00+00:00,0.0,1.0182399602990988,1.0182399602990988,0.0,0,2023
2023-05-14 00:00:00+00:00,0.0,1.0182399602990988,1.0182399602990988,0.0,0,2023
2023-05-15 00:00:00+00:00,0.0,1.0182399602990988,1.0182399602990988,0.0,0,2023
2023-05-16 00:00:00+00:00,0.0,1.0182399602990988,1.0182399602990988,0.0,0,2023
2023-05-17 00:00:00+00:00,0.0,1.0182399602990988,1.0182399602990988,0.0,0,2023
2023-05-18 00:00:00+00:00,0.0,1.0182399602990988,1.0182399602990988,0.0,0,2023
2023-05-19 00:00:00+00:00,0.0,1.0182399602990988,1.0182399602990988,0.0,0,2023
2023-05-20 00:00:00+00:00,0.0,1.0182399602990988,1.0182399602990988,0.0,0,2023
2023-05-21 00:00:00+00:00,0.0,1.0182399602990988,1.0182399602990988,0.0,0,2023
2023-05-22 00:00:00+00:00,0.0,1.0182399602990988,1.0182399602990988,0.0,0,2023
2023-05-23 00:00:00+00:00,0.0,1.0182399602990988,1.0182399602990988,0.0,0,2023
2023-05-24 00:00:00+00:00,0.0,1.0182399602990988,1.0182399602990988,0.0,0,2023
2023-05-25 00:00:00+00:00,-0.00012804333612115304,1.0181095814576102,1.01818061224576,0.0327447012236006,1,2023
2023-05-26 00:00:00+00:00,-0.00017049655264311792,1.0179359972837587,1.0181906686461495,0.032930689867931885,1,2023
2023-05-27 00:00:00+00:00,-0.0018038364457656497,1.0160998072324015,1.0182012790866866,0.03480773726370802,1,2023
2023-05-28 00:00:00+00:00,-0.0006406753211447569,1.0154488171620877,1.018212088066939,0.03548178260240656,1,2023
2023-05-29 00:00:00+00:00,0.00038928533157900347,1.0158441164915781,1.018222781665472,0.03508936840286778,1,2023
2023-05-30 00:00:00+00:00,-0.0012283325465527462,1.0145963221010674,1.0145963221010674,0.0,0,2023
2023-05-31 00:00:00+00:00,0.0,1.0145963221010674,1.0145963221010674,0.0,0,2023
2023-06-01 00:00:00+00:00,0.0,1.0145963221010674,1.0145963221010674,0.0,0,2023
2023-06-02 00:00:00+00:00,0.0,1.0145963221010674,1.0145963221010674,0.0,0,2023
2023-06-03 00:00:00+00:00,0.0,1.0145963221010674,1.0145963221010674,0.0,0,2023
2023-06-04 00:00:00+00:00,0.0,1.0145963221010674,1.0145963221010674,0.0,0,2023
2023-06-05 00:00:00+00:00,0.0,1.0145963221010674,1.0145963221010674,0.0,0,2023
2023-06-06 00:00:00+00:00,-0.004853295799712942,1.00967218603261,1.0106753043987573,0.06699157077070951,1,2023
2023-06-07 00:00:00+00:00,0.005062726497921055,1.0147838801630513,1.0113602876961432,0.04915877595219105,1,2023
2023-06-08 00:00:00+00:00,-0.0005196167198093793,1.0142565814919255,1.0113602876961432,0.04970421981566178,1,2023
2023-06-09 00:00:00+00:00,0.00022389288205260094,1.0144836663210965,1.0113602876961432,0.04946925112040292,1,2023
2023-06-10 00:00:00+00:00,0.007562826756275731,1.0221560305365545,1.0161908116509493,0.039775926425614,2,2023
2023-06-11 00:00:00+00:00,0.00041821781984774375,1.0225835144031896,1.017457835321109,0.047844997819160455,2,2023
2023-06-12 00:00:00+00:00,0.0008997832485990731,1.0235036179197432,1.017435325299618,0.04688101892205326,2,2023
2023-06-13 00:00:00+00:00,-0.0012981146431380042,1.0221749928860169,1.0174231206964832,0.04822981705890203,2,2023
2023-06-14 00:00:00+00:00,0.0014069727655807718,1.0236131652626652,1.0173934253280172,0.0467280480431188,2,2023
2023-06-15 00:00:00+00:00,-0.0017571028360463536,1.0218145716669678,1.0171854621991354,0.14367363164921845,4,2023
2023-06-16 00:00:00+00:00,-0.003960752268782453,1.0177674172839628,1.0171738935294319,0.14821008565918672,4,2023
2023-06-17 00:00:00+00:00,-0.0030906186261229207,1.014621886347044,1.0135137355366481,0.10146464290053629,3,2023
2023-06-18 00:00:00+00:00,0.0006763379179290929,1.0153081136011413,1.013521769099944,0.10072809654178182,3,2023
2023-06-19 00:00:00+00:00,-0.0020086495695363915,1.0132687153958095,1.009836758794757,0.04995637162032083,2,2023
2023-06-20 00:00:00+00:00,-0.001283662944659647,1.011968019892873,1.0098334041725352,0.05130257909115424,2,2023
2023-06-21 00:00:00+00:00,-0.0008897753051892998,1.011067595739131,1.0098356342442212,0.052241040882224844,2,2023
2023-06-22 00:00:00+00:00,0.0014424449620373814,1.0125260050988842,1.0097216126516284,0.0999513849364393,3,2023
2023-06-23 00:00:00+00:00,0.0002146222451866464,1.0127433157034085,1.0097103839017894,0.10235087864827155,3,2023
2023-06-24 00:00:00+00:00,0.0013620665153264433,1.0141227394623487,1.009696349449386,0.10034369857322595,3,2023
2023-06-25 00:00:00+00:00,-0.0008485819580087428,1.0132621732024345,1.0096802667323064,0.10104301814058705,3,2023
2023-06-26 00:00:00+00:00,0.0008877329516592258,1.014161679422256,1.009665393406265,0.09939668890899879,3,2023
2023-06-27 00:00:00+00:00,7.013484553253235e-05,1.0142328074949873,1.009656966296224,0.10071174774738478,3,2023
2023-06-28 00:00:00+00:00,0.0006484818348864163,1.0148905190469937,1.0096478013959669,0.09794876198785102,3,2023
2023-06-29 00:00:00+00:00,-0.0023436986260001458,1.0125119215319627,1.0096397667566757,0.10175885699060686,3,2023
2023-06-30 00:00:00+00:00,-0.0013019189192687852,1.011193713105335,1.0060045714394799,0.07916409701513333,2,2023
2023-07-01 00:00:00+00:00,-0.0007163930350718717,1.010469300972158,1.0059967061244395,0.08030672705342608,2,2023
2023-07-02 00:00:00+00:00,0.00020701662997613113,1.0106784849215396,1.0059935190821452,0.08020985533497207,2,2023
2023-07-03 00:00:00+00:00,0.0009041286801461101,1.0115922683261638,1.0059890468918935,0.08100946382452298,2,2023
2023-07-04 00:00:00+00:00,-0.00018096094620556613,1.0114092096321132,1.0059735590668009,0.07988567015072741,2,2023
2023-07-05 00:00:00+00:00,-2.1832550358258374e-05,1.0113871279896112,1.0059582060471868,0.07900548240098405,2,2023
2023-07-06 00:00:00+00:00,-0.00020441824265959863,1.011180382010259,1.0059485719796606,0.07717808275678228,2,2023
2023-07-07 00:00:00+00:00,0.0003130205919006368,1.0114969022919542,1.0059260391819356,0.07832388565424757,2,2023
2023-07-08 00:00:00+00:00,-0.00018930600135724784,1.011305419857996,1.005917115188135,0.07832470477601014,2,2023
2023-07-09 00:00:00+00:00,5.059278807784118e-05,1.0113565846187849,1.005905208361415,0.0778550681289647,2,2023
2023-07-10 00:00:00+00:00,-0.001031144836749709,1.0103137294984423,1.0058947753948415,0.07978503726705247,2,2023
2023-07-11 00:00:00+00:00,7.310671721549866e-06,1.0103211155704546,1.0058322039874934,0.0804179902995415,2,2023
2023-07-12 00:00:00+00:00,9.867026073129281e-05,1.0104208042183502,1.0057758188899015,0.07945985218520676,2,2023
2023-07-13 00:00:00+00:00,0.00023549198083472334,1.0106587502150122,1.0056912177717479,0.08268554309913578,2,2023
2023-07-14 00:00:00+00:00,2.1291844779058877e-05,1.0106802690042462,1.0082424200640407,0.14826135159724835,4,2023
2023-07-15 00:00:00+00:00,-0.0006591804566963289,1.01001404832295,1.008483610904622,0.13431837120072515,3,2023
2023-07-16 00:00:00+00:00,0.0006108816786827287,1.0106310474002826,1.0083996860857785,0.13281625292403082,3,2023
2023-07-17 00:00:00+00:00,-0.0017420312022146112,1.0088704965817845,1.0046727583375141,0.07921732710241398,2,2023
2023-07-18 00:00:00+00:00,-6.697468784466754e-05,1.0088029277952002,1.0046490399312031,0.07833264347785587,2,2023
2023-07-19 00:00:00+00:00,1.0676654539576447e-05,1.0088136984355587,1.0046446086751721,0.07848279518858588,2,2023
2023-07-20 00:00:00+00:00,-0.00040178023834414045,1.0084083770273564,1.0046408198150514,0.07856463050600412,2,2023
2023-07-21 00:00:00+00:00,6.040278780705677e-05,1.0084692877045769,1.0046474667445706,0.07884030225048907,2,2023
2023-07-22 00:00:00+00:00,0.00014072493407923936,1.00861120447861,1.0046517639280075,0.07833362289701606,2,2023
2023-07-23 00:00:00+00:00,0.00031520001923546204,1.0089291187496627,1.0046449909045998,0.07894309309475182,2,2023
2023-07-24 00:00:00+00:00,-0.0011008212995987643,1.0078184680859577,1.0046334193351685,0.0770993504520999,2,2023
2023-07-25 00:00:00+00:00,4.380670043402368e-05,1.007862617287681,1.0031537343099037,0.028386131404547547,1,2023
2023-07-26 00:00:00+00:00,-0.00014196027658919252,1.007719540831767,1.003153788652037,0.02853219603777314,1,2023
2023-07-27 00:00:00+00:00,-0.00021628440067689159,1.0075015868148278,1.0031559433413388,0.028756838277489094,1,2023
2023-07-28 00:00:00+00:00,-0.00012323967941185732,1.0073774226422618,1.0031580710494028,0.028885749693152715,1,2023
2023-07-29 00:00:00+00:00,-8.188940135867018e-05,1.0072949291081794,1.0031609748822226,0.028972894234381312,1,2023
2023-07-30 00:00:00+00:00,-2.526338750086232e-06,1.0072923843399673,1.0031680523525346,0.02898252000736957,1,2023
2023-07-31 00:00:00+00:00,0.00020656227102300306,1.0075004529424607,1.00317405394602,0.028775971850656605,1,2023
2023-08-01 00:00:00+00:00,-0.000811217594041902,1.0066831508490286,1.003178250466591,0.029615379240483738,1,2023
2023-08-02 00:00:00+00:00,0.0008638366559432509,1.0075527606556525,1.003178250466591,0.028726727384420354,1,2023
2023-08-03 00:00:00+00:00,-4.416925337524802e-05,1.007508257802478,1.003178250466591,0.028772167482951378,1,2023
2023-08-04 00:00:00+00:00,-8.595477609940616e-05,1.0074216576557604,1.003178250466591,0.028860602965716825,1,2023
2023-08-05 00:00:00+00:00,-0.00019222095219806334,1.007228010105461,1.003178250466591,0.0290584095530684,1,2023
2023-08-06 00:00:00+00:00,9.872434916458062e-06,1.0072379538984366,1.0031785720210424,0.02904856958497086,1,2023
2023-08-07 00:00:00+00:00,0.00015523777217985035,1.0073943152744549,1.0031785720210424,0.02888884717251514,1,2023
2023-08-08 00:00:00+00:00,-0.0003916160469740193,1.006999803494963,1.0031785720210424,0.0292919344110515,1,2023
2023-08-09 00:00:00+00:00,0.00016453118849568682,1.007165486369447,1.0031830824002463,0.029127089934727016,1,2023
2023-08-10 00:00:00+00:00,0.00030691521579440106,1.0074746007820368,1.0031830824002463,0.028811332082729145,1,2023
2023-08-11 00:00:00+00:00,0.00016862780851800707,1.0076444890161043,1.0031641342032764,0.02861907068550249,1,2023
2023-08-12 00:00:00+00:00,-6.712115745921565e-05,1.0075768547516941,1.0031470166911183,0.028671128632048775,1,2023
2023-08-13 00:00:00+00:00,1.678981158992343e-05,1.0075937717772478,1.0031326614414684,0.028639610666863914,1,2023
2023-08-14 00:00:00+00:00,-5.401894753842562e-05,1.0075393426221502,1.0031299518184384,0.02869249035068828,1,2023
2023-08-15 00:00:00+00:00,0.00042373309793886094,1.0079662703890948,1.0031214732921632,0.028248372400312353,1,2023
2023-08-16 00:00:00+00:00,0.000540179980992761,1.008510753589875,1.0030922305209382,0.027664237095726425,1,2023
2023-08-17 00:00:00+00:00,0.0016056670756472435,1.0101300861023503,1.0101300861023503,0.0,0,2023
2023-08-18 00:00:00+00:00,0.002276356831921955,1.0124295026249794,1.0096916190370693,0.18837813362005681,3,2023
2023-08-19 00:00:00+00:00,-0.0007140453135755509,1.0117065820833044,1.0096260713868739,0.1891625066071751,3,2023
2023-08-20 00:00:00+00:00,-0.0007277504292517722,1.0109703121839164,1.0095814707296162,0.1899844337120798,3,2023
2023-08-21 00:00:00+00:00,0.002744297550874908,1.01374471553565,1.0101912686446386,0.17482534752485507,3,2023
2023-08-22 00:00:00+00:00,0.0015121634454235977,1.0152776632374745,1.0108195052970819,0.1611095701203534,3,2023
2023-08-23 00:00:00+00:00,-0.00415159301001633,1.011062643587552,1.0105878867905658,0.0651205124136934,1,2023
2023-08-24 00:00:00+00:00,0.000630518223243115,1.0117001370091743,1.010590875852541,0.06445231218993765,1,2023
2023-08-25 00:00:00+00:00,0.000282834976669033,1.0119862811938214,1.0105956549853259,0.06415605549974934,1,2023
2023-08-26 00:00:00+00:00,0.0001239337367049398,1.0121117004351439,1.0106029457637762,0.06403139053774469,1,2023
2023-08-27 00:00:00+00:00,-0.00020194999135381142,1.0119073044859919,1.0106063960973994,0.06424972480476714,1,2023
2023-08-28 00:00:00+00:00,-4.080207630763333e-05,1.011866016566938,1.010611960817628,0.06429864963859798,1,2023
2023-08-29 00:00:00+00:00,-0.004875735146310789,1.006932425866605,1.006932425866605,0.0,0,2023
2023-08-30 00:00:00+00:00,0.0,1.006932425866605,1.006932425866605,0.0,0,2023
2023-08-31 00:00:00+00:00,0.0,1.006932425866605,1.006932425866605,0.0,0,2023
2023-09-01 00:00:00+00:00,0.0,1.006932425866605,1.006932425866605,0.0,0,2023
2023-09-02 00:00:00+00:00,0.0,1.006932425866605,1.006932425866605,0.0,0,2023
2023-09-03 00:00:00+00:00,0.0,1.006932425866605,1.006932425866605,0.0,0,2023
2023-09-04 00:00:00+00:00,0.0,1.006932425866605,1.006932425866605,0.0,0,2023
2023-09-05 00:00:00+00:00,0.0,1.006932425866605,1.006932425866605,0.0,0,2023
2023-09-06 00:00:00+00:00,0.0,1.006932425866605,1.006932425866605,0.0,0,2023
2023-09-07 00:00:00+00:00,0.0,1.006932425866605,1.006932425866605,0.0,0,2023
2023-09-08 00:00:00+00:00,0.0,1.006932425866605,1.006932425866605,0.0,0,2023
2023-09-09 00:00:00+00:00,0.0,1.006932425866605,1.006932425866605,0.0,0,2023
2023-09-10 00:00:00+00:00,0.0,1.006932425866605,1.006932425866605,0.0,0,2023
2023-09-11 00:00:00+00:00,0.0007266280329993879,1.0076640911945758,1.0068554065968298,0.028152253706928594,1,2023
2023-09-12 00:00:00+00:00,-0.0003052003214405463,1.0073565517900391,1.0068505234080833,0.02846129437637007,1,2023
2023-09-13 00:00:00+00:00,-0.0007822810418318671,1.0065685158572086,1.0068391449602168,0.029255165826786774,1,2023
2023-09-14 00:00:00+00:00,-0.0007262555825557904,1.0058374898533424,1.0068223235713893,0.029986487645098623,1,2023
2023-09-15 00:00:00+00:00,-0.000489619875144065,1.0053450118271452,1.0068118535925616,0.030480622223549997,1,2023
2023-09-16 00:00:00+00:00,3.268342748330433e-05,1.005377869947935,1.006806279178013,0.030441399089160503,1,2023
2023-09-17 00:00:00+00:00,0.0004899365130204281,1.0058704412758053,1.0067960248352055,0.02992660095035402,1,2023
2023-09-18 00:00:00+00:00,-0.0013378564696142625,1.0045247309983507,1.0067794397382046,0.03128983041864286,1,2023
2023-09-19 00:00:00+00:00,-0.0013310948297839964,1.0031876133225286,1.0031876133225286,0.0,0,2023
2023-09-20 00:00:00+00:00,0.0,1.0031876133225286,1.0031876133225286,0.0,0,2023
2023-09-21 00:00:00+00:00,0.0,1.0031876133225286,1.0031876133225286,0.0,0,2023
2023-09-22 00:00:00+00:00,0.0,1.0031876133225286,1.0031876133225286,0.0,0,2023
2023-09-23 00:00:00+00:00,0.0,1.0031876133225286,1.0031876133225286,0.0,0,2023
2023-09-24 00:00:00+00:00,0.0,1.0031876133225286,1.0031876133225286,0.0,0,2023
2023-09-25 00:00:00+00:00,0.0,1.0031876133225286,1.0031876133225286,0.0,0,2023
2023-09-26 00:00:00+00:00,0.0,1.0031876133225286,1.0031876133225286,0.0,0,2023
2023-09-27 00:00:00+00:00,0.0,1.0031876133225286,1.0031876133225286,0.0,0,2023
2023-09-28 00:00:00+00:00,0.0,1.0031876133225286,1.0031876133225286,0.0,0,2023
2023-09-29 00:00:00+00:00,0.0,1.0031876133225286,1.0031876133225286,0.0,0,2023
2023-09-30 00:00:00+00:00,0.0,1.0031876133225286,1.0031876133225286,0.0,0,2023
2023-10-01 00:00:00+00:00,0.0,1.0031876133225286,1.0031876133225286,0.0,0,2023
2023-10-02 00:00:00+00:00,0.0,1.0031876133225286,1.0031876133225286,0.0,0,2023
2023-10-03 00:00:00+00:00,0.0,1.0031876133225286,1.0031876133225286,0.0,0,2023
2023-10-04 00:00:00+00:00,0.0,1.0031876133225286,1.0031876133225286,0.0,0,2023
2023-10-05 00:00:00+00:00,0.0,1.0031876133225286,1.0031876133225286,0.0,0,2023
2023-10-06 00:00:00+00:00,0.0,1.0031876133225286,1.0031876133225286,0.0,0,2023
2023-10-07 00:00:00+00:00,0.0,1.0031876133225286,1.0031876133225286,0.0,0,2023
2023-10-08 00:00:00+00:00,0.0,1.0031876133225286,1.0031876133225286,0.0,0,2023
2023-10-09 00:00:00+00:00,0.0,1.0031876133225286,1.0031876133225286,0.0,0,2023
2023-10-10 00:00:00+00:00,0.0,1.0031876133225286,1.0031876133225286,0.0,0,2023
2023-10-11 00:00:00+00:00,0.0,1.0031876133225286,1.0031876133225286,0.0,0,2023
2023-10-12 00:00:00+00:00,0.0,1.0031876133225286,1.0031876133225286,0.0,0,2023
2023-10-13 00:00:00+00:00,0.0,1.0031876133225286,1.0031876133225286,0.0,0,2023
2023-10-14 00:00:00+00:00,0.0,1.0031876133225286,1.0031876133225286,0.0,0,2023
2023-10-15 00:00:00+00:00,0.0,1.0031876133225286,1.0031876133225286,0.0,0,2023
2023-10-16 00:00:00+00:00,0.0,1.0031876133225286,1.0031876133225286,0.0,0,2023
2023-10-17 00:00:00+00:00,0.0,1.0031876133225286,1.0031876133225286,0.0,0,2023
2023-10-18 00:00:00+00:00,0.0,1.0031876133225286,1.0031876133225286,0.0,0,2023
2023-10-19 00:00:00+00:00,0.0,1.0031876133225286,1.0031876133225286,0.0,0,2023
2023-10-20 00:00:00+00:00,0.0,1.0031876133225286,1.0031876133225286,0.0,0,2023
2023-10-21 00:00:00+00:00,0.0027422472923872565,1.0059386018389187,1.003817789060398,0.026845468658105033,1,2023
2023-10-22 00:00:00+00:00,-0.0002549908708633364,1.0056820966788007,1.0038201667807163,0.026594895559476854,1,2023
2023-10-23 00:00:00+00:00,0.002629612962240291,1.0083266513561202,1.0038196938789163,0.02914832992542563,1,2023
2023-10-24 00:00:00+00:00,-0.0004126321922127696,1.0079105833195046,1.0036919061335645,0.0802319534826852,2,2023
2023-10-25 00:00:00+00:00,0.003157659929033052,1.011093222180501,1.0057505630724077,0.07186190669949642,2,2023
2023-10-26 00:00:00+00:00,-0.0003525467663962889,1.010736764534496,1.0057298153687666,0.0715551065244705,2,2023
2023-10-27 00:00:00+00:00,-0.0010125151157517331,1.0097133782823589,1.005708418952661,0.07063527982540851,2,2023
2023-10-28 00:00:00+00:00,0.00020738942726405973,1.0099227821615817,1.0056869532756887,0.07084923504892286,2,2023
2023-10-29 00:00:00+00:00,0.0013543279474950154,1.011290548810275,1.0056650707039503,0.07212754621396567,2,2023
2023-10-30 00:00:00+00:00,0.001122724231018557,1.0124259492140244,1.0056429664861923,0.07318995574352155,2,2023
2023-10-31 00:00:00+00:00,0.002179305229193851,1.014632334379318,1.0056212366053185,0.0752267820337369,2,2023
2023-11-01 00:00:00+00:00,0.0015785671051891104,1.0162339996062304,1.0132748474529816,0.04366145406163086,1,2023
2023-11-02 00:00:00+00:00,-0.0012955133731085144,1.014917454869533,1.0132002605714179,0.06890407184948026,2,2023
2023-11-03 00:00:00+00:00,-0.0007994361140571948,1.0141060932033232,1.013179518173629,0.06817957847467401,2,2023
2023-11-04 00:00:00+00:00,0.002311128465871226,1.016449822662739,1.0131580662214166,0.07034927428833378,2,2023
2023-11-05 00:00:00+00:00,-0.0008784919969094807,1.0155568796282697,1.0131368757949866,0.069552731298167,2,2023
2023-11-06 00:00:00+00:00,0.0032504522016474358,1.0188578987235557,1.0128503599124907,0.17912957543444824,4,2023
2023-11-07 00:00:00+00:00,-0.0016035875038450387,1.0172240709289688,1.0127717410230348,0.17788841130745245,4,2023
2023-11-08 00:00:00+00:00,0.00045738178641152594,1.0176893306917112,1.0126909016597034,0.17834369249401974,4,2023
2023-11-09 00:00:00+00:00,0.009985641129616418,1.0278516111294382,1.0160454525370464,0.15292595155516064,4,2023
2023-11-10 00:00:00+00:00,0.004184326961644613,1.032152478338457,1.0180807454612832,0.14669311797697648,4,2023
2023-11-11 00:00:00+00:00,0.0013609618758709807,1.0335571985115615,1.0250607262356206,0.12813280229297067,3,2023
2023-11-12 00:00:00+00:00,-0.001186580664471415,1.0323307995241824,1.0250086518878738,0.127147475979817,3,2023
2023-11-13 00:00:00+00:00,-0.001825404957639054,1.0304463777648074,1.0249230053608913,0.1256343688491107,3,2023
2023-11-14 00:00:00+00:00,-0.002284888688553255,1.028091922492092,1.0265717886134333,0.09685350199663292,2,2023
2023-11-15 00:00:00+00:00,0.004273458201689895,1.0324854303503568,1.0265323704664788,0.10073481524842069,2,2023
2023-11-16 00:00:00+00:00,-0.007098530910653933,1.025156300608215,1.0264282117522014,0.11526415228026587,3,2023
2023-11-17 00:00:00+00:00,-0.0006721346403182338,1.0244672575468357,1.0227540954922394,0.09738459722241202,2,2023
2023-11-18 00:00:00+00:00,4.452793755715945e-06,1.024471819288243,1.0227298886424998,0.09741224497929901,2,2023
2023-11-19 00:00:00+00:00,0.0013951036299495456,1.025901063642113,1.0227096985538684,0.0986893745074776,2,2023
2023-11-20 00:00:00+00:00,0.0019517940472024708,1.0279034112311485,1.0233575650107725,0.0886990739495888,2,2023
2023-11-21 00:00:00+00:00,-0.003693247033336622,1.0241071100070624,1.023221579254658,0.04082583346458886,1,2023
2023-11-22 00:00:00+00:00,0.00274188401933384,1.026915092926077,1.0232081898350593,0.043461624986434695,1,2023
2023-11-23 00:00:00+00:00,-3.893194282789114e-05,1.0268751131263902,1.0231948083949687,0.043437414863687324,1,2023
2023-11-24 00:00:00+00:00,0.00037601729962255526,1.0272612359334776,1.0231813070676377,0.043810106779303845,1,2023
2023-11-25 00:00:00+00:00,2.2843056497467984e-05,1.0272847017199278,1.0231677946468445,0.04384510211075678,1,2023
2023-11-26 00:00:00+00:00,-0.0004529734547400466,1.0268193690195881,1.0231544178128114,0.0434248204920367,1,2023
2023-11-27 00:00:00+00:00,-0.0007372696420955283,1.0260623262708943,1.0231412641455024,0.042731865865681576,1,2023
2023-11-28 00:00:00+00:00,0.0004218356804002177,1.0264951559704298,1.023127976643033,0.04314844998578634,1,2023
2023-11-29 00:00:00+00:00,-0.0004297259298160494,1.0260540443850787,1.0231148175263043,0.042749914265683295,1,2023
2023-11-30 00:00:00+00:00,0.00047914215019440043,1.026545670126121,1.023101506928674,0.043221319868448946,1,2023
2023-12-01 00:00:00+00:00,0.0007289480057413034,1.0272939685451619,1.023087967779773,0.043931433180657224,1,2023
2023-12-02 00:00:00+00:00,0.0024547586367236196,1.0298157272869022,1.025050038113138,0.08171552429085302,2,2023
2023-12-03 00:00:00+00:00,0.0010782907019388777,1.030926168010346,1.0250244517253813,0.08272945418973984,2,2023
2023-12-04 00:00:00+00:00,0.003128678214212588,1.0341516042526617,1.025693964396648,0.07453664995434517,2,2023
2023-12-05 00:00:00+00:00,0.002744633033820554,1.0369899709076722,1.0277906557090715,0.05948113602551377,2,2023
2023-12-06 00:00:00+00:00,-0.0010143669755185991,1.0359380825272395,1.0277724614148425,0.05854369913933017,2,2023
2023-12-07 00:00:00+00:00,0.0012749132824896314,1.0372588137484904,1.0277538653224194,0.05976037409613518,2,2023
2023-12-08 00:00:00+00:00,0.0006322642856797511,1.0379146354514301,1.0277228753442773,0.06038433632641259,2,2023
2023-12-09 00:00:00+00:00,-0.0016222372220595638,1.0362308916964804,1.0275988635803255,0.08613765671983024,3,2023
2023-12-10 00:00:00+00:00,0.0010625959419732212,1.0373319864369444,1.0275378534741704,0.0871665068274171,3,2023
2023-12-11 00:00:00+00:00,-0.007007993756118047,1.0300623703529728,1.0255607872073171,0.029201525794017236,1,2023
2023-12-12 00:00:00+00:00,-0.0002823819664438121,1.0297714993152727,1.0255518479689938,0.028935993176880018,1,2023
2023-12-13 00:00:00+00:00,0.0007332818128744645,1.030526612027137,1.0255400953742124,0.02965893944694475,1,2023
2023-12-14 00:00:00+00:00,0.000713525774573176,1.031261919326202,1.025530702666295,0.030359917112053183,1,2023
2023-12-15 00:00:00+00:00,-0.0012516722519674284,1.0299711173972708,1.0255215686441175,0.029153592734411215,1,2023
2023-12-16 00:00:00+00:00,9.528128578106809e-05,1.0300692543696537,1.0255125282833721,0.029254863874541605,1,2023
2023-12-17 00:00:00+00:00,-0.0004251194203336306,1.0296313519253326,1.0255032000172981,0.028851065562582046,1,2023
2023-12-18 00:00:00+00:00,0.00028577626723658156,1.0299255961297156,1.02549267135131,0.0291387403350632,1,2023
2023-12-19 00:00:00+00:00,-0.000552646429457071,1.029356411426408,1.0254838362358334,0.028610483789009194,1,2023
2023-12-20 00:00:00+00:00,0.00031484251724744894,1.0296804965901263,1.0254709818138152,0.02892870614390335,1,2023
2023-12-21 00:00:00+00:00,0.003580346899690001,1.033367109963764,1.0261000171224193,0.04916838762795721,2,2023
2023-12-22 00:00:00+00:00,0.001908050994271271,1.0353388271053776,1.0260391372649391,0.05103796963889551,2,2023
2023-12-23 00:00:00+00:00,0.0019054804071998444,1.0373116449552402,1.0281592242296111,0.044304706510420816,2,2023
2023-12-24 00:00:00+00:00,2.946454880081717e-07,1.0373119505944361,1.0281312235372866,0.04433198161339186,2,2023
2023-12-25 00:00:00+00:00,0.0011615869037648885,1.0385168785713654,1.0280901108756917,0.04548037295706073,2,2023
2023-12-26 00:00:00+00:00,-0.0016750546710412317,1.0367773060229593,1.0280462753626973,0.043921098252905036,2,2023
2023-12-27 00:00:00+00:00,0.004902655645059761,1.0418602681350027,1.0286455141493205,0.08312136915819153,3,2023
2023-12-28 00:00:00+00:00,-0.0004005476756302473,1.0414429534262697,1.0357193139950105,0.05140168983496377,2,2023
2023-12-29 00:00:00+00:00,-0.0004433487793190638,1.0409812309641377,1.0357657378774345,0.050936347122378184,2,2023
2023-12-30 00:00:00+00:00,-0.00010029922524423807,1.0408768213531783,1.0358215463595148,0.050787530426996595,2,2023
2023-12-31 00:00:00+00:00,-0.0006675601381543883,1.040181973478514,1.040181973478514,0.0,0,2023
2024-01-01 00:00:00+00:00,0.0,1.0,1.0,0.0,0,2024
2024-01-02 00:00:00+00:00,0.0,1.0,1.0,0.0,0,2024
2024-01-03 00:00:00+00:00,-0.0037242439102082026,0.9962757560897918,0.9962757560897918,0.0,0,2024
2024-01-04 00:00:00+00:00,0.0,0.9962757560897918,0.9962757560897918,0.0,0,2024
2024-01-05 00:00:00+00:00,0.0,0.9962757560897918,0.9962757560897918,0.0,0,2024
2024-01-06 00:00:00+00:00,0.0,0.9962757560897918,0.9962757560897918,0.0,0,2024
2024-01-07 00:00:00+00:00,0.0,0.9962757560897918,0.9962757560897918,0.0,0,2024
2024-01-08 00:00:00+00:00,0.0,0.9962757560897918,0.9962757560897918,0.0,0,2024
2024-01-09 00:00:00+00:00,-0.0009423573645527261,0.9953369082939153,0.9961710472641164,0.04501012448382213,1,2024
2024-01-10 00:00:00+00:00,0.0005220966831729346,0.9958565703923752,0.9961574472140282,0.04552211798566349,1,2024
2024-01-11 00:00:00+00:00,5.683832108949183e-05,0.9959131732078823,0.9960582253876813,0.0830352097455625,2,2024
2024-01-12 00:00:00+00:00,-0.00436685727993269,0.9915641625172786,0.9924636023285737,0.0366159809428404,1,2024
2024-01-13 00:00:00+00:00,0.0007897902968281301,0.9923472902715174,0.9924524719227822,0.03738746807905831,1,2024
2024-01-14 00:00:00+00:00,-0.0015207616608137187,0.9908381665582601,0.9924417910498428,0.03593211384026268,1,2024
2024-01-15 00:00:00+00:00,0.0005387048788942916,0.9913719359127796,0.9924309467928198,0.036462120925693856,1,2024
2024-01-16 00:00:00+00:00,0.0010800387885161467,0.9924426560574118,0.9924197779691065,0.0375129103436912,1,2024
2024-01-17 00:00:00+00:00,-0.0008342205788309798,0.991614739970419,0.9924088542431014,0.03672032952841655,1,2024
2024-01-18 00:00:00+00:00,-0.0008716603543277301,0.9907503887148198,0.9923981866221867,0.03589071151250346,1,2024
2024-01-19 00:00:00+00:00,0.0002965938897800946,0.9910442392264099,0.9923874276184175,0.036187431880556516,1,2024
2024-01-20 00:00:00+00:00,-0.00030390208080899317,0.9907430588199353,0.9923767557672147,0.03590520975713141,1,2024
2024-01-21 00:00:00+00:00,-0.00023218353753418075,0.9905130245917511,0.9923661497444737,0.03569201843810167,1,2024
2024-01-22 00:00:00+00:00,-0.0017261815819754611,0.988803219251994,0.988803219251994,0.0,0,2024
2024-01-23 00:00:00+00:00,0.0,0.988803219251994,0.988803219251994,0.0,0,2024
2024-01-24 00:00:00+00:00,0.0,0.988803219251994,0.988803219251994,0.0,0,2024
2024-01-25 00:00:00+00:00,0.0,0.988803219251994,0.988803219251994,0.0,0,2024
2024-01-26 00:00:00+00:00,0.0,0.988803219251994,0.988803219251994,0.0,0,2024
2024-01-27 00:00:00+00:00,0.0,0.988803219251994,0.988803219251994,0.0,0,2024
2024-01-28 00:00:00+00:00,0.0,0.988803219251994,0.988803219251994,0.0,0,2024
2024-01-29 00:00:00+00:00,0.0,0.988803219251994,0.988803219251994,0.0,0,2024
2024-01-30 00:00:00+00:00,0.0,0.988803219251994,0.988803219251994,0.0,0,2024
2024-01-31 00:00:00+00:00,0.0,0.988803219251994,0.988803219251994,0.0,0,2024
2024-02-01 00:00:00+00:00,0.0,0.988803219251994,0.988803219251994,0.0,0,2024
2024-02-02 00:00:00+00:00,0.0,0.988803219251994,0.988803219251994,0.0,0,2024
2024-02-03 00:00:00+00:00,0.0,0.988803219251994,0.988803219251994,0.0,0,2024
2024-02-04 00:00:00+00:00,0.0,0.988803219251994,0.988803219251994,0.0,0,2024
2024-02-05 00:00:00+00:00,0.0,0.988803219251994,0.988803219251994,0.0,0,2024
2024-02-06 00:00:00+00:00,0.0,0.988803219251994,0.988803219251994,0.0,0,2024
2024-02-07 00:00:00+00:00,0.0,0.988803219251994,0.988803219251994,0.0,0,2024
2024-02-08 00:00:00+00:00,0.0,0.988803219251994,0.988803219251994,0.0,0,2024
2024-02-09 00:00:00+00:00,0.0,0.988803219251994,0.988803219251994,0.0,0,2024
2024-02-10 00:00:00+00:00,0.0,0.988803219251994,0.988803219251994,0.0,0,2024
2024-02-11 00:00:00+00:00,0.0,0.988803219251994,0.988803219251994,0.0,0,2024
2024-02-12 00:00:00+00:00,0.0,0.988803219251994,0.988803219251994,0.0,0,2024
2024-02-13 00:00:00+00:00,-0.0004579943536316966,0.9883503529607237,0.9886596064057662,0.06290426436306952,1,2024
2024-02-14 00:00:00+00:00,0.0026708654116245345,0.9909901037330134,0.9886386766484585,0.06542157401103435,1,2024
2024-02-15 00:00:00+00:00,0.0011336850774144036,0.992113574425481,0.9891469762742126,0.11176990765832001,2,2024
2024-02-16 00:00:00+00:00,0.0008665615714318342,0.992973301923574,0.9889857073421868,0.18038030186189227,3,2024
2024-02-17 00:00:00+00:00,-0.0023451306049145915,0.99064464984337,0.9889547485512016,0.17848491957283724,3,2024
2024-02-18 00:00:00+00:00,0.002026868892527789,0.9926525566676865,0.9889414540493009,0.18016004772014324,3,2024
2024-02-19 00:00:00+00:00,0.0012063875437908766,0.9938500803473626,0.9895262984156118,0.16890027839678212,3,2024
2024-02-20 00:00:00+00:00,0.0021468389107837105,0.9959837163713379,0.9894208359845121,0.1707865810599149,3,2024
2024-02-21 00:00:00+00:00,0.0030356936681998903,0.9990072178327565,0.9900746587826498,0.1591876940953215,3,2024
2024-02-22 00:00:00+00:00,0.00015548810367538302,0.9991625515706153,0.9901857903766444,0.15920718534255496,3,2024
2024-02-23 00:00:00+00:00,-0.0023802393192643434,0.9967843055790304,0.9902480791364695,0.15713863260802963,3,2024
2024-02-24 00:00:00+00:00,0.003025419974191923,0.9997999967270902,0.9903383695758862,0.15959064214323074,3,2024
2024-02-25 00:00:00+00:00,0.0033135513140605255,1.003112885320043,0.9944873565649296,0.12080437540093122,3,2024
2024-02-26 00:00:00+00:00,0.004592638965969176,1.0077198206444296,0.9944327865419038,0.12487789595589271,3,2024
2024-02-27 00:00:00+00:00,0.0018279651333805713,1.009561897340784,0.9963761436378984,0.10598303996814136,3,2024
2024-02-28 00:00:00+00:00,0.006197427991400106,1.0158185845024148,1.0100572092602094,0.03875009602946359,1,2024
2024-02-29 00:00:00+00:00,-0.0016234957747599532,1.0141694073225525,1.0101682236168386,0.15695791555456942,4,2024
2024-03-01 00:00:00+00:00,0.003479694181040882,1.0176984067078023,1.0099246814658533,0.16012057860633253,4,2024
2024-03-02 00:00:00+00:00,-0.00025816542685730415,1.0174356721642226,1.0096538515505256,0.1601698835208919,4,2024
2024-03-03 00:00:00+00:00,0.0019240517192493645,1.0193932710184759,1.0094091634170832,0.16202269014707488,4,2024
2024-03-04 00:00:00+00:00,0.006453948976321788,1.025972383176435,1.0098195668179122,0.15681766987637993,4,2024
2024-03-05 00:00:00+00:00,-0.01219325827873008,1.0134624369215204,1.0116862363329833,0.03701157516870578,1,2024
2024-03-06 00:00:00+00:00,0.002739134800791465,1.0162384471517871,1.011646130959198,0.039681589376837974,1,2024
2024-03-07 00:00:00+00:00,0.004227125848469182,1.0205342149599506,1.0143150636017315,0.05632277299823594,2,2024
2024-03-08 00:00:00+00:00,0.0008217361165634429,1.021372824782572,1.0141870897377812,0.08107263526503591,3,2024
2024-03-09 00:00:00+00:00,0.00021164468664514047,1.021588992914021,1.014148615346474,0.08130474152726451,3,2024
2024-03-10 00:00:00+00:00,0.0020717093494084793,1.0237054283818938,1.0161780456588856,0.07062534015063981,3,2024
2024-03-11 00:00:00+00:00,0.0016393826798399846,1.0253836733304413,1.0160895979970823,0.07223270530855198,3,2024
2024-03-12 00:00:00+00:00,-0.0001831581399275306,1.025195865964122,1.0158472335801267,0.11054577810706033,4,2024
2024-03-13 00:00:00+00:00,0.005427443996213643,1.030760059111792,1.0234174442343102,0.08573674263129177,3,2024
2024-03-14 00:00:00+00:00,-0.0037797132388189825,1.0268640816703214,1.019514537660294,0.08606878029219395,3,2024
2024-03-15 00:00:00+00:00,-0.0015523203215646042,1.0252700596888598,1.0232874100007938,0.05205718540650165,2,2024
2024-03-16 00:00:00+00:00,-0.002379826038838795,1.0228300953039704,1.0196003264571458,0.015065563535756558,1,2024
2024-03-17 00:00:00+00:00,0.0016263463360113306,1.0244935712818302,1.0195909369576586,0.016673972139287993,1,2024
2024-03-18 00:00:00+00:00,-0.000493546232126385,1.0239879363398863,1.0195774854626094,0.016201552019096805,1,2024
2024-03-19 00:00:00+00:00,-0.0021734761940399583,1.0217623229372674,1.0195701231475072,0.014065837433412677,1,2024
2024-03-20 00:00:00+00:00,-0.00043266563926158685,1.0213202414886404,1.0213202414886404,0.0,0,2024
2024-03-21 00:00:00+00:00,0.0,1.0213202414886404,1.0213202414886404,0.0,0,2024
2024-03-22 00:00:00+00:00,0.0,1.0213202414886404,1.0213202414886404,0.0,0,2024
2024-03-23 00:00:00+00:00,0.0,1.0213202414886404,1.0213202414886404,0.0,0,2024
2024-03-24 00:00:00+00:00,0.0,1.0213202414886404,1.0213202414886404,0.0,0,2024
2024-03-25 00:00:00+00:00,0.0,1.0213202414886404,1.0213202414886404,0.0,0,2024
2024-03-26 00:00:00+00:00,0.0,1.0213202414886404,1.0213202414886404,0.0,0,2024
2024-03-27 00:00:00+00:00,0.0,1.0213202414886404,1.0213202414886404,0.0,0,2024
2024-03-28 00:00:00+00:00,0.0,1.0213202414886404,1.0213202414886404,0.0,0,2024
2024-03-29 00:00:00+00:00,0.0,1.0213202414886404,1.0213202414886404,0.0,0,2024
2024-03-30 00:00:00+00:00,0.0,1.0213202414886404,1.0213202414886404,0.0,0,2024
2024-03-31 00:00:00+00:00,0.0,1.0213202414886404,1.0213202414886404,0.0,0,2024
2024-04-01 00:00:00+00:00,0.0,1.0213202414886404,1.0213202414886404,0.0,0,2024
2024-04-02 00:00:00+00:00,0.0,1.0213202414886404,1.0213202414886404,0.0,0,2024
2024-04-03 00:00:00+00:00,0.0,1.0213202414886404,1.0213202414886404,0.0,0,2024
2024-04-04 00:00:00+00:00,0.0,1.0213202414886404,1.0213202414886404,0.0,0,2024
2024-04-05 00:00:00+00:00,0.0,1.0213202414886404,1.0213202414886404,0.0,0,2024
2024-04-06 00:00:00+00:00,0.0,1.0213202414886404,1.0213202414886404,0.0,0,2024
2024-04-07 00:00:00+00:00,0.0,1.0213202414886404,1.0213202414886404,0.0,0,2024
2024-04-08 00:00:00+00:00,0.0,1.0213202414886404,1.0213202414886404,0.0,0,2024
2024-04-09 00:00:00+00:00,0.0,1.0213202414886404,1.0213202414886404,0.0,0,2024
2024-04-10 00:00:00+00:00,0.0,1.0213202414886404,1.0213202414886404,0.0,0,2024
2024-04-11 00:00:00+00:00,0.0,1.0213202414886404,1.0213202414886404,0.0,0,2024
2024-04-12 00:00:00+00:00,0.0,1.0213202414886404,1.0213202414886404,0.0,0,2024
2024-04-13 00:00:00+00:00,0.0,1.0213202414886404,1.0213202414886404,0.0,0,2024
2024-04-14 00:00:00+00:00,0.0,1.0213202414886404,1.0213202414886404,0.0,0,2024
2024-04-15 00:00:00+00:00,0.0,1.0213202414886404,1.0213202414886404,0.0,0,2024
2024-04-16 00:00:00+00:00,0.0,1.0213202414886404,1.0213202414886404,0.0,0,2024
2024-04-17 00:00:00+00:00,0.0,1.0213202414886404,1.0213202414886404,0.0,0,2024
2024-04-18 00:00:00+00:00,0.0,1.0213202414886404,1.0213202414886404,0.0,0,2024
2024-04-19 00:00:00+00:00,0.0,1.0213202414886404,1.0213202414886404,0.0,0,2024
2024-04-20 00:00:00+00:00,0.0,1.0213202414886404,1.0213202414886404,0.0,0,2024
2024-04-21 00:00:00+00:00,0.0,1.0213202414886404,1.0213202414886404,0.0,0,2024
2024-04-22 00:00:00+00:00,0.0,1.0213202414886404,1.0213202414886404,0.0,0,2024
2024-04-23 00:00:00+00:00,0.0,1.0213202414886404,1.0213202414886404,0.0,0,2024
2024-04-24 00:00:00+00:00,0.0,1.0213202414886404,1.0213202414886404,0.0,0,2024
2024-04-25 00:00:00+00:00,0.0,1.0213202414886404,1.0213202414886404,0.0,0,2024
2024-04-26 00:00:00+00:00,0.0,1.0213202414886404,1.0213202414886404,0.0,0,2024
2024-04-27 00:00:00+00:00,0.0,1.0213202414886404,1.0213202414886404,0.0,0,2024
2024-04-28 00:00:00+00:00,0.0,1.0213202414886404,1.0213202414886404,0.0,0,2024
2024-04-29 00:00:00+00:00,0.0,1.0213202414886404,1.0213202414886404,0.0,0,2024
2024-04-30 00:00:00+00:00,0.0,1.0213202414886404,1.0213202414886404,0.0,0,2024
2024-05-01 00:00:00+00:00,0.0,1.0213202414886404,1.0213202414886404,0.0,0,2024
2024-05-02 00:00:00+00:00,-0.0004141119937745019,1.0208973005271553,1.0212651720122166,0.02918156742058313,1,2024
2024-05-03 00:00:00+00:00,-0.0018858623469145686,1.0189720287480244,1.021266053125375,0.03112699407076368,1,2024
2024-05-04 00:00:00+00:00,-0.0004952350394189509,1.0184673980952006,1.0212713458410758,0.031643094050837685,1,2024
2024-05-05 00:00:00+00:00,-5.771087587458368e-05,1.0184086214496069,1.0212750417467173,0.0317062636124507,1,2024
2024-05-06 00:00:00+00:00,-0.0007579132292163671,1.0176367560826622,1.0176367560826622,0.0,0,2024
2024-05-07 00:00:00+00:00,0.0,1.0176367560826622,1.0176367560826622,0.0,0,2024
2024-05-08 00:00:00+00:00,0.0,1.0176367560826622,1.0176367560826622,0.0,0,2024
2024-05-09 00:00:00+00:00,0.0,1.0176367560826622,1.0176367560826622,0.0,0,2024
2024-05-10 00:00:00+00:00,0.0,1.0176367560826622,1.0176367560826622,0.0,0,2024
2024-05-11 00:00:00+00:00,0.0,1.0176367560826622,1.0176367560826622,0.0,0,2024
2024-05-12 00:00:00+00:00,0.0,1.0176367560826622,1.0176367560826622,0.0,0,2024
2024-05-13 00:00:00+00:00,0.0,1.0176367560826622,1.0176367560826622,0.0,0,2024
2024-05-14 00:00:00+00:00,0.0,1.0176367560826622,1.0176367560826622,0.0,0,2024
2024-05-15 00:00:00+00:00,0.0,1.0176367560826622,1.0176367560826622,0.0,0,2024
2024-05-16 00:00:00+00:00,0.0,1.0176367560826622,1.0176367560826622,0.0,0,2024
2024-05-17 00:00:00+00:00,0.0,1.0176367560826622,1.0176367560826622,0.0,0,2024
2024-05-18 00:00:00+00:00,0.0,1.0176367560826622,1.0176367560826622,0.0,0,2024
2024-05-19 00:00:00+00:00,0.0,1.0176367560826622,1.0176367560826622,0.0,0,2024
2024-05-20 00:00:00+00:00,0.0,1.0176367560826622,1.0176367560826622,0.0,0,2024
2024-05-21 00:00:00+00:00,0.0,1.0176367560826622,1.0176367560826622,0.0,0,2024
2024-05-22 00:00:00+00:00,-0.0007040014434117614,1.0169203383375112,1.0175312682874127,0.04314536417229056,1,2024
2024-05-23 00:00:00+00:00,0.0005008052941863905,1.0174296174267163,1.0175179488883668,0.04363741339899589,1,2024
2024-05-24 00:00:00+00:00,-0.0006492216247905302,1.0167690801173805,1.017504823712961,0.0430290274769678,1,2024
2024-05-25 00:00:00+00:00,0.00023552670411342014,1.017008556387665,1.0174916227343804,0.04326734682671992,1,2024
2024-05-26 00:00:00+00:00,0.0008677546433024652,1.0178910702847488,1.0174781529606987,0.04411006925640114,1,2024
2024-05-27 00:00:00+00:00,0.0007766442871253165,1.0186816095694013,1.017464441911917,0.044865339189234604,1,2024
2024-05-28 00:00:00+00:00,-0.00057955500570539,1.0180912275433553,1.0174499153244398,0.04432573356858243,1,2024
2024-05-29 00:00:00+00:00,-0.0009068336994043635,1.017167988109151,1.0174299325365954,0.043477954842491916,1,2024
2024-05-30 00:00:00+00:00,-0.00025135522229924323,1.0169123176233843,1.0174042992305055,0.04326267458081338,1,2024
2024-05-31 00:00:00+00:00,0.0001466573098818369,1.0170614552482726,1.0173896775984694,0.04341734287895742,1,2024
2024-06-01 00:00:00+00:00,0.0005945480081317456,1.017666147110638,1.0173710050687885,0.04400408763785216,1,2024
2024-06-02 00:00:00+00:00,-0.0004018381006805072,1.0172572100789563,1.0173551606373603,0.04363535326511289,1,2024
2024-06-03 00:00:00+00:00,-0.00018897313034316188,1.0170649757996035,1.0173368912419751,0.043472554744646355,1,2024
2024-06-04 00:00:00+00:00,0.0004935946521613666,1.0175669936325589,1.0173231143380417,0.04395799771032223,1,2024
2024-06-05 00:00:00+00:00,0.00159652191634585,1.0191915616392435,1.017155655172975,0.10397723679579235,2,2024
2024-06-06 00:00:00+00:00,0.0003578894097922003,1.0195563195057038,1.017103251987288,0.10434919715721405,2,2024
2024-06-07 00:00:00+00:00,-0.003905328871270264,1.0155746167752522,1.0170807109153557,0.10085986794718507,2,2024
2024-06-08 00:00:00+00:00,-0.00010489578183037196,1.0154680872818185,1.0170677529010825,0.10077830267737724,2,2024
2024-06-09 00:00:00+00:00,-0.0005238918402932224,1.0149360918368133,1.0170547049365242,0.10031981678234432,2,2024
2024-06-10 00:00:00+00:00,-0.002962311235394144,1.011929535248758,1.0133685286618614,0.04253985417867751,1,2024
2024-06-11 00:00:00+00:00,-0.002190760340544995,1.009712640155509,1.009712640155509,0.0,0,2024
2024-06-12 00:00:00+00:00,0.0,1.009712640155509,1.009712640155509,0.0,0,2024
2024-06-13 00:00:00+00:00,0.0,1.009712640155509,1.009712640155509,0.0,0,2024
2024-06-14 00:00:00+00:00,0.0,1.009712640155509,1.009712640155509,0.0,0,2024
2024-06-15 00:00:00+00:00,0.0,1.009712640155509,1.009712640155509,0.0,0,2024
2024-06-16 00:00:00+00:00,0.0,1.009712640155509,1.009712640155509,0.0,0,2024
2024-06-17 00:00:00+00:00,0.0,1.009712640155509,1.009712640155509,0.0,0,2024
2024-06-18 00:00:00+00:00,0.0,1.009712640155509,1.009712640155509,0.0,0,2024
2024-06-19 00:00:00+00:00,0.0,1.009712640155509,1.009712640155509,0.0,0,2024
2024-06-20 00:00:00+00:00,0.0,1.009712640155509,1.009712640155509,0.0,0,2024
2024-06-21 00:00:00+00:00,0.0,1.009712640155509,1.009712640155509,0.0,0,2024
2024-06-22 00:00:00+00:00,0.0,1.009712640155509,1.009712640155509,0.0,0,2024
2024-06-23 00:00:00+00:00,0.0,1.009712640155509,1.009712640155509,0.0,0,2024
2024-06-24 00:00:00+00:00,0.0,1.009712640155509,1.009712640155509,0.0,0,2024
2024-06-25 00:00:00+00:00,0.0,1.009712640155509,1.009712640155509,0.0,0,2024
2024-06-26 00:00:00+00:00,0.0,1.009712640155509,1.009712640155509,0.0,0,2024
2024-06-27 00:00:00+00:00,0.0,1.009712640155509,1.009712640155509,0.0,0,2024
2024-06-28 00:00:00+00:00,0.0,1.009712640155509,1.009712640155509,0.0,0,2024
2024-06-29 00:00:00+00:00,0.0,1.009712640155509,1.009712640155509,0.0,0,2024
2024-06-30 00:00:00+00:00,0.0,1.009712640155509,1.009712640155509,0.0,0,2024
2024-07-01 00:00:00+00:00,0.0,1.009712640155509,1.009712640155509,0.0,0,2024
2024-07-02 00:00:00+00:00,0.0,1.009712640155509,1.009712640155509,0.0,0,2024
2024-07-03 00:00:00+00:00,0.0,1.009712640155509,1.009712640155509,0.0,0,2024
2024-07-04 00:00:00+00:00,0.0,1.009712640155509,1.009712640155509,0.0,0,2024
2024-07-05 00:00:00+00:00,0.002054518229111846,1.011787113180873,1.0102133765275878,0.08746292619014057,2,2024
2024-07-06 00:00:00+00:00,-0.002668691639039933,1.009086965371439,1.0101450972976052,0.05217117337008327,1,2024
2024-07-07 00:00:00+00:00,0.002151535940892124,1.0112580522449213,1.010159316845988,0.049926310676789695,1,2024
2024-07-08 00:00:00+00:00,-0.0007517795229891044,1.0104978091487857,1.0101727100739573,0.05072947170273599,1,2024
2024-07-09 00:00:00+00:00,-0.0011854892372568093,1.0092998748717683,1.0101836560284576,0.05198742371098993,1,2024
2024-07-10 00:00:00+00:00,0.0002960838566552493,1.009598712271242,1.0101965509315176,0.05168881171866413,1,2024
2024-07-11 00:00:00+00:00,0.00036607241433928017,1.009968298509357,1.010212100207754,0.05131935414667404,1,2024
2024-07-12 00:00:00+00:00,-0.0004895255942656274,1.0094738931778398,1.0102191342002766,0.05184122191353787,1,2024
2024-07-13 00:00:00+00:00,-0.001154802069783023,1.008308150636606,1.0102326105563344,0.05307065997201516,1,2024
2024-07-14 00:00:00+00:00,-0.0016942764306180358,1.0065997979021823,1.0065997979021823,0.0,0,2024
2024-07-15 00:00:00+00:00,0.0,1.0065997979021823,1.0065997979021823,0.0,0,2024
2024-07-16 00:00:00+00:00,0.0,1.0065997979021823,1.0065997979021823,0.0,0,2024
2024-07-17 00:00:00+00:00,0.0,1.0065997979021823,1.0065997979021823,0.0,0,2024
2024-07-18 00:00:00+00:00,0.0,1.0065997979021823,1.0065997979021823,0.0,0,2024
2024-07-19 00:00:00+00:00,0.0,1.0065997979021823,1.0065997979021823,0.0,0,2024
2024-07-20 00:00:00+00:00,0.0,1.0065997979021823,1.0065997979021823,0.0,0,2024
2024-07-21 00:00:00+00:00,0.0,1.0065997979021823,1.0065997979021823,0.0,0,2024
2024-07-22 00:00:00+00:00,-0.0009735190848609854,1.0056198537881074,1.0065323813398876,0.02872017458655305,1,2024
2024-07-23 00:00:00+00:00,-0.000957677540526447,1.004656794239827,1.006524003271001,0.027797449287381478,1,2024
2024-07-24 00:00:00+00:00,0.0008090072736768317,1.005469568893916,1.0065177642587042,0.028589537510431844,1,2024
2024-07-25 00:00:00+00:00,-0.0010068685905986197,1.0044571931661939,1.0065106224216513,0.02761757917963488,1,2024
2024-07-26 00:00:00+00:00,0.0018010615656260942,1.0062662824111221,1.0065056391955007,0.029370703413696717,1,2024
2024-07-27 00:00:00+00:00,0.00014139792623901748,1.0064085663766993,1.0065006266783834,0.029512909578590776,1,2024
2024-07-28 00:00:00+00:00,0.0001366544739311859,1.0065460966098974,1.0064919909939953,0.02965409238256566,1,2024
2024-07-29 00:00:00+00:00,-0.00037583389540585266,1.0061678024695029,1.0064850067370599,0.029296207829722583,1,2024
2024-07-30 00:00:00+00:00,-0.0005596907481576485,1.0056046596593666,1.0064769713951482,0.028760600208728178,1,2024
2024-07-31 00:00:00+00:00,-0.0012004060040655684,1.0043975257881952,1.006471466724905,0.027598797957826035,1,2024
2024-08-01 00:00:00+00:00,-0.001503005156659576,1.0028879111275995,1.0028879111275995,0.0,0,2024
2024-08-02 00:00:00+00:00,0.0,1.0028879111275995,1.0028879111275995,0.0,0,2024
2024-08-03 00:00:00+00:00,0.0,1.0028879111275995,1.0028879111275995,0.0,0,2024
2024-08-04 00:00:00+00:00,0.0,1.0028879111275995,1.0028879111275995,0.0,0,2024
2024-08-05 00:00:00+00:00,0.002989920566573545,1.0058864663190479,1.003518244379007,0.02116826208091656,1,2024
2024-08-06 00:00:00+00:00,-0.000364232092118999,1.0055200901869863,1.0035152010330624,0.021537313217459976,1,2024
2024-08-07 00:00:00+00:00,0.0010352572132961146,1.0065610621134666,1.0035132749260212,0.020478939501199018,1,2024
2024-08-08 00:00:00+00:00,-0.003077021260124546,1.00346385232573,1.00346385232573,0.0,0,2024
2024-08-09 00:00:00+00:00,0.0,1.00346385232573,1.00346385232573,0.0,0,2024
2024-08-10 00:00:00+00:00,0.0,1.00346385232573,1.00346385232573,0.0,0,2024
2024-08-11 00:00:00+00:00,0.0,1.00346385232573,1.00346385232573,0.0,0,2024
2024-08-12 00:00:00+00:00,0.0,1.00346385232573,1.00346385232573,0.0,0,2024
2024-08-13 00:00:00+00:00,0.0,1.00346385232573,1.00346385232573,0.0,0,2024
2024-08-14 00:00:00+00:00,0.0,1.00346385232573,1.00346385232573,0.0,0,2024
2024-08-15 00:00:00+00:00,0.0,1.00346385232573,1.00346385232573,0.0,0,2024
2024-08-16 00:00:00+00:00,0.0,1.00346385232573,1.00346385232573,0.0,0,2024
2024-08-17 00:00:00+00:00,0.0,1.00346385232573,1.00346385232573,0.0,0,2024
2024-08-18 00:00:00+00:00,0.0,1.00346385232573,1.00346385232573,0.0,0,2024
2024-08-19 00:00:00+00:00,0.0,1.00346385232573,1.00346385232573,0.0,0,2024
2024-08-20 00:00:00+00:00,0.0,1.00346385232573,1.00346385232573,0.0,0,2024
2024-08-21 00:00:00+00:00,0.0,1.00346385232573,1.00346385232573,0.0,0,2024
2024-08-22 00:00:00+00:00,0.0,1.00346385232573,1.00346385232573,0.0,0,2024
2024-08-23 00:00:00+00:00,0.0,1.00346385232573,1.00346385232573,0.0,0,2024
2024-08-24 00:00:00+00:00,0.0,1.00346385232573,1.00346385232573,0.0,0,2024
2024-08-25 00:00:00+00:00,0.0,1.00346385232573,1.00346385232573,0.0,0,2024
2024-08-26 00:00:00+00:00,0.0,1.00346385232573,1.00346385232573,0.0,0,2024
2024-08-27 00:00:00+00:00,0.0,1.00346385232573,1.00346385232573,0.0,0,2024
2024-08-28 00:00:00+00:00,0.0,1.00346385232573,1.00346385232573,0.0,0,2024
2024-08-29 00:00:00+00:00,0.0,1.00346385232573,1.00346385232573,0.0,0,2024
2024-08-30 00:00:00+00:00,0.0,1.00346385232573,1.00346385232573,0.0,0,2024
2024-08-31 00:00:00+00:00,0.0,1.00346385232573,1.00346385232573,0.0,0,2024
2024-09-01 00:00:00+00:00,0.0,1.00346385232573,1.00346385232573,0.0,0,2024
2024-09-02 00:00:00+00:00,0.0,1.00346385232573,1.00346385232573,0.0,0,2024
2024-09-03 00:00:00+00:00,0.0,1.00346385232573,1.00346385232573,0.0,0,2024
2024-09-04 00:00:00+00:00,0.0,1.00346385232573,1.00346385232573,0.0,0,2024
2024-09-05 00:00:00+00:00,0.0,1.00346385232573,1.00346385232573,0.0,0,2024
2024-09-06 00:00:00+00:00,0.0,1.00346385232573,1.00346385232573,0.0,0,2024
2024-09-07 00:00:00+00:00,0.0,1.00346385232573,1.00346385232573,0.0,0,2024
2024-09-08 00:00:00+00:00,0.0,1.00346385232573,1.00346385232573,0.0,0,2024
2024-09-09 00:00:00+00:00,0.0,1.00346385232573,1.00346385232573,0.0,0,2024
2024-09-10 00:00:00+00:00,0.0,1.00346385232573,1.00346385232573,0.0,0,2024
2024-09-11 00:00:00+00:00,0.0,1.00346385232573,1.00346385232573,0.0,0,2024
2024-09-12 00:00:00+00:00,0.0,1.00346385232573,1.00346385232573,0.0,0,2024
2024-09-13 00:00:00+00:00,0.0,1.00346385232573,1.00346385232573,0.0,0,2024
2024-09-14 00:00:00+00:00,0.0,1.00346385232573,1.00346385232573,0.0,0,2024
2024-09-15 00:00:00+00:00,0.0,1.00346385232573,1.00346385232573,0.0,0,2024
2024-09-16 00:00:00+00:00,0.0,1.00346385232573,1.00346385232573,0.0,0,2024
2024-09-17 00:00:00+00:00,0.0,1.00346385232573,1.00346385232573,0.0,0,2024
2024-09-18 00:00:00+00:00,0.0,1.00346385232573,1.00346385232573,0.0,0,2024
2024-09-19 00:00:00+00:00,0.0,1.00346385232573,1.00346385232573,0.0,0,2024
2024-09-20 00:00:00+00:00,0.0,1.00346385232573,1.00346385232573,0.0,0,2024
2024-09-21 00:00:00+00:00,0.0,1.00346385232573,1.00346385232573,0.0,0,2024
2024-09-22 00:00:00+00:00,0.0,1.00346385232573,1.00346385232573,0.0,0,2024
2024-09-23 00:00:00+00:00,0.0,1.00346385232573,1.00346385232573,0.0,0,2024
2024-09-24 00:00:00+00:00,-1.2119082378858614e-05,1.0034516912646394,1.0033628769049656,0.04876596491538783,1,2024
2024-09-25 00:00:00+00:00,-0.0014949950139883095,1.0019515359894207,1.0033628769049656,0.04734174557498761,1,2024
2024-09-26 00:00:00+00:00,0.0007236359346771692,1.0026765841256675,1.0033628769049656,0.04803062482357728,1,2024
2024-09-27 00:00:00+00:00,0.000874499280071106,1.0035534240766295,1.0033628769049656,0.048862393975294495,1,2024
2024-09-28 00:00:00+00:00,-0.0005021480490373653,1.0030494916826247,1.0033603419414834,0.048387069386325345,1,2024
2024-09-29 00:00:00+00:00,-0.00043145244195941235,1.002616723530032,1.0033603419414834,0.04797631644325149,1,2024
2024-09-30 00:00:00+00:00,-0.0022636871478779463,1.0003471129387296,1.0033603419414834,0.04581634316255333,1,2024
2024-10-01 00:00:00+00:00,-0.0005893566113363002,0.999757551754088,0.999757551754088,0.0,0,2024
2024-10-02 00:00:00+00:00,0.0,0.999757551754088,0.999757551754088,0.0,0,2024
2024-10-03 00:00:00+00:00,0.0,0.999757551754088,0.999757551754088,0.0,0,2024
2024-10-04 00:00:00+00:00,0.0,0.999757551754088,0.999757551754088,0.0,0,2024
2024-10-05 00:00:00+00:00,0.0,0.999757551754088,0.999757551754088,0.0,0,2024
2024-10-06 00:00:00+00:00,0.0,0.999757551754088,0.999757551754088,0.0,0,2024
2024-10-07 00:00:00+00:00,0.0,0.999757551754088,0.999757551754088,0.0,0,2024
2024-10-08 00:00:00+00:00,0.0,0.999757551754088,0.999757551754088,0.0,0,2024
2024-10-09 00:00:00+00:00,0.0,0.999757551754088,0.999757551754088,0.0,0,2024
2024-10-10 00:00:00+00:00,0.0,0.999757551754088,0.999757551754088,0.0,0,2024
2024-10-11 00:00:00+00:00,0.0,0.999757551754088,0.999757551754088,0.0,0,2024
2024-10-12 00:00:00+00:00,0.0,0.999757551754088,0.999757551754088,0.0,0,2024
2024-10-13 00:00:00+00:00,0.0,0.999757551754088,0.999757551754088,0.0,0,2024
2024-10-14 00:00:00+00:00,0.0,0.999757551754088,0.999757551754088,0.0,0,2024
2024-10-15 00:00:00+00:00,0.0,0.999757551754088,0.999757551754088,0.0,0,2024
2024-10-16 00:00:00+00:00,0.0003275537975699905,1.0000850261368144,0.9996316031252741,0.055921829482209244,1,2024
2024-10-17 00:00:00+00:00,-0.00017433828076263147,0.9999106730327413,0.999614872436709,0.055773944001095296,1,2024
2024-10-18 00:00:00+00:00,0.0008157193535214269,1.0007263195205267,0.9995978919600546,0.05656050784732507,1,2024
2024-10-19 00:00:00+00:00,-5.8875032308502995e-05,1.000667401726133,0.9995809240683708,0.05652191612117185,1,2024
2024-10-20 00:00:00+00:00,0.0005310887369047723,1.0011988449125775,0.9995637916039919,0.05703983268315244,1,2024
2024-10-21 00:00:00+00:00,-0.0017658795444626119,0.9994308483524068,0.9994586414078513,0.09398433160032066,2,2024
2024-10-22 00:00:00+00:00,0.00033173191828295145,0.999762391464922,0.9994303542066784,0.09431308016964822,2,2024
2024-10-23 00:00:00+00:00,9.06156111033507e-05,0.9998529855449828,0.9994020313304184,0.09442346914800898,2,2024
2024-10-24 00:00:00+00:00,0.0026802952743054664,1.0025328867771393,0.9993728957431126,0.09687325536504088,2,2024
2024-10-25 00:00:00+00:00,-0.00409262562839019,0.9984298949914111,0.9993475746680824,0.0931872674372555,2,2024
2024-10-26 00:00:00+00:00,0.0017019457176941089,1.0001291684756095,0.9993268941685268,0.09474866908451798,2,2024
2024-10-27 00:00:00+00:00,0.0020659415537116477,1.0021953768838423,0.9993048476901061,0.09663700785914534,2,2024
2024-10-28 00:00:00+00:00,0.00195439590813562,1.0041540634275765,0.9992798321541558,0.09842400503230733,2,2024
2024-10-29 00:00:00+00:00,0.00241871927259818,1.0065828302134465,1.0006096893795347,0.08060940943287845,2,2024
2024-10-30 00:00:00+00:00,-0.0011155715606642191,1.0054599150346075,1.0005856770361385,0.07960649992753159,2,2024
2024-10-31 00:00:00+00:00,-0.002493467279408468,1.0029528336357119,1.0005624098370025,0.07732899080850382,2,2024
2024-11-01 00:00:00+00:00,-0.0008497257192344732,1.0021005988177925,1.000477873981601,0.045904826242689795,1,2024
2024-11-02 00:00:00+00:00,-9.889000897467248e-05,1.0020015010805818,1.0004640992023284,0.045824213695260255,1,2024
2024-11-03 00:00:00+00:00,-0.0004127015558148539,1.0015879735021571,1.000450444384884,0.04544389444729069,1,2024
2024-11-04 00:00:00+00:00,-0.001237791091903917,1.000348216830798,1.000348216830798,0.0,0,2024
2024-11-05 00:00:00+00:00,0.0,1.000348216830798,1.000348216830798,0.0,0,2024
2024-11-06 00:00:00+00:00,0.0,1.000348216830798,1.000348216830798,0.0,0,2024
2024-11-07 00:00:00+00:00,0.0016932191041529876,1.0020420255423412,1.0001470332435716,0.08893733196767319,2,2024
2024-11-08 00:00:00+00:00,0.0018586017996078397,1.0039044226542968,1.0000256096706752,0.13149922484252477,3,2024
2024-11-09 00:00:00+00:00,0.002454513299974481,1.006368519411605,1.0006689250110654,0.1248563073074015,3,2024
2024-11-10 00:00:00+00:00,0.0049896464339682645,1.011389942505745,1.0018121096949275,0.16328406067641904,4,2024
2024-11-11 00:00:00+00:00,0.010384316273874594,1.0218925355449406,1.0037627329295804,0.1537514455411622,4,2024
2024-11-12 00:00:00+00:00,-0.0049470238266174915,1.0168372088233573,1.0063357065235194,0.12450802966495862,4,2024
2024-11-13 00:00:00+00:00,0.0004007192935266968,1.0172446751113087,1.0078917796476206,0.06149325384120597,2,2024
2024-11-14 00:00:00+00:00,-0.001872014219989393,1.0153403786142918,1.0078669048275317,0.05975755975657483,2,2024
2024-11-15 00:00:00+00:00,0.0025289901852596497,1.0179081644665051,1.0078476011275859,0.0621483893231388,2,2024
2024-11-16 00:00:00+00:00,-0.0005584542900373135,1.0173397092851948,1.0078218811810333,0.06164963098685667,2,2024
2024-11-17 00:00:00+00:00,0.002090419322111181,1.0194663758706355,1.009862496333922,0.05219971622653193,2,2024
2024-11-18 00:00:00+00:00,0.0003806942703161731,1.0198544808787093,1.0098272447890755,0.052594966322688196,2,2024
2024-11-19 00:00:00+00:00,0.00043097805937075684,1.020294015783719,1.0097927278937828,0.05303693155016184,2,2024
2024-11-20 00:00:00+00:00,0.0005890099772030144,1.020894979138696,1.0167095082613649,0.01975406603842417,1,2024
2024-11-21 00:00:00+00:00,0.003556357224081763,1.0245256463727848,1.0165996298195163,0.06692097499438247,2,2024
2024-11-22 00:00:00+00:00,0.00026732793211525774,1.0247995306952287,1.0165671761298387,0.06720201474664758,2,2024
2024-11-23 00:00:00+00:00,-0.0007496284512816809,1.0240313118101594,1.0165391959123182,0.06652956186091638,2,2024
2024-11-24 00:00:00+00:00,-0.00010808085290592295,1.0239206336325766,1.0164996927189731,0.06646724100177996,2,2024
2024-11-25 00:00:00+00:00,-0.0038577325430242393,1.0199706216827382,1.0164658994132838,0.06288510621255303,2,2024
2024-11-26 00:00:00+00:00,-0.000818516104624023,1.0191357593026475,1.0164297095226247,0.06215294460093681,2,2024
2024-11-27 00:00:00+00:00,0.002724180128339748,1.0219120686862202,1.0163971463531303,0.06473273285330987,2,2024
2024-11-28 00:00:00+00:00,-0.0012177672858723065,1.020667617599936,1.0162959360559112,0.09561479256765712,3,2024
2024-11-29 00:00:00+00:00,0.0014064488162361943,1.02210313436248,1.016253283466517,0.09692670784252456,3,2024
2024-11-30 00:00:00+00:00,-3.149523995282788e-05,1.0220709429790067,1.01621190446123,0.09693874988981974,3,2024
2024-12-01 00:00:00+00:00,0.0003157333391883288,1.0223936448507207,1.0161687360616052,0.09726600931381273,3,2024
2024-12-02 00:00:00+00:00,-0.002214848316019813,1.0201291980081137,1.0160919442343643,0.09533742878546002,3,2024
2024-12-03 00:00:00+00:00,0.0003789654038550694,1.0205157916816212,1.0160261210088668,0.09574463468621683,3,2024
2024-12-04 00:00:00+00:00,0.0028889849389777122,1.0234640464337783,1.015853366152193,0.1328321444293743,4,2024
2024-12-05 00:00:00+00:00,-0.0014707142054494193,1.0219588233219215,1.0163788207538955,0.12230166904802668,4,2024
2024-12-06 00:00:00+00:00,0.0036088142954644464,1.0256468829329017,1.017002606929207,0.11849589246724611,4,2024
2024-12-07 00:00:00+00:00,0.0009386825555277589,1.0266096397700424,1.016903502068344,0.11941910507955933,4,2024
2024-12-08 00:00:00+00:00,8.198174316520479e-06,1.0266180560948241,1.016829619786536,0.11949829084502815,4,2024
2024-12-09 00:00:00+00:00,-0.01158942071965674,1.014720147524345,1.014720147524345,0.0,0,2024
2024-12-10 00:00:00+00:00,0.0,1.014720147524345,1.014720147524345,0.0,0,2024
2024-12-11 00:00:00+00:00,0.0,1.014720147524345,1.014720147524345,0.0,0,2024
2024-12-12 00:00:00+00:00,0.0,1.014720147524345,1.014720147524345,0.0,0,2024
2024-12-13 00:00:00+00:00,0.0,1.014720147524345,1.014720147524345,0.0,0,2024
2024-12-14 00:00:00+00:00,0.0,1.014720147524345,1.014720147524345,0.0,0,2024
2024-12-15 00:00:00+00:00,0.0,1.014720147524345,1.014720147524345,0.0,0,2024
2024-12-16 00:00:00+00:00,0.0,1.014720147524345,1.014720147524345,0.0,0,2024
2024-12-17 00:00:00+00:00,-7.932306361113639e-05,1.0146396568135354,1.0146179054436155,0.04424080956951593,1,2024
2024-12-18 00:00:00+00:00,-0.0024702008321159097,1.0121332930889768,1.0146055436377988,0.041886259655226944,1,2024
2024-12-19 00:00:00+00:00,-0.001160193061107928,1.0109590230654186,1.0109590230654186,0.0,0,2024
2024-12-20 00:00:00+00:00,0.0,1.0109590230654186,1.0109590230654186,0.0,0,2024
2024-12-21 00:00:00+00:00,0.0,1.0109590230654186,1.0109590230654186,0.0,0,2024
2024-12-22 00:00:00+00:00,0.0,1.0109590230654186,1.0109590230654186,0.0,0,2024
2024-12-23 00:00:00+00:00,0.0,1.0109590230654186,1.0109590230654186,0.0,0,2024
2024-12-24 00:00:00+00:00,0.0,1.0109590230654186,1.0109590230654186,0.0,0,2024
2024-12-25 00:00:00+00:00,0.0,1.0109590230654186,1.0109590230654186,0.0,0,2024
2024-12-26 00:00:00+00:00,0.0,1.0109590230654186,1.0109590230654186,0.0,0,2024
2024-12-27 00:00:00+00:00,0.0,1.0109590230654186,1.0109590230654186,0.0,0,2024
2024-12-28 00:00:00+00:00,0.0,1.0109590230654186,1.0109590230654186,0.0,0,2024
2024-12-29 00:00:00+00:00,0.0,1.0109590230654186,1.0109590230654186,0.0,0,2024
2024-12-30 00:00:00+00:00,0.0,1.0109590230654186,1.0109590230654186,0.0,0,2024
2024-12-31 00:00:00+00:00,0.0,1.0109590230654186,1.0109590230654186,0.0,0,2024
2025-01-01 00:00:00+00:00,0.0,1.0,1.0,0.0,0,2025
2025-01-02 00:00:00+00:00,0.0,1.0,1.0,0.0,0,2025
2025-01-03 00:00:00+00:00,0.0,1.0,1.0,0.0,0,2025
2025-01-04 00:00:00+00:00,0.0,1.0,1.0,0.0,0,2025
2025-01-05 00:00:00+00:00,0.0,1.0,1.0,0.0,0,2025
2025-01-06 00:00:00+00:00,0.0,1.0,1.0,0.0,0,2025
2025-01-07 00:00:00+00:00,0.0,1.0,1.0,0.0,0,2025
2025-01-08 00:00:00+00:00,0.0,1.0,1.0,0.0,0,2025
2025-01-09 00:00:00+00:00,0.0,1.0,1.0,0.0,0,2025
2025-01-10 00:00:00+00:00,0.0,1.0,1.0,0.0,0,2025
2025-01-11 00:00:00+00:00,0.0,1.0,1.0,0.0,0,2025
2025-01-12 00:00:00+00:00,0.0,1.0,1.0,0.0,0,2025
2025-01-13 00:00:00+00:00,0.0,1.0,1.0,0.0,0,2025
2025-01-14 00:00:00+00:00,0.0,1.0,1.0,0.0,0,2025
2025-01-15 00:00:00+00:00,0.0,1.0,1.0,0.0,0,2025
2025-01-16 00:00:00+00:00,0.0,1.0,1.0,0.0,0,2025
2025-01-17 00:00:00+00:00,0.0,1.0,1.0,0.0,0,2025
2025-01-18 00:00:00+00:00,0.0,1.0,1.0,0.0,0,2025
2025-01-19 00:00:00+00:00,-0.00027433494309925255,0.9997256650569007,1.0006165870859747,0.02396564072362594,1,2025
2025-01-20 00:00:00+00:00,-5.077276443188339e-05,0.9996749062212124,0.9996749062212124,0.0,0,2025
2025-01-21 00:00:00+00:00,0.0,0.9996749062212124,0.9996749062212124,0.0,0,2025
2025-01-22 00:00:00+00:00,0.0,0.9996749062212124,0.9996749062212124,0.0,0,2025
2025-01-23 00:00:00+00:00,0.0,0.9996749062212124,0.9996749062212124,0.0,0,2025
2025-01-24 00:00:00+00:00,0.0,0.9996749062212124,0.9996749062212124,0.0,0,2025
2025-01-25 00:00:00+00:00,0.0,0.9996749062212124,0.9996749062212124,0.0,0,2025
2025-01-26 00:00:00+00:00,0.0,0.9996749062212124,0.9996749062212124,0.0,0,2025
2025-01-27 00:00:00+00:00,0.0,0.9996749062212124,0.9996749062212124,0.0,0,2025
2025-01-28 00:00:00+00:00,0.0,0.9996749062212124,0.9996749062212124,0.0,0,2025
2025-01-29 00:00:00+00:00,0.0,0.9996749062212124,0.9996749062212124,0.0,0,2025
2025-01-30 00:00:00+00:00,0.0,0.9996749062212124,0.9996749062212124,0.0,0,2025
2025-01-31 00:00:00+00:00,0.0,0.9996749062212124,0.9996749062212124,0.0,0,2025
2025-02-01 00:00:00+00:00,0.0,0.9996749062212124,0.9996749062212124,0.0,0,2025
2025-02-02 00:00:00+00:00,0.0,0.9996749062212124,0.9996749062212124,0.0,0,2025
2025-02-03 00:00:00+00:00,0.0005642957030114193,1.0002390184752012,1.0003096718441262,0.01912893174448959,1,2025
2025-02-04 00:00:00+00:00,-3.819128046145259e-05,1.0002008180663182,1.0002008180663182,0.0,0,2025
2025-02-05 00:00:00+00:00,0.0,1.0002008180663182,1.0002008180663182,0.0,0,2025
2025-02-06 00:00:00+00:00,0.0,1.0002008180663182,1.0002008180663182,0.0,0,2025
2025-02-07 00:00:00+00:00,0.0,1.0002008180663182,1.0002008180663182,0.0,0,2025
2025-02-08 00:00:00+00:00,0.0,1.0002008180663182,1.0002008180663182,0.0,0,2025
2025-02-09 00:00:00+00:00,0.0,1.0002008180663182,1.0002008180663182,0.0,0,2025
2025-02-10 00:00:00+00:00,0.0,1.0002008180663182,1.0002008180663182,0.0,0,2025
2025-02-11 00:00:00+00:00,0.0,1.0002008180663182,1.0002008180663182,0.0,0,2025
2025-02-12 00:00:00+00:00,0.0,1.0002008180663182,1.0002008180663182,0.0,0,2025
2025-02-13 00:00:00+00:00,0.0,1.0002008180663182,1.0002008180663182,0.0,0,2025
2025-02-14 00:00:00+00:00,0.0,1.0002008180663182,1.0002008180663182,0.0,0,2025
2025-02-15 00:00:00+00:00,0.0,1.0002008180663182,1.0002008180663182,0.0,0,2025
2025-02-16 00:00:00+00:00,0.0,1.0002008180663182,1.0002008180663182,0.0,0,2025
2025-02-17 00:00:00+00:00,0.0,1.0002008180663182,1.0002008180663182,0.0,0,2025
2025-02-18 00:00:00+00:00,0.0,1.0002008180663182,1.0002008180663182,0.0,0,2025
2025-02-19 00:00:00+00:00,0.0,1.0002008180663182,1.0002008180663182,0.0,0,2025
2025-02-20 00:00:00+00:00,0.0,1.0002008180663182,1.0002008180663182,0.0,0,2025
2025-02-21 00:00:00+00:00,0.0,1.0002008180663182,1.0002008180663182,0.0,0,2025
2025-02-22 00:00:00+00:00,0.0,1.0002008180663182,1.0002008180663182,0.0,0,2025
2025-02-23 00:00:00+00:00,0.0,1.0002008180663182,1.0002008180663182,0.0,0,2025
2025-02-24 00:00:00+00:00,0.0,1.0002008180663182,1.0002008180663182,0.0,0,2025
2025-02-25 00:00:00+00:00,-0.00038025511736372586,0.9998204865868571,1.00016234412048,0.019648758550287117,1,2025
2025-02-26 00:00:00+00:00,0.003905116415191534,1.0037249019812722,1.0007464833568704,0.058092963038642094,2,2025
2025-02-27 00:00:00+00:00,-0.0005220117458589746,1.0032009457928268,1.0007575610964985,0.05865663086405056,2,2025
2025-02-28 00:00:00+00:00,-0.001238101282909132,1.001958881414825,1.0007710359776063,0.059982428354825416,2,2025
2025-03-01 00:00:00+00:00,-0.0001907046206471863,1.0017678032264408,1.0007733928154185,0.06018696313751821,2,2025
2025-03-02 00:00:00+00:00,-0.004617207977889892,0.9971424329333904,0.9971424329333904,0.0,0,2025
2025-03-03 00:00:00+00:00,0.0,0.9971424329333904,0.9971424329333904,0.0,0,2025
2025-03-04 00:00:00+00:00,0.0,0.9971424329333904,0.9971424329333904,0.0,0,2025
2025-03-05 00:00:00+00:00,0.0,0.9971424329333904,0.9971424329333904,0.0,0,2025
2025-03-06 00:00:00+00:00,0.0,0.9971424329333904,0.9971424329333904,0.0,0,2025
2025-03-07 00:00:00+00:00,0.0,0.9971424329333904,0.9971424329333904,0.0,0,2025
2025-03-08 00:00:00+00:00,0.0,0.9971424329333904,0.9971424329333904,0.0,0,2025
2025-03-09 00:00:00+00:00,0.0,0.9971424329333904,0.9971424329333904,0.0,0,2025
2025-03-10 00:00:00+00:00,0.0,0.9971424329333904,0.9971424329333904,0.0,0,2025
2025-03-11 00:00:00+00:00,-0.0005120381729359913,0.9966318579438743,0.997112483277261,0.015961059377402033,1,2025
2025-03-12 00:00:00+00:00,0.00012749776765486054,0.996758926280936,0.9971123832312249,0.01583144275199319,1,2025
2025-03-13 00:00:00+00:00,0.0003620200080707292,0.9971197729554727,0.9971134848636605,0.015464929344593712,1,2025
2025-03-14 00:00:00+00:00,-0.00038771023038897123,0.9967331794185748,0.9971160083766709,0.01586131997329943,1,2025
2025-03-15 00:00:00+00:00,-0.0002099614636185132,0.9965239038613869,0.9971175493712939,0.016076202865276504,1,2025
2025-03-16 00:00:00+00:00,0.0004163142536968145,0.996938770966714,0.9971162440843099,0.01565206259470758,1,2025
2025-03-17 00:00:00+00:00,-0.0003251636185137574,0.9966146027485098,0.997118063783741,0.015984248996517132,1,2025
2025-03-18 00:00:00+00:00,-4.2006739930711134e-05,0.996572738218081,0.9971198022057473,0.016028673376008627,1,2025
2025-03-19 00:00:00+00:00,-0.0010305191458895857,0.9955457509310757,0.9971234828096006,0.017080487552970494,1,2025
2025-03-20 00:00:00+00:00,0.0006022854964728985,0.9961453536979367,0.9971233174508427,0.016468117449601024,1,2025
2025-03-21 00:00:00+00:00,0.00015113939144728583,0.9962959105004876,0.9971256904055548,0.016316894069721484,1,2025
2025-03-22 00:00:00+00:00,-0.00012272775861610352,0.9961736373364735,0.9971254558655285,0.01644140423301417,1,2025
2025-03-23 00:00:00+00:00,-0.00021008343624939751,0.9959643577556407,0.997126661884306,0.016656197511639614,1,2025
2025-03-24 00:00:00+00:00,-0.0006245140816090178,0.9953423639894416,0.997128595754373,0.017293453304454996,1,2025
2025-03-25 00:00:00+00:00,0.00012759199662659704,0.9954693617089901,0.9971299143757265,0.017164995983470054,1,2025
2025-03-26 00:00:00+00:00,0.0004701499208912274,0.9959373815506473,0.9971302160198221,0.016687303545092996,1,2025
2025-03-27 00:00:00+00:00,5.144323020966901e-05,0.9959886157866409,0.9971327175442707,0.01663751615595327,1,2025
2025-03-28 00:00:00+00:00,0.0008874361456192581,0.9968724920849154,0.9971331169429233,0.015736515864596293,1,2025
2025-03-29 00:00:00+00:00,0.0005714559828806642,0.9974421608346864,0.9971343752880866,0.01515766023908014,1,2025
2025-03-30 00:00:00+00:00,0.00016835601073683648,0.9976100862178252,0.9971340942152476,0.014986499367473153,1,2025
2025-03-31 00:00:00+00:00,-0.00012043036488251779,0.9974899436711315,0.9971347492217892,0.015109405939327155,1,2025
2025-04-01 00:00:00+00:00,-0.0006844270479776648,0.9968072345735973,0.9971356218946873,0.01580552558539114,1,2025
2025-04-02 00:00:00+00:00,0.0009151220800340809,0.9977194348834934,0.9971367935342578,0.014877963744550892,1,2025
2025-04-03 00:00:00+00:00,-0.00018481734446895715,0.9975350390270131,0.9971375654340384,0.015066339274007513,1,2025
2025-04-04 00:00:00+00:00,5.493477229778776e-06,0.9975405189630359,0.997138825729503,0.015062026463598555,1,2025
2025-04-05 00:00:00+00:00,9.08419583389719e-05,0.9976311374973009,0.9971399216934935,0.014970923183418595,1,2025
2025-04-06 00:00:00+00:00,0.0018681475017161553,0.9994948596144507,0.9971406311351624,0.013079053207357453,1,2025
2025-04-07 00:00:00+00:00,0.00015034563017102265,0.9996451292989721,0.9977905752599663,0.03138076893398154,2,2025
2025-04-08 00:00:00+00:00,0.0008337248360488214,1.0004785582705038,0.9977822868529266,0.030513313041623143,2,2025
2025-04-09 00:00:00+00:00,-0.003999701591507865,0.9964769425887198,0.9977792527154055,0.03464856587098468,2,2025
2025-04-10 00:00:00+00:00,0.002227243747113361,0.9986963396282431,0.9977857755138894,0.032355803722272286,2,2025
2025-04-11 00:00:00+00:00,-0.0019920359155364276,0.9967069006509889,0.9977869858650827,0.034417612689553234,2,2025
2025-04-12 00:00:00+00:00,-0.001005654405629497,0.9957045579652279,0.994242278761898,0.010925992707952198,1,2025
2025-04-13 00:00:00+00:00,0.00031223961150117496,0.9960154563695769,0.9942442001917248,0.01061236921323295,1,2025
2025-04-14 00:00:00+00:00,-0.0001714329383818436,0.9958447065132178,0.9942462073841024,0.010787666735139463,1,2025
2025-04-15 00:00:00+00:00,0.00023326295209935566,0.9960770001892915,0.9942467021388443,0.01055243910911316,1,2025
2025-04-16 00:00:00+00:00,7.576356473903978e-05,0.9961524665335804,0.9942465790005058,0.01047575824027385,1,2025
2025-04-17 00:00:00+00:00,-4.076732858804277e-05,0.9961118560586534,0.9942474037410997,0.01051778227681503,1,2025
2025-04-18 00:00:00+00:00,-3.388685546068526e-05,0.9960781009601645,0.9942472071957561,0.010551829388070014,1,2025
2025-04-19 00:00:00+00:00,-0.00016154218320774127,0.9959171923290899,0.9942486637143181,0.010716565001956672,1,2025
2025-04-20 00:00:00+00:00,0.00017286049301712403,0.9960893470659601,0.9942495175921343,0.010542739464125216,1,2025
2025-04-21 00:00:00+00:00,5.450563646092199e-05,0.9961436395497938,0.9942513872473858,0.010489539084190012,1,2025
2025-04-22 00:00:00+00:00,-0.0011751130705401902,0.9949730581388233,0.9942519132936178,0.011678904270497326,1,2025
2025-04-23 00:00:00+00:00,-0.00025557617073723726,0.9947187667346374,0.9942550365110936,0.011940671189284586,1,2025
2025-04-24 00:00:00+00:00,0.0001728472349216137,0.9948907011229922,0.9942571262300773,0.011767890720862813,1,2025
2025-04-25 00:00:00+00:00,-9.807857752464066e-05,0.9947931236582336,0.9942586358541918,0.011868650735615037,1,2025
2025-04-26 00:00:00+00:00,-0.0002412376515803505,0.994553142101274,0.9942584622618197,0.012112635910059552,1,2025
2025-04-27 00:00:00+00:00,0.00019767098372458491,0.9947497363992395,0.9942578752386408,0.011912020027496048,1,2025
2025-04-28 00:00:00+00:00,-6.153887798865387e-05,0.994688520616582,0.9942562970425396,0.011972709166793468,1,2025
2025-04-29 00:00:00+00:00,1.9149435712684237e-05,0.9947075683404617,0.9942578042997852,0.011954846108284591,1,2025
2025-04-30 00:00:00+00:00,2.419000878961519e-05,0.994731630325283,0.9942563167747166,0.011928872100393697,1,2025
2025-05-01 00:00:00+00:00,-0.000501342033789931,0.9942329295466605,0.9942329295466605,0.0,0,2025
2025-05-02 00:00:00+00:00,0.00016766833306425255,0.9943996309246351,0.9941214502489765,0.06639282589966616,1,2025
2025-05-03 00:00:00+00:00,-0.0007020012280983812,0.9937015611625054,0.9941242185175073,0.0657341862919031,1,2025
2025-05-04 00:00:00+00:00,-0.00108411032295197,0.9926242790421157,0.9941195001737807,0.06472499325257991,1,2025
2025-05-05 00:00:00+00:00,0.0003210904908563794,0.9929430012591094,0.9941201555152971,0.06502454476938982,1,2025
2025-05-06 00:00:00+00:00,0.0014387299839702106,0.9943715781273942,0.9941154200885586,0.0663725516553261,1,2025
2025-05-07 00:00:00+00:00,0.00012826413824096328,0.994499120340954,0.9941137582873211,0.06649395821081727,1,2025
2025-05-08 00:00:00+00:00,0.004007800560557273,0.9984848744729301,0.9947731260811864,0.05639144522592422,1,2025
2025-05-09 00:00:00+00:00,0.004325023443528364,1.002803344963034,0.9952570769778609,0.13105960086495452,3,2025
2025-05-10 00:00:00+00:00,0.0052096745787633125,1.0080276240567867,0.9971383945678526,0.19610782074177074,4,2025
2025-05-11 00:00:00+00:00,-0.0033134571726156636,1.004687567695661,0.9977891047634199,0.1850032095312931,4,2025
2025-05-12 00:00:00+00:00,0.0002932505990707046,1.0049821929267666,0.9977632632801374,0.18526785113678265,4,2025
2025-05-13 00:00:00+00:00,0.004644730182997048,1.0096500640516282,0.9977351757770289,0.1890623858094291,4,2025
2025-05-14 00:00:00+00:00,-0.00366666164347651,1.0059480188884364,0.9977075542817835,0.1861054674387305,4,2025
2025-05-15 00:00:00+00:00,-0.0019053159596599256,1.00403137007346,0.997695431492461,0.18456385504676542,4,2025
2025-05-16 00:00:00+00:00,-0.0012656642935028328,1.0027606034188012,0.9976784239750378,0.18354743942262552,4,2025
2025-05-17 00:00:00+00:00,-0.0027246823801637676,1.0000283992711436,0.9939586971000749,0.07877543060489026,2,2025
2025-05-18 00:00:00+00:00,0.0010643963829195524,1.0010928258821448,0.9956468118859765,0.057976912042132206,1,2025
2025-05-19 00:00:00+00:00,-0.0003044293472554971,1.0007880638466193,0.9976829402361181,0.03594820457762907,1,2025
2025-05-20 00:00:00+00:00,0.00042600681767535065,1.001214406384866,0.9976768413686382,0.03636481380166902,1,2025
2025-05-21 00:00:00+00:00,0.0009487345745513576,1.0021642931087422,0.9976689820260988,0.03728602364612034,1,2025
2025-05-22 00:00:00+00:00,0.0006870447025892901,1.0028528247774466,0.9976575620241386,0.0379583845807707,1,2025
2025-05-23 00:00:00+00:00,-0.0015019232242778902,1.0013466168293808,0.9976483479277297,0.03652050022893191,1,2025
2025-05-24 00:00:00+00:00,0.00013965940853077896,1.0014864643056214,0.9976424914569402,0.03666088819447415,1,2025
2025-05-25 00:00:00+00:00,0.0004210019970884993,1.001908092107151,0.997635598291187,0.037073165249470914,1,2025
2025-05-26 00:00:00+00:00,0.00013652596485136392,1.0020448785761185,0.9976254876362068,0.0372147018409071,1,2025
2025-05-27 00:00:00+00:00,-0.00017569841330200564,1.0018688208808952,0.9976190315171357,0.037051956341576896,1,2025
2025-05-28 00:00:00+00:00,-0.00040078077598104667,1.0014672911174314,0.997615068302634,0.03666982794947595,1,2025
2025-05-29 00:00:00+00:00,-0.000748344384498445,1.0007178486938648,0.9976098955495304,0.03595355437978954,1,2025
2025-05-30 00:00:00+00:00,-0.0005465294925020014,1.0001709268758805,0.9976049828690824,0.03543129829317892,1,2025
2025-05-31 00:00:00+00:00,0.0001953108826757699,1.0003662711424353,0.9975975893319434,0.035627043100220496,1,2025
2025-06-01 00:00:00+00:00,0.00035182500714170395,1.0007182250129243,0.997595476474811,0.035968325634476085,1,2025
2025-06-02 00:00:00+00:00,7.529824894136894e-05,1.0007935773429515,0.9975920791282732,0.036044304718617755,1,2025
2025-06-03 00:00:00+00:00,-0.00017050760339065718,1.00062293442859,0.9975865037177766,0.03588548685307233,1,2025
2025-06-04 00:00:00+00:00,-0.0002357705731258486,1.0003870169858569,0.9975852330385923,0.03565939360374102,1,2025
2025-06-05 00:00:00+00:00,-0.0011334622628177415,0.9992531160538906,0.9992531160538906,0.0,0,2025
2025-06-06 00:00:00+00:00,0.0,0.9992531160538906,0.9992531160538906,0.0,0,2025
2025-06-07 00:00:00+00:00,0.0,0.9992531160538906,0.9992531160538906,0.0,0,2025
2025-06-08 00:00:00+00:00,0.0,0.9992531160538906,0.9992531160538906,0.0,0,2025
2025-06-09 00:00:00+00:00,0.0,0.9992531160538906,0.9992531160538906,0.0,0,2025
2025-06-10 00:00:00+00:00,0.0,0.9992531160538906,0.9992531160538906,0.0,0,2025
2025-06-11 00:00:00+00:00,-0.0006828259521883817,0.9985708000934439,0.9991680928507594,0.03649938997543373,1,2025
2025-06-12 00:00:00+00:00,-0.0017064919536508016,0.9968667470579338,0.9991606669955004,0.03485982251188553,1,2025
2025-06-13 00:00:00+00:00,-0.0012744319237742996,0.9955963082517341,0.9955963082517341,0.0,0,2025
2025-06-14 00:00:00+00:00,0.0,0.9955963082517341,0.9955963082517341,0.0,0,2025
2025-06-15 00:00:00+00:00,0.0,0.9955963082517341,0.9955963082517341,0.0,0,2025
2025-06-16 00:00:00+00:00,0.0,0.9955963082517341,0.9955963082517341,0.0,0,2025
2025-06-17 00:00:00+00:00,0.0,0.9955963082517341,0.9955963082517341,0.0,0,2025
2025-06-18 00:00:00+00:00,0.0,0.9955963082517341,0.9955963082517341,0.0,0,2025
2025-06-19 00:00:00+00:00,0.0,0.9955963082517341,0.9955963082517341,0.0,0,2025
2025-06-20 00:00:00+00:00,0.0,0.9955963082517341,0.9955963082517341,0.0,0,2025
2025-06-21 00:00:00+00:00,0.0008846483118432058,0.9964770608451062,0.9955375004564693,0.027204862779992775,1,2025
2025-06-22 00:00:00+00:00,0.0007401896006142827,0.9972146428027944,0.9955378580580413,0.02644545739266765,1,2025
2025-06-23 00:00:00+00:00,-0.002563395920513134,0.9946583868555577,0.9955398507596095,0.029085408999413163,1,2025
2025-06-24 00:00:00+00:00,-0.00028345481757374724,0.9943764461439634,0.9955423824897773,0.02937973697128681,1,2025
2025-06-25 00:00:00+00:00,0.000477316006190609,0.9948510779378869,0.9955462324258549,0.028892501820359236,1,2025
2025-06-26 00:00:00+00:00,0.0009059877424548723,0.9957524008200666,0.9955460581334362,0.027961006554218144,1,2025
2025-06-27 00:00:00+00:00,-0.0006185488565569885,0.9951364793111255,0.9955451580302768,0.02859633970125305,1,2025
2025-06-28 00:00:00+00:00,-0.0017271384030841386,0.9934177408813973,0.9955532875216683,0.030384124915897974,1,2025
2025-06-29 00:00:00+00:00,-0.0005049683326421306,0.9929160963811674,0.9955604880933228,0.03091195108666197,1,2025
2025-06-30 00:00:00+00:00,-0.0009060390343181846,0.9920164756400432,0.9920164756400432,0.0,0,2025
2025-07-01 00:00:00+00:00,0.0,0.9920164756400432,0.9920164756400432,0.0,0,2025
2025-07-02 00:00:00+00:00,0.0,0.9920164756400432,0.9920164756400432,0.0,0,2025
2025-07-03 00:00:00+00:00,0.0,0.9920164756400432,0.9920164756400432,0.0,0,2025
2025-07-04 00:00:00+00:00,0.0,0.9920164756400432,0.9920164756400432,0.0,0,2025
2025-07-05 00:00:00+00:00,0.0,0.9920164756400432,0.9920164756400432,0.0,0,2025
2025-07-06 00:00:00+00:00,0.0,0.9920164756400432,0.9920164756400432,0.0,0,2025
2025-07-07 00:00:00+00:00,0.0,0.9920164756400432,0.9920164756400432,0.0,0,2025
2025-07-08 00:00:00+00:00,0.0,0.9920164756400432,0.9920164756400432,0.0,0,2025
2025-07-09 00:00:00+00:00,0.0,0.9920164756400432,0.9920164756400432,0.0,0,2025
2025-07-10 00:00:00+00:00,0.0,0.9920164756400432,0.9920164756400432,0.0,0,2025
2025-07-11 00:00:00+00:00,0.0007879128631520516,0.9927980981816589,0.9917619144073091,0.11238924249987105,2,2025
2025-07-12 00:00:00+00:00,-0.00029429562081584315,0.9925059220490097,0.9917315910826628,0.1121584979282868,2,2025
2025-07-13 00:00:00+00:00,0.0013818879296012554,0.993877454002747,0.9917031756495729,0.11341229276789888,2,2025
2025-07-14 00:00:00+00:00,0.001183574673031984,0.9950537821854022,0.9923378587095101,0.09917671151633627,2,2025
2025-07-15 00:00:00+00:00,-0.0004751360280466077,0.9945809962836418,0.9921930476391109,0.04028286400764009,1,2025
2025-07-16 00:00:00+00:00,0.0025808808988327936,0.9971478913792924,0.9928580880370783,0.034529583363270895,1,2025
2025-07-17 00:00:00+00:00,0.0024862590207082036,0.9996270593192143,0.9947156846377898,0.11571023692484832,2,2025
2025-07-18 00:00:00+00:00,0.0029371354237366365,1.0025630993656665,0.9973816447808114,0.06979956156067718,2,2025
2025-07-19 00:00:00+00:00,0.0003560345497228834,1.0029200464673178,0.9984993029983674,0.102285430567397,2,2025
2025-07-20 00:00:00+00:00,0.0036241138899915093,1.0065547429382709,0.9984911134895129,0.10553523839875799,2,2025
2025-07-21 00:00:00+00:00,0.0008903360825744944,1.0074509149449953,0.9991389049215665,0.08994022752226785,2,2025
2025-07-22 00:00:00+00:00,0.0037070088601331985,1.0111855444128457,0.9990292135735639,0.13408311980041046,3,2025
2025-07-23 00:00:00+00:00,-0.004591240809793007,1.0065429480750647,1.0010288188853005,0.1044597200814167,3,2025
2025-07-24 00:00:00+00:00,-0.0017482325801171372,1.0047832768999527,1.002680047496096,0.06177428425208387,2,2025
2025-07-25 00:00:00+00:00,-0.0007793275876480932,1.0040002215726571,0.999061390618528,0.023682407264370795,1,2025
2025-07-26 00:00:00+00:00,9.352979215360158e-05,1.004094125504703,0.9990542271556673,0.023780847760369487,1,2025
2025-07-27 00:00:00+00:00,0.000829011841144478,1.0049265314243698,0.999047256549222,0.024596411069758982,1,2025
2025-07-28 00:00:00+00:00,-0.0018491999501557554,1.0030682213325497,0.998918007008304,0.07483691813440801,2,2025
2025-07-29 00:00:00+00:00,-0.001187949426951107,1.0018766270138248,0.9989052490979975,0.07374929802973865,2,2025
2025-07-30 00:00:00+00:00,-0.0011157893856137413,1.0007587437077083,0.9952804184472244,0.024298200340540078,1,2025
2025-07-31 00:00:00+00:00,-0.0007183987959905602,1.0000397998311517,0.9952771185564584,0.023600053183234437,1,2025
2025-08-01 00:00:00+00:00,-0.001342218010880969,0.9986975284002205,0.99527662373409,0.022288245659784368,1,2025
2025-08-02 00:00:00+00:00,-0.0006040568671916713,0.998094258299943,0.9952735011462074,0.021700423742844418,1,2025
2025-08-03 00:00:00+00:00,0.0006525440441549346,0.998745558763702,0.9952698746756954,0.02234202202841435,1,2025
2025-08-04 00:00:00+00:00,0.001433087980435399,1.0001768490194796,0.9952683446683703,0.02374261667930262,1,2025
2025-08-05 00:00:00+00:00,-0.0006983285599325706,0.9994783969608259,0.9952672767882155,0.02306146028705697,1,2025
2025-08-06 00:00:00+00:00,0.0004497028181174034,0.9999278652125866,0.9952633144407179,0.023504557454796994,1,2025
2025-08-07 00:00:00+00:00,0.001445491296556689,1.0013732522389358,0.9952581960059929,0.024919147145006735,1,2025
2025-08-08 00:00:00+00:00,0.0007702269447786847,1.002144536899591,1.002144536899591,0.0,0,2025
2025-08-09 00:00:00+00:00,0.0021579597870402534,1.0043071245110222,1.0020610402485972,0.038091941750354213,1,2025
2025-08-10 00:00:00+00:00,-0.00010375595295031292,1.0042029216682637,1.0020496233389382,0.03800349683293122,1,2025
2025-08-11 00:00:00+00:00,-0.00025627630073676855,1.0039455682583096,1.002038920628201,0.03776755737843695,1,2025
2025-08-12 00:00:00+00:00,0.002927415824807378,1.0068845344020743,1.0027148621155595,0.03275212851017692,1,2025
2025-08-13 00:00:00+00:00,0.0011249834492532695,1.0080172628385857,1.002704625942677,0.03384919835495324,1,2025
2025-08-14 00:00:00+00:00,-0.004664285121107836,1.0033155829177078,1.0009073702823452,0.020345716836129454,1,2025
2025-08-15 00:00:00+00:00,-0.0006968953376286224,1.0026163769658023,1.0026163769658023,0.0,0,2025
2025-08-16 00:00:00+00:00,0.0,1.0026163769658023,1.0026163769658023,0.0,0,2025
2025-08-17 00:00:00+00:00,0.0,1.0026163769658023,1.0026163769658023,0.0,0,2025
2025-08-18 00:00:00+00:00,0.0,1.0026163769658023,1.0026163769658023,0.0,0,2025
2025-08-19 00:00:00+00:00,0.0,1.0026163769658023,1.0026163769658023,0.0,0,2025
2025-08-20 00:00:00+00:00,0.0,1.0026163769658023,1.0026163769658023,0.0,0,2025
2025-08-21 00:00:00+00:00,0.0,1.0026163769658023,1.0026163769658023,0.0,0,2025
2025-08-22 00:00:00+00:00,0.0,1.0026163769658023,1.0026163769658023,0.0,0,2025
2025-08-23 00:00:00+00:00,-0.001607956459043658,1.0010042134865171,1.0024178980375287,0.07838168195003398,2,2025
2025-08-24 00:00:00+00:00,-0.00021978042217951632,1.0007842123578736,1.0023977390692183,0.07819922693167505,2,2025
2025-08-25 00:00:00+00:00,-0.005079263268121026,0.9957009658687288,0.9987951362647065,0.029802267232698257,1,2025
2025-08-26 00:00:00+00:00,-0.0004759788678027066,0.9952270332503246,0.9952270332503246,0.0,0,2025
2025-08-27 00:00:00+00:00,0.0,0.9952270332503246,0.9952270332503246,0.0,0,2025
2025-08-28 00:00:00+00:00,0.0,0.9952270332503246,0.9952270332503246,0.0,0,2025
2025-08-29 00:00:00+00:00,-0.0012072811861765231,0.9940255143771072,0.9951685834882168,0.025291263923085863,1,2025
2025-08-30 00:00:00+00:00,-0.00029510561372336763,0.9937321718676302,0.9951683670705372,0.02500375477619628,1,2025
2025-08-31 00:00:00+00:00,-0.00025433625216697564,0.9934794297513796,0.9951633716929607,0.02476074296382483,1,2025
2025-09-01 00:00:00+00:00,-0.00041651296166234086,0.9930656326917432,0.9951604417494421,0.024357324317265693,1,2025
2025-09-02 00:00:00+00:00,0.0015152340042419166,0.9945703595068418,0.99515415875243,0.025839731950846732,1,2025
2025-09-03 00:00:00+00:00,0.00013182986327842094,0.9947014735813564,0.9951491347675743,0.02597318918435415,1,2025
2025-09-04 00:00:00+00:00,-0.0010422940621492849,0.9936647021418314,0.9951450502288587,0.024961018139230216,1,2025
2025-09-05 00:00:00+00:00,0.00013152737022581462,0.9937953962469903,0.9951445121506605,0.0250897870245669,1,2025
2025-09-06 00:00:00+00:00,-0.00040495636893600473,0.9933929524718608,0.995139444332612,0.024699932508778347,1,2025
2025-09-07 00:00:00+00:00,0.0007667207446815372,0.9941546074561415,0.9951370091278141,0.025449591924710628,1,2025
2025-09-08 00:00:00+00:00,0.0009457139419211114,0.9950947933288379,0.9951291344609313,0.026378280527023783,1,2025
2025-09-09 00:00:00+00:00,0.00037310938621670786,0.9954660725364043,0.9951214347464667,0.02674914722466953,1,2025
2025-09-10 00:00:00+00:00,0.0008349775185798602,0.9962972643274811,0.9951149482082646,0.027567622479881485,1,2025
2025-09-11 00:00:00+00:00,0.000572617101698869,0.9968677611794108,0.9951114575666329,0.028127636830291475,1,2025
2025-09-12 00:00:00+00:00,0.0016579425368581369,0.9985205106442927,0.9957957871064802,0.0237865000045806,1,2025
2025-09-13 00:00:00+00:00,0.0005145331570570733,0.9990342825550207,0.9956210313372017,0.09581675005386765,2,2025
2025-09-14 00:00:00+00:00,-0.0008364993415327371,0.9981985910354948,0.9956116044635752,0.09506921203172229,2,2025
2025-09-15 00:00:00+00:00,-0.0010538283239172053,0.9971466610873674,0.9956104661750245,0.09411570584712671,2,2025
2025-09-16 00:00:00+00:00,0.0030500376357163184,1.0001879959320128,0.9956052506276283,0.09687550003346694,2,2025
2025-09-17 00:00:00+00:00,0.003075474479170559,1.0032640485878745,0.9962520952083553,0.08478928748727022,2,2025
2025-09-18 00:00:00+00:00,-0.0003266220546863652,1.0029363604229318,0.9962266936632133,0.08451558899092548,2,2025
2025-09-19 00:00:00+00:00,-0.0007206363599173704,1.0022136080149278,0.9962147431496637,0.0838673059863829,2,2025
2025-09-20 00:00:00+00:00,0.0030821169092827283,1.0053025475229038,0.9982677751929332,0.06336753870567552,2,2025
2025-09-21 00:00:00+00:00,-0.00017367387304134674,1.0051279527358972,0.9982666368474448,0.06320597440020294,2,2025
2025-09-22 00:00:00+00:00,-0.0042643838873426265,1.0008417012895325,0.9982225490244555,0.03822916589474498,1,2025
2025-09-23 00:00:00+00:00,-0.0009474043244430685,0.9998934995336479,0.9998934995336479,0.0,0,2025
2025-09-24 00:00:00+00:00,0.0,0.9998934995336479,0.9998934995336479,0.0,0,2025
2025-09-25 00:00:00+00:00,0.0,0.9998934995336479,0.9998934995336479,0.0,0,2025
2025-09-26 00:00:00+00:00,0.0,0.9998934995336479,0.9998934995336479,0.0,0,2025
2025-09-27 00:00:00+00:00,0.0,0.9998934995336479,0.9998934995336479,0.0,0,2025
2025-09-28 00:00:00+00:00,0.0,0.9998934995336479,0.9998934995336479,0.0,0,2025
2025-09-29 00:00:00+00:00,0.0,0.9998934995336479,0.9998934995336479,0.0,0,2025
2025-09-30 00:00:00+00:00,0.0,0.9998934995336479,0.9998934995336479,0.0,0,2025
2025-10-01 00:00:00+00:00,0.0,0.9998934995336479,0.9998934995336479,0.0,0,2025
2025-10-02 00:00:00+00:00,0.0,0.9998934995336479,0.9998934995336479,0.0,0,2025
2025-10-03 00:00:00+00:00,0.003715537347344089,1.0036086411745317,1.0004729247262758,0.037387453455513725,1,2025
2025-10-04 00:00:00+00:00,-0.0012288326801800364,1.0023753740781454,1.0004667730433454,0.03620924544299364,1,2025
2025-10-05 00:00:00+00:00,0.0005178020576264153,1.002894406109357,1.0004650769309584,0.03670973121929277,1,2025
2025-10-06 00:00:00+00:00,0.001755645589672561,1.0046551332503502,1.0004609391349004,0.038402082216847634,1,2025
2025-10-07 00:00:00+00:00,0.002087520940866172,1.006752371879359,1.0025281539408597,0.02554339873071189,1,2025
2025-10-08 00:00:00+00:00,2.9548491250031006e-05,1.0067821198930105,1.0025281539408597,0.025572191602282093,1,2025
2025-10-09 00:00:00+00:00,-0.0009917041645524094,1.0057836898719157,1.0025281539408597,0.024604888207833752,1,2025
2025-10-10 00:00:00+00:00,-0.001543279403305009,1.0042314846191562,1.0042314846191562,0.0,0,2025
2025-10-11 00:00:00+00:00,0.0005048005265733124,1.0047384212013935,1.0041729692879326,0.02809791956618729,1,2025
2025-10-12 00:00:00+00:00,-0.0030419631157240223,1.001682043983148,1.004169625331274,0.03123155974840239,1,2025
2025-10-13 00:00:00+00:00,-0.0010875082524502977,1.000592706493985,1.000592706493985,0.0,0,2025
2025-10-14 00:00:00+00:00,0.0,1.000592706493985,1.000592706493985,0.0,0,2025
2025-10-15 00:00:00+00:00,0.0,1.000592706493985,1.000592706493985,0.0,0,2025
2025-10-16 00:00:00+00:00,0.0,1.000592706493985,1.000592706493985,0.0,0,2025
2025-10-17 00:00:00+00:00,0.0,1.000592706493985,1.000592706493985,0.0,0,2025
2025-10-18 00:00:00+00:00,0.0,1.000592706493985,1.000592706493985,0.0,0,2025
2025-10-19 00:00:00+00:00,0.0,1.000592706493985,1.000592706493985,0.0,0,2025
2025-10-20 00:00:00+00:00,0.0,1.000592706493985,1.000592706493985,0.0,0,2025
2025-10-21 00:00:00+00:00,0.0,1.000592706493985,1.000592706493985,0.0,0,2025
2025-10-22 00:00:00+00:00,0.0,1.000592706493985,1.000592706493985,0.0,0,2025
2025-10-23 00:00:00+00:00,0.0,1.000592706493985,1.000592706493985,0.0,0,2025
2025-10-24 00:00:00+00:00,0.0,1.000592706493985,1.000592706493985,0.0,0,2025
2025-10-25 00:00:00+00:00,0.0,1.000592706493985,1.000592706493985,0.0,0,2025
2025-10-26 00:00:00+00:00,0.0,1.000592706493985,1.000592706493985,0.0,0,2025
2025-10-27 00:00:00+00:00,0.0,1.000592706493985,1.000592706493985,0.0,0,2025
2025-10-28 00:00:00+00:00,0.0,1.000592706493985,1.000592706493985,0.0,0,2025
2025-10-29 00:00:00+00:00,0.0,1.000592706493985,1.000592706493985,0.0,0,2025
2025-10-30 00:00:00+00:00,0.0,1.000592706493985,1.000592706493985,0.0,0,2025
2025-10-31 00:00:00+00:00,0.0,1.000592706493985,1.000592706493985,0.0,0,2025
2025-11-01 00:00:00+00:00,0.0,1.000592706493985,1.000592706493985,0.0,0,2025
2025-11-02 00:00:00+00:00,0.0,1.000592706493985,1.000592706493985,0.0,0,2025
2025-11-03 00:00:00+00:00,0.0,1.000592706493985,1.000592706493985,0.0,0,2025
2025-11-04 00:00:00+00:00,0.0,1.000592706493985,1.000592706493985,0.0,0,2025
2025-11-05 00:00:00+00:00,-0.002362956187492271,0.9982283497670155,1.0004536825468757,0.0757724429557619,2,2025
2025-11-06 00:00:00+00:00,0.0020713273961310286,1.0002960074954825,1.0004639943338864,0.07355908070883864,2,2025
2025-11-07 00:00:00+00:00,-0.0018927230779860471,0.9984027241572785,1.0004781226518062,0.0756090348891329,2,2025
2025-11-08 00:00:00+00:00,0.0007701129280783814,0.9991716070025807,1.0004912629172544,0.07479448305036354,2,2025
2025-11-09 00:00:00+00:00,-0.0025828414212084594,0.996590905189119,1.0005004446005346,0.07758690844808354,2,2025
2025-11-10 00:00:00+00:00,-0.00045432530750566524,0.9961381287196616,1.0005167594609587,0.07809308408962125,2,2025
2025-11-11 00:00:00+00:00,0.0026023315123735458,0.9987304103627055,1.0005204297623231,0.07529848548618008,2,2025
2025-11-12 00:00:00+00:00,0.0006701511210747135,0.9993997106668614,1.0005264666266738,0.07458439608688723,2,2025
2025-11-13 00:00:00+00:00,0.0024163710964817398,1.001814631241549,1.0005397380925791,0.07200730804990821,2,2025
2025-11-14 00:00:00+00:00,0.003322453329730024,1.0051431135988897,1.0005541620028944,0.06847175828252712,2,2025
2025-11-15 00:00:00+00:00,-0.0010344534050732435,1.0041033398824415,1.0005327638258095,0.08875057592989179,3,2025
2025-11-16 00:00:00+00:00,0.001582039031279514,1.0056918705575737,1.0012358316239256,0.07851117860095413,3,2025
2025-11-17 00:00:00+00:00,0.0021492358540655676,1.0078533395839182,1.0012567893640314,0.0762189693317363,3,2025
2025-11-18 00:00:00+00:00,-0.002342845028237228,1.0054920953980817,1.0012753741233784,0.07876478799613372,3,2025
2025-11-19 00:00:00+00:00,0.0018318656682392298,1.0073340218473275,1.0012879420492087,0.07680472566638727,3,2025
2025-11-20 00:00:00+00:00,0.0038088039476560365,1.0111707596463477,1.004070814854927,0.05636630381321075,3,2025
2025-11-21 00:00:00+00:00,0.0014718125640449387,1.0126590134747901,1.004072051647336,0.05481503691825833,3,2025
2025-11-22 00:00:00+00:00,0.00021738475342325536,1.0128791501047363,1.0040745769467947,0.05458827923649403,3,2025
2025-11-23 00:00:00+00:00,-0.0010946723422466942,1.0117703793130783,1.0040762494620958,0.055745626022370855,3,2025
2025-11-24 00:00:00+00:00,-0.0023866442567184176,1.009355643348173,1.0040807166814996,0.05827576905885322,3,2025
2025-11-25 00:00:00+00:00,9.550022602189401e-05,1.009452037040249,1.0040782772553654,0.05817229655009015,3,2025
2025-11-26 00:00:00+00:00,-0.001694465928611777,1.0077415549569166,1.004081412029082,0.05997148754219126,3,2025
2025-11-27 00:00:00+00:00,0.00018390529665768263,1.0079268839665352,1.004085344203633,0.059780490263994256,3,2025
2025-11-28 00:00:00+00:00,0.000474692464244697,1.0084053392628638,1.0040832371010038,0.059275569602314865,3,2025
2025-11-29 00:00:00+00:00,0.0004912087024475653,1.0089006767411044,1.004084103650463,0.05875635859173092,3,2025
2025-11-30 00:00:00+00:00,0.00043554424336411657,1.0093400976229852,1.0040940920620454,0.058305320094123536,3,2025
2025-12-01 00:00:00+00:00,0.003120553495637779,1.01248979739291,1.0040979396419119,0.055016895408840485,3,2025
2025-12-02 00:00:00+00:00,-0.0040650645870085045,1.0083739609728206,1.0041019926022892,0.05932713158165617,3,2025
2025-12-03 00:00:00+00:00,-0.002688844033818194,1.0056626006640013,1.0058178602551024,0.0408418098586454,2,2025
2025-12-04 00:00:00+00:00,0.0011525096921325417,1.0068216365582818,1.0058284606211219,0.03965413906527383,2,2025
2025-12-05 00:00:00+00:00,0.0015277331606411426,1.008359791359303,1.0058343585074878,0.038074096770161235,2,2025
2025-12-06 00:00:00+00:00,4.369103051971024e-05,1.0084038476377222,1.0058349051134676,0.03802928627528544,2,2025
2025-12-07 00:00:00+00:00,-0.00014255951698061153,1.0082600900722816,1.0058363031911717,0.038178674952114154,2,2025
2025-12-08 00:00:00+00:00,-0.0005618381943403028,1.00769361104385,1.0058410573936245,0.0387670091869257,2,2025
2025-12-09 00:00:00+00:00,-0.0017380217881780569,1.0059422175920478,1.0058006308230207,0.019017862806681142,1,2025
2025-12-10 00:00:00+00:00,0.0002290062262739756,1.0061725846231482,1.0058033485392146,0.01878725584417281,1,2025
2025-12-11 00:00:00+00:00,-2.896281299646919e-05,1.0061434430347376,1.0057991928512204,0.018812633329928444,1,2025
2025-12-12 00:00:00+00:00,0.0005806696315253657,1.0067276799770661,1.005804589767232,0.018226743944524563,1,2025
2025-12-13 00:00:00+00:00,-0.00011936452194538649,1.0066075124088165,1.0058024111731718,0.01834613430889672,1,2025
2025-12-14 00:00:00+00:00,0.0005120216151275336,1.0071229172131195,1.0058000525966204,0.017822644020267002,1,2025
2025-12-15 00:00:00+00:00,0.00021686674915688542,1.007341328686177,1.0057991433882436,0.017601057409043934,1,2025
2025-12-16 00:00:00+00:00,-0.00018970552673491792,1.0071502304688167,1.0057968275295863,0.01779183916491763,1,2025
2025-12-17 00:00:00+00:00,0.0008181029738276724,1.0079741830674545,1.005799021625635,0.01696203801648122,1,2025
2025-12-18 00:00:00+00:00,0.00049731414000731,1.0084754628814563,1.0057964191145694,0.016453959167576644,1,2025
2025-12-19 00:00:00+00:00,-0.0009170180917313919,1.0075506726369268,1.00579888339661,0.017389367195269824,1,2025
2025-12-20 00:00:00+00:00,7.02609893983297e-05,1.0076214641440553,1.005803045835961,0.01732202038924787,1,2025
2025-12-21 00:00:00+00:00,-2.7430320516441675e-05,1.0075938247643346,1.0058059447789718,0.017352803718669003,1,2025
2025-12-22 00:00:00+00:00,1.4702642122887966e-05,1.0076086390557453,1.0058082661201742,0.0173401499767248,1,2025
2025-12-23 00:00:00+00:00,0.00026251956739953286,1.0078731560397782,1.0058062668330972,0.017071164704461222,1,2025
2025-12-24 00:00:00+00:00,0.00020271667627347334,1.0080774687360758,1.0058079161149047,0.016866665272053438,1,2025
2025-12-25 00:00:00+00:00,0.0003535492787538619,1.0084338737980756,1.0058117423599153,0.01651107410124051,1,2025
2025-12-26 00:00:00+00:00,-0.000308617471849737,1.0081226534854164,1.0058156220136205,0.016828732420792573,1,2025
2025-12-27 00:00:00+00:00,-0.00033382856660602034,1.0077861133450403,1.0058191677400254,0.01717181058606379,1,2025
2025-12-28 00:00:00+00:00,-6.920472443605608e-05,1.0077163697847757,1.0058243818810106,0.017247382767621593,1,2025
2025-12-29 00:00:00+00:00,0.00028030164354375664,1.0079988343394524,1.0058264491087903,0.01696437737964741,1,2025
2025-12-30 00:00:00+00:00,-0.00023748627159680957,1.0077594484545112,1.0058272054889636,0.01720670038438901,1,2025
2025-12-31 00:00:00+00:00,1.49211486699663e-05,1.007774485383065,1.007774485383065,0.0,0,2025
2026-01-01 00:00:00+00:00,0.0,1.0,1.0,0.0,0,2026
2026-01-02 00:00:00+00:00,0.0,1.0,1.0,0.0,0,2026
2026-01-03 00:00:00+00:00,0.0,1.0,1.0,0.0,0,2026
2026-01-04 00:00:00+00:00,0.0,1.0,1.0,0.0,0,2026
2026-01-05 00:00:00+00:00,0.0,1.0,1.0,0.0,0,2026
2026-01-06 00:00:00+00:00,0.0,1.0,1.0,0.0,0,2026
2026-01-07 00:00:00+00:00,0.0,1.0,1.0,0.0,0,2026
2026-01-08 00:00:00+00:00,0.0,1.0,1.0,0.0,0,2026
2026-01-09 00:00:00+00:00,0.0,1.0,1.0,0.0,0,2026
2026-01-10 00:00:00+00:00,0.0,1.0,1.0,0.0,0,2026
2026-01-11 00:00:00+00:00,0.0,1.0,1.0,0.0,0,2026
2026-01-12 00:00:00+00:00,0.0,1.0,1.0,0.0,0,2026
2026-01-13 00:00:00+00:00,0.0,1.0,1.0,0.0,0,2026
2026-01-14 00:00:00+00:00,0.0012272233742016692,1.0012272233742017,0.9996894193914714,0.14351501319918372,2,2026
2026-01-15 00:00:00+00:00,-0.0023149427818677237,0.9989094396404421,0.9996764612664151,0.14154067121451908,2,2026
2026-01-16 00:00:00+00:00,0.00044185207210922783,0.9993508098461966,0.9996637143751499,0.14193257089377517,2,2026
2026-01-17 00:00:00+00:00,0.00034024253824394,0.9996908315023348,0.9996594231428946,0.1422287151928415,2,2026
2026-01-18 00:00:00+00:00,-0.002249140229478308,0.9974423866361624,0.9996418932862134,0.1403126931643022,2,2026
2026-01-19 00:00:00+00:00,-0.0014243672909504124,0.9960216623260303,0.9996362008012066,0.13909215126555716,2,2026
2026-01-20 00:00:00+00:00,-0.0036864667580591703,0.9923498615775586,0.9923498615775586,0.0,0,2026
2026-01-21 00:00:00+00:00,0.0,0.9923498615775586,0.9923498615775586,0.0,0,2026
2026-01-22 00:00:00+00:00,0.0,0.9923498615775586,0.9923498615775586,0.0,0,2026
2026-01-23 00:00:00+00:00,0.0,0.9923498615775586,0.9923498615775586,0.0,0,2026
2026-01-24 00:00:00+00:00,0.0,0.9923498615775586,0.9923498615775586,0.0,0,2026
2026-01-25 00:00:00+00:00,0.0,0.9923498615775586,0.9923498615775586,0.0,0,2026
2026-01-26 00:00:00+00:00,0.0,0.9923498615775586,0.9923498615775586,0.0,0,2026
2026-01-27 00:00:00+00:00,0.0,0.9923498615775586,0.9923498615775586,0.0,0,2026
2026-01-28 00:00:00+00:00,0.0,0.9923498615775586,0.9923498615775586,0.0,0,2026
2026-01-29 00:00:00+00:00,0.0,0.9923498615775586,0.9923498615775586,0.0,0,2026
2026-01-30 00:00:00+00:00,0.0,0.9923498615775586,0.9923498615775586,0.0,0,2026
2026-01-31 00:00:00+00:00,0.003179895509374031,0.995505430446117,0.992960690211711,0.024536717960047763,1,2026
2026-02-01 00:00:00+00:00,0.0049568641761810195,1.000440015651489,0.9927073424857951,0.13187391863248527,4,2026
2026-02-02 00:00:00+00:00,-0.003531030914874167,0.9969074310277464,0.9926885252037199,0.13586588718948403,4,2026
2026-02-03 00:00:00+00:00,0.005759773248484645,1.0026493917801955,0.9947429893764534,0.12132259382147653,4,2026
2026-02-04 00:00:00+00:00,0.006360006821123809,1.0090262487511132,0.9967733327499072,0.09391115740411236,4,2026
2026-02-05 00:00:00+00:00,0.01171762663162168,1.0208496415954846,1.0009108361951975,0.059671884361955155,4,2026
2026-02-06 00:00:00+00:00,-0.00587459567907056,1.014852562701987,1.0029610179839392,0.0604148462098102,4,2026
2026-02-07 00:00:00+00:00,0.0004590266635631224,1.0153184070878527,1.0029475350452173,0.05991503133599849,4,2026
2026-02-08 00:00:00+00:00,-5.2678059617505824e-05,1.0152649220842733,1.002934049931626,0.059957586185194624,4,2026
2026-02-09 00:00:00+00:00,6.681688903786842e-05,1.0153327589279162,1.00292794688552,0.059880756965943735,4,2026
2026-02-10 00:00:00+00:00,0.0017613851282094473,1.0171211509496756,1.0029160346733688,0.0580054695430598,4,2026
2026-02-11 00:00:00+00:00,0.0017215928711078465,1.0188722194722035,1.0029090420976967,0.056180282228585,4,2026
2026-02-12 00:00:00+00:00,0.00011587426053494276,1.0189902805372144,1.0029044737127,0.05605342905203472,4,2026
2026-02-13 00:00:00+00:00,-0.0021560809931606695,1.0167932549611327,1.0029039168792122,0.058334738008924775,4,2026
2026-02-14 00:00:00+00:00,-0.0013204761941804088,1.0154506036735533,1.0029029765333184,0.05973316561106194,4,2026
2026-02-15 00:00:00+00:00,0.0011081169260060975,1.016575841675007,1.0046209775905595,0.04770620341810483,3,2026
2026-02-16 00:00:00+00:00,-0.0005389206016725989,1.0160279880107657,1.004618223891959,0.048268428072081954,3,2026
2026-02-17 00:00:00+00:00,0.0006825667944998504,1.0167214949776644,1.0046209957445182,0.047556129169121664,3,2026
2026-02-18 00:00:00+00:00,0.0008711253685427245,1.017607186864682,1.0046218185419689,0.04664517926692403,3,2026
2026-02-19 00:00:00+00:00,-0.00020108099149740433,1.0174025654025924,1.0046172022023105,0.046851144667777324,3,2026
2026-02-20 00:00:00+00:00,-0.0008984838124466155,1.0164884456668366,1.0046165156671472,0.047791893931236694,3,2026
2026-02-21 00:00:00+00:00,-5.001716544716928e-06,1.0164833614797604,1.0046202212827258,0.04780078024057206,3,2026
2026-02-22 00:00:00+00:00,0.0004771322976933057,1.0169683585215903,1.0046214459086864,0.047302283263124065,3,2026
2026-02-23 00:00:00+00:00,0.001951530219417963,1.018953003005437,1.0046170063291513,0.04525806505797674,3,2026
2026-02-24 00:00:00+00:00,0.0005358815316636178,1.019499041101381,1.0046172346385605,0.04469845451279299,3,2026
2026-02-25 00:00:00+00:00,-0.003585183209825038,1.0158439502567915,1.0046185174847573,0.048458629096376965,3,2026
2026-02-26 00:00:00+00:00,0.00042595642100118347,1.0162766555101386,1.0046198370975994,0.04801352003927884,3,2026
2026-02-27 00:00:00+00:00,0.0013700903701319156,1.0176690463692428,1.004616904595065,0.04657672980450529,3,2026
2026-02-28 00:00:00+00:00,-0.0006070495540539955,1.0170512708284698,1.0046130353945728,0.04720863531719349,3,2026
2026-03-01 00:00:00+00:00,0.00045571656347220824,1.017514757938487,1.0046151319573629,0.046733682853450295,3,2026
2026-03-02 00:00:00+00:00,-0.0019165341014236725,1.015564656206196,1.0046121264422283,0.04874067634282536,3,2026
2026-03-03 00:00:00+00:00,0.0005329533228832783,1.016105904764324,1.004611738205298,0.04818166215622554,3,2026
2026-03-04 00:00:00+00:00,-0.002765444888399249,1.013295919883921,1.0063131646806756,0.03083556024539482,2,2026
2026-03-05 00:00:00+00:00,0.0002945292556932877,1.0135943651770016,1.0096476154225862,0.012737082821024719,1,2026
2026-03-06 00:00:00+00:00,0.0005800306463203952,1.014182280971742,1.0096466463483689,0.012149049276841987,1,2026
2026-03-07 00:00:00+00:00,5.595889504439455e-05,1.0142390334915588,1.0096456442899455,0.012091425713293488,1,2026
2026-03-08 00:00:00+00:00,0.00019664469963842635,1.0144384782216613,1.009643103752892,0.011889938050234295,1,2026
2026-03-09 00:00:00+00:00,-0.0003476079718858216,1.0140858513196438,1.0096413032047784,0.012240025831719353,1,2026
2026-03-10 00:00:00+00:00,-0.0002633546401802356,1.0138187871051576,1.009642825815311,0.012508176019268156,1,2026
2026-03-11 00:00:00+00:00,-9.55492732634955e-05,1.0137219174568288,1.009643148337483,0.012605247840857993,1,2026
2026-03-12 00:00:00+00:00,-0.00013375903860812777,1.0135863229877338,1.009642189945601,0.012739765519332513,1,2026
2026-03-13 00:00:00+00:00,-0.00011260909350374604,1.0134721839507144,1.0096427501303074,0.012854374808204293,1,2026
2026-03-14 00:00:00+00:00,-2.667604331929585e-05,1.0134451485228324,1.009642255641293,0.012880906547420594,1,2026
2026-03-15 00:00:00+00:00,-0.0005069095763268194,1.0129314234719642,1.0096422784352643,0.013394628480764762,1,2026
2026-03-16 00:00:00+00:00,-0.0010662260093906584,1.0118514096425293,1.0096458950042406,0.014479863696080066,1,2026
2026-03-17 00:00:00+00:00,-2.8959727392141588e-05,1.0118221067015447,1.0118221067015447,0.0,0,2026
2026-03-18 00:00:00+00:00,0.0,1.0118221067015447,1.0118221067015447,0.0,0,2026
2026-03-19 00:00:00+00:00,0.0,1.0118221067015447,1.0118221067015447,0.0,0,2026
2026-03-20 00:00:00+00:00,0.0,1.0118221067015447,1.0118221067015447,0.0,0,2026
2026-03-21 00:00:00+00:00,0.0,1.0118221067015447,1.0118221067015447,0.0,0,2026
2026-03-22 00:00:00+00:00,0.0,1.0118221067015447,1.0118221067015447,0.0,0,2026
2026-03-23 00:00:00+00:00,0.0,1.0118221067015447,1.0118221067015447,0.0,0,2026
2026-03-24 00:00:00+00:00,0.0,1.0118221067015447,1.0118221067015447,0.0,0,2026
2026-03-25 00:00:00+00:00,0.0,1.0118221067015447,1.0118221067015447,0.0,0,2026
2026-03-26 00:00:00+00:00,0.0,1.0118221067015447,1.0118221067015447,0.0,0,2026
2026-03-27 00:00:00+00:00,0.0,1.0118221067015447,1.0118221067015447,0.0,0,2026
2026-03-28 00:00:00+00:00,0.0,1.0118221067015447,1.0118221067015447,0.0,0,2026
2026-03-29 00:00:00+00:00,0.0,1.0118221067015447,1.0118221067015447,0.0,0,2026
2026-03-30 00:00:00+00:00,0.0,1.0118221067015447,1.0118221067015447,0.0,0,2026
2026-03-31 00:00:00+00:00,0.0,1.0118221067015447,1.0118221067015447,0.0,0,2026
2026-04-01 00:00:00+00:00,0.0,1.0118221067015447,1.0118221067015447,0.0,0,2026
2026-04-02 00:00:00+00:00,0.0,1.0118221067015447,1.0118221067015447,0.0,0,2026
2026-04-03 00:00:00+00:00,0.0,1.0118221067015447,1.0118221067015447,0.0,0,2026
2026-04-04 00:00:00+00:00,0.0,1.0118221067015447,1.0118221067015447,0.0,0,2026
2026-04-05 00:00:00+00:00,0.0,1.0118221067015447,1.0118221067015447,0.0,0,2026
2026-04-06 00:00:00+00:00,0.0,1.0118221067015447,1.0118221067015447,0.0,0,2026
2026-04-07 00:00:00+00:00,0.0,1.0118221067015447,1.0118221067015447,0.0,0,2026
2026-04-08 00:00:00+00:00,0.0,1.0118221067015447,1.0118221067015447,0.0,0,2026
2026-04-09 00:00:00+00:00,0.0,1.0118221067015447,1.0118221067015447,0.0,0,2026
2026-04-10 00:00:00+00:00,0.0,1.0118221067015447,1.0118221067015447,0.0,0,2026
2026-04-11 00:00:00+00:00,0.0,1.0118221067015447,1.0118221067015447,0.0,0,2026
2026-04-12 00:00:00+00:00,0.0,1.0118221067015447,1.0118221067015447,0.0,0,2026
2026-04-13 00:00:00+00:00,0.0,1.0118221067015447,1.0118221067015447,0.0,0,2026
2026-04-14 00:00:00+00:00,0.0,1.0118221067015447,1.0118221067015447,0.0,0,2026
2026-04-15 00:00:00+00:00,0.0,1.0118221067015447,1.0118221067015447,0.0,0,2026
2026-04-16 00:00:00+00:00,0.0,1.0118221067015447,1.0118221067015447,0.0,0,2026
2026-04-17 00:00:00+00:00,0.0,1.0118221067015447,1.0118221067015447,0.0,0,2026
2026-04-18 00:00:00+00:00,-0.0022657277199026327,1.0095295933067807,1.0116495253980038,0.09224451526551407,2,2026
2026-04-19 00:00:00+00:00,-0.0027340412445892026,1.0067694977610466,1.0116809930745414,0.08972461418367661,2,2026
2026-04-20 00:00:00+00:00,0.002284320438343368,1.0090692819014828,1.0116882082716718,0.09179208540296509,2,2026
2026-04-21 00:00:00+00:00,0.0005905684947427048,1.0096652064283864,1.011702611981133,0.09231386198694652,2,2026
2026-04-22 00:00:00+00:00,0.002079018435780844,1.0117643190065175,1.0116961866856182,0.09420339361886904,2,2026
2026-04-23 00:00:00+00:00,-0.0006510083322464055,1.0111056520045747,1.0117056495546952,0.09360396941134876,2,2026
2026-04-24 00:00:00+00:00,-0.0008137213987043923,1.0102828936991877,1.011722584458938,0.09284905237658947,2,2026
2026-04-25 00:00:00+00:00,0.00021705214441913867,1.010502177767735,1.0117340356988411,0.09303457648015186,2,2026
2026-04-26 00:00:00+00:00,0.001549946253061707,1.0120684018318769,1.011735996193753,0.09443621156151785,2,2026
2026-04-27 00:00:00+00:00,-0.001968798898497548,1.0100758426771461,1.0117522026192278,0.09263377676860649,2,2026
2026-04-28 00:00:00+00:00,-0.0009524694350323548,1.0091137763099316,1.0117636788703663,0.09175734162519784,2,2026
2026-04-29 00:00:00+00:00,-0.0009967477692462978,1.008107944404479,1.0117580254541076,0.09085675748391905,2,2026
2026-04-30 00:00:00+00:00,0.0004900853489564483,1.0086020033381982,1.011769788174028,0.09129043461288322,2,2026
2026-05-01 00:00:00+00:00,0.0019730626358926973,1.0105920382654714,1.0117777101033194,0.09307200598530985,2,2026
2026-05-02 00:00:00+00:00,0.000685598365439466,1.0112848985150324,1.0117842780697304,0.09368687365590302,2,2026
2026-05-03 00:00:00+00:00,3.428198269705973e-07,1.0112852452035463,1.0117793211936847,0.0936920859186366,2,2026
2026-05-04 00:00:00+00:00,0.0013164585798326467,1.0126165603412527,1.0117738470128066,0.09488904010029567,2,2026
2026-05-05 00:00:00+00:00,0.000966218561625265,1.0135949692576636,1.0117857909856804,0.09575094716093661,2,2026
2026-05-06 00:00:00+00:00,0.00029000929546829646,1.0138889212205882,1.012488013851373,0.084358748000524,2,2026
2026-05-07 00:00:00+00:00,-0.0017617910283154181,1.0121026608154733,1.012502819832122,0.08272810344401647,2,2026
2026-05-08 00:00:00+00:00,0.00037525054496923005,1.0124824528905092,1.012508557265497,0.0830665144086825,2,2026
2026-05-09 00:00:00+00:00,0.0005736324027978412,1.0130632456327515,1.0125004150124377,0.08360023287980521,2,2026
2026-05-10 00:00:00+00:00,0.0015936797425351035,1.0146777440052233,1.0124857279689237,0.08507283143130678,2,2026
2026-05-11 00:00:00+00:00,-0.00079412892885522,1.0138719590552432,1.012474707188725,0.08435655384213424,2,2026
2026-05-12 00:00:00+00:00,-0.003765370877804708,1.0100543551067938,1.0123430070936479,0.14081065863587186,3,2026
2026-05-13 00:00:00+00:00,-0.0026773427951125583,1.0073500933564765,1.0086745193290196,0.08220088250362585,2,2026
2026-05-14 00:00:00+00:00,0.0013972875122305606,1.008757651062368,1.008663625155345,0.08349232192180052,2,2026
2026-05-15 00:00:00+00:00,-0.0020782037892318472,1.0066612470895135,1.0086653186065204,0.08158198337026665,2,2026
2026-05-16 00:00:00+00:00,-0.0009937295555872971,1.0056608980558164,1.00504130021378,0.04482189540326233,1,2026
2026-05-17 00:00:00+00:00,-0.0007068594130440475,1.0049500371836952,1.0049500371836952,0.0,0,2026
2026-05-18 00:00:00+00:00,0.0,1.0049500371836952,1.0049500371836952,0.0,0,2026
2026-05-19 00:00:00+00:00,0.0,1.0049500371836952,1.0049500371836952,0.0,0,2026
2026-05-20 00:00:00+00:00,0.0,1.0049500371836952,1.0049500371836952,0.0,0,2026
2026-05-21 00:00:00+00:00,0.0,1.0049500371836952,1.0049500371836952,0.0,0,2026
2026-05-22 00:00:00+00:00,0.0,1.0049500371836952,1.0049500371836952,0.0,0,2026
2026-05-23 00:00:00+00:00,0.0,1.0049500371836952,1.0049500371836952,0.0,0,2026
2026-05-24 00:00:00+00:00,0.0,1.0049500371836952,1.0049500371836952,0.0,0,2026
2026-05-25 00:00:00+00:00,0.0,1.0049500371836952,1.0049500371836952,0.0,0,2026
2026-05-26 00:00:00+00:00,0.0,1.0049500371836952,1.0049500371836952,0.0,0,2026
2026-05-27 00:00:00+00:00,0.0,1.0049500371836952,1.0049500371836952,0.0,0,2026
2026-05-28 00:00:00+00:00,0.0,1.0049500371836952,1.0049500371836952,0.0,0,2026
2026-05-29 00:00:00+00:00,0.0,1.0049500371836952,1.0049500371836952,0.0,0,2026
2026-05-30 00:00:00+00:00,0.0,1.0049500371836952,1.0049500371836952,0.0,0,2026
2026-05-31 00:00:00+00:00,-0.0007674750330509683,1.004178763120693,1.0048336982613602,0.05724227228285205,1,2026
2026-06-01 00:00:00+00:00,-0.0029643834169429395,1.0012019922476518,1.0012019922476518,0.0,0,2026
2026-06-02 00:00:00+00:00,0.0,1.0012019922476518,1.0012019922476518,0.0,0,2026
2026-06-03 00:00:00+00:00,0.004231067277602252,1.0054381452353212,1.0009437330287994,0.12857384715991155,3,2026
2026-06-04 00:00:00+00:00,0.002893486905835241,1.0083473673431869,1.0023068571494056,0.10841958068744992,3,2026
2026-06-05 00:00:00+00:00,0.007747542879070757,1.0161595818086764,1.005060547411059,0.08206213759538539,3,2026
2026-06-06 00:00:00+00:00,0.0008912131042819738,1.017065196544026,1.0070650085586044,0.10637097870884023,4,2026
2026-06-07 00:00:00+00:00,-0.006188602966736956,1.0107709838513288,1.0104827750716383,0.07761704951017036,2,2026
2026-06-08 00:00:00+00:00,0.0003208895315429672,1.011095329678834,1.0104857242977214,0.07727428126923283,2,2026
2026-06-09 00:00:00+00:00,0.0013872464583484234,1.0124979680939836,1.010486569363942,0.07578274126428527,2,2026
2026-06-10 00:00:00+00:00,0.0005629833744305035,1.0130679876166653,1.0104866831167567,0.07517754652971258,2,2026
2026-06-11 00:00:00+00:00,-0.0025307086808236123,1.0105042076661392,1.0104902668949567,0.07790895763548453,2,2026
2026-06-12 00:00:00+00:00,0.00015779555821926472,1.0106636607416708,1.0104945120999722,0.07774309563813173,2,2026
2026-06-13 00:00:00+00:00,-0.0009133763663961014,1.009740544439574,1.0104987658685272,0.0787325933810052,2,2026
2026-06-14 00:00:00+00:00,-0.0012800385570271855,1.0084480376100977,1.0104933920833525,0.08010985369303925,2,2026
2026-06-15 00:00:00+00:00,-0.0016604422849297862,1.0067735678462955,1.0067735678462955,0.0,0,2026
2026-06-16 00:00:00+00:00,0.0,1.0067735678462955,1.0067735678462955,0.0,0,2026
2026-06-17 00:00:00+00:00,0.0,1.0067735678462955,1.0067735678462955,0.0,0,2026
2026-06-18 00:00:00+00:00,0.0,1.0067735678462955,1.0067735678462955,0.0,0,2026
2026-06-19 00:00:00+00:00,0.0,1.0067735678462955,1.0067735678462955,0.0,0,2026
2026-06-20 00:00:00+00:00,0.0,1.0067735678462955,1.0067735678462955,0.0,0,2026
2026-06-21 00:00:00+00:00,0.0,1.0067735678462955,1.0067735678462955,0.0,0,2026
2026-06-22 00:00:00+00:00,0.0,1.0067735678462955,1.0067735678462955,0.0,0,2026
2026-06-23 00:00:00+00:00,0.0,1.0067735678462955,1.0067735678462955,0.0,0,2026
2026-06-24 00:00:00+00:00,0.0,1.0067735678462955,1.0067735678462955,0.0,0,2026
2026-06-25 00:00:00+00:00,0.0,1.0067735678462955,1.0067735678462955,0.0,0,2026
2026-06-26 00:00:00+00:00,0.0,1.0067735678462955,1.0067735678462955,0.0,0,2026
2026-06-27 00:00:00+00:00,0.0,1.0067735678462955,1.0067735678462955,0.0,0,2026
2026-06-28 00:00:00+00:00,0.0,1.0067735678462955,1.0067735678462955,0.0,0,2026
2026-06-29 00:00:00+00:00,0.0,1.0067735678462955,1.0067735678462955,0.0,0,2026
2026-06-30 00:00:00+00:00,0.0,1.0067735678462955,1.0067735678462955,0.0,0,2026
2026-07-01 00:00:00+00:00,0.0,1.0067735678462955,1.0067735678462955,0.0,0,2026
2026-07-02 00:00:00+00:00,0.0,1.0067735678462955,1.0067735678462955,0.0,0,2026
2026-07-03 00:00:00+00:00,0.0,1.0067735678462955,1.0067735678462955,0.0,0,2026
2026-07-04 00:00:00+00:00,0.0,1.0067735678462955,1.0067735678462955,0.0,0,2026
2026-07-05 00:00:00+00:00,0.0,1.0067735678462955,1.0067735678462955,0.0,0,2026
2026-07-06 00:00:00+00:00,0.0,1.0067735678462955,1.0067735678462955,0.0,0,2026
2026-07-07 00:00:00+00:00,0.0,1.0067735678462955,1.0067735678462955,0.0,0,2026
2026-07-08 00:00:00+00:00,0.0,1.0067735678462955,1.0067735678462955,0.0,0,2026
2026-07-09 00:00:00+00:00,0.0,1.0067735678462955,1.0067735678462955,0.0,0,2026
2026-07-10 00:00:00+00:00,0.0,1.0067735678462955,1.0067735678462955,0.0,0,2026
2026-07-11 00:00:00+00:00,0.0,1.0067735678462955,1.0067735678462955,0.0,0,2026
2026-07-12 00:00:00+00:00,0.0,1.0067735678462955,1.0067735678462955,0.0,0,2026
2026-07-13 00:00:00+00:00,0.0,1.0067735678462955,1.0067735678462955,0.0,0,2026
2026-07-14 00:00:00+00:00,0.0,1.0067735678462955,1.0067735678462955,0.0,0,2026
2026-07-15 00:00:00+00:00,0.0,1.0067735678462955,1.0067735678462955,0.0,0,2026
2026-07-16 00:00:00+00:00,0.0,1.0067735678462955,1.0067735678462955,0.0,0,2026
2026-07-17 00:00:00+00:00,0.0,1.0067735678462955,1.0067735678462955,0.0,0,2026
2026-07-18 00:00:00+00:00,0.0,1.0067735678462955,1.0067735678462955,0.0,0,2026
2026-07-19 00:00:00+00:00,0.0,1.0067735678462955,1.0067735678462955,0.0,0,2026
2026-07-20 00:00:00+00:00,0.0,1.0067735678462955,1.0067735678462955,0.0,0,2026
2026-07-21 00:00:00+00:00,0.0,1.0067735678462955,1.0067735678462955,0.0,0,2026
2026-07-22 00:00:00+00:00,0.0,1.0067735678462955,1.0067735678462955,0.0,0,2026
2026-07-23 00:00:00+00:00,0.0,1.0067735678462955,1.0067735678462955,0.0,0,2026
2026-07-24 00:00:00+00:00,0.0,1.0067735678462955,1.0067735678462955,0.0,0,2026
2026-07-25 00:00:00+00:00,0.0,1.0067735678462955,1.0067735678462955,0.0,0,2026
2026-07-26 00:00:00+00:00,0.0,1.0067735678462955,1.0067735678462955,0.0,0,2026
2026-07-27 00:00:00+00:00,0.0,1.0067735678462955,1.0067735678462955,0.0,0,2026
2026-07-28 00:00:00+00:00,0.0,1.0067735678462955,1.0067735678462955,0.0,0,2026
2026-07-29 00:00:00+00:00,0.0,1.0067735678462955,1.0067735678462955,0.0,0,2026
2026-07-30 00:00:00+00:00,0.0,1.0067735678462955,1.0067735678462955,0.0,0,2026
2026-07-31 00:00:00+00:00,0.0,1.0067735678462955,1.0067735678462955,0.0,0,2026
2026-08-01 00:00:00+00:00,0.0,1.0067735678462955,1.0067735678462955,0.0,0,2026
2026-08-02 00:00:00+00:00,0.0,1.0067735678462955,1.0067735678462955,0.0,0,2026
2026-08-03 00:00:00+00:00,0.0,1.0067735678462955,1.0067735678462955,0.0,0,2026
2026-08-04 00:00:00+00:00,0.0,1.0067735678462955,1.0067735678462955,0.0,0,2026
2026-08-05 00:00:00+00:00,0.0,1.0067735678462955,1.0067735678462955,0.0,0,2026
2026-08-06 00:00:00+00:00,0.0,1.0067735678462955,1.0067735678462955,0.0,0,2026
2026-08-07 00:00:00+00:00,0.0,1.0067735678462955,1.0067735678462955,0.0,0,2026
2026-08-08 00:00:00+00:00,0.0,1.0067735678462955,1.0067735678462955,0.0,0,2026
2026-08-09 00:00:00+00:00,0.0,1.0067735678462955,1.0067735678462955,0.0,0,2026
2026-08-10 00:00:00+00:00,0.0,1.0067735678462955,1.0067735678462955,0.0,0,2026
2026-08-11 00:00:00+00:00,0.0,1.0067735678462955,1.0067735678462955,0.0,0,2026
2026-08-12 00:00:00+00:00,-0.0010162241867571753,1.0057504601960623,1.0065988931693117,0.08229640901584101,1,2026
2026-08-13 00:00:00+00:00,2.5603926171680058e-05,1.0057762113565922,1.0065988931693117,0.08231990522923668,1,2026
2026-08-14 00:00:00+00:00,-0.00034497038318992423,1.0054292483515572,1.0065988931693117,0.08200322352949062,1,2026
2026-08-15 00:00:00+00:00,-3.720105787730077e-05,1.0053918453198978,1.0065953732436126,0.08197257285638437,1,2026
2026-08-16 00:00:00+00:00,-0.0006417794445466862,1.0047466054998566,1.0065952677610583,0.08138312834760297,1,2026
2026-08-17 00:00:00+00:00,0.0003763881948988246,1.0051247802610315,1.0065939517354763,0.08173006411963703,1,2026
2026-08-18 00:00:00+00:00,-0.0002546395554268166,1.0048688357338373,1.0065887421923894,0.08150136101599188,1,2026
2026-08-19 00:00:00+00:00,0.003190113667604022,1.008074481540861,1.0065822695543634,0.08442857919567612,1,2026
2026-08-20 00:00:00+00:00,0.010689098955460219,1.0188498894285256,1.0074145993237453,0.26541214187954537,4,2026
2026-08-21 00:00:00+00:00,0.014535072166715457,1.0336589460984194,1.0148846272313792,0.17761579319516524,4,2026
2026-08-22 00:00:00+00:00,0.00032457623902959476,1.0339944472315832,1.0238345063905314,0.11090277115506907,3,2026
2026-08-23 00:00:00+00:00,0.0008645746390250064,1.0348884126075524,1.0253162058455754,0.15400150601460666,3,2026
2026-08-24 00:00:00+00:00,0.0021083620703530315,1.037070332083742,1.0252813436707744,0.15581504045626382,3,2026
2026-08-25 00:00:00+00:00,-0.0008807731680220421,1.036156908361891,1.0322105633902219,0.10751016825592256,2,2026
2026-08-26 00:00:00+00:00,0.0032948057907769,1.0395708441437153,1.0322034965517553,0.11044788993903469,2,2026
2026-08-27 00:00:00+00:00,0.0013488535274126523,1.0409730729438338,1.0391613182881634,0.07534585548390575,1,2026
2026-08-28 00:00:00+00:00,-0.0039797007834676545,1.0368303115898705,1.039083934667432,0.1102142865710394,2,2026
2026-08-29 00:00:00+00:00,0.0006273591553904723,1.0374807765784329,1.0390813244683317,0.11077466770400492,2,2026
2026-08-30 00:00:00+00:00,-0.0021951920582220508,1.0352033070171298,1.0390820309145754,0.10881767040699591,2,2026
2026-08-31 00:00:00+00:00,0.00095699101995117,1.036193987285769,1.036193987285769,0.0,0,2026
