date,return,equity,cash,gross_exposure,open_positions,fold_year
2022-01-01 00:00:00+00:00,0.0,1.0,1.0,0.0,0,2022
2022-01-02 00:00:00+00:00,0.0,1.0,1.0,0.0,0,2022
2022-01-03 00:00:00+00:00,0.0,1.0,1.0,0.0,0,2022
2022-01-04 00:00:00+00:00,0.0,1.0,1.0,0.0,0,2022
2022-01-05 00:00:00+00:00,0.0,1.0,1.0,0.0,0,2022
2022-01-06 00:00:00+00:00,0.0,1.0,1.0,0.0,0,2022
2022-01-07 00:00:00+00:00,0.0,1.0,1.0,0.0,0,2022
2022-01-08 00:00:00+00:00,0.0,1.0,1.0,0.0,0,2022
2022-01-09 00:00:00+00:00,0.0,1.0,1.0,0.0,0,2022
2022-01-10 00:00:00+00:00,0.0,1.0,1.0,0.0,0,2022
2022-01-11 00:00:00+00:00,0.0,1.0,1.0,0.0,0,2022
2022-01-12 00:00:00+00:00,0.0,1.0,1.0,0.0,0,2022
2022-01-13 00:00:00+00:00,0.0,1.0,1.0,0.0,0,2022
2022-01-14 00:00:00+00:00,0.0,1.0,1.0,0.0,0,2022
2022-01-15 00:00:00+00:00,0.0,1.0,1.0,0.0,0,2022
2022-01-16 00:00:00+00:00,0.0,1.0,1.0,0.0,0,2022
2022-01-17 00:00:00+00:00,0.0,1.0,1.0,0.0,0,2022
2022-01-18 00:00:00+00:00,0.0,1.0,1.0,0.0,0,2022
2022-01-19 00:00:00+00:00,0.0,1.0,1.0,0.0,0,2022
2022-01-20 00:00:00+00:00,0.0,1.0,1.0,0.0,0,2022
2022-01-21 00:00:00+00:00,0.0,1.0,1.0,0.0,0,2022
2022-01-22 00:00:00+00:00,0.0,1.0,1.0,0.0,0,2022
2022-01-23 00:00:00+00:00,0.0,1.0,1.0,0.0,0,2022
2022-01-24 00:00:00+00:00,0.0,1.0,1.0,0.0,0,2022
2022-01-25 00:00:00+00:00,0.0,1.0,1.0,0.0,0,2022
2022-01-26 00:00:00+00:00,0.0,1.0,1.0,0.0,0,2022
2022-01-27 00:00:00+00:00,0.0,1.0,1.0,0.0,0,2022
2022-01-28 00:00:00+00:00,0.0,1.0,1.0,0.0,0,2022
2022-01-29 00:00:00+00:00,0.0,1.0,1.0,0.0,0,2022
2022-01-30 00:00:00+00:00,0.0,1.0,1.0,0.0,0,2022
2022-01-31 00:00:00+00:00,0.0,1.0,1.0,0.0,0,2022
2022-02-01 00:00:00+00:00,0.0,1.0,1.0,0.0,0,2022
2022-02-02 00:00:00+00:00,0.0,1.0,1.0,0.0,0,2022
2022-02-03 00:00:00+00:00,0.0,1.0,1.0,0.0,0,2022
2022-02-04 00:00:00+00:00,0.0,1.0,1.0,0.0,0,2022
2022-02-05 00:00:00+00:00,0.0,1.0,1.0,0.0,0,2022
2022-02-06 00:00:00+00:00,0.0,1.0,1.0,0.0,0,2022
2022-02-07 00:00:00+00:00,0.0,1.0,1.0,0.0,0,2022
2022-02-08 00:00:00+00:00,0.0,1.0,1.0,0.0,0,2022
2022-02-09 00:00:00+00:00,0.0,1.0,1.0,0.0,0,2022
2022-02-10 00:00:00+00:00,0.0,1.0,1.0,0.0,0,2022
2022-02-11 00:00:00+00:00,0.0,1.0,1.0,0.0,0,2022
2022-02-12 00:00:00+00:00,0.0,1.0,1.0,0.0,0,2022
2022-02-13 00:00:00+00:00,0.0,1.0,1.0,0.0,0,2022
2022-02-14 00:00:00+00:00,0.0,1.0,1.0,0.0,0,2022
2022-02-15 00:00:00+00:00,0.0,1.0,1.0,0.0,0,2022
2022-02-16 00:00:00+00:00,0.0,1.0,1.0,0.0,0,2022
2022-02-17 00:00:00+00:00,0.0,1.0,1.0,0.0,0,2022
2022-02-18 00:00:00+00:00,0.0,1.0,1.0,0.0,0,2022
2022-02-19 00:00:00+00:00,0.0,1.0,1.0,0.0,0,2022
2022-02-20 00:00:00+00:00,0.0,1.0,1.0,0.0,0,2022
2022-02-21 00:00:00+00:00,0.0,1.0,1.0,0.0,0,2022
2022-02-22 00:00:00+00:00,0.0,1.0,1.0,0.0,0,2022
2022-02-23 00:00:00+00:00,0.0,1.0,1.0,0.0,0,2022
2022-02-24 00:00:00+00:00,0.0,1.0,1.0,0.0,0,2022
2022-02-25 00:00:00+00:00,0.0,1.0,1.0,0.0,0,2022
2022-02-26 00:00:00+00:00,0.0,1.0,1.0,0.0,0,2022
2022-02-27 00:00:00+00:00,0.0,1.0,1.0,0.0,0,2022
2022-02-28 00:00:00+00:00,0.0,1.0,1.0,0.0,0,2022
2022-03-01 00:00:00+00:00,0.0,1.0,1.0,0.0,0,2022
2022-03-02 00:00:00+00:00,0.0,1.0,1.0,0.0,0,2022
2022-03-03 00:00:00+00:00,0.0,1.0,1.0,0.0,0,2022
2022-03-04 00:00:00+00:00,0.0,1.0,1.0,0.0,0,2022
2022-03-05 00:00:00+00:00,0.0,1.0,1.0,0.0,0,2022
2022-03-06 00:00:00+00:00,0.0,1.0,1.0,0.0,0,2022
2022-03-07 00:00:00+00:00,0.0,1.0,1.0,0.0,0,2022
2022-03-08 00:00:00+00:00,0.0,1.0,1.0,0.0,0,2022
2022-03-09 00:00:00+00:00,0.0,1.0,1.0,0.0,0,2022
2022-03-10 00:00:00+00:00,0.0,1.0,1.0,0.0,0,2022
2022-03-11 00:00:00+00:00,0.0,1.0,1.0,0.0,0,2022
2022-03-12 00:00:00+00:00,0.0,1.0,1.0,0.0,0,2022
2022-03-13 00:00:00+00:00,0.0,1.0,1.0,0.0,0,2022
2022-03-14 00:00:00+00:00,0.0,1.0,1.0,0.0,0,2022
2022-03-15 00:00:00+00:00,0.0,1.0,1.0,0.0,0,2022
2022-03-16 00:00:00+00:00,0.0,1.0,1.0,0.0,0,2022
2022-03-17 00:00:00+00:00,0.0,1.0,1.0,0.0,0,2022
2022-03-18 00:00:00+00:00,0.0,1.0,1.0,0.0,0,2022
2022-03-19 00:00:00+00:00,0.0,1.0,1.0,0.0,0,2022
2022-03-20 00:00:00+00:00,0.0,1.0,1.0,0.0,0,2022
2022-03-21 00:00:00+00:00,0.0,1.0,1.0,0.0,0,2022
2022-03-22 00:00:00+00:00,0.0,1.0,1.0,0.0,0,2022
2022-03-23 00:00:00+00:00,0.0,1.0,1.0,0.0,0,2022
2022-03-24 00:00:00+00:00,0.0,1.0,1.0,0.0,0,2022
2022-03-25 00:00:00+00:00,0.0,1.0,1.0,0.0,0,2022
2022-03-26 00:00:00+00:00,0.0,1.0,1.0,0.0,0,2022
2022-03-27 00:00:00+00:00,0.0,1.0,1.0,0.0,0,2022
2022-03-28 00:00:00+00:00,0.0003841404981779206,1.000384140498178,0.9999060065421222,0.041266637287264755,1,2022
2022-03-29 00:00:00+00:00,0.000797439764623542,1.00118188659171,0.9998941075165941,0.042042445190677104,1,2022
2022-03-30 00:00:00+00:00,-0.0001844911304839103,1.0009971774136326,0.9998815315161695,0.041878241378852266,1,2022
2022-03-31 00:00:00+00:00,-0.0012947160908178823,0.9997011702611719,0.999869340660634,0.04064833204880254,1,2022
2022-04-01 00:00:00+00:00,0.0021289415850358484,1.0018294756551498,0.9998565074635212,0.04269920655056495,1,2022
2022-04-02 00:00:00+00:00,-0.0001519536271545885,1.0016772440325337,0.9998437160984857,0.04256648906209753,1,2022
2022-04-03 00:00:00+00:00,0.001070368005188449,1.0027494073060714,1.0005129143647702,0.034784341034176935,1,2022
2022-04-04 00:00:00+00:00,-0.001121696366745084,1.0016246269391404,1.0004373189743356,0.06325965360312655,2,2022
2022-04-05 00:00:00+00:00,-0.0022753111842001017,0.9993456192230956,1.0004196720961391,0.06114107564726547,2,2022
2022-04-06 00:00:00+00:00,-0.002562202084515741,0.9967850937943705,0.9967850937943705,0.0,0,2022
2022-04-07 00:00:00+00:00,0.0,0.9967850937943705,0.9967850937943705,0.0,0,2022
2022-04-08 00:00:00+00:00,0.0,0.9967850937943705,0.9967850937943705,0.0,0,2022
2022-04-09 00:00:00+00:00,0.0,0.9967850937943705,0.9967850937943705,0.0,0,2022
2022-04-10 00:00:00+00:00,0.0,0.9967850937943705,0.9967850937943705,0.0,0,2022
2022-04-11 00:00:00+00:00,0.0,0.9967850937943705,0.9967850937943705,0.0,0,2022
2022-04-12 00:00:00+00:00,0.0,0.9967850937943705,0.9967850937943705,0.0,0,2022
2022-04-13 00:00:00+00:00,0.0,0.9967850937943705,0.9967850937943705,0.0,0,2022
2022-04-14 00:00:00+00:00,0.0,0.9967850937943705,0.9967850937943705,0.0,0,2022
2022-04-15 00:00:00+00:00,0.0,0.9967850937943705,0.9967850937943705,0.0,0,2022
2022-04-16 00:00:00+00:00,0.0,0.9967850937943705,0.9967850937943705,0.0,0,2022
2022-04-17 00:00:00+00:00,0.0,0.9967850937943705,0.9967850937943705,0.0,0,2022
2022-04-18 00:00:00+00:00,0.0,0.9967850937943705,0.9967850937943705,0.0,0,2022
2022-04-19 00:00:00+00:00,0.0,0.9967850937943705,0.9967850937943705,0.0,0,2022
2022-04-20 00:00:00+00:00,0.0,0.9967850937943705,0.9967850937943705,0.0,0,2022
2022-04-21 00:00:00+00:00,0.0,0.9967850937943705,0.9967850937943705,0.0,0,2022
2022-04-22 00:00:00+00:00,0.0,0.9967850937943705,0.9967850937943705,0.0,0,2022
2022-04-23 00:00:00+00:00,0.0,0.9967850937943705,0.9967850937943705,0.0,0,2022
2022-04-24 00:00:00+00:00,0.0,0.9967850937943705,0.9967850937943705,0.0,0,2022
2022-04-25 00:00:00+00:00,0.0,0.9967850937943705,0.9967850937943705,0.0,0,2022
2022-04-26 00:00:00+00:00,0.0,0.9967850937943705,0.9967850937943705,0.0,0,2022
2022-04-27 00:00:00+00:00,0.0,0.9967850937943705,0.9967850937943705,0.0,0,2022
2022-04-28 00:00:00+00:00,0.0,0.9967850937943705,0.9967850937943705,0.0,0,2022
2022-04-29 00:00:00+00:00,0.0,0.9967850937943705,0.9967850937943705,0.0,0,2022
2022-04-30 00:00:00+00:00,0.0,0.9967850937943705,0.9967850937943705,0.0,0,2022
2022-05-01 00:00:00+00:00,0.0,0.9967850937943705,0.9967850937943705,0.0,0,2022
2022-05-02 00:00:00+00:00,0.0,0.9967850937943705,0.9967850937943705,0.0,0,2022
2022-05-03 00:00:00+00:00,0.0,0.9967850937943705,0.9967850937943705,0.0,0,2022
2022-05-04 00:00:00+00:00,0.0,0.9967850937943705,0.9967850937943705,0.0,0,2022
2022-05-05 00:00:00+00:00,0.0,0.9967850937943705,0.9967850937943705,0.0,0,2022
2022-05-06 00:00:00+00:00,0.0,0.9967850937943705,0.9967850937943705,0.0,0,2022
2022-05-07 00:00:00+00:00,0.0,0.9967850937943705,0.9967850937943705,0.0,0,2022
2022-05-08 00:00:00+00:00,0.0,0.9967850937943705,0.9967850937943705,0.0,0,2022
2022-05-09 00:00:00+00:00,0.0,0.9967850937943705,0.9967850937943705,0.0,0,2022
2022-05-10 00:00:00+00:00,0.0,0.9967850937943705,0.9967850937943705,0.0,0,2022
2022-05-11 00:00:00+00:00,0.0,0.9967850937943705,0.9967850937943705,0.0,0,2022
2022-05-12 00:00:00+00:00,0.0,0.9967850937943705,0.9967850937943705,0.0,0,2022
2022-05-13 00:00:00+00:00,0.0,0.9967850937943705,0.9967850937943705,0.0,0,2022
2022-05-14 00:00:00+00:00,0.0,0.9967850937943705,0.9967850937943705,0.0,0,2022
2022-05-15 00:00:00+00:00,0.0,0.9967850937943705,0.9967850937943705,0.0,0,2022
2022-05-16 00:00:00+00:00,0.0,0.9967850937943705,0.9967850937943705,0.0,0,2022
2022-05-17 00:00:00+00:00,0.0,0.9967850937943705,0.9967850937943705,0.0,0,2022
2022-05-18 00:00:00+00:00,0.0,0.9967850937943705,0.9967850937943705,0.0,0,2022
2022-05-19 00:00:00+00:00,0.0,0.9967850937943705,0.9967850937943705,0.0,0,2022
2022-05-20 00:00:00+00:00,0.0,0.9967850937943705,0.9967850937943705,0.0,0,2022
2022-05-21 00:00:00+00:00,0.0,0.9967850937943705,0.9967850937943705,0.0,0,2022
2022-05-22 00:00:00+00:00,0.0,0.9967850937943705,0.9967850937943705,0.0,0,2022
2022-05-23 00:00:00+00:00,0.0,0.9967850937943705,0.9967850937943705,0.0,0,2022
2022-05-24 00:00:00+00:00,0.0,0.9967850937943705,0.9967850937943705,0.0,0,2022
2022-05-25 00:00:00+00:00,0.0,0.9967850937943705,0.9967850937943705,0.0,0,2022
2022-05-26 00:00:00+00:00,0.0,0.9967850937943705,0.9967850937943705,0.0,0,2022
2022-05-27 00:00:00+00:00,0.0,0.9967850937943705,0.9967850937943705,0.0,0,2022
2022-05-28 00:00:00+00:00,0.0,0.9967850937943705,0.9967850937943705,0.0,0,2022
2022-05-29 00:00:00+00:00,0.0,0.9967850937943705,0.9967850937943705,0.0,0,2022
2022-05-30 00:00:00+00:00,0.0,0.9967850937943705,0.9967850937943705,0.0,0,2022
2022-05-31 00:00:00+00:00,0.0,0.9967850937943705,0.9967850937943705,0.0,0,2022
2022-06-01 00:00:00+00:00,0.0,0.9967850937943705,0.9967850937943705,0.0,0,2022
2022-06-02 00:00:00+00:00,0.0,0.9967850937943705,0.9967850937943705,0.0,0,2022
2022-06-03 00:00:00+00:00,0.0,0.9967850937943705,0.9967850937943705,0.0,0,2022
2022-06-04 00:00:00+00:00,0.0,0.9967850937943705,0.9967850937943705,0.0,0,2022
2022-06-05 00:00:00+00:00,0.0,0.9967850937943705,0.9967850937943705,0.0,0,2022
2022-06-06 00:00:00+00:00,0.0,0.9967850937943705,0.9967850937943705,0.0,0,2022
2022-06-07 00:00:00+00:00,0.0,0.9967850937943705,0.9967850937943705,0.0,0,2022
2022-06-08 00:00:00+00:00,0.0,0.9967850937943705,0.9967850937943705,0.0,0,2022
2022-06-09 00:00:00+00:00,0.0,0.9967850937943705,0.9967850937943705,0.0,0,2022
2022-06-10 00:00:00+00:00,0.0,0.9967850937943705,0.9967850937943705,0.0,0,2022
2022-06-11 00:00:00+00:00,0.0,0.9967850937943705,0.9967850937943705,0.0,0,2022
2022-06-12 00:00:00+00:00,0.0,0.9967850937943705,0.9967850937943705,0.0,0,2022
2022-06-13 00:00:00+00:00,0.0,0.9967850937943705,0.9967850937943705,0.0,0,2022
2022-06-14 00:00:00+00:00,0.0,0.9967850937943705,0.9967850937943705,0.0,0,2022
2022-06-15 00:00:00+00:00,0.0,0.9967850937943705,0.9967850937943705,0.0,0,2022
2022-06-16 00:00:00+00:00,0.0,0.9967850937943705,0.9967850937943705,0.0,0,2022
2022-06-17 00:00:00+00:00,0.0,0.9967850937943705,0.9967850937943705,0.0,0,2022
2022-06-18 00:00:00+00:00,0.0,0.9967850937943705,0.9967850937943705,0.0,0,2022
2022-06-19 00:00:00+00:00,0.0,0.9967850937943705,0.9967850937943705,0.0,0,2022
2022-06-20 00:00:00+00:00,0.0,0.9967850937943705,0.9967850937943705,0.0,0,2022
2022-06-21 00:00:00+00:00,0.0,0.9967850937943705,0.9967850937943705,0.0,0,2022
2022-06-22 00:00:00+00:00,0.0,0.9967850937943705,0.9967850937943705,0.0,0,2022
2022-06-23 00:00:00+00:00,0.0,0.9967850937943705,0.9967850937943705,0.0,0,2022
2022-06-24 00:00:00+00:00,0.0,0.9967850937943705,0.9967850937943705,0.0,0,2022
2022-06-25 00:00:00+00:00,0.0,0.9967850937943705,0.9967850937943705,0.0,0,2022
2022-06-26 00:00:00+00:00,0.0,0.9967850937943705,0.9967850937943705,0.0,0,2022
2022-06-27 00:00:00+00:00,0.0,0.9967850937943705,0.9967850937943705,0.0,0,2022
2022-06-28 00:00:00+00:00,0.0,0.9967850937943705,0.9967850937943705,0.0,0,2022
2022-06-29 00:00:00+00:00,0.0,0.9967850937943705,0.9967850937943705,0.0,0,2022
2022-06-30 00:00:00+00:00,0.0,0.9967850937943705,0.9967850937943705,0.0,0,2022
2022-07-01 00:00:00+00:00,0.0,0.9967850937943705,0.9967850937943705,0.0,0,2022
2022-07-02 00:00:00+00:00,0.0,0.9967850937943705,0.9967850937943705,0.0,0,2022
2022-07-03 00:00:00+00:00,0.0,0.9967850937943705,0.9967850937943705,0.0,0,2022
2022-07-04 00:00:00+00:00,0.0,0.9967850937943705,0.9967850937943705,0.0,0,2022
2022-07-05 00:00:00+00:00,0.0,0.9967850937943705,0.9967850937943705,0.0,0,2022
2022-07-06 00:00:00+00:00,0.0,0.9967850937943705,0.9967850937943705,0.0,0,2022
2022-07-07 00:00:00+00:00,0.0,0.9967850937943705,0.9967850937943705,0.0,0,2022
2022-07-08 00:00:00+00:00,0.0,0.9967850937943705,0.9967850937943705,0.0,0,2022
2022-07-09 00:00:00+00:00,0.0,0.9967850937943705,0.9967850937943705,0.0,0,2022
2022-07-10 00:00:00+00:00,0.0,0.9967850937943705,0.9967850937943705,0.0,0,2022
2022-07-11 00:00:00+00:00,0.0,0.9967850937943705,0.9967850937943705,0.0,0,2022
2022-07-12 00:00:00+00:00,0.0,0.9967850937943705,0.9967850937943705,0.0,0,2022
2022-07-13 00:00:00+00:00,0.0,0.9967850937943705,0.9967850937943705,0.0,0,2022
2022-07-14 00:00:00+00:00,0.0,0.9967850937943705,0.9967850937943705,0.0,0,2022
2022-07-15 00:00:00+00:00,0.0,0.9967850937943705,0.9967850937943705,0.0,0,2022
2022-07-16 00:00:00+00:00,0.0,0.9967850937943705,0.9967850937943705,0.0,0,2022
2022-07-17 00:00:00+00:00,0.0,0.9967850937943705,0.9967850937943705,0.0,0,2022
2022-07-18 00:00:00+00:00,0.0,0.9967850937943705,0.9967850937943705,0.0,0,2022
2022-07-19 00:00:00+00:00,0.0,0.9967850937943705,0.9967850937943705,0.0,0,2022
2022-07-20 00:00:00+00:00,0.0,0.9967850937943705,0.9967850937943705,0.0,0,2022
2022-07-21 00:00:00+00:00,0.0,0.9967850937943705,0.9967850937943705,0.0,0,2022
2022-07-22 00:00:00+00:00,0.0,0.9967850937943705,0.9967850937943705,0.0,0,2022
2022-07-23 00:00:00+00:00,0.0,0.9967850937943705,0.9967850937943705,0.0,0,2022
2022-07-24 00:00:00+00:00,0.0,0.9967850937943705,0.9967850937943705,0.0,0,2022
2022-07-25 00:00:00+00:00,0.0,0.9967850937943705,0.9967850937943705,0.0,0,2022
2022-07-26 00:00:00+00:00,0.0,0.9967850937943705,0.9967850937943705,0.0,0,2022
2022-07-27 00:00:00+00:00,0.0,0.9967850937943705,0.9967850937943705,0.0,0,2022
2022-07-28 00:00:00+00:00,0.0,0.9967850937943705,0.9967850937943705,0.0,0,2022
2022-07-29 00:00:00+00:00,0.0,0.9967850937943705,0.9967850937943705,0.0,0,2022
2022-07-30 00:00:00+00:00,0.0,0.9967850937943705,0.9967850937943705,0.0,0,2022
2022-07-31 00:00:00+00:00,0.0,0.9967850937943705,0.9967850937943705,0.0,0,2022
2022-08-01 00:00:00+00:00,0.0,0.9967850937943705,0.9967850937943705,0.0,0,2022
2022-08-02 00:00:00+00:00,0.0,0.9967850937943705,0.9967850937943705,0.0,0,2022
2022-08-03 00:00:00+00:00,0.0,0.9967850937943705,0.9967850937943705,0.0,0,2022
2022-08-04 00:00:00+00:00,0.0,0.9967850937943705,0.9967850937943705,0.0,0,2022
2022-08-05 00:00:00+00:00,0.0003469466347716388,0.997130925028253,0.9967208598690268,0.032620618832130924,1,2022
2022-08-06 00:00:00+00:00,-5.786362542281598e-05,0.9970732274179096,0.9967208598690268,0.03256463951481099,1,2022
2022-08-07 00:00:00+00:00,0.0007884375182394265,0.997859357358838,0.9967208598690268,0.03332680093283218,1,2022
2022-08-08 00:00:00+00:00,0.0001837894031677667,0.9980427533345723,0.9967208598690268,0.033504432576333225,1,2022
2022-08-09 00:00:00+00:00,-2.243808201829456e-05,0.9980203591694152,0.9967242235656302,0.03347937541418811,1,2022
2022-08-10 00:00:00+00:00,0.00045010816159685163,0.9984695762785172,0.9967242235656302,0.033914218509239785,1,2022
2022-08-11 00:00:00+00:00,-0.00023835511272718435,0.9982315859501086,0.9966711110972977,0.05994202884603757,2,2022
2022-08-12 00:00:00+00:00,0.0015772822620669924,0.9998060789240628,0.9966710154430279,0.06142252627065236,2,2022
2022-08-13 00:00:00+00:00,-4.5296382088610976e-05,0.9997607913258973,0.9966669693357191,0.06138405725636191,2,2022
2022-08-14 00:00:00+00:00,-0.001338304471840357,0.9984228069880953,0.9966694341041358,0.06012375131161394,2,2022
2022-08-15 00:00:00+00:00,-0.0003261803822650622,0.9980971410552497,0.9966755825719165,0.05981092189829753,2,2022
2022-08-16 00:00:00+00:00,-0.00067009123460815,0.9974283249097411,0.9966755216757376,0.05918054804246855,2,2022
2022-08-17 00:00:00+00:00,-0.0015488497113153032,0.9958834583366469,0.9966735897590037,0.057723039542089925,2,2022
2022-08-18 00:00:00+00:00,-0.0007368997360418517,0.9951495920790702,0.9966716145017773,0.057030148729659266,2,2022
2022-08-19 00:00:00+00:00,-0.0055878800497553005,0.9895888155269694,0.9895888155269694,0.0,0,2022
2022-08-20 00:00:00+00:00,0.0,0.9895888155269694,0.9895888155269694,0.0,0,2022
2022-08-21 00:00:00+00:00,0.0,0.9895888155269694,0.9895888155269694,0.0,0,2022
2022-08-22 00:00:00+00:00,0.0,0.9895888155269694,0.9895888155269694,0.0,0,2022
2022-08-23 00:00:00+00:00,0.0,0.9895888155269694,0.9895888155269694,0.0,0,2022
2022-08-24 00:00:00+00:00,0.0,0.9895888155269694,0.9895888155269694,0.0,0,2022
2022-08-25 00:00:00+00:00,0.0,0.9895888155269694,0.9895888155269694,0.0,0,2022
2022-08-26 00:00:00+00:00,0.0,0.9895888155269694,0.9895888155269694,0.0,0,2022
2022-08-27 00:00:00+00:00,0.0,0.9895888155269694,0.9895888155269694,0.0,0,2022
2022-08-28 00:00:00+00:00,0.0,0.9895888155269694,0.9895888155269694,0.0,0,2022
2022-08-29 00:00:00+00:00,0.0,0.9895888155269694,0.9895888155269694,0.0,0,2022
2022-08-30 00:00:00+00:00,0.0,0.9895888155269694,0.9895888155269694,0.0,0,2022
2022-08-31 00:00:00+00:00,0.0,0.9895888155269694,0.9895888155269694,0.0,0,2022
2022-09-01 00:00:00+00:00,0.0,0.9895888155269694,0.9895888155269694,0.0,0,2022
2022-09-02 00:00:00+00:00,0.0,0.9895888155269694,0.9895888155269694,0.0,0,2022
2022-09-03 00:00:00+00:00,0.0,0.9895888155269694,0.9895888155269694,0.0,0,2022
2022-09-04 00:00:00+00:00,0.0,0.9895888155269694,0.9895888155269694,0.0,0,2022
2022-09-05 00:00:00+00:00,0.0,0.9895888155269694,0.9895888155269694,0.0,0,2022
2022-09-06 00:00:00+00:00,0.0,0.9895888155269694,0.9895888155269694,0.0,0,2022
2022-09-07 00:00:00+00:00,0.0,0.9895888155269694,0.9895888155269694,0.0,0,2022
2022-09-08 00:00:00+00:00,0.0,0.9895888155269694,0.9895888155269694,0.0,0,2022
2022-09-09 00:00:00+00:00,0.0,0.9895888155269694,0.9895888155269694,0.0,0,2022
2022-09-10 00:00:00+00:00,0.0,0.9895888155269694,0.9895888155269694,0.0,0,2022
2022-09-11 00:00:00+00:00,0.0,0.9895888155269694,0.9895888155269694,0.0,0,2022
2022-09-12 00:00:00+00:00,0.0,0.9895888155269694,0.9895888155269694,0.0,0,2022
2022-09-13 00:00:00+00:00,0.0,0.9895888155269694,0.9895888155269694,0.0,0,2022
2022-09-14 00:00:00+00:00,0.0,0.9895888155269694,0.9895888155269694,0.0,0,2022
2022-09-15 00:00:00+00:00,0.0,0.9895888155269694,0.9895888155269694,0.0,0,2022
2022-09-16 00:00:00+00:00,0.0,0.9895888155269694,0.9895888155269694,0.0,0,2022
2022-09-17 00:00:00+00:00,0.0,0.9895888155269694,0.9895888155269694,0.0,0,2022
2022-09-18 00:00:00+00:00,0.0,0.9895888155269694,0.9895888155269694,0.0,0,2022
2022-09-19 00:00:00+00:00,0.0,0.9895888155269694,0.9895888155269694,0.0,0,2022
2022-09-20 00:00:00+00:00,0.0,0.9895888155269694,0.9895888155269694,0.0,0,2022
2022-09-21 00:00:00+00:00,0.0,0.9895888155269694,0.9895888155269694,0.0,0,2022
2022-09-22 00:00:00+00:00,0.0,0.9895888155269694,0.9895888155269694,0.0,0,2022
2022-09-23 00:00:00+00:00,0.0,0.9895888155269694,0.9895888155269694,0.0,0,2022
2022-09-24 00:00:00+00:00,0.0,0.9895888155269694,0.9895888155269694,0.0,0,2022
2022-09-25 00:00:00+00:00,0.0,0.9895888155269694,0.9895888155269694,0.0,0,2022
2022-09-26 00:00:00+00:00,0.0,0.9895888155269694,0.9895888155269694,0.0,0,2022
2022-09-27 00:00:00+00:00,0.0,0.9895888155269694,0.9895888155269694,0.0,0,2022
2022-09-28 00:00:00+00:00,0.0,0.9895888155269694,0.9895888155269694,0.0,0,2022
2022-09-29 00:00:00+00:00,0.0,0.9895888155269694,0.9895888155269694,0.0,0,2022
2022-09-30 00:00:00+00:00,0.0,0.9895888155269694,0.9895888155269694,0.0,0,2022
2022-10-01 00:00:00+00:00,0.0,0.9895888155269694,0.9895888155269694,0.0,0,2022
2022-10-02 00:00:00+00:00,0.0,0.9895888155269694,0.9895888155269694,0.0,0,2022
2022-10-03 00:00:00+00:00,0.0,0.9895888155269694,0.9895888155269694,0.0,0,2022
2022-10-04 00:00:00+00:00,0.0,0.9895888155269694,0.9895888155269694,0.0,0,2022
2022-10-05 00:00:00+00:00,0.0,0.9895888155269694,0.9895888155269694,0.0,0,2022
2022-10-06 00:00:00+00:00,0.0,0.9895888155269694,0.9895888155269694,0.0,0,2022
2022-10-07 00:00:00+00:00,0.0,0.9895888155269694,0.9895888155269694,0.0,0,2022
2022-10-08 00:00:00+00:00,0.0,0.9895888155269694,0.9895888155269694,0.0,0,2022
2022-10-09 00:00:00+00:00,0.0,0.9895888155269694,0.9895888155269694,0.0,0,2022
2022-10-10 00:00:00+00:00,0.0,0.9895888155269694,0.9895888155269694,0.0,0,2022
2022-10-11 00:00:00+00:00,0.0,0.9895888155269694,0.9895888155269694,0.0,0,2022
2022-10-12 00:00:00+00:00,0.0,0.9895888155269694,0.9895888155269694,0.0,0,2022
2022-10-13 00:00:00+00:00,0.0,0.9895888155269694,0.9895888155269694,0.0,0,2022
2022-10-14 00:00:00+00:00,0.0,0.9895888155269694,0.9895888155269694,0.0,0,2022
2022-10-15 00:00:00+00:00,0.0,0.9895888155269694,0.9895888155269694,0.0,0,2022
2022-10-16 00:00:00+00:00,0.0,0.9895888155269694,0.9895888155269694,0.0,0,2022
2022-10-17 00:00:00+00:00,0.0,0.9895888155269694,0.9895888155269694,0.0,0,2022
2022-10-18 00:00:00+00:00,0.0,0.9895888155269694,0.9895888155269694,0.0,0,2022
2022-10-19 00:00:00+00:00,0.0,0.9895888155269694,0.9895888155269694,0.0,0,2022
2022-10-20 00:00:00+00:00,0.0,0.9895888155269694,0.9895888155269694,0.0,0,2022
2022-10-21 00:00:00+00:00,0.0,0.9895888155269694,0.9895888155269694,0.0,0,2022
2022-10-22 00:00:00+00:00,0.0,0.9895888155269694,0.9895888155269694,0.0,0,2022
2022-10-23 00:00:00+00:00,0.0,0.9895888155269694,0.9895888155269694,0.0,0,2022
2022-10-24 00:00:00+00:00,0.0,0.9895888155269694,0.9895888155269694,0.0,0,2022
2022-10-25 00:00:00+00:00,0.0,0.9895888155269694,0.9895888155269694,0.0,0,2022
2022-10-26 00:00:00+00:00,0.0,0.9895888155269694,0.9895888155269694,0.0,0,2022
2022-10-27 00:00:00+00:00,0.0,0.9895888155269694,0.9895888155269694,0.0,0,2022
2022-10-28 00:00:00+00:00,0.0,0.9895888155269694,0.9895888155269694,0.0,0,2022
2022-10-29 00:00:00+00:00,0.0,0.9895888155269694,0.9895888155269694,0.0,0,2022
2022-10-30 00:00:00+00:00,0.0017618868715920666,0.9913323590693208,0.9894624637312153,0.06561451628218289,1,2022
2022-10-31 00:00:00+00:00,0.003056530168947358,0.99436239633227,0.9921645948194467,0.033977301008158,1,2022
2022-11-01 00:00:00+00:00,-0.0005253224631327491,0.9938400354289821,0.9938400354289821,0.0,0,2022
2022-11-02 00:00:00+00:00,0.0,0.9938400354289821,0.9938400354289821,0.0,0,2022
2022-11-03 00:00:00+00:00,0.0,0.9938400354289821,0.9938400354289821,0.0,0,2022
2022-11-04 00:00:00+00:00,0.0,0.9938400354289821,0.9938400354289821,0.0,0,2022
2022-11-05 00:00:00+00:00,-0.0008361985197615773,0.9930089878624766,0.9937629849991821,0.04906941166663954,1,2022
2022-11-06 00:00:00+00:00,-0.0015793131810634131,0.9914407156790309,0.9937697290568546,0.047558416582362276,1,2022
2022-11-07 00:00:00+00:00,-0.0012521480853054934,0.9901992850851995,0.9901992850851995,0.0,0,2022
2022-11-08 00:00:00+00:00,0.0,0.9901992850851995,0.9901992850851995,0.0,0,2022
2022-11-09 00:00:00+00:00,0.0,0.9901992850851995,0.9901992850851995,0.0,0,2022
2022-11-10 00:00:00+00:00,0.0,0.9901992850851995,0.9901992850851995,0.0,0,2022
2022-11-11 00:00:00+00:00,0.0,0.9901992850851995,0.9901992850851995,0.0,0,2022
2022-11-12 00:00:00+00:00,0.0,0.9901992850851995,0.9901992850851995,0.0,0,2022
2022-11-13 00:00:00+00:00,0.0,0.9901992850851995,0.9901992850851995,0.0,0,2022
2022-11-14 00:00:00+00:00,0.0,0.9901992850851995,0.9901992850851995,0.0,0,2022
2022-11-15 00:00:00+00:00,0.0,0.9901992850851995,0.9901992850851995,0.0,0,2022
2022-11-16 00:00:00+00:00,0.0,0.9901992850851995,0.9901992850851995,0.0,0,2022
2022-11-17 00:00:00+00:00,0.0,0.9901992850851995,0.9901992850851995,0.0,0,2022
2022-11-18 00:00:00+00:00,0.0,0.9901992850851995,0.9901992850851995,0.0,0,2022
2022-11-19 00:00:00+00:00,0.0,0.9901992850851995,0.9901992850851995,0.0,0,2022
2022-11-20 00:00:00+00:00,0.0,0.9901992850851995,0.9901992850851995,0.0,0,2022
2022-11-21 00:00:00+00:00,0.0,0.9901992850851995,0.9901992850851995,0.0,0,2022
2022-11-22 00:00:00+00:00,0.0,0.9901992850851995,0.9901992850851995,0.0,0,2022
2022-11-23 00:00:00+00:00,0.0,0.9901992850851995,0.9901992850851995,0.0,0,2022
2022-11-24 00:00:00+00:00,0.0,0.9901992850851995,0.9901992850851995,0.0,0,2022
2022-11-25 00:00:00+00:00,0.0,0.9901992850851995,0.9901992850851995,0.0,0,2022
2022-11-26 00:00:00+00:00,0.0,0.9901992850851995,0.9901992850851995,0.0,0,2022
2022-11-27 00:00:00+00:00,0.0,0.9901992850851995,0.9901992850851995,0.0,0,2022
2022-11-28 00:00:00+00:00,0.0,0.9901992850851995,0.9901992850851995,0.0,0,2022
2022-11-29 00:00:00+00:00,0.0,0.9901992850851995,0.9901992850851995,0.0,0,2022
2022-11-30 00:00:00+00:00,0.0,0.9901992850851995,0.9901992850851995,0.0,0,2022
2022-12-01 00:00:00+00:00,0.0,0.9901992850851995,0.9901992850851995,0.0,0,2022
2022-12-02 00:00:00+00:00,0.0,0.9901992850851995,0.9901992850851995,0.0,0,2022
2022-12-03 00:00:00+00:00,0.0,0.9901992850851995,0.9901992850851995,0.0,0,2022
2022-12-04 00:00:00+00:00,0.0,0.9901992850851995,0.9901992850851995,0.0,0,2022
2022-12-05 00:00:00+00:00,0.0,0.9901992850851995,0.9901992850851995,0.0,0,2022
2022-12-06 00:00:00+00:00,0.0,0.9901992850851995,0.9901992850851995,0.0,0,2022
2022-12-07 00:00:00+00:00,0.0,0.9901992850851995,0.9901992850851995,0.0,0,2022
2022-12-08 00:00:00+00:00,0.0,0.9901992850851995,0.9901992850851995,0.0,0,2022
2022-12-09 00:00:00+00:00,0.0,0.9901992850851995,0.9901992850851995,0.0,0,2022
2022-12-10 00:00:00+00:00,0.0,0.9901992850851995,0.9901992850851995,0.0,0,2022
2022-12-11 00:00:00+00:00,0.0,0.9901992850851995,0.9901992850851995,0.0,0,2022
2022-12-12 00:00:00+00:00,0.0,0.9901992850851995,0.9901992850851995,0.0,0,2022
2022-12-13 00:00:00+00:00,0.0,0.9901992850851995,0.9901992850851995,0.0,0,2022
2022-12-14 00:00:00+00:00,0.0,0.9901992850851995,0.9901992850851995,0.0,0,2022
2022-12-15 00:00:00+00:00,0.0,0.9901992850851995,0.9901992850851995,0.0,0,2022
2022-12-16 00:00:00+00:00,0.0,0.9901992850851995,0.9901992850851995,0.0,0,2022
2022-12-17 00:00:00+00:00,0.0,0.9901992850851995,0.9901992850851995,0.0,0,2022
2022-12-18 00:00:00+00:00,0.0,0.9901992850851995,0.9901992850851995,0.0,0,2022
2022-12-19 00:00:00+00:00,0.0,0.9901992850851995,0.9901992850851995,0.0,0,2022
2022-12-20 00:00:00+00:00,0.0,0.9901992850851995,0.9901992850851995,0.0,0,2022
2022-12-21 00:00:00+00:00,0.0,0.9901992850851995,0.9901992850851995,0.0,0,2022
2022-12-22 00:00:00+00:00,0.0,0.9901992850851995,0.9901992850851995,0.0,0,2022
2022-12-23 00:00:00+00:00,0.0,0.9901992850851995,0.9901992850851995,0.0,0,2022
2022-12-24 00:00:00+00:00,0.0,0.9901992850851995,0.9901992850851995,0.0,0,2022
2022-12-25 00:00:00+00:00,0.0,0.9901992850851995,0.9901992850851995,0.0,0,2022
2022-12-26 00:00:00+00:00,0.0,0.9901992850851995,0.9901992850851995,0.0,0,2022
2022-12-27 00:00:00+00:00,0.0,0.9901992850851995,0.9901992850851995,0.0,0,2022
2022-12-28 00:00:00+00:00,0.0,0.9901992850851995,0.9901992850851995,0.0,0,2022
2022-12-29 00:00:00+00:00,0.0,0.9901992850851995,0.9901992850851995,0.0,0,2022
2022-12-30 00:00:00+00:00,0.0,0.9901992850851995,0.9901992850851995,0.0,0,2022
2022-12-31 00:00:00+00:00,0.0,0.9901992850851995,0.9901992850851995,0.0,0,2022
2023-01-01 00:00:00+00:00,0.0,1.0,1.0,0.0,0,2023
2023-01-02 00:00:00+00:00,0.0,1.0,1.0,0.0,0,2023
2023-01-03 00:00:00+00:00,0.0,1.0,1.0,0.0,0,2023
2023-01-04 00:00:00+00:00,0.0,1.0,1.0,0.0,0,2023
2023-01-05 00:00:00+00:00,0.0,1.0,1.0,0.0,0,2023
2023-01-06 00:00:00+00:00,0.0,1.0,1.0,0.0,0,2023
2023-01-07 00:00:00+00:00,0.0,1.0,1.0,0.0,0,2023
2023-01-08 00:00:00+00:00,0.0,1.0,1.0,0.0,0,2023
2023-01-09 00:00:00+00:00,0.0,1.0,1.0,0.0,0,2023
2023-01-10 00:00:00+00:00,-0.00013118543588630516,0.9998688145641137,0.9999541972121562,0.022300190854709728,1,2023
2023-01-11 00:00:00+00:00,0.00022962389023906127,1.0000984083310427,0.9999579401036179,0.022520900025734238,1,2023
2023-01-12 00:00:00+00:00,0.0015860755255032721,1.0016846399395913,0.9997903036295298,0.09926735100475877,2,2023
2023-01-13 00:00:00+00:00,0.0042329529182869585,1.0059247238594269,1.0004509541043531,0.08746429313033342,2,2023
2023-01-14 00:00:00+00:00,0.009085235204637776,1.01506378657385,1.0051790285627018,0.05778442794080479,2,2023
2023-01-15 00:00:00+00:00,-0.0008877076321091026,1.014162706703431,1.0051416158909297,0.05698416304401707,2,2023
2023-01-16 00:00:00+00:00,0.0010785822404377754,1.0152565645877956,1.0051153971450992,0.05802601206135874,2,2023
2023-01-17 00:00:00+00:00,-0.0008237443433782854,1.0144202527356387,1.0050976084597452,0.057266962423788856,2,2023
2023-01-18 00:00:00+00:00,-0.002853229579352634,1.011525878864639,1.0050810439726117,0.054585807704149635,2,2023
2023-01-19 00:00:00+00:00,0.001449293093737536,1.0129918763350143,1.0050640345834203,0.055970798281398754,2,2023
2023-01-20 00:00:00+00:00,0.00527260039148425,1.0183329776987486,1.0119568218852526,0.01725121371836808,1,2023
2023-01-21 00:00:00+00:00,-0.0003976958900328009,1.017927990858833,1.0188054976920982,0.04471324580660053,1,2023
2023-01-22 00:00:00+00:00,5.922280572612237e-07,1.0179285937043494,1.0187918389542825,0.04472722972280104,1,2023
2023-01-23 00:00:00+00:00,-4.763155098819194e-05,1.017880108186636,1.0187780286587886,0.04469529413523126,1,2023
2023-01-24 00:00:00+00:00,-0.0027163855534217962,1.0151151533656424,1.0151151533656424,0.0,0,2023
2023-01-25 00:00:00+00:00,0.0,1.0151151533656424,1.0151151533656424,0.0,0,2023
2023-01-26 00:00:00+00:00,0.0,1.0151151533656424,1.0151151533656424,0.0,0,2023
2023-01-27 00:00:00+00:00,0.0,1.0151151533656424,1.0151151533656424,0.0,0,2023
2023-01-28 00:00:00+00:00,0.0,1.0151151533656424,1.0151151533656424,0.0,0,2023
2023-01-29 00:00:00+00:00,0.0,1.0151151533656424,1.0151151533656424,0.0,0,2023
2023-01-30 00:00:00+00:00,0.0,1.0151151533656424,1.0151151533656424,0.0,0,2023
2023-01-31 00:00:00+00:00,0.0,1.0151151533656424,1.0151151533656424,0.0,0,2023
2023-02-01 00:00:00+00:00,0.0,1.0151151533656424,1.0151151533656424,0.0,0,2023
2023-02-02 00:00:00+00:00,0.0,1.0151151533656424,1.0151151533656424,0.0,0,2023
2023-02-03 00:00:00+00:00,0.0,1.0151151533656424,1.0151151533656424,0.0,0,2023
2023-02-04 00:00:00+00:00,0.0,1.0151151533656424,1.0151151533656424,0.0,0,2023
2023-02-05 00:00:00+00:00,0.0,1.0151151533656424,1.0151151533656424,0.0,0,2023
2023-02-06 00:00:00+00:00,0.0,1.0151151533656424,1.0151151533656424,0.0,0,2023
2023-02-07 00:00:00+00:00,0.0,1.0151151533656424,1.0151151533656424,0.0,0,2023
2023-02-08 00:00:00+00:00,0.0,1.0151151533656424,1.0151151533656424,0.0,0,2023
2023-02-09 00:00:00+00:00,0.0,1.0151151533656424,1.0151151533656424,0.0,0,2023
2023-02-10 00:00:00+00:00,0.0,1.0151151533656424,1.0151151533656424,0.0,0,2023
2023-02-11 00:00:00+00:00,0.0,1.0151151533656424,1.0151151533656424,0.0,0,2023
2023-02-12 00:00:00+00:00,0.0,1.0151151533656424,1.0151151533656424,0.0,0,2023
2023-02-13 00:00:00+00:00,0.0,1.0151151533656424,1.0151151533656424,0.0,0,2023
2023-02-14 00:00:00+00:00,0.0,1.0151151533656424,1.0151151533656424,0.0,0,2023
2023-02-15 00:00:00+00:00,0.0,1.0151151533656424,1.0151151533656424,0.0,0,2023
2023-02-16 00:00:00+00:00,0.0,1.0151151533656424,1.0151151533656424,0.0,0,2023
2023-02-17 00:00:00+00:00,0.0,1.0151151533656424,1.0151151533656424,0.0,0,2023
2023-02-18 00:00:00+00:00,0.0,1.0151151533656424,1.0151151533656424,0.0,0,2023
2023-02-19 00:00:00+00:00,0.0,1.0151151533656424,1.0151151533656424,0.0,0,2023
2023-02-20 00:00:00+00:00,0.0,1.0151151533656424,1.0151151533656424,0.0,0,2023
2023-02-21 00:00:00+00:00,0.0,1.0151151533656424,1.0151151533656424,0.0,0,2023
2023-02-22 00:00:00+00:00,0.0,1.0151151533656424,1.0151151533656424,0.0,0,2023
2023-02-23 00:00:00+00:00,0.0,1.0151151533656424,1.0151151533656424,0.0,0,2023
2023-02-24 00:00:00+00:00,0.0,1.0151151533656424,1.0151151533656424,0.0,0,2023
2023-02-25 00:00:00+00:00,0.0,1.0151151533656424,1.0151151533656424,0.0,0,2023
2023-02-26 00:00:00+00:00,0.0,1.0151151533656424,1.0151151533656424,0.0,0,2023
2023-02-27 00:00:00+00:00,0.0,1.0151151533656424,1.0151151533656424,0.0,0,2023
2023-02-28 00:00:00+00:00,0.0,1.0151151533656424,1.0151151533656424,0.0,0,2023
2023-03-01 00:00:00+00:00,0.0,1.0151151533656424,1.0151151533656424,0.0,0,2023
2023-03-02 00:00:00+00:00,0.0,1.0151151533656424,1.0151151533656424,0.0,0,2023
2023-03-03 00:00:00+00:00,0.0,1.0151151533656424,1.0151151533656424,0.0,0,2023
2023-03-04 00:00:00+00:00,0.0,1.0151151533656424,1.0151151533656424,0.0,0,2023
2023-03-05 00:00:00+00:00,0.0,1.0151151533656424,1.0151151533656424,0.0,0,2023
2023-03-06 00:00:00+00:00,0.0,1.0151151533656424,1.0151151533656424,0.0,0,2023
2023-03-07 00:00:00+00:00,0.0,1.0151151533656424,1.0151151533656424,0.0,0,2023
2023-03-08 00:00:00+00:00,0.0,1.0151151533656424,1.0151151533656424,0.0,0,2023
2023-03-09 00:00:00+00:00,0.0,1.0151151533656424,1.0151151533656424,0.0,0,2023
2023-03-10 00:00:00+00:00,0.0,1.0151151533656424,1.0151151533656424,0.0,0,2023
2023-03-11 00:00:00+00:00,0.0,1.0151151533656424,1.0151151533656424,0.0,0,2023
2023-03-12 00:00:00+00:00,0.0,1.0151151533656424,1.0151151533656424,0.0,0,2023
2023-03-13 00:00:00+00:00,0.0,1.0151151533656424,1.0151151533656424,0.0,0,2023
2023-03-14 00:00:00+00:00,0.0,1.0151151533656424,1.0151151533656424,0.0,0,2023
2023-03-15 00:00:00+00:00,0.0,1.0151151533656424,1.0151151533656424,0.0,0,2023
2023-03-16 00:00:00+00:00,0.0,1.0151151533656424,1.0151151533656424,0.0,0,2023
2023-03-17 00:00:00+00:00,0.0,1.0151151533656424,1.0151151533656424,0.0,0,2023
2023-03-18 00:00:00+00:00,-0.0017856416817455534,1.0133025214360212,1.0150707099864869,0.08380958826593432,2,2023
2023-03-19 00:00:00+00:00,0.00135714918007257,1.0146777241221536,1.0152748119708912,0.08485016056364064,2,2023
2023-03-20 00:00:00+00:00,-0.0013428083922293332,1.0133152063587942,1.015488269890928,0.08340898429070975,2,2023
2023-03-21 00:00:00+00:00,0.001958731115658363,1.015300018383459,1.015641228989087,0.08505017580193763,2,2023
2023-03-22 00:00:00+00:00,-0.0031373287971551145,1.0121146883980325,1.0158021188438005,0.0820116792756599,2,2023
2023-03-23 00:00:00+00:00,0.0028318322159794906,1.014980827378904,1.0158045934928166,0.08460148924062717,2,2023
2023-03-24 00:00:00+00:00,-0.0023735550018885165,1.0125717145592579,1.0158251611405624,0.08240325883077401,2,2023
2023-03-25 00:00:00+00:00,-0.00011293288537050916,1.0124573619138881,1.015835501688081,0.08228940696244857,2,2023
2023-03-26 00:00:00+00:00,0.0015411355115524383,1.0140176959082663,1.0158377528661038,0.08369932698954827,2,2023
2023-03-27 00:00:00+00:00,-0.00336563308115434,1.0106048844060416,1.0122320520923507,0.036872330438420337,1,2023
2023-03-28 00:00:00+00:00,0.0012386074419088455,1.0118566271366962,1.012228749909734,0.038067055273205974,1,2023
2023-03-29 00:00:00+00:00,0.00041471488639954757,1.0122762591428718,1.0122180062788682,0.038476431151109894,1,2023
2023-03-30 00:00:00+00:00,1.463555807457162e-05,1.01229107437085,1.0122136937007558,0.03849476359467408,1,2023
2023-03-31 00:00:00+00:00,0.0005926256605817137,1.0128909840375,1.0122041219096967,0.039073688756566506,1,2023
2023-04-01 00:00:00+00:00,-3.151804988188456e-05,1.0128590596889402,1.0121937163429888,0.03905367473823022,1,2023
2023-04-02 00:00:00+00:00,-0.0005683588161700115,1.0122833923128283,1.012188840089539,0.03851201891303177,1,2023
2023-04-03 00:00:00+00:00,0.00034822121303190734,1.0126358908636315,1.0121909520105892,0.0388446273085433,1,2023
2023-04-04 00:00:00+00:00,0.0012677971223089557,1.0139197077320152,1.0121829898835502,0.04006948722414344,1,2023
2023-04-05 00:00:00+00:00,0.0008115851973258259,1.0147425899580875,1.01217185629178,0.04085889269201767,1,2023
2023-04-06 00:00:00+00:00,-0.0007789470234857987,1.0139521592380354,1.012167187151478,0.04011579505283028,1,2023
2023-04-07 00:00:00+00:00,-0.00018647663980597695,1.0137630808464566,1.0121619965320894,0.039941885837239476,1,2023
2023-04-08 00:00:00+00:00,-0.0003211656843509214,1.0134374949328269,1.0121591923462407,0.039636216060921235,1,2023
2023-04-09 00:00:00+00:00,0.00020982977149297533,1.013650144290811,1.0121583927771671,0.03983847550153234,1,2023
2023-04-10 00:00:00+00:00,0.0010947168882460279,1.0147598042225392,1.0121582052327671,0.04088861595022624,1,2023
2023-04-11 00:00:00+00:00,-0.00043590162442075364,1.0143174687754817,1.012150810012841,0.04047764625311695,1,2023
2023-04-12 00:00:00+00:00,0.0005969322100976004,1.0149229475438584,1.0121483288535384,0.04105251902911539,1,2023
2023-04-13 00:00:00+00:00,0.0017503441273680753,1.016699411964823,1.0128288134577907,0.034408418099577565,1,2023
2023-04-14 00:00:00+00:00,0.0015715362972912317,1.0182971919941604,1.014922003664878,0.022410403340106837,1,2023
2023-04-15 00:00:00+00:00,-9.816148781272016e-05,1.0181972344267587,1.0149151854714524,0.022321128608748242,1,2023
2023-04-16 00:00:00+00:00,0.00028023704117297044,1.0184825710070649,1.0149082796052928,0.02260181422880483,1,2023
2023-04-17 00:00:00+00:00,-0.002192832042860804,1.0162492097902653,1.0147058368710973,0.0906900999723209,2,2023
2023-04-18 00:00:00+00:00,0.0008879383949687014,1.0171515764824948,1.0146772854800294,0.09152486479734696,2,2023
2023-04-19 00:00:00+00:00,-0.004369241383618605,1.0127073957211146,1.0127073957211146,0.0,0,2023
2023-04-20 00:00:00+00:00,0.0,1.0127073957211146,1.0127073957211146,0.0,0,2023
2023-04-21 00:00:00+00:00,0.0,1.0127073957211146,1.0127073957211146,0.0,0,2023
2023-04-22 00:00:00+00:00,0.0,1.0127073957211146,1.0127073957211146,0.0,0,2023
2023-04-23 00:00:00+00:00,0.0,1.0127073957211146,1.0127073957211146,0.0,0,2023
2023-04-24 00:00:00+00:00,0.0,1.0127073957211146,1.0127073957211146,0.0,0,2023
2023-04-25 00:00:00+00:00,0.0,1.0127073957211146,1.0127073957211146,0.0,0,2023
2023-04-26 00:00:00+00:00,0.0,1.0127073957211146,1.0127073957211146,0.0,0,2023
2023-04-27 00:00:00+00:00,0.0,1.0127073957211146,1.0127073957211146,0.0,0,2023
2023-04-28 00:00:00+00:00,0.0,1.0127073957211146,1.0127073957211146,0.0,0,2023
2023-04-29 00:00:00+00:00,0.0,1.0127073957211146,1.0127073957211146,0.0,0,2023
2023-04-30 00:00:00+00:00,0.0,1.0127073957211146,1.0127073957211146,0.0,0,2023
2023-05-01 00:00:00+00:00,0.0,1.0127073957211146,1.0127073957211146,0.0,0,2023
2023-05-02 00:00:00+00:00,0.0,1.0127073957211146,1.0127073957211146,0.0,0,2023
2023-05-03 00:00:00+00:00,0.0,1.0127073957211146,1.0127073957211146,0.0,0,2023
2023-05-04 00:00:00+00:00,0.0,1.0127073957211146,1.0127073957211146,0.0,0,2023
2023-05-05 00:00:00+00:00,0.0,1.0127073957211146,1.0127073957211146,0.0,0,2023
2023-05-06 00:00:00+00:00,0.0,1.0127073957211146,1.0127073957211146,0.0,0,2023
2023-05-07 00:00:00+00:00,0.0,1.0127073957211146,1.0127073957211146,0.0,0,2023
2023-05-08 00:00:00+00:00,0.0,1.0127073957211146,1.0127073957211146,0.0,0,2023
2023-05-09 00:00:00+00:00,0.0,1.0127073957211146,1.0127073957211146,0.0,0,2023
2023-05-10 00:00:00+00:00,0.0,1.0127073957211146,1.0127073957211146,0.0,0,2023
2023-05-11 00:00:00+00:00,0.0,1.0127073957211146,1.0127073957211146,0.0,0,2023
2023-05-12 00:00:00+00:00,0.0,1.0127073957211146,1.0127073957211146,0.0,0,2023
2023-05-13 00:00:00+00:00,0.0,1.0127073957211146,1.0127073957211146,0.0,0,2023
2023-05-14 00:00:00+00:00,0.0,1.0127073957211146,1.0127073957211146,0.0,0,2023
2023-05-15 00:00:00+00:00,0.0,1.0127073957211146,1.0127073957211146,0.0,0,2023
2023-05-16 00:00:00+00:00,0.0,1.0127073957211146,1.0127073957211146,0.0,0,2023
2023-05-17 00:00:00+00:00,0.0,1.0127073957211146,1.0127073957211146,0.0,0,2023
2023-05-18 00:00:00+00:00,0.0,1.0127073957211146,1.0127073957211146,0.0,0,2023
2023-05-19 00:00:00+00:00,0.0,1.0127073957211146,1.0127073957211146,0.0,0,2023
2023-05-20 00:00:00+00:00,0.0,1.0127073957211146,1.0127073957211146,0.0,0,2023
2023-05-21 00:00:00+00:00,0.0,1.0127073957211146,1.0127073957211146,0.0,0,2023
2023-05-22 00:00:00+00:00,0.0,1.0127073957211146,1.0127073957211146,0.0,0,2023
2023-05-23 00:00:00+00:00,0.0,1.0127073957211146,1.0127073957211146,0.0,0,2023
2023-05-24 00:00:00+00:00,0.0,1.0127073957211146,1.0127073957211146,0.0,0,2023
2023-05-25 00:00:00+00:00,0.0,1.0127073957211146,1.0127073957211146,0.0,0,2023
2023-05-26 00:00:00+00:00,0.0,1.0127073957211146,1.0127073957211146,0.0,0,2023
2023-05-27 00:00:00+00:00,0.0,1.0127073957211146,1.0127073957211146,0.0,0,2023
2023-05-28 00:00:00+00:00,0.0,1.0127073957211146,1.0127073957211146,0.0,0,2023
2023-05-29 00:00:00+00:00,0.0,1.0127073957211146,1.0127073957211146,0.0,0,2023
2023-05-30 00:00:00+00:00,0.0,1.0127073957211146,1.0127073957211146,0.0,0,2023
2023-05-31 00:00:00+00:00,0.0,1.0127073957211146,1.0127073957211146,0.0,0,2023
2023-06-01 00:00:00+00:00,0.0,1.0127073957211146,1.0127073957211146,0.0,0,2023
2023-06-02 00:00:00+00:00,0.0,1.0127073957211146,1.0127073957211146,0.0,0,2023
2023-06-03 00:00:00+00:00,0.0,1.0127073957211146,1.0127073957211146,0.0,0,2023
2023-06-04 00:00:00+00:00,0.0,1.0127073957211146,1.0127073957211146,0.0,0,2023
2023-06-05 00:00:00+00:00,0.0,1.0127073957211146,1.0127073957211146,0.0,0,2023
2023-06-06 00:00:00+00:00,-0.0037332531225687804,1.0089267026737903,1.0089267026737903,0.0,0,2023
2023-06-07 00:00:00+00:00,0.0,1.0089267026737903,1.0089267026737903,0.0,0,2023
2023-06-08 00:00:00+00:00,0.0,1.0089267026737903,1.0089267026737903,0.0,0,2023
2023-06-09 00:00:00+00:00,0.0,1.0089267026737903,1.0089267026737903,0.0,0,2023
2023-06-10 00:00:00+00:00,0.0,1.0089267026737903,1.0089267026737903,0.0,0,2023
2023-06-11 00:00:00+00:00,0.0,1.0089267026737903,1.0089267026737903,0.0,0,2023
2023-06-12 00:00:00+00:00,0.0,1.0089267026737903,1.0089267026737903,0.0,0,2023
2023-06-13 00:00:00+00:00,0.0,1.0089267026737903,1.0089267026737903,0.0,0,2023
2023-06-14 00:00:00+00:00,0.0,1.0089267026737903,1.0089267026737903,0.0,0,2023
2023-06-15 00:00:00+00:00,-0.0010074806260266245,1.0079102285677655,1.0088329549018418,0.049816421907921064,1,2023
2023-06-16 00:00:00+00:00,-0.0014575059880251873,1.006441193374236,1.008835532804705,0.051351330438653926,1,2023
2023-06-17 00:00:00+00:00,-0.0003229612719387598,1.0061161518462924,1.0088497923893982,0.05170515879822373,1,2023
2023-06-18 00:00:00+00:00,0.0003591012976726926,1.0064774494620299,1.0088594256940626,0.051337196990568754,1,2023
2023-06-19 00:00:00+00:00,-0.001237869861778207,1.0052315613607814,1.0052315613607814,0.0,0,2023
2023-06-20 00:00:00+00:00,0.0,1.0052315613607814,1.0052315613607814,0.0,0,2023
2023-06-21 00:00:00+00:00,0.0,1.0052315613607814,1.0052315613607814,0.0,0,2023
2023-06-22 00:00:00+00:00,0.0,1.0052315613607814,1.0052315613607814,0.0,0,2023
2023-06-23 00:00:00+00:00,0.0,1.0052315613607814,1.0052315613607814,0.0,0,2023
2023-06-24 00:00:00+00:00,0.0,1.0052315613607814,1.0052315613607814,0.0,0,2023
2023-06-25 00:00:00+00:00,0.0,1.0052315613607814,1.0052315613607814,0.0,0,2023
2023-06-26 00:00:00+00:00,0.0,1.0052315613607814,1.0052315613607814,0.0,0,2023
2023-06-27 00:00:00+00:00,0.0,1.0052315613607814,1.0052315613607814,0.0,0,2023
2023-06-28 00:00:00+00:00,0.0,1.0052315613607814,1.0052315613607814,0.0,0,2023
2023-06-29 00:00:00+00:00,0.0,1.0052315613607814,1.0052315613607814,0.0,0,2023
2023-06-30 00:00:00+00:00,0.0,1.0052315613607814,1.0052315613607814,0.0,0,2023
2023-07-01 00:00:00+00:00,0.0,1.0052315613607814,1.0052315613607814,0.0,0,2023
2023-07-02 00:00:00+00:00,0.0,1.0052315613607814,1.0052315613607814,0.0,0,2023
2023-07-03 00:00:00+00:00,0.0,1.0052315613607814,1.0052315613607814,0.0,0,2023
2023-07-04 00:00:00+00:00,0.0,1.0052315613607814,1.0052315613607814,0.0,0,2023
2023-07-05 00:00:00+00:00,0.0,1.0052315613607814,1.0052315613607814,0.0,0,2023
2023-07-06 00:00:00+00:00,0.0,1.0052315613607814,1.0052315613607814,0.0,0,2023
2023-07-07 00:00:00+00:00,0.0,1.0052315613607814,1.0052315613607814,0.0,0,2023
2023-07-08 00:00:00+00:00,0.0,1.0052315613607814,1.0052315613607814,0.0,0,2023
2023-07-09 00:00:00+00:00,0.0,1.0052315613607814,1.0052315613607814,0.0,0,2023
2023-07-10 00:00:00+00:00,0.0,1.0052315613607814,1.0052315613607814,0.0,0,2023
2023-07-11 00:00:00+00:00,0.0,1.0052315613607814,1.0052315613607814,0.0,0,2023
2023-07-12 00:00:00+00:00,0.0,1.0052315613607814,1.0052315613607814,0.0,0,2023
2023-07-13 00:00:00+00:00,0.0,1.0052315613607814,1.0052315613607814,0.0,0,2023
2023-07-14 00:00:00+00:00,0.0010068724492626746,1.006243701325045,1.0078115092832476,0.06838143526540884,2,2023
2023-07-15 00:00:00+00:00,-0.0002154140061018106,1.0060269423382278,1.0081221406764007,0.0540586326686302,1,2023
2023-07-16 00:00:00+00:00,-0.00027179797919074655,1.0057535062482887,1.0081143724677173,0.05380918158687657,1,2023
2023-07-17 00:00:00+00:00,-0.001261001284183716,1.0044852497853374,1.0044852497853374,0.0,0,2023
2023-07-18 00:00:00+00:00,0.0,1.0044852497853374,1.0044852497853374,0.0,0,2023
2023-07-19 00:00:00+00:00,0.0,1.0044852497853374,1.0044852497853374,0.0,0,2023
2023-07-20 00:00:00+00:00,0.0,1.0044852497853374,1.0044852497853374,0.0,0,2023
2023-07-21 00:00:00+00:00,0.0,1.0044852497853374,1.0044852497853374,0.0,0,2023
2023-07-22 00:00:00+00:00,0.0,1.0044852497853374,1.0044852497853374,0.0,0,2023
2023-07-23 00:00:00+00:00,0.0,1.0044852497853374,1.0044852497853374,0.0,0,2023
2023-07-24 00:00:00+00:00,0.0,1.0044852497853374,1.0044852497853374,0.0,0,2023
2023-07-25 00:00:00+00:00,0.0,1.0044852497853374,1.0044852497853374,0.0,0,2023
2023-07-26 00:00:00+00:00,0.0,1.0044852497853374,1.0044852497853374,0.0,0,2023
2023-07-27 00:00:00+00:00,0.0,1.0044852497853374,1.0044852497853374,0.0,0,2023
2023-07-28 00:00:00+00:00,0.0,1.0044852497853374,1.0044852497853374,0.0,0,2023
2023-07-29 00:00:00+00:00,0.0,1.0044852497853374,1.0044852497853374,0.0,0,2023
2023-07-30 00:00:00+00:00,0.0,1.0044852497853374,1.0044852497853374,0.0,0,2023
2023-07-31 00:00:00+00:00,0.0,1.0044852497853374,1.0044852497853374,0.0,0,2023
2023-08-01 00:00:00+00:00,0.0,1.0044852497853374,1.0044852497853374,0.0,0,2023
2023-08-02 00:00:00+00:00,0.0,1.0044852497853374,1.0044852497853374,0.0,0,2023
2023-08-03 00:00:00+00:00,0.0,1.0044852497853374,1.0044852497853374,0.0,0,2023
2023-08-04 00:00:00+00:00,0.0,1.0044852497853374,1.0044852497853374,0.0,0,2023
2023-08-05 00:00:00+00:00,0.0,1.0044852497853374,1.0044852497853374,0.0,0,2023
2023-08-06 00:00:00+00:00,0.0,1.0044852497853374,1.0044852497853374,0.0,0,2023
2023-08-07 00:00:00+00:00,0.0,1.0044852497853374,1.0044852497853374,0.0,0,2023
2023-08-08 00:00:00+00:00,0.0,1.0044852497853374,1.0044852497853374,0.0,0,2023
2023-08-09 00:00:00+00:00,0.0,1.0044852497853374,1.0044852497853374,0.0,0,2023
2023-08-10 00:00:00+00:00,0.0,1.0044852497853374,1.0044852497853374,0.0,0,2023
2023-08-11 00:00:00+00:00,0.0,1.0044852497853374,1.0044852497853374,0.0,0,2023
2023-08-12 00:00:00+00:00,0.0,1.0044852497853374,1.0044852497853374,0.0,0,2023
2023-08-13 00:00:00+00:00,0.0,1.0044852497853374,1.0044852497853374,0.0,0,2023
2023-08-14 00:00:00+00:00,0.0,1.0044852497853374,1.0044852497853374,0.0,0,2023
2023-08-15 00:00:00+00:00,0.0,1.0044852497853374,1.0044852497853374,0.0,0,2023
2023-08-16 00:00:00+00:00,0.0,1.0044852497853374,1.0044852497853374,0.0,0,2023
2023-08-17 00:00:00+00:00,0.0,1.0044852497853374,1.0044852497853374,0.0,0,2023
2023-08-18 00:00:00+00:00,0.0012787785252814654,1.005769763951725,1.0043631178232604,0.06416820565387919,1,2023
2023-08-19 00:00:00+00:00,-0.00011761870581450395,1.0056514666137415,1.004359314937594,0.06428960495003891,1,2023
2023-08-20 00:00:00+00:00,-0.00022079256372042888,1.0054294262482186,1.0043543679491913,0.0645197238012109,1,2023
2023-08-21 00:00:00+00:00,0.00014680621440921193,1.0055770295361417,1.0043520380257471,0.06436115162816729,1,2023
2023-08-22 00:00:00+00:00,0.00017550000750254924,1.0057535083123696,1.004352562124172,0.06417491011518141,1,2023
2023-08-23 00:00:00+00:00,-0.0009215980890532327,1.0048266078010504,1.0043545040528608,0.06515848896284984,1,2023
2023-08-24 00:00:00+00:00,0.0006308859246846321,1.0054605387646607,1.0043574764112788,0.0644898753644348,1,2023
2023-08-25 00:00:00+00:00,0.0002829998145037482,1.005745083910622,1.0043622288371843,0.06419343543564582,1,2023
2023-08-26 00:00:00+00:00,0.0001240059455571707,1.0058698022807417,1.004369478873109,0.06406869321299369,1,2023
2023-08-27 00:00:00+00:00,-0.0002020676410702249,1.005666548542571,1.0043729099254843,0.06428716223959073,1,2023
2023-08-28 00:00:00+00:00,-4.0825851118864165e-05,1.005625491349785,1.0043784435487926,0.06433611711089374,1,2023
2023-08-29 00:00:00+00:00,-0.004878576286405534,1.0007194706746811,1.0007194706746811,0.0,0,2023
2023-08-30 00:00:00+00:00,0.0,1.0007194706746811,1.0007194706746811,0.0,0,2023
2023-08-31 00:00:00+00:00,0.0,1.0007194706746811,1.0007194706746811,0.0,0,2023
2023-09-01 00:00:00+00:00,0.0,1.0007194706746811,1.0007194706746811,0.0,0,2023
2023-09-02 00:00:00+00:00,0.0,1.0007194706746811,1.0007194706746811,0.0,0,2023
2023-09-03 00:00:00+00:00,0.0,1.0007194706746811,1.0007194706746811,0.0,0,2023
2023-09-04 00:00:00+00:00,0.0,1.0007194706746811,1.0007194706746811,0.0,0,2023
2023-09-05 00:00:00+00:00,0.0,1.0007194706746811,1.0007194706746811,0.0,0,2023
2023-09-06 00:00:00+00:00,0.0,1.0007194706746811,1.0007194706746811,0.0,0,2023
2023-09-07 00:00:00+00:00,0.0,1.0007194706746811,1.0007194706746811,0.0,0,2023
2023-09-08 00:00:00+00:00,0.0,1.0007194706746811,1.0007194706746811,0.0,0,2023
2023-09-09 00:00:00+00:00,0.0,1.0007194706746811,1.0007194706746811,0.0,0,2023
2023-09-10 00:00:00+00:00,0.0,1.0007194706746811,1.0007194706746811,0.0,0,2023
2023-09-11 00:00:00+00:00,0.0,1.0007194706746811,1.0007194706746811,0.0,0,2023
2023-09-12 00:00:00+00:00,0.0,1.0007194706746811,1.0007194706746811,0.0,0,2023
2023-09-13 00:00:00+00:00,0.0,1.0007194706746811,1.0007194706746811,0.0,0,2023
2023-09-14 00:00:00+00:00,0.0,1.0007194706746811,1.0007194706746811,0.0,0,2023
2023-09-15 00:00:00+00:00,0.0,1.0007194706746811,1.0007194706746811,0.0,0,2023
2023-09-16 00:00:00+00:00,0.0,1.0007194706746811,1.0007194706746811,0.0,0,2023
2023-09-17 00:00:00+00:00,0.0,1.0007194706746811,1.0007194706746811,0.0,0,2023
2023-09-18 00:00:00+00:00,0.0,1.0007194706746811,1.0007194706746811,0.0,0,2023
2023-09-19 00:00:00+00:00,0.0,1.0007194706746811,1.0007194706746811,0.0,0,2023
2023-09-20 00:00:00+00:00,0.0,1.0007194706746811,1.0007194706746811,0.0,0,2023
2023-09-21 00:00:00+00:00,0.0,1.0007194706746811,1.0007194706746811,0.0,0,2023
2023-09-22 00:00:00+00:00,0.0,1.0007194706746811,1.0007194706746811,0.0,0,2023
2023-09-23 00:00:00+00:00,0.0,1.0007194706746811,1.0007194706746811,0.0,0,2023
2023-09-24 00:00:00+00:00,0.0,1.0007194706746811,1.0007194706746811,0.0,0,2023
2023-09-25 00:00:00+00:00,0.0,1.0007194706746811,1.0007194706746811,0.0,0,2023
2023-09-26 00:00:00+00:00,0.0,1.0007194706746811,1.0007194706746811,0.0,0,2023
2023-09-27 00:00:00+00:00,0.0,1.0007194706746811,1.0007194706746811,0.0,0,2023
2023-09-28 00:00:00+00:00,0.0,1.0007194706746811,1.0007194706746811,0.0,0,2023
2023-09-29 00:00:00+00:00,0.0,1.0007194706746811,1.0007194706746811,0.0,0,2023
2023-09-30 00:00:00+00:00,0.0,1.0007194706746811,1.0007194706746811,0.0,0,2023
2023-10-01 00:00:00+00:00,0.0,1.0007194706746811,1.0007194706746811,0.0,0,2023
2023-10-02 00:00:00+00:00,0.0,1.0007194706746811,1.0007194706746811,0.0,0,2023
2023-10-03 00:00:00+00:00,0.0,1.0007194706746811,1.0007194706746811,0.0,0,2023
2023-10-04 00:00:00+00:00,0.0,1.0007194706746811,1.0007194706746811,0.0,0,2023
2023-10-05 00:00:00+00:00,0.0,1.0007194706746811,1.0007194706746811,0.0,0,2023
2023-10-06 00:00:00+00:00,0.0,1.0007194706746811,1.0007194706746811,0.0,0,2023
2023-10-07 00:00:00+00:00,0.0,1.0007194706746811,1.0007194706746811,0.0,0,2023
2023-10-08 00:00:00+00:00,0.0,1.0007194706746811,1.0007194706746811,0.0,0,2023
2023-10-09 00:00:00+00:00,0.0,1.0007194706746811,1.0007194706746811,0.0,0,2023
2023-10-10 00:00:00+00:00,0.0,1.0007194706746811,1.0007194706746811,0.0,0,2023
2023-10-11 00:00:00+00:00,0.0,1.0007194706746811,1.0007194706746811,0.0,0,2023
2023-10-12 00:00:00+00:00,0.0,1.0007194706746811,1.0007194706746811,0.0,0,2023
2023-10-13 00:00:00+00:00,0.0,1.0007194706746811,1.0007194706746811,0.0,0,2023
2023-10-14 00:00:00+00:00,0.0,1.0007194706746811,1.0007194706746811,0.0,0,2023
2023-10-15 00:00:00+00:00,0.0,1.0007194706746811,1.0007194706746811,0.0,0,2023
2023-10-16 00:00:00+00:00,0.0,1.0007194706746811,1.0007194706746811,0.0,0,2023
2023-10-17 00:00:00+00:00,0.0,1.0007194706746811,1.0007194706746811,0.0,0,2023
2023-10-18 00:00:00+00:00,0.0,1.0007194706746811,1.0007194706746811,0.0,0,2023
2023-10-19 00:00:00+00:00,0.0,1.0007194706746811,1.0007194706746811,0.0,0,2023
2023-10-20 00:00:00+00:00,0.0,1.0007194706746811,1.0007194706746811,0.0,0,2023
2023-10-21 00:00:00+00:00,0.0027422472923874786,1.0034636909335781,1.0013480959910805,0.02684546865810503,1,2023
2023-10-22 00:00:00+00:00,-0.00025499087086366945,1.0032078168531469,1.0013504678614928,0.02659489555947686,1,2023
2023-10-23 00:00:00+00:00,0.002629612962240291,1.0058458651321647,1.0013499961231733,0.029148329925425633,1,2023
2023-10-24 00:00:00+00:00,-0.0016026438334757476,1.0042338524589836,1.0013416816144833,0.027598182334366714,1,2023
2023-10-25 00:00:00+00:00,0.00229026417585243,1.0065338132754487,1.0034114267345557,0.018515694774822865,1,2023
2023-10-26 00:00:00+00:00,0.000180225093169728,1.0067152159257247,1.003406726875772,0.01869721950998637,1,2023
2023-10-27 00:00:00+00:00,-0.000593679054922136,1.0061175501877582,1.0034012577021285,0.018119730451458024,1,2023
2023-10-28 00:00:00+00:00,-7.677675585193722e-05,1.006040303746249,1.0033958100681273,0.018049754007624683,1,2023
2023-10-29 00:00:00+00:00,0.0006863589387529068,1.006730808501471,1.0033901535857548,0.01872888073231393,1,2023
2023-10-30 00:00:00+00:00,0.0012105538882771771,1.0079495103961509,1.0033842550195842,0.019921178090486675,1,2023
2023-10-31 00:00:00+00:00,0.0019400995381881891,1.0099050327757875,1.0033788083685717,0.021824339931141735,1,2023
2023-11-01 00:00:00+00:00,0.0004387787390909281,1.0103481576326705,1.0103481576326705,0.0,0,2023
2023-11-02 00:00:00+00:00,-0.0006698889000659181,1.0096713366166703,1.0102870510180955,0.025783330200668232,1,2023
2023-11-03 00:00:00+00:00,-0.0004905751466842689,1.0091760169526067,1.0102793875081018,0.02531276296993828,1,2023
2023-11-04 00:00:00+00:00,0.0018664122915119652,1.0110595554749462,1.010271156467239,0.027136683221772737,1,2023
2023-11-05 00:00:00+00:00,-0.0008107038375083642,1.0102398856133732,1.0102631689310742,0.02635524584707546,1,2023
2023-11-06 00:00:00+00:00,0.0032237315318344173,1.0134966277873418,1.0099912578990353,0.1360361056010238,3,2023
2023-11-07 00:00:00+00:00,-0.0020198745677803,1.011449491724343,1.0099262867739824,0.13435171054794443,3,2023
2023-11-08 00:00:00+00:00,0.00019953388475091316,1.0116513101706561,1.0098591885672663,0.13459072768469488,3,2023
2023-11-09 00:00:00+00:00,0.008300115185792212,1.0200481325729303,1.0111428104105875,0.12525374374425816,3,2023
2023-11-10 00:00:00+00:00,0.003734352073849978,1.0238573514322307,1.0131754841809095,0.11871465410956103,3,2023
2023-11-11 00:00:00+00:00,0.0015033188663857722,1.0253965355051264,1.0201269255395737,0.10026405254296328,2,2023
2023-11-12 00:00:00+00:00,-0.0011129893297545657,1.024255280102342,1.0200942173290735,0.09929347389921442,2,2023
2023-11-13 00:00:00+00:00,-0.0013569814787303125,1.0228653846577513,1.020027154873164,0.09813513433723232,2,2023
2023-11-14 00:00:00+00:00,-0.0013421935693950227,1.021492501316107,1.0199803261671825,0.09696887365204239,2,2023
2023-11-15 00:00:00+00:00,0.004278548734679255,1.0258630067650973,1.0199411143957209,0.10085429909724125,2,2023
2023-11-16 00:00:00+00:00,-0.007104011087026185,1.018575264591268,1.0198375684487886,0.11537966212739131,3,2023
2023-11-17 00:00:00+00:00,-0.0006716010884764145,1.0178911883348734,1.0161869956177643,0.09750059338578791,2,2023
2023-11-18 00:00:00+00:00,4.45809754090476e-06,1.017895726193077,1.0161629155040823,0.09752827355704025,2,2023
2023-11-19 00:00:00+00:00,0.0013967653500959187,1.019317487673434,1.0161428311215737,0.09880676032493743,2,2023
2023-11-20 00:00:00+00:00,0.001954115603508777,1.0213093518810261,1.0167873056443153,0.08880437106753222,2,2023
2023-11-21 00:00:00+00:00,-0.00369763138878898,1.017532926363847,1.0166520318477825,0.04087447881046046,1,2023
2023-11-22 00:00:00+00:00,0.0027451510658373923,1.0203262079611795,1.0166387125290965,0.04351326919489687,1,2023
2023-11-23 00:00:00+00:00,-3.8978204544126704e-05,1.0202864374775438,1.0166254011481413,0.04348903231590727,1,2023
2023-11-24 00:00:00+00:00,0.00037646412766378923,1.0206705387211958,1.0166119705076206,0.043862147516481306,1,2023
2023-11-25 00:00:00+00:00,2.287019109248334e-05,1.0206938816514588,1.0165985288317183,0.043897183226754025,1,2023
2023-11-26 00:00:00+00:00,-0.0004535115162772607,1.020230985221536,1.0165852220327052,0.04347642578287272,1,2023
2023-11-27 00:00:00+00:00,-0.000738145800335821,1.0194779060044223,1.016572137232017,0.042782685173519186,1,2023
2023-11-28 00:00:00+00:00,0.00042233735279095796,1.0199084696044731,1.0165589192968683,0.04319974305756258,1,2023
2023-11-29 00:00:00+00:00,-0.0004302367700196319,1.0194696674787949,1.0165458290752907,0.04280075544861873,1,2023
2023-11-30 00:00:00+00:00,0.00047971197949414623,1.0199587192910153,1.0165325881658966,0.04327269703360014,1,2023
2023-12-01 00:00:00+00:00,0.0007298145059357886,1.0207030999598097,1.0165191199018229,0.04398361637315972,1,2023
2023-12-02 00:00:00+00:00,0.0015247773347726312,1.0222594449121605,1.018591874475084,0.02847757145500451,1,2023
2023-12-03 00:00:00+00:00,0.0003590738626120249,1.0226265115596367,1.018583028261309,0.028834945032197787,1,2023
2023-12-04 00:00:00+00:00,0.000654032018699402,1.0232953420413675,1.0185739786835164,0.0294785464855505,1,2023
2023-12-05 00:00:00+00:00,0.0006519609937796211,1.0239624906894949,1.0185647261853799,0.03011991233615414,1,2023
2023-12-06 00:00:00+00:00,-0.0008055276356118135,1.0231376606054146,1.018555718433943,0.029346821330638134,1,2023
2023-12-07 00:00:00+00:00,0.0016168601704849017,1.0247919311377705,1.0185462115492814,0.030922975266080142,1,2023
2023-12-08 00:00:00+00:00,3.5496066244311564e-05,1.0248283072200448,1.0185317667940905,0.030971467272421793,1,2023
2023-12-09 00:00:00+00:00,-0.0012883474687194196,1.023507972264566,1.0184268018494735,0.05697528417109158,2,2023
2023-12-10 00:00:00+00:00,0.0010315446708173415,1.0245637664588945,1.0183860074745046,0.05798687020309777,2,2023
2023-12-11 00:00:00+00:00,-0.005232030491697959,1.0192032175920926,1.014725202688771,0.029358140101810114,1,2023
2023-12-12 00:00:00+00:00,-0.00028389644402693204,1.0189138694228774,1.0147163102522345,0.029091227444371554,1,2023
2023-12-13 00:00:00+00:00,0.0007372156838976185,1.0196650287079567,1.014704619188695,0.029817934923933313,1,2023
2023-12-14 00:00:00+00:00,0.0007173508395617034,1.020396486272372,1.0146952756567251,0.030522553718688682,1,2023
2023-12-15 00:00:00+00:00,-0.0012583773996437397,1.019112442395371,1.0146861894561343,0.029309963893671125,1,2023
2023-12-16 00:00:00+00:00,9.579234612422383e-05,1.0192100655671925,1.0146771964266068,0.02941176319217989,1,2023
2023-12-17 00:00:00+00:00,-0.0004273994154568861,1.0187744557809413,1.014667916999092,0.02900586539555523,1,2023
2023-12-18 00:00:00+00:00,0.00028730959425860014,1.0190671594564726,1.0146574434564113,0.02929503877540983,1,2023
2023-12-19 00:00:00+00:00,-0.0005556107914712616,1.0185009547454447,1.0146486545975817,0.028764034007359152,1,2023
2023-12-20 00:00:00+00:00,0.0003165322522979963,1.0188233431466178,1.0146358674754719,0.029083915107983867,1,2023
2023-12-21 00:00:00+00:00,0.0035828311087260367,1.0224736151147398,1.0152581176815167,0.049325545201918966,2,2023
2023-12-22 00:00:00+00:00,0.001913797165398412,1.024430422221041,1.0151976483377585,0.051200495253208675,2,2023
2023-12-23 00:00:00+00:00,0.0019042178491521788,1.0263811609162488,1.0172952993638866,0.04446586823801092,2,2023
2023-12-24 00:00:00+00:00,-2.8982259313581338e-06,1.0263781862317527,1.0172675046094926,0.04449017929816537,2,2023
2023-12-25 00:00:00+00:00,0.0011619907859539147,1.0275708282270581,1.0172266963036014,0.04563889762741545,2,2023
2023-12-26 00:00:00+00:00,-0.0016780661369326655,1.0258464964169105,1.017183136493522,0.044077186978985015,2,2023
2023-12-27 00:00:00+00:00,0.00491279412477974,1.0308862690574334,1.0177758499315657,0.08328614645418428,3,2023
2023-12-28 00:00:00+00:00,-0.000398442955759859,1.030475519685338,1.0248122279901162,0.05140104775792279,2,2023
2023-12-29 00:00:00+00:00,-0.00044334399886936104,1.0300186645477036,1.0248581624448774,0.050935709821684494,2,2023
2023-12-30 00:00:00+00:00,-0.00010029734735206297,1.0299153564079264,1.0249133825506203,0.05078689548355808,2,2023
2023-12-31 00:00:00+00:00,-0.0006675519145148412,1.0292278344399681,1.0292278344399681,0.0,0,2023
2024-01-01 00:00:00+00:00,0.0,1.0,1.0,0.0,0,2024
2024-01-02 00:00:00+00:00,0.0,1.0,1.0,0.0,0,2024
2024-01-03 00:00:00+00:00,0.0,1.0,1.0,0.0,0,2024
2024-01-04 00:00:00+00:00,0.0,1.0,1.0,0.0,0,2024
2024-01-05 00:00:00+00:00,0.0,1.0,1.0,0.0,0,2024
2024-01-06 00:00:00+00:00,0.0,1.0,1.0,0.0,0,2024
2024-01-07 00:00:00+00:00,0.0,1.0,1.0,0.0,0,2024
2024-01-08 00:00:00+00:00,0.0,1.0,1.0,0.0,0,2024
2024-01-09 00:00:00+00:00,0.0,1.0,1.0,0.0,0,2024
2024-01-10 00:00:00+00:00,0.0,1.0,1.0,0.0,0,2024
2024-01-11 00:00:00+00:00,0.0003875519551019835,1.000387551955102,0.9999139268426094,0.037820302500714956,1,2024
2024-01-12 00:00:00+00:00,-0.0013872069381165586,0.9989998074022244,0.9999029893967917,0.03649465440902994,1,2024
2024-01-13 00:00:00+00:00,0.0007871733378750356,0.9997861934151537,0.9998918126821557,0.03726368267412845,1,2024
2024-01-14 00:00:00+00:00,-0.0015157266020716653,0.9982707908854104,0.9998810873706852,0.035812966342944876,1,2024
2024-01-15 00:00:00+00:00,0.0005369185843722146,0.9988067810252728,0.99987019799536,0.03634128085619521,1,2024
2024-01-16 00:00:00+00:00,0.001076459403692942,0.9998819559771797,0.9998589827029617,0.03738872150971201,1,2024
2024-01-17 00:00:00+00:00,-0.0008314588394719991,0.9990505952864539,0.999848013528018,0.0365986634223976,1,2024
2024-01-18 00:00:00+00:00,-0.0008687722669264986,0.9981826478360126,0.9998373015237082,0.03577169079237441,1,2024
2024-01-19 00:00:00+00:00,0.00029561032559710654,0.9984777209335448,0.9998264977563389,0.03606746264096336,1,2024
2024-01-20 00:00:00+00:00,-0.0003028945790424231,0.9981752874445794,0.9998157815041406,0.035786140079951644,1,2024
2024-01-21 00:00:00+00:00,-0.00023141356518063816,0.9979442961426367,0.9998051313542881,0.03557362835377489,1,2024
2024-01-22 00:00:00+00:00,-0.0017204558541518145,0.9962273770362207,0.9962273770362207,0.0,0,2024
2024-01-23 00:00:00+00:00,0.0,0.9962273770362207,0.9962273770362207,0.0,0,2024
2024-01-24 00:00:00+00:00,0.0,0.9962273770362207,0.9962273770362207,0.0,0,2024
2024-01-25 00:00:00+00:00,0.0,0.9962273770362207,0.9962273770362207,0.0,0,2024
2024-01-26 00:00:00+00:00,0.0,0.9962273770362207,0.9962273770362207,0.0,0,2024
2024-01-27 00:00:00+00:00,0.0,0.9962273770362207,0.9962273770362207,0.0,0,2024
2024-01-28 00:00:00+00:00,0.0,0.9962273770362207,0.9962273770362207,0.0,0,2024
2024-01-29 00:00:00+00:00,0.0,0.9962273770362207,0.9962273770362207,0.0,0,2024
2024-01-30 00:00:00+00:00,0.0,0.9962273770362207,0.9962273770362207,0.0,0,2024
2024-01-31 00:00:00+00:00,0.0,0.9962273770362207,0.9962273770362207,0.0,0,2024
2024-02-01 00:00:00+00:00,0.0,0.9962273770362207,0.9962273770362207,0.0,0,2024
2024-02-02 00:00:00+00:00,0.0,0.9962273770362207,0.9962273770362207,0.0,0,2024
2024-02-03 00:00:00+00:00,0.0,0.9962273770362207,0.9962273770362207,0.0,0,2024
2024-02-04 00:00:00+00:00,0.0,0.9962273770362207,0.9962273770362207,0.0,0,2024
2024-02-05 00:00:00+00:00,0.0,0.9962273770362207,0.9962273770362207,0.0,0,2024
2024-02-06 00:00:00+00:00,0.0,0.9962273770362207,0.9962273770362207,0.0,0,2024
2024-02-07 00:00:00+00:00,0.0,0.9962273770362207,0.9962273770362207,0.0,0,2024
2024-02-08 00:00:00+00:00,0.0,0.9962273770362207,0.9962273770362207,0.0,0,2024
2024-02-09 00:00:00+00:00,0.0,0.9962273770362207,0.9962273770362207,0.0,0,2024
2024-02-10 00:00:00+00:00,0.0,0.9962273770362207,0.9962273770362207,0.0,0,2024
2024-02-11 00:00:00+00:00,0.0,0.9962273770362207,0.9962273770362207,0.0,0,2024
2024-02-12 00:00:00+00:00,0.0,0.9962273770362207,0.9962273770362207,0.0,0,2024
2024-02-13 00:00:00+00:00,0.0,0.9962273770362207,0.9962273770362207,0.0,0,2024
2024-02-14 00:00:00+00:00,0.0,0.9962273770362207,0.9962273770362207,0.0,0,2024
2024-02-15 00:00:00+00:00,0.0008800155600785509,0.9971040726293887,0.9960886395403256,0.05943102067527101,1,2024
2024-02-16 00:00:00+00:00,0.0006299326076810718,0.9977321809979895,0.9959422906774673,0.12786478022010564,2,2024
2024-02-17 00:00:00+00:00,-0.001853979932195604,0.9958824055567135,0.9959299060072266,0.12625729159308732,2,2024
2024-02-18 00:00:00+00:00,0.0015515471260560965,0.9974275640409449,0.9959425916082022,0.12759812616210253,2,2024
2024-02-19 00:00:00+00:00,0.0016013840859274708,0.9990248286688654,0.996559721444814,0.11671514427461546,2,2024
2024-02-20 00:00:00+00:00,0.0016817700210987052,1.000704958676054,0.9964756204844815,0.11828217393479279,2,2024
2024-02-21 00:00:00+00:00,0.0034744127136403513,1.004181820707081,0.9971490294192072,0.10721238091037719,2,2024
2024-02-22 00:00:00+00:00,0.0007358327814559473,1.0049207306092993,0.9972793175828042,0.1077391900731311,2,2024
2024-02-23 00:00:00+00:00,-0.001816446035863395,1.003095346331827,0.9973587641649075,0.10603629568508006,2,2024
2024-02-24 00:00:00+00:00,0.002204845223591434,1.0053070163149935,0.9974650762318429,0.10789726014029281,2,2024
2024-02-25 00:00:00+00:00,0.003171071546646642,1.0084949167900743,1.0016570608815123,0.06914295016098039,2,2024
2024-02-26 00:00:00+00:00,0.001892836636108175,1.0104038329159035,1.0016436354508738,0.07091486887861967,2,2024
2024-02-27 00:00:00+00:00,-7.741187628029778e-06,1.0103960111902528,1.0016255886789869,0.07092553768843833,2,2024
2024-02-28 00:00:00+00:00,0.003892197401098585,1.0143286719190878,1.0085383154062457,0.03900222446168656,1,2024
2024-02-29 00:00:00+00:00,-0.000371465638114854,1.0139518836717152,1.0088565307886643,0.1066407823968595,3,2024
2024-03-01 00:00:00+00:00,0.0025543507328797954,1.0165418724088768,1.0086985827826669,0.10907229887927626,3,2024
2024-03-02 00:00:00+00:00,0.0001391812362938616,1.0166833559634232,1.0085038222377751,0.10938784664644331,3,2024
2024-03-03 00:00:00+00:00,0.0010593380141397102,1.0177603672907383,1.0083295968505797,0.1105014926490076,3,2024
2024-03-04 00:00:00+00:00,0.0026304910079855137,1.0204375767851805,1.008145534829924,0.1130155473331856,3,2024
2024-03-05 00:00:00+00:00,-0.008297566420587543,1.011970428213742,1.0101968327878699,0.03701177844818047,1,2024
2024-03-06 00:00:00+00:00,0.002739149845000899,1.0147423668553293,1.0101567862368455,0.03968180672553877,1,2024
2024-03-07 00:00:00+00:00,0.0042271293877504945,1.019031814135259,1.0128218009760632,0.056322909816604955,2,2024
2024-03-08 00:00:00+00:00,0.0008217364157807605,1.019869189685773,1.0126940153018043,0.08107277245142945,3,2024
2024-03-09 00:00:00+00:00,0.0002116453218656833,1.020085040228685,1.0126555974031,0.08130487941342751,3,2024
2024-03-10 00:00:00+00:00,0.0020717082317669444,1.022198358803629,1.0146820398804832,0.07062547692733162,3,2024
2024-03-11 00:00:00+00:00,0.001639389124272972,1.0238741396759012,1.0145937221927261,0.07223284806107312,3,2024
2024-03-12 00:00:00+00:00,0.0002903542581691454,1.0241714258921855,1.0144834482805367,0.07260982235328758,3,2024
2024-03-13 00:00:00+00:00,0.0046196594605814045,1.0289027491090654,1.0220992760035517,0.04719896166286,2,2024
2024-03-14 00:00:00+00:00,-0.002859700263126208,1.025960395646707,1.018242683724578,0.048225429009311246,2,2024
2024-03-15 00:00:00+00:00,-0.0005196931145002859,1.0254272110933393,1.0220357310568375,0.0151676219869817,1,2024
2024-03-16 00:00:00+00:00,-0.00016994838481354524,1.0252529413950702,1.022027927320117,0.015007834389183114,1,2024
2024-03-17 00:00:00+00:00,0.0016201144027825354,1.0269139684519195,1.0220185516435782,0.016610183139861314,1,2024
2024-03-18 00:00:00+00:00,-0.000491658090533309,1.0264090778910484,1.0220051199514293,0.01613953985109288,1,2024
2024-03-19 00:00:00+00:00,-0.002165157116291283,1.0241867409718266,1.0219977684749133,0.014011882989056406,1,2024
2024-03-20 00:00:00+00:00,-0.00043100599871270795,1.0237453103426657,1.0237453103426657,0.0,0,2024
2024-03-21 00:00:00+00:00,0.0,1.0237453103426657,1.0237453103426657,0.0,0,2024
2024-03-22 00:00:00+00:00,0.0,1.0237453103426657,1.0237453103426657,0.0,0,2024
2024-03-23 00:00:00+00:00,0.0,1.0237453103426657,1.0237453103426657,0.0,0,2024
2024-03-24 00:00:00+00:00,0.0,1.0237453103426657,1.0237453103426657,0.0,0,2024
2024-03-25 00:00:00+00:00,0.0,1.0237453103426657,1.0237453103426657,0.0,0,2024
2024-03-26 00:00:00+00:00,0.0,1.0237453103426657,1.0237453103426657,0.0,0,2024
2024-03-27 00:00:00+00:00,0.0,1.0237453103426657,1.0237453103426657,0.0,0,2024
2024-03-28 00:00:00+00:00,0.0,1.0237453103426657,1.0237453103426657,0.0,0,2024
2024-03-29 00:00:00+00:00,0.0,1.0237453103426657,1.0237453103426657,0.0,0,2024
2024-03-30 00:00:00+00:00,0.0,1.0237453103426657,1.0237453103426657,0.0,0,2024
2024-03-31 00:00:00+00:00,0.0,1.0237453103426657,1.0237453103426657,0.0,0,2024
2024-04-01 00:00:00+00:00,0.0,1.0237453103426657,1.0237453103426657,0.0,0,2024
2024-04-02 00:00:00+00:00,0.0,1.0237453103426657,1.0237453103426657,0.0,0,2024
2024-04-03 00:00:00+00:00,0.0,1.0237453103426657,1.0237453103426657,0.0,0,2024
2024-04-04 00:00:00+00:00,0.0,1.0237453103426657,1.0237453103426657,0.0,0,2024
2024-04-05 00:00:00+00:00,0.0,1.0237453103426657,1.0237453103426657,0.0,0,2024
2024-04-06 00:00:00+00:00,0.0,1.0237453103426657,1.0237453103426657,0.0,0,2024
2024-04-07 00:00:00+00:00,0.0,1.0237453103426657,1.0237453103426657,0.0,0,2024
2024-04-08 00:00:00+00:00,0.0,1.0237453103426657,1.0237453103426657,0.0,0,2024
2024-04-09 00:00:00+00:00,0.0,1.0237453103426657,1.0237453103426657,0.0,0,2024
2024-04-10 00:00:00+00:00,0.0,1.0237453103426657,1.0237453103426657,0.0,0,2024
2024-04-11 00:00:00+00:00,0.0,1.0237453103426657,1.0237453103426657,0.0,0,2024
2024-04-12 00:00:00+00:00,0.0,1.0237453103426657,1.0237453103426657,0.0,0,2024
2024-04-13 00:00:00+00:00,0.0,1.0237453103426657,1.0237453103426657,0.0,0,2024
2024-04-14 00:00:00+00:00,0.0,1.0237453103426657,1.0237453103426657,0.0,0,2024
2024-04-15 00:00:00+00:00,0.0,1.0237453103426657,1.0237453103426657,0.0,0,2024
2024-04-16 00:00:00+00:00,0.0,1.0237453103426657,1.0237453103426657,0.0,0,2024
2024-04-17 00:00:00+00:00,0.0,1.0237453103426657,1.0237453103426657,0.0,0,2024
2024-04-18 00:00:00+00:00,0.0,1.0237453103426657,1.0237453103426657,0.0,0,2024
2024-04-19 00:00:00+00:00,0.0,1.0237453103426657,1.0237453103426657,0.0,0,2024
2024-04-20 00:00:00+00:00,0.0,1.0237453103426657,1.0237453103426657,0.0,0,2024
2024-04-21 00:00:00+00:00,0.0,1.0237453103426657,1.0237453103426657,0.0,0,2024
2024-04-22 00:00:00+00:00,0.0,1.0237453103426657,1.0237453103426657,0.0,0,2024
2024-04-23 00:00:00+00:00,0.0,1.0237453103426657,1.0237453103426657,0.0,0,2024
2024-04-24 00:00:00+00:00,0.0,1.0237453103426657,1.0237453103426657,0.0,0,2024
2024-04-25 00:00:00+00:00,0.0,1.0237453103426657,1.0237453103426657,0.0,0,2024
2024-04-26 00:00:00+00:00,0.0,1.0237453103426657,1.0237453103426657,0.0,0,2024
2024-04-27 00:00:00+00:00,0.0,1.0237453103426657,1.0237453103426657,0.0,0,2024
2024-04-28 00:00:00+00:00,0.0,1.0237453103426657,1.0237453103426657,0.0,0,2024
2024-04-29 00:00:00+00:00,0.0,1.0237453103426657,1.0237453103426657,0.0,0,2024
2024-04-30 00:00:00+00:00,0.0,1.0237453103426657,1.0237453103426657,0.0,0,2024
2024-05-01 00:00:00+00:00,0.0,1.0237453103426657,1.0237453103426657,0.0,0,2024
2024-05-02 00:00:00+00:00,0.0,1.0237453103426657,1.0237453103426657,0.0,0,2024
2024-05-03 00:00:00+00:00,0.0,1.0237453103426657,1.0237453103426657,0.0,0,2024
2024-05-04 00:00:00+00:00,0.0,1.0237453103426657,1.0237453103426657,0.0,0,2024
2024-05-05 00:00:00+00:00,0.0,1.0237453103426657,1.0237453103426657,0.0,0,2024
2024-05-06 00:00:00+00:00,0.0,1.0237453103426657,1.0237453103426657,0.0,0,2024
2024-05-07 00:00:00+00:00,0.0,1.0237453103426657,1.0237453103426657,0.0,0,2024
2024-05-08 00:00:00+00:00,0.0,1.0237453103426657,1.0237453103426657,0.0,0,2024
2024-05-09 00:00:00+00:00,0.0,1.0237453103426657,1.0237453103426657,0.0,0,2024
2024-05-10 00:00:00+00:00,0.0,1.0237453103426657,1.0237453103426657,0.0,0,2024
2024-05-11 00:00:00+00:00,0.0,1.0237453103426657,1.0237453103426657,0.0,0,2024
2024-05-12 00:00:00+00:00,0.0,1.0237453103426657,1.0237453103426657,0.0,0,2024
2024-05-13 00:00:00+00:00,0.0,1.0237453103426657,1.0237453103426657,0.0,0,2024
2024-05-14 00:00:00+00:00,0.0,1.0237453103426657,1.0237453103426657,0.0,0,2024
2024-05-15 00:00:00+00:00,0.0,1.0237453103426657,1.0237453103426657,0.0,0,2024
2024-05-16 00:00:00+00:00,0.0,1.0237453103426657,1.0237453103426657,0.0,0,2024
2024-05-17 00:00:00+00:00,0.0,1.0237453103426657,1.0237453103426657,0.0,0,2024
2024-05-18 00:00:00+00:00,0.0,1.0237453103426657,1.0237453103426657,0.0,0,2024
2024-05-19 00:00:00+00:00,0.0,1.0237453103426657,1.0237453103426657,0.0,0,2024
2024-05-20 00:00:00+00:00,0.0,1.0237453103426657,1.0237453103426657,0.0,0,2024
2024-05-21 00:00:00+00:00,0.0,1.0237453103426657,1.0237453103426657,0.0,0,2024
2024-05-22 00:00:00+00:00,-0.0007040014434117614,1.0230245921664984,1.023639189337268,0.043145364172290555,1,2024
2024-05-23 00:00:00+00:00,0.0005008052941861685,1.023536928298338,1.0236257899860473,0.043637413398995906,1,2024
2024-05-24 00:00:00+00:00,-0.0006492216247904192,1.0228724259907152,1.0236125860243301,0.0430290274769678,1,2024
2024-05-25 00:00:00+00:00,0.0002355267041131981,1.023113339761937,1.0235993058044157,0.043267346826719934,1,2024
2024-05-26 00:00:00+00:00,0.0008677546433026873,1.0240011511131404,1.0235857551759076,0.04411006925640114,1,2024
2024-05-27 00:00:00+00:00,0.0007766442871250945,1.024796435757162,1.0235719618240005,0.04486533918923462,1,2024
2024-05-28 00:00:00+00:00,-0.00057955500570539,1.0242025098529899,1.023557348037975,0.04432573356858244,1,2024
2024-05-29 00:00:00+00:00,-0.0009068336994044746,1.0232737285020406,1.0235372452997227,0.04347795484249194,1,2024
2024-05-30 00:00:00+00:00,-0.0002513552222991322,1.02301652330654,1.0235114581249363,0.0432626745808134,1,2024
2024-05-31 00:00:00+00:00,0.0001466573098818369,1.023166556157813,1.0234967487238293,0.043417342878957425,1,2024
2024-06-01 00:00:00+00:00,0.0005945480081317456,1.0237748777957636,1.0234779641088096,0.04400408763785217,1,2024
2024-06-02 00:00:00+00:00,-0.00040183810068039616,1.0233634860433458,1.023462024568229,0.0436353532651129,1,2024
2024-06-03 00:00:00+00:00,-0.00018897313034349494,1.023170097841909,1.0234436455073936,0.043472554744646376,1,2024
2024-06-04 00:00:00+00:00,0.0004935946521613666,1.023675129130455,1.023429785905027,0.04395799771032226,1,2024
2024-06-05 00:00:00+00:00,0.001596521916346294,1.0253094489093304,1.023261321535117,0.10397723679579235,2,2024
2024-06-06 00:00:00+00:00,0.0003578894097922003,1.025676396302855,1.023208603789543,0.10434919715721407,2,2024
2024-06-07 00:00:00+00:00,-0.003905328871270042,1.0216707926597932,1.0231859274106259,0.10085986794718506,2,2024
2024-06-08 00:00:00+00:00,-0.000104895781830594,1.0215636237032237,1.0231728916134573,0.10077830267737725,2,2024
2024-06-09 00:00:00+00:00,-0.0005238918402935555,1.021028434856425,1.02315976532606,0.10031981678234435,2,2024
2024-06-10 00:00:00+00:00,-0.002962311235394144,1.0180038308521928,1.0194514620914077,0.04253985417867755,1,2024
2024-06-11 00:00:00+00:00,-0.002190760340544995,1.015773628433039,1.015773628433039,0.0,0,2024
2024-06-12 00:00:00+00:00,0.0,1.015773628433039,1.015773628433039,0.0,0,2024
2024-06-13 00:00:00+00:00,0.0,1.015773628433039,1.015773628433039,0.0,0,2024
2024-06-14 00:00:00+00:00,0.0,1.015773628433039,1.015773628433039,0.0,0,2024
2024-06-15 00:00:00+00:00,0.0,1.015773628433039,1.015773628433039,0.0,0,2024
2024-06-16 00:00:00+00:00,0.0,1.015773628433039,1.015773628433039,0.0,0,2024
2024-06-17 00:00:00+00:00,0.0,1.015773628433039,1.015773628433039,0.0,0,2024
2024-06-18 00:00:00+00:00,0.0,1.015773628433039,1.015773628433039,0.0,0,2024
2024-06-19 00:00:00+00:00,0.0,1.015773628433039,1.015773628433039,0.0,0,2024
2024-06-20 00:00:00+00:00,0.0,1.015773628433039,1.015773628433039,0.0,0,2024
2024-06-21 00:00:00+00:00,0.0,1.015773628433039,1.015773628433039,0.0,0,2024
2024-06-22 00:00:00+00:00,0.0,1.015773628433039,1.015773628433039,0.0,0,2024
2024-06-23 00:00:00+00:00,0.0,1.015773628433039,1.015773628433039,0.0,0,2024
2024-06-24 00:00:00+00:00,0.0,1.015773628433039,1.015773628433039,0.0,0,2024
2024-06-25 00:00:00+00:00,0.0,1.015773628433039,1.015773628433039,0.0,0,2024
2024-06-26 00:00:00+00:00,0.0,1.015773628433039,1.015773628433039,0.0,0,2024
2024-06-27 00:00:00+00:00,0.0,1.015773628433039,1.015773628433039,0.0,0,2024
2024-06-28 00:00:00+00:00,0.0,1.015773628433039,1.015773628433039,0.0,0,2024
2024-06-29 00:00:00+00:00,0.0,1.015773628433039,1.015773628433039,0.0,0,2024
2024-06-30 00:00:00+00:00,0.0,1.015773628433039,1.015773628433039,0.0,0,2024
2024-07-01 00:00:00+00:00,0.0,1.015773628433039,1.015773628433039,0.0,0,2024
2024-07-02 00:00:00+00:00,0.0,1.015773628433039,1.015773628433039,0.0,0,2024
2024-07-03 00:00:00+00:00,0.0,1.015773628433039,1.015773628433039,0.0,0,2024
2024-07-04 00:00:00+00:00,0.0,1.015773628433039,1.015773628433039,0.0,0,2024
2024-07-05 00:00:00+00:00,0.0,1.015773628433039,1.015773628433039,0.0,0,2024
2024-07-06 00:00:00+00:00,0.0,1.015773628433039,1.015773628433039,0.0,0,2024
2024-07-07 00:00:00+00:00,0.0,1.015773628433039,1.015773628433039,0.0,0,2024
2024-07-08 00:00:00+00:00,0.0,1.015773628433039,1.015773628433039,0.0,0,2024
2024-07-09 00:00:00+00:00,0.0,1.015773628433039,1.015773628433039,0.0,0,2024
2024-07-10 00:00:00+00:00,0.0,1.015773628433039,1.015773628433039,0.0,0,2024
2024-07-11 00:00:00+00:00,0.0,1.015773628433039,1.015773628433039,0.0,0,2024
2024-07-12 00:00:00+00:00,0.0,1.015773628433039,1.015773628433039,0.0,0,2024
2024-07-13 00:00:00+00:00,0.0,1.015773628433039,1.015773628433039,0.0,0,2024
2024-07-14 00:00:00+00:00,0.0,1.015773628433039,1.015773628433039,0.0,0,2024
2024-07-15 00:00:00+00:00,0.0,1.015773628433039,1.015773628433039,0.0,0,2024
2024-07-16 00:00:00+00:00,0.0,1.015773628433039,1.015773628433039,0.0,0,2024
2024-07-17 00:00:00+00:00,0.0,1.015773628433039,1.015773628433039,0.0,0,2024
2024-07-18 00:00:00+00:00,0.0,1.015773628433039,1.015773628433039,0.0,0,2024
2024-07-19 00:00:00+00:00,0.0,1.015773628433039,1.015773628433039,0.0,0,2024
2024-07-20 00:00:00+00:00,0.0,1.015773628433039,1.015773628433039,0.0,0,2024
2024-07-21 00:00:00+00:00,0.0,1.015773628433039,1.015773628433039,0.0,0,2024
2024-07-22 00:00:00+00:00,-0.0009735190848610964,1.0147847534198609,1.0157055974576292,0.028720174586553054,1,2024
2024-07-23 00:00:00+00:00,-0.000957677540526336,1.013812916853042,1.0156971430336863,0.027797449287381475,1,2024
2024-07-24 00:00:00+00:00,0.0008090072736768317,1.0146330988769237,1.015690847161015,0.028589537510431848,1,2024
2024-07-25 00:00:00+00:00,-0.0010068685905987307,1.0136114966786827,1.0156836402355298,0.027617579179634883,1,2024
2024-07-26 00:00:00+00:00,0.0018010615656263163,1.0154370733878275,1.0156786115938403,0.029370703413696717,1,2024
2024-07-27 00:00:00+00:00,0.00014139792623901748,1.0155806540842307,1.0156735533942356,0.029512909578590776,1,2024
2024-07-28 00:00:00+00:00,0.00013665447393096386,1.015719437724249,1.0156648390069656,0.029654092382565663,1,2024
2024-07-29 00:00:00+00:00,-0.00037583389540574164,1.0153376959313298,1.015657791097733,0.029296207829722587,1,2024
2024-07-30 00:00:00+00:00,-0.0005596907481574265,1.0147694208166615,1.0156496825242698,0.028760600208728178,1,2024
2024-07-31 00:00:00+00:00,-0.0012004060040659015,1.0135512855111708,1.015644127686212,0.02759879795782604,1,2024
2024-08-01 00:00:00+00:00,-0.001503005156659687,1.0120279127025085,1.0120279127025085,0.0,0,2024
2024-08-02 00:00:00+00:00,0.0,1.0120279127025085,1.0120279127025085,0.0,0,2024
2024-08-03 00:00:00+00:00,0.0,1.0120279127025085,1.0120279127025085,0.0,0,2024
2024-08-04 00:00:00+00:00,0.0,1.0120279127025085,1.0120279127025085,0.0,0,2024
2024-08-05 00:00:00+00:00,0.0,1.0120279127025085,1.0120279127025085,0.0,0,2024
2024-08-06 00:00:00+00:00,0.0,1.0120279127025085,1.0120279127025085,0.0,0,2024
2024-08-07 00:00:00+00:00,0.0,1.0120279127025085,1.0120279127025085,0.0,0,2024
2024-08-08 00:00:00+00:00,0.0,1.0120279127025085,1.0120279127025085,0.0,0,2024
2024-08-09 00:00:00+00:00,0.0,1.0120279127025085,1.0120279127025085,0.0,0,2024
2024-08-10 00:00:00+00:00,0.0,1.0120279127025085,1.0120279127025085,0.0,0,2024
2024-08-11 00:00:00+00:00,0.0,1.0120279127025085,1.0120279127025085,0.0,0,2024
2024-08-12 00:00:00+00:00,0.0,1.0120279127025085,1.0120279127025085,0.0,0,2024
2024-08-13 00:00:00+00:00,0.0,1.0120279127025085,1.0120279127025085,0.0,0,2024
2024-08-14 00:00:00+00:00,0.0,1.0120279127025085,1.0120279127025085,0.0,0,2024
2024-08-15 00:00:00+00:00,0.0,1.0120279127025085,1.0120279127025085,0.0,0,2024
2024-08-16 00:00:00+00:00,0.0,1.0120279127025085,1.0120279127025085,0.0,0,2024
2024-08-17 00:00:00+00:00,0.0,1.0120279127025085,1.0120279127025085,0.0,0,2024
2024-08-18 00:00:00+00:00,0.0,1.0120279127025085,1.0120279127025085,0.0,0,2024
2024-08-19 00:00:00+00:00,0.0,1.0120279127025085,1.0120279127025085,0.0,0,2024
2024-08-20 00:00:00+00:00,0.0,1.0120279127025085,1.0120279127025085,0.0,0,2024
2024-08-21 00:00:00+00:00,0.0,1.0120279127025085,1.0120279127025085,0.0,0,2024
2024-08-22 00:00:00+00:00,0.0,1.0120279127025085,1.0120279127025085,0.0,0,2024
2024-08-23 00:00:00+00:00,0.0,1.0120279127025085,1.0120279127025085,0.0,0,2024
2024-08-24 00:00:00+00:00,0.0,1.0120279127025085,1.0120279127025085,0.0,0,2024
2024-08-25 00:00:00+00:00,0.0,1.0120279127025085,1.0120279127025085,0.0,0,2024
2024-08-26 00:00:00+00:00,0.0,1.0120279127025085,1.0120279127025085,0.0,0,2024
2024-08-27 00:00:00+00:00,0.0,1.0120279127025085,1.0120279127025085,0.0,0,2024
2024-08-28 00:00:00+00:00,0.0,1.0120279127025085,1.0120279127025085,0.0,0,2024
2024-08-29 00:00:00+00:00,0.0,1.0120279127025085,1.0120279127025085,0.0,0,2024
2024-08-30 00:00:00+00:00,0.0,1.0120279127025085,1.0120279127025085,0.0,0,2024
2024-08-31 00:00:00+00:00,0.0,1.0120279127025085,1.0120279127025085,0.0,0,2024
2024-09-01 00:00:00+00:00,0.0,1.0120279127025085,1.0120279127025085,0.0,0,2024
2024-09-02 00:00:00+00:00,0.0,1.0120279127025085,1.0120279127025085,0.0,0,2024
2024-09-03 00:00:00+00:00,0.0,1.0120279127025085,1.0120279127025085,0.0,0,2024
2024-09-04 00:00:00+00:00,0.0,1.0120279127025085,1.0120279127025085,0.0,0,2024
2024-09-05 00:00:00+00:00,0.0,1.0120279127025085,1.0120279127025085,0.0,0,2024
2024-09-06 00:00:00+00:00,0.0,1.0120279127025085,1.0120279127025085,0.0,0,2024
2024-09-07 00:00:00+00:00,0.0,1.0120279127025085,1.0120279127025085,0.0,0,2024
2024-09-08 00:00:00+00:00,0.0,1.0120279127025085,1.0120279127025085,0.0,0,2024
2024-09-09 00:00:00+00:00,0.0,1.0120279127025085,1.0120279127025085,0.0,0,2024
2024-09-10 00:00:00+00:00,0.0,1.0120279127025085,1.0120279127025085,0.0,0,2024
2024-09-11 00:00:00+00:00,0.0,1.0120279127025085,1.0120279127025085,0.0,0,2024
2024-09-12 00:00:00+00:00,0.0,1.0120279127025085,1.0120279127025085,0.0,0,2024
2024-09-13 00:00:00+00:00,0.0,1.0120279127025085,1.0120279127025085,0.0,0,2024
2024-09-14 00:00:00+00:00,0.0,1.0120279127025085,1.0120279127025085,0.0,0,2024
2024-09-15 00:00:00+00:00,0.0,1.0120279127025085,1.0120279127025085,0.0,0,2024
2024-09-16 00:00:00+00:00,0.0,1.0120279127025085,1.0120279127025085,0.0,0,2024
2024-09-17 00:00:00+00:00,0.0,1.0120279127025085,1.0120279127025085,0.0,0,2024
2024-09-18 00:00:00+00:00,0.0,1.0120279127025085,1.0120279127025085,0.0,0,2024
2024-09-19 00:00:00+00:00,0.0,1.0120279127025085,1.0120279127025085,0.0,0,2024
2024-09-20 00:00:00+00:00,0.0,1.0120279127025085,1.0120279127025085,0.0,0,2024
2024-09-21 00:00:00+00:00,0.0,1.0120279127025085,1.0120279127025085,0.0,0,2024
2024-09-22 00:00:00+00:00,0.0,1.0120279127025085,1.0120279127025085,0.0,0,2024
2024-09-23 00:00:00+00:00,0.0,1.0120279127025085,1.0120279127025085,0.0,0,2024
2024-09-24 00:00:00+00:00,-1.2119082378969637e-05,1.0120156478528646,1.0119260755072037,0.04876596491538784,1,2024
2024-09-25 00:00:00+00:00,-0.0014949950139881985,1.0105026895052465,1.0119260755072037,0.04734174557498761,1,2024
2024-09-26 00:00:00+00:00,0.0007236359346769472,1.0112339255634601,1.0119260755072037,0.048030624823577284,1,2024
2024-09-27 00:00:00+00:00,0.000874499280071106,1.012118248903349,1.0119260755072037,0.0488623939752945,1,2024
2024-09-28 00:00:00+00:00,-0.0005021480490370323,1.0116100156992673,1.0119235189090805,0.04838706938632533,1,2024
2024-09-29 00:00:00+00:00,-0.00043145244195952337,1.0111735540876832,1.0119235189090805,0.04797631644325148,1,2024
2024-09-30 00:00:00+00:00,-0.0022636871478781684,1.0088845735090206,1.0119235189090805,0.04581634316255333,1,2024
2024-10-01 00:00:00+00:00,-0.0005893566113363002,1.0082899807155479,1.0082899807155479,0.0,0,2024
2024-10-02 00:00:00+00:00,0.0,1.0082899807155479,1.0082899807155479,0.0,0,2024
2024-10-03 00:00:00+00:00,0.0,1.0082899807155479,1.0082899807155479,0.0,0,2024
2024-10-04 00:00:00+00:00,0.0,1.0082899807155479,1.0082899807155479,0.0,0,2024
2024-10-05 00:00:00+00:00,0.0,1.0082899807155479,1.0082899807155479,0.0,0,2024
2024-10-06 00:00:00+00:00,0.0,1.0082899807155479,1.0082899807155479,0.0,0,2024
2024-10-07 00:00:00+00:00,0.0,1.0082899807155479,1.0082899807155479,0.0,0,2024
2024-10-08 00:00:00+00:00,0.0,1.0082899807155479,1.0082899807155479,0.0,0,2024
2024-10-09 00:00:00+00:00,0.0,1.0082899807155479,1.0082899807155479,0.0,0,2024
2024-10-10 00:00:00+00:00,0.0,1.0082899807155479,1.0082899807155479,0.0,0,2024
2024-10-11 00:00:00+00:00,0.0,1.0082899807155479,1.0082899807155479,0.0,0,2024
2024-10-12 00:00:00+00:00,0.0,1.0082899807155479,1.0082899807155479,0.0,0,2024
2024-10-13 00:00:00+00:00,0.0,1.0082899807155479,1.0082899807155479,0.0,0,2024
2024-10-14 00:00:00+00:00,0.0,1.0082899807155479,1.0082899807155479,0.0,0,2024
2024-10-15 00:00:00+00:00,0.0,1.0082899807155479,1.0082899807155479,0.0,0,2024
2024-10-16 00:00:00+00:00,0.0,1.0082899807155479,1.0082899807155479,0.0,0,2024
2024-10-17 00:00:00+00:00,0.0,1.0082899807155479,1.0082899807155479,0.0,0,2024
2024-10-18 00:00:00+00:00,0.0,1.0082899807155479,1.0082899807155479,0.0,0,2024
2024-10-19 00:00:00+00:00,0.0,1.0082899807155479,1.0082899807155479,0.0,0,2024
2024-10-20 00:00:00+00:00,0.0,1.0082899807155479,1.0082899807155479,0.0,0,2024
2024-10-21 00:00:00+00:00,-0.00038450383757548945,1.0079022893485738,1.0082009267969425,0.038157875733148265,1,2024
2024-10-22 00:00:00+00:00,0.0003169062914647469,1.0082216999252502,1.008189289659536,0.03847413522747772,1,2024
2024-10-23 00:00:00+00:00,0.0007344796453678804,1.0089622182418636,1.0081774268077788,0.03919159555793494,1,2024
2024-10-24 00:00:00+00:00,0.0014310221098730036,1.0104060654841942,1.00816512711194,0.04057674189544208,1,2024
2024-10-25 00:00:00+00:00,-0.0028268924077585744,1.0075497562489237,1.0081562912215793,0.037865636458360566,1,2024
2024-10-26 00:00:00+00:00,0.0013726132499274346,1.0089327323943122,1.0081479409602274,0.03919274092409743,1,2024
2024-10-27 00:00:00+00:00,0.0013186249805141603,1.0102631362989059,1.008142578913591,0.04046332452707381,1,2024
2024-10-28 00:00:00+00:00,0.00036265280592995275,1.0106295110600123,1.008133920600002,0.04081974429306742,1,2024
2024-10-29 00:00:00+00:00,0.00039535008125546334,1.011029063519329,1.008810349329279,0.032862707506730836,1,2024
2024-10-30 00:00:00+00:00,-0.0008467457606007311,1.01017297894595,1.0088006356948422,0.032052709913189904,1,2024
2024-10-31 00:00:00+00:00,-0.0011477935534208727,1.0090135089128758,1.008791267090834,0.03094971449973709,1,2024
2024-11-01 00:00:00+00:00,-0.0002908566506582,1.0087200306232045,1.0087200306232045,0.0,0,2024
2024-11-02 00:00:00+00:00,0.0,1.0087200306232045,1.0087200306232045,0.0,0,2024
2024-11-03 00:00:00+00:00,0.0,1.0087200306232045,1.0087200306232045,0.0,0,2024
2024-11-04 00:00:00+00:00,0.0,1.0087200306232045,1.0087200306232045,0.0,0,2024
2024-11-05 00:00:00+00:00,0.0,1.0087200306232045,1.0087200306232045,0.0,0,2024
2024-11-06 00:00:00+00:00,0.0,1.0087200306232045,1.0087200306232045,0.0,0,2024
2024-11-07 00:00:00+00:00,0.0016160480276707911,1.010350170639165,1.0086453897182452,0.033587350754044655,1,2024
2024-11-08 00:00:00+00:00,0.0014209481005647007,1.01178582579504,1.0085398739848188,0.0758315006806806,2,2024
2024-11-09 00:00:00+00:00,0.0023317917554999124,1.0141450996419605,1.009205480441889,0.06919038383718491,2,2024
2024-11-10 00:00:00+00:00,0.0023359250818781874,1.016514066616878,1.0097054002969306,0.1171268126320772,3,2024
2024-11-11 00:00:00+00:00,0.006433111794063029,1.023053415247662,1.0096214998420465,0.12285214029977928,3,2024
2024-11-12 00:00:00+00:00,-0.004666766932988842,1.0182790633987029,1.0122581356425164,0.0934957828445149,3,2024
2024-11-13 00:00:00+00:00,-0.0004654381878420599,1.017805117436717,1.0138421495086942,0.029226745999014613,1,2024
2024-11-14 00:00:00+00:00,-0.0007794869153571193,1.0170117516652917,1.0138267303702804,0.028484611867437636,1,2024
2024-11-15 00:00:00+00:00,0.0012179696669976092,1.0182504411298001,1.0138176652884132,0.029675351305182732,1,2024
2024-11-16 00:00:00+00:00,-0.0003958883913492972,1.0178473276006705,1.0138028341817993,0.029305629956294606,1,2024
2024-11-17 00:00:00+00:00,0.0023879379605662443,1.020277883872309,1.0158725710670342,0.020112574674034815,1,2024
2024-11-18 00:00:00+00:00,0.00018623766484449078,1.0204678980428938,1.0158596351279858,0.02030770911757802,1,2024
2024-11-19 00:00:00+00:00,-0.0002029405462390388,1.0202608037302456,1.0158485819850684,0.0201196831168061,1,2024
2024-11-20 00:00:00+00:00,-0.00019389528820890067,1.0200629799676582,1.0158424813047728,0.019935632784069176,1,2024
2024-11-21 00:00:00+00:00,0.0017815686889826043,1.0218802922335588,1.015835833436437,0.02168508511996067,1,2024
2024-11-22 00:00:00+00:00,2.4945782098440006e-05,1.0219057838366596,1.0158172805476602,0.021727644527082823,1,2024
2024-11-23 00:00:00+00:00,-0.00018546491016291355,1.0217162561722655,1.0158030672332896,0.02156008689132097,1,2024
2024-11-24 00:00:00+00:00,-0.0001964195403967306,1.0215155711348123,1.0157863327207381,0.021384246460560953,1,2024
2024-11-25 00:00:00+00:00,-0.0015855998650922132,1.0198958561830314,1.0157772643837066,0.019838980616533483,1,2024
2024-11-26 00:00:00+00:00,-0.0003073114746431349,1.0195824304834853,1.0157712865098179,0.019543536353987277,1,2024
2024-11-27 00:00:00+00:00,0.0009526878933592275,1.0205537743212887,1.0157650153514302,0.020482861185961303,1,2024
2024-11-28 00:00:00+00:00,-0.0011077048489632757,1.0194233019568453,1.0156802579659505,0.0513994922414187,2,2024
2024-11-29 00:00:00+00:00,0.0005902656597300826,1.020025032524719,1.0156626398888686,0.05197636043635355,2,2024
2024-11-30 00:00:00+00:00,0.0004635513015929238,1.0204978664562032,1.0156385832566432,0.052439187838923436,2,2024
2024-12-01 00:00:00+00:00,-3.046809721596322e-05,1.0204667738279993,1.0156163105746763,0.0524321425590079,2,2024
2024-12-02 00:00:00+00:00,-0.0015599420483956017,1.0188749047985144,1.0155683282931898,0.05099877558016574,2,2024
2024-12-03 00:00:00+00:00,0.0003969734906406064,1.0192793711259984,1.0155249353479014,0.05141792659745291,2,2024
2024-12-04 00:00:00+00:00,0.0016403539880633922,1.0209513501073757,1.015387742065153,0.08746240311385681,3,2024
2024-12-05 00:00:00+00:00,-0.0010570499199208383,1.0198721535645017,1.0152853219021996,0.08659720912482112,3,2024
2024-12-06 00:00:00+00:00,0.0025857907471629193,1.0225093295424779,1.0159212032919052,0.08196642864012015,3,2024
2024-12-07 00:00:00+00:00,0.0009270032769472802,1.023457199041673,1.015844088292752,0.0828920081578267,3,2024
2024-12-08 00:00:00+00:00,-0.0004546231958960645,1.0229919116589818,1.01578972900155,0.0825280175126186,3,2024
2024-12-09 00:00:00+00:00,-0.008991614456406505,1.013793562797322,1.013793562797322,0.0,0,2024
2024-12-10 00:00:00+00:00,0.0,1.013793562797322,1.013793562797322,0.0,0,2024
2024-12-11 00:00:00+00:00,0.0,1.013793562797322,1.013793562797322,0.0,0,2024
2024-12-12 00:00:00+00:00,0.0,1.013793562797322,1.013793562797322,0.0,0,2024
2024-12-13 00:00:00+00:00,0.0,1.013793562797322,1.013793562797322,0.0,0,2024
2024-12-14 00:00:00+00:00,0.0,1.013793562797322,1.013793562797322,0.0,0,2024
2024-12-15 00:00:00+00:00,0.0,1.013793562797322,1.013793562797322,0.0,0,2024
2024-12-16 00:00:00+00:00,0.0,1.013793562797322,1.013793562797322,0.0,0,2024
2024-12-17 00:00:00+00:00,0.0,1.013793562797322,1.013793562797322,0.0,0,2024
2024-12-18 00:00:00+00:00,0.0,1.013793562797322,1.013793562797322,0.0,0,2024
2024-12-19 00:00:00+00:00,0.0,1.013793562797322,1.013793562797322,0.0,0,2024
2024-12-20 00:00:00+00:00,0.0,1.013793562797322,1.013793562797322,0.0,0,2024
2024-12-21 00:00:00+00:00,0.0,1.013793562797322,1.013793562797322,0.0,0,2024
2024-12-22 00:00:00+00:00,0.0,1.013793562797322,1.013793562797322,0.0,0,2024
2024-12-23 00:00:00+00:00,0.0,1.013793562797322,1.013793562797322,0.0,0,2024
2024-12-24 00:00:00+00:00,0.0,1.013793562797322,1.013793562797322,0.0,0,2024
2024-12-25 00:00:00+00:00,0.0,1.013793562797322,1.013793562797322,0.0,0,2024
2024-12-26 00:00:00+00:00,0.0,1.013793562797322,1.013793562797322,0.0,0,2024
2024-12-27 00:00:00+00:00,0.0,1.013793562797322,1.013793562797322,0.0,0,2024
2024-12-28 00:00:00+00:00,0.0,1.013793562797322,1.013793562797322,0.0,0,2024
2024-12-29 00:00:00+00:00,0.0,1.013793562797322,1.013793562797322,0.0,0,2024
2024-12-30 00:00:00+00:00,0.0,1.013793562797322,1.013793562797322,0.0,0,2024
2024-12-31 00:00:00+00:00,0.0,1.013793562797322,1.013793562797322,0.0,0,2024
2025-01-01 00:00:00+00:00,0.0,1.0,1.0,0.0,0,2025
2025-01-02 00:00:00+00:00,0.0,1.0,1.0,0.0,0,2025
2025-01-03 00:00:00+00:00,0.0,1.0,1.0,0.0,0,2025
2025-01-04 00:00:00+00:00,0.0,1.0,1.0,0.0,0,2025
2025-01-05 00:00:00+00:00,0.0,1.0,1.0,0.0,0,2025
2025-01-06 00:00:00+00:00,0.0,1.0,1.0,0.0,0,2025
2025-01-07 00:00:00+00:00,0.0,1.0,1.0,0.0,0,2025
2025-01-08 00:00:00+00:00,0.0,1.0,1.0,0.0,0,2025
2025-01-09 00:00:00+00:00,0.0,1.0,1.0,0.0,0,2025
2025-01-10 00:00:00+00:00,0.0,1.0,1.0,0.0,0,2025
2025-01-11 00:00:00+00:00,0.0,1.0,1.0,0.0,0,2025
2025-01-12 00:00:00+00:00,0.0,1.0,1.0,0.0,0,2025
2025-01-13 00:00:00+00:00,0.0,1.0,1.0,0.0,0,2025
2025-01-14 00:00:00+00:00,0.0,1.0,1.0,0.0,0,2025
2025-01-15 00:00:00+00:00,0.0,1.0,1.0,0.0,0,2025
2025-01-16 00:00:00+00:00,0.0,1.0,1.0,0.0,0,2025
2025-01-17 00:00:00+00:00,0.0,1.0,1.0,0.0,0,2025
2025-01-18 00:00:00+00:00,0.0,1.0,1.0,0.0,0,2025
2025-01-19 00:00:00+00:00,-0.00027433494309925255,0.9997256650569007,1.0006165870859747,0.02396564072362594,1,2025
2025-01-20 00:00:00+00:00,-5.077276443188339e-05,0.9996749062212124,0.9996749062212124,0.0,0,2025
2025-01-21 00:00:00+00:00,0.0,0.9996749062212124,0.9996749062212124,0.0,0,2025
2025-01-22 00:00:00+00:00,0.0,0.9996749062212124,0.9996749062212124,0.0,0,2025
2025-01-23 00:00:00+00:00,0.0,0.9996749062212124,0.9996749062212124,0.0,0,2025
2025-01-24 00:00:00+00:00,0.0,0.9996749062212124,0.9996749062212124,0.0,0,2025
2025-01-25 00:00:00+00:00,0.0,0.9996749062212124,0.9996749062212124,0.0,0,2025
2025-01-26 00:00:00+00:00,0.0,0.9996749062212124,0.9996749062212124,0.0,0,2025
2025-01-27 00:00:00+00:00,0.0,0.9996749062212124,0.9996749062212124,0.0,0,2025
2025-01-28 00:00:00+00:00,0.0,0.9996749062212124,0.9996749062212124,0.0,0,2025
2025-01-29 00:00:00+00:00,0.0,0.9996749062212124,0.9996749062212124,0.0,0,2025
2025-01-30 00:00:00+00:00,0.0,0.9996749062212124,0.9996749062212124,0.0,0,2025
2025-01-31 00:00:00+00:00,0.0,0.9996749062212124,0.9996749062212124,0.0,0,2025
2025-02-01 00:00:00+00:00,0.0,0.9996749062212124,0.9996749062212124,0.0,0,2025
2025-02-02 00:00:00+00:00,0.0,0.9996749062212124,0.9996749062212124,0.0,0,2025
2025-02-03 00:00:00+00:00,0.0,0.9996749062212124,0.9996749062212124,0.0,0,2025
2025-02-04 00:00:00+00:00,0.0,0.9996749062212124,0.9996749062212124,0.0,0,2025
2025-02-05 00:00:00+00:00,0.0,0.9996749062212124,0.9996749062212124,0.0,0,2025
2025-02-06 00:00:00+00:00,0.0,0.9996749062212124,0.9996749062212124,0.0,0,2025
2025-02-07 00:00:00+00:00,0.0,0.9996749062212124,0.9996749062212124,0.0,0,2025
2025-02-08 00:00:00+00:00,0.0,0.9996749062212124,0.9996749062212124,0.0,0,2025
2025-02-09 00:00:00+00:00,0.0,0.9996749062212124,0.9996749062212124,0.0,0,2025
2025-02-10 00:00:00+00:00,0.0,0.9996749062212124,0.9996749062212124,0.0,0,2025
2025-02-11 00:00:00+00:00,0.0,0.9996749062212124,0.9996749062212124,0.0,0,2025
2025-02-12 00:00:00+00:00,0.0,0.9996749062212124,0.9996749062212124,0.0,0,2025
2025-02-13 00:00:00+00:00,0.0,0.9996749062212124,0.9996749062212124,0.0,0,2025
2025-02-14 00:00:00+00:00,0.0,0.9996749062212124,0.9996749062212124,0.0,0,2025
2025-02-15 00:00:00+00:00,0.0,0.9996749062212124,0.9996749062212124,0.0,0,2025
2025-02-16 00:00:00+00:00,0.0,0.9996749062212124,0.9996749062212124,0.0,0,2025
2025-02-17 00:00:00+00:00,0.0,0.9996749062212124,0.9996749062212124,0.0,0,2025
2025-02-18 00:00:00+00:00,0.0,0.9996749062212124,0.9996749062212124,0.0,0,2025
2025-02-19 00:00:00+00:00,0.0,0.9996749062212124,0.9996749062212124,0.0,0,2025
2025-02-20 00:00:00+00:00,0.0,0.9996749062212124,0.9996749062212124,0.0,0,2025
2025-02-21 00:00:00+00:00,0.0,0.9996749062212124,0.9996749062212124,0.0,0,2025
2025-02-22 00:00:00+00:00,0.0,0.9996749062212124,0.9996749062212124,0.0,0,2025
2025-02-23 00:00:00+00:00,0.0,0.9996749062212124,0.9996749062212124,0.0,0,2025
2025-02-24 00:00:00+00:00,0.0,0.9996749062212124,0.9996749062212124,0.0,0,2025
2025-02-25 00:00:00+00:00,0.0,0.9996749062212124,0.9996749062212124,0.0,0,2025
2025-02-26 00:00:00+00:00,0.0,0.9996749062212124,0.9996749062212124,0.0,0,2025
2025-02-27 00:00:00+00:00,0.0,0.9996749062212124,0.9996749062212124,0.0,0,2025
2025-02-28 00:00:00+00:00,0.0,0.9996749062212124,0.9996749062212124,0.0,0,2025
2025-03-01 00:00:00+00:00,0.0,0.9996749062212124,0.9996749062212124,0.0,0,2025
2025-03-02 00:00:00+00:00,0.0,0.9996749062212124,0.9996749062212124,0.0,0,2025
2025-03-03 00:00:00+00:00,0.0,0.9996749062212124,0.9996749062212124,0.0,0,2025
2025-03-04 00:00:00+00:00,0.0,0.9996749062212124,0.9996749062212124,0.0,0,2025
2025-03-05 00:00:00+00:00,0.0,0.9996749062212124,0.9996749062212124,0.0,0,2025
2025-03-06 00:00:00+00:00,0.0,0.9996749062212124,0.9996749062212124,0.0,0,2025
2025-03-07 00:00:00+00:00,0.0,0.9996749062212124,0.9996749062212124,0.0,0,2025
2025-03-08 00:00:00+00:00,0.0,0.9996749062212124,0.9996749062212124,0.0,0,2025
2025-03-09 00:00:00+00:00,0.0,0.9996749062212124,0.9996749062212124,0.0,0,2025
2025-03-10 00:00:00+00:00,0.0,0.9996749062212124,0.9996749062212124,0.0,0,2025
2025-03-11 00:00:00+00:00,0.0,0.9996749062212124,0.9996749062212124,0.0,0,2025
2025-03-12 00:00:00+00:00,0.0,0.9996749062212124,0.9996749062212124,0.0,0,2025
2025-03-13 00:00:00+00:00,0.0,0.9996749062212124,0.9996749062212124,0.0,0,2025
2025-03-14 00:00:00+00:00,0.0,0.9996749062212124,0.9996749062212124,0.0,0,2025
2025-03-15 00:00:00+00:00,0.0,0.9996749062212124,0.9996749062212124,0.0,0,2025
2025-03-16 00:00:00+00:00,0.0,0.9996749062212124,0.9996749062212124,0.0,0,2025
2025-03-17 00:00:00+00:00,0.0,0.9996749062212124,0.9996749062212124,0.0,0,2025
2025-03-18 00:00:00+00:00,0.0,0.9996749062212124,0.9996749062212124,0.0,0,2025
2025-03-19 00:00:00+00:00,0.0,0.9996749062212124,0.9996749062212124,0.0,0,2025
2025-03-20 00:00:00+00:00,0.0,0.9996749062212124,0.9996749062212124,0.0,0,2025
2025-03-21 00:00:00+00:00,0.0,0.9996749062212124,0.9996749062212124,0.0,0,2025
2025-03-22 00:00:00+00:00,0.0,0.9996749062212124,0.9996749062212124,0.0,0,2025
2025-03-23 00:00:00+00:00,0.0,0.9996749062212124,0.9996749062212124,0.0,0,2025
2025-03-24 00:00:00+00:00,0.0,0.9996749062212124,0.9996749062212124,0.0,0,2025
2025-03-25 00:00:00+00:00,0.0,0.9996749062212124,0.9996749062212124,0.0,0,2025
2025-03-26 00:00:00+00:00,0.0,0.9996749062212124,0.9996749062212124,0.0,0,2025
2025-03-27 00:00:00+00:00,0.0,0.9996749062212124,0.9996749062212124,0.0,0,2025
2025-03-28 00:00:00+00:00,0.0,0.9996749062212124,0.9996749062212124,0.0,0,2025
2025-03-29 00:00:00+00:00,0.0,0.9996749062212124,0.9996749062212124,0.0,0,2025
2025-03-30 00:00:00+00:00,0.0,0.9996749062212124,0.9996749062212124,0.0,0,2025
2025-03-31 00:00:00+00:00,0.0,0.9996749062212124,0.9996749062212124,0.0,0,2025
2025-04-01 00:00:00+00:00,0.0,0.9996749062212124,0.9996749062212124,0.0,0,2025
2025-04-02 00:00:00+00:00,0.0,0.9996749062212124,0.9996749062212124,0.0,0,2025
2025-04-03 00:00:00+00:00,0.0,0.9996749062212124,0.9996749062212124,0.0,0,2025
2025-04-04 00:00:00+00:00,0.0,0.9996749062212124,0.9996749062212124,0.0,0,2025
2025-04-05 00:00:00+00:00,0.0,0.9996749062212124,0.9996749062212124,0.0,0,2025
2025-04-06 00:00:00+00:00,0.0,0.9996749062212124,0.9996749062212124,0.0,0,2025
2025-04-07 00:00:00+00:00,0.0,0.9996749062212124,0.9996749062212124,0.0,0,2025
2025-04-08 00:00:00+00:00,0.0,0.9996749062212124,0.9996749062212124,0.0,0,2025
2025-04-09 00:00:00+00:00,0.0,0.9996749062212124,0.9996749062212124,0.0,0,2025
2025-04-10 00:00:00+00:00,0.0,0.9996749062212124,0.9996749062212124,0.0,0,2025
2025-04-11 00:00:00+00:00,0.0,0.9996749062212124,0.9996749062212124,0.0,0,2025
2025-04-12 00:00:00+00:00,0.0,0.9996749062212124,0.9996749062212124,0.0,0,2025
2025-04-13 00:00:00+00:00,0.0,0.9996749062212124,0.9996749062212124,0.0,0,2025
2025-04-14 00:00:00+00:00,0.0,0.9996749062212124,0.9996749062212124,0.0,0,2025
2025-04-15 00:00:00+00:00,0.0,0.9996749062212124,0.9996749062212124,0.0,0,2025
2025-04-16 00:00:00+00:00,0.0,0.9996749062212124,0.9996749062212124,0.0,0,2025
2025-04-17 00:00:00+00:00,0.0,0.9996749062212124,0.9996749062212124,0.0,0,2025
2025-04-18 00:00:00+00:00,0.0,0.9996749062212124,0.9996749062212124,0.0,0,2025
2025-04-19 00:00:00+00:00,0.0,0.9996749062212124,0.9996749062212124,0.0,0,2025
2025-04-20 00:00:00+00:00,0.0,0.9996749062212124,0.9996749062212124,0.0,0,2025
2025-04-21 00:00:00+00:00,0.0,0.9996749062212124,0.9996749062212124,0.0,0,2025
2025-04-22 00:00:00+00:00,0.0,0.9996749062212124,0.9996749062212124,0.0,0,2025
2025-04-23 00:00:00+00:00,0.0,0.9996749062212124,0.9996749062212124,0.0,0,2025
2025-04-24 00:00:00+00:00,0.0,0.9996749062212124,0.9996749062212124,0.0,0,2025
2025-04-25 00:00:00+00:00,0.0,0.9996749062212124,0.9996749062212124,0.0,0,2025
2025-04-26 00:00:00+00:00,0.0,0.9996749062212124,0.9996749062212124,0.0,0,2025
2025-04-27 00:00:00+00:00,0.0,0.9996749062212124,0.9996749062212124,0.0,0,2025
2025-04-28 00:00:00+00:00,0.0,0.9996749062212124,0.9996749062212124,0.0,0,2025
2025-04-29 00:00:00+00:00,0.0,0.9996749062212124,0.9996749062212124,0.0,0,2025
2025-04-30 00:00:00+00:00,0.0,0.9996749062212124,0.9996749062212124,0.0,0,2025
2025-05-01 00:00:00+00:00,0.0,0.9996749062212124,0.9996749062212124,0.0,0,2025
2025-05-02 00:00:00+00:00,0.0001676683330640305,0.9998425200463444,0.9995628167368007,0.06639282589966615,1,2025
2025-05-03 00:00:00+00:00,-0.0007020012280982701,0.999140629369367,0.9995656001575683,0.0657341862919031,1,2025
2025-05-04 00:00:00+00:00,-0.00108411032295197,0.9980574506989869,0.9995608559877845,0.06472499325257992,1,2025
2025-05-05 00:00:00+00:00,0.00032109049085660146,0.9983779174557349,0.9995615149163409,0.06502454476938982,1,2025
2025-05-06 00:00:00+00:00,0.0014387299839702106,0.9998143137009121,0.9995567535700406,0.06637255165532611,1,2025
2025-05-07 00:00:00+00:00,0.00012826413824096328,0.99994255402226,0.9995550826728626,0.06649395821081727,1,2025
2025-05-08 00:00:00+00:00,0.004007800560557273,1.0039501243507953,1.000218059544689,0.05639144522592423,1,2025
2025-05-09 00:00:00+00:00,0.004325023443528142,1.0082922321747456,1.0007046593673978,0.13105960086495452,3,2025
2025-05-10 00:00:00+00:00,0.005653041620721444,1.0139921501290796,1.0027470559630904,0.12196309169387101,3,2025
2025-05-11 00:00:00+00:00,-0.0018886929416783715,1.0120770303122135,1.0034039440354885,0.11188268162765418,3,2025
2025-05-12 00:00:00+00:00,-0.0007240293660127906,1.0113442568216005,1.0033824744689455,0.11126042144604953,3,2025
2025-05-13 00:00:00+00:00,0.004180122864003044,1.0155718000729186,1.0033542332276812,0.1149878056137544,3,2025
2025-05-14 00:00:00+00:00,-0.0023455135395316073,1.013189762665481,1.0033301602396634,0.11293087685090765,3,2025
2025-05-15 00:00:00+00:00,-0.0018317408720206485,1.0113338615660938,1.0033179710957325,0.11131506680137215,3,2025
2025-05-16 00:00:00+00:00,-0.0006171419899448916,1.0107097249742683,1.0033008704869317,0.1107832027425533,3,2025
2025-05-17 00:00:00+00:00,-0.0013587181900737155,1.0093364552860613,1.0032335303392679,0.07847617145450067,2,2025
2025-05-18 00:00:00+00:00,0.0010603528587549427,1.0104067080818695,1.0049308850940095,0.05775689745709088,1,2025
2025-05-19 00:00:00+00:00,-0.000303274078819582,1.0101002779182429,1.0069781582801935,0.03581174459043712,1,2025
2025-05-20 00:00:00+00:00,0.0004243896886542142,1.010528954060698,1.0069720260303003,0.03622683091739211,1,2025
2025-05-21 00:00:00+00:00,0.0009451346899560509,1.011484040030386,1.0069641236693117,0.037144678907077996,1,2025
2025-05-22 00:00:00+00:00,0.0006844402373042957,1.0121763404067738,1.0069526411594798,0.03781458945918491,1,2025
2025-05-23 00:00:00+00:00,-0.0014962335924602055,1.0106618881647638,1.0069433766293183,0.036381944833898075,1,2025
2025-05-24 00:00:00+00:00,0.0001391295536707915,1.0108025011021762,1.006937488102884,0.03652181952906431,1,2025
2025-05-25 00:00:00+00:00,0.000419404976701232,1.0112264367016004,1.006930557207092,0.03693259161797158,1,2025
2025-05-26 00:00:00+00:00,0.0001360082871582069,1.0113639718771852,1.0069203912110072,0.03707361072203548,1,2025
2025-05-27 00:00:00+00:00,-0.00017503229253557073,1.0111869505225997,1.0069138997540907,0.03691145764362105,1,2025
2025-05-28 00:00:00+00:00,-0.00039926104037857346,1.0107832229687168,1.0069099148467642,0.03653072271915201,1,2025
2025-05-29 00:00:00+00:00,-0.0007455055760340334,1.010029678439832,1.0069047137803742,0.03581706454490194,1,2025
2025-05-30 00:00:00+00:00,-0.000544454712373077,1.0094797630217687,1.0068997742101586,0.035296717816749444,1,2025
2025-05-31 00:00:00+00:00,0.00019456902355940997,1.009676176513563,1.0068923402041763,0.03549174544121141,1,2025
2025-06-01 00:00:00+00:00,0.0003504889125431898,1.01003005681869,1.0068902157822295,0.035831779774891756,1,2025
2025-06-02 00:00:00+00:00,7.501239565388396e-05,1.0101058215929344,1.0068867998401694,0.03590748068460304,1,2025
2025-06-03 00:00:00+00:00,-0.00016986035722221793,1.0099342446572463,1.0068811939124238,0.03574924254852261,1,2025
2025-06-04 00:00:00+00:00,-0.0002348754369416728,1.0096970359102502,1.0068799162781223,0.035523975887757624,1,2025
2025-06-05 00:00:00+00:00,-0.001129157902724276,1.0085569285227949,1.0085569285227949,0.0,0,2025
2025-06-06 00:00:00+00:00,0.0,1.0085569285227949,1.0085569285227949,0.0,0,2025
2025-06-07 00:00:00+00:00,0.0,1.0085569285227949,1.0085569285227949,0.0,0,2025
2025-06-08 00:00:00+00:00,0.0,1.0085569285227949,1.0085569285227949,0.0,0,2025
2025-06-09 00:00:00+00:00,0.0,1.0085569285227949,1.0085569285227949,0.0,0,2025
2025-06-10 00:00:00+00:00,0.0,1.0085569285227949,1.0085569285227949,0.0,0,2025
2025-06-11 00:00:00+00:00,-0.0006828259521882707,1.0078682596777402,1.0084711136884696,0.036499389975433734,1,2025
2025-06-12 00:00:00+00:00,-0.0017064919536506906,1.0061483406022602,1.0084636186928062,0.03485982251188553,1,2025
2025-06-13 00:00:00+00:00,-0.0012744319237744106,1.004866073036944,1.004866073036944,0.0,0,2025
2025-06-14 00:00:00+00:00,0.0,1.004866073036944,1.004866073036944,0.0,0,2025
2025-06-15 00:00:00+00:00,0.0,1.004866073036944,1.004866073036944,0.0,0,2025
2025-06-16 00:00:00+00:00,0.0,1.004866073036944,1.004866073036944,0.0,0,2025
2025-06-17 00:00:00+00:00,0.0,1.004866073036944,1.004866073036944,0.0,0,2025
2025-06-18 00:00:00+00:00,0.0,1.004866073036944,1.004866073036944,0.0,0,2025
2025-06-19 00:00:00+00:00,0.0,1.004866073036944,1.004866073036944,0.0,0,2025
2025-06-20 00:00:00+00:00,0.0,1.004866073036944,1.004866073036944,0.0,0,2025
2025-06-21 00:00:00+00:00,0.0,1.004866073036944,1.004866073036944,0.0,0,2025
2025-06-22 00:00:00+00:00,0.0,1.004866073036944,1.004866073036944,0.0,0,2025
2025-06-23 00:00:00+00:00,0.0,1.004866073036944,1.004866073036944,0.0,0,2025
2025-06-24 00:00:00+00:00,0.0,1.004866073036944,1.004866073036944,0.0,0,2025
2025-06-25 00:00:00+00:00,0.0,1.004866073036944,1.004866073036944,0.0,0,2025
2025-06-26 00:00:00+00:00,0.0,1.004866073036944,1.004866073036944,0.0,0,2025
2025-06-27 00:00:00+00:00,0.0,1.004866073036944,1.004866073036944,0.0,0,2025
2025-06-28 00:00:00+00:00,0.0,1.004866073036944,1.004866073036944,0.0,0,2025
2025-06-29 00:00:00+00:00,0.0,1.004866073036944,1.004866073036944,0.0,0,2025
2025-06-30 00:00:00+00:00,0.0,1.004866073036944,1.004866073036944,0.0,0,2025
2025-07-01 00:00:00+00:00,0.0,1.004866073036944,1.004866073036944,0.0,0,2025
2025-07-02 00:00:00+00:00,0.0,1.004866073036944,1.004866073036944,0.0,0,2025
2025-07-03 00:00:00+00:00,0.0,1.004866073036944,1.004866073036944,0.0,0,2025
2025-07-04 00:00:00+00:00,0.0,1.004866073036944,1.004866073036944,0.0,0,2025
2025-07-05 00:00:00+00:00,0.0,1.004866073036944,1.004866073036944,0.0,0,2025
2025-07-06 00:00:00+00:00,0.0,1.004866073036944,1.004866073036944,0.0,0,2025
2025-07-07 00:00:00+00:00,0.0,1.004866073036944,1.004866073036944,0.0,0,2025
2025-07-08 00:00:00+00:00,0.0,1.004866073036944,1.004866073036944,0.0,0,2025
2025-07-09 00:00:00+00:00,0.0,1.004866073036944,1.004866073036944,0.0,0,2025
2025-07-10 00:00:00+00:00,0.0,1.004866073036944,1.004866073036944,0.0,0,2025
2025-07-11 00:00:00+00:00,0.0007879128631518295,1.0056578199416348,1.0046082144705124,0.11238924249987106,2,2025
2025-07-12 00:00:00+00:00,-0.00029429562081573213,1.0053618592491869,1.004577498367598,0.11215849792828683,2,2025
2025-07-13 00:00:00+00:00,0.0013818879296012554,1.0067511566673648,1.0045487148691743,0.11341229276789888,2,2025
2025-07-14 00:00:00+00:00,0.001183574673031984,1.007942721838442,1.0051916189838974,0.09917671151633627,2,2025
2025-07-15 00:00:00+00:00,-0.00047513602804671873,1.0074638119370891,1.0050449321745372,0.0402828640076401,1,2025
2025-07-16 00:00:00+00:00,0.0025808808988327936,1.0100639560455829,1.0057185868461347,0.0345295833632709,1,2025
2025-07-17 00:00:00+00:00,0.0011177198218443873,1.0111929245505855,1.0077908938829934,0.022235474660534528,1,2025
2025-07-18 00:00:00+00:00,0.00043903713034398884,1.0116368757904044,1.0077840133270595,0.02267136261575051,1,2025
2025-07-19 00:00:00+00:00,0.0002804711823378714,1.0119206107810539,1.0077770455602983,0.022952283960292922,1,2025
2025-07-20 00:00:00+00:00,0.0010432340929698025,1.0129762808615994,1.0077697589065169,0.02397770451010731,1,2025
2025-07-21 00:00:00+00:00,2.657003959138926e-05,1.0130031956814871,1.0077624619892143,0.024010840024126557,1,2025
2025-07-22 00:00:00+00:00,0.0018946329324796007,1.0149224648967323,1.007659442211645,0.06670480463611664,2,2025
2025-07-23 00:00:00+00:00,-0.00418360880261559,1.010676426338618,1.0076404002492012,0.06280269974834238,2,2025
2025-07-24 00:00:00+00:00,-0.0008945290209557699,1.0097723469444624,1.007621623877664,0.06198219362299065,2,2025
2025-07-25 00:00:00+00:00,-0.0007789571868130896,1.0089857775177649,1.0039829738465185,0.02387063147080557,1,2025
2025-07-26 00:00:00+00:00,9.427315285637228e-05,1.0090808977881986,1.0039757175952657,0.02396983654047345,1,2025
2025-07-27 00:00:00+00:00,0.0008356000813170006,1.009924085868446,1.003968656698499,0.02479171801470684,1,2025
2025-07-28 00:00:00+00:00,-0.0004905794871316038,1.0094286378283588,1.003961291797495,0.024320362127671833,1,2025
2025-07-29 00:00:00+00:00,-3.4460481208253846e-05,1.0093938524317538,1.0039552856505112,0.024292688830363937,1,2025
2025-07-30 00:00:00+00:00,0.00010746556876806146,1.0095023275162165,1.0039530414645208,0.024399755566154813,1,2025
2025-07-31 00:00:00+00:00,-0.0007214013702876443,1.0087740711538378,1.0039496988302432,0.02369876168547259,1,2025
2025-08-01 00:00:00+00:00,-0.001347831910498254,1.0074144132702534,1.0039491975984367,0.02238159327280974,1,2025
2025-08-02 00:00:00+00:00,-0.000606586777689766,1.0068033290075096,1.0039460345636482,0.021791364604101384,1,2025
2025-08-03 00:00:00+00:00,0.0006552786874083338,1.0074630657714199,1.0039423611194345,0.022435590348756362,1,2025
2025-08-04 00:00:00+00:00,0.0014390897485412335,1.0089128955414055,1.003940811293912,0.023841907796955636,1,2025
2025-08-05 00:00:00+00:00,-0.0007012489551082579,1.0082053964276119,1.003939729581497,0.023157970500860846,1,2025
2025-08-06 00:00:00+00:00,0.0004515847854598132,1.008660686645257,1.0039357159096802,0.023602877591990375,1,2025
2025-08-07 00:00:00+00:00,0.0014515378219104313,1.0101247957813968,1.0039305311758289,0.025023233460157973,1,2025
2025-08-08 00:00:00+00:00,0.0007734441529780867,1.010906070898472,1.010906070898472,0.0,0,2025
2025-08-09 00:00:00+00:00,0.0021579597870400313,1.0130875655479457,1.0108218442542294,0.03809194175035421,1,2025
2025-08-10 00:00:00+00:00,-0.00010375595295031292,1.0129824516821602,1.0108103275289864,0.038003496832931215,1,2025
2025-08-11 00:00:00+00:00,-0.00025627630073687957,1.0127228482867316,1.0107995312467526,0.037767557378436956,1,2025
2025-08-12 00:00:00+00:00,0.002927415824807378,1.0156875091789501,1.011481382345055,0.03275212851017693,1,2025
2025-08-13 00:00:00+00:00,0.0011249834492530475,1.0168301408163896,1.011471056679516,0.03384919835495326,1,2025
2025-08-14 00:00:00+00:00,-0.004664285121107836,1.0120873551198857,1.0096580879997614,0.02034571683612946,1,2025
2025-08-15 00:00:00+00:00,-0.0006968953376285114,1.01138203616083,1.01138203616083,0.0,0,2025
2025-08-16 00:00:00+00:00,0.0,1.01138203616083,1.01138203616083,0.0,0,2025
2025-08-17 00:00:00+00:00,0.0,1.01138203616083,1.01138203616083,0.0,0,2025
2025-08-18 00:00:00+00:00,0.0,1.01138203616083,1.01138203616083,0.0,0,2025
2025-08-19 00:00:00+00:00,0.0,1.01138203616083,1.01138203616083,0.0,0,2025
2025-08-20 00:00:00+00:00,0.0,1.01138203616083,1.01138203616083,0.0,0,2025
2025-08-21 00:00:00+00:00,0.0,1.01138203616083,1.01138203616083,0.0,0,2025
2025-08-22 00:00:00+00:00,0.0,1.01138203616083,1.01138203616083,0.0,0,2025
2025-08-23 00:00:00+00:00,-0.0004343437596054933,1.0109427486848463,1.0113061191250512,0.03233757065570076,1,2025
2025-08-24 00:00:00+00:00,-2.528217700081825e-06,1.0109401928014954,1.0112963095191652,0.032344827636525,1,2025
2025-08-25 00:00:00+00:00,-0.002738507385821709,1.0081717256168845,1.0112929476786894,0.02969095460850051,1,2025
2025-08-26 00:00:00+00:00,-0.00047420106826734365,1.0076936495076,1.0076936495076,0.0,0,2025
2025-08-27 00:00:00+00:00,0.0,1.0076936495076,1.0076936495076,0.0,0,2025
2025-08-28 00:00:00+00:00,0.0,1.0076936495076,1.0076936495076,0.0,0,2025
2025-08-29 00:00:00+00:00,-0.0012072811861767452,1.0064770799231197,1.0076344675801368,0.025291263923085866,1,2025
2025-08-30 00:00:00+00:00,-0.0002951056137231456,1.0061800628867508,1.007634248451522,0.02500375477619628,1,2025
2025-08-31 00:00:00+00:00,-0.00025433625216708666,1.0059241548205509,1.0076291904998258,0.02476074296382483,1,2025
2025-09-01 00:00:00+00:00,-0.0004165129616624519,1.0055051743716188,1.0076262238546498,0.024357324317265693,1,2025
2025-09-02 00:00:00+00:00,0.0015152340042416945,1.0070287500032677,1.0076198621542765,0.02583973195084674,1,2025
2025-09-03 00:00:00+00:00,0.000131829863278643,1.0071615064656982,1.0076147752369549,0.025973189184354154,1,2025
2025-09-04 00:00:00+00:00,-0.0010422940621491739,1.0061117480078838,1.0076106395336557,0.02496101813923022,1,2025
2025-09-05 00:00:00+00:00,0.00013152737022581462,1.0062440792402525,1.0076100947152724,0.025089787024566903,1,2025
2025-09-06 00:00:00+00:00,-0.00040495636893600473,1.00583659429166,1.0076049634156858,0.024699932508778347,1,2025
2025-09-07 00:00:00+00:00,0.0007667207446815372,1.0066077900742634,1.0076024977065279,0.02544959192471063,1,2025
2025-09-08 00:00:00+00:00,0.0009457139419211114,1.007559753095383,1.0075945243983835,0.026378280527023783,1,2025
2025-09-09 00:00:00+00:00,0.0003731093862164858,1.007935683096437,1.007586728234182,0.026749147224669534,1,2025
2025-09-10 00:00:00+00:00,0.0008349775185798602,1.0087772867319968,1.0075801604429793,0.027567622479881496,1,2025
2025-09-11 00:00:00+00:00,0.000572617101698869,1.009354929858185,1.007576626076159,0.02812763683029148,1,2025
2025-09-12 00:00:00+00:00,0.0016579425368581369,1.0110283823311843,1.008269527804544,0.023786500004580602,1,2025
2025-09-13 00:00:00+00:00,1.4435907905507861e-05,1.0110429774438014,1.008266240532761,0.023803843696337666,1,2025
2025-09-14 00:00:00+00:00,-0.00025941285193109564,1.0107806999015978,1.008264251030161,0.023552508440323312,1,2025
2025-09-15 00:00:00+00:00,-0.0005368042823474806,1.0102381084933765,1.0082630984829475,0.023029206589164127,1,2025
2025-09-16 00:00:00+00:00,0.00025846716369981593,1.0104992218719402,1.0082579630271074,0.023286738306985418,1,2025
2025-09-17 00:00:00+00:00,0.0007744365077282378,1.0112817893603887,1.0082566859993445,0.024043818163416577,1,2025
2025-09-18 00:00:00+00:00,0.00024953204723243694,1.0115341365756167,1.0082517255723686,0.024292193618640767,1,2025
2025-09-19 00:00:00+00:00,-0.0008828239737184163,1.0106411299896132,1.0082468774115783,0.023434851372603364,1,2025
2025-09-20 00:00:00+00:00,9.94437156331962e-05,1.010741631898751,1.0082500196723145,0.02352884611675934,1,2025
2025-09-21 00:00:00+00:00,-0.0003284486418605459,1.010409655182482,1.0082488670674503,0.023209160847842292,1,2025
2025-09-22 00:00:00+00:00,-0.0021782206342021437,1.0082087600225664,1.0082087600225664,0.0,0,2025
2025-09-23 00:00:00+00:00,0.0,1.0082087600225664,1.0082087600225664,0.0,0,2025
2025-09-24 00:00:00+00:00,0.0,1.0082087600225664,1.0082087600225664,0.0,0,2025
2025-09-25 00:00:00+00:00,0.0,1.0082087600225664,1.0082087600225664,0.0,0,2025
2025-09-26 00:00:00+00:00,0.0,1.0082087600225664,1.0082087600225664,0.0,0,2025
2025-09-27 00:00:00+00:00,0.0,1.0082087600225664,1.0082087600225664,0.0,0,2025
2025-09-28 00:00:00+00:00,0.0,1.0082087600225664,1.0082087600225664,0.0,0,2025
2025-09-29 00:00:00+00:00,0.0,1.0082087600225664,1.0082087600225664,0.0,0,2025
2025-09-30 00:00:00+00:00,0.0,1.0082087600225664,1.0082087600225664,0.0,0,2025
2025-10-01 00:00:00+00:00,0.0,1.0082087600225664,1.0082087600225664,0.0,0,2025
2025-10-02 00:00:00+00:00,0.0,1.0082087600225664,1.0082087600225664,0.0,0,2025
2025-10-03 00:00:00+00:00,0.0,1.0082087600225664,1.0082087600225664,0.0,0,2025
2025-10-04 00:00:00+00:00,0.0,1.0082087600225664,1.0082087600225664,0.0,0,2025
2025-10-05 00:00:00+00:00,0.0,1.0082087600225664,1.0082087600225664,0.0,0,2025
2025-10-06 00:00:00+00:00,0.0,1.0082087600225664,1.0082087600225664,0.0,0,2025
2025-10-07 00:00:00+00:00,0.0,1.0082087600225664,1.0082087600225664,0.0,0,2025
2025-10-08 00:00:00+00:00,0.0,1.0082087600225664,1.0082087600225664,0.0,0,2025
2025-10-09 00:00:00+00:00,0.0,1.0082087600225664,1.0082087600225664,0.0,0,2025
2025-10-10 00:00:00+00:00,0.0,1.0082087600225664,1.0082087600225664,0.0,0,2025
2025-10-11 00:00:00+00:00,0.0,1.0082087600225664,1.0082087600225664,0.0,0,2025
2025-10-12 00:00:00+00:00,0.0,1.0082087600225664,1.0082087600225664,0.0,0,2025
2025-10-13 00:00:00+00:00,0.0,1.0082087600225664,1.0082087600225664,0.0,0,2025
2025-10-14 00:00:00+00:00,0.0,1.0082087600225664,1.0082087600225664,0.0,0,2025
2025-10-15 00:00:00+00:00,0.0,1.0082087600225664,1.0082087600225664,0.0,0,2025
2025-10-16 00:00:00+00:00,0.0,1.0082087600225664,1.0082087600225664,0.0,0,2025
2025-10-17 00:00:00+00:00,0.0,1.0082087600225664,1.0082087600225664,0.0,0,2025
2025-10-18 00:00:00+00:00,0.0,1.0082087600225664,1.0082087600225664,0.0,0,2025
2025-10-19 00:00:00+00:00,0.0,1.0082087600225664,1.0082087600225664,0.0,0,2025
2025-10-20 00:00:00+00:00,0.0,1.0082087600225664,1.0082087600225664,0.0,0,2025
2025-10-21 00:00:00+00:00,0.0,1.0082087600225664,1.0082087600225664,0.0,0,2025
2025-10-22 00:00:00+00:00,0.0,1.0082087600225664,1.0082087600225664,0.0,0,2025
2025-10-23 00:00:00+00:00,0.0,1.0082087600225664,1.0082087600225664,0.0,0,2025
2025-10-24 00:00:00+00:00,0.0,1.0082087600225664,1.0082087600225664,0.0,0,2025
2025-10-25 00:00:00+00:00,0.0,1.0082087600225664,1.0082087600225664,0.0,0,2025
2025-10-26 00:00:00+00:00,0.0,1.0082087600225664,1.0082087600225664,0.0,0,2025
2025-10-27 00:00:00+00:00,0.0,1.0082087600225664,1.0082087600225664,0.0,0,2025
2025-10-28 00:00:00+00:00,0.0,1.0082087600225664,1.0082087600225664,0.0,0,2025
2025-10-29 00:00:00+00:00,0.0,1.0082087600225664,1.0082087600225664,0.0,0,2025
2025-10-30 00:00:00+00:00,0.0,1.0082087600225664,1.0082087600225664,0.0,0,2025
2025-10-31 00:00:00+00:00,0.0,1.0082087600225664,1.0082087600225664,0.0,0,2025
2025-11-01 00:00:00+00:00,0.0,1.0082087600225664,1.0082087600225664,0.0,0,2025
2025-11-02 00:00:00+00:00,0.0,1.0082087600225664,1.0082087600225664,0.0,0,2025
2025-11-03 00:00:00+00:00,0.0,1.0082087600225664,1.0082087600225664,0.0,0,2025
2025-11-04 00:00:00+00:00,0.0,1.0082087600225664,1.0082087600225664,0.0,0,2025
2025-11-05 00:00:00+00:00,0.0,1.0082087600225664,1.0082087600225664,0.0,0,2025
2025-11-06 00:00:00+00:00,0.0,1.0082087600225664,1.0082087600225664,0.0,0,2025
2025-11-07 00:00:00+00:00,0.0,1.0082087600225664,1.0082087600225664,0.0,0,2025
2025-11-08 00:00:00+00:00,0.0,1.0082087600225664,1.0082087600225664,0.0,0,2025
2025-11-09 00:00:00+00:00,0.0,1.0082087600225664,1.0082087600225664,0.0,0,2025
2025-11-10 00:00:00+00:00,0.0,1.0082087600225664,1.0082087600225664,0.0,0,2025
2025-11-11 00:00:00+00:00,0.0,1.0082087600225664,1.0082087600225664,0.0,0,2025
2025-11-12 00:00:00+00:00,0.0,1.0082087600225664,1.0082087600225664,0.0,0,2025
2025-11-13 00:00:00+00:00,0.0,1.0082087600225664,1.0082087600225664,0.0,0,2025
2025-11-14 00:00:00+00:00,0.0,1.0082087600225664,1.0082087600225664,0.0,0,2025
2025-11-15 00:00:00+00:00,0.0,1.0082087600225664,1.0082087600225664,0.0,0,2025
2025-11-16 00:00:00+00:00,0.0,1.0082087600225664,1.0082087600225664,0.0,0,2025
2025-11-17 00:00:00+00:00,0.0,1.0082087600225664,1.0082087600225664,0.0,0,2025
2025-11-18 00:00:00+00:00,0.0,1.0082087600225664,1.0082087600225664,0.0,0,2025
2025-11-19 00:00:00+00:00,0.0,1.0082087600225664,1.0082087600225664,0.0,0,2025
2025-11-20 00:00:00+00:00,0.0,1.0082087600225664,1.0082087600225664,0.0,0,2025
2025-11-21 00:00:00+00:00,0.0,1.0082087600225664,1.0082087600225664,0.0,0,2025
2025-11-22 00:00:00+00:00,0.0,1.0082087600225664,1.0082087600225664,0.0,0,2025
2025-11-23 00:00:00+00:00,0.0,1.0082087600225664,1.0082087600225664,0.0,0,2025
2025-11-24 00:00:00+00:00,0.0,1.0082087600225664,1.0082087600225664,0.0,0,2025
2025-11-25 00:00:00+00:00,0.0,1.0082087600225664,1.0082087600225664,0.0,0,2025
2025-11-26 00:00:00+00:00,0.0,1.0082087600225664,1.0082087600225664,0.0,0,2025
2025-11-27 00:00:00+00:00,0.0,1.0082087600225664,1.0082087600225664,0.0,0,2025
2025-11-28 00:00:00+00:00,0.0,1.0082087600225664,1.0082087600225664,0.0,0,2025
2025-11-29 00:00:00+00:00,0.0,1.0082087600225664,1.0082087600225664,0.0,0,2025
2025-11-30 00:00:00+00:00,0.0,1.0082087600225664,1.0082087600225664,0.0,0,2025
2025-12-01 00:00:00+00:00,0.0,1.0082087600225664,1.0082087600225664,0.0,0,2025
2025-12-02 00:00:00+00:00,0.0,1.0082087600225664,1.0082087600225664,0.0,0,2025
2025-12-03 00:00:00+00:00,0.0,1.0082087600225664,1.0082087600225664,0.0,0,2025
2025-12-04 00:00:00+00:00,0.0,1.0082087600225664,1.0082087600225664,0.0,0,2025
2025-12-05 00:00:00+00:00,0.0,1.0082087600225664,1.0082087600225664,0.0,0,2025
2025-12-06 00:00:00+00:00,0.0,1.0082087600225664,1.0082087600225664,0.0,0,2025
2025-12-07 00:00:00+00:00,0.0,1.0082087600225664,1.0082087600225664,0.0,0,2025
2025-12-08 00:00:00+00:00,0.0,1.0082087600225664,1.0082087600225664,0.0,0,2025
2025-12-09 00:00:00+00:00,0.0,1.0082087600225664,1.0082087600225664,0.0,0,2025
2025-12-10 00:00:00+00:00,0.0,1.0082087600225664,1.0082087600225664,0.0,0,2025
2025-12-11 00:00:00+00:00,0.0,1.0082087600225664,1.0082087600225664,0.0,0,2025
2025-12-12 00:00:00+00:00,0.0,1.0082087600225664,1.0082087600225664,0.0,0,2025
2025-12-13 00:00:00+00:00,0.0,1.0082087600225664,1.0082087600225664,0.0,0,2025
2025-12-14 00:00:00+00:00,0.0,1.0082087600225664,1.0082087600225664,0.0,0,2025
2025-12-15 00:00:00+00:00,0.0,1.0082087600225664,1.0082087600225664,0.0,0,2025
2025-12-16 00:00:00+00:00,0.0,1.0082087600225664,1.0082087600225664,0.0,0,2025
2025-12-17 00:00:00+00:00,0.0,1.0082087600225664,1.0082087600225664,0.0,0,2025
2025-12-18 00:00:00+00:00,0.0,1.0082087600225664,1.0082087600225664,0.0,0,2025
2025-12-19 00:00:00+00:00,0.0,1.0082087600225664,1.0082087600225664,0.0,0,2025
2025-12-20 00:00:00+00:00,0.0,1.0082087600225664,1.0082087600225664,0.0,0,2025
2025-12-21 00:00:00+00:00,0.0,1.0082087600225664,1.0082087600225664,0.0,0,2025
2025-12-22 00:00:00+00:00,0.0,1.0082087600225664,1.0082087600225664,0.0,0,2025
2025-12-23 00:00:00+00:00,0.0,1.0082087600225664,1.0082087600225664,0.0,0,2025
2025-12-24 00:00:00+00:00,0.0,1.0082087600225664,1.0082087600225664,0.0,0,2025
2025-12-25 00:00:00+00:00,0.0,1.0082087600225664,1.0082087600225664,0.0,0,2025
2025-12-26 00:00:00+00:00,0.0,1.0082087600225664,1.0082087600225664,0.0,0,2025
2025-12-27 00:00:00+00:00,0.0,1.0082087600225664,1.0082087600225664,0.0,0,2025
2025-12-28 00:00:00+00:00,0.0,1.0082087600225664,1.0082087600225664,0.0,0,2025
2025-12-29 00:00:00+00:00,0.0,1.0082087600225664,1.0082087600225664,0.0,0,2025
2025-12-30 00:00:00+00:00,0.0,1.0082087600225664,1.0082087600225664,0.0,0,2025
2025-12-31 00:00:00+00:00,0.0,1.0082087600225664,1.0082087600225664,0.0,0,2025
2026-01-01 00:00:00+00:00,0.0,1.0,1.0,0.0,0,2026
2026-01-02 00:00:00+00:00,0.0,1.0,1.0,0.0,0,2026
2026-01-03 00:00:00+00:00,0.0,1.0,1.0,0.0,0,2026
2026-01-04 00:00:00+00:00,0.0,1.0,1.0,0.0,0,2026
2026-01-05 00:00:00+00:00,0.0,1.0,1.0,0.0,0,2026
2026-01-06 00:00:00+00:00,0.0,1.0,1.0,0.0,0,2026
2026-01-07 00:00:00+00:00,0.0,1.0,1.0,0.0,0,2026
2026-01-08 00:00:00+00:00,0.0,1.0,1.0,0.0,0,2026
2026-01-09 00:00:00+00:00,0.0,1.0,1.0,0.0,0,2026
2026-01-10 00:00:00+00:00,0.0,1.0,1.0,0.0,0,2026
2026-01-11 00:00:00+00:00,0.0,1.0,1.0,0.0,0,2026
2026-01-12 00:00:00+00:00,0.0,1.0,1.0,0.0,0,2026
2026-01-13 00:00:00+00:00,0.0,1.0,1.0,0.0,0,2026
2026-01-14 00:00:00+00:00,0.0010379881799360557,1.001037988179936,0.9998466903204947,0.07524399186016462,1,2026
2026-01-15 00:00:00+00:00,-0.0010430646608389216,0.9999938408303083,0.9998445302549845,0.07428056445681039,1,2026
2026-01-16 00:00:00+00:00,-6.218065576946152e-05,0.99993166055752,0.9998317833637194,0.07423574679823428,1,2026
2026-01-17 00:00:00+00:00,-0.00031194985272875453,0.9996197320232703,0.999827492131464,0.07395115752373993,1,2026
2026-01-18 00:00:00+00:00,-0.0011759143675705852,0.9984442648182771,0.9998131653141654,0.07287527050119333,1,2026
2026-01-19 00:00:00+00:00,-0.0008031614259633724,0.9976423528988007,0.9998074728291586,0.07213574707952226,1,2026
2026-01-20 00:00:00+00:00,-0.0014948470618832976,0.9961510301587595,0.9961510301587595,0.0,0,2026
2026-01-21 00:00:00+00:00,0.0,0.9961510301587595,0.9961510301587595,0.0,0,2026
2026-01-22 00:00:00+00:00,0.0,0.9961510301587595,0.9961510301587595,0.0,0,2026
2026-01-23 00:00:00+00:00,0.0,0.9961510301587595,0.9961510301587595,0.0,0,2026
2026-01-24 00:00:00+00:00,0.0,0.9961510301587595,0.9961510301587595,0.0,0,2026
2026-01-25 00:00:00+00:00,0.0,0.9961510301587595,0.9961510301587595,0.0,0,2026
2026-01-26 00:00:00+00:00,0.0,0.9961510301587595,0.9961510301587595,0.0,0,2026
2026-01-27 00:00:00+00:00,0.0,0.9961510301587595,0.9961510301587595,0.0,0,2026
2026-01-28 00:00:00+00:00,0.0,0.9961510301587595,0.9961510301587595,0.0,0,2026
2026-01-29 00:00:00+00:00,0.0,0.9961510301587595,0.9961510301587595,0.0,0,2026
2026-01-30 00:00:00+00:00,0.0,0.9961510301587595,0.9961510301587595,0.0,0,2026
2026-01-31 00:00:00+00:00,0.0,0.9961510301587595,0.9961510301587595,0.0,0,2026
2026-02-01 00:00:00+00:00,0.0,0.9961510301587595,0.9961510301587595,0.0,0,2026
2026-02-02 00:00:00+00:00,0.0,0.9961510301587595,0.9961510301587595,0.0,0,2026
2026-02-03 00:00:00+00:00,0.0,0.9961510301587595,0.9961510301587595,0.0,0,2026
2026-02-04 00:00:00+00:00,0.0,0.9961510301587595,0.9961510301587595,0.0,0,2026
2026-02-05 00:00:00+00:00,0.0,0.9961510301587595,0.9961510301587595,0.0,0,2026
2026-02-06 00:00:00+00:00,0.0,0.9961510301587595,0.9961510301587595,0.0,0,2026
2026-02-07 00:00:00+00:00,0.0,0.9961510301587595,0.9961510301587595,0.0,0,2026
2026-02-08 00:00:00+00:00,0.0,0.9961510301587595,0.9961510301587595,0.0,0,2026
2026-02-09 00:00:00+00:00,0.0,0.9961510301587595,0.9961510301587595,0.0,0,2026
2026-02-10 00:00:00+00:00,0.0,0.9961510301587595,0.9961510301587595,0.0,0,2026
2026-02-11 00:00:00+00:00,0.0,0.9961510301587595,0.9961510301587595,0.0,0,2026
2026-02-12 00:00:00+00:00,0.0,0.9961510301587595,0.9961510301587595,0.0,0,2026
2026-02-13 00:00:00+00:00,0.0,0.9961510301587595,0.9961510301587595,0.0,0,2026
2026-02-14 00:00:00+00:00,0.0,0.9961510301587595,0.9961510301587595,0.0,0,2026
2026-02-15 00:00:00+00:00,0.0,0.9961510301587595,0.9961510301587595,0.0,0,2026
2026-02-16 00:00:00+00:00,0.0,0.9961510301587595,0.9961510301587595,0.0,0,2026
2026-02-17 00:00:00+00:00,0.0,0.9961510301587595,0.9961510301587595,0.0,0,2026
2026-02-18 00:00:00+00:00,0.0,0.9961510301587595,0.9961510301587595,0.0,0,2026
2026-02-19 00:00:00+00:00,0.0,0.9961510301587595,0.9961510301587595,0.0,0,2026
2026-02-20 00:00:00+00:00,0.0,0.9961510301587595,0.9961510301587595,0.0,0,2026
2026-02-21 00:00:00+00:00,0.0,0.9961510301587595,0.9961510301587595,0.0,0,2026
2026-02-22 00:00:00+00:00,0.0,0.9961510301587595,0.9961510301587595,0.0,0,2026
2026-02-23 00:00:00+00:00,0.0,0.9961510301587595,0.9961510301587595,0.0,0,2026
2026-02-24 00:00:00+00:00,0.0,0.9961510301587595,0.9961510301587595,0.0,0,2026
2026-02-25 00:00:00+00:00,0.0,0.9961510301587595,0.9961510301587595,0.0,0,2026
2026-02-26 00:00:00+00:00,0.0,0.9961510301587595,0.9961510301587595,0.0,0,2026
2026-02-27 00:00:00+00:00,0.0,0.9961510301587595,0.9961510301587595,0.0,0,2026
2026-02-28 00:00:00+00:00,0.0,0.9961510301587595,0.9961510301587595,0.0,0,2026
2026-03-01 00:00:00+00:00,0.0,0.9961510301587595,0.9961510301587595,0.0,0,2026
2026-03-02 00:00:00+00:00,0.0,0.9961510301587595,0.9961510301587595,0.0,0,2026
2026-03-03 00:00:00+00:00,0.0,0.9961510301587595,0.9961510301587595,0.0,0,2026
2026-03-04 00:00:00+00:00,0.0,0.9961510301587595,0.9961510301587595,0.0,0,2026
2026-03-05 00:00:00+00:00,0.0,0.9961510301587595,0.9961510301587595,0.0,0,2026
2026-03-06 00:00:00+00:00,0.0,0.9961510301587595,0.9961510301587595,0.0,0,2026
2026-03-07 00:00:00+00:00,0.0,0.9961510301587595,0.9961510301587595,0.0,0,2026
2026-03-08 00:00:00+00:00,0.0,0.9961510301587595,0.9961510301587595,0.0,0,2026
2026-03-09 00:00:00+00:00,0.0,0.9961510301587595,0.9961510301587595,0.0,0,2026
2026-03-10 00:00:00+00:00,0.0,0.9961510301587595,0.9961510301587595,0.0,0,2026
2026-03-11 00:00:00+00:00,0.0,0.9961510301587595,0.9961510301587595,0.0,0,2026
2026-03-12 00:00:00+00:00,0.0,0.9961510301587595,0.9961510301587595,0.0,0,2026
2026-03-13 00:00:00+00:00,0.0,0.9961510301587595,0.9961510301587595,0.0,0,2026
2026-03-14 00:00:00+00:00,0.0,0.9961510301587595,0.9961510301587595,0.0,0,2026
2026-03-15 00:00:00+00:00,0.0,0.9961510301587595,0.9961510301587595,0.0,0,2026
2026-03-16 00:00:00+00:00,0.0,0.9961510301587595,0.9961510301587595,0.0,0,2026
2026-03-17 00:00:00+00:00,0.0,0.9961510301587595,0.9961510301587595,0.0,0,2026
2026-03-18 00:00:00+00:00,0.0,0.9961510301587595,0.9961510301587595,0.0,0,2026
2026-03-19 00:00:00+00:00,0.0,0.9961510301587595,0.9961510301587595,0.0,0,2026
2026-03-20 00:00:00+00:00,0.0,0.9961510301587595,0.9961510301587595,0.0,0,2026
2026-03-21 00:00:00+00:00,0.0,0.9961510301587595,0.9961510301587595,0.0,0,2026
2026-03-22 00:00:00+00:00,0.0,0.9961510301587595,0.9961510301587595,0.0,0,2026
2026-03-23 00:00:00+00:00,0.0,0.9961510301587595,0.9961510301587595,0.0,0,2026
2026-03-24 00:00:00+00:00,0.0,0.9961510301587595,0.9961510301587595,0.0,0,2026
2026-03-25 00:00:00+00:00,0.0,0.9961510301587595,0.9961510301587595,0.0,0,2026
2026-03-26 00:00:00+00:00,0.0,0.9961510301587595,0.9961510301587595,0.0,0,2026
2026-03-27 00:00:00+00:00,0.0,0.9961510301587595,0.9961510301587595,0.0,0,2026
2026-03-28 00:00:00+00:00,0.0,0.9961510301587595,0.9961510301587595,0.0,0,2026
2026-03-29 00:00:00+00:00,0.0,0.9961510301587595,0.9961510301587595,0.0,0,2026
2026-03-30 00:00:00+00:00,0.0,0.9961510301587595,0.9961510301587595,0.0,0,2026
2026-03-31 00:00:00+00:00,0.0,0.9961510301587595,0.9961510301587595,0.0,0,2026
2026-04-01 00:00:00+00:00,0.0,0.9961510301587595,0.9961510301587595,0.0,0,2026
2026-04-02 00:00:00+00:00,0.0,0.9961510301587595,0.9961510301587595,0.0,0,2026
2026-04-03 00:00:00+00:00,0.0,0.9961510301587595,0.9961510301587595,0.0,0,2026
2026-04-04 00:00:00+00:00,0.0,0.9961510301587595,0.9961510301587595,0.0,0,2026
2026-04-05 00:00:00+00:00,0.0,0.9961510301587595,0.9961510301587595,0.0,0,2026
2026-04-06 00:00:00+00:00,0.0,0.9961510301587595,0.9961510301587595,0.0,0,2026
2026-04-07 00:00:00+00:00,0.0,0.9961510301587595,0.9961510301587595,0.0,0,2026
2026-04-08 00:00:00+00:00,0.0,0.9961510301587595,0.9961510301587595,0.0,0,2026
2026-04-09 00:00:00+00:00,0.0,0.9961510301587595,0.9961510301587595,0.0,0,2026
2026-04-10 00:00:00+00:00,0.0,0.9961510301587595,0.9961510301587595,0.0,0,2026
2026-04-11 00:00:00+00:00,0.0,0.9961510301587595,0.9961510301587595,0.0,0,2026
2026-04-12 00:00:00+00:00,0.0,0.9961510301587595,0.9961510301587595,0.0,0,2026
2026-04-13 00:00:00+00:00,0.0,0.9961510301587595,0.9961510301587595,0.0,0,2026
2026-04-14 00:00:00+00:00,0.0,0.9961510301587595,0.9961510301587595,0.0,0,2026
2026-04-15 00:00:00+00:00,0.0,0.9961510301587595,0.9961510301587595,0.0,0,2026
2026-04-16 00:00:00+00:00,0.0,0.9961510301587595,0.9961510301587595,0.0,0,2026
2026-04-17 00:00:00+00:00,0.0,0.9961510301587595,0.9961510301587595,0.0,0,2026
2026-04-18 00:00:00+00:00,-0.0022657277199025216,0.9938940231565193,0.9959811217903124,0.09224451526551407,2,2026
2026-04-19 00:00:00+00:00,-0.0027340412445889806,0.9911766759044589,0.99601210209623,0.08972461418367658,2,2026
2026-04-20 00:00:00+00:00,0.002284320438343368,0.9934408410432366,0.9960192055445601,0.09179208540296506,2,2026
2026-04-21 00:00:00+00:00,0.0005905684947424827,0.9940275359053473,0.9960333861697144,0.09231386198694651,2,2026
2026-04-22 00:00:00+00:00,0.002079018435780844,0.9960941374781684,0.9960270603890226,0.09420339361886901,2,2026
2026-04-23 00:00:00+00:00,-0.0006510083322465166,0.9954456718949682,0.99603637669741,0.09360396941134874,2,2026
2026-04-24 00:00:00+00:00,-0.0008137213987045033,0.9946356564504996,0.9960530493142615,0.09284905237658946,2,2026
2026-04-25 00:00:00+00:00,0.00021705214441913867,0.994851544252648,0.9960643231976356,0.09303457648015184,2,2026
2026-04-26 00:00:00+00:00,0.001549946253061929,0.9963935106760153,0.9960662533284494,0.09443621156151781,2,2026
2026-04-27 00:00:00+00:00,-0.001968798898497548,0.9944318122297263,0.9960822087491948,0.09263377676860644,2,2026
2026-04-28 00:00:00+00:00,-0.0009524694350323548,0.9934846463233536,0.9960935072564306,0.09175734162519782,2,2026
2026-04-29 00:00:00+00:00,-0.0009967477692465199,0.9924943927183502,0.9960879414001473,0.09085675748391903,2,2026
2026-04-30 00:00:00+00:00,0.0004900853489566703,0.992980799679143,0.9960995219393435,0.0912904346128832,2,2026
2026-05-01 00:00:00+00:00,0.0019730626358926973,0.9949400129931487,0.9961073211739839,0.09307200598530982,2,2026
2026-05-02 00:00:00+00:00,0.000685598365439688,0.9956221422397674,0.9961137874158886,0.09368687365590299,2,2026
2026-05-03 00:00:00+00:00,3.428198269705973e-07,0.995622483558778,0.9961089073118204,0.09369208591863658,2,2026
2026-05-04 00:00:00+00:00,0.0013164585798326467,0.9969331793195332,0.9961035179149246,0.09488904010029564,2,2026
2026-05-05 00:00:00+00:00,0.000966218561625487,0.997896434662092,0.9961152768998328,0.09575094716093657,2,2026
2026-05-06 00:00:00+00:00,0.00029000929546829646,0.9981858339040587,0.9968066237546086,0.08435874800052394,2,2026
2026-05-07 00:00:00+00:00,-0.0017617910283154181,0.996427239057295,0.9968212004206827,0.08272810344401642,2,2026
2026-05-08 00:00:00+00:00,0.00037525054496923005,0.9968011489217735,0.996826848992827,0.08306651440868244,2,2026
2026-05-09 00:00:00+00:00,0.0005736324027980633,0.9973729463599413,0.9968188328467881,0.08360023287980514,2,2026
2026-05-10 00:00:00+00:00,0.0015936797425348814,0.9989624394203076,0.996804373275852,0.08507283143130674,2,2026
2026-05-11 00:00:00+00:00,-0.000794128928854998,0.9981691344483243,0.9967935231852331,0.08435655384213415,2,2026
2026-05-12 00:00:00+00:00,-0.00376537087780493,0.9944106574583489,0.9966638628580724,0.14081065863587183,3,2026
2026-05-13 00:00:00+00:00,-0.0026773427951128914,0.9917482792492193,0.9930521925440363,0.08220088250362584,2,2026
2026-05-14 00:00:00+00:00,0.0013972875122307826,0.9931340367350906,0.9930414670990624,0.08349232192180049,2,2026
2026-05-15 00:00:00+00:00,-0.002078203789231736,0.9910701018167327,0.9930431343221068,0.08158198337026662,2,2026
2026-05-16 00:00:00+00:00,-0.0009937295555874082,0.9900852461648985,0.9894752446393924,0.04482189540326231,1,2026
2026-05-17 00:00:00+00:00,-0.0007068594130439365,0.9893853950889309,0.9893853950889309,0.0,0,2026
2026-05-18 00:00:00+00:00,0.0,0.9893853950889309,0.9893853950889309,0.0,0,2026
2026-05-19 00:00:00+00:00,0.0,0.9893853950889309,0.9893853950889309,0.0,0,2026
2026-05-20 00:00:00+00:00,0.0,0.9893853950889309,0.9893853950889309,0.0,0,2026
2026-05-21 00:00:00+00:00,0.0,0.9893853950889309,0.9893853950889309,0.0,0,2026
2026-05-22 00:00:00+00:00,0.0,0.9893853950889309,0.9893853950889309,0.0,0,2026
2026-05-23 00:00:00+00:00,0.0,0.9893853950889309,0.9893853950889309,0.0,0,2026
2026-05-24 00:00:00+00:00,0.0,0.9893853950889309,0.9893853950889309,0.0,0,2026
2026-05-25 00:00:00+00:00,0.0,0.9893853950889309,0.9893853950889309,0.0,0,2026
2026-05-26 00:00:00+00:00,0.0,0.9893853950889309,0.9893853950889309,0.0,0,2026
2026-05-27 00:00:00+00:00,0.0,0.9893853950889309,0.9893853950889309,0.0,0,2026
2026-05-28 00:00:00+00:00,0.0,0.9893853950889309,0.9893853950889309,0.0,0,2026
2026-05-29 00:00:00+00:00,0.0,0.9893853950889309,0.9893853950889309,0.0,0,2026
2026-05-30 00:00:00+00:00,0.0,0.9893853950889309,0.9893853950889309,0.0,0,2026
2026-05-31 00:00:00+00:00,0.0,0.9893853950889309,0.9893853950889309,0.0,0,2026
2026-06-01 00:00:00+00:00,0.0,0.9893853950889309,0.9893853950889309,0.0,0,2026
2026-06-02 00:00:00+00:00,0.0,0.9893853950889309,0.9893853950889309,0.0,0,2026
2026-06-03 00:00:00+00:00,0.0,0.9893853950889309,0.9893853950889309,0.0,0,2026
2026-06-04 00:00:00+00:00,0.0,0.9893853950889309,0.9893853950889309,0.0,0,2026
2026-06-05 00:00:00+00:00,0.0,0.9893853950889309,0.9893853950889309,0.0,0,2026
2026-06-06 00:00:00+00:00,0.0,0.9893853950889309,0.9893853950889309,0.0,0,2026
2026-06-07 00:00:00+00:00,0.0,0.9893853950889309,0.9893853950889309,0.0,0,2026
2026-06-08 00:00:00+00:00,0.0,0.9893853950889309,0.9893853950889309,0.0,0,2026
2026-06-09 00:00:00+00:00,0.0,0.9893853950889309,0.9893853950889309,0.0,0,2026
2026-06-10 00:00:00+00:00,0.0,0.9893853950889309,0.9893853950889309,0.0,0,2026
2026-06-11 00:00:00+00:00,0.0,0.9893853950889309,0.9893853950889309,0.0,0,2026
2026-06-12 00:00:00+00:00,0.0,0.9893853950889309,0.9893853950889309,0.0,0,2026
2026-06-13 00:00:00+00:00,0.0,0.9893853950889309,0.9893853950889309,0.0,0,2026
2026-06-14 00:00:00+00:00,0.0,0.9893853950889309,0.9893853950889309,0.0,0,2026
2026-06-15 00:00:00+00:00,0.0,0.9893853950889309,0.9893853950889309,0.0,0,2026
2026-06-16 00:00:00+00:00,0.0,0.9893853950889309,0.9893853950889309,0.0,0,2026
2026-06-17 00:00:00+00:00,0.0,0.9893853950889309,0.9893853950889309,0.0,0,2026
2026-06-18 00:00:00+00:00,0.0,0.9893853950889309,0.9893853950889309,0.0,0,2026
2026-06-19 00:00:00+00:00,0.0,0.9893853950889309,0.9893853950889309,0.0,0,2026
2026-06-20 00:00:00+00:00,0.0,0.9893853950889309,0.9893853950889309,0.0,0,2026
2026-06-21 00:00:00+00:00,0.0,0.9893853950889309,0.9893853950889309,0.0,0,2026
2026-06-22 00:00:00+00:00,0.0,0.9893853950889309,0.9893853950889309,0.0,0,2026
2026-06-23 00:00:00+00:00,0.0,0.9893853950889309,0.9893853950889309,0.0,0,2026
2026-06-24 00:00:00+00:00,0.0,0.9893853950889309,0.9893853950889309,0.0,0,2026
2026-06-25 00:00:00+00:00,0.0,0.9893853950889309,0.9893853950889309,0.0,0,2026
2026-06-26 00:00:00+00:00,0.0,0.9893853950889309,0.9893853950889309,0.0,0,2026
2026-06-27 00:00:00+00:00,0.0,0.9893853950889309,0.9893853950889309,0.0,0,2026
2026-06-28 00:00:00+00:00,0.0,0.9893853950889309,0.9893853950889309,0.0,0,2026
2026-06-29 00:00:00+00:00,0.0,0.9893853950889309,0.9893853950889309,0.0,0,2026
2026-06-30 00:00:00+00:00,0.0,0.9893853950889309,0.9893853950889309,0.0,0,2026
2026-07-01 00:00:00+00:00,0.0,0.9893853950889309,0.9893853950889309,0.0,0,2026
2026-07-02 00:00:00+00:00,0.0,0.9893853950889309,0.9893853950889309,0.0,0,2026
2026-07-03 00:00:00+00:00,0.0,0.9893853950889309,0.9893853950889309,0.0,0,2026
2026-07-04 00:00:00+00:00,0.0,0.9893853950889309,0.9893853950889309,0.0,0,2026
2026-07-05 00:00:00+00:00,0.0,0.9893853950889309,0.9893853950889309,0.0,0,2026
2026-07-06 00:00:00+00:00,0.0,0.9893853950889309,0.9893853950889309,0.0,0,2026
2026-07-07 00:00:00+00:00,0.0,0.9893853950889309,0.9893853950889309,0.0,0,2026
2026-07-08 00:00:00+00:00,0.0,0.9893853950889309,0.9893853950889309,0.0,0,2026
2026-07-09 00:00:00+00:00,0.0,0.9893853950889309,0.9893853950889309,0.0,0,2026
2026-07-10 00:00:00+00:00,0.0,0.9893853950889309,0.9893853950889309,0.0,0,2026
2026-07-11 00:00:00+00:00,0.0,0.9893853950889309,0.9893853950889309,0.0,0,2026
2026-07-12 00:00:00+00:00,0.0,0.9893853950889309,0.9893853950889309,0.0,0,2026
2026-07-13 00:00:00+00:00,0.0,0.9893853950889309,0.9893853950889309,0.0,0,2026
2026-07-14 00:00:00+00:00,0.0,0.9893853950889309,0.9893853950889309,0.0,0,2026
2026-07-15 00:00:00+00:00,0.0,0.9893853950889309,0.9893853950889309,0.0,0,2026
2026-07-16 00:00:00+00:00,0.0,0.9893853950889309,0.9893853950889309,0.0,0,2026
2026-07-17 00:00:00+00:00,0.0,0.9893853950889309,0.9893853950889309,0.0,0,2026
2026-07-18 00:00:00+00:00,0.0,0.9893853950889309,0.9893853950889309,0.0,0,2026
2026-07-19 00:00:00+00:00,0.0,0.9893853950889309,0.9893853950889309,0.0,0,2026
2026-07-20 00:00:00+00:00,0.0,0.9893853950889309,0.9893853950889309,0.0,0,2026
2026-07-21 00:00:00+00:00,0.0,0.9893853950889309,0.9893853950889309,0.0,0,2026
2026-07-22 00:00:00+00:00,0.0,0.9893853950889309,0.9893853950889309,0.0,0,2026
2026-07-23 00:00:00+00:00,0.0,0.9893853950889309,0.9893853950889309,0.0,0,2026
2026-07-24 00:00:00+00:00,0.0,0.9893853950889309,0.9893853950889309,0.0,0,2026
2026-07-25 00:00:00+00:00,0.0,0.9893853950889309,0.9893853950889309,0.0,0,2026
2026-07-26 00:00:00+00:00,0.0,0.9893853950889309,0.9893853950889309,0.0,0,2026
2026-07-27 00:00:00+00:00,0.0,0.9893853950889309,0.9893853950889309,0.0,0,2026
2026-07-28 00:00:00+00:00,0.0,0.9893853950889309,0.9893853950889309,0.0,0,2026
2026-07-29 00:00:00+00:00,0.0,0.9893853950889309,0.9893853950889309,0.0,0,2026
2026-07-30 00:00:00+00:00,0.0,0.9893853950889309,0.9893853950889309,0.0,0,2026
2026-07-31 00:00:00+00:00,0.0,0.9893853950889309,0.9893853950889309,0.0,0,2026
2026-08-01 00:00:00+00:00,0.0,0.9893853950889309,0.9893853950889309,0.0,0,2026
2026-08-02 00:00:00+00:00,0.0,0.9893853950889309,0.9893853950889309,0.0,0,2026
2026-08-03 00:00:00+00:00,0.0,0.9893853950889309,0.9893853950889309,0.0,0,2026
2026-08-04 00:00:00+00:00,0.0,0.9893853950889309,0.9893853950889309,0.0,0,2026
2026-08-05 00:00:00+00:00,0.0,0.9893853950889309,0.9893853950889309,0.0,0,2026
2026-08-06 00:00:00+00:00,0.0,0.9893853950889309,0.9893853950889309,0.0,0,2026
2026-08-07 00:00:00+00:00,0.0,0.9893853950889309,0.9893853950889309,0.0,0,2026
2026-08-08 00:00:00+00:00,0.0,0.9893853950889309,0.9893853950889309,0.0,0,2026
2026-08-09 00:00:00+00:00,0.0,0.9893853950889309,0.9893853950889309,0.0,0,2026
2026-08-10 00:00:00+00:00,0.0,0.9893853950889309,0.9893853950889309,0.0,0,2026
2026-08-11 00:00:00+00:00,0.0,0.9893853950889309,0.9893853950889309,0.0,0,2026
2026-08-12 00:00:00+00:00,0.0,0.9893853950889309,0.9893853950889309,0.0,0,2026
2026-08-13 00:00:00+00:00,0.0,0.9893853950889309,0.9893853950889309,0.0,0,2026
2026-08-14 00:00:00+00:00,0.0,0.9893853950889309,0.9893853950889309,0.0,0,2026
2026-08-15 00:00:00+00:00,0.0,0.9893853950889309,0.9893853950889309,0.0,0,2026
2026-08-16 00:00:00+00:00,0.0,0.9893853950889309,0.9893853950889309,0.0,0,2026
2026-08-17 00:00:00+00:00,0.0,0.9893853950889309,0.9893853950889309,0.0,0,2026
2026-08-18 00:00:00+00:00,0.0,0.9893853950889309,0.9893853950889309,0.0,0,2026
2026-08-19 00:00:00+00:00,0.0,0.9893853950889309,0.9893853950889309,0.0,0,2026
2026-08-20 00:00:00+00:00,0.007425770323663539,0.9967323437944484,0.9895698738481492,0.19632848558329,3,2026
2026-08-21 00:00:00+00:00,0.011948976418078017,1.008642275065584,0.9949082733253468,0.13331229009013737,3,2026
2026-08-22 00:00:00+00:00,-0.0017497907945939195,1.006877362097636,0.9969057669606538,0.11177829631838532,3,2026
2026-08-23 00:00:00+00:00,0.00027092900951863896,1.0071501543840558,0.9985380080772683,0.07986537879519924,2,2026
2026-08-24 00:00:00+00:00,0.0019489384969755275,1.0091130280921696,0.9985132808684182,0.0816796802795431,2,2026
2026-08-25 00:00:00+00:00,0.00017113434919946435,1.009285721993501,1.0053195726589403,0.033909556008939634,1,2026
2026-08-26 00:00:00+00:00,0.001922596822411693,1.011226171515511,1.0053141633921445,0.035768743458804764,1,2026
2026-08-27 00:00:00+00:00,0.0009174239311975363,1.0121538946051127,1.0121538946051127,0.0,0,2026
2026-08-28 00:00:00+00:00,-0.0018229179375943705,1.010308821115031,1.0120802682867318,0.036651811738888825,1,2026
2026-08-29 00:00:00+00:00,0.000511528739459477,1.0108256231127608,1.0120777303505895,0.03714685083653663,1,2026
2026-08-30 00:00:00+00:00,-0.0013584342405553729,1.0094524829750937,1.0120811967499668,0.03583366499814424,1,2026
2026-08-31 00:00:00+00:00,0.0003955836357443232,1.00985180585842,1.00985180585842,0.0,0,2026
