date,return,equity,cash,gross_exposure,open_positions
2017-08-18 00:00:00+00:00,0.0,1.0,1.0,0.0,0
2017-08-19 00:00:00+00:00,0.0,1.0,1.0,0.0,0
2017-08-20 00:00:00+00:00,0.0,1.0,1.0,0.0,0
2017-08-21 00:00:00+00:00,0.0,1.0,1.0,0.0,0
2017-08-22 00:00:00+00:00,0.0,1.0,1.0,0.0,0
2017-08-23 00:00:00+00:00,0.0,1.0,1.0,0.0,0
2017-08-24 00:00:00+00:00,0.0,1.0,1.0,0.0,0
2017-08-25 00:00:00+00:00,0.0,1.0,1.0,0.0,0
2017-08-26 00:00:00+00:00,0.0,1.0,1.0,0.0,0
2017-08-27 00:00:00+00:00,0.0,1.0,1.0,0.0,0
2017-08-28 00:00:00+00:00,0.0,1.0,1.0,0.0,0
2017-08-29 00:00:00+00:00,0.0,1.0,1.0,0.0,0
2017-08-30 00:00:00+00:00,0.0,1.0,1.0,0.0,0
2017-08-31 00:00:00+00:00,0.0,1.0,1.0,0.0,0
2017-09-01 00:00:00+00:00,0.0,1.0,1.0,0.0,0
2017-09-02 00:00:00+00:00,0.0,1.0,1.0,0.0,0
2017-09-03 00:00:00+00:00,0.0,1.0,1.0,0.0,0
2017-09-04 00:00:00+00:00,0.0,1.0,1.0,0.0,0
2017-09-05 00:00:00+00:00,0.0,1.0,1.0,0.0,0
2017-09-06 00:00:00+00:00,0.0,1.0,1.0,0.0,0
2017-09-07 00:00:00+00:00,0.0,1.0,1.0,0.0,0
2017-09-08 00:00:00+00:00,0.0,1.0,1.0,0.0,0
2017-09-09 00:00:00+00:00,0.0,1.0,1.0,0.0,0
2017-09-10 00:00:00+00:00,0.0,1.0,1.0,0.0,0
2017-09-11 00:00:00+00:00,0.0,1.0,1.0,0.0,0
2017-09-12 00:00:00+00:00,0.0,1.0,1.0,0.0,0
2017-09-13 00:00:00+00:00,0.0,1.0,1.0,0.0,0
2017-09-14 00:00:00+00:00,0.0,1.0,1.0,0.0,0
2017-09-15 00:00:00+00:00,0.0,1.0,1.0,0.0,0
2017-09-16 00:00:00+00:00,0.0,1.0,1.0,0.0,0
2017-09-17 00:00:00+00:00,0.0,1.0,1.0,0.0,0
2017-09-18 00:00:00+00:00,0.0,1.0,1.0,0.0,0
2017-09-19 00:00:00+00:00,0.0,1.0,1.0,0.0,0
2017-09-20 00:00:00+00:00,0.0,1.0,1.0,0.0,0
2017-09-21 00:00:00+00:00,0.0,1.0,1.0,0.0,0
2017-09-22 00:00:00+00:00,0.0,1.0,1.0,0.0,0
2017-09-23 00:00:00+00:00,0.0,1.0,1.0,0.0,0
2017-09-24 00:00:00+00:00,0.0,1.0,1.0,0.0,0
2017-09-25 00:00:00+00:00,0.0,1.0,1.0,0.0,0
2017-09-26 00:00:00+00:00,0.0,1.0,1.0,0.0,0
2017-09-27 00:00:00+00:00,0.0,1.0,1.0,0.0,0
2017-09-28 00:00:00+00:00,0.0,1.0,1.0,0.0,0
2017-09-29 00:00:00+00:00,0.0,1.0,1.0,0.0,0
2017-09-30 00:00:00+00:00,0.0,1.0,1.0,0.0,0
2017-10-01 00:00:00+00:00,0.0,1.0,1.0,0.0,0
2017-10-02 00:00:00+00:00,0.0,1.0,1.0,0.0,0
2017-10-03 00:00:00+00:00,0.0,1.0,1.0,0.0,0
2017-10-04 00:00:00+00:00,0.0,1.0,1.0,0.0,0
2017-10-05 00:00:00+00:00,0.0,1.0,1.0,0.0,0
2017-10-06 00:00:00+00:00,0.0,1.0,1.0,0.0,0
2017-10-07 00:00:00+00:00,0.0,1.0,1.0,0.0,0
2017-10-08 00:00:00+00:00,0.0,1.0,1.0,0.0,0
2017-10-09 00:00:00+00:00,0.0,1.0,1.0,0.0,0
2017-10-10 00:00:00+00:00,0.0,1.0,1.0,0.0,0
2017-10-11 00:00:00+00:00,0.0,1.0,1.0,0.0,0
2017-10-12 00:00:00+00:00,0.0,1.0,1.0,0.0,0
2017-10-13 00:00:00+00:00,0.0,1.0,1.0,0.0,0
2017-10-14 00:00:00+00:00,0.0,1.0,1.0,0.0,0
2017-10-15 00:00:00+00:00,0.0,1.0,1.0,0.0,0
2017-10-16 00:00:00+00:00,0.0,1.0,1.0,0.0,0
2017-10-17 00:00:00+00:00,0.0,1.0,1.0,0.0,0
2017-10-18 00:00:00+00:00,0.0,1.0,1.0,0.0,0
2017-10-19 00:00:00+00:00,0.0,1.0,1.0,0.0,0
2017-10-20 00:00:00+00:00,0.0,1.0,1.0,0.0,0
2017-10-21 00:00:00+00:00,0.0,1.0,1.0,0.0,0
2017-10-22 00:00:00+00:00,0.0,1.0,1.0,0.0,0
2017-10-23 00:00:00+00:00,0.0,1.0,1.0,0.0,0
2017-10-24 00:00:00+00:00,0.0,1.0,1.0,0.0,0
2017-10-25 00:00:00+00:00,0.0,1.0,1.0,0.0,0
2017-10-26 00:00:00+00:00,0.0,1.0,1.0,0.0,0
2017-10-27 00:00:00+00:00,0.0,1.0,1.0,0.0,0
2017-10-28 00:00:00+00:00,0.0,1.0,1.0,0.0,0
2017-10-29 00:00:00+00:00,0.0,1.0,1.0,0.0,0
2017-10-30 00:00:00+00:00,0.0,1.0,1.0,0.0,0
2017-10-31 00:00:00+00:00,0.0,1.0,1.0,0.0,0
2017-11-01 00:00:00+00:00,0.0,1.0,1.0,0.0,0
2017-11-02 00:00:00+00:00,0.0,1.0,1.0,0.0,0
2017-11-03 00:00:00+00:00,0.0,1.0,1.0,0.0,0
2017-11-04 00:00:00+00:00,0.0,1.0,1.0,0.0,0
2017-11-05 00:00:00+00:00,0.0,1.0,1.0,0.0,0
2017-11-06 00:00:00+00:00,0.0,1.0,1.0,0.0,0
2017-11-07 00:00:00+00:00,0.0,1.0,1.0,0.0,0
2017-11-08 00:00:00+00:00,0.0,1.0,1.0,0.0,0
2017-11-09 00:00:00+00:00,0.0,1.0,1.0,0.0,0
2017-11-10 00:00:00+00:00,0.0,1.0,1.0,0.0,0
2017-11-11 00:00:00+00:00,0.0,1.0,1.0,0.0,0
2017-11-12 00:00:00+00:00,0.0,1.0,1.0,0.0,0
2017-11-13 00:00:00+00:00,0.0,1.0,1.0,0.0,0
2017-11-14 00:00:00+00:00,0.0,1.0,1.0,0.0,0
2017-11-15 00:00:00+00:00,0.0,1.0,1.0,0.0,0
2017-11-16 00:00:00+00:00,0.0,1.0,1.0,0.0,0
2017-11-17 00:00:00+00:00,0.0,1.0,1.0,0.0,0
2017-11-18 00:00:00+00:00,0.0,1.0,1.0,0.0,0
2017-11-19 00:00:00+00:00,0.0,1.0,1.0,0.0,0
2017-11-20 00:00:00+00:00,0.0,1.0,1.0,0.0,0
2017-11-21 00:00:00+00:00,0.0,1.0,1.0,0.0,0
2017-11-22 00:00:00+00:00,0.0,1.0,1.0,0.0,0
2017-11-23 00:00:00+00:00,0.0,1.0,1.0,0.0,0
2017-11-24 00:00:00+00:00,0.0,1.0,1.0,0.0,0
2017-11-25 00:00:00+00:00,0.0,1.0,1.0,0.0,0
2017-11-26 00:00:00+00:00,0.0,1.0,1.0,0.0,0
2017-11-27 00:00:00+00:00,0.0,1.0,1.0,0.0,0
2017-11-28 00:00:00+00:00,0.0,1.0,1.0,0.0,0
2017-11-29 00:00:00+00:00,0.0,1.0,1.0,0.0,0
2017-11-30 00:00:00+00:00,0.0,1.0,1.0,0.0,0
2017-12-01 00:00:00+00:00,0.0,1.0,1.0,0.0,0
2017-12-02 00:00:00+00:00,0.0,1.0,1.0,0.0,0
2017-12-03 00:00:00+00:00,0.0,1.0,1.0,0.0,0
2017-12-04 00:00:00+00:00,0.0,1.0,1.0,0.0,0
2017-12-05 00:00:00+00:00,0.0,1.0,1.0,0.0,0
2017-12-06 00:00:00+00:00,0.0,1.0,1.0,0.0,0
2017-12-07 00:00:00+00:00,0.0,1.0,1.0,0.0,0
2017-12-08 00:00:00+00:00,0.0,1.0,1.0,0.0,0
2017-12-09 00:00:00+00:00,0.0,1.0,1.0,0.0,0
2017-12-10 00:00:00+00:00,0.0,1.0,1.0,0.0,0
2017-12-11 00:00:00+00:00,0.0,1.0,1.0,0.0,0
2017-12-12 00:00:00+00:00,0.0,1.0,1.0,0.0,0
2017-12-13 00:00:00+00:00,0.0,1.0,1.0,0.0,0
2017-12-14 00:00:00+00:00,0.0,1.0,1.0,0.0,0
2017-12-15 00:00:00+00:00,0.0,1.0,1.0,0.0,0
2017-12-16 00:00:00+00:00,0.0,1.0,1.0,0.0,0
2017-12-17 00:00:00+00:00,0.0,1.0,1.0,0.0,0
2017-12-18 00:00:00+00:00,0.0,1.0,1.0,0.0,0
2017-12-19 00:00:00+00:00,0.0,1.0,1.0,0.0,0
2017-12-20 00:00:00+00:00,0.0,1.0,1.0,0.0,0
2017-12-21 00:00:00+00:00,0.0,1.0,1.0,0.0,0
2017-12-22 00:00:00+00:00,0.0,1.0,1.0,0.0,0
2017-12-23 00:00:00+00:00,0.0,1.0,1.0,0.0,0
2017-12-24 00:00:00+00:00,0.0,1.0,1.0,0.0,0
2017-12-25 00:00:00+00:00,0.0,1.0,1.0,0.0,0
2017-12-26 00:00:00+00:00,0.0,1.0,1.0,0.0,0
2017-12-27 00:00:00+00:00,0.0,1.0,1.0,0.0,0
2017-12-28 00:00:00+00:00,0.0,1.0,1.0,0.0,0
2017-12-29 00:00:00+00:00,0.0,1.0,1.0,0.0,0
2017-12-30 00:00:00+00:00,0.0,1.0,1.0,0.0,0
2017-12-31 00:00:00+00:00,0.0,1.0,1.0,0.0,0
2018-01-01 00:00:00+00:00,0.0,1.0,1.0,0.0,0
2018-01-02 00:00:00+00:00,0.0,1.0,1.0,0.0,0
2018-01-03 00:00:00+00:00,0.0,1.0,1.0,0.0,0
2018-01-04 00:00:00+00:00,0.0,1.0,1.0,0.0,0
2018-01-05 00:00:00+00:00,0.0,1.0,1.0,0.0,0
2018-01-06 00:00:00+00:00,0.0,1.0,1.0,0.0,0
2018-01-07 00:00:00+00:00,0.0,1.0,1.0,0.0,0
2018-01-08 00:00:00+00:00,0.0,1.0,1.0,0.0,0
2018-01-09 00:00:00+00:00,0.0,1.0,1.0,0.0,0
2018-01-10 00:00:00+00:00,0.0,1.0,1.0,0.0,0
2018-01-11 00:00:00+00:00,0.0,1.0,1.0,0.0,0
2018-01-12 00:00:00+00:00,0.0,1.0,1.0,0.0,0
2018-01-13 00:00:00+00:00,0.0,1.0,1.0,0.0,0
2018-01-14 00:00:00+00:00,0.0,1.0,1.0,0.0,0
2018-01-15 00:00:00+00:00,0.0,1.0,1.0,0.0,0
2018-01-16 00:00:00+00:00,0.0,1.0,1.0,0.0,0
2018-01-17 00:00:00+00:00,0.0,1.0,1.0,0.0,0
2018-01-18 00:00:00+00:00,0.0,1.0,1.0,0.0,0
2018-01-19 00:00:00+00:00,0.0,1.0,1.0,0.0,0
2018-01-20 00:00:00+00:00,0.0,1.0,1.0,0.0,0
2018-01-21 00:00:00+00:00,0.0,1.0,1.0,0.0,0
2018-01-22 00:00:00+00:00,0.0,1.0,1.0,0.0,0
2018-01-23 00:00:00+00:00,0.0,1.0,1.0,0.0,0
2018-01-24 00:00:00+00:00,0.0,1.0,1.0,0.0,0
2018-01-25 00:00:00+00:00,0.0,1.0,1.0,0.0,0
2018-01-26 00:00:00+00:00,0.0,1.0,1.0,0.0,0
2018-01-27 00:00:00+00:00,0.0,1.0,1.0,0.0,0
2018-01-28 00:00:00+00:00,0.0,1.0,1.0,0.0,0
2018-01-29 00:00:00+00:00,0.0,1.0,1.0,0.0,0
2018-01-30 00:00:00+00:00,0.0,1.0,1.0,0.0,0
2018-01-31 00:00:00+00:00,0.0,1.0,1.0,0.0,0
2018-02-01 00:00:00+00:00,0.0,1.0,1.0,0.0,0
2018-02-02 00:00:00+00:00,0.0,1.0,1.0,0.0,0
2018-02-03 00:00:00+00:00,0.0,1.0,1.0,0.0,0
2018-02-04 00:00:00+00:00,0.0,1.0,1.0,0.0,0
2018-02-05 00:00:00+00:00,0.0,1.0,1.0,0.0,0
2018-02-06 00:00:00+00:00,0.0,1.0,1.0,0.0,0
2018-02-07 00:00:00+00:00,0.0,1.0,1.0,0.0,0
2018-02-08 00:00:00+00:00,0.0,1.0,1.0,0.0,0
2018-02-09 00:00:00+00:00,0.0,1.0,1.0,0.0,0
2018-02-10 00:00:00+00:00,0.0,1.0,1.0,0.0,0
2018-02-11 00:00:00+00:00,0.0,1.0,1.0,0.0,0
2018-02-12 00:00:00+00:00,0.0,1.0,1.0,0.0,0
2018-02-13 00:00:00+00:00,0.0,1.0,1.0,0.0,0
2018-02-14 00:00:00+00:00,0.0,1.0,1.0,0.0,0
2018-02-15 00:00:00+00:00,0.0,1.0,1.0,0.0,0
2018-02-16 00:00:00+00:00,0.0,1.0,1.0,0.0,0
2018-02-17 00:00:00+00:00,0.0,1.0,1.0,0.0,0
2018-02-18 00:00:00+00:00,0.0,1.0,1.0,0.0,0
2018-02-19 00:00:00+00:00,0.0,1.0,1.0,0.0,0
2018-02-20 00:00:00+00:00,0.0,1.0,1.0,0.0,0
2018-02-21 00:00:00+00:00,0.0,1.0,1.0,0.0,0
2018-02-22 00:00:00+00:00,0.0,1.0,1.0,0.0,0
2018-02-23 00:00:00+00:00,0.0,1.0,1.0,0.0,0
2018-02-24 00:00:00+00:00,0.0,1.0,1.0,0.0,0
2018-02-25 00:00:00+00:00,0.0,1.0,1.0,0.0,0
2018-02-26 00:00:00+00:00,0.0,1.0,1.0,0.0,0
2018-02-27 00:00:00+00:00,0.0,1.0,1.0,0.0,0
2018-02-28 00:00:00+00:00,0.0,1.0,1.0,0.0,0
2018-03-01 00:00:00+00:00,0.0,1.0,1.0,0.0,0
2018-03-02 00:00:00+00:00,0.0,1.0,1.0,0.0,0
2018-03-03 00:00:00+00:00,0.0,1.0,1.0,0.0,0
2018-03-04 00:00:00+00:00,0.0,1.0,1.0,0.0,0
2018-03-05 00:00:00+00:00,0.0,1.0,1.0,0.0,0
2018-03-06 00:00:00+00:00,0.0,1.0,1.0,0.0,0
2018-03-07 00:00:00+00:00,0.0,1.0,1.0,0.0,0
2018-03-08 00:00:00+00:00,0.0,1.0,1.0,0.0,0
2018-03-09 00:00:00+00:00,0.0,1.0,1.0,0.0,0
2018-03-10 00:00:00+00:00,0.0,1.0,1.0,0.0,0
2018-03-11 00:00:00+00:00,0.0,1.0,1.0,0.0,0
2018-03-12 00:00:00+00:00,0.0,1.0,1.0,0.0,0
2018-03-13 00:00:00+00:00,0.0,1.0,1.0,0.0,0
2018-03-14 00:00:00+00:00,0.0,1.0,1.0,0.0,0
2018-03-15 00:00:00+00:00,0.0,1.0,1.0,0.0,0
2018-03-16 00:00:00+00:00,0.0,1.0,1.0,0.0,0
2018-03-17 00:00:00+00:00,0.0,1.0,1.0,0.0,0
2018-03-18 00:00:00+00:00,0.0,1.0,1.0,0.0,0
2018-03-19 00:00:00+00:00,0.0,1.0,1.0,0.0,0
2018-03-20 00:00:00+00:00,0.0,1.0,1.0,0.0,0
2018-03-21 00:00:00+00:00,0.0,1.0,1.0,0.0,0
2018-03-22 00:00:00+00:00,0.0,1.0,1.0,0.0,0
2018-03-23 00:00:00+00:00,0.0,1.0,1.0,0.0,0
2018-03-24 00:00:00+00:00,0.0,1.0,1.0,0.0,0
2018-03-25 00:00:00+00:00,0.0,1.0,1.0,0.0,0
2018-03-26 00:00:00+00:00,0.0,1.0,1.0,0.0,0
2018-03-27 00:00:00+00:00,0.0,1.0,1.0,0.0,0
2018-03-28 00:00:00+00:00,0.0,1.0,1.0,0.0,0
2018-03-29 00:00:00+00:00,0.0,1.0,1.0,0.0,0
2018-03-30 00:00:00+00:00,0.0,1.0,1.0,0.0,0
2018-03-31 00:00:00+00:00,0.0,1.0,1.0,0.0,0
2018-04-01 00:00:00+00:00,0.0,1.0,1.0,0.0,0
2018-04-02 00:00:00+00:00,0.0,1.0,1.0,0.0,0
2018-04-03 00:00:00+00:00,0.0,1.0,1.0,0.0,0
2018-04-04 00:00:00+00:00,0.0,1.0,1.0,0.0,0
2018-04-05 00:00:00+00:00,0.0,1.0,1.0,0.0,0
2018-04-06 00:00:00+00:00,0.0,1.0,1.0,0.0,0
2018-04-07 00:00:00+00:00,0.0,1.0,1.0,0.0,0
2018-04-08 00:00:00+00:00,0.0,1.0,1.0,0.0,0
2018-04-09 00:00:00+00:00,0.0,1.0,1.0,0.0,0
2018-04-10 00:00:00+00:00,0.0,1.0,1.0,0.0,0
2018-04-11 00:00:00+00:00,0.0,1.0,1.0,0.0,0
2018-04-12 00:00:00+00:00,0.0,1.0,1.0,0.0,0
2018-04-13 00:00:00+00:00,0.0,1.0,1.0,0.0,0
2018-04-14 00:00:00+00:00,0.0,1.0,1.0,0.0,0
2018-04-15 00:00:00+00:00,0.0,1.0,1.0,0.0,0
2018-04-16 00:00:00+00:00,0.0,1.0,1.0,0.0,0
2018-04-17 00:00:00+00:00,0.0,1.0,1.0,0.0,0
2018-04-18 00:00:00+00:00,0.0,1.0,1.0,0.0,0
2018-04-19 00:00:00+00:00,0.0,1.0,1.0,0.0,0
2018-04-20 00:00:00+00:00,0.0,1.0,1.0,0.0,0
2018-04-21 00:00:00+00:00,0.0,1.0,1.0,0.0,0
2018-04-22 00:00:00+00:00,0.0,1.0,1.0,0.0,0
2018-04-23 00:00:00+00:00,0.0,1.0,1.0,0.0,0
2018-04-24 00:00:00+00:00,0.0,1.0,1.0,0.0,0
2018-04-25 00:00:00+00:00,0.0,1.0,1.0,0.0,0
2018-04-26 00:00:00+00:00,0.0,1.0,1.0,0.0,0
2018-04-27 00:00:00+00:00,0.0,1.0,1.0,0.0,0
2018-04-28 00:00:00+00:00,0.0,1.0,1.0,0.0,0
2018-04-29 00:00:00+00:00,0.0,1.0,1.0,0.0,0
2018-04-30 00:00:00+00:00,0.0,1.0,1.0,0.0,0
2018-05-01 00:00:00+00:00,0.0,1.0,1.0,0.0,0
2018-05-02 00:00:00+00:00,0.0,1.0,1.0,0.0,0
2018-05-03 00:00:00+00:00,0.0,1.0,1.0,0.0,0
2018-05-04 00:00:00+00:00,0.0,1.0,1.0,0.0,0
2018-05-05 00:00:00+00:00,0.0,1.0,1.0,0.0,0
2018-05-06 00:00:00+00:00,0.0,1.0,1.0,0.0,0
2018-05-07 00:00:00+00:00,0.0,1.0,1.0,0.0,0
2018-05-08 00:00:00+00:00,0.0,1.0,1.0,0.0,0
2018-05-09 00:00:00+00:00,0.0,1.0,1.0,0.0,0
2018-05-10 00:00:00+00:00,0.0,1.0,1.0,0.0,0
2018-05-11 00:00:00+00:00,0.0,1.0,1.0,0.0,0
2018-05-12 00:00:00+00:00,0.0,1.0,1.0,0.0,0
2018-05-13 00:00:00+00:00,0.0,1.0,1.0,0.0,0
2018-05-14 00:00:00+00:00,0.0,1.0,1.0,0.0,0
2018-05-15 00:00:00+00:00,0.0,1.0,1.0,0.0,0
2018-05-16 00:00:00+00:00,0.0,1.0,1.0,0.0,0
2018-05-17 00:00:00+00:00,0.0,1.0,1.0,0.0,0
2018-05-18 00:00:00+00:00,0.0,1.0,1.0,0.0,0
2018-05-19 00:00:00+00:00,0.0,1.0,1.0,0.0,0
2018-05-20 00:00:00+00:00,0.0,1.0,1.0,0.0,0
2018-05-21 00:00:00+00:00,0.0,1.0,1.0,0.0,0
2018-05-22 00:00:00+00:00,0.0,1.0,1.0,0.0,0
2018-05-23 00:00:00+00:00,0.0,1.0,1.0,0.0,0
2018-05-24 00:00:00+00:00,0.0,1.0,1.0,0.0,0
2018-05-25 00:00:00+00:00,0.0,1.0,1.0,0.0,0
2018-05-26 00:00:00+00:00,0.0,1.0,1.0,0.0,0
2018-05-27 00:00:00+00:00,0.0,1.0,1.0,0.0,0
2018-05-28 00:00:00+00:00,0.0,1.0,1.0,0.0,0
2018-05-29 00:00:00+00:00,0.0,1.0,1.0,0.0,0
2018-05-30 00:00:00+00:00,0.0,1.0,1.0,0.0,0
2018-05-31 00:00:00+00:00,0.0,1.0,1.0,0.0,0
2018-06-01 00:00:00+00:00,0.0,1.0,1.0,0.0,0
2018-06-02 00:00:00+00:00,0.0,1.0,1.0,0.0,0
2018-06-03 00:00:00+00:00,0.0,1.0,1.0,0.0,0
2018-06-04 00:00:00+00:00,0.0,1.0,1.0,0.0,0
2018-06-05 00:00:00+00:00,0.0,1.0,1.0,0.0,0
2018-06-06 00:00:00+00:00,0.0,1.0,1.0,0.0,0
2018-06-07 00:00:00+00:00,0.0,1.0,1.0,0.0,0
2018-06-08 00:00:00+00:00,0.0,1.0,1.0,0.0,0
2018-06-09 00:00:00+00:00,0.0,1.0,1.0,0.0,0
2018-06-10 00:00:00+00:00,0.0,1.0,1.0,0.0,0
2018-06-11 00:00:00+00:00,0.0,1.0,1.0,0.0,0
2018-06-12 00:00:00+00:00,0.0,1.0,1.0,0.0,0
2018-06-13 00:00:00+00:00,0.0,1.0,1.0,0.0,0
2018-06-14 00:00:00+00:00,0.0,1.0,1.0,0.0,0
2018-06-15 00:00:00+00:00,0.0,1.0,1.0,0.0,0
2018-06-16 00:00:00+00:00,0.0,1.0,1.0,0.0,0
2018-06-17 00:00:00+00:00,0.0,1.0,1.0,0.0,0
2018-06-18 00:00:00+00:00,0.0,1.0,1.0,0.0,0
2018-06-19 00:00:00+00:00,0.0,1.0,1.0,0.0,0
2018-06-20 00:00:00+00:00,0.0,1.0,1.0,0.0,0
2018-06-21 00:00:00+00:00,0.0,1.0,1.0,0.0,0
2018-06-22 00:00:00+00:00,0.0,1.0,1.0,0.0,0
2018-06-23 00:00:00+00:00,0.0,1.0,1.0,0.0,0
2018-06-24 00:00:00+00:00,0.0,1.0,1.0,0.0,0
2018-06-25 00:00:00+00:00,0.0,1.0,1.0,0.0,0
2018-06-26 00:00:00+00:00,0.0,1.0,1.0,0.0,0
2018-06-27 00:00:00+00:00,0.0,1.0,1.0,0.0,0
2018-06-28 00:00:00+00:00,0.0,1.0,1.0,0.0,0
2018-06-29 00:00:00+00:00,0.0,1.0,1.0,0.0,0
2018-06-30 00:00:00+00:00,0.0,1.0,1.0,0.0,0
2018-07-01 00:00:00+00:00,0.0,1.0,1.0,0.0,0
2018-07-02 00:00:00+00:00,0.0,1.0,1.0,0.0,0
2018-07-03 00:00:00+00:00,0.0,1.0,1.0,0.0,0
2018-07-04 00:00:00+00:00,0.0,1.0,1.0,0.0,0
2018-07-05 00:00:00+00:00,0.0,1.0,1.0,0.0,0
2018-07-06 00:00:00+00:00,0.0,1.0,1.0,0.0,0
2018-07-07 00:00:00+00:00,0.0,1.0,1.0,0.0,0
2018-07-08 00:00:00+00:00,0.0,1.0,1.0,0.0,0
2018-07-09 00:00:00+00:00,0.0,1.0,1.0,0.0,0
2018-07-10 00:00:00+00:00,0.0,1.0,1.0,0.0,0
2018-07-11 00:00:00+00:00,0.0,1.0,1.0,0.0,0
2018-07-12 00:00:00+00:00,0.0,1.0,1.0,0.0,0
2018-07-13 00:00:00+00:00,0.0,1.0,1.0,0.0,0
2018-07-14 00:00:00+00:00,0.0,1.0,1.0,0.0,0
2018-07-15 00:00:00+00:00,0.0,1.0,1.0,0.0,0
2018-07-16 00:00:00+00:00,0.0,1.0,1.0,0.0,0
2018-07-17 00:00:00+00:00,0.0,1.0,1.0,0.0,0
2018-07-18 00:00:00+00:00,0.0,1.0,1.0,0.0,0
2018-07-19 00:00:00+00:00,0.0,1.0,1.0,0.0,0
2018-07-20 00:00:00+00:00,0.0,1.0,1.0,0.0,0
2018-07-21 00:00:00+00:00,0.0,1.0,1.0,0.0,0
2018-07-22 00:00:00+00:00,0.0,1.0,1.0,0.0,0
2018-07-23 00:00:00+00:00,0.0,1.0,1.0,0.0,0
2018-07-24 00:00:00+00:00,0.0,1.0,1.0,0.0,0
2018-07-25 00:00:00+00:00,0.0,1.0,1.0,0.0,0
2018-07-26 00:00:00+00:00,0.0,1.0,1.0,0.0,0
2018-07-27 00:00:00+00:00,0.0,1.0,1.0,0.0,0
2018-07-28 00:00:00+00:00,0.0,1.0,1.0,0.0,0
2018-07-29 00:00:00+00:00,0.0,1.0,1.0,0.0,0
2018-07-30 00:00:00+00:00,0.0,1.0,1.0,0.0,0
2018-07-31 00:00:00+00:00,0.0,1.0,1.0,0.0,0
2018-08-01 00:00:00+00:00,0.0,1.0,1.0,0.0,0
2018-08-02 00:00:00+00:00,0.0,1.0,1.0,0.0,0
2018-08-03 00:00:00+00:00,0.0,1.0,1.0,0.0,0
2018-08-04 00:00:00+00:00,0.0,1.0,1.0,0.0,0
2018-08-05 00:00:00+00:00,0.0,1.0,1.0,0.0,0
2018-08-06 00:00:00+00:00,0.0,1.0,1.0,0.0,0
2018-08-07 00:00:00+00:00,0.0,1.0,1.0,0.0,0
2018-08-08 00:00:00+00:00,0.0,1.0,1.0,0.0,0
2018-08-09 00:00:00+00:00,0.0,1.0,1.0,0.0,0
2018-08-10 00:00:00+00:00,0.0,1.0,1.0,0.0,0
2018-08-11 00:00:00+00:00,0.0,1.0,1.0,0.0,0
2018-08-12 00:00:00+00:00,0.0,1.0,1.0,0.0,0
2018-08-13 00:00:00+00:00,0.0,1.0,1.0,0.0,0
2018-08-14 00:00:00+00:00,0.0,1.0,1.0,0.0,0
2018-08-15 00:00:00+00:00,0.0,1.0,1.0,0.0,0
2018-08-16 00:00:00+00:00,0.0,1.0,1.0,0.0,0
2018-08-17 00:00:00+00:00,0.0,1.0,1.0,0.0,0
2018-08-18 00:00:00+00:00,0.0,1.0,1.0,0.0,0
2018-08-19 00:00:00+00:00,0.0,1.0,1.0,0.0,0
2018-08-20 00:00:00+00:00,0.0,1.0,1.0,0.0,0
2018-08-21 00:00:00+00:00,0.0,1.0,1.0,0.0,0
2018-08-22 00:00:00+00:00,0.0,1.0,1.0,0.0,0
2018-08-23 00:00:00+00:00,0.0,1.0,1.0,0.0,0
2018-08-24 00:00:00+00:00,0.0,1.0,1.0,0.0,0
2018-08-25 00:00:00+00:00,0.0,1.0,1.0,0.0,0
2018-08-26 00:00:00+00:00,0.0,1.0,1.0,0.0,0
2018-08-27 00:00:00+00:00,0.0,1.0,1.0,0.0,0
2018-08-28 00:00:00+00:00,0.0,1.0,1.0,0.0,0
2018-08-29 00:00:00+00:00,0.0,1.0,1.0,0.0,0
2018-08-30 00:00:00+00:00,0.0,1.0,1.0,0.0,0
2018-08-31 00:00:00+00:00,0.0,1.0,1.0,0.0,0
2018-09-01 00:00:00+00:00,0.0,1.0,1.0,0.0,0
2018-09-02 00:00:00+00:00,0.0,1.0,1.0,0.0,0
2018-09-03 00:00:00+00:00,0.0,1.0,1.0,0.0,0
2018-09-04 00:00:00+00:00,0.0,1.0,1.0,0.0,0
2018-09-05 00:00:00+00:00,0.0,1.0,1.0,0.0,0
2018-09-06 00:00:00+00:00,0.0,1.0,1.0,0.0,0
2018-09-07 00:00:00+00:00,0.0,1.0,1.0,0.0,0
2018-09-08 00:00:00+00:00,0.0,1.0,1.0,0.0,0
2018-09-09 00:00:00+00:00,0.0,1.0,1.0,0.0,0
2018-09-10 00:00:00+00:00,0.0,1.0,1.0,0.0,0
2018-09-11 00:00:00+00:00,0.0,1.0,1.0,0.0,0
2018-09-12 00:00:00+00:00,0.0,1.0,1.0,0.0,0
2018-09-13 00:00:00+00:00,0.0,1.0,1.0,0.0,0
2018-09-14 00:00:00+00:00,0.0,1.0,1.0,0.0,0
2018-09-15 00:00:00+00:00,0.0,1.0,1.0,0.0,0
2018-09-16 00:00:00+00:00,0.0,1.0,1.0,0.0,0
2018-09-17 00:00:00+00:00,0.0,1.0,1.0,0.0,0
2018-09-18 00:00:00+00:00,0.0,1.0,1.0,0.0,0
2018-09-19 00:00:00+00:00,0.0,1.0,1.0,0.0,0
2018-09-20 00:00:00+00:00,0.0,1.0,1.0,0.0,0
2018-09-21 00:00:00+00:00,0.0,1.0,1.0,0.0,0
2018-09-22 00:00:00+00:00,0.0,1.0,1.0,0.0,0
2018-09-23 00:00:00+00:00,0.0,1.0,1.0,0.0,0
2018-09-24 00:00:00+00:00,0.0,1.0,1.0,0.0,0
2018-09-25 00:00:00+00:00,0.0,1.0,1.0,0.0,0
2018-09-26 00:00:00+00:00,0.0,1.0,1.0,0.0,0
2018-09-27 00:00:00+00:00,0.0,1.0,1.0,0.0,0
2018-09-28 00:00:00+00:00,0.0,1.0,1.0,0.0,0
2018-09-29 00:00:00+00:00,0.0,1.0,1.0,0.0,0
2018-09-30 00:00:00+00:00,0.0,1.0,1.0,0.0,0
2018-10-01 00:00:00+00:00,0.0,1.0,1.0,0.0,0
2018-10-02 00:00:00+00:00,0.0,1.0,1.0,0.0,0
2018-10-03 00:00:00+00:00,0.0,1.0,1.0,0.0,0
2018-10-04 00:00:00+00:00,0.0,1.0,1.0,0.0,0
2018-10-05 00:00:00+00:00,0.0,1.0,1.0,0.0,0
2018-10-06 00:00:00+00:00,0.0,1.0,1.0,0.0,0
2018-10-07 00:00:00+00:00,0.0,1.0,1.0,0.0,0
2018-10-08 00:00:00+00:00,0.0,1.0,1.0,0.0,0
2018-10-09 00:00:00+00:00,0.0,1.0,1.0,0.0,0
2018-10-10 00:00:00+00:00,0.0,1.0,1.0,0.0,0
2018-10-11 00:00:00+00:00,0.0,1.0,1.0,0.0,0
2018-10-12 00:00:00+00:00,0.0,1.0,1.0,0.0,0
2018-10-13 00:00:00+00:00,0.0,1.0,1.0,0.0,0
2018-10-14 00:00:00+00:00,0.0,1.0,1.0,0.0,0
2018-10-15 00:00:00+00:00,0.0,1.0,1.0,0.0,0
2018-10-16 00:00:00+00:00,0.0,1.0,1.0,0.0,0
2018-10-17 00:00:00+00:00,0.0,1.0,1.0,0.0,0
2018-10-18 00:00:00+00:00,0.0,1.0,1.0,0.0,0
2018-10-19 00:00:00+00:00,0.0,1.0,1.0,0.0,0
2018-10-20 00:00:00+00:00,0.0,1.0,1.0,0.0,0
2018-10-21 00:00:00+00:00,0.0,1.0,1.0,0.0,0
2018-10-22 00:00:00+00:00,0.0,1.0,1.0,0.0,0
2018-10-23 00:00:00+00:00,0.0,1.0,1.0,0.0,0
2018-10-24 00:00:00+00:00,0.0,1.0,1.0,0.0,0
2018-10-25 00:00:00+00:00,0.0,1.0,1.0,0.0,0
2018-10-26 00:00:00+00:00,0.0,1.0,1.0,0.0,0
2018-10-27 00:00:00+00:00,0.0,1.0,1.0,0.0,0
2018-10-28 00:00:00+00:00,0.0,1.0,1.0,0.0,0
2018-10-29 00:00:00+00:00,0.0,1.0,1.0,0.0,0
2018-10-30 00:00:00+00:00,0.0,1.0,1.0,0.0,0
2018-10-31 00:00:00+00:00,0.0,1.0,1.0,0.0,0
2018-11-01 00:00:00+00:00,0.0,1.0,1.0,0.0,0
2018-11-02 00:00:00+00:00,0.0,1.0,1.0,0.0,0
2018-11-03 00:00:00+00:00,0.0,1.0,1.0,0.0,0
2018-11-04 00:00:00+00:00,0.0,1.0,1.0,0.0,0
2018-11-05 00:00:00+00:00,0.0,1.0,1.0,0.0,0
2018-11-06 00:00:00+00:00,0.0,1.0,1.0,0.0,0
2018-11-07 00:00:00+00:00,0.0,1.0,1.0,0.0,0
2018-11-08 00:00:00+00:00,0.0,1.0,1.0,0.0,0
2018-11-09 00:00:00+00:00,0.0,1.0,1.0,0.0,0
2018-11-10 00:00:00+00:00,0.0,1.0,1.0,0.0,0
2018-11-11 00:00:00+00:00,0.0,1.0,1.0,0.0,0
2018-11-12 00:00:00+00:00,0.0,1.0,1.0,0.0,0
2018-11-13 00:00:00+00:00,0.0,1.0,1.0,0.0,0
2018-11-14 00:00:00+00:00,0.0,1.0,1.0,0.0,0
2018-11-15 00:00:00+00:00,0.0,1.0,1.0,0.0,0
2018-11-16 00:00:00+00:00,0.0,1.0,1.0,0.0,0
2018-11-17 00:00:00+00:00,0.0,1.0,1.0,0.0,0
2018-11-18 00:00:00+00:00,0.0,1.0,1.0,0.0,0
2018-11-19 00:00:00+00:00,0.0,1.0,1.0,0.0,0
2018-11-20 00:00:00+00:00,0.0,1.0,1.0,0.0,0
2018-11-21 00:00:00+00:00,0.0,1.0,1.0,0.0,0
2018-11-22 00:00:00+00:00,0.0,1.0,1.0,0.0,0
2018-11-23 00:00:00+00:00,0.0,1.0,1.0,0.0,0
2018-11-24 00:00:00+00:00,0.0,1.0,1.0,0.0,0
2018-11-25 00:00:00+00:00,0.0,1.0,1.0,0.0,0
2018-11-26 00:00:00+00:00,0.0,1.0,1.0,0.0,0
2018-11-27 00:00:00+00:00,0.0,1.0,1.0,0.0,0
2018-11-28 00:00:00+00:00,0.0,1.0,1.0,0.0,0
2018-11-29 00:00:00+00:00,0.0,1.0,1.0,0.0,0
2018-11-30 00:00:00+00:00,0.0,1.0,1.0,0.0,0
2018-12-01 00:00:00+00:00,0.0,1.0,1.0,0.0,0
2018-12-02 00:00:00+00:00,0.0,1.0,1.0,0.0,0
2018-12-03 00:00:00+00:00,0.0,1.0,1.0,0.0,0
2018-12-04 00:00:00+00:00,0.0,1.0,1.0,0.0,0
2018-12-05 00:00:00+00:00,0.0,1.0,1.0,0.0,0
2018-12-06 00:00:00+00:00,0.0,1.0,1.0,0.0,0
2018-12-07 00:00:00+00:00,0.0,1.0,1.0,0.0,0
2018-12-08 00:00:00+00:00,0.0,1.0,1.0,0.0,0
2018-12-09 00:00:00+00:00,0.0,1.0,1.0,0.0,0
2018-12-10 00:00:00+00:00,0.0,1.0,1.0,0.0,0
2018-12-11 00:00:00+00:00,0.0,1.0,1.0,0.0,0
2018-12-12 00:00:00+00:00,0.0,1.0,1.0,0.0,0
2018-12-13 00:00:00+00:00,0.0,1.0,1.0,0.0,0
2018-12-14 00:00:00+00:00,0.0,1.0,1.0,0.0,0
2018-12-15 00:00:00+00:00,0.0,1.0,1.0,0.0,0
2018-12-16 00:00:00+00:00,0.0,1.0,1.0,0.0,0
2018-12-17 00:00:00+00:00,0.0,1.0,1.0,0.0,0
2018-12-18 00:00:00+00:00,0.0,1.0,1.0,0.0,0
2018-12-19 00:00:00+00:00,0.0,1.0,1.0,0.0,0
2018-12-20 00:00:00+00:00,0.0,1.0,1.0,0.0,0
2018-12-21 00:00:00+00:00,0.0,1.0,1.0,0.0,0
2018-12-22 00:00:00+00:00,0.0,1.0,1.0,0.0,0
2018-12-23 00:00:00+00:00,0.0,1.0,1.0,0.0,0
2018-12-24 00:00:00+00:00,0.0,1.0,1.0,0.0,0
2018-12-25 00:00:00+00:00,0.0,1.0,1.0,0.0,0
2018-12-26 00:00:00+00:00,0.0,1.0,1.0,0.0,0
2018-12-27 00:00:00+00:00,0.0,1.0,1.0,0.0,0
2018-12-28 00:00:00+00:00,0.0,1.0,1.0,0.0,0
2018-12-29 00:00:00+00:00,0.0,1.0,1.0,0.0,0
2018-12-30 00:00:00+00:00,0.0,1.0,1.0,0.0,0
2018-12-31 00:00:00+00:00,0.0,1.0,1.0,0.0,0
2019-01-01 00:00:00+00:00,0.0,1.0,1.0,0.0,0
2019-01-02 00:00:00+00:00,0.0,1.0,1.0,0.0,0
2019-01-03 00:00:00+00:00,0.0,1.0,1.0,0.0,0
2019-01-04 00:00:00+00:00,0.0,1.0,1.0,0.0,0
2019-01-05 00:00:00+00:00,0.0,1.0,1.0,0.0,0
2019-01-06 00:00:00+00:00,0.0,1.0,1.0,0.0,0
2019-01-07 00:00:00+00:00,0.0,1.0,1.0,0.0,0
2019-01-08 00:00:00+00:00,0.0,1.0,1.0,0.0,0
2019-01-09 00:00:00+00:00,0.0,1.0,1.0,0.0,0
2019-01-10 00:00:00+00:00,0.0,1.0,1.0,0.0,0
2019-01-11 00:00:00+00:00,0.0,1.0,1.0,0.0,0
2019-01-12 00:00:00+00:00,0.0,1.0,1.0,0.0,0
2019-01-13 00:00:00+00:00,0.0,1.0,1.0,0.0,0
2019-01-14 00:00:00+00:00,0.0,1.0,1.0,0.0,0
2019-01-15 00:00:00+00:00,0.0,1.0,1.0,0.0,0
2019-01-16 00:00:00+00:00,0.0,1.0,1.0,0.0,0
2019-01-17 00:00:00+00:00,0.0,1.0,1.0,0.0,0
2019-01-18 00:00:00+00:00,0.0,1.0,1.0,0.0,0
2019-01-19 00:00:00+00:00,0.0,1.0,1.0,0.0,0
2019-01-20 00:00:00+00:00,0.0,1.0,1.0,0.0,0
2019-01-21 00:00:00+00:00,0.0,1.0,1.0,0.0,0
2019-01-22 00:00:00+00:00,0.0,1.0,1.0,0.0,0
2019-01-23 00:00:00+00:00,0.0,1.0,1.0,0.0,0
2019-01-24 00:00:00+00:00,0.0,1.0,1.0,0.0,0
2019-01-25 00:00:00+00:00,0.0,1.0,1.0,0.0,0
2019-01-26 00:00:00+00:00,0.0,1.0,1.0,0.0,0
2019-01-27 00:00:00+00:00,0.0,1.0,1.0,0.0,0
2019-01-28 00:00:00+00:00,0.0,1.0,1.0,0.0,0
2019-01-29 00:00:00+00:00,0.0,1.0,1.0,0.0,0
2019-01-30 00:00:00+00:00,0.0,1.0,1.0,0.0,0
2019-01-31 00:00:00+00:00,0.0,1.0,1.0,0.0,0
2019-02-01 00:00:00+00:00,0.0,1.0,1.0,0.0,0
2019-02-02 00:00:00+00:00,0.0,1.0,1.0,0.0,0
2019-02-03 00:00:00+00:00,0.0,1.0,1.0,0.0,0
2019-02-04 00:00:00+00:00,0.0,1.0,1.0,0.0,0
2019-02-05 00:00:00+00:00,0.0,1.0,1.0,0.0,0
2019-02-06 00:00:00+00:00,0.0,1.0,1.0,0.0,0
2019-02-07 00:00:00+00:00,0.0,1.0,1.0,0.0,0
2019-02-08 00:00:00+00:00,0.0,1.0,1.0,0.0,0
2019-02-09 00:00:00+00:00,0.0,1.0,1.0,0.0,0
2019-02-10 00:00:00+00:00,0.0,1.0,1.0,0.0,0
2019-02-11 00:00:00+00:00,0.0,1.0,1.0,0.0,0
2019-02-12 00:00:00+00:00,0.0,1.0,1.0,0.0,0
2019-02-13 00:00:00+00:00,0.0,1.0,1.0,0.0,0
2019-02-14 00:00:00+00:00,0.0,1.0,1.0,0.0,0
2019-02-15 00:00:00+00:00,0.0,1.0,1.0,0.0,0
2019-02-16 00:00:00+00:00,0.0,1.0,1.0,0.0,0
2019-02-17 00:00:00+00:00,0.0,1.0,1.0,0.0,0
2019-02-18 00:00:00+00:00,0.0,1.0,1.0,0.0,0
2019-02-19 00:00:00+00:00,0.0,1.0,1.0,0.0,0
2019-02-20 00:00:00+00:00,0.0,1.0,1.0,0.0,0
2019-02-21 00:00:00+00:00,0.0,1.0,1.0,0.0,0
2019-02-22 00:00:00+00:00,0.0,1.0,1.0,0.0,0
2019-02-23 00:00:00+00:00,0.0,1.0,1.0,0.0,0
2019-02-24 00:00:00+00:00,0.0,1.0,1.0,0.0,0
2019-02-25 00:00:00+00:00,0.0,1.0,1.0,0.0,0
2019-02-26 00:00:00+00:00,0.0,1.0,1.0,0.0,0
2019-02-27 00:00:00+00:00,0.0,1.0,1.0,0.0,0
2019-02-28 00:00:00+00:00,0.0,1.0,1.0,0.0,0
2019-03-01 00:00:00+00:00,0.0,1.0,1.0,0.0,0
2019-03-02 00:00:00+00:00,0.0,1.0,1.0,0.0,0
2019-03-03 00:00:00+00:00,0.0,1.0,1.0,0.0,0
2019-03-04 00:00:00+00:00,0.0,1.0,1.0,0.0,0
2019-03-05 00:00:00+00:00,0.0,1.0,1.0,0.0,0
2019-03-06 00:00:00+00:00,0.0,1.0,1.0,0.0,0
2019-03-07 00:00:00+00:00,0.0,1.0,1.0,0.0,0
2019-03-08 00:00:00+00:00,0.0,1.0,1.0,0.0,0
2019-03-09 00:00:00+00:00,0.0,1.0,1.0,0.0,0
2019-03-10 00:00:00+00:00,0.0,1.0,1.0,0.0,0
2019-03-11 00:00:00+00:00,0.0,1.0,1.0,0.0,0
2019-03-12 00:00:00+00:00,0.0,1.0,1.0,0.0,0
2019-03-13 00:00:00+00:00,0.0,1.0,1.0,0.0,0
2019-03-14 00:00:00+00:00,0.0,1.0,1.0,0.0,0
2019-03-15 00:00:00+00:00,0.0,1.0,1.0,0.0,0
2019-03-16 00:00:00+00:00,0.0,1.0,1.0,0.0,0
2019-03-17 00:00:00+00:00,0.0,1.0,1.0,0.0,0
2019-03-18 00:00:00+00:00,0.0,1.0,1.0,0.0,0
2019-03-19 00:00:00+00:00,0.0,1.0,1.0,0.0,0
2019-03-20 00:00:00+00:00,0.0,1.0,1.0,0.0,0
2019-03-21 00:00:00+00:00,0.0,1.0,1.0,0.0,0
2019-03-22 00:00:00+00:00,0.0,1.0,1.0,0.0,0
2019-03-23 00:00:00+00:00,0.0,1.0,1.0,0.0,0
2019-03-24 00:00:00+00:00,0.0,1.0,1.0,0.0,0
2019-03-25 00:00:00+00:00,0.0,1.0,1.0,0.0,0
2019-03-26 00:00:00+00:00,0.0,1.0,1.0,0.0,0
2019-03-27 00:00:00+00:00,0.0,1.0,1.0,0.0,0
2019-03-28 00:00:00+00:00,0.0,1.0,1.0,0.0,0
2019-03-29 00:00:00+00:00,0.0,1.0,1.0,0.0,0
2019-03-30 00:00:00+00:00,0.0,1.0,1.0,0.0,0
2019-03-31 00:00:00+00:00,0.0,1.0,1.0,0.0,0
2019-04-01 00:00:00+00:00,0.0,1.0,1.0,0.0,0
2019-04-02 00:00:00+00:00,0.0,1.0,1.0,0.0,0
2019-04-03 00:00:00+00:00,0.0,1.0,1.0,0.0,0
2019-04-04 00:00:00+00:00,0.0,1.0,1.0,0.0,0
2019-04-05 00:00:00+00:00,0.0,1.0,1.0,0.0,0
2019-04-06 00:00:00+00:00,0.0,1.0,1.0,0.0,0
2019-04-07 00:00:00+00:00,0.0,1.0,1.0,0.0,0
2019-04-08 00:00:00+00:00,-0.002315391348595819,0.9976846086514042,0.9557214233361966,0.04206057199973282,1
2019-04-09 00:00:00+00:00,0.0007503087402902509,0.9984331801333284,0.9557214233361966,0.04277878344490529,1
2019-04-10 00:00:00+00:00,-0.00013653002192459684,0.9982968640293546,0.9557214233361966,0.04264807616575477,1
2019-04-11 00:00:00+00:00,-0.0033860997022004957,0.9949165313153571,0.9949165313153571,0.0,0
2019-04-12 00:00:00+00:00,0.0,0.9949165313153571,0.9949165313153571,0.0,0
2019-04-13 00:00:00+00:00,0.0,0.9949165313153571,0.9949165313153571,0.0,0
2019-04-14 00:00:00+00:00,0.0,0.9949165313153571,0.9949165313153571,0.0,0
2019-04-15 00:00:00+00:00,-0.00027719329850484087,0.9946407471203048,0.9525286714181891,0.042338981008006295,1
2019-04-16 00:00:00+00:00,0.0008223166875938048,0.9954586568048227,0.9525286714181891,0.043125834602140395,1
2019-04-17 00:00:00+00:00,-0.00033375050199213607,0.9951264219784017,0.9525286714181891,0.04280637074787392,1
2019-04-18 00:00:00+00:00,0.005128108619551819,1.0002295383604929,0.9643468656537697,0.035874438147007366,1
2019-04-19 00:00:00+00:00,0.0037545363976212442,1.0039849365682432,0.9774074619078305,0.026471985477449573,1
2019-04-20 00:00:00+00:00,0.0006204677748140597,1.0046078768677824,0.9774074619078305,0.02707565368167205,1
2019-04-21 00:00:00+00:00,-0.0009670031724164918,1.0036364178638166,0.9774074619078305,0.026133922094829,1
2019-04-22 00:00:00+00:00,-0.0002176746997594181,1.0034179516078905,0.9774074619078305,0.025921889934678297,1
2019-04-23 00:00:00+00:00,-0.0013658004192473872,1.0020474829489041,0.9774074619078305,0.02458967410262949,1
2019-04-24 00:00:00+00:00,-0.001001581848156241,1.0010438503789918,1.0010438503789918,0.0,0
2019-04-25 00:00:00+00:00,0.0,1.0010438503789918,1.0010438503789918,0.0,0
2019-04-26 00:00:00+00:00,0.0,1.0010438503789918,1.0010438503789918,0.0,0
2019-04-27 00:00:00+00:00,0.0,1.0010438503789918,1.0010438503789918,0.0,0
2019-04-28 00:00:00+00:00,0.0,1.0010438503789918,1.0010438503789918,0.0,0
2019-04-29 00:00:00+00:00,-0.0020609502548896153,0.9989807488003976,0.9661140373699022,0.032900245044724455,1
2019-04-30 00:00:00+00:00,0.0005467995594596875,0.9995269910337503,0.9661140373699022,0.03342876576978792,1
2019-05-01 00:00:00+00:00,-0.00024314201364372678,0.9992839640284591,0.9661140373699022,0.03319369453787434,1
2019-05-02 00:00:00+00:00,0.0026365249633395482,1.0019186011450851,0.9661140373699022,0.03573600064342778,1
2019-05-03 00:00:00+00:00,0.00012604730797827202,1.002044890287573,0.9661140373699022,0.03585752820650478,1
2019-05-04 00:00:00+00:00,-0.0012271799091260194,1.0008152009301696,0.9661140373699022,0.03467289818141816,1
2019-05-05 00:00:00+00:00,0.0001346693862642745,1.000949980099043,0.9661140373699022,0.034802880685100436,1
2019-05-06 00:00:00+00:00,-0.001193837092311134,0.9997550088852526,0.9661140373699022,0.03364921527411076,1
2019-05-07 00:00:00+00:00,-0.0023191034010995315,0.9974364736438806,0.9661140373699022,0.031402938534571295,1
2019-05-08 00:00:00+00:00,-0.001466386253523022,0.9959738465101667,0.9959738465101667,0.0,0
2019-05-09 00:00:00+00:00,0.0,0.9959738465101667,0.9959738465101667,0.0,0
2019-05-10 00:00:00+00:00,0.0,0.9959738465101667,0.9959738465101667,0.0,0
2019-05-11 00:00:00+00:00,0.0,0.9959738465101667,0.9959738465101667,0.0,0
2019-05-12 00:00:00+00:00,0.0,0.9959738465101667,0.9959738465101667,0.0,0
2019-05-13 00:00:00+00:00,0.010430149618931628,1.0063620027458107,0.9206643893878081,0.08515585159632494,2
2019-05-14 00:00:00+00:00,0.0017685265873212952,1.0081417807041366,0.9472318179755259,0.06041805219705116,2
2019-05-15 00:00:00+00:00,0.004737674303914474,1.0129180281132812,0.9575807844591985,0.05463151224305587,2
2019-05-16 00:00:00+00:00,-0.0016767872652404536,1.0112195800630084,0.9575807844591985,0.05304366792469323,2
2019-05-17 00:00:00+00:00,-0.002958193422092359,1.008228196952975,1.008228196952975,0.0,0
2019-05-18 00:00:00+00:00,0.0,1.008228196952975,1.008228196952975,0.0,0
2019-05-19 00:00:00+00:00,0.0,1.008228196952975,1.008228196952975,0.0,0
2019-05-20 00:00:00+00:00,-0.0022287010027943754,1.0059811577593802,0.8964276706189462,0.10890212634244792,3
2019-05-21 00:00:00+00:00,0.0038506251152010673,1.0098548140708676,0.8964276706189462,0.11232024828864315,3
2019-05-22 00:00:00+00:00,-0.004571705689696448,1.0052380550716125,0.8964276706189462,0.10824339956460814,3
2019-05-23 00:00:00+00:00,0.0019715877022443706,1.0072199700588198,0.8964276706189462,0.10999811633341965,3
2019-05-24 00:00:00+00:00,0.003961437303605431,1.011210008821147,0.9061524292365879,0.10389293882388856,3
2019-05-25 00:00:00+00:00,0.0014217421804729735,1.0126476887440046,0.9061524292365879,0.10516516325584441,3
2019-05-26 00:00:00+00:00,0.003293327267867907,1.0159826689900886,0.9061524292365879,0.10810247369935412,3
2019-05-27 00:00:00+00:00,0.0019004766565535736,1.0179135203359673,0.9061524292365879,0.10979428887288184,3
2019-05-28 00:00:00+00:00,-0.00049123540954088,1.0174134851709278,0.9061524292365879,0.10935677338269968,3
2019-05-29 00:00:00+00:00,-0.00022395118351614673,1.0171856342167984,0.9061524292365879,0.10915726809856365,3
2019-05-30 00:00:00+00:00,-0.005499553282893976,1.0115915676228289,0.9061524292365879,0.10423093841521014,3
2019-05-31 00:00:00+00:00,0.004312277988123725,1.0159538316728605,0.9061524292365879,0.10807715765535768,3
2019-06-01 00:00:00+00:00,-0.00012864960200953401,1.0158231296167557,0.9061524292365879,0.10796239737280232,3
2019-06-02 00:00:00+00:00,0.0013740988936226106,1.0172189710552784,0.9061524292365879,0.10918646326804972,3
2019-06-03 00:00:00+00:00,-0.007724166942112087,1.0093618019061639,0.9061524292365879,0.10225210868359262,3
2019-06-04 00:00:00+00:00,-0.004820312466661036,1.0044963626290642,0.9315496302066777,0.07262020564361557,2
2019-06-05 00:00:00+00:00,0.0010366923702980202,1.0055377163441939,0.9315496302066777,0.07358061754909871,2
2019-06-06 00:00:00+00:00,0.00047193945728296605,1.0060122692683229,0.9315496302066777,0.07401762516853008,2
2019-06-07 00:00:00+00:00,0.0010162545387095712,1.0070346338029643,0.9315496302066777,0.07495770360074425,2
2019-06-08 00:00:00+00:00,-0.0011915802051079005,1.0058346712674666,0.9315496302066777,0.0738541265108523,2
2019-06-09 00:00:00+00:00,-0.0030304960293414673,1.0027864932900166,0.9315496302066777,0.07103891362718659,2
2019-06-10 00:00:00+00:00,0.005846604101184427,1.0086493889142982,0.9009637266444395,0.10676223418503297,3
2019-06-11 00:00:00+00:00,-0.0009459384080393596,1.0076952687170788,0.9009637266444395,0.10591648624938149,3
2019-06-12 00:00:00+00:00,0.006538663759130259,1.0142842492508861,0.9009637266444395,0.11172462028286559,3
2019-06-13 00:00:00+00:00,-8.124116070518106e-05,1.014201847621192,0.9098471575264463,0.1028934135147845,3
2019-06-14 00:00:00+00:00,-0.0005991364522048848,1.0135942023243887,0.9327407521758039,0.07976905349613338,2
2019-06-15 00:00:00+00:00,0.0015344086808635193,1.0151494700673083,0.9327407521758039,0.08117890056726372,2
2019-06-16 00:00:00+00:00,0.0009234395181707544,1.0160868992048184,0.9447190813016905,0.0702379077606255,2
2019-06-17 00:00:00+00:00,0.004399895024137068,1.0205575748967206,0.8882131420921885,0.12967855617349697,3
2019-06-18 00:00:00+00:00,-0.0019777768237305704,1.0185391397778072,0.8882131420921885,0.12795384349593983,3
2019-06-19 00:00:00+00:00,0.0023087630277909277,1.0208907052860843,0.8882131420921885,0.12996255378455587,3
2019-06-20 00:00:00+00:00,0.0036726980198511505,1.024640128557873,0.8882131420921885,0.13314624585091978,3
2019-06-21 00:00:00+00:00,0.008113804836773486,1.032953858588918,0.9122438455777192,0.1168590561984022,3
2019-06-22 00:00:00+00:00,0.0038976853402465927,1.036979987700691,0.9393581630234963,0.09414050978327256,3
2019-06-23 00:00:00+00:00,-0.00031630750299949106,1.036651983150121,0.9393581630234963,0.0938538889695399,3
2019-06-24 00:00:00+00:00,0.0008831765364212263,1.0375675298580738,0.9393581630234963,0.09465346978235842,3
2019-06-25 00:00:00+00:00,0.0011704905862897075,1.0387819928844124,0.9728003437929182,0.06351828347378384,2
2019-06-26 00:00:00+00:00,0.004089433049313307,1.0430300222971454,1.0141300071234087,0.027707750070403447,1
2019-06-27 00:00:00+00:00,-0.0013186897267365438,1.0416545893220643,1.0141300071234087,0.02642390527609478,1
2019-06-28 00:00:00+00:00,0.00017590383426191458,1.0418378203583025,1.0141300071234087,0.026595130924854292,1
2019-06-29 00:00:00+00:00,0.0006690082141980191,1.0425348184179843,1.0141300071234087,0.02724591140052202,1
2019-06-30 00:00:00+00:00,-0.002560805298506219,1.0398650897311024,1.0398650897311024,0.0,0
2019-07-01 00:00:00+00:00,0.0007295645966907127,1.0406237384859047,0.9343291324126228,0.10214509062414757,3
2019-07-02 00:00:00+00:00,-0.0011798984675506219,1.0393959081315685,0.9343291324126228,0.10108446155788231,3
2019-07-03 00:00:00+00:00,0.004948925819080019,1.0445398013775669,0.9343291324126228,0.10551122017523426,3
2019-07-04 00:00:00+00:00,-0.003950336058752502,1.0404135181353829,0.9343291324126228,0.10196367489811488,3
2019-07-05 00:00:00+00:00,-0.0004879045476983146,1.0399058956483977,0.9343291324126228,0.10152530500843653,3
2019-07-06 00:00:00+00:00,0.0009644510953794594,1.0409088340285475,0.9343291324126228,0.10239100498689938,3
2019-07-07 00:00:00+00:00,0.0028139495196473074,1.0438378989420587,0.9343291324126228,0.10490974378342093,3
2019-07-08 00:00:00+00:00,0.0037725636051355593,1.0477758438092686,0.9343291324126228,0.10827383745000421,3
2019-07-09 00:00:00+00:00,-0.0006079921425667933,1.0471388043290613,0.943813429961808,0.09867399998938776,3
2019-07-10 00:00:00+00:00,-0.004483712053315103,1.042443735450597,0.943813429961808,0.094614512164684,3
2019-07-11 00:00:00+00:00,-0.006085938283984849,1.036099487212118,0.943813429961808,0.08907065237396138,3
2019-07-12 00:00:00+00:00,0.00426234381309154,1.040515699451184,0.943813429961808,0.09293686730568433,3
2019-07-13 00:00:00+00:00,-0.003126727816299524,1.0372622900704136,0.9683707280169582,0.06641672286069397,2
2019-07-14 00:00:00+00:00,-0.005194582721620544,1.0318741453006253,1.000527635535442,0.03037822965905485,1
2019-07-15 00:00:00+00:00,0.0003112158439688706,1.0321952808836246,0.9857719465169208,0.044975340641901056,2
2019-07-16 00:00:00+00:00,-0.00579228023638878,1.0262165165580686,0.9857719465169208,0.039411341942535594,2
2019-07-17 00:00:00+00:00,0.0016522108277083891,1.027912042598299,0.9857719465169208,0.04099581903414504,2
2019-07-18 00:00:00+00:00,0.0034798716276325248,1.0314890445510387,0.9857719465169208,0.04432145767870618,2
2019-07-19 00:00:00+00:00,-0.0007458791535027709,1.0307196783756416,0.9857719465169208,0.04360810490157329,2
2019-07-20 00:00:00+00:00,0.0012250310921817498,1.0319823420289753,0.9857719465169208,0.04477828120702193,2
2019-07-21 00:00:00+00:00,-0.0005911806690034327,1.031372254017615,0.9857719465169208,0.04421323854996329,2
2019-07-22 00:00:00+00:00,-0.0008650681000311744,1.030480046781407,0.9535703376391538,0.07463483585390362,3
2019-07-23 00:00:00+00:00,-0.0029169081842603806,1.0274742310992333,0.9535703376391538,0.07192773426640028,3
2019-07-24 00:00:00+00:00,-0.0005241883352328225,1.0269356410925388,0.9535703376391538,0.0714409944671245,3
2019-07-25 00:00:00+00:00,0.0006225000112716206,1.027574908540694,0.9535703376391538,0.07201866285995384,3
2019-07-26 00:00:00+00:00,-0.00017325139570711912,1.0273968797535957,0.9535703376391538,0.0718578609389469,3
2019-07-27 00:00:00+00:00,-0.0030430426449297165,1.0242704672352378,0.9535703376391538,0.06902486389842073,3
2019-07-28 00:00:00+00:00,0.000568024770891018,1.0248522782327196,0.9535703376391538,0.06955338062621677,3
2019-07-29 00:00:00+00:00,-0.000971348315656706,1.0238567896984614,0.9535703376391538,0.0686487141233959,3
2019-07-30 00:00:00+00:00,4.6976520443609004e-05,1.023904886927874,0.9535703376391538,0.06869246371091361,3
2019-07-31 00:00:00+00:00,0.0027267659619620854,1.0266968359218356,0.9535703376391538,0.07122501572435835,3
2019-08-01 00:00:00+00:00,0.0014520049800885726,1.0281876048406353,0.9535703376391538,0.07257164631258786,3
2019-08-02 00:00:00+00:00,-0.00019640496747796998,1.0279856636875453,0.9535703376391538,0.07238945899444942,3
2019-08-03 00:00:00+00:00,0.000642284834860618,1.028645923289786,0.9535703376391538,0.07298486675621822,3
2019-08-04 00:00:00+00:00,-0.00015759077182686543,1.0284838181847982,0.9535703376391538,0.07283875469996358,3
2019-08-05 00:00:00+00:00,0.0036873116918236803,1.0322761585924425,0.9535703376391538,0.07624492757888346,3
2019-08-06 00:00:00+00:00,-0.0018031772436661875,1.0304147817140894,0.9535703376391538,0.07457622448612901,3
2019-08-07 00:00:00+00:00,0.003086390740314471,1.033595044355055,0.9535703376391538,0.07742365557280245,3
2019-08-08 00:00:00+00:00,0.0010630293696323179,1.0346937862435108,0.9535703376391538,0.07840333988945503,3
2019-08-09 00:00:00+00:00,-0.0026238703317755796,1.031978883915314,0.9535703376391538,0.075978828150707,3
2019-08-10 00:00:00+00:00,-0.0017473442985033172,1.0301756614963287,0.9535703376391538,0.074361418853466,3
2019-08-11 00:00:00+00:00,0.002069893794235167,1.032308015705032,0.9535703376391538,0.0762734347384709,3
2019-08-12 00:00:00+00:00,-0.001958624272876297,1.0302861121683873,0.8976918047545837,0.1286965881105973,3
2019-08-13 00:00:00+00:00,-0.0035070176037161893,1.0266728806361485,0.8976918047545837,0.12563015768142763,3
2019-08-14 00:00:00+00:00,-0.008137370013826972,1.0183184635232505,0.9897563800549092,0.02804828203695749,1
2019-08-15 00:00:00+00:00,0.0011210761003019876,1.0194600760152026,0.9897563800549092,0.02913669368632592,1
2019-08-16 00:00:00+00:00,-0.0006165130234776495,1.0188315656014237,0.9897563800549092,0.028537774572533307,1
2019-08-17 00:00:00+00:00,-7.572425471225053e-06,1.0188238505753255,0.9897563800549092,0.02853041819152757,1
2019-08-18 00:00:00+00:00,0.0004086028739898051,1.01924014492876,0.9897563800549092,0.028927201327918376,1
2019-08-19 00:00:00+00:00,0.002490844011956872,1.021778913140502,0.975090533521391,0.04569323071623315,1
2019-08-20 00:00:00+00:00,-0.0006489666620194123,1.0211158126899194,0.975090533521391,0.04507351526295958,1
2019-08-21 00:00:00+00:00,-0.00258842081105759,1.0184727352698528,0.975090533521391,0.04259534914007042,1
2019-08-22 00:00:00+00:00,-0.0001792835006108051,1.018290139912597,0.975090533521391,0.04242367150379562,1
2019-08-23 00:00:00+00:00,0.0012167337556987512,1.0195291278989238,0.975090533521391,0.04358737103383512,1
2019-08-24 00:00:00+00:00,-0.001070642817815548,1.018437576360585,0.975090533521391,0.04256229723386282,1
2019-08-25 00:00:00+00:00,3.502637652430529e-05,1.0184732485386012,0.975090533521391,0.042595831632750124,1
2019-08-26 00:00:00+00:00,0.0009640735455400673,1.0194551316543576,0.975090533521391,0.04351795067328998,1
2019-08-27 00:00:00+00:00,-0.0007854188209924784,1.018654432406799,0.975090533521391,0.04276612116876422,1
2019-08-28 00:00:00+00:00,-0.001948504772030124,1.0166695793842047,0.975090533521391,0.04089730499067164,1
2019-08-29 00:00:00+00:00,-0.0009363341424466487,1.0157176369454404,0.975090533521391,0.03999842273707773,1
2019-08-30 00:00:00+00:00,0.0003625715588728706,1.0160859072724424,0.975090533521391,0.04034636585118929,1
2019-08-31 00:00:00+00:00,1.2333909811479415e-05,1.0160984395843835,0.975090533521391,0.04035820198657725,1
2019-09-01 00:00:00+00:00,0.0005788447166117372,1.0166866027976944,0.975090533521391,0.04091336421847238,1
2019-09-02 00:00:00+00:00,0.002587412751660745,1.0193171906782157,0.975090533521391,0.043388512978377196,1
2019-09-03 00:00:00+00:00,0.0011551247439736123,1.0204946291871257,0.975090533521391,0.044492243630818,1
2019-09-04 00:00:00+00:00,-0.00020227405001305154,1.0202882096054635,0.975090533521391,0.04429893010480842,1
2019-09-05 00:00:00+00:00,-1.0606234602028586e-05,1.0202773881893508,0.975090533521391,0.04428879360754156,1
2019-09-06 00:00:00+00:00,-0.0011141275905548476,1.0191406690011497,0.975090533521391,0.043222821755245916,1
2019-09-07 00:00:00+00:00,0.0006595440834777921,1.0198128371996211,0.975090533521391,0.04385344256014319,1
2019-09-08 00:00:00+00:00,-0.00031330238671845034,1.0194933274037203,0.975090533521391,0.043553785678428325,1
2019-09-09 00:00:00+00:00,-0.0003274973085968247,1.0191594460828632,0.975090533521391,0.043240449500665586,1
2019-09-10 00:00:00+00:00,-0.0008602243722436453,1.0182827402881405,0.975090533521391,0.04241671301875108,1
2019-09-11 00:00:00+00:00,0.00025278271658368823,1.0185401445654807,0.975090533521391,0.042658712350140834,1
2019-09-12 00:00:00+00:00,0.001077897477836709,1.0196380264183833,0.975090533521391,0.04368951700778705,1
2019-09-13 00:00:00+00:00,-0.00030601509414951433,1.0193260017917305,0.975090533521391,0.04339678198396215,1
2019-09-14 00:00:00+00:00,-2.954085986417443e-05,1.0192958900251556,0.975090533521391,0.04336852226753679,1
2019-09-15 00:00:00+00:00,-0.0001385188340274901,1.0191546983469404,0.975090533521391,0.043235992432769044,1
2019-09-16 00:00:00+00:00,-0.00042026692951280253,1.0187263813311676,0.9545977192508367,0.06294983938330341,1
2019-09-17 00:00:00+00:00,-0.00038987068993578955,1.0183292097740222,0.9545977192508367,0.06258436850429555,1
2019-09-18 00:00:00+00:00,-0.00018939047617516636,1.01813634792008,0.9545977192508367,0.06240679728117398,1
2019-09-19 00:00:00+00:00,0.0005363905450972428,1.0186824666307241,0.9545977192508367,0.06290944379542197,1
2019-09-20 00:00:00+00:00,-0.00046486822369473657,1.0182089135219525,0.9545977192508367,0.062473617571355444,1
2019-09-21 00:00:00+00:00,-0.0011193973915263333,1.0170691331201271,0.9545977192508367,0.061422976899950674,1
2019-09-22 00:00:00+00:00,0.00026128040850692535,1.0173348733587086,0.9545977192508367,0.061668144630436746,1
2019-09-23 00:00:00+00:00,-6.670533333863471e-05,1.0172670116968643,1.0172670116968643,0.0,0
2019-09-24 00:00:00+00:00,0.0,1.0172670116968643,1.0172670116968643,0.0,0
2019-09-25 00:00:00+00:00,0.0,1.0172670116968643,1.0172670116968643,0.0,0
2019-09-26 00:00:00+00:00,0.0,1.0172670116968643,1.0172670116968643,0.0,0
2019-09-27 00:00:00+00:00,0.0,1.0172670116968643,1.0172670116968643,0.0,0
2019-09-28 00:00:00+00:00,0.0,1.0172670116968643,1.0172670116968643,0.0,0
2019-09-29 00:00:00+00:00,0.0,1.0172670116968643,1.0172670116968643,0.0,0
2019-09-30 00:00:00+00:00,0.0,1.0172670116968643,1.0172670116968643,0.0,0
2019-10-01 00:00:00+00:00,0.0,1.0172670116968643,1.0172670116968643,0.0,0
2019-10-02 00:00:00+00:00,0.0,1.0172670116968643,1.0172670116968643,0.0,0
2019-10-03 00:00:00+00:00,0.0,1.0172670116968643,1.0172670116968643,0.0,0
2019-10-04 00:00:00+00:00,0.0,1.0172670116968643,1.0172670116968643,0.0,0
2019-10-05 00:00:00+00:00,0.0,1.0172670116968643,1.0172670116968643,0.0,0
2019-10-06 00:00:00+00:00,0.0,1.0172670116968643,1.0172670116968643,0.0,0
2019-10-07 00:00:00+00:00,0.0,1.0172670116968643,1.0172670116968643,0.0,0
2019-10-08 00:00:00+00:00,0.0,1.0172670116968643,1.0172670116968643,0.0,0
2019-10-09 00:00:00+00:00,0.0,1.0172670116968643,1.0172670116968643,0.0,0
2019-10-10 00:00:00+00:00,0.0,1.0172670116968643,1.0172670116968643,0.0,0
2019-10-11 00:00:00+00:00,0.0,1.0172670116968643,1.0172670116968643,0.0,0
2019-10-12 00:00:00+00:00,0.0,1.0172670116968643,1.0172670116968643,0.0,0
2019-10-13 00:00:00+00:00,0.0,1.0172670116968643,1.0172670116968643,0.0,0
2019-10-14 00:00:00+00:00,0.0,1.0172670116968643,1.0172670116968643,0.0,0
2019-10-15 00:00:00+00:00,0.0,1.0172670116968643,1.0172670116968643,0.0,0
2019-10-16 00:00:00+00:00,0.0,1.0172670116968643,1.0172670116968643,0.0,0
2019-10-17 00:00:00+00:00,0.0,1.0172670116968643,1.0172670116968643,0.0,0
2019-10-18 00:00:00+00:00,0.0,1.0172670116968643,1.0172670116968643,0.0,0
2019-10-19 00:00:00+00:00,0.0,1.0172670116968643,1.0172670116968643,0.0,0
2019-10-20 00:00:00+00:00,0.0,1.0172670116968643,1.0172670116968643,0.0,0
2019-10-21 00:00:00+00:00,0.0,1.0172670116968643,1.0172670116968643,0.0,0
2019-10-22 00:00:00+00:00,0.0,1.0172670116968643,1.0172670116968643,0.0,0
2019-10-23 00:00:00+00:00,0.0,1.0172670116968643,1.0172670116968643,0.0,0
2019-10-24 00:00:00+00:00,0.0,1.0172670116968643,1.0172670116968643,0.0,0
2019-10-25 00:00:00+00:00,0.0,1.0172670116968643,1.0172670116968643,0.0,0
2019-10-26 00:00:00+00:00,0.0,1.0172670116968643,1.0172670116968643,0.0,0
2019-10-27 00:00:00+00:00,0.0,1.0172670116968643,1.0172670116968643,0.0,0
2019-10-28 00:00:00+00:00,-0.0017681549150524445,1.0154683260302118,0.965690076120309,0.04901999268111274,1
2019-10-29 00:00:00+00:00,0.001078263678561342,1.0165632686428996,0.965690076120309,0.05004429541361036,1
2019-10-30 00:00:00+00:00,-0.001345313938073911,1.0151956719086603,0.965690076120309,0.048764585151625406,1
2019-10-31 00:00:00+00:00,-7.388153827236899e-05,1.0151206676907722,0.965690076120309,0.04869430122323248,1
2019-11-01 00:00:00+00:00,0.0004834883822644187,1.0156114667401972,0.965690076120309,0.04915402420585171,1
2019-11-02 00:00:00+00:00,0.00030834378204458446,1.0159246242209397,0.965690076120309,0.04944712127551101,1
2019-11-03 00:00:00+00:00,-0.0005046634883321133,1.0154119241561979,0.965690076120309,0.0489671697298685,1
2019-11-04 00:00:00+00:00,-3.9656723344827505e-05,1.0153716562464405,1.0153716562464405,0.0,0
2019-11-05 00:00:00+00:00,0.0,1.0153716562464405,1.0153716562464405,0.0,0
2019-11-06 00:00:00+00:00,0.0,1.0153716562464405,1.0153716562464405,0.0,0
2019-11-07 00:00:00+00:00,0.0,1.0153716562464405,1.0153716562464405,0.0,0
2019-11-08 00:00:00+00:00,0.0,1.0153716562464405,1.0153716562464405,0.0,0
2019-11-09 00:00:00+00:00,0.0,1.0153716562464405,1.0153716562464405,0.0,0
2019-11-10 00:00:00+00:00,0.0,1.0153716562464405,1.0153716562464405,0.0,0
2019-11-11 00:00:00+00:00,0.0,1.0153716562464405,1.0153716562464405,0.0,0
2019-11-12 00:00:00+00:00,0.0,1.0153716562464405,1.0153716562464405,0.0,0
2019-11-13 00:00:00+00:00,0.0,1.0153716562464405,1.0153716562464405,0.0,0
2019-11-14 00:00:00+00:00,0.0,1.0153716562464405,1.0153716562464405,0.0,0
2019-11-15 00:00:00+00:00,0.0,1.0153716562464405,1.0153716562464405,0.0,0
2019-11-16 00:00:00+00:00,0.0,1.0153716562464405,1.0153716562464405,0.0,0
2019-11-17 00:00:00+00:00,0.0,1.0153716562464405,1.0153716562464405,0.0,0
2019-11-18 00:00:00+00:00,0.0,1.0153716562464405,1.0153716562464405,0.0,0
2019-11-19 00:00:00+00:00,0.0,1.0153716562464405,1.0153716562464405,0.0,0
2019-11-20 00:00:00+00:00,0.0,1.0153716562464405,1.0153716562464405,0.0,0
2019-11-21 00:00:00+00:00,0.0,1.0153716562464405,1.0153716562464405,0.0,0
2019-11-22 00:00:00+00:00,0.0,1.0153716562464405,1.0153716562464405,0.0,0
2019-11-23 00:00:00+00:00,0.0,1.0153716562464405,1.0153716562464405,0.0,0
2019-11-24 00:00:00+00:00,0.0,1.0153716562464405,1.0153716562464405,0.0,0
2019-11-25 00:00:00+00:00,0.0,1.0153716562464405,1.0153716562464405,0.0,0
2019-11-26 00:00:00+00:00,0.0,1.0153716562464405,1.0153716562464405,0.0,0
2019-11-27 00:00:00+00:00,0.0,1.0153716562464405,1.0153716562464405,0.0,0
2019-11-28 00:00:00+00:00,0.0,1.0153716562464405,1.0153716562464405,0.0,0
2019-11-29 00:00:00+00:00,0.0,1.0153716562464405,1.0153716562464405,0.0,0
2019-11-30 00:00:00+00:00,0.0,1.0153716562464405,1.0153716562464405,0.0,0
2019-12-01 00:00:00+00:00,0.0,1.0153716562464405,1.0153716562464405,0.0,0
2019-12-02 00:00:00+00:00,0.0,1.0153716562464405,1.0153716562464405,0.0,0
2019-12-03 00:00:00+00:00,0.0,1.0153716562464405,1.0153716562464405,0.0,0
2019-12-04 00:00:00+00:00,0.0,1.0153716562464405,1.0153716562464405,0.0,0
2019-12-05 00:00:00+00:00,0.0,1.0153716562464405,1.0153716562464405,0.0,0
2019-12-06 00:00:00+00:00,0.0,1.0153716562464405,1.0153716562464405,0.0,0
2019-12-07 00:00:00+00:00,0.0,1.0153716562464405,1.0153716562464405,0.0,0
2019-12-08 00:00:00+00:00,0.0,1.0153716562464405,1.0153716562464405,0.0,0
2019-12-09 00:00:00+00:00,0.0,1.0153716562464405,1.0153716562464405,0.0,0
2019-12-10 00:00:00+00:00,0.0,1.0153716562464405,1.0153716562464405,0.0,0
2019-12-11 00:00:00+00:00,0.0,1.0153716562464405,1.0153716562464405,0.0,0
2019-12-12 00:00:00+00:00,0.0,1.0153716562464405,1.0153716562464405,0.0,0
2019-12-13 00:00:00+00:00,0.0,1.0153716562464405,1.0153716562464405,0.0,0
2019-12-14 00:00:00+00:00,0.0,1.0153716562464405,1.0153716562464405,0.0,0
2019-12-15 00:00:00+00:00,0.0,1.0153716562464405,1.0153716562464405,0.0,0
2019-12-16 00:00:00+00:00,0.0,1.0153716562464405,1.0153716562464405,0.0,0
2019-12-17 00:00:00+00:00,0.0,1.0153716562464405,1.0153716562464405,0.0,0
2019-12-18 00:00:00+00:00,0.0,1.0153716562464405,1.0153716562464405,0.0,0
2019-12-19 00:00:00+00:00,0.0,1.0153716562464405,1.0153716562464405,0.0,0
2019-12-20 00:00:00+00:00,0.0,1.0153716562464405,1.0153716562464405,0.0,0
2019-12-21 00:00:00+00:00,0.0,1.0153716562464405,1.0153716562464405,0.0,0
2019-12-22 00:00:00+00:00,0.0,1.0153716562464405,1.0153716562464405,0.0,0
2019-12-23 00:00:00+00:00,0.0,1.0153716562464405,1.0153716562464405,0.0,0
2019-12-24 00:00:00+00:00,0.0,1.0153716562464405,1.0153716562464405,0.0,0
2019-12-25 00:00:00+00:00,0.0,1.0153716562464405,1.0153716562464405,0.0,0
2019-12-26 00:00:00+00:00,0.0,1.0153716562464405,1.0153716562464405,0.0,0
2019-12-27 00:00:00+00:00,0.0,1.0153716562464405,1.0153716562464405,0.0,0
2019-12-28 00:00:00+00:00,0.0,1.0153716562464405,1.0153716562464405,0.0,0
2019-12-29 00:00:00+00:00,0.0,1.0153716562464405,1.0153716562464405,0.0,0
2019-12-30 00:00:00+00:00,0.0,1.0153716562464405,1.0153716562464405,0.0,0
2019-12-31 00:00:00+00:00,0.0,1.0153716562464405,1.0153716562464405,0.0,0
2020-01-01 00:00:00+00:00,0.0,1.0153716562464405,1.0153716562464405,0.0,0
2020-01-02 00:00:00+00:00,0.0,1.0153716562464405,1.0153716562464405,0.0,0
2020-01-03 00:00:00+00:00,0.0,1.0153716562464405,1.0153716562464405,0.0,0
2020-01-04 00:00:00+00:00,0.0,1.0153716562464405,1.0153716562464405,0.0,0
2020-01-05 00:00:00+00:00,0.0,1.0153716562464405,1.0153716562464405,0.0,0
2020-01-06 00:00:00+00:00,0.0,1.0153716562464405,1.0153716562464405,0.0,0
2020-01-07 00:00:00+00:00,0.0,1.0153716562464405,1.0153716562464405,0.0,0
2020-01-08 00:00:00+00:00,0.0,1.0153716562464405,1.0153716562464405,0.0,0
2020-01-09 00:00:00+00:00,0.0,1.0153716562464405,1.0153716562464405,0.0,0
2020-01-10 00:00:00+00:00,0.0,1.0153716562464405,1.0153716562464405,0.0,0
2020-01-11 00:00:00+00:00,0.0,1.0153716562464405,1.0153716562464405,0.0,0
2020-01-12 00:00:00+00:00,0.0,1.0153716562464405,1.0153716562464405,0.0,0
2020-01-13 00:00:00+00:00,0.0,1.0153716562464405,1.0153716562464405,0.0,0
2020-01-14 00:00:00+00:00,0.0,1.0153716562464405,1.0153716562464405,0.0,0
2020-01-15 00:00:00+00:00,0.0,1.0153716562464405,1.0153716562464405,0.0,0
2020-01-16 00:00:00+00:00,0.0,1.0153716562464405,1.0153716562464405,0.0,0
2020-01-17 00:00:00+00:00,0.0,1.0153716562464405,1.0153716562464405,0.0,0
2020-01-18 00:00:00+00:00,0.0,1.0153716562464405,1.0153716562464405,0.0,0
2020-01-19 00:00:00+00:00,0.0,1.0153716562464405,1.0153716562464405,0.0,0
2020-01-20 00:00:00+00:00,0.0,1.0153716562464405,1.0153716562464405,0.0,0
2020-01-21 00:00:00+00:00,0.0,1.0153716562464405,1.0153716562464405,0.0,0
2020-01-22 00:00:00+00:00,0.0,1.0153716562464405,1.0153716562464405,0.0,0
2020-01-23 00:00:00+00:00,0.0,1.0153716562464405,1.0153716562464405,0.0,0
2020-01-24 00:00:00+00:00,0.0,1.0153716562464405,1.0153716562464405,0.0,0
2020-01-25 00:00:00+00:00,0.0,1.0153716562464405,1.0153716562464405,0.0,0
2020-01-26 00:00:00+00:00,0.0,1.0153716562464405,1.0153716562464405,0.0,0
2020-01-27 00:00:00+00:00,0.0,1.0153716562464405,1.0153716562464405,0.0,0
2020-01-28 00:00:00+00:00,0.0,1.0153716562464405,1.0153716562464405,0.0,0
2020-01-29 00:00:00+00:00,0.0,1.0153716562464405,1.0153716562464405,0.0,0
2020-01-30 00:00:00+00:00,0.0,1.0153716562464405,1.0153716562464405,0.0,0
2020-01-31 00:00:00+00:00,0.0,1.0153716562464405,1.0153716562464405,0.0,0
2020-02-01 00:00:00+00:00,0.0,1.0153716562464405,1.0153716562464405,0.0,0
2020-02-02 00:00:00+00:00,0.0,1.0153716562464405,1.0153716562464405,0.0,0
2020-02-03 00:00:00+00:00,0.0,1.0153716562464405,1.0153716562464405,0.0,0
2020-02-04 00:00:00+00:00,0.0,1.0153716562464405,1.0153716562464405,0.0,0
2020-02-05 00:00:00+00:00,0.0,1.0153716562464405,1.0153716562464405,0.0,0
2020-02-06 00:00:00+00:00,0.0,1.0153716562464405,1.0153716562464405,0.0,0
2020-02-07 00:00:00+00:00,0.0,1.0153716562464405,1.0153716562464405,0.0,0
2020-02-08 00:00:00+00:00,0.0,1.0153716562464405,1.0153716562464405,0.0,0
2020-02-09 00:00:00+00:00,0.0,1.0153716562464405,1.0153716562464405,0.0,0
2020-02-10 00:00:00+00:00,-0.0015300959482713594,1.0138180401892283,0.9548108470774879,0.05820294251296493,1
2020-02-11 00:00:00+00:00,0.0036035739902147146,1.0174714085096646,0.9548108470774879,0.06158459186971976,1
2020-02-12 00:00:00+00:00,0.006426482452214666,1.024010170662082,0.9888345874203174,0.03435081432738283,1
2020-02-13 00:00:00+00:00,0.00033350305172219485,1.0243516811789926,0.9888345874203174,0.034672753909864434,1
2020-02-14 00:00:00+00:00,0.0022555560690917797,1.0266621638303601,1.0266621638303601,0.0,0
2020-02-15 00:00:00+00:00,0.0,1.0266621638303601,1.0266621638303601,0.0,0
2020-02-16 00:00:00+00:00,0.0,1.0266621638303601,1.0266621638303601,0.0,0
2020-02-17 00:00:00+00:00,0.0013344851384926582,1.0280322292302444,0.985856918567694,0.041025280592739743,1
2020-02-18 00:00:00+00:00,0.002260717347578378,1.030356319524735,0.985856918567694,0.04318836126279772,1
2020-02-19 00:00:00+00:00,-0.0036921227419737246,1.0265521175250814,0.985856918567694,0.039642603880161,1
2020-02-20 00:00:00+00:00,-0.00022854509491765373,1.0263175040739436,0.985856918567694,0.03942306873422926,1
2020-02-21 00:00:00+00:00,0.0012749287872877435,1.0276259858047847,0.985856918567694,0.04064617654095171,1
2020-02-22 00:00:00+00:00,-0.0005669350216817026,1.0270433886442418,0.985856918567694,0.0401019767343193,1
2020-02-23 00:00:00+00:00,0.00197926566364659,1.0290761803584607,0.985856918567694,0.041998116967115154,1
2020-02-24 00:00:00+00:00,-0.0013709673856943105,1.0276653504777944,0.985856918567694,0.04068292454412557,1
2020-02-25 00:00:00+00:00,-0.0028881934605933246,1.024697254132866,0.985856918567694,0.0379042057627451,1
2020-02-26 00:00:00+00:00,-0.0031665906777004205,1.0214524573604638,1.0214524573604638,0.0,0
2020-02-27 00:00:00+00:00,0.0,1.0214524573604638,1.0214524573604638,0.0,0
2020-02-28 00:00:00+00:00,0.0,1.0214524573604638,1.0214524573604638,0.0,0
2020-02-29 00:00:00+00:00,0.0,1.0214524573604638,1.0214524573604638,0.0,0
2020-03-01 00:00:00+00:00,0.0,1.0214524573604638,1.0214524573604638,0.0,0
2020-03-02 00:00:00+00:00,0.0,1.0214524573604638,1.0214524573604638,0.0,0
2020-03-03 00:00:00+00:00,0.0,1.0214524573604638,1.0214524573604638,0.0,0
2020-03-04 00:00:00+00:00,0.0,1.0214524573604638,1.0214524573604638,0.0,0
2020-03-05 00:00:00+00:00,0.0,1.0214524573604638,1.0214524573604638,0.0,0
2020-03-06 00:00:00+00:00,0.0,1.0214524573604638,1.0214524573604638,0.0,0
2020-03-07 00:00:00+00:00,0.0,1.0214524573604638,1.0214524573604638,0.0,0
2020-03-08 00:00:00+00:00,0.0,1.0214524573604638,1.0214524573604638,0.0,0
2020-03-09 00:00:00+00:00,0.0,1.0214524573604638,1.0214524573604638,0.0,0
2020-03-10 00:00:00+00:00,0.0,1.0214524573604638,1.0214524573604638,0.0,0
2020-03-11 00:00:00+00:00,0.0,1.0214524573604638,1.0214524573604638,0.0,0
2020-03-12 00:00:00+00:00,0.0,1.0214524573604638,1.0214524573604638,0.0,0
2020-03-13 00:00:00+00:00,0.0,1.0214524573604638,1.0214524573604638,0.0,0
2020-03-14 00:00:00+00:00,0.0,1.0214524573604638,1.0214524573604638,0.0,0
2020-03-15 00:00:00+00:00,0.0,1.0214524573604638,1.0214524573604638,0.0,0
2020-03-16 00:00:00+00:00,0.0,1.0214524573604638,1.0214524573604638,0.0,0
2020-03-17 00:00:00+00:00,0.0,1.0214524573604638,1.0214524573604638,0.0,0
2020-03-18 00:00:00+00:00,0.0,1.0214524573604638,1.0214524573604638,0.0,0
2020-03-19 00:00:00+00:00,0.0,1.0214524573604638,1.0214524573604638,0.0,0
2020-03-20 00:00:00+00:00,0.0,1.0214524573604638,1.0214524573604638,0.0,0
2020-03-21 00:00:00+00:00,0.0,1.0214524573604638,1.0214524573604638,0.0,0
2020-03-22 00:00:00+00:00,0.0,1.0214524573604638,1.0214524573604638,0.0,0
2020-03-23 00:00:00+00:00,0.0,1.0214524573604638,1.0214524573604638,0.0,0
2020-03-24 00:00:00+00:00,0.0,1.0214524573604638,1.0214524573604638,0.0,0
2020-03-25 00:00:00+00:00,0.0,1.0214524573604638,1.0214524573604638,0.0,0
2020-03-26 00:00:00+00:00,0.0,1.0214524573604638,1.0214524573604638,0.0,0
2020-03-27 00:00:00+00:00,0.0,1.0214524573604638,1.0214524573604638,0.0,0
2020-03-28 00:00:00+00:00,0.0,1.0214524573604638,1.0214524573604638,0.0,0
2020-03-29 00:00:00+00:00,0.0,1.0214524573604638,1.0214524573604638,0.0,0
2020-03-30 00:00:00+00:00,0.0,1.0214524573604638,1.0214524573604638,0.0,0
2020-03-31 00:00:00+00:00,0.0,1.0214524573604638,1.0214524573604638,0.0,0
2020-04-01 00:00:00+00:00,0.0,1.0214524573604638,1.0214524573604638,0.0,0
2020-04-02 00:00:00+00:00,0.0,1.0214524573604638,1.0214524573604638,0.0,0
2020-04-03 00:00:00+00:00,0.0,1.0214524573604638,1.0214524573604638,0.0,0
2020-04-04 00:00:00+00:00,0.0,1.0214524573604638,1.0214524573604638,0.0,0
2020-04-05 00:00:00+00:00,0.0,1.0214524573604638,1.0214524573604638,0.0,0
2020-04-06 00:00:00+00:00,0.0,1.0214524573604638,1.0214524573604638,0.0,0
2020-04-07 00:00:00+00:00,0.0,1.0214524573604638,1.0214524573604638,0.0,0
2020-04-08 00:00:00+00:00,0.0,1.0214524573604638,1.0214524573604638,0.0,0
2020-04-09 00:00:00+00:00,0.0,1.0214524573604638,1.0214524573604638,0.0,0
2020-04-10 00:00:00+00:00,0.0,1.0214524573604638,1.0214524573604638,0.0,0
2020-04-11 00:00:00+00:00,0.0,1.0214524573604638,1.0214524573604638,0.0,0
2020-04-12 00:00:00+00:00,0.0,1.0214524573604638,1.0214524573604638,0.0,0
2020-04-13 00:00:00+00:00,0.0,1.0214524573604638,1.0214524573604638,0.0,0
2020-04-14 00:00:00+00:00,0.0,1.0214524573604638,1.0214524573604638,0.0,0
2020-04-15 00:00:00+00:00,0.0,1.0214524573604638,1.0214524573604638,0.0,0
2020-04-16 00:00:00+00:00,0.0,1.0214524573604638,1.0214524573604638,0.0,0
2020-04-17 00:00:00+00:00,0.0,1.0214524573604638,1.0214524573604638,0.0,0
2020-04-18 00:00:00+00:00,0.0,1.0214524573604638,1.0214524573604638,0.0,0
2020-04-19 00:00:00+00:00,0.0,1.0214524573604638,1.0214524573604638,0.0,0
2020-04-20 00:00:00+00:00,0.0,1.0214524573604638,1.0214524573604638,0.0,0
2020-04-21 00:00:00+00:00,0.0,1.0214524573604638,1.0214524573604638,0.0,0
2020-04-22 00:00:00+00:00,0.0,1.0214524573604638,1.0214524573604638,0.0,0
2020-04-23 00:00:00+00:00,0.0,1.0214524573604638,1.0214524573604638,0.0,0
2020-04-24 00:00:00+00:00,0.0,1.0214524573604638,1.0214524573604638,0.0,0
2020-04-25 00:00:00+00:00,0.0,1.0214524573604638,1.0214524573604638,0.0,0
2020-04-26 00:00:00+00:00,0.0,1.0214524573604638,1.0214524573604638,0.0,0
2020-04-27 00:00:00+00:00,0.0,1.0214524573604638,1.0214524573604638,0.0,0
2020-04-28 00:00:00+00:00,0.0,1.0214524573604638,1.0214524573604638,0.0,0
2020-04-29 00:00:00+00:00,0.0,1.0214524573604638,1.0214524573604638,0.0,0
2020-04-30 00:00:00+00:00,0.0,1.0214524573604638,1.0214524573604638,0.0,0
2020-05-01 00:00:00+00:00,0.0,1.0214524573604638,1.0214524573604638,0.0,0
2020-05-02 00:00:00+00:00,0.0,1.0214524573604638,1.0214524573604638,0.0,0
2020-05-03 00:00:00+00:00,0.0,1.0214524573604638,1.0214524573604638,0.0,0
2020-05-04 00:00:00+00:00,0.0,1.0214524573604638,1.0214524573604638,0.0,0
2020-05-05 00:00:00+00:00,0.0,1.0214524573604638,1.0214524573604638,0.0,0
2020-05-06 00:00:00+00:00,0.0,1.0214524573604638,1.0214524573604638,0.0,0
2020-05-07 00:00:00+00:00,0.0,1.0214524573604638,1.0214524573604638,0.0,0
2020-05-08 00:00:00+00:00,0.0,1.0214524573604638,1.0214524573604638,0.0,0
2020-05-09 00:00:00+00:00,0.0,1.0214524573604638,1.0214524573604638,0.0,0
2020-05-10 00:00:00+00:00,0.0,1.0214524573604638,1.0214524573604638,0.0,0
2020-05-11 00:00:00+00:00,0.0,1.0214524573604638,1.0214524573604638,0.0,0
2020-05-12 00:00:00+00:00,0.0,1.0214524573604638,1.0214524573604638,0.0,0
2020-05-13 00:00:00+00:00,0.0,1.0214524573604638,1.0214524573604638,0.0,0
2020-05-14 00:00:00+00:00,0.0,1.0214524573604638,1.0214524573604638,0.0,0
2020-05-15 00:00:00+00:00,0.0,1.0214524573604638,1.0214524573604638,0.0,0
2020-05-16 00:00:00+00:00,0.0,1.0214524573604638,1.0214524573604638,0.0,0
2020-05-17 00:00:00+00:00,0.0,1.0214524573604638,1.0214524573604638,0.0,0
2020-05-18 00:00:00+00:00,0.0,1.0214524573604638,1.0214524573604638,0.0,0
2020-05-19 00:00:00+00:00,0.0,1.0214524573604638,1.0214524573604638,0.0,0
2020-05-20 00:00:00+00:00,0.0,1.0214524573604638,1.0214524573604638,0.0,0
2020-05-21 00:00:00+00:00,0.0,1.0214524573604638,1.0214524573604638,0.0,0
2020-05-22 00:00:00+00:00,0.0,1.0214524573604638,1.0214524573604638,0.0,0
2020-05-23 00:00:00+00:00,0.0,1.0214524573604638,1.0214524573604638,0.0,0
2020-05-24 00:00:00+00:00,0.0,1.0214524573604638,1.0214524573604638,0.0,0
2020-05-25 00:00:00+00:00,0.0,1.0214524573604638,1.0214524573604638,0.0,0
2020-05-26 00:00:00+00:00,0.0,1.0214524573604638,1.0214524573604638,0.0,0
2020-05-27 00:00:00+00:00,0.0,1.0214524573604638,1.0214524573604638,0.0,0
2020-05-28 00:00:00+00:00,0.0,1.0214524573604638,1.0214524573604638,0.0,0
2020-05-29 00:00:00+00:00,0.0,1.0214524573604638,1.0214524573604638,0.0,0
2020-05-30 00:00:00+00:00,0.0,1.0214524573604638,1.0214524573604638,0.0,0
2020-05-31 00:00:00+00:00,0.0,1.0214524573604638,1.0214524573604638,0.0,0
2020-06-01 00:00:00+00:00,0.00421506233895208,1.0257579431445139,0.9838065732303971,0.04089792352522536,1
2020-06-02 00:00:00+00:00,-0.00305487743343269,1.0226243783518374,1.0226243783518374,0.0,0
2020-06-03 00:00:00+00:00,0.0,1.0226243783518374,1.0226243783518374,0.0,0
2020-06-04 00:00:00+00:00,0.0,1.0226243783518374,1.0226243783518374,0.0,0
2020-06-05 00:00:00+00:00,0.0,1.0226243783518374,1.0226243783518374,0.0,0
2020-06-06 00:00:00+00:00,0.0,1.0226243783518374,1.0226243783518374,0.0,0
2020-06-07 00:00:00+00:00,0.0,1.0226243783518374,1.0226243783518374,0.0,0
2020-06-08 00:00:00+00:00,0.0005041683538631325,1.0231399532012913,0.8634037146990504,0.15612354693260078,3
2020-06-09 00:00:00+00:00,-0.0007930591903173578,1.022328542658424,0.8634037146990504,0.15545377178466688,3
2020-06-10 00:00:00+00:00,0.0014980995768472116,1.0238600926155794,0.8634037146990504,0.15671709354998206,3
2020-06-11 00:00:00+00:00,-0.010342477951514772,1.013270842182267,0.8634037146990504,0.1479043126914122,3
2020-06-12 00:00:00+00:00,0.003691301186862228,1.0170111300446272,0.8634037146990504,0.15103808680917427,3
2020-06-13 00:00:00+00:00,0.0006938628742689801,1.0177167963104834,0.8634037146990504,0.15162674151675815,3
2020-06-14 00:00:00+00:00,-0.002708292205074958,1.0149605218440618,0.8634037146990504,0.14932285924742258,3
2020-06-15 00:00:00+00:00,-0.004561006010995627,1.0103312808030078,0.9570577069017637,0.05272881767938775,1
2020-06-16 00:00:00+00:00,0.000556991007481189,1.010894026240992,0.9570577069017637,0.05325614549273625,1
2020-06-17 00:00:00+00:00,-0.00033796688656939633,1.0105523775342917,0.9570577069017637,0.052936069244676774,1
2020-06-18 00:00:00+00:00,-0.00044081978479604267,1.010106906052702,0.9570577069017637,0.052518400609935324,1
2020-06-19 00:00:00+00:00,-0.0004257392782699432,1.0096768638675435,0.9570577069017637,0.05211484866972526,1
2020-06-20 00:00:00+00:00,0.00027271457602973115,1.0099522174654,0.9570577069017637,0.052373280288825715,1
2020-06-21 00:00:00+00:00,-0.0003596030528381089,1.009589035564779,0.9570577069017637,0.05203238824164569,1
2020-06-22 00:00:00+00:00,0.005781979211051835,1.0154264583801205,0.9013807790526175,0.11231308617803465,2
2020-06-23 00:00:00+00:00,-0.00033600425591784333,1.0150852707685332,0.9013807790526175,0.11201471934454202,2
2020-06-24 00:00:00+00:00,-0.0030505835551959404,1.011988668334405,0.9165329246697943,0.09432491356026533,2
2020-06-25 00:00:00+00:00,-0.0014877740582555088,1.0104830578464086,0.9582071885968401,0.05173354352024614,1
2020-06-26 00:00:00+00:00,-0.00048816785341099234,1.0099897725011515,0.9582071885968401,0.05127040423001155,1
2020-06-27 00:00:00+00:00,-0.0018396839438683532,1.00813171053321,1.00813171053321,0.0,0
2020-06-28 00:00:00+00:00,0.0,1.00813171053321,1.00813171053321,0.0,0
2020-06-29 00:00:00+00:00,0.001224030344282978,1.0093656943379365,0.8798333749313926,0.12833041595643568,2
2020-06-30 00:00:00+00:00,-0.0009987031618815534,1.0083576376275065,0.8798333749313926,0.12745900650736347,2
2020-07-01 00:00:00+00:00,0.0020655861736238457,1.010440487221858,0.8798333749313926,0.1292575999696543,2
2020-07-02 00:00:00+00:00,-0.0022562924473763513,1.008160637982016,0.8798333749313926,0.12728850762066013,2
2020-07-03 00:00:00+00:00,-0.0006150427926246982,1.0075405760478173,0.8798333749313926,0.1267514223768233,2
2020-07-04 00:00:00+00:00,0.0016699954170233955,1.0092231641922822,0.8798333749313926,0.12820731217009368,2
2020-07-05 00:00:00+00:00,-0.0009153590955747193,1.008299362589474,0.8798333749313926,0.12740857767494793,2
2020-07-06 00:00:00+00:00,0.005626881407714501,1.0139729435262392,0.8798333749313926,0.13229107290413175,2
2020-07-07 00:00:00+00:00,-0.0012205294881193485,1.0127353596485102,0.8798333749313926,0.13123071437265096,2
2020-07-08 00:00:00+00:00,0.0031280981281105458,1.015903295231298,0.8950940117022399,0.11891809397227394,2
2020-07-09 00:00:00+00:00,-0.0025001470097397727,1.0133633876455408,0.8950940117022399,0.11670973846616783,2
2020-07-10 00:00:00+00:00,0.0003035643243309849,1.0136710086176133,0.8950940117022399,0.1169777925059551,2
2020-07-11 00:00:00+00:00,-0.0008055928470295237,1.0128544025038297,0.8950940117022399,0.11626586260619476,2
2020-07-12 00:00:00+00:00,0.0012012069169302642,1.0140710502179606,0.8950940117022399,0.11732613655635686,2
2020-07-13 00:00:00+00:00,-0.0007631354871968643,1.0132971766130003,0.8248897796761355,0.18593498658175142,3
2020-07-14 00:00:00+00:00,-0.0009545157369147406,1.012329968511752,0.8248897796761355,0.1851572063120647,3
2020-07-15 00:00:00+00:00,-0.0024732990985535386,1.009826173713193,0.8248897796761355,0.18313685944288308,3
2020-07-16 00:00:00+00:00,-0.003982381183596062,1.0058046609602949,0.8898884645023617,0.11524722538794144,2
2020-07-17 00:00:00+00:00,-5.2982219459485336e-06,1.0057993319839669,0.8898884645023617,0.11524253774653814,2
2020-07-18 00:00:00+00:00,0.0006831828446731691,1.0064864768327622,0.8898884645023617,0.11584657619773894,2
2020-07-19 00:00:00+00:00,0.0009432408560650085,1.0074358359987878,0.8898884645023617,0.1166797599371555,2
2020-07-20 00:00:00+00:00,-0.0009538407050065922,1.0064749026907298,0.8898884645023617,0.11583640871390202,2
2020-07-21 00:00:00+00:00,0.0035810555587996173,1.0100791452358027,0.8898884645023617,0.11899134963862912,2
2020-07-22 00:00:00+00:00,0.0044449481370645305,1.0145688946507063,0.9064080057467374,0.10660773208625358,2
2020-07-23 00:00:00+00:00,0.002083747197166863,1.0166829997412674,0.9064080057467374,0.10846546467541361,2
2020-07-24 00:00:00+00:00,0.0007122836441997293,1.017407166413319,0.9419648971825454,0.07415150170086922,1
2020-07-25 00:00:00+00:00,0.0012642870689882901,1.0186934611377114,0.9419648971825454,0.07532056195734578,1
2020-07-26 00:00:00+00:00,0.0014298884228345354,1.0201500791242095,0.9612325681764909,0.057753767953729586,1
2020-07-27 00:00:00+00:00,0.01374665676703235,1.0341737321127908,0.9065640625816336,0.12339287449358634,2
2020-07-28 00:00:00+00:00,1.98762436374178e-05,1.0341942876018537,0.9065640625816336,0.123410297804077,2
2020-07-29 00:00:00+00:00,-0.0005327677486536286,1.0336433022395777,0.9065640625816336,0.12294303013680216,2
2020-07-30 00:00:00+00:00,0.0038513027516089426,1.037624175533675,0.9253676282200538,0.10818613324606181,2
2020-07-31 00:00:00+00:00,0.003724048429195159,1.0414883382146662,0.9253676282200538,0.11149496901104837,2
2020-08-01 00:00:00+00:00,0.0063795440467397935,1.0481325589424726,1.0030116971212741,0.0430488123245821,1
2020-08-02 00:00:00+00:00,-0.004150090474120294,1.0437827139939901,1.0437827139939901,0.0,0
2020-08-03 00:00:00+00:00,0.004856394573661493,1.0488517347023123,0.8754250875172304,0.16534905882984913,3
2020-08-04 00:00:00+00:00,0.0008146181020449728,1.049706148311762,0.8754250875172304,0.16602842716966768,3
2020-08-05 00:00:00+00:00,0.006864525468520233,1.0569118829013104,0.889605269047103,0.158297599412864,3
2020-08-06 00:00:00+00:00,-0.0013306018935809183,1.0555055539485738,0.9083396938270373,0.1394268931802387,3
2020-08-07 00:00:00+00:00,-0.0033186871173720434,1.05200266126437,0.9083396938270373,0.13656141065714478,3
2020-08-08 00:00:00+00:00,0.0039011077363639846,1.056106636984904,0.9083396938270373,0.13991668831826387,3
2020-08-09 00:00:00+00:00,-0.0020519887823949867,1.053939518012798,0.9083396938270373,0.13814817804753066,3
2020-08-10 00:00:00+00:00,0.0015415179103019927,1.0555641846561896,0.9496063719297677,0.10038026513843276,2
2020-08-11 00:00:00+00:00,-0.00420188957817047,1.0511288205095928,0.9496063719297677,0.0965842117530432,2
2020-08-12 00:00:00+00:00,0.0017534144365545234,1.0529718849581529,0.9496063719297677,0.09816550138230244,2
2020-08-13 00:00:00+00:00,0.005101691260978036,1.0583438224216994,0.962607348512931,0.09045876385398521,2
2020-08-14 00:00:00+00:00,0.0011223703693814535,1.0595316761686036,0.962607348512931,0.09147846150873269,2
2020-08-15 00:00:00+00:00,-0.00010549252817515509,1.0594199034934029,0.962607348512931,0.09138260916302947,2
2020-08-16 00:00:00+00:00,0.0003772542453059913,1.0598195741495575,0.962607348512931,0.09172525966472507,2
2020-08-17 00:00:00+00:00,0.0014082511164892342,1.0613120662481308,0.962607348512931,0.09300253985063342,2
2020-08-18 00:00:00+00:00,-0.0022918369031563746,1.0588797120889382,0.962607348512931,0.0909190746379331,2
2020-08-19 00:00:00+00:00,-0.0021408813329516496,1.0566127762794857,0.962607348512931,0.08896866465836617,2
2020-08-20 00:00:00+00:00,0.0011997559471212949,1.0578804537416313,0.962607348512931,0.09006037014081093,2
2020-08-21 00:00:00+00:00,-0.003933724823496854,1.0537190431404557,0.962607348512931,0.0864667818434596,2
2020-08-22 00:00:00+00:00,0.0012412911612491584,1.055027015275146,0.962607348512931,0.08759933672230409,2
2020-08-23 00:00:00+00:00,-0.00047142407891320737,1.0545296501362413,0.962607348512931,0.08716900621185418,2
2020-08-24 00:00:00+00:00,0.0033818510818057756,1.058095912374351,0.9169932129724038,0.13335530149182306,3
2020-08-25 00:00:00+00:00,-0.007472313105529316,1.0501894884214091,0.9520858717295935,0.0934151577152804,2
2020-08-26 00:00:00+00:00,0.002255197585299129,1.0525578732198035,0.9520858717295935,0.09545508522288029,2
2020-08-27 00:00:00+00:00,0.0012193188528961674,1.0538412768783847,0.9520858717295935,0.09655667070681073,2
2020-08-28 00:00:00+00:00,0.0008192062416181312,1.0547045902300782,0.9520858717295935,0.09729617131760004,2
2020-08-29 00:00:00+00:00,-0.000553066049633788,1.054121268928829,0.9520858717295935,0.09679664020338134,2
2020-08-30 00:00:00+00:00,0.0024471780498143136,1.056700891359994,0.9520858717295935,0.09900154384819239,2
2020-08-31 00:00:00+00:00,-0.0010199312624349366,1.055623129085853,0.8825238706259848,0.16397827377064816,3
2020-09-01 00:00:00+00:00,0.008880275912802826,1.0649973537320718,0.9077755061083058,0.14762651481979108,3
2020-09-02 00:00:00+00:00,-0.006782899195588166,1.057773584038139,0.9414791374294013,0.10994266482319778,2
2020-09-03 00:00:00+00:00,-0.0073180755680358756,1.0500327170162758,1.0500327170162758,0.0,0
2020-09-04 00:00:00+00:00,0.0,1.0500327170162758,1.0500327170162758,0.0,0
2020-09-05 00:00:00+00:00,0.0,1.0500327170162758,1.0500327170162758,0.0,0
2020-09-06 00:00:00+00:00,0.0,1.0500327170162758,1.0500327170162758,0.0,0
2020-09-07 00:00:00+00:00,-0.00035209954227233276,1.0496630009772434,0.9348477653526197,0.10938295006847913,3
2020-09-08 00:00:00+00:00,-0.0014002189571269419,1.0481932429446803,0.9348477653526197,0.1081341425877162,3
2020-09-09 00:00:00+00:00,0.002987556658889501,1.0513247796474428,0.9348477653526197,0.1107907057359412,3
2020-09-10 00:00:00+00:00,0.0019508525964868628,1.0533757593235689,0.9348477653526197,0.11252204440992894,3
2020-09-11 00:00:00+00:00,0.00176488983781109,1.0552348514965957,0.9348477653526197,0.11408558575679721,3
2020-09-12 00:00:00+00:00,0.004785364474530818,1.0602845348672343,0.9439415464745861,0.10972808200698353,3
2020-09-13 00:00:00+00:00,0.000368114943573028,1.0606748414489582,0.9543465559519265,0.10024588247212458,3
2020-09-14 00:00:00+00:00,0.0026009559000317317,1.0634336099358401,0.9543465559519265,0.10258003223209679,3
2020-09-15 00:00:00+00:00,-0.002998379077018165,1.0602450328500106,0.9725341181958592,0.08272702246798407,2
2020-09-16 00:00:00+00:00,0.0009631258149340738,1.061266182211304,0.9725341181958592,0.08360962169788418,2
2020-09-17 00:00:00+00:00,0.0016520854116905959,1.0630194845888559,0.9725341181958592,0.08512107981538429,2
2020-09-18 00:00:00+00:00,-0.0003877878342863905,1.062607258565123,0.9725341181958592,0.0847661632679724,2
2020-09-19 00:00:00+00:00,0.0008348337276682383,1.0634943589438381,0.9725341181958592,0.08552959400585067,2
2020-09-20 00:00:00+00:00,-0.00185107088587666,1.0615257554987032,0.9725341181958592,0.08383370525101946,2
2020-09-21 00:00:00+00:00,-0.007418797776205133,1.053650510584425,0.9500393463914516,0.09833541876756051,3
2020-09-22 00:00:00+00:00,0.0016200179147882743,1.0553574432874975,0.9500393463914516,0.0997937689888026,3
2020-09-23 00:00:00+00:00,-0.004187492303504126,1.0509381421162853,0.9500393463914516,0.09600831074762656,3
2020-09-24 00:00:00+00:00,0.006074080748100341,1.0573216252527582,0.9500393463914516,0.1014660783426804,3
2020-09-25 00:00:00+00:00,4.378377811153911e-05,1.0573679187881908,0.9500393463914516,0.10150541783010054,3
2020-09-26 00:00:00+00:00,0.001581612855571679,1.0590402654816153,0.9500393463914516,0.10292424437761469,3
2020-09-27 00:00:00+00:00,0.0005365428352996915,1.0596084859483534,0.9500393463914516,0.10340530583693568,3
2020-09-28 00:00:00+00:00,-7.135687991510764e-05,1.0595328755928646,0.9500393463914516,0.10334132307140124,3
2020-09-29 00:00:00+00:00,0.002714878379719954,1.0624093784894142,0.9500393463914516,0.1057690513403936,3
2020-09-30 00:00:00+00:00,-3.470427175111812e-05,1.0623725083456321,0.9500393463914516,0.10573801662950598,3
2020-10-01 00:00:00+00:00,-0.0027691639837891247,1.0594306246581537,0.9500393463914516,0.10325478206937747,3
2020-10-02 00:00:00+00:00,-0.000878766870603509,1.0584996321235014,0.9500393463914516,0.10246605897676407,3
2020-10-03 00:00:00+00:00,0.0005610522684631469,1.0590935057432718,0.9500393463914516,0.10296934006340266,3
2020-10-04 00:00:00+00:00,0.0017434769129858196,1.0609400108192284,0.9500393463914516,0.10453057034029879,3
2020-10-05 00:00:00+00:00,0.0006751785956196077,1.06165633480577,0.8972168283342731,0.15488958251408258,3
2020-10-06 00:00:00+00:00,-0.003945812232243107,1.057467238253455,0.8972168283342731,0.15154172547591768,3
2020-10-07 00:00:00+00:00,0.0006509433919539287,1.0581555895644037,0.8972168283342731,0.1520936645020058,3
2020-10-08 00:00:00+00:00,0.0033328293932142206,1.061682241615898,0.8972168283342731,0.1549102046119806,3
2020-10-09 00:00:00+00:00,0.0033418703222636292,1.0652302459908285,0.8972168283342731,0.15772497850948367,3
2020-10-10 00:00:00+00:00,0.0026389513595623804,1.068041336796733,0.9212179912904905,0.13746972186169748,3
2020-10-11 00:00:00+00:00,0.0009855561618883346,1.0690939515173645,0.9212179912904905,0.13831895692328416,3
2020-10-12 00:00:00+00:00,0.004359456630335323,1.0737546202327584,0.9345218172993378,0.1296691071776148,3
2020-10-13 00:00:00+00:00,-0.0011005167368274282,1.0725729353019464,0.9345218172993378,0.1287102382121408,3
2020-10-14 00:00:00+00:00,-0.0001501020992374924,1.0724119398527723,0.9345218172993378,0.12857943615618914,3
2020-10-15 00:00:00+00:00,0.0008075787122410194,1.0732779969061506,0.9345218172993378,0.12928260898555055,3
2020-10-16 00:00:00+00:00,-0.0032736490733047408,1.0697644613861803,0.9345218172993378,0.12642282387246043,3
2020-10-17 00:00:00+00:00,0.0006646078661738386,1.0704754352621708,0.9345218172993378,0.127003024529504,3
2020-10-18 00:00:00+00:00,0.0021195643740359316,1.0727443768580331,0.9345218172993378,0.12884948412737074,3
2020-10-19 00:00:00+00:00,0.000327568601160122,1.073095774232963,0.9082416098410975,0.15362483792250634,3
2020-10-20 00:00:00+00:00,-0.0018327276499232603,1.0711290819365105,0.9335675286282773,0.1284266813664825,3
2020-10-21 00:00:00+00:00,0.005973371335751265,1.0775273336914395,0.9868688778645618,0.08413564370223074,2
2020-10-22 00:00:00+00:00,0.003673868420421611,1.0814860273348295,0.9868688778645618,0.08748809238288392,2
2020-10-23 00:00:00+00:00,-0.0004627551562086385,1.0809855640993127,0.9868688778645618,0.08706562729463446,2
2020-10-24 00:00:00+00:00,0.00032759169532270427,1.0813396859928754,0.9868688778645618,0.08736459907283582,2
2020-10-25 00:00:00+00:00,-0.0014397055357603383,1.0797828752609142,0.9868688778645618,0.08604877843974061,2
2020-10-26 00:00:00+00:00,0.00025550187597600527,1.08005876181119,0.8934540018392094,0.17277278475020783,3
2020-10-27 00:00:00+00:00,0.005816672848722559,1.086341110286042,0.9181094508872114,0.15486080551120257,3
2020-10-28 00:00:00+00:00,-0.006300824831334206,1.0794962652430526,0.9880306255745194,0.08472992692377629,2
2020-10-29 00:00:00+00:00,-0.0008378093756357119,1.0785918531510683,0.9880306255745194,0.08396246208607784,2
2020-10-30 00:00:00+00:00,-0.004209521772313707,1.0740514972617887,1.0350000610352528,0.03635899798668365,1
2020-10-31 00:00:00+00:00,0.0003773829956525976,1.0744568260333105,1.0350000610352528,0.036722522526777095,1
2020-11-01 00:00:00+00:00,0.0009701830849204729,1.0754992458714054,1.0350000610352528,0.0376561722303569,1
2020-11-02 00:00:00+00:00,-0.004660443786171808,1.0704869420939516,0.8808198429871145,0.17717833973372368,3
2020-11-03 00:00:00+00:00,-0.0005152308437685882,1.0699353942035332,0.93241280948981,0.12853354086495655,2
2020-11-04 00:00:00+00:00,0.0027270581904814684,1.072853170283582,0.93241280948981,0.13090361727378794,2
2020-11-05 00:00:00+00:00,0.008507405334614582,1.0819803670677106,0.9745792852188359,0.09926342946493927,2
2020-11-06 00:00:00+00:00,0.0046749453347902925,1.0870385661370685,0.9911750344793931,0.0881877926358573,2
2020-11-07 00:00:00+00:00,-0.003311039551152084,1.083439338450961,1.0499372594689764,0.030921970241438675,1
2020-11-08 00:00:00+00:00,0.0013563576478230477,1.0849088696836213,1.0499372594689764,0.03223460623457089,1
2020-11-09 00:00:00+00:00,-0.0018359719029186206,1.082917007481655,0.9411474555543533,0.13091451232905613,3
2020-11-10 00:00:00+00:00,0.0005304998159290086,1.0834914947547905,0.9411474555543533,0.13137531756320026,3
2020-11-11 00:00:00+00:00,0.0018850132188559243,1.0855338905449212,0.9411474555543533,0.13300960591666844,3
2020-11-12 00:00:00+00:00,0.0014676363317316365,1.087127059522011,0.9411474555543533,0.13428016779551244,3
2020-11-13 00:00:00+00:00,0.0019433108812740851,1.0892396853661077,0.9411474555543533,0.13595926755274126,3
2020-11-14 00:00:00+00:00,-0.002390053972246231,1.0866363437293702,0.9411474555543533,0.13388921603311607,3
2020-11-15 00:00:00+00:00,-0.0017145532574890376,1.084773247846523,0.9411474555543533,0.1324016724944993,3
2020-11-16 00:00:00+00:00,0.003905578745859728,1.0890099151873898,0.9411474555543533,0.13577696361707892,3
2020-11-17 00:00:00+00:00,0.005129465875939099,1.0945959543859027,0.9567711267162636,0.1259138836731426,3
2020-11-18 00:00:00+00:00,-0.00021160783655116422,1.0943643293040974,0.9737495768679147,0.11021444066335852,3
2020-11-19 00:00:00+00:00,-0.0003830031202588513,1.093945184351274,0.9737495768679147,0.1098735194438805,3
2020-11-20 00:00:00+00:00,0.0049110348592189546,1.0993175872856977,1.0123129969234204,0.07914418123437698,2
2020-11-21 00:00:00+00:00,0.0026302043070585146,1.1022090171386019,1.0123129969234204,0.08155986642946977,2
2020-11-22 00:00:00+00:00,-0.001297022925507929,1.1007794267746716,1.0123129969234204,0.08036708145106007,2
2020-11-23 00:00:00+00:00,0.0054398068380685505,1.1067674542276456,0.9619734790138843,0.1308260146796648,3
2020-11-24 00:00:00+00:00,0.005291898014406327,1.1126243547210823,1.0057205991052727,0.09608252341609823,3
2020-11-25 00:00:00+00:00,-0.005583112342513519,1.106412447953658,1.0718577981640656,0.03123125544502159,1
2020-11-26 00:00:00+00:00,-0.0029892175127717024,1.1031051404878862,1.1031051404878862,0.0,0
2020-11-27 00:00:00+00:00,0.0,1.1031051404878862,1.1031051404878862,0.0,0
2020-11-28 00:00:00+00:00,0.0,1.1031051404878862,1.1031051404878862,0.0,0
2020-11-29 00:00:00+00:00,0.0,1.1031051404878862,1.1031051404878862,0.0,0
2020-11-30 00:00:00+00:00,0.008281251373950305,1.1122402314481632,0.96443723288631,0.13288765716504447,3
2020-12-01 00:00:00+00:00,-0.006159016839313747,1.1053899251333117,0.96443723288631,0.1275140012064092,3
2020-12-02 00:00:00+00:00,0.001993699929332182,1.1075937409489345,0.96443723288631,0.1292500153891938,3
2020-12-03 00:00:00+00:00,0.0023614969880600967,1.1102093202321797,0.96443723288631,0.13130144441174768,3
2020-12-04 00:00:00+00:00,-0.007417775639085966,1.1019740365822752,0.96443723288631,0.1248094774741968,3
2020-12-05 00:00:00+00:00,0.004173700752027276,1.1065733464474732,0.96443723288631,0.12844707855785145,3
2020-12-06 00:00:00+00:00,0.0005339115027145347,1.1071641586857388,0.96443723288631,0.1289121623742346,3
2020-12-07 00:00:00+00:00,-0.0013376996002898434,1.1056831056332097,0.96443723288631,0.12774534767446777,3
2020-12-08 00:00:00+00:00,-0.006853852802600424,1.0981049163808776,0.96443723288631,0.12172578548788236,3
2020-12-09 00:00:00+00:00,0.0024047827513782316,1.100745620142994,0.96443723288631,0.12383277731232445,3
2020-12-10 00:00:00+00:00,-0.002281021815288442,1.0982347953703646,0.96443723288631,0.12182965159006202,3
2020-12-11 00:00:00+00:00,-0.0019992018526913125,1.09603920233277,0.96443723288631,0.12007049489321477,3
2020-12-12 00:00:00+00:00,0.004668949350675522,1.1011565538548167,0.96443723288631,0.12415974866597625,3
2020-12-13 00:00:00+00:00,0.0037978716418705094,1.1053386051039618,0.96443723288631,0.12747349234617508,3
2020-12-14 00:00:00+00:00,-7.397237574990889e-05,1.105256840581334,1.0089769795029955,0.08711084839583359,2
2020-12-15 00:00:00+00:00,0.0005423621048596949,1.1058562900078024,1.0089769795029955,0.08760569649074681,2
2020-12-16 00:00:00+00:00,0.0072380549644173175,1.1138605386176255,1.023108752082546,0.08147499923797318,2
2020-12-17 00:00:00+00:00,0.0028311618199721167,1.1170140580473333,1.0503449361521995,0.059685123400934625,2
2020-12-18 00:00:00+00:00,0.00092826990031325,1.1180509485756454,1.0503449361521995,0.06055717989390439,2
2020-12-19 00:00:00+00:00,0.0013892294701360886,1.1196041779025203,1.0841184914880373,0.03169484994327402,1
2020-12-20 00:00:00+00:00,-0.0009561004382383498,1.1185337238573743,1.0841184914880373,0.030768166962952724,1
2020-12-21 00:00:00+00:00,-0.006827686714011572,1.1108967260118194,0.9617694985510641,0.13424040594316128,3
2020-12-22 00:00:00+00:00,0.0024605167605207257,1.113630106025379,1.0151020836282565,0.08847463970669366,2
2020-12-23 00:00:00+00:00,-0.004339308055221203,1.1087977219357663,1.0461503028334607,0.056500313684748726,1
2020-12-24 00:00:00+00:00,0.001207304501301465,1.1101363784164922,1.0461503028334607,0.0576380315311365,1
2020-12-25 00:00:00+00:00,0.0023883547386183146,1.1127877778963957,1.0461503028334607,0.059883363554644645,1
2020-12-26 00:00:00+00:00,0.0037161839680939224,1.1169231019965051,1.0633432914153205,0.04797090371343427,1
2020-12-27 00:00:00+00:00,0.00039783317634389803,1.1173674510619043,1.0819330435975243,0.03171240349869197,1
2020-12-28 00:00:00+00:00,0.006194467156568573,1.124288947039326,0.9930903888243627,0.11669469717767673,3
2020-12-29 00:00:00+00:00,0.0037361474140809037,1.1284894562814867,1.0054284811019767,0.10904929106294999,3
2020-12-30 00:00:00+00:00,0.0021655187658813357,1.1309332213761634,1.0054284811019767,0.1109744924828256,3
2020-12-31 00:00:00+00:00,-0.0015438931209759144,1.1291871813553975,1.0054284811019767,0.10959980975418927,3
2021-01-01 00:00:00+00:00,0.0004116913954315127,1.129652058001793,1.0054284811019767,0.10996622899935361,3
2021-01-02 00:00:00+00:00,0.003349460130044113,1.1334357825308923,1.0580203319372674,0.06653702993673523,2
2021-01-03 00:00:00+00:00,0.008539615113213328,1.1431148878692499,1.1028533517602397,0.03522090083531078,1
2021-01-04 00:00:00+00:00,-0.0016667673739632072,1.1412095812694578,1.076331628410336,0.05685016488115436,2
2021-01-05 00:00:00+00:00,-0.0016625936605836333,1.139312213454242,1.1121040058637446,0.023881256840041845,1
2021-01-06 00:00:00+00:00,0.00023971535538658273,1.1395853240863865,1.1121040058637446,0.024115191413748644,1
2021-01-07 00:00:00+00:00,0.0007599062369849641,1.1404513020817362,1.1121040058637446,0.024856209262287227,1
2021-01-08 00:00:00+00:00,-0.0006941265062230251,1.1396596846039047,1.1121040058637446,0.024178865947809075,1
2021-01-09 00:00:00+00:00,0.0008516491195471598,1.140630274770881,1.1121040058637446,0.02500921599057722,1
2021-01-10 00:00:00+00:00,-0.0008240603372837718,1.1396903266019371,1.1121040058637446,0.024205102117908703,1
2021-01-11 00:00:00+00:00,-0.012668846734961603,1.1252517645288989,1.1252517645288989,0.0,0
2021-01-12 00:00:00+00:00,0.0,1.1252517645288989,1.1252517645288989,0.0,0
2021-01-13 00:00:00+00:00,0.0,1.1252517645288989,1.1252517645288989,0.0,0
2021-01-14 00:00:00+00:00,0.0,1.1252517645288989,1.1252517645288989,0.0,0
2021-01-15 00:00:00+00:00,0.0,1.1252517645288989,1.1252517645288989,0.0,0
2021-01-16 00:00:00+00:00,0.0,1.1252517645288989,1.1252517645288989,0.0,0
2021-01-17 00:00:00+00:00,0.0,1.1252517645288989,1.1252517645288989,0.0,0
2021-01-18 00:00:00+00:00,0.000519075840672123,1.1258358555345396,1.0394235000413763,0.07675395579947596,3
2021-01-19 00:00:00+00:00,-0.0006635858030472619,1.1250887668442453,1.0394235000413763,0.07614089601405497,3
2021-01-20 00:00:00+00:00,-2.3477936563320867e-05,1.1250623520815493,1.0394235000413763,0.07611920519936266,3
2021-01-21 00:00:00+00:00,-0.010224616566360645,1.1135590209182675,1.0699192949754819,0.03918941441181916,2
2021-01-22 00:00:00+00:00,0.0034444523482324296,1.1173946219027648,1.0699192949754819,0.042487520520225065,2
2021-01-23 00:00:00+00:00,-0.0005539154145959291,1.1167756797975064,1.0699192949754819,0.041956845649182256,2
2021-01-24 00:00:00+00:00,0.002804654374612303,1.119907849593311,1.0699192949754819,0.04463631060000368,2
2021-01-25 00:00:00+00:00,-0.0012841822565812233,1.1184696838038573,1.0382806612800137,0.07169530268457958,3
2021-01-26 00:00:00+00:00,0.0009549643684167997,1.1195377824990442,1.0382806612800137,0.07258095482731049,3
2021-01-27 00:00:00+00:00,-0.004165319986336624,1.114874549398142,1.0382806612800137,0.06870179982086501,3
2021-01-28 00:00:00+00:00,0.004625029765072286,1.12003087737343,1.0382806612800137,0.07298925212234111,3
2021-01-29 00:00:00+00:00,0.001648459241339939,1.1218772026238222,1.0382806612800137,0.07451487662668836,3
2021-01-30 00:00:00+00:00,0.0012779491754166816,1.1233109046698342,1.0382806612800137,0.07569609004624826,3
2021-01-31 00:00:00+00:00,-0.002172356091290628,1.1208706733836615,1.0382806612800137,0.07368380140977976,3
2021-02-01 00:00:00+00:00,0.0057551294062245795,1.1273214291566265,1.0475729931646405,0.07074152404931007,3
2021-02-02 00:00:00+00:00,0.003405197022765538,1.1311601807308904,1.0547863230187036,0.06751816322144437,3
2021-02-03 00:00:00+00:00,0.0038658567478389028,1.1355330839484556,1.0547863230187036,0.07110912228904935,3
2021-02-04 00:00:00+00:00,0.0007221147895066782,1.136353069182349,1.0654771318774245,0.06237140482748238,3
2021-02-05 00:00:00+00:00,0.0050848774156022625,1.1421312852399845,1.0896557035430552,0.04594531502208445,2
2021-02-06 00:00:00+00:00,4.6301151997107937e-05,1.142184167234223,1.0896557035430552,0.04598948680786254,2
2021-02-07 00:00:00+00:00,-0.0010538023316047918,1.1409805308956695,1.0896557035430552,0.04498308775902112,2
2021-02-08 00:00:00+00:00,0.011684173027173284,1.1543119448392907,1.0694604614245937,0.07350827806473964,3
2021-02-09 00:00:00+00:00,0.0058027528554913665,1.1610101317733346,1.1103821398290104,0.04360684765687164,2
2021-02-10 00:00:00+00:00,-0.0007610084728287836,1.160126593226015,1.119000627824029,0.035449549766483006,2
2021-02-11 00:00:00+00:00,0.001867235248876442,1.1622928224940456,1.119000627824029,0.037247235664004494,2
2021-02-12 00:00:00+00:00,0.00012007164942517967,1.1624323809103576,1.119000627824029,0.037362821097873394,2
2021-02-13 00:00:00+00:00,-0.000268847544452,1.1621198638191583,1.119000627824029,0.03710394885896141,2
2021-02-14 00:00:00+00:00,0.0005575470795087245,1.1627678003552697,1.119000627824029,0.03764050958228145,2
2021-02-15 00:00:00+00:00,-0.0022705770478970155,1.1601276464757493,1.0456796388150824,0.09865121998285153,3
2021-02-16 00:00:00+00:00,0.000970791558540629,1.1612538886017776,1.0456796388150824,0.09952539312988114,3
2021-02-17 00:00:00+00:00,0.01096731962156805,1.173989731159862,1.0558876716896037,0.10059888628972712,3
2021-02-18 00:00:00+00:00,0.005361656745718202,1.180284261121339,1.0675476534536372,0.09551648817259972,3
2021-02-19 00:00:00+00:00,0.004254625142821933,1.185305928214383,1.1061329054240012,0.06679543306566676,2
2021-02-20 00:00:00+00:00,-0.0007885397424457485,1.1843712673830293,1.1061329054240012,0.06605898345702231,2
2021-02-21 00:00:00+00:00,0.0012601600374373412,1.1858637647236745,1.1061329054240012,0.06723441736855143,2
2021-02-22 00:00:00+00:00,-0.012878586533006775,1.1705915156133235,1.1328833268363623,0.03221293531860621,1
2021-02-23 00:00:00+00:00,-0.004587205023421248,1.1652217723325278,1.1652217723325278,0.0,0
2021-02-24 00:00:00+00:00,0.0,1.1652217723325278,1.1652217723325278,0.0,0
2021-02-25 00:00:00+00:00,0.0,1.1652217723325278,1.1652217723325278,0.0,0
2021-02-26 00:00:00+00:00,0.0,1.1652217723325278,1.1652217723325278,0.0,0
2021-02-27 00:00:00+00:00,0.0,1.1652217723325278,1.1652217723325278,0.0,0
2021-02-28 00:00:00+00:00,0.0,1.1652217723325278,1.1652217723325278,0.0,0
2021-03-01 00:00:00+00:00,0.009550126018713856,1.1763497870980526,1.0774519036756032,0.08407183348621289,4
2021-03-02 00:00:00+00:00,-0.003964320835044055,1.1716863591277602,1.0774519036756032,0.08042634850021475,4
2021-03-03 00:00:00+00:00,0.0025550805598859583,1.1746801121662511,1.0774519036756032,0.08276994518222285,4
2021-03-04 00:00:00+00:00,-0.0033796287615731613,1.170710129473526,1.0774519036756032,0.07965953607991894,4
2021-03-05 00:00:00+00:00,-0.0007677651682289621,1.1698112990140235,1.0774519036756032,0.07895238780499522,4
2021-03-06 00:00:00+00:00,0.0025688385719719875,1.1728163554008593,1.0774519036756032,0.08131234808083931,4
2021-03-07 00:00:00+00:00,0.0040284325472659255,1.1775409669789219,1.0774519036756032,0.0849983704262157,4
2021-03-08 00:00:00+00:00,0.001881054192447218,1.179755985351636,1.085192225812298,0.08015535476274989,4
2021-03-09 00:00:00+00:00,0.005944245903859224,1.1867687450351159,1.0944630776652877,0.07777898411631731,4
2021-03-10 00:00:00+00:00,-0.0019397112704294672,1.1844667563249778,1.0944630776652877,0.07598666503646134,4
2021-03-11 00:00:00+00:00,0.004084744263020079,1.1893050001126142,1.0992277163715523,0.07573943078733605,4
2021-03-12 00:00:00+00:00,-0.003674627351498261,1.1849347474299268,1.0992277163715523,0.07233059140536592,4
2021-03-13 00:00:00+00:00,0.004878772675884768,1.1907157746983943,1.0992277163715523,0.07683450599284769,4
2021-03-14 00:00:00+00:00,-0.0032898142395031416,1.1867985409875905,1.0992277163715523,0.0737874387199418,4
2021-03-15 00:00:00+00:00,-0.0027841461055346794,1.1834943204516457,1.0992277163715523,0.07120152807149567,4
2021-03-16 00:00:00+00:00,0.00025891151133228263,1.183800740754807,1.0992277163715523,0.07144194244153779,4
2021-03-17 00:00:00+00:00,0.0021940117213030685,1.1863980134557104,1.0992277163715523,0.07347474970077757,4
2021-03-18 00:00:00+00:00,-0.0014157490147329588,1.1847183716370793,1.0992277163715523,0.07216116278115402,4
2021-03-19 00:00:00+00:00,0.0005398634969837612,1.185357957840132,1.0992277163715523,0.0726617988253268,4
2021-03-20 00:00:00+00:00,9.223248764045344e-05,1.185467286353328,1.0992277163715523,0.0727473216465225,4
2021-03-21 00:00:00+00:00,-0.0004035768369734516,1.184988859215566,1.0992277163715523,0.07237295285694546,4
2021-03-22 00:00:00+00:00,-0.0024405243177002545,1.1820968650884465,1.0992277163715523,0.07010351787938618,4
2021-03-23 00:00:00+00:00,-0.0007502636570392296,1.1812099807714707,1.0992277163715523,0.0694053265164372,4
2021-03-24 00:00:00+00:00,-0.002795080553820717,1.1779084037242373,1.0992277163715523,0.0667969488153047,4
2021-03-25 00:00:00+00:00,-0.0017086519255123944,1.1758957682621367,1.0992277163715523,0.06519970048356642,4
2021-03-26 00:00:00+00:00,0.0058739910812868334,1.1828029695174314,1.0992277163715523,0.07065864332415123,4
2021-03-27 00:00:00+00:00,0.003029383975123867,1.1863861338790165,1.0992277163715523,0.07346547217514293,4
2021-03-28 00:00:00+00:00,0.001302557933392512,1.1879314705497674,1.1051708124994002,0.06966787234962814,4
2021-03-29 00:00:00+00:00,0.006087335501911761,1.1951628079642833,1.031203543187526,0.13718571535540727,4
2021-03-30 00:00:00+00:00,0.005049799325150817,1.2011981403053866,1.031203543187526,0.14152086272348222,4
2021-03-31 00:00:00+00:00,0.001305208570924865,1.202765954413492,1.044067347175333,0.13194471181681042,4
2021-04-01 00:00:00+00:00,0.003066861590906189,1.2064546711219324,1.053517963485729,0.1267653988972343,4
2021-04-02 00:00:00+00:00,0.0042432642404570675,1.2115739770856364,1.0678651076829169,0.11861336750431212,4
2021-04-03 00:00:00+00:00,-9.834513734063854e-05,1.2114548246764616,1.077831433108808,0.11029993760051256,4
2021-04-04 00:00:00+00:00,0.005205004710179928,1.2177604527450727,1.0892810987440797,0.10550462015035483,4
2021-04-05 00:00:00+00:00,0.0017544392925172847,1.2198969395322423,1.1002150552638563,0.09810819290544069,4
2021-04-06 00:00:00+00:00,0.0026246748344718185,1.223098772330082,1.1002150552638563,0.1004691688408159,4
2021-04-07 00:00:00+00:00,-0.0031980136185402186,1.2191872857993504,1.1002150552638563,0.09758322771344431,4
2021-04-08 00:00:00+00:00,0.005534107291523815,1.2259343990474258,1.1509156604114756,0.06119311008341163,2
2021-04-09 00:00:00+00:00,-0.00010684811137307015,1.2258034102722204,1.1509156604114756,0.061092789621228064,2
2021-04-10 00:00:00+00:00,0.001806043807543567,1.2280172649306083,1.1509156604114756,0.06278544017334262,2
2021-04-11 00:00:00+00:00,0.0003500071535764704,1.2284470797580493,1.1509156604114756,0.06311335720041275,2
2021-04-12 00:00:00+00:00,0.005324390663083989,1.2349878119196058,1.0831631349776887,0.1229361743302779,4
2021-04-13 00:00:00+00:00,0.0006510353371476096,1.2357918326261121,1.0959016211850685,0.11319884769247167,4
2021-04-14 00:00:00+00:00,-0.002242700453642388,1.233020321722474,1.16116321205822,0.05827731173471073,2
2021-04-15 00:00:00+00:00,0.0015217986769051617,1.2348967304166685,1.16116321205822,0.059708246481120726,2
2021-04-16 00:00:00+00:00,-0.003461063121980801,1.2306226748835687,1.16116321205822,0.05644253453392631,2
2021-04-17 00:00:00+00:00,-0.0011203117508639115,1.229243993840017,1.16116321205822,0.0553842704320404,2
2021-04-18 00:00:00+00:00,-0.004007597396102791,1.2243176788111287,1.2243176788111287,0.0,0
2021-04-19 00:00:00+00:00,-0.0014191272524373133,1.222580216227487,1.0602234847508236,0.13279842853800394,4
2021-04-20 00:00:00+00:00,0.007559693943664403,1.231822548483746,1.0687319174198577,0.1323978289443044,4
2021-04-21 00:00:00+00:00,-0.002683275026866272,1.2285172298018687,1.0687319174198577,0.1300635501935783,4
2021-04-22 00:00:00+00:00,0.0021388514562685756,1.2311448456678815,1.111749685218329,0.09697897113380022,3
2021-04-23 00:00:00+00:00,-0.007053511303984905,1.2224609515821203,1.2224609515821203,0.0,0
2021-04-24 00:00:00+00:00,0.0,1.2224609515821203,1.2224609515821203,0.0,0
2021-04-25 00:00:00+00:00,0.0,1.2224609515821203,1.2224609515821203,0.0,0
2021-04-26 00:00:00+00:00,0.00561485593719091,1.2293248937140953,1.0894763880405751,0.1137604114165485,4
2021-04-27 00:00:00+00:00,0.003312638439457505,1.2333972026115945,1.0894763880405751,0.11668650963881022,4
2021-04-28 00:00:00+00:00,0.0015800643093528688,1.2353460495106967,1.1126522873376061,0.09931934636589301,4
2021-04-29 00:00:00+00:00,-0.0004310257776690696,1.234813583519016,1.1126522873376061,0.0989309623832208,4
2021-04-30 00:00:00+00:00,0.0034272306432168165,1.2390455744711126,1.1126522873376061,0.1020085860743723,4
2021-05-01 00:00:00+00:00,0.005166515969716956,1.245447123218825,1.1199501983430464,0.10076455478208896,4
2021-05-02 00:00:00+00:00,-0.0019442992548810434,1.2430256013051568,1.1199501983430464,0.09901276597431556,4
2021-05-03 00:00:00+00:00,0.004829179646398396,1.2490283952389318,1.1320074997038203,0.09368953979042743,4
2021-05-04 00:00:00+00:00,-0.005202613703092052,1.2425301829943107,1.1591751986519443,0.06708487687719066,3
2021-05-05 00:00:00+00:00,0.0046356073484095095,1.2482900650412196,1.1591751986519443,0.07138955030162215,3
2021-05-06 00:00:00+00:00,-0.001770390494385543,1.2460801041758347,1.1591751986519443,0.06974263149909592,3
2021-05-07 00:00:00+00:00,8.101521655579091e-05,1.2461810556253203,1.1591751986519443,0.06981799039604031,3
2021-05-08 00:00:00+00:00,0.0026454697248681214,1.2494777898796814,1.1591751986519443,0.07227226602918078,3
2021-05-09 00:00:00+00:00,-0.0005402487570733694,1.248802761056708,1.1591751986519443,0.07177079135292996,3
2021-05-10 00:00:00+00:00,-0.0027190783944206487,1.245407168450226,1.1124049716334052,0.10679414747734871,4
2021-05-11 00:00:00+00:00,0.004599191223074284,1.2511350341685161,1.1124049716334052,0.11088336490178195,4
2021-05-12 00:00:00+00:00,-0.01002247710975157,1.2385955619273539,1.145760765442177,0.07495166246253819,3
2021-05-13 00:00:00+00:00,-0.0047866415787987115,1.2326668489113168,1.1687967692564825,0.05181455128061902,2
2021-05-14 00:00:00+00:00,0.0043267939699718205,1.2380003444001704,1.1687967692564825,0.05589947971881864,2
2021-05-15 00:00:00+00:00,-0.005206434635819601,1.2315547765279287,1.1687967692564825,0.05095835643492633,2
2021-05-16 00:00:00+00:00,-0.002396755474908141,1.228603040874636,1.2092357795105035,0.01576364433409265,1
2021-05-17 00:00:00+00:00,-6.2756243551786994e-06,1.2285953306234698,1.2285953306234698,0.0,0
2021-05-18 00:00:00+00:00,0.0,1.2285953306234698,1.2285953306234698,0.0,0
2021-05-19 00:00:00+00:00,0.0,1.2285953306234698,1.2285953306234698,0.0,0
2021-05-20 00:00:00+00:00,0.0,1.2285953306234698,1.2285953306234698,0.0,0
2021-05-21 00:00:00+00:00,0.0,1.2285953306234698,1.2285953306234698,0.0,0
2021-05-22 00:00:00+00:00,0.0,1.2285953306234698,1.2285953306234698,0.0,0
2021-05-23 00:00:00+00:00,0.0,1.2285953306234698,1.2285953306234698,0.0,0
2021-05-24 00:00:00+00:00,0.0,1.2285953306234698,1.2285953306234698,0.0,0
2021-05-25 00:00:00+00:00,0.0,1.2285953306234698,1.2285953306234698,0.0,0
2021-05-26 00:00:00+00:00,0.0,1.2285953306234698,1.2285953306234698,0.0,0
2021-05-27 00:00:00+00:00,0.0,1.2285953306234698,1.2285953306234698,0.0,0
2021-05-28 00:00:00+00:00,0.0,1.2285953306234698,1.2285953306234698,0.0,0
2021-05-29 00:00:00+00:00,0.0,1.2285953306234698,1.2285953306234698,0.0,0
2021-05-30 00:00:00+00:00,0.0,1.2285953306234698,1.2285953306234698,0.0,0
2021-05-31 00:00:00+00:00,0.0,1.2285953306234698,1.2285953306234698,0.0,0
2021-06-01 00:00:00+00:00,0.0,1.2285953306234698,1.2285953306234698,0.0,0
2021-06-02 00:00:00+00:00,0.0,1.2285953306234698,1.2285953306234698,0.0,0
2021-06-03 00:00:00+00:00,0.0,1.2285953306234698,1.2285953306234698,0.0,0
2021-06-04 00:00:00+00:00,0.0,1.2285953306234698,1.2285953306234698,0.0,0
2021-06-05 00:00:00+00:00,0.0,1.2285953306234698,1.2285953306234698,0.0,0
2021-06-06 00:00:00+00:00,0.0,1.2285953306234698,1.2285953306234698,0.0,0
2021-06-07 00:00:00+00:00,0.0,1.2285953306234698,1.2285953306234698,0.0,0
2021-06-08 00:00:00+00:00,0.0,1.2285953306234698,1.2285953306234698,0.0,0
2021-06-09 00:00:00+00:00,0.0,1.2285953306234698,1.2285953306234698,0.0,0
2021-06-10 00:00:00+00:00,0.0,1.2285953306234698,1.2285953306234698,0.0,0
2021-06-11 00:00:00+00:00,0.0,1.2285953306234698,1.2285953306234698,0.0,0
2021-06-12 00:00:00+00:00,0.0,1.2285953306234698,1.2285953306234698,0.0,0
2021-06-13 00:00:00+00:00,0.0,1.2285953306234698,1.2285953306234698,0.0,0
2021-06-14 00:00:00+00:00,0.0,1.2285953306234698,1.2285953306234698,0.0,0
2021-06-15 00:00:00+00:00,0.0,1.2285953306234698,1.2285953306234698,0.0,0
2021-06-16 00:00:00+00:00,0.0,1.2285953306234698,1.2285953306234698,0.0,0
2021-06-17 00:00:00+00:00,0.0,1.2285953306234698,1.2285953306234698,0.0,0
2021-06-18 00:00:00+00:00,0.0,1.2285953306234698,1.2285953306234698,0.0,0
2021-06-19 00:00:00+00:00,0.0,1.2285953306234698,1.2285953306234698,0.0,0
2021-06-20 00:00:00+00:00,0.0,1.2285953306234698,1.2285953306234698,0.0,0
2021-06-21 00:00:00+00:00,0.0,1.2285953306234698,1.2285953306234698,0.0,0
2021-06-22 00:00:00+00:00,0.0,1.2285953306234698,1.2285953306234698,0.0,0
2021-06-23 00:00:00+00:00,0.0,1.2285953306234698,1.2285953306234698,0.0,0
2021-06-24 00:00:00+00:00,0.0,1.2285953306234698,1.2285953306234698,0.0,0
2021-06-25 00:00:00+00:00,0.0,1.2285953306234698,1.2285953306234698,0.0,0
2021-06-26 00:00:00+00:00,0.0,1.2285953306234698,1.2285953306234698,0.0,0
2021-06-27 00:00:00+00:00,0.0,1.2285953306234698,1.2285953306234698,0.0,0
2021-06-28 00:00:00+00:00,0.0,1.2285953306234698,1.2285953306234698,0.0,0
2021-06-29 00:00:00+00:00,0.0,1.2285953306234698,1.2285953306234698,0.0,0
2021-06-30 00:00:00+00:00,0.0,1.2285953306234698,1.2285953306234698,0.0,0
2021-07-01 00:00:00+00:00,0.0,1.2285953306234698,1.2285953306234698,0.0,0
2021-07-02 00:00:00+00:00,0.0,1.2285953306234698,1.2285953306234698,0.0,0
2021-07-03 00:00:00+00:00,0.0,1.2285953306234698,1.2285953306234698,0.0,0
2021-07-04 00:00:00+00:00,0.0,1.2285953306234698,1.2285953306234698,0.0,0
2021-07-05 00:00:00+00:00,0.0,1.2285953306234698,1.2285953306234698,0.0,0
2021-07-06 00:00:00+00:00,0.0,1.2285953306234698,1.2285953306234698,0.0,0
2021-07-07 00:00:00+00:00,0.0,1.2285953306234698,1.2285953306234698,0.0,0
2021-07-08 00:00:00+00:00,0.0,1.2285953306234698,1.2285953306234698,0.0,0
2021-07-09 00:00:00+00:00,0.0,1.2285953306234698,1.2285953306234698,0.0,0
2021-07-10 00:00:00+00:00,0.0,1.2285953306234698,1.2285953306234698,0.0,0
2021-07-11 00:00:00+00:00,0.0,1.2285953306234698,1.2285953306234698,0.0,0
2021-07-12 00:00:00+00:00,0.0,1.2285953306234698,1.2285953306234698,0.0,0
2021-07-13 00:00:00+00:00,0.0,1.2285953306234698,1.2285953306234698,0.0,0
2021-07-14 00:00:00+00:00,0.0,1.2285953306234698,1.2285953306234698,0.0,0
2021-07-15 00:00:00+00:00,0.0,1.2285953306234698,1.2285953306234698,0.0,0
2021-07-16 00:00:00+00:00,0.0,1.2285953306234698,1.2285953306234698,0.0,0
2021-07-17 00:00:00+00:00,0.0,1.2285953306234698,1.2285953306234698,0.0,0
2021-07-18 00:00:00+00:00,0.0,1.2285953306234698,1.2285953306234698,0.0,0
2021-07-19 00:00:00+00:00,0.0,1.2285953306234698,1.2285953306234698,0.0,0
2021-07-20 00:00:00+00:00,0.0,1.2285953306234698,1.2285953306234698,0.0,0
2021-07-21 00:00:00+00:00,0.0,1.2285953306234698,1.2285953306234698,0.0,0
2021-07-22 00:00:00+00:00,0.0,1.2285953306234698,1.2285953306234698,0.0,0
2021-07-23 00:00:00+00:00,0.0,1.2285953306234698,1.2285953306234698,0.0,0
2021-07-24 00:00:00+00:00,0.0,1.2285953306234698,1.2285953306234698,0.0,0
2021-07-25 00:00:00+00:00,0.0,1.2285953306234698,1.2285953306234698,0.0,0
2021-07-26 00:00:00+00:00,0.0,1.2285953306234698,1.2285953306234698,0.0,0
2021-07-27 00:00:00+00:00,0.0,1.2285953306234698,1.2285953306234698,0.0,0
2021-07-28 00:00:00+00:00,0.0,1.2285953306234698,1.2285953306234698,0.0,0
2021-07-29 00:00:00+00:00,0.0,1.2285953306234698,1.2285953306234698,0.0,0
2021-07-30 00:00:00+00:00,0.0,1.2285953306234698,1.2285953306234698,0.0,0
2021-07-31 00:00:00+00:00,0.0,1.2285953306234698,1.2285953306234698,0.0,0
2021-08-01 00:00:00+00:00,0.0,1.2285953306234698,1.2285953306234698,0.0,0
2021-08-02 00:00:00+00:00,0.0,1.2285953306234698,1.2285953306234698,0.0,0
2021-08-03 00:00:00+00:00,0.0,1.2285953306234698,1.2285953306234698,0.0,0
2021-08-04 00:00:00+00:00,0.0,1.2285953306234698,1.2285953306234698,0.0,0
2021-08-05 00:00:00+00:00,0.0,1.2285953306234698,1.2285953306234698,0.0,0
2021-08-06 00:00:00+00:00,0.0,1.2285953306234698,1.2285953306234698,0.0,0
2021-08-07 00:00:00+00:00,0.0,1.2285953306234698,1.2285953306234698,0.0,0
2021-08-08 00:00:00+00:00,0.0,1.2285953306234698,1.2285953306234698,0.0,0
2021-08-09 00:00:00+00:00,0.0,1.2285953306234698,1.2285953306234698,0.0,0
2021-08-10 00:00:00+00:00,0.0,1.2285953306234698,1.2285953306234698,0.0,0
2021-08-11 00:00:00+00:00,0.0,1.2285953306234698,1.2285953306234698,0.0,0
2021-08-12 00:00:00+00:00,0.0,1.2285953306234698,1.2285953306234698,0.0,0
2021-08-13 00:00:00+00:00,0.0,1.2285953306234698,1.2285953306234698,0.0,0
2021-08-14 00:00:00+00:00,0.0,1.2285953306234698,1.2285953306234698,0.0,0
2021-08-15 00:00:00+00:00,0.0,1.2285953306234698,1.2285953306234698,0.0,0
2021-08-16 00:00:00+00:00,0.004530290943458137,1.2341612249229683,1.1624058621993472,0.05814099590440443,2
2021-08-17 00:00:00+00:00,-0.0019475557449754044,1.2317576271391437,1.1872099306316852,0.0361659595410212,1
2021-08-18 00:00:00+00:00,3.398379182040223e-05,1.2317994869339175,1.1872099306316852,0.036198713163309214,1
2021-08-19 00:00:00+00:00,0.002036196377934507,1.234307672587554,1.1872099306316852,0.03815721396038547,1
2021-08-20 00:00:00+00:00,0.0012067483153308523,1.2357971712920488,1.1872099306316852,0.03931651713489897,1
2021-08-21 00:00:00+00:00,-0.000734786377004415,1.2348891243658429,1.1872099306316852,0.03861010093407573,1
2021-08-22 00:00:00+00:00,0.00017451881089680654,1.2351046357474167,1.1872099306316852,0.03877785228030357,1
2021-08-23 00:00:00+00:00,0.0071323242140743925,1.2439138024478735,1.0538469486967035,0.15279744736101586,4
2021-08-24 00:00:00+00:00,-0.007451250519485697,1.2346450890811884,1.0538469486967035,0.14643733813336862,4
2021-08-25 00:00:00+00:00,0.004843635760155118,1.240625260185762,1.0538469486967035,0.15055175602429025,4
2021-08-26 00:00:00+00:00,-0.004518754474333031,1.235019179240327,1.0538469486967035,0.1466958842332022,4
2021-08-27 00:00:00+00:00,0.01019996367714926,1.247616330009161,1.0634945871811659,0.14757881762147426,4
2021-08-28 00:00:00+00:00,0.0010839004850380363,1.2489686219543992,1.0634945871811659,0.14850175698009255,4
2021-08-29 00:00:00+00:00,-0.001384759118486678,1.247239101266444,1.0634945871811659,0.14732100196241807,4
2021-08-30 00:00:00+00:00,0.0009819935258852386,1.2484638819891187,1.1001491872040008,0.11879774571356852,3
2021-08-31 00:00:00+00:00,0.0015988098910704185,1.2504599383922872,1.141131725987201,0.08743039984603528,2
2021-09-01 00:00:00+00:00,0.006085469609650174,1.2580695743454584,1.1548838272731754,0.08201911021174484,2
2021-09-02 00:00:00+00:00,6.979442743770825e-05,1.2581573805910766,1.1548838272731754,0.08208317569093286,2
2021-09-03 00:00:00+00:00,0.0020869740585920393,1.2607831224059964,1.1548838272731754,0.0839948546667803,2
2021-09-04 00:00:00+00:00,-0.0005451426859420794,1.2600958157082576,1.1548838272731754,0.08349522879412634,2
2021-09-05 00:00:00+00:00,0.0023883090985907796,1.2631053140100097,1.1548838272731754,0.08567891017199585,2
2021-09-06 00:00:00+00:00,0.0030234982370000996,1.2669243107000643,1.1341695456817045,0.10478507981664938,3
2021-09-07 00:00:00+00:00,-0.008267794360715897,1.2564496410286043,1.2263921486736167,0.023922560342634014,1
2021-09-08 00:00:00+00:00,0.002671410173669786,1.2598061333823518,1.2377392507594618,0.017516093975224873,1
2021-09-09 00:00:00+00:00,-0.0002860968129134722,1.2594457068627023,1.2377392507594618,0.017234928020288955,1
2021-09-10 00:00:00+00:00,-0.0017203570816096692,1.2572790105219982,1.2572790105219982,0.0,0
2021-09-11 00:00:00+00:00,0.0,1.2572790105219982,1.2572790105219982,0.0,0
2021-09-12 00:00:00+00:00,0.0,1.2572790105219982,1.2572790105219982,0.0,0
2021-09-13 00:00:00+00:00,-0.0030658201212124814,1.2534244192335617,1.1517150851702123,0.08114516719368066,3
2021-09-14 00:00:00+00:00,0.0013881677597769038,1.255164382601659,1.1517150851702123,0.0824189236608361,3
2021-09-15 00:00:00+00:00,0.00301519312638443,1.258948945620562,1.1517150851702123,0.08517729080545998,3
2021-09-16 00:00:00+00:00,-0.0016953692018707445,1.2568145623514293,1.1517150851702123,0.08362369464002858,3
2021-09-17 00:00:00+00:00,-0.0034953997453195385,1.2524214930502722,1.1517150851702123,0.0804093577432862,3
2021-09-18 00:00:00+00:00,0.00311519622330958,1.2563230317554142,1.1517150851702123,0.08326516663396438,3
2021-09-19 00:00:00+00:00,-0.003084707410107579,1.2524476427898694,1.1517150851702123,0.0804285577920622,3
2021-09-20 00:00:00+00:00,-0.009028271866874604,1.2411402049717362,1.1517150851702123,0.07205077995484019,3
2021-09-21 00:00:00+00:00,-0.002346582073897485,1.238227767615556,1.238227767615556,0.0,0
2021-09-22 00:00:00+00:00,0.0,1.238227767615556,1.238227767615556,0.0,0
2021-09-23 00:00:00+00:00,0.0,1.238227767615556,1.238227767615556,0.0,0
2021-09-24 00:00:00+00:00,0.0,1.238227767615556,1.238227767615556,0.0,0
2021-09-25 00:00:00+00:00,0.0,1.238227767615556,1.238227767615556,0.0,0
2021-09-26 00:00:00+00:00,0.0,1.238227767615556,1.238227767615556,0.0,0
2021-09-27 00:00:00+00:00,0.0,1.238227767615556,1.238227767615556,0.0,0
2021-09-28 00:00:00+00:00,0.0,1.238227767615556,1.238227767615556,0.0,0
2021-09-29 00:00:00+00:00,0.0,1.238227767615556,1.238227767615556,0.0,0
2021-09-30 00:00:00+00:00,0.0,1.238227767615556,1.238227767615556,0.0,0
2021-10-01 00:00:00+00:00,0.0,1.238227767615556,1.238227767615556,0.0,0
2021-10-02 00:00:00+00:00,0.0,1.238227767615556,1.238227767615556,0.0,0
2021-10-03 00:00:00+00:00,0.0,1.238227767615556,1.238227767615556,0.0,0
2021-10-04 00:00:00+00:00,-0.0015701065706252848,1.236283618061692,1.1204301354586577,0.09371108773945848,3
2021-10-05 00:00:00+00:00,0.0023229530838886348,1.2391554469048294,1.1204301354586577,0.09581147526141665,3
2021-10-06 00:00:00+00:00,-0.0015078842016414962,1.2372869439830636,1.1204301354586577,0.09444600469816773,3
2021-10-07 00:00:00+00:00,0.0004943416086116148,1.2378985864012664,1.1204301354586577,0.09489343653271709,3
2021-10-08 00:00:00+00:00,-0.001316046437020435,1.2362694543772403,1.1204301354586577,0.09370070457409774,3
2021-10-09 00:00:00+00:00,7.863159507048856e-05,1.2363666642163749,1.1204301354586577,0.09377196273016576,3
2021-10-10 00:00:00+00:00,-0.004416127872354014,1.2309067109300795,1.1204301354586577,0.08975219201457213,3
2021-10-11 00:00:00+00:00,0.0008399416286262174,1.231940600717545,1.1644837121598715,0.054756608003976234,2
2021-10-12 00:00:00+00:00,0.0005303836555454744,1.2325940018767685,1.1644837121598715,0.0552576838871446,2
2021-10-13 00:00:00+00:00,0.0005608460456953956,1.233285297348669,1.1644837121598715,0.05578724187883201,2
2021-10-14 00:00:00+00:00,0.0020797749797176746,1.2358502532529483,1.1644837121598715,0.05774691626694176,2
2021-10-15 00:00:00+00:00,0.0025608501121223703,1.2390150805125575,1.1644837121598715,0.060153721714068006,2
2021-10-16 00:00:00+00:00,-0.0009216778966862904,1.237873107699188,1.1764177154562316,0.04964595471112733,2
2021-10-17 00:00:00+00:00,0.0004751033566585683,1.2384612253677734,1.1764177154562316,0.050097256692971825,2
2021-10-18 00:00:00+00:00,-0.0007961954318168596,1.2374751681976532,1.1106440911345543,0.1024918158542322,3
2021-10-19 00:00:00+00:00,0.0027516096336519524,1.240880216791871,1.1106440911345543,0.10495463131326636,3
2021-10-20 00:00:00+00:00,0.006409222421549732,1.248833294099791,1.1106440911345543,0.11065464351256671,3
2021-10-21 00:00:00+00:00,-0.0021911244673168406,1.246096944913489,1.1106440911345543,0.10870169799536633,3
2021-10-22 00:00:00+00:00,-0.0006512131072283767,1.2452854702500842,1.1194573223438369,0.10104361683508434,3
2021-10-23 00:00:00+00:00,0.002089844089846693,1.2478879227302584,1.1194573223438369,0.10291837756184684,3
2021-10-24 00:00:00+00:00,-0.0005482431074748106,1.2472037767777204,1.1194573223438369,0.10242628896131922,3
2021-10-25 00:00:00+00:00,0.003681383036357788,1.2517952116044313,1.1194573223438369,0.10571848177225131,3
2021-10-26 00:00:00+00:00,-0.003986526872349794,1.2468048963546914,1.1194573223438369,0.10213913530752348,3
2021-10-27 00:00:00+00:00,-0.00472848422259875,1.2409093990736193,1.1194573223438369,0.09787344412126349,3
2021-10-28 00:00:00+00:00,0.005649626600583435,1.2479200738235396,1.1194573223438369,0.10294148974309057,3
2021-10-29 00:00:00+00:00,0.0029410153384088478,1.251590225901763,1.132937562565007,0.09480152599567271,3
2021-10-30 00:00:00+00:00,-0.0012791018974788182,1.2499893144689462,1.132937562565007,0.09364220201647742,3
2021-10-31 00:00:00+00:00,3.467612051788471e-05,1.2500326592490607,1.132937562565007,0.09367362989891544,3
2021-11-01 00:00:00+00:00,9.934210689843681e-05,1.2501568401271224,1.0897025534089657,0.12834732536586435,3
2021-11-02 00:00:00+00:00,0.007393612413242989,1.259400015258787,1.0897025534089657,0.1347446877828972,3
2021-11-03 00:00:00+00:00,0.002991916218565205,1.263168034590101,1.1010521047056814,0.12834074758472364,3
2021-11-04 00:00:00+00:00,-0.0015725926210210517,1.261181585859795,1.1010521047056814,0.12696782362624434,3
2021-11-05 00:00:00+00:00,-0.002251270717178455,1.2583423246865042,1.1010521047056814,0.12499795714970413,3
2021-11-06 00:00:00+00:00,0.0034845569741353,1.2627270902098402,1.1010521047056814,0.1280363641183081,3
2021-11-07 00:00:00+00:00,0.00148819701024272,1.264606276890243,1.1010521047056814,0.12933208949962907,3
2021-11-08 00:00:00+00:00,0.0052634863059553005,1.27126251471108,1.1344394355840433,0.1076277146094665,3
2021-11-09 00:00:00+00:00,-0.0019949937226444447,1.2687263539743983,1.1344394355840433,0.10584387876052959,3
2021-11-10 00:00:00+00:00,-0.002777301586240233,1.2652027182590004,1.1344394355840433,0.10335362135081072,3
2021-11-11 00:00:00+00:00,0.0006563534082124622,1.2660331383752095,1.1344394355840433,0.10394175223568769,3
2021-11-12 00:00:00+00:00,-0.0013839123085979121,1.2642810595319192,1.1344394355840433,0.10269996767644989,3
2021-11-13 00:00:00+00:00,0.001505601071013496,1.2661845624492125,1.1344394355840433,0.10404891259322524,3
2021-11-14 00:00:00+00:00,0.00024599537847502795,1.2664960379998713,1.1344394355840433,0.10426925821606205,3
2021-11-15 00:00:00+00:00,-0.003463849128187424,1.2621090868027927,1.0596037347779026,0.1604499596289904,4
2021-11-16 00:00:00+00:00,-0.011687790554628985,1.2473578201391475,1.215566269668891,0.02548711360683184,1
2021-11-17 00:00:00+00:00,-1.1635826153599815e-05,1.2473433061004011,1.215566269668891,0.02547577421235811,1
2021-11-18 00:00:00+00:00,-0.0019330276028868276,1.244932157059433,1.244932157059433,0.0,0
2021-11-19 00:00:00+00:00,0.0,1.244932157059433,1.244932157059433,0.0,0
2021-11-20 00:00:00+00:00,0.0,1.244932157059433,1.244932157059433,0.0,0
2021-11-21 00:00:00+00:00,0.0,1.244932157059433,1.244932157059433,0.0,0
2021-11-22 00:00:00+00:00,-0.007351981050894851,1.2357794394310824,1.0470275143607135,0.1527391693434104,4
2021-11-23 00:00:00+00:00,0.006488705733651123,1.243798048565247,1.0470275143607135,0.15820135305045166,4
2021-11-24 00:00:00+00:00,-0.0030869032837703703,1.2399585642847837,1.0470275143607135,0.15559475572907874,4
2021-11-25 00:00:00+00:00,0.007758977611376672,1.2495793750241042,1.0470275143607135,0.1620960338429749,4
2021-11-26 00:00:00+00:00,-0.015165279503508211,1.2306291545400445,1.075829171857781,0.12578930225338344,3
2021-11-27 00:00:00+00:00,0.0022184327660725867,1.2333592225793604,1.075829171857781,0.12772438705418857,3
2021-11-28 00:00:00+00:00,0.005024973093050056,1.239556819486887,1.075829171857781,0.13208563339345814,3
2021-11-29 00:00:00+00:00,0.0031318814867475897,1.2434389645416097,1.0447912914626427,0.15975667382451536,4
2021-11-30 00:00:00+00:00,0.001982119127514448,1.2459036086971245,1.060048648402087,0.149172824444574,4
2021-12-01 00:00:00+00:00,0.0027796009749130324,1.2493667235825068,1.060048648402087,0.15153122906744151,4
2021-12-02 00:00:00+00:00,-0.0009416091915220859,1.2481903083919996,1.0693405209906404,0.14328727454370746,4
2021-12-03 00:00:00+00:00,-0.008715235779455766,1.2373120355567317,1.1675453314754842,0.056385699060832115,2
2021-12-04 00:00:00+00:00,-0.006780908364776961,1.228921936024986,1.228921936024986,0.0,0
2021-12-05 00:00:00+00:00,0.0,1.228921936024986,1.228921936024986,0.0,0
2021-12-06 00:00:00+00:00,0.0,1.228921936024986,1.228921936024986,0.0,0
2021-12-07 00:00:00+00:00,0.0,1.228921936024986,1.228921936024986,0.0,0
2021-12-08 00:00:00+00:00,0.0,1.228921936024986,1.228921936024986,0.0,0
2021-12-09 00:00:00+00:00,0.0,1.228921936024986,1.228921936024986,0.0,0
2021-12-10 00:00:00+00:00,0.0,1.228921936024986,1.228921936024986,0.0,0
2021-12-11 00:00:00+00:00,0.0,1.228921936024986,1.228921936024986,0.0,0
2021-12-12 00:00:00+00:00,0.0,1.228921936024986,1.228921936024986,0.0,0
2021-12-13 00:00:00+00:00,-0.010207433799056642,1.2163777967188023,1.078987006689668,0.11295075460909264,4
2021-12-14 00:00:00+00:00,0.0029787257951989776,1.2200010526385958,1.078987006689668,0.11558518383565754,4
2021-12-15 00:00:00+00:00,0.004519510864901655,1.2255148606511874,1.078987006689668,0.11956432244620886,4
2021-12-16 00:00:00+00:00,-0.0024249299607759234,1.2225430729482183,1.078987006689668,0.11742413779529114,4
2021-12-17 00:00:00+00:00,-0.0019472075425224222,1.220162527855515,1.078987006689668,0.11570222650089788,4
2021-12-18 00:00:00+00:00,0.002558373611524667,1.2232841594685517,1.078987006689668,0.1179588173867735,4
2021-12-19 00:00:00+00:00,-0.0009757253593831727,1.2220905700924265,1.078987006689668,0.11709734687825595,4
2021-12-20 00:00:00+00:00,-0.00012086487422890979,1.221942862269376,1.221942862269376,0.0,0
2021-12-21 00:00:00+00:00,0.0,1.221942862269376,1.221942862269376,0.0,0
2021-12-22 00:00:00+00:00,0.0,1.221942862269376,1.221942862269376,0.0,0
2021-12-23 00:00:00+00:00,0.0,1.221942862269376,1.221942862269376,0.0,0
2021-12-24 00:00:00+00:00,0.0,1.221942862269376,1.221942862269376,0.0,0
2021-12-25 00:00:00+00:00,0.0,1.221942862269376,1.221942862269376,0.0,0
2021-12-26 00:00:00+00:00,0.0,1.221942862269376,1.221942862269376,0.0,0
2021-12-27 00:00:00+00:00,0.0006095554019713845,1.2226877041419726,1.00279716666681,0.17984194715483123,4
2021-12-28 00:00:00+00:00,-0.011698201565202071,1.2083844569276256,1.00279716666681,0.17013400750248892,4
2021-12-29 00:00:00+00:00,-0.005832764504148602,1.2013362349598933,1.00279716666681,0.1652651959671486,4
2021-12-30 00:00:00+00:00,-0.0009294296527325718,1.2002196774402194,1.1440415098496297,0.04680657103573267,1
2021-12-31 00:00:00+00:00,-0.0006409385812027324,1.1994504103430292,1.1440415098496297,0.04619524076660504,1
2022-01-01 00:00:00+00:00,0.0014362618853911435,1.2011731352508217,1.1440415098496297,0.04756318945583311,1
2022-01-02 00:00:00+00:00,0.0003337451185028151,1.2015740209211885,1.1440415098496297,0.04788095453948921,1
2022-01-03 00:00:00+00:00,-4.788095453955865e-05,1.2015164884101168,1.2015164884101168,0.0,0
2022-01-04 00:00:00+00:00,0.0,1.2015164884101168,1.2015164884101168,0.0,0
2022-01-05 00:00:00+00:00,0.0,1.2015164884101168,1.2015164884101168,0.0,0
2022-01-06 00:00:00+00:00,0.0,1.2015164884101168,1.2015164884101168,0.0,0
2022-01-07 00:00:00+00:00,0.0,1.2015164884101168,1.2015164884101168,0.0,0
2022-01-08 00:00:00+00:00,0.0,1.2015164884101168,1.2015164884101168,0.0,0
2022-01-09 00:00:00+00:00,0.0,1.2015164884101168,1.2015164884101168,0.0,0
2022-01-10 00:00:00+00:00,0.0,1.2015164884101168,1.2015164884101168,0.0,0
2022-01-11 00:00:00+00:00,0.0,1.2015164884101168,1.2015164884101168,0.0,0
2022-01-12 00:00:00+00:00,0.0,1.2015164884101168,1.2015164884101168,0.0,0
2022-01-13 00:00:00+00:00,0.0,1.2015164884101168,1.2015164884101168,0.0,0
2022-01-14 00:00:00+00:00,0.0,1.2015164884101168,1.2015164884101168,0.0,0
2022-01-15 00:00:00+00:00,0.0,1.2015164884101168,1.2015164884101168,0.0,0
2022-01-16 00:00:00+00:00,0.0,1.2015164884101168,1.2015164884101168,0.0,0
2022-01-17 00:00:00+00:00,0.0,1.2015164884101168,1.2015164884101168,0.0,0
2022-01-18 00:00:00+00:00,0.0,1.2015164884101168,1.2015164884101168,0.0,0
2022-01-19 00:00:00+00:00,0.0,1.2015164884101168,1.2015164884101168,0.0,0
2022-01-20 00:00:00+00:00,0.0,1.2015164884101168,1.2015164884101168,0.0,0
2022-01-21 00:00:00+00:00,0.0,1.2015164884101168,1.2015164884101168,0.0,0
2022-01-22 00:00:00+00:00,0.0,1.2015164884101168,1.2015164884101168,0.0,0
2022-01-23 00:00:00+00:00,0.0,1.2015164884101168,1.2015164884101168,0.0,0
2022-01-24 00:00:00+00:00,0.0,1.2015164884101168,1.2015164884101168,0.0,0
2022-01-25 00:00:00+00:00,0.0,1.2015164884101168,1.2015164884101168,0.0,0
2022-01-26 00:00:00+00:00,0.0,1.2015164884101168,1.2015164884101168,0.0,0
2022-01-27 00:00:00+00:00,0.0,1.2015164884101168,1.2015164884101168,0.0,0
2022-01-28 00:00:00+00:00,0.0,1.2015164884101168,1.2015164884101168,0.0,0
2022-01-29 00:00:00+00:00,0.0,1.2015164884101168,1.2015164884101168,0.0,0
2022-01-30 00:00:00+00:00,0.0,1.2015164884101168,1.2015164884101168,0.0,0
2022-01-31 00:00:00+00:00,0.0,1.2015164884101168,1.2015164884101168,0.0,0
2022-02-01 00:00:00+00:00,0.0,1.2015164884101168,1.2015164884101168,0.0,0
2022-02-02 00:00:00+00:00,0.0,1.2015164884101168,1.2015164884101168,0.0,0
2022-02-03 00:00:00+00:00,0.0,1.2015164884101168,1.2015164884101168,0.0,0
2022-02-04 00:00:00+00:00,0.0,1.2015164884101168,1.2015164884101168,0.0,0
2022-02-05 00:00:00+00:00,0.0,1.2015164884101168,1.2015164884101168,0.0,0
2022-02-06 00:00:00+00:00,0.0,1.2015164884101168,1.2015164884101168,0.0,0
2022-02-07 00:00:00+00:00,0.0,1.2015164884101168,1.2015164884101168,0.0,0
2022-02-08 00:00:00+00:00,0.0,1.2015164884101168,1.2015164884101168,0.0,0
2022-02-09 00:00:00+00:00,0.0,1.2015164884101168,1.2015164884101168,0.0,0
2022-02-10 00:00:00+00:00,0.0,1.2015164884101168,1.2015164884101168,0.0,0
2022-02-11 00:00:00+00:00,0.0,1.2015164884101168,1.2015164884101168,0.0,0
2022-02-12 00:00:00+00:00,0.0,1.2015164884101168,1.2015164884101168,0.0,0
2022-02-13 00:00:00+00:00,0.0,1.2015164884101168,1.2015164884101168,0.0,0
2022-02-14 00:00:00+00:00,0.0,1.2015164884101168,1.2015164884101168,0.0,0
2022-02-15 00:00:00+00:00,0.0,1.2015164884101168,1.2015164884101168,0.0,0
2022-02-16 00:00:00+00:00,0.0,1.2015164884101168,1.2015164884101168,0.0,0
2022-02-17 00:00:00+00:00,0.0,1.2015164884101168,1.2015164884101168,0.0,0
2022-02-18 00:00:00+00:00,0.0,1.2015164884101168,1.2015164884101168,0.0,0
2022-02-19 00:00:00+00:00,0.0,1.2015164884101168,1.2015164884101168,0.0,0
2022-02-20 00:00:00+00:00,0.0,1.2015164884101168,1.2015164884101168,0.0,0
2022-02-21 00:00:00+00:00,0.0,1.2015164884101168,1.2015164884101168,0.0,0
2022-02-22 00:00:00+00:00,0.0,1.2015164884101168,1.2015164884101168,0.0,0
2022-02-23 00:00:00+00:00,0.0,1.2015164884101168,1.2015164884101168,0.0,0
2022-02-24 00:00:00+00:00,0.0,1.2015164884101168,1.2015164884101168,0.0,0
2022-02-25 00:00:00+00:00,0.0,1.2015164884101168,1.2015164884101168,0.0,0
2022-02-26 00:00:00+00:00,0.0,1.2015164884101168,1.2015164884101168,0.0,0
2022-02-27 00:00:00+00:00,0.0,1.2015164884101168,1.2015164884101168,0.0,0
2022-02-28 00:00:00+00:00,0.0,1.2015164884101168,1.2015164884101168,0.0,0
2022-03-01 00:00:00+00:00,0.0,1.2015164884101168,1.2015164884101168,0.0,0
2022-03-02 00:00:00+00:00,0.0,1.2015164884101168,1.2015164884101168,0.0,0
2022-03-03 00:00:00+00:00,0.0,1.2015164884101168,1.2015164884101168,0.0,0
2022-03-04 00:00:00+00:00,0.0,1.2015164884101168,1.2015164884101168,0.0,0
2022-03-05 00:00:00+00:00,0.0,1.2015164884101168,1.2015164884101168,0.0,0
2022-03-06 00:00:00+00:00,0.0,1.2015164884101168,1.2015164884101168,0.0,0
2022-03-07 00:00:00+00:00,0.0,1.2015164884101168,1.2015164884101168,0.0,0
2022-03-08 00:00:00+00:00,0.0,1.2015164884101168,1.2015164884101168,0.0,0
2022-03-09 00:00:00+00:00,0.0,1.2015164884101168,1.2015164884101168,0.0,0
2022-03-10 00:00:00+00:00,0.0,1.2015164884101168,1.2015164884101168,0.0,0
2022-03-11 00:00:00+00:00,0.0,1.2015164884101168,1.2015164884101168,0.0,0
2022-03-12 00:00:00+00:00,0.0,1.2015164884101168,1.2015164884101168,0.0,0
2022-03-13 00:00:00+00:00,0.0,1.2015164884101168,1.2015164884101168,0.0,0
2022-03-14 00:00:00+00:00,0.0,1.2015164884101168,1.2015164884101168,0.0,0
2022-03-15 00:00:00+00:00,0.0,1.2015164884101168,1.2015164884101168,0.0,0
2022-03-16 00:00:00+00:00,0.0,1.2015164884101168,1.2015164884101168,0.0,0
2022-03-17 00:00:00+00:00,0.0,1.2015164884101168,1.2015164884101168,0.0,0
2022-03-18 00:00:00+00:00,0.0,1.2015164884101168,1.2015164884101168,0.0,0
2022-03-19 00:00:00+00:00,0.0,1.2015164884101168,1.2015164884101168,0.0,0
2022-03-20 00:00:00+00:00,0.0,1.2015164884101168,1.2015164884101168,0.0,0
2022-03-21 00:00:00+00:00,0.0,1.2015164884101168,1.2015164884101168,0.0,0
2022-03-22 00:00:00+00:00,0.0,1.2015164884101168,1.2015164884101168,0.0,0
2022-03-23 00:00:00+00:00,0.0,1.2015164884101168,1.2015164884101168,0.0,0
2022-03-24 00:00:00+00:00,0.0,1.2015164884101168,1.2015164884101168,0.0,0
2022-03-25 00:00:00+00:00,0.0,1.2015164884101168,1.2015164884101168,0.0,0
2022-03-26 00:00:00+00:00,0.0,1.2015164884101168,1.2015164884101168,0.0,0
2022-03-27 00:00:00+00:00,0.0,1.2015164884101168,1.2015164884101168,0.0,0
2022-03-28 00:00:00+00:00,0.0,1.2015164884101168,1.2015164884101168,0.0,0
2022-03-29 00:00:00+00:00,0.0,1.2015164884101168,1.2015164884101168,0.0,0
2022-03-30 00:00:00+00:00,0.0,1.2015164884101168,1.2015164884101168,0.0,0
2022-03-31 00:00:00+00:00,0.0,1.2015164884101168,1.2015164884101168,0.0,0
2022-04-01 00:00:00+00:00,0.0,1.2015164884101168,1.2015164884101168,0.0,0
2022-04-02 00:00:00+00:00,0.0,1.2015164884101168,1.2015164884101168,0.0,0
2022-04-03 00:00:00+00:00,0.0,1.2015164884101168,1.2015164884101168,0.0,0
2022-04-04 00:00:00+00:00,0.0,1.2015164884101168,1.2015164884101168,0.0,0
2022-04-05 00:00:00+00:00,0.0,1.2015164884101168,1.2015164884101168,0.0,0
2022-04-06 00:00:00+00:00,0.0,1.2015164884101168,1.2015164884101168,0.0,0
2022-04-07 00:00:00+00:00,0.0,1.2015164884101168,1.2015164884101168,0.0,0
2022-04-08 00:00:00+00:00,0.0,1.2015164884101168,1.2015164884101168,0.0,0
2022-04-09 00:00:00+00:00,0.0,1.2015164884101168,1.2015164884101168,0.0,0
2022-04-10 00:00:00+00:00,0.0,1.2015164884101168,1.2015164884101168,0.0,0
2022-04-11 00:00:00+00:00,0.0,1.2015164884101168,1.2015164884101168,0.0,0
2022-04-12 00:00:00+00:00,0.0,1.2015164884101168,1.2015164884101168,0.0,0
2022-04-13 00:00:00+00:00,0.0,1.2015164884101168,1.2015164884101168,0.0,0
2022-04-14 00:00:00+00:00,0.0,1.2015164884101168,1.2015164884101168,0.0,0
2022-04-15 00:00:00+00:00,0.0,1.2015164884101168,1.2015164884101168,0.0,0
2022-04-16 00:00:00+00:00,0.0,1.2015164884101168,1.2015164884101168,0.0,0
2022-04-17 00:00:00+00:00,0.0,1.2015164884101168,1.2015164884101168,0.0,0
2022-04-18 00:00:00+00:00,0.0,1.2015164884101168,1.2015164884101168,0.0,0
2022-04-19 00:00:00+00:00,0.0,1.2015164884101168,1.2015164884101168,0.0,0
2022-04-20 00:00:00+00:00,0.0,1.2015164884101168,1.2015164884101168,0.0,0
2022-04-21 00:00:00+00:00,0.0,1.2015164884101168,1.2015164884101168,0.0,0
2022-04-22 00:00:00+00:00,0.0,1.2015164884101168,1.2015164884101168,0.0,0
2022-04-23 00:00:00+00:00,0.0,1.2015164884101168,1.2015164884101168,0.0,0
2022-04-24 00:00:00+00:00,0.0,1.2015164884101168,1.2015164884101168,0.0,0
2022-04-25 00:00:00+00:00,0.0,1.2015164884101168,1.2015164884101168,0.0,0
2022-04-26 00:00:00+00:00,0.0,1.2015164884101168,1.2015164884101168,0.0,0
2022-04-27 00:00:00+00:00,0.0,1.2015164884101168,1.2015164884101168,0.0,0
2022-04-28 00:00:00+00:00,0.0,1.2015164884101168,1.2015164884101168,0.0,0
2022-04-29 00:00:00+00:00,0.0,1.2015164884101168,1.2015164884101168,0.0,0
2022-04-30 00:00:00+00:00,0.0,1.2015164884101168,1.2015164884101168,0.0,0
2022-05-01 00:00:00+00:00,0.0,1.2015164884101168,1.2015164884101168,0.0,0
2022-05-02 00:00:00+00:00,0.0,1.2015164884101168,1.2015164884101168,0.0,0
2022-05-03 00:00:00+00:00,0.0,1.2015164884101168,1.2015164884101168,0.0,0
2022-05-04 00:00:00+00:00,0.0,1.2015164884101168,1.2015164884101168,0.0,0
2022-05-05 00:00:00+00:00,0.0,1.2015164884101168,1.2015164884101168,0.0,0
2022-05-06 00:00:00+00:00,0.0,1.2015164884101168,1.2015164884101168,0.0,0
2022-05-07 00:00:00+00:00,0.0,1.2015164884101168,1.2015164884101168,0.0,0
2022-05-08 00:00:00+00:00,0.0,1.2015164884101168,1.2015164884101168,0.0,0
2022-05-09 00:00:00+00:00,0.0,1.2015164884101168,1.2015164884101168,0.0,0
2022-05-10 00:00:00+00:00,0.0,1.2015164884101168,1.2015164884101168,0.0,0
2022-05-11 00:00:00+00:00,0.0,1.2015164884101168,1.2015164884101168,0.0,0
2022-05-12 00:00:00+00:00,0.0,1.2015164884101168,1.2015164884101168,0.0,0
2022-05-13 00:00:00+00:00,0.0,1.2015164884101168,1.2015164884101168,0.0,0
2022-05-14 00:00:00+00:00,0.0,1.2015164884101168,1.2015164884101168,0.0,0
2022-05-15 00:00:00+00:00,0.0,1.2015164884101168,1.2015164884101168,0.0,0
2022-05-16 00:00:00+00:00,0.0,1.2015164884101168,1.2015164884101168,0.0,0
2022-05-17 00:00:00+00:00,0.0,1.2015164884101168,1.2015164884101168,0.0,0
2022-05-18 00:00:00+00:00,0.0,1.2015164884101168,1.2015164884101168,0.0,0
2022-05-19 00:00:00+00:00,0.0,1.2015164884101168,1.2015164884101168,0.0,0
2022-05-20 00:00:00+00:00,0.0,1.2015164884101168,1.2015164884101168,0.0,0
2022-05-21 00:00:00+00:00,0.0,1.2015164884101168,1.2015164884101168,0.0,0
2022-05-22 00:00:00+00:00,0.0,1.2015164884101168,1.2015164884101168,0.0,0
2022-05-23 00:00:00+00:00,0.0,1.2015164884101168,1.2015164884101168,0.0,0
2022-05-24 00:00:00+00:00,0.0,1.2015164884101168,1.2015164884101168,0.0,0
2022-05-25 00:00:00+00:00,0.0,1.2015164884101168,1.2015164884101168,0.0,0
2022-05-26 00:00:00+00:00,0.0,1.2015164884101168,1.2015164884101168,0.0,0
2022-05-27 00:00:00+00:00,0.0,1.2015164884101168,1.2015164884101168,0.0,0
2022-05-28 00:00:00+00:00,0.0,1.2015164884101168,1.2015164884101168,0.0,0
2022-05-29 00:00:00+00:00,0.0,1.2015164884101168,1.2015164884101168,0.0,0
2022-05-30 00:00:00+00:00,0.0,1.2015164884101168,1.2015164884101168,0.0,0
2022-05-31 00:00:00+00:00,0.0,1.2015164884101168,1.2015164884101168,0.0,0
2022-06-01 00:00:00+00:00,0.0,1.2015164884101168,1.2015164884101168,0.0,0
2022-06-02 00:00:00+00:00,0.0,1.2015164884101168,1.2015164884101168,0.0,0
2022-06-03 00:00:00+00:00,0.0,1.2015164884101168,1.2015164884101168,0.0,0
2022-06-04 00:00:00+00:00,0.0,1.2015164884101168,1.2015164884101168,0.0,0
2022-06-05 00:00:00+00:00,0.0,1.2015164884101168,1.2015164884101168,0.0,0
2022-06-06 00:00:00+00:00,0.0,1.2015164884101168,1.2015164884101168,0.0,0
2022-06-07 00:00:00+00:00,0.0,1.2015164884101168,1.2015164884101168,0.0,0
2022-06-08 00:00:00+00:00,0.0,1.2015164884101168,1.2015164884101168,0.0,0
2022-06-09 00:00:00+00:00,0.0,1.2015164884101168,1.2015164884101168,0.0,0
2022-06-10 00:00:00+00:00,0.0,1.2015164884101168,1.2015164884101168,0.0,0
2022-06-11 00:00:00+00:00,0.0,1.2015164884101168,1.2015164884101168,0.0,0
2022-06-12 00:00:00+00:00,0.0,1.2015164884101168,1.2015164884101168,0.0,0
2022-06-13 00:00:00+00:00,0.0,1.2015164884101168,1.2015164884101168,0.0,0
2022-06-14 00:00:00+00:00,0.0,1.2015164884101168,1.2015164884101168,0.0,0
2022-06-15 00:00:00+00:00,0.0,1.2015164884101168,1.2015164884101168,0.0,0
2022-06-16 00:00:00+00:00,0.0,1.2015164884101168,1.2015164884101168,0.0,0
2022-06-17 00:00:00+00:00,0.0,1.2015164884101168,1.2015164884101168,0.0,0
2022-06-18 00:00:00+00:00,0.0,1.2015164884101168,1.2015164884101168,0.0,0
2022-06-19 00:00:00+00:00,0.0,1.2015164884101168,1.2015164884101168,0.0,0
2022-06-20 00:00:00+00:00,0.0,1.2015164884101168,1.2015164884101168,0.0,0
2022-06-21 00:00:00+00:00,0.0,1.2015164884101168,1.2015164884101168,0.0,0
2022-06-22 00:00:00+00:00,0.0,1.2015164884101168,1.2015164884101168,0.0,0
2022-06-23 00:00:00+00:00,0.0,1.2015164884101168,1.2015164884101168,0.0,0
2022-06-24 00:00:00+00:00,0.0,1.2015164884101168,1.2015164884101168,0.0,0
2022-06-25 00:00:00+00:00,0.0,1.2015164884101168,1.2015164884101168,0.0,0
2022-06-26 00:00:00+00:00,0.0,1.2015164884101168,1.2015164884101168,0.0,0
2022-06-27 00:00:00+00:00,0.0,1.2015164884101168,1.2015164884101168,0.0,0
2022-06-28 00:00:00+00:00,0.0,1.2015164884101168,1.2015164884101168,0.0,0
2022-06-29 00:00:00+00:00,0.0,1.2015164884101168,1.2015164884101168,0.0,0
2022-06-30 00:00:00+00:00,0.0,1.2015164884101168,1.2015164884101168,0.0,0
2022-07-01 00:00:00+00:00,0.0,1.2015164884101168,1.2015164884101168,0.0,0
2022-07-02 00:00:00+00:00,0.0,1.2015164884101168,1.2015164884101168,0.0,0
2022-07-03 00:00:00+00:00,0.0,1.2015164884101168,1.2015164884101168,0.0,0
2022-07-04 00:00:00+00:00,0.0,1.2015164884101168,1.2015164884101168,0.0,0
2022-07-05 00:00:00+00:00,0.0,1.2015164884101168,1.2015164884101168,0.0,0
2022-07-06 00:00:00+00:00,0.0,1.2015164884101168,1.2015164884101168,0.0,0
2022-07-07 00:00:00+00:00,0.0,1.2015164884101168,1.2015164884101168,0.0,0
2022-07-08 00:00:00+00:00,0.0,1.2015164884101168,1.2015164884101168,0.0,0
2022-07-09 00:00:00+00:00,0.0,1.2015164884101168,1.2015164884101168,0.0,0
2022-07-10 00:00:00+00:00,0.0,1.2015164884101168,1.2015164884101168,0.0,0
2022-07-11 00:00:00+00:00,0.0,1.2015164884101168,1.2015164884101168,0.0,0
2022-07-12 00:00:00+00:00,0.0,1.2015164884101168,1.2015164884101168,0.0,0
2022-07-13 00:00:00+00:00,0.0,1.2015164884101168,1.2015164884101168,0.0,0
2022-07-14 00:00:00+00:00,0.0,1.2015164884101168,1.2015164884101168,0.0,0
2022-07-15 00:00:00+00:00,0.0,1.2015164884101168,1.2015164884101168,0.0,0
2022-07-16 00:00:00+00:00,0.0,1.2015164884101168,1.2015164884101168,0.0,0
2022-07-17 00:00:00+00:00,0.0,1.2015164884101168,1.2015164884101168,0.0,0
2022-07-18 00:00:00+00:00,0.0,1.2015164884101168,1.2015164884101168,0.0,0
2022-07-19 00:00:00+00:00,0.0,1.2015164884101168,1.2015164884101168,0.0,0
2022-07-20 00:00:00+00:00,0.0,1.2015164884101168,1.2015164884101168,0.0,0
2022-07-21 00:00:00+00:00,0.0,1.2015164884101168,1.2015164884101168,0.0,0
2022-07-22 00:00:00+00:00,0.0,1.2015164884101168,1.2015164884101168,0.0,0
2022-07-23 00:00:00+00:00,0.0,1.2015164884101168,1.2015164884101168,0.0,0
2022-07-24 00:00:00+00:00,0.0,1.2015164884101168,1.2015164884101168,0.0,0
2022-07-25 00:00:00+00:00,0.0,1.2015164884101168,1.2015164884101168,0.0,0
2022-07-26 00:00:00+00:00,0.0,1.2015164884101168,1.2015164884101168,0.0,0
2022-07-27 00:00:00+00:00,0.0,1.2015164884101168,1.2015164884101168,0.0,0
2022-07-28 00:00:00+00:00,0.0,1.2015164884101168,1.2015164884101168,0.0,0
2022-07-29 00:00:00+00:00,0.0,1.2015164884101168,1.2015164884101168,0.0,0
2022-07-30 00:00:00+00:00,0.0,1.2015164884101168,1.2015164884101168,0.0,0
2022-07-31 00:00:00+00:00,0.0,1.2015164884101168,1.2015164884101168,0.0,0
2022-08-01 00:00:00+00:00,0.0,1.2015164884101168,1.2015164884101168,0.0,0
2022-08-02 00:00:00+00:00,0.0,1.2015164884101168,1.2015164884101168,0.0,0
2022-08-03 00:00:00+00:00,0.0,1.2015164884101168,1.2015164884101168,0.0,0
2022-08-04 00:00:00+00:00,0.0,1.2015164884101168,1.2015164884101168,0.0,0
2022-08-05 00:00:00+00:00,0.0,1.2015164884101168,1.2015164884101168,0.0,0
2022-08-06 00:00:00+00:00,0.0,1.2015164884101168,1.2015164884101168,0.0,0
2022-08-07 00:00:00+00:00,0.0,1.2015164884101168,1.2015164884101168,0.0,0
2022-08-08 00:00:00+00:00,0.0,1.2015164884101168,1.2015164884101168,0.0,0
2022-08-09 00:00:00+00:00,0.0,1.2015164884101168,1.2015164884101168,0.0,0
2022-08-10 00:00:00+00:00,0.0,1.2015164884101168,1.2015164884101168,0.0,0
2022-08-11 00:00:00+00:00,0.0,1.2015164884101168,1.2015164884101168,0.0,0
2022-08-12 00:00:00+00:00,0.0,1.2015164884101168,1.2015164884101168,0.0,0
2022-08-13 00:00:00+00:00,0.0,1.2015164884101168,1.2015164884101168,0.0,0
2022-08-14 00:00:00+00:00,0.0,1.2015164884101168,1.2015164884101168,0.0,0
2022-08-15 00:00:00+00:00,0.0,1.2015164884101168,1.2015164884101168,0.0,0
2022-08-16 00:00:00+00:00,0.0,1.2015164884101168,1.2015164884101168,0.0,0
2022-08-17 00:00:00+00:00,0.0,1.2015164884101168,1.2015164884101168,0.0,0
2022-08-18 00:00:00+00:00,0.0,1.2015164884101168,1.2015164884101168,0.0,0
2022-08-19 00:00:00+00:00,0.0,1.2015164884101168,1.2015164884101168,0.0,0
2022-08-20 00:00:00+00:00,0.0,1.2015164884101168,1.2015164884101168,0.0,0
2022-08-21 00:00:00+00:00,0.0,1.2015164884101168,1.2015164884101168,0.0,0
2022-08-22 00:00:00+00:00,0.0,1.2015164884101168,1.2015164884101168,0.0,0
2022-08-23 00:00:00+00:00,0.0,1.2015164884101168,1.2015164884101168,0.0,0
2022-08-24 00:00:00+00:00,0.0,1.2015164884101168,1.2015164884101168,0.0,0
2022-08-25 00:00:00+00:00,0.0,1.2015164884101168,1.2015164884101168,0.0,0
2022-08-26 00:00:00+00:00,0.0,1.2015164884101168,1.2015164884101168,0.0,0
2022-08-27 00:00:00+00:00,0.0,1.2015164884101168,1.2015164884101168,0.0,0
2022-08-28 00:00:00+00:00,0.0,1.2015164884101168,1.2015164884101168,0.0,0
2022-08-29 00:00:00+00:00,0.0,1.2015164884101168,1.2015164884101168,0.0,0
2022-08-30 00:00:00+00:00,0.0,1.2015164884101168,1.2015164884101168,0.0,0
2022-08-31 00:00:00+00:00,0.0,1.2015164884101168,1.2015164884101168,0.0,0
2022-09-01 00:00:00+00:00,0.0,1.2015164884101168,1.2015164884101168,0.0,0
2022-09-02 00:00:00+00:00,0.0,1.2015164884101168,1.2015164884101168,0.0,0
2022-09-03 00:00:00+00:00,0.0,1.2015164884101168,1.2015164884101168,0.0,0
2022-09-04 00:00:00+00:00,0.0,1.2015164884101168,1.2015164884101168,0.0,0
2022-09-05 00:00:00+00:00,0.0,1.2015164884101168,1.2015164884101168,0.0,0
2022-09-06 00:00:00+00:00,0.0,1.2015164884101168,1.2015164884101168,0.0,0
2022-09-07 00:00:00+00:00,0.0,1.2015164884101168,1.2015164884101168,0.0,0
2022-09-08 00:00:00+00:00,0.0,1.2015164884101168,1.2015164884101168,0.0,0
2022-09-09 00:00:00+00:00,0.0,1.2015164884101168,1.2015164884101168,0.0,0
2022-09-10 00:00:00+00:00,0.0,1.2015164884101168,1.2015164884101168,0.0,0
2022-09-11 00:00:00+00:00,0.0,1.2015164884101168,1.2015164884101168,0.0,0
2022-09-12 00:00:00+00:00,0.0,1.2015164884101168,1.2015164884101168,0.0,0
2022-09-13 00:00:00+00:00,0.0,1.2015164884101168,1.2015164884101168,0.0,0
2022-09-14 00:00:00+00:00,0.0,1.2015164884101168,1.2015164884101168,0.0,0
2022-09-15 00:00:00+00:00,0.0,1.2015164884101168,1.2015164884101168,0.0,0
2022-09-16 00:00:00+00:00,0.0,1.2015164884101168,1.2015164884101168,0.0,0
2022-09-17 00:00:00+00:00,0.0,1.2015164884101168,1.2015164884101168,0.0,0
2022-09-18 00:00:00+00:00,0.0,1.2015164884101168,1.2015164884101168,0.0,0
2022-09-19 00:00:00+00:00,0.0,1.2015164884101168,1.2015164884101168,0.0,0
2022-09-20 00:00:00+00:00,0.0,1.2015164884101168,1.2015164884101168,0.0,0
2022-09-21 00:00:00+00:00,0.0,1.2015164884101168,1.2015164884101168,0.0,0
2022-09-22 00:00:00+00:00,0.0,1.2015164884101168,1.2015164884101168,0.0,0
2022-09-23 00:00:00+00:00,0.0,1.2015164884101168,1.2015164884101168,0.0,0
2022-09-24 00:00:00+00:00,0.0,1.2015164884101168,1.2015164884101168,0.0,0
2022-09-25 00:00:00+00:00,0.0,1.2015164884101168,1.2015164884101168,0.0,0
2022-09-26 00:00:00+00:00,0.0,1.2015164884101168,1.2015164884101168,0.0,0
2022-09-27 00:00:00+00:00,0.0,1.2015164884101168,1.2015164884101168,0.0,0
2022-09-28 00:00:00+00:00,0.0,1.2015164884101168,1.2015164884101168,0.0,0
2022-09-29 00:00:00+00:00,0.0,1.2015164884101168,1.2015164884101168,0.0,0
2022-09-30 00:00:00+00:00,0.0,1.2015164884101168,1.2015164884101168,0.0,0
2022-10-01 00:00:00+00:00,0.0,1.2015164884101168,1.2015164884101168,0.0,0
2022-10-02 00:00:00+00:00,0.0,1.2015164884101168,1.2015164884101168,0.0,0
2022-10-03 00:00:00+00:00,0.0,1.2015164884101168,1.2015164884101168,0.0,0
2022-10-04 00:00:00+00:00,0.0,1.2015164884101168,1.2015164884101168,0.0,0
2022-10-05 00:00:00+00:00,0.0,1.2015164884101168,1.2015164884101168,0.0,0
2022-10-06 00:00:00+00:00,0.0,1.2015164884101168,1.2015164884101168,0.0,0
2022-10-07 00:00:00+00:00,0.0,1.2015164884101168,1.2015164884101168,0.0,0
2022-10-08 00:00:00+00:00,0.0,1.2015164884101168,1.2015164884101168,0.0,0
2022-10-09 00:00:00+00:00,0.0,1.2015164884101168,1.2015164884101168,0.0,0
2022-10-10 00:00:00+00:00,0.0,1.2015164884101168,1.2015164884101168,0.0,0
2022-10-11 00:00:00+00:00,0.0,1.2015164884101168,1.2015164884101168,0.0,0
2022-10-12 00:00:00+00:00,0.0,1.2015164884101168,1.2015164884101168,0.0,0
2022-10-13 00:00:00+00:00,0.0,1.2015164884101168,1.2015164884101168,0.0,0
2022-10-14 00:00:00+00:00,0.0,1.2015164884101168,1.2015164884101168,0.0,0
2022-10-15 00:00:00+00:00,0.0,1.2015164884101168,1.2015164884101168,0.0,0
2022-10-16 00:00:00+00:00,0.0,1.2015164884101168,1.2015164884101168,0.0,0
2022-10-17 00:00:00+00:00,0.0,1.2015164884101168,1.2015164884101168,0.0,0
2022-10-18 00:00:00+00:00,0.0,1.2015164884101168,1.2015164884101168,0.0,0
2022-10-19 00:00:00+00:00,0.0,1.2015164884101168,1.2015164884101168,0.0,0
2022-10-20 00:00:00+00:00,0.0,1.2015164884101168,1.2015164884101168,0.0,0
2022-10-21 00:00:00+00:00,0.0,1.2015164884101168,1.2015164884101168,0.0,0
2022-10-22 00:00:00+00:00,0.0,1.2015164884101168,1.2015164884101168,0.0,0
2022-10-23 00:00:00+00:00,0.0,1.2015164884101168,1.2015164884101168,0.0,0
2022-10-24 00:00:00+00:00,0.0,1.2015164884101168,1.2015164884101168,0.0,0
2022-10-25 00:00:00+00:00,0.0,1.2015164884101168,1.2015164884101168,0.0,0
2022-10-26 00:00:00+00:00,0.0,1.2015164884101168,1.2015164884101168,0.0,0
2022-10-27 00:00:00+00:00,0.0,1.2015164884101168,1.2015164884101168,0.0,0
2022-10-28 00:00:00+00:00,0.0,1.2015164884101168,1.2015164884101168,0.0,0
2022-10-29 00:00:00+00:00,0.0,1.2015164884101168,1.2015164884101168,0.0,0
2022-10-30 00:00:00+00:00,0.0,1.2015164884101168,1.2015164884101168,0.0,0
2022-10-31 00:00:00+00:00,0.0,1.2015164884101168,1.2015164884101168,0.0,0
2022-11-01 00:00:00+00:00,0.0,1.2015164884101168,1.2015164884101168,0.0,0
2022-11-02 00:00:00+00:00,0.0,1.2015164884101168,1.2015164884101168,0.0,0
2022-11-03 00:00:00+00:00,0.0,1.2015164884101168,1.2015164884101168,0.0,0
2022-11-04 00:00:00+00:00,0.0,1.2015164884101168,1.2015164884101168,0.0,0
2022-11-05 00:00:00+00:00,0.0,1.2015164884101168,1.2015164884101168,0.0,0
2022-11-06 00:00:00+00:00,0.0,1.2015164884101168,1.2015164884101168,0.0,0
2022-11-07 00:00:00+00:00,0.0,1.2015164884101168,1.2015164884101168,0.0,0
2022-11-08 00:00:00+00:00,0.0,1.2015164884101168,1.2015164884101168,0.0,0
2022-11-09 00:00:00+00:00,0.0,1.2015164884101168,1.2015164884101168,0.0,0
2022-11-10 00:00:00+00:00,0.0,1.2015164884101168,1.2015164884101168,0.0,0
2022-11-11 00:00:00+00:00,0.0,1.2015164884101168,1.2015164884101168,0.0,0
2022-11-12 00:00:00+00:00,0.0,1.2015164884101168,1.2015164884101168,0.0,0
2022-11-13 00:00:00+00:00,0.0,1.2015164884101168,1.2015164884101168,0.0,0
2022-11-14 00:00:00+00:00,0.0,1.2015164884101168,1.2015164884101168,0.0,0
2022-11-15 00:00:00+00:00,0.0,1.2015164884101168,1.2015164884101168,0.0,0
2022-11-16 00:00:00+00:00,0.0,1.2015164884101168,1.2015164884101168,0.0,0
2022-11-17 00:00:00+00:00,0.0,1.2015164884101168,1.2015164884101168,0.0,0
2022-11-18 00:00:00+00:00,0.0,1.2015164884101168,1.2015164884101168,0.0,0
2022-11-19 00:00:00+00:00,0.0,1.2015164884101168,1.2015164884101168,0.0,0
2022-11-20 00:00:00+00:00,0.0,1.2015164884101168,1.2015164884101168,0.0,0
2022-11-21 00:00:00+00:00,0.0,1.2015164884101168,1.2015164884101168,0.0,0
2022-11-22 00:00:00+00:00,0.0,1.2015164884101168,1.2015164884101168,0.0,0
2022-11-23 00:00:00+00:00,0.0,1.2015164884101168,1.2015164884101168,0.0,0
2022-11-24 00:00:00+00:00,0.0,1.2015164884101168,1.2015164884101168,0.0,0
2022-11-25 00:00:00+00:00,0.0,1.2015164884101168,1.2015164884101168,0.0,0
2022-11-26 00:00:00+00:00,0.0,1.2015164884101168,1.2015164884101168,0.0,0
2022-11-27 00:00:00+00:00,0.0,1.2015164884101168,1.2015164884101168,0.0,0
2022-11-28 00:00:00+00:00,0.0,1.2015164884101168,1.2015164884101168,0.0,0
2022-11-29 00:00:00+00:00,0.0,1.2015164884101168,1.2015164884101168,0.0,0
2022-11-30 00:00:00+00:00,0.0,1.2015164884101168,1.2015164884101168,0.0,0
2022-12-01 00:00:00+00:00,0.0,1.2015164884101168,1.2015164884101168,0.0,0
2022-12-02 00:00:00+00:00,0.0,1.2015164884101168,1.2015164884101168,0.0,0
2022-12-03 00:00:00+00:00,0.0,1.2015164884101168,1.2015164884101168,0.0,0
2022-12-04 00:00:00+00:00,0.0,1.2015164884101168,1.2015164884101168,0.0,0
2022-12-05 00:00:00+00:00,0.0,1.2015164884101168,1.2015164884101168,0.0,0
2022-12-06 00:00:00+00:00,0.0,1.2015164884101168,1.2015164884101168,0.0,0
2022-12-07 00:00:00+00:00,0.0,1.2015164884101168,1.2015164884101168,0.0,0
2022-12-08 00:00:00+00:00,0.0,1.2015164884101168,1.2015164884101168,0.0,0
2022-12-09 00:00:00+00:00,0.0,1.2015164884101168,1.2015164884101168,0.0,0
2022-12-10 00:00:00+00:00,0.0,1.2015164884101168,1.2015164884101168,0.0,0
2022-12-11 00:00:00+00:00,0.0,1.2015164884101168,1.2015164884101168,0.0,0
2022-12-12 00:00:00+00:00,0.0,1.2015164884101168,1.2015164884101168,0.0,0
2022-12-13 00:00:00+00:00,0.0,1.2015164884101168,1.2015164884101168,0.0,0
2022-12-14 00:00:00+00:00,0.0,1.2015164884101168,1.2015164884101168,0.0,0
2022-12-15 00:00:00+00:00,0.0,1.2015164884101168,1.2015164884101168,0.0,0
2022-12-16 00:00:00+00:00,0.0,1.2015164884101168,1.2015164884101168,0.0,0
2022-12-17 00:00:00+00:00,0.0,1.2015164884101168,1.2015164884101168,0.0,0
2022-12-18 00:00:00+00:00,0.0,1.2015164884101168,1.2015164884101168,0.0,0
2022-12-19 00:00:00+00:00,0.0,1.2015164884101168,1.2015164884101168,0.0,0
2022-12-20 00:00:00+00:00,0.0,1.2015164884101168,1.2015164884101168,0.0,0
2022-12-21 00:00:00+00:00,0.0,1.2015164884101168,1.2015164884101168,0.0,0
2022-12-22 00:00:00+00:00,0.0,1.2015164884101168,1.2015164884101168,0.0,0
2022-12-23 00:00:00+00:00,0.0,1.2015164884101168,1.2015164884101168,0.0,0
2022-12-24 00:00:00+00:00,0.0,1.2015164884101168,1.2015164884101168,0.0,0
2022-12-25 00:00:00+00:00,0.0,1.2015164884101168,1.2015164884101168,0.0,0
2022-12-26 00:00:00+00:00,0.0,1.2015164884101168,1.2015164884101168,0.0,0
2022-12-27 00:00:00+00:00,0.0,1.2015164884101168,1.2015164884101168,0.0,0
2022-12-28 00:00:00+00:00,0.0,1.2015164884101168,1.2015164884101168,0.0,0
2022-12-29 00:00:00+00:00,0.0,1.2015164884101168,1.2015164884101168,0.0,0
2022-12-30 00:00:00+00:00,0.0,1.2015164884101168,1.2015164884101168,0.0,0
2022-12-31 00:00:00+00:00,0.0,1.2015164884101168,1.2015164884101168,0.0,0
2023-01-01 00:00:00+00:00,0.0,1.2015164884101168,1.2015164884101168,0.0,0
2023-01-02 00:00:00+00:00,0.0,1.2015164884101168,1.2015164884101168,0.0,0
2023-01-03 00:00:00+00:00,0.0,1.2015164884101168,1.2015164884101168,0.0,0
2023-01-04 00:00:00+00:00,0.0,1.2015164884101168,1.2015164884101168,0.0,0
2023-01-05 00:00:00+00:00,0.0,1.2015164884101168,1.2015164884101168,0.0,0
2023-01-06 00:00:00+00:00,0.0,1.2015164884101168,1.2015164884101168,0.0,0
2023-01-07 00:00:00+00:00,0.0,1.2015164884101168,1.2015164884101168,0.0,0
2023-01-08 00:00:00+00:00,0.0,1.2015164884101168,1.2015164884101168,0.0,0
2023-01-09 00:00:00+00:00,0.0,1.2015164884101168,1.2015164884101168,0.0,0
2023-01-10 00:00:00+00:00,0.0,1.2015164884101168,1.2015164884101168,0.0,0
2023-01-11 00:00:00+00:00,0.0,1.2015164884101168,1.2015164884101168,0.0,0
2023-01-12 00:00:00+00:00,0.0,1.2015164884101168,1.2015164884101168,0.0,0
2023-01-13 00:00:00+00:00,0.0,1.2015164884101168,1.2015164884101168,0.0,0
2023-01-14 00:00:00+00:00,0.0,1.2015164884101168,1.2015164884101168,0.0,0
2023-01-15 00:00:00+00:00,0.0,1.2015164884101168,1.2015164884101168,0.0,0
2023-01-16 00:00:00+00:00,0.000327388061861722,1.2019098505645522,0.988806108607416,0.1773042644230254,2
2023-01-17 00:00:00+00:00,-0.0005467199291906422,1.201252742496158,0.988806108607416,0.17685423422824903,2
2023-01-18 00:00:00+00:00,-0.0074309178860303415,1.1923263320063004,1.0866805888780309,0.08860472195602842,1
2023-01-19 00:00:00+00:00,0.0023249924063806215,1.1950984816741428,1.0866805888780309,0.09071879385557895,1
2023-01-20 00:00:00+00:00,0.005966118503841988,1.2022285808395723,1.115283314820092,0.07232007906413468,1
2023-01-21 00:00:00+00:00,-0.0013892613408238441,1.2005583711493784,1.115283314820092,0.07102949625651811,1
2023-01-22 00:00:00+00:00,3.405936525147091e-05,1.200599261405447,1.115283314820092,0.07106113532460645,1
2023-01-23 00:00:00+00:00,0.0009628818298261788,1.2017552966191571,0.943849275070589,0.21460776771620912,3
2023-01-24 00:00:00+00:00,-0.005273809545665364,1.195417468064293,1.025156271752066,0.142428231861064,2
2023-01-25 00:00:00+00:00,0.0028836987712368423,1.1988646919480652,1.025156271752066,0.14489409969505077,2
2023-01-26 00:00:00+00:00,-0.0006345527069618884,1.1981039491125085,1.025156271752066,0.14435114539815436,2
2023-01-27 00:00:00+00:00,0.0009083687793760564,1.1991922693343295,1.025156271752066,0.145127684719708,2
2023-01-28 00:00:00+00:00,-0.0005736114522756353,1.198504398915159,1.025156271752066,0.14463703872927067,2
2023-01-29 00:00:00+00:00,0.00483664836740938,1.2043011432595048,1.025156271752066,0.14875421526427665,2
2023-01-30 00:00:00+00:00,-0.005863224644219844,1.1972400551172835,1.0403685126901152,0.1310276429164416,2
2023-01-31 00:00:00+00:00,0.0016720094641267114,1.1992418518202712,1.0403685126901152,0.13247814766388433,2
2023-02-01 00:00:00+00:00,0.003949093618011323,1.2039777701637466,1.0403685126901152,0.1358905965941379,2
2023-02-02 00:00:00+00:00,-0.000279942532041888,1.2036407255782449,1.0659632048923489,0.11438423257052387,2
2023-02-03 00:00:00+00:00,0.0004970009463165503,1.2042389361578825,1.0659632048923489,0.11482416579777883,2
2023-02-04 00:00:00+00:00,-0.00018721420511480513,1.2040134855226814,1.0659632048923489,0.11465841727711433,2
2023-02-05 00:00:00+00:00,-0.0022290462361912455,1.2013296837944536,1.0659632048923489,0.11268054117712611,2
2023-02-06 00:00:00+00:00,-0.00011299849096091386,1.2011939353530383,1.2011939353530383,0.0,0
2023-02-07 00:00:00+00:00,0.0,1.2011939353530383,1.2011939353530383,0.0,0
2023-02-08 00:00:00+00:00,0.0,1.2011939353530383,1.2011939353530383,0.0,0
2023-02-09 00:00:00+00:00,0.0,1.2011939353530383,1.2011939353530383,0.0,0
2023-02-10 00:00:00+00:00,0.0,1.2011939353530383,1.2011939353530383,0.0,0
2023-02-11 00:00:00+00:00,0.0,1.2011939353530383,1.2011939353530383,0.0,0
2023-02-12 00:00:00+00:00,0.0,1.2011939353530383,1.2011939353530383,0.0,0
2023-02-13 00:00:00+00:00,0.0,1.2011939353530383,1.2011939353530383,0.0,0
2023-02-14 00:00:00+00:00,0.0,1.2011939353530383,1.2011939353530383,0.0,0
2023-02-15 00:00:00+00:00,0.0,1.2011939353530383,1.2011939353530383,0.0,0
2023-02-16 00:00:00+00:00,0.0,1.2011939353530383,1.2011939353530383,0.0,0
2023-02-17 00:00:00+00:00,0.0,1.2011939353530383,1.2011939353530383,0.0,0
2023-02-18 00:00:00+00:00,0.0,1.2011939353530383,1.2011939353530383,0.0,0
2023-02-19 00:00:00+00:00,0.0,1.2011939353530383,1.2011939353530383,0.0,0
2023-02-20 00:00:00+00:00,0.0029670939671420093,1.2047579906319918,0.9815530278502907,0.1852695433583405,3
2023-02-21 00:00:00+00:00,-0.0033056856704776205,1.2007754394059662,0.9815530278502907,0.18256736802022416,3
2023-02-22 00:00:00+00:00,-0.00120802489123506,1.1993248727863801,0.9815530278502907,0.1815786947119191,3
2023-02-23 00:00:00+00:00,-0.0011604396974206344,1.1979331285938948,0.9815530278502907,0.1806278627569018,3
2023-02-24 00:00:00+00:00,-0.004729300808216208,1.1922677424806467,0.9815530278502907,0.17673439205185607,3
2023-02-25 00:00:00+00:00,-0.0005259386779028485,1.1916406827604602,0.9815530278502907,0.17630117698188785,3
2023-02-26 00:00:00+00:00,0.003896026085863813,1.1962833459454716,0.9815530278502907,0.17949787466569697,3
2023-02-27 00:00:00+00:00,-0.001168580603572611,1.1948853924310228,0.9815530278502907,0.17853793002415258,3
2023-02-28 00:00:00+00:00,-0.0025644131938338255,1.1918212125655534,0.9815530278502907,0.17642594585360033,3
2023-03-01 00:00:00+00:00,0.0037502085747964653,1.196290790696541,0.9815530278502907,0.17950298081055954,3
2023-03-02 00:00:00+00:00,-0.001584556963591166,1.1943951997936628,0.9815530278502907,0.17820079315467913,3
2023-03-03 00:00:00+00:00,-0.007079195248271275,1.1859398429707255,1.0606281060164355,0.10566449697852275,2
2023-03-04 00:00:00+00:00,-0.00023495903851555866,1.185661195685484,1.0606281060164355,0.10545431538455742,2
2023-03-05 00:00:00+00:00,-0.00023253165273540155,1.1853854919280669,1.0606281060164355,0.10524625681786397,2
2023-03-06 00:00:00+00:00,-0.00022055399826681477,1.1851240504183347,0.9936503201127488,0.16156429382898604,3
2023-03-07 00:00:00+00:00,-0.0004074077208218174,1.1846412217300626,0.9936503201127488,0.1612225694277198,3
2023-03-08 00:00:00+00:00,-0.00262155371942685,1.1815356211290498,1.0573072619621393,0.10514144215829949,2
2023-03-09 00:00:00+00:00,-0.004092423008642543,1.1767002775676105,1.1767002775676105,0.0,0
2023-03-10 00:00:00+00:00,0.0,1.1767002775676105,1.1767002775676105,0.0,0
2023-03-11 00:00:00+00:00,0.0,1.1767002775676105,1.1767002775676105,0.0,0
2023-03-12 00:00:00+00:00,0.0,1.1767002775676105,1.1767002775676105,0.0,0
2023-03-13 00:00:00+00:00,0.014000595385332826,1.1931747820436436,0.9907085676069771,0.16968697083078368,3
2023-03-14 00:00:00+00:00,0.002924954735104901,1.19666476427219,1.0303776372659657,0.13895882286411265,3
2023-03-15 00:00:00+00:00,-0.0022690177459567806,1.1939495106860951,1.0303776372659657,0.1370006620515585,3
2023-03-16 00:00:00+00:00,0.005863479300786567,1.2009502089281872,1.0552168822294483,0.12134835034401767,3
2023-03-17 00:00:00+00:00,0.007465484548395018,1.2099158841563322,1.1005772334985622,0.09036880339331292,2
2023-03-18 00:00:00+00:00,4.89089708930468e-05,1.2099750598970935,1.1531945323687525,0.04692702305216942,1
2023-03-19 00:00:00+00:00,0.0005827057512106659,1.210680119323317,1.1531945323687525,0.04748206073351134,1
2023-03-20 00:00:00+00:00,-0.0027292137778308634,1.2073759144611138,1.0055195121670943,0.16718604361435652,3
2023-03-21 00:00:00+00:00,0.002991591539451832,1.2109878900317537,1.0055195121670943,0.16967005166275578,3
2023-03-22 00:00:00+00:00,-0.006084679626308431,1.2036194166895713,1.0055195121670943,0.16458683016873385,3
2023-03-23 00:00:00+00:00,0.006221374756915088,1.2111075841454966,1.0254472151347511,0.15329799882455467,3
2023-03-24 00:00:00+00:00,-0.004260488368102222,1.2059476743707243,1.0254472151347511,0.14967519990463934,3
2023-03-25 00:00:00+00:00,-0.0005363053413741659,1.2053009181915415,1.0623638121268395,0.11859039009044137,2
2023-03-26 00:00:00+00:00,0.002233373239255654,1.2079928050074806,1.0623638121268395,0.12055452009065515,2
2023-03-27 00:00:00+00:00,-0.0068285207083976784,1.1997440011228917,1.0780502801220577,0.101433073128047,2
2023-03-28 00:00:00+00:00,0.0018155016533025758,1.2019221383404701,1.0780502801220577,0.10306146651849342,2
2023-03-29 00:00:00+00:00,0.0027679548187755643,1.2052490045150828,1.0780502801220577,0.10553729886232263,2
2023-03-30 00:00:00+00:00,-0.0006417793788012771,1.2044755005576642,1.0780502801220577,0.10496288249704734,2
2023-03-31 00:00:00+00:00,0.0016347084621175512,1.2064444668508392,1.0780502801220577,0.1064236193680149,2
2023-04-01 00:00:00+00:00,-4.515329880105945e-05,1.2063899919033405,1.0780502801220577,0.10638326962477472,2
2023-04-02 00:00:00+00:00,-0.0012696416817723488,1.204858308885147,1.0780502801220577,0.10524725424388248,2
2023-04-03 00:00:00+00:00,-0.0013586547070875143,1.2032213224724067,1.0054365767710434,0.16437935565748668,3
2023-04-04 00:00:00+00:00,0.002720704140617425,1.2064949317065365,1.0054365767710434,0.1666466635306164,3
2023-04-05 00:00:00+00:00,0.0016158535584700484,1.2084444508352106,1.0054365767710434,0.16799106812386733,3
2023-04-06 00:00:00+00:00,-0.0015416206115163034,1.2065814879619305,1.0054365767710434,0.16670644560496822,3
2023-04-07 00:00:00+00:00,-0.0008738273255806117,1.2055271440872097,1.0054365767710434,0.16597765408896634,3
2023-04-08 00:00:00+00:00,-0.00029000857181971096,1.205177530881863,1.0054365767710434,0.1657357102937884,3
2023-04-09 00:00:00+00:00,0.0014983298712978321,1.2069832843766004,1.0054365767710434,0.16698384328466873,3
2023-04-10 00:00:00+00:00,0.005134840528531637,1.2131809510624776,1.0054365767710434,0.1712393968183362,3
2023-04-11 00:00:00+00:00,0.001434119902260944,1.21492079800944,1.0242075901389234,0.15697583594172265,3
2023-04-12 00:00:00+00:00,-0.00021060033357789276,1.2146649352841086,1.0242075901389234,0.15679825737345215,3
2023-04-13 00:00:00+00:00,0.0038056882546368964,1.2192875713616387,1.0398401556461225,0.14717398908209844,3
2023-04-14 00:00:00+00:00,0.0026630769579143454,1.2225346279980032,1.0398401556461225,0.14943909822092918,3
2023-04-15 00:00:00+00:00,0.00033118349054928053,1.222939511283421,1.0398401556461225,0.14972069668854157,3
2023-04-16 00:00:00+00:00,0.002955461733450848,1.226553862211344,1.059461877716002,0.13622881933133626,3
2023-04-17 00:00:00+00:00,-0.004649591355911031,1.220850887976047,1.0067907438111083,0.175336846025326,3
2023-04-18 00:00:00+00:00,0.0038072541299447593,1.2254989775613405,1.0067907438111083,0.17846463991789416,3
2023-04-19 00:00:00+00:00,-0.011549096391172853,1.2113455717422008,1.1092118637273507,0.08431426208786792,2
2023-04-20 00:00:00+00:00,-0.0004328654720739955,1.2108212220694439,1.1092118637273507,0.08391772170001292,2
2023-04-21 00:00:00+00:00,-0.001416324047240125,1.2091063068557182,1.1092118637273507,0.08261841209657002,2
2023-04-22 00:00:00+00:00,0.002079226485299124,1.2116203127124747,1.1092118637273507,0.08452189841210284,2
2023-04-23 00:00:00+00:00,-0.0004546144613849501,1.211069492596608,1.1092118637273507,0.08410551953618134,2
2023-04-24 00:00:00+00:00,-0.0009950140189176615,1.2098644614735907,0.9840678919761823,0.18662964049906283,3
2023-04-25 00:00:00+00:00,0.004085975550539578,1.2148079380826384,0.9840678919761823,0.18993952778299997,3
2023-04-26 00:00:00+00:00,-0.000151745282744975,1.2146235967085932,1.009394146175908,0.16896547299823536,3
2023-04-27 00:00:00+00:00,0.003697480904464756,1.2191146442635357,1.009394146175908,0.17202688777011568,3
2023-04-28 00:00:00+00:00,-0.0018886116588954227,1.2168122101328493,1.009394146175908,0.17046020924978708,3
2023-04-29 00:00:00+00:00,6.486912066061556e-05,1.2168911436709298,1.009394146175908,0.17051401727608662,3
2023-04-30 00:00:00+00:00,0.0009952711441416628,1.218102280311787,1.009394146175908,0.17133875989663014,3
2023-05-01 00:00:00+00:00,-0.005683953094063443,1.211178644086723,0.9853854769402917,0.18642432992755448,3
2023-05-02 00:00:00+00:00,0.0011696157530294293,1.2125952577085797,0.9853854769402917,0.1873747891754438,3
2023-05-03 00:00:00+00:00,0.002797298453154573,1.2159872485472705,0.9853854769402917,0.18964160346457315,3
2023-05-04 00:00:00+00:00,-0.0017402881887497168,1.2138710803009534,0.9853854769402917,0.18822888778601896,3
2023-05-05 00:00:00+00:00,0.005778660615958886,1.22088562930554,0.9853854769402917,0.1928928858792487,3
2023-05-06 00:00:00+00:00,-0.004532421038545564,1.2153520615936175,1.0054043303854756,0.17274643113111612,3
2023-05-07 00:00:00+00:00,-0.0017092295119316425,1.2132747459825548,1.0054043303854756,0.17133004398664708,3
2023-05-08 00:00:00+00:00,-0.0021691966592297662,1.2106429144568416,1.2106429144568416,0.0,0
2023-05-09 00:00:00+00:00,0.0,1.2106429144568416,1.2106429144568416,0.0,0
2023-05-10 00:00:00+00:00,0.0,1.2106429144568416,1.2106429144568416,0.0,0
2023-05-11 00:00:00+00:00,0.0,1.2106429144568416,1.2106429144568416,0.0,0
2023-05-12 00:00:00+00:00,0.0,1.2106429144568416,1.2106429144568416,0.0,0
2023-05-13 00:00:00+00:00,0.0,1.2106429144568416,1.2106429144568416,0.0,0
2023-05-14 00:00:00+00:00,0.0,1.2106429144568416,1.2106429144568416,0.0,0
2023-05-15 00:00:00+00:00,0.001349229573158084,1.212276349679561,0.9088172552582692,0.2503217146003917,4
2023-05-16 00:00:00+00:00,-0.0012280859436212266,1.210787570134735,0.9088172552582692,0.24939991318449276,4
2023-05-17 00:00:00+00:00,0.002371479180152125,1.2136589276488965,0.9088172552582692,0.2511757343400978,4
2023-05-18 00:00:00+00:00,-0.004871287545869629,1.207746846029707,0.9088172552582692,0.2475101398559852,4
2023-05-19 00:00:00+00:00,0.0004537475228341137,1.2082948581693036,0.9088172552582692,0.24785142540850916,4
2023-05-20 00:00:00+00:00,0.0010490585899769478,1.2095624302694912,0.9088172552582692,0.24863964644157785,4
2023-05-21 00:00:00+00:00,-0.003807330644919782,1.2049572261617825,0.9088172552582692,0.24576803597155433,4
2023-05-22 00:00:00+00:00,0.0005201637239373724,1.205584001199728,1.0587323651955334,0.12180954280917496,2
2023-05-23 00:00:00+00:00,0.0020642555991949862,1.2080726347245045,1.0587323651955334,0.12361861798403172,2
2023-05-24 00:00:00+00:00,-0.0038304129587483082,1.2034452176493466,1.0587323651955334,0.1202488076162507,2
2023-05-25 00:00:00+00:00,0.0005227253679904731,1.2040742889935987,1.0587323651955334,0.12070843562281075,2
2023-05-26 00:00:00+00:00,0.0012686032522919444,1.2056017815526172,1.0587323651955334,0.12182249446242534,2
2023-05-27 00:00:00+00:00,0.0004108114126262219,1.2060970565235616,1.0587323651955334,0.12218311165835208,2
2023-05-28 00:00:00+00:00,0.005384850060279778,1.2125917083310858,1.0587323651955334,0.12688470659865556,2
2023-05-29 00:00:00+00:00,-0.002415158520033933,1.2096631071353874,0.9099892607492213,0.247733310719731,3
2023-05-30 00:00:00+00:00,0.00012748390092442996,1.2098173197070894,0.9099892607492213,0.24782920038742712,3
2023-05-31 00:00:00+00:00,-0.003834657330907043,1.2051780848530163,0.9099892607492213,0.24493378017224432,3
2023-06-01 00:00:00+00:00,-0.0020405854400599166,1.2027188160003859,0.9099892607492213,0.24338985252149792,3
2023-06-02 00:00:00+00:00,0.0033703061876726448,1.2067723466679823,0.9099892607492213,0.24593129494407825,3
2023-06-03 00:00:00+00:00,-0.0011160751956277304,1.2054254979850967,0.9099892607492213,0.24508875723112353,3
2023-06-04 00:00:00+00:00,-0.0005895568555348563,1.204714831118923,0.9099892607492213,0.24464343158784269,3
2023-06-05 00:00:00+00:00,-0.012489023320660486,1.1896691194983333,1.0462011986912971,0.12059480947739035,2
2023-06-06 00:00:00+00:00,0.005984101131427666,1.1967882198223478,1.0462011986912971,0.12582595536694374,2
2023-06-07 00:00:00+00:00,-0.0038119726835043055,1.1922260958204454,1.0462011986912971,0.1224808764386753,2
2023-06-08 00:00:00+00:00,0.000821804458782438,1.1932058725418673,1.0462011986912971,0.12320143341015284,2
2023-06-09 00:00:00+00:00,-0.00022418951888869554,1.192938368291367,1.0462011986912971,0.1230048202827443,2
2023-06-10 00:00:00+00:00,-0.004445375609346325,1.1876353091655112,1.0462011986912971,0.11908883929494515,2
2023-06-11 00:00:00+00:00,0.00023829810136244411,1.1879183204047963,1.0462011986912971,0.1192987087405197,2
2023-06-12 00:00:00+00:00,-0.0007510117304564412,1.1870261798113482,1.0135847660405974,0.14611422790887005,2
2023-06-13 00:00:00+00:00,-2.119807132539009e-05,1.1870010171457235,1.0135847660405974,0.14609612679366082,2
2023-06-14 00:00:00+00:00,-0.006807064010121766,1.1789210252419329,1.0949987582612712,0.07118565636187502,1
2023-06-15 00:00:00+00:00,0.0013311297910700848,1.1804903221399512,1.0949987582612712,0.07242038522069698,1
2023-06-16 00:00:00+00:00,0.0021119426095486116,1.1829834499514382,1.0949987582612712,0.07437525156736452,1
2023-06-17 00:00:00+00:00,0.0004855494217905765,1.18355784688155,1.0949987582612712,0.07482447001100541,1
2023-06-18 00:00:00+00:00,-0.000499507209579586,1.1829666512040782,1.0949987582612712,0.07436210721009687,1
2023-06-19 00:00:00+00:00,-7.433390378197569e-05,1.1828787166748502,1.1828787166748502,0.0,0
2023-06-20 00:00:00+00:00,0.0,1.1828787166748502,1.1828787166748502,0.0,0
2023-06-21 00:00:00+00:00,0.0,1.1828787166748502,1.1828787166748502,0.0,0
2023-06-22 00:00:00+00:00,0.0,1.1828787166748502,1.1828787166748502,0.0,0
2023-06-23 00:00:00+00:00,0.0,1.1828787166748502,1.1828787166748502,0.0,0
2023-06-24 00:00:00+00:00,0.0,1.1828787166748502,1.1828787166748502,0.0,0
2023-06-25 00:00:00+00:00,0.0,1.1828787166748502,1.1828787166748502,0.0,0
2023-06-26 00:00:00+00:00,-0.0020980854056334985,1.1803969361027602,1.0130239592919077,0.14179380824509497,2
2023-06-27 00:00:00+00:00,0.002158935043697685,1.1829453364135858,1.0130239592919077,0.14364262818503515,2
2023-06-28 00:00:00+00:00,-0.0037663214527918765,1.1784899840155711,1.0130239592919077,0.1404051175385104,2
2023-06-29 00:00:00+00:00,0.0017827293728653881,1.1805909127257033,1.0130239592919077,0.14193481554666842,2
2023-06-30 00:00:00+00:00,0.0031300865276171486,1.1842862644362533,1.0130239592919077,0.14461225320878837,2
2023-07-01 00:00:00+00:00,-7.77416658072072e-05,1.1841941960492635,1.0130239592919077,0.14454574877027598,2
2023-07-02 00:00:00+00:00,0.0005596779661314333,1.184856963448413,1.0130239592919077,0.14502425985361278,2
2023-07-03 00:00:00+00:00,0.0019530830797787058,1.187171087535682,1.0130239592919077,0.1466908435289366,2
2023-07-04 00:00:00+00:00,-0.0016436080011872356,1.1852198436374302,1.0130239592919077,0.14528602880715752,2
2023-07-05 00:00:00+00:00,-0.0015862739201883969,1.1833397603097784,1.0130239592919077,0.14392806422162707,2
2023-07-06 00:00:00+00:00,-0.0038501830868311604,1.1787836855786589,1.0130239592919077,0.14061929115126878,2
2023-07-07 00:00:00+00:00,0.002000255727278244,1.1811415543969597,1.0130239592919077,0.1423348407980494,2
2023-07-08 00:00:00+00:00,-0.0003555619937831711,1.180721585350938,1.0130239592919077,0.14202977919573376,2
2023-07-09 00:00:00+00:00,-0.0003862289432564614,1.1802655565007478,1.0130239592919077,0.14169827822873876,2
2023-07-10 00:00:00+00:00,0.0004517561832508843,1.180798748763775,1.0496054758829767,0.11110553175818468,2
2023-07-11 00:00:00+00:00,0.0019033497668146104,1.1830462217868896,1.0496054758829767,0.11279419472077948,2
2023-07-12 00:00:00+00:00,-0.0008108621169011787,1.1820869344230995,1.0496054758829767,0.11207420933450933,2
2023-07-13 00:00:00+00:00,0.009411184459992228,1.193211772610702,1.076936279696981,0.09744749053163855,2
2023-07-14 00:00:00+00:00,0.00047639334676197187,1.1937802107604518,1.1086883456664325,0.07127933963641003,1
2023-07-15 00:00:00+00:00,-5.288571587369617e-05,1.1937170768394099,1.1086883456664325,0.07123022098176474,1
2023-07-16 00:00:00+00:00,-0.0001352901800054651,1.1935555786412086,1.1086883456664325,0.07110455054920221,1
2023-07-17 00:00:00+00:00,-0.0010052761689500755,1.1923557256616832,1.0683978996290444,0.10396044013111093,2
2023-07-18 00:00:00+00:00,-0.0022083090334120703,1.189722635741664,1.0683978996290444,0.10197732855354691,2
2023-07-19 00:00:00+00:00,0.0010685604343079191,1.190993926278018,1.0683978996290444,0.1029358957623731,2
2023-07-20 00:00:00+00:00,-0.001404064377029668,1.1893216941328724,1.0683978996290444,0.10167458905388316,2
2023-07-21 00:00:00+00:00,0.00038825683002463585,1.189783456403716,1.0683978996290444,0.10202323466622751,2
2023-07-22 00:00:00+00:00,-0.0014636880973571964,1.1880419845201453,1.0683978996290444,0.1007069501331012,2
2023-07-23 00:00:00+00:00,0.0009812901919079575,1.1892077984671299,1.0683978996290444,0.10158855247485553,2
2023-07-24 00:00:00+00:00,-0.006915174080842634,1.180984219522434,0.960824115631279,0.18642086850253023,2
2023-07-25 00:00:00+00:00,0.0005388339610294945,1.1816205739273526,0.960824115631279,0.18685901647955608,2
2023-07-26 00:00:00+00:00,0.0010931043137965002,1.1829122084739834,0.960824115631279,0.18774689385377918,2
2023-07-27 00:00:00+00:00,-0.0009427896042004669,1.1817969711411522,0.960824115631279,0.1869803874150228,2
2023-07-28 00:00:00+00:00,0.0009178294170668622,1.182881659166266,0.960824115631279,0.1877259164636136,2
2023-07-29 00:00:00+00:00,0.00042626626459218997,1.1833858817125735,0.960824115631279,0.18807201397333492,2
2023-07-30 00:00:00+00:00,-0.001120466634533357,1.1820599373163367,0.960824115631279,0.18716125528062097,2
2023-07-31 00:00:00+00:00,-0.0010730950912345438,1.1807914746000576,0.9270112256555529,0.2149238493024027,3
2023-08-01 00:00:00+00:00,-0.0010382810699087752,1.1795654811644707,1.0420075034749907,0.11661750016089162,2
2023-08-02 00:00:00+00:00,-0.002643536095668808,1.1764472572378075,1.0420075034749907,0.11427605694663202,2
2023-08-03 00:00:00+00:00,-0.0007851145707338247,1.1755236113544503,1.0420075034749907,0.11358011577974246,2
2023-08-04 00:00:00+00:00,-8.590634819582998e-05,1.1754226264137808,1.0420075034749907,0.11350396014226825,2
2023-08-05 00:00:00+00:00,0.00011757345992324808,1.1755608249188403,1.0420075034749907,0.11360817629582878,2
2023-08-06 00:00:00+00:00,0.00035877330020972487,1.1759825847555936,1.0420075034749907,0.11392607596178582,2
2023-08-07 00:00:00+00:00,0.0003097347069038747,1.176346827376807,1.0207639437389633,0.13225936434477026,1
2023-08-08 00:00:00+00:00,0.0029759537896285604,1.1798475811756566,1.0609259863060319,0.10079403201481804,1
2023-08-09 00:00:00+00:00,-0.0006379694828810845,1.1790948744244154,1.0609259863060319,0.10021999983340504,1
2023-08-10 00:00:00+00:00,-0.00042768497923795223,1.1785905932575276,1.0609259863060319,0.09983501278953914,1
2023-08-11 00:00:00+00:00,-0.00010073064104987317,1.1784718730715333,1.0609259863060319,0.09974432945873674,1
2023-08-12 00:00:00+00:00,1.4033205429475615e-05,1.178488410809421,1.0609259863060319,0.09975696275421471,1
2023-08-13 00:00:00+00:00,-0.0004282101362219626,1.1779837701264921,1.0609259863060319,0.09937130441779389,1
2023-08-14 00:00:00+00:00,0.002762297503726696,1.181237711754143,0.8194573526295325,0.3062722731628379,3
2023-08-15 00:00:00+00:00,-0.005457972428151381,1.1747905488922963,0.935538457476746,0.20365510400227488,2
2023-08-16 00:00:00+00:00,-0.004157765732615171,1.1699060450051117,0.935538457476746,0.2003302645789318,2
2023-08-17 00:00:00+00:00,-0.00440160724788019,1.1647565780780784,1.1647565780780784,0.0,0
2023-08-18 00:00:00+00:00,0.0,1.1647565780780784,1.1647565780780784,0.0,0
2023-08-19 00:00:00+00:00,0.0,1.1647565780780784,1.1647565780780784,0.0,0
2023-08-20 00:00:00+00:00,0.0,1.1647565780780784,1.1647565780780784,0.0,0
2023-08-21 00:00:00+00:00,0.0,1.1647565780780784,1.1647565780780784,0.0,0
2023-08-22 00:00:00+00:00,0.0,1.1647565780780784,1.1647565780780784,0.0,0
2023-08-23 00:00:00+00:00,0.0,1.1647565780780784,1.1647565780780784,0.0,0
2023-08-24 00:00:00+00:00,0.0,1.1647565780780784,1.1647565780780784,0.0,0
2023-08-25 00:00:00+00:00,0.0,1.1647565780780784,1.1647565780780784,0.0,0
2023-08-26 00:00:00+00:00,0.0,1.1647565780780784,1.1647565780780784,0.0,0
2023-08-27 00:00:00+00:00,0.0,1.1647565780780784,1.1647565780780784,0.0,0
2023-08-28 00:00:00+00:00,0.0,1.1647565780780784,1.1647565780780784,0.0,0
2023-08-29 00:00:00+00:00,0.0,1.1647565780780784,1.1647565780780784,0.0,0
2023-08-30 00:00:00+00:00,0.0,1.1647565780780784,1.1647565780780784,0.0,0
2023-08-31 00:00:00+00:00,0.0,1.1647565780780784,1.1647565780780784,0.0,0
2023-09-01 00:00:00+00:00,0.0,1.1647565780780784,1.1647565780780784,0.0,0
2023-09-02 00:00:00+00:00,0.0,1.1647565780780784,1.1647565780780784,0.0,0
2023-09-03 00:00:00+00:00,0.0,1.1647565780780784,1.1647565780780784,0.0,0
2023-09-04 00:00:00+00:00,0.0,1.1647565780780784,1.1647565780780784,0.0,0
2023-09-05 00:00:00+00:00,0.0,1.1647565780780784,1.1647565780780784,0.0,0
2023-09-06 00:00:00+00:00,0.0,1.1647565780780784,1.1647565780780784,0.0,0
2023-09-07 00:00:00+00:00,0.0,1.1647565780780784,1.1647565780780784,0.0,0
2023-09-08 00:00:00+00:00,0.0,1.1647565780780784,1.1647565780780784,0.0,0
2023-09-09 00:00:00+00:00,0.0,1.1647565780780784,1.1647565780780784,0.0,0
2023-09-10 00:00:00+00:00,0.0,1.1647565780780784,1.1647565780780784,0.0,0
2023-09-11 00:00:00+00:00,0.0,1.1647565780780784,1.1647565780780784,0.0,0
2023-09-12 00:00:00+00:00,0.0,1.1647565780780784,1.1647565780780784,0.0,0
2023-09-13 00:00:00+00:00,0.0,1.1647565780780784,1.1647565780780784,0.0,0
2023-09-14 00:00:00+00:00,0.0,1.1647565780780784,1.1647565780780784,0.0,0
2023-09-15 00:00:00+00:00,0.0,1.1647565780780784,1.1647565780780784,0.0,0
2023-09-16 00:00:00+00:00,0.0,1.1647565780780784,1.1647565780780784,0.0,0
2023-09-17 00:00:00+00:00,0.0,1.1647565780780784,1.1647565780780784,0.0,0
2023-09-18 00:00:00+00:00,0.0,1.1647565780780784,1.1647565780780784,0.0,0
2023-09-19 00:00:00+00:00,0.0,1.1647565780780784,1.1647565780780784,0.0,0
2023-09-20 00:00:00+00:00,0.0,1.1647565780780784,1.1647565780780784,0.0,0
2023-09-21 00:00:00+00:00,0.0,1.1647565780780784,1.1647565780780784,0.0,0
2023-09-22 00:00:00+00:00,0.0,1.1647565780780784,1.1647565780780784,0.0,0
2023-09-23 00:00:00+00:00,0.0,1.1647565780780784,1.1647565780780784,0.0,0
2023-09-24 00:00:00+00:00,0.0,1.1647565780780784,1.1647565780780784,0.0,0
2023-09-25 00:00:00+00:00,0.0,1.1647565780780784,1.1647565780780784,0.0,0
2023-09-26 00:00:00+00:00,0.0,1.1647565780780784,1.1647565780780784,0.0,0
2023-09-27 00:00:00+00:00,0.0,1.1647565780780784,1.1647565780780784,0.0,0
2023-09-28 00:00:00+00:00,0.0,1.1647565780780784,1.1647565780780784,0.0,0
2023-09-29 00:00:00+00:00,0.0,1.1647565780780784,1.1647565780780784,0.0,0
2023-09-30 00:00:00+00:00,0.0,1.1647565780780784,1.1647565780780784,0.0,0
2023-10-01 00:00:00+00:00,0.0,1.1647565780780784,1.1647565780780784,0.0,0
2023-10-02 00:00:00+00:00,0.0,1.1647565780780784,1.1647565780780784,0.0,0
2023-10-03 00:00:00+00:00,0.0,1.1647565780780784,1.1647565780780784,0.0,0
2023-10-04 00:00:00+00:00,0.0,1.1647565780780784,1.1647565780780784,0.0,0
2023-10-05 00:00:00+00:00,0.0,1.1647565780780784,1.1647565780780784,0.0,0
2023-10-06 00:00:00+00:00,0.0,1.1647565780780784,1.1647565780780784,0.0,0
2023-10-07 00:00:00+00:00,0.0,1.1647565780780784,1.1647565780780784,0.0,0
2023-10-08 00:00:00+00:00,0.0,1.1647565780780784,1.1647565780780784,0.0,0
2023-10-09 00:00:00+00:00,0.0,1.1647565780780784,1.1647565780780784,0.0,0
2023-10-10 00:00:00+00:00,0.0,1.1647565780780784,1.1647565780780784,0.0,0
2023-10-11 00:00:00+00:00,0.0,1.1647565780780784,1.1647565780780784,0.0,0
2023-10-12 00:00:00+00:00,0.0,1.1647565780780784,1.1647565780780784,0.0,0
2023-10-13 00:00:00+00:00,0.0,1.1647565780780784,1.1647565780780784,0.0,0
2023-10-14 00:00:00+00:00,0.0,1.1647565780780784,1.1647565780780784,0.0,0
2023-10-15 00:00:00+00:00,0.0,1.1647565780780784,1.1647565780780784,0.0,0
2023-10-16 00:00:00+00:00,0.0,1.1647565780780784,1.1647565780780784,0.0,0
2023-10-17 00:00:00+00:00,0.0,1.1647565780780784,1.1647565780780784,0.0,0
2023-10-18 00:00:00+00:00,0.0,1.1647565780780784,1.1647565780780784,0.0,0
2023-10-19 00:00:00+00:00,0.0,1.1647565780780784,1.1647565780780784,0.0,0
2023-10-20 00:00:00+00:00,0.0,1.1647565780780784,1.1647565780780784,0.0,0
2023-10-21 00:00:00+00:00,0.0,1.1647565780780784,1.1647565780780784,0.0,0
2023-10-22 00:00:00+00:00,0.0,1.1647565780780784,1.1647565780780784,0.0,0
2023-10-23 00:00:00+00:00,0.0158100600599278,1.1831714495326888,1.1360650053820682,0.03981370930580341,1
2023-10-24 00:00:00+00:00,-0.0021355534163400858,1.1806447237015232,1.1360650053820682,0.037758791806302094,1
2023-10-25 00:00:00+00:00,0.002840983009622322,1.1839989153019594,1.1360650053820682,0.040484758305430024,1
2023-10-26 00:00:00+00:00,0.0004118363206162545,1.184486529058851,1.1360650053820682,0.04087975885657114,1
2023-10-27 00:00:00+00:00,-0.0012973740985912086,1.1829498069159199,1.1360650053820682,0.03963380462953491,1
2023-10-28 00:00:00+00:00,-0.00012490956391286723,1.1828020451714072,1.1360650053820682,0.03951383072098598,1
2023-10-29 00:00:00+00:00,0.0014991020191332805,1.1845751861055587,1.1360650053820682,0.04095154220051976,1
2023-10-30 00:00:00+00:00,0.0024467175861397905,1.187473507045508,1.0653396483232478,0.10285185985002336,2
2023-10-31 00:00:00+00:00,0.0028008782869146653,1.1907994758076783,1.1026643359127708,0.07401341845160664,1
2023-11-01 00:00:00+00:00,0.0016701418244660093,1.192788279816777,1.1026643359127708,0.07555736875436937,1
2023-11-02 00:00:00+00:00,-0.001023545571793738,1.1915674066548831,1.1026643359127708,0.07461019011227588,1
2023-11-03 00:00:00+00:00,-0.0004800330162176847,1.19099541495864,1.1026643359127708,0.07416575910910345,1
2023-11-04 00:00:00+00:00,0.0007376460306165455,1.1918739479989666,1.1026643359127708,0.07484819366676272,1
2023-11-05 00:00:00+00:00,-0.00010714230050123952,1.1917462478822705,1.1026643359127708,0.07474906015252655,1
2023-11-06 00:00:00+00:00,0.0011324309669296095,1.1930958182380944,0.9730774564305139,0.18440963285957446,3
2023-11-07 00:00:00+00:00,0.0007389929431858011,1.1939775076283168,0.9730774564305139,0.18501190331180736,3
2023-11-08 00:00:00+00:00,0.0007539846227677671,1.1948777483089992,0.9730774564305139,0.18562592883864384,3
2023-11-09 00:00:00+00:00,0.012739410467536016,1.2100997864032328,1.0318044522576495,0.1473393650250355,3
2023-11-10 00:00:00+00:00,0.005767856833806206,1.2170794687258262,1.0445548980003385,0.14175292177601645,3
2023-11-11 00:00:00+00:00,0.00027065829917538586,1.2174088813847928,1.0730321758033472,0.11859343872801237,2
2023-11-12 00:00:00+00:00,-0.00035297973828463114,1.2169791607164562,1.0730321758033472,0.1182822102133326,2
2023-11-13 00:00:00+00:00,-0.0032457038523204806,1.213029206766325,1.0358021535563628,0.14610287388084542,3
2023-11-14 00:00:00+00:00,-0.0007876127176996706,1.2120738095361347,1.0358021535563628,0.14542980352593532,3
2023-11-15 00:00:00+00:00,0.010666752260969137,1.225002700584466,1.0466107658775183,0.1456257481080117,3
2023-11-16 00:00:00+00:00,-0.008554636680370376,1.2145232475484933,1.0466107658775183,0.13825382265008523,3
2023-11-17 00:00:00+00:00,3.220786153979027e-05,1.2145623647450872,1.0744774933186303,0.11533773439115083,2
2023-11-18 00:00:00+00:00,-1.950891694957324e-05,1.2145386699487832,1.0744774933186303,0.11532047525177545,2
2023-11-19 00:00:00+00:00,0.0026848841116773325,1.2177995655267464,1.0744774933186303,0.11768937702496522,2
2023-11-20 00:00:00+00:00,-0.0013462383513586085,1.2161601170473664,1.0456398133433977,0.14021205046418028,3
2023-11-21 00:00:00+00:00,-0.007188730436709867,1.2074174697980353,1.0456398133433977,0.13398651295123154,3
2023-11-22 00:00:00+00:00,0.008803474628164443,1.2180469388590047,1.0456398133433977,0.141543909364534,3
2023-11-23 00:00:00+00:00,-0.0006148380631334494,1.217298037238311,1.0456398133433977,0.14101577316624525,3
2023-11-24 00:00:00+00:00,0.0013411909248399745,1.2189306663186805,1.0456398133433977,0.1421662919505031,3
2023-11-25 00:00:00+00:00,0.0009293083799439827,1.2200634288014611,1.0456398133433977,0.14296274385456323,3
2023-11-26 00:00:00+00:00,-0.0016135996484702986,1.2180947348816356,1.0456398133433977,0.14157759376161794,3
2023-11-27 00:00:00+00:00,-0.0025168986962715856,1.2150289138314767,1.0297855778047889,0.15246002289981794,3
2023-11-28 00:00:00+00:00,0.0029227076539113384,1.2185800881376556,1.0297855778047889,0.1549299157032835,3
2023-11-29 00:00:00+00:00,-6.249193516139062e-05,1.2185039367097987,1.0297855778047889,0.15487710233795948,3
2023-11-30 00:00:00+00:00,0.00042686450304363355,1.219024072787199,1.0297855778047889,0.15523770137675122,3
2023-12-01 00:00:00+00:00,0.0030405333198548767,1.2227305560982138,1.0297855778047889,0.15779844327201636,3
2023-12-02 00:00:00+00:00,0.004989353072097469,1.2288311905546299,1.0553198958568955,0.14120026902915808,3
2023-12-03 00:00:00+00:00,0.001300156724363788,1.2304288636901375,1.0786077831674927,0.12338875086798876,3
2023-12-04 00:00:00+00:00,0.003786845890257462,1.2350883081758566,1.0480770766819523,0.15141527148783995,3
2023-12-05 00:00:00+00:00,0.00356016819994176,1.239485430294744,1.0728859709815832,0.13441017961263502,3
2023-12-06 00:00:00+00:00,-0.001825464886231809,1.237222793164745,1.0728859709815832,0.13282718609054855,3
2023-12-07 00:00:00+00:00,0.005520523037039871,1.2440529100963618,1.095088824711157,0.11974095649490203,3
2023-12-08 00:00:00+00:00,0.003541962609261873,1.2484592989878665,1.1038045674530352,0.1158665978555358,3
2023-12-09 00:00:00+00:00,-0.001587358624587032,1.2464775463521722,1.1038045674530352,0.1144609297750054,3
2023-12-10 00:00:00+00:00,0.001070161399720826,1.247811478507897,1.1038045674530352,0.11540758643049337,3
2023-12-11 00:00:00+00:00,-0.007340039422498501,1.238652493063803,1.165803812079793,0.0588128481490552,2
2023-12-12 00:00:00+00:00,-0.0002465376695632848,1.2383471185647643,1.165803812079793,0.05858075284177886,2
2023-12-13 00:00:00+00:00,0.0018704898297348116,1.240663434255721,1.165803812079793,0.06033838034473603,2
2023-12-14 00:00:00+00:00,0.0015859813470775475,1.2426311033204518,1.165803812079793,0.06182630632322635,2
2023-12-15 00:00:00+00:00,-0.0019153473687693046,1.240251033106356,1.165803812079793,0.060025929460507055,2
2023-12-16 00:00:00+00:00,0.000661885285160535,1.2410719370150742,1.165803812079793,0.06064767294336717,2
2023-12-17 00:00:00+00:00,-0.0016591277343509514,1.2390128401440479,1.165803812079793,0.05908657738828906,2
2023-12-18 00:00:00+00:00,0.0032684752261378236,1.2430625229169254,1.0771000378736326,0.1335109714786118,3
2023-12-19 00:00:00+00:00,-0.002120003400491788,1.2404272261413176,1.0771000378736326,0.13167010915727656,3
2023-12-20 00:00:00+00:00,0.005972614479319294,1.247835819752711,1.0881321593130222,0.1279845135967791,3
2023-12-21 00:00:00+00:00,0.00496324323806463,1.2540291324473136,1.1007114579033217,0.12226005806163631,3
2023-12-22 00:00:00+00:00,0.003299500179035464,1.2581668017943393,1.1007114579033217,0.12514663688984803,3
2023-12-23 00:00:00+00:00,0.0009068715589282128,1.2593077974832743,1.1289644093857403,0.1035039950979618,2
2023-12-24 00:00:00+00:00,-0.0018640269130933973,1.256960413856897,1.1289644093857403,0.10182978163839686,2
2023-12-25 00:00:00+00:00,0.0041337704644148765,1.2621563996906375,0.9660234626514835,0.23462459732544885,4
2023-12-26 00:00:00+00:00,0.0015897737961794167,1.264162942861546,0.9887338013330138,0.21787471550548193,4
2023-12-27 00:00:00+00:00,0.007283429565197341,1.2733703846148106,1.0851513832994966,0.1478116686153726,3
2023-12-28 00:00:00+00:00,-0.0035772622342850058,1.268815204827671,1.0851513832994966,0.14475222304190422,3
2023-12-29 00:00:00+00:00,-0.0003628596226505909,1.268354803021234,1.0851513832994966,0.14444177550740922,3
2023-12-30 00:00:00+00:00,-0.0013338154401282276,1.2666630518014035,1.0851513832994966,0.14329909461223128,3
2023-12-31 00:00:00+00:00,-3.14980293973921e-05,1.2666231544113613,1.0851513832994966,0.14327210937194673,3
2024-01-01 00:00:00+00:00,0.007097671575528874,1.2756132295713336,1.0154308576255255,0.20396650482626438,4
2024-01-02 00:00:00+00:00,6.723439833811184e-05,1.275698994659336,1.0154308576255255,0.20402002206117037,4
2024-01-03 00:00:00+00:00,-0.009110552644419623,1.264076671810059,1.1090309199204964,0.12265533835661178,2
2024-01-04 00:00:00+00:00,0.003433611247822599,1.268417019688496,1.1090309199204964,0.1256574906312299,2
2024-01-05 00:00:00+00:00,-0.001100859222365802,1.2670206711145662,1.1090309199204964,0.12469390184067801,2
2024-01-06 00:00:00+00:00,-0.0020377586377084977,1.2644387887978472,1.1090309199204964,0.12290659718301054,2
2024-01-07 00:00:00+00:00,-0.0009620228185039936,1.2632223698304221,1.1090309199204964,0.12206200079454324,2
2024-01-08 00:00:00+00:00,0.009059639813969289,1.2746667095060344,1.0378327849013986,0.18580066682404756,4
2024-01-09 00:00:00+00:00,-0.000778938634687365,1.2736738223596504,1.0378327849013986,0.18516596111029812,4
2024-01-10 00:00:00+00:00,0.007147222572778222,1.282777052653176,1.0774853797484694,0.16003690780100918,4
2024-01-11 00:00:00+00:00,2.891250541336987e-05,1.2828141409516551,1.0774853797484694,0.16006119253632695,4
2024-01-12 00:00:00+00:00,-0.008724834967443584,1.271621799277949,1.1410311601263996,0.10269613121267768,3
2024-01-13 00:00:00+00:00,0.002457371684603249,1.274746646681019,1.1410311601263996,0.10489573508803987,3
2024-01-14 00:00:00+00:00,-0.0022015089782898567,1.2719402804933058,1.1410311601263996,0.10292080719083346,3
2024-01-15 00:00:00+00:00,0.004587295495408927,1.277775046412442,1.0811975881435447,0.153843557064931,4
2024-01-16 00:00:00+00:00,0.0019129033468185952,1.2802193065752057,1.0811975881435447,0.15545908221309077,4
2024-01-17 00:00:00+00:00,-0.001180751516199341,1.2787076856878994,1.0811975881435447,0.15446071041490708,4
2024-01-18 00:00:00+00:00,-0.003336807155489674,1.2744408847325164,1.0811975881435447,0.15162986287083074,4
2024-01-19 00:00:00+00:00,-0.0001244599320319173,1.274282267906624,1.119272706194894,0.12164460388072242,3
2024-01-20 00:00:00+00:00,0.0003242378759520381,1.2746954384825333,1.119272706194894,0.12192930765694356,3
2024-01-21 00:00:00+00:00,-0.00026071225732704484,1.274363109757362,1.119272706194894,0.12170032416584721,3
2024-01-22 00:00:00+00:00,-0.00899592636398494,1.262899033061006,1.0548768326188986,0.16471799803180195,4
2024-01-23 00:00:00+00:00,-0.002903142471585296,1.2592326572408026,1.1127785012779896,0.1163042866786185,3
2024-01-24 00:00:00+00:00,0.00014192976243276867,1.2594113798326925,1.1127785012779896,0.11642969160258222,3
2024-01-25 00:00:00+00:00,-0.0007135003562788178,1.2585127893644803,1.1127785012779896,0.11579881374116435,3
2024-01-26 00:00:00+00:00,0.005054149197872393,1.264873500769359,1.1127785012779896,0.12024522562837912,3
2024-01-27 00:00:00+00:00,0.001360043427159452,1.2665937836602685,1.1127785012779896,0.12144010523861537,3
2024-01-28 00:00:00+00:00,0.00020515710376800556,1.266853634372575,1.1127785012779896,0.12162031107160458,3
2024-01-29 00:00:00+00:00,0.004922072900007013,1.2730891803145956,1.0383784010511514,0.18436318750697764,4
2024-01-30 00:00:00+00:00,-0.0005407389837789323,1.2724007713649723,1.0383784010511514,0.18392190226572455,4
2024-01-31 00:00:00+00:00,-0.004104876955944414,1.2671777227598704,1.0383784010511514,0.1805581944815142,4
2024-02-01 00:00:00+00:00,0.0011526157250807412,1.2686382917295953,1.0383784010511514,0.1815016085983969,4
2024-02-02 00:00:00+00:00,0.001067733525352832,1.2699928593652212,1.0383784010511514,0.18237461463353213,4
2024-02-03 00:00:00+00:00,-0.0013896490191356303,1.2682280150338952,1.0383784010511514,0.18123682118518786,4
2024-02-04 00:00:00+00:00,-0.00012835796795707122,1.2680652278629791,1.0383784010511514,0.1811317129158332,4
2024-02-05 00:00:00+00:00,-0.00029724437581746255,1.2676883026058272,1.014103178622845,0.2000374409558873,4
2024-02-06 00:00:00+00:00,0.0028103699001027493,1.271250975654183,1.014103178622845,0.2022793311124189,4
2024-02-07 00:00:00+00:00,0.005248516093776523,1.2779231568591332,1.014103178622845,0.20644432086566328,4
2024-02-08 00:00:00+00:00,0.0040111261954451916,1.283049067909377,1.014103178622845,0.2096146562225848,4
2024-02-09 00:00:00+00:00,0.005937851783308412,1.290667623105335,1.061960134881027,0.17720091844718297,4
2024-02-10 00:00:00+00:00,0.001162330604929096,1.2921678055844614,1.061960134881027,0.17815617268014897,4
2024-02-11 00:00:00+00:00,-0.00036197439239404883,1.2917000739281639,1.061960134881027,0.1778585785386535,4
2024-02-12 00:00:00+00:00,0.008200558060383223,1.3022927353810132,1.0161064627817764,0.21975571607216787,4
2024-02-13 00:00:00+00:00,-0.0009451543421832298,1.3010618677473742,1.0161064627817764,0.2190175671345763,4
2024-02-14 00:00:00+00:00,0.008067072632192973,1.311557628333469,1.0663399676277316,0.18696674504293276,4
2024-02-15 00:00:00+00:00,0.002585547718889636,1.314948723167599,1.0893132286446037,0.17159261844025275,4
2024-02-16 00:00:00+00:00,-0.0002077699673849187,1.3146755163142736,1.0893132286446037,0.1714204644971855,4
2024-02-17 00:00:00+00:00,-0.0020053992779491825,1.3120390669831195,1.0893132286446037,0.1697554927618487,4
2024-02-18 00:00:00+00:00,0.002393388063661517,1.3151792856250946,1.0893132286446037,0.17173784551597354,4
2024-02-19 00:00:00+00:00,1.9342028796387467e-05,1.3152047238607094,1.1302978275518447,0.14059172154284916,3
2024-02-20 00:00:00+00:00,1.9203680719392935e-05,1.3152299806323071,1.1302978275518447,0.14060822502810869,3
2024-02-21 00:00:00+00:00,0.0007673610645513307,1.3162392369103748,1.179408152916049,0.10395608955976067,2
2024-02-22 00:00:00+00:00,-0.0017583614250005208,1.3139248126101195,1.179408152916049,0.10237774521272067,2
2024-02-23 00:00:00+00:00,-0.001318511950528345,1.3121923870425973,1.179408152916049,0.10119265698973895,2
2024-02-24 00:00:00+00:00,0.002384381922615031,1.3153211548492547,1.179408152916049,0.10333065915660916,2
2024-02-25 00:00:00+00:00,6.510726559350033e-05,1.3154067918130243,1.179408152916049,0.10338903504483848,2
2024-02-26 00:00:00+00:00,0.00905479265200504,1.3273175275659304,1.0239001385470468,0.22859442651623704,4
2024-02-27 00:00:00+00:00,0.0012361850754263326,1.3289583376838592,1.0929980066929181,0.1775528429297328,3
2024-02-28 00:00:00+00:00,0.009712892594622602,1.3418663672805107,1.1433001159994567,0.14797766463398113,3
2024-02-29 00:00:00+00:00,-0.0002623009557093381,1.3415143944499388,1.1932523614406718,0.11051840637912709,2
2024-03-01 00:00:00+00:00,0.002650808963287732,1.3450704928311261,1.1932523614406718,0.11287001848572645,2
2024-03-02 00:00:00+00:00,0.00028488926739012044,1.345453688978417,1.1932523614406718,0.11312268031559625,2
2024-03-03 00:00:00+00:00,0.0015917325020828876,1.3475952913452114,1.1932523614406718,0.11453210833830507,2
2024-03-04 00:00:00+00:00,0.0091723617273618,1.359955922819519,1.0873038081714808,0.2004859937539477,4
2024-03-05 00:00:00+00:00,-0.01797797604017437,1.3355066678233765,1.3355066678233765,0.0,0
2024-03-06 00:00:00+00:00,0.0,1.3355066678233765,1.3355066678233765,0.0,0
2024-03-07 00:00:00+00:00,0.0,1.3355066678233765,1.3355066678233765,0.0,0
2024-03-08 00:00:00+00:00,0.0,1.3355066678233765,1.3355066678233765,0.0,0
2024-03-09 00:00:00+00:00,0.0,1.3355066678233765,1.3355066678233765,0.0,0
2024-03-10 00:00:00+00:00,0.0,1.3355066678233765,1.3355066678233765,0.0,0
2024-03-11 00:00:00+00:00,0.005333231083806789,1.3426292334968433,1.0759318589442814,0.1986381406711631,4
2024-03-12 00:00:00+00:00,0.00029260730925084744,1.3430220966241784,1.0759318589442814,0.19887255641679705,4
2024-03-13 00:00:00+00:00,0.012556901623412164,1.359886292969557,1.1284006116383456,0.17022429193379152,4
2024-03-14 00:00:00+00:00,-0.003188172680784862,1.3555507406413376,1.1661442279133416,0.13972661225383867,3
2024-03-15 00:00:00+00:00,-0.0019394353412420795,1.3529217376280909,1.1808693643324097,0.1271709726516178,3
2024-03-16 00:00:00+00:00,-0.006829923996354403,1.3436813849870752,1.2430521350502874,0.07489070776831208,2
2024-03-17 00:00:00+00:00,0.00486192128108609,1.3502142581077432,1.2430521350502874,0.0793667541384418,2
2024-03-18 00:00:00+00:00,-0.00230410063836195,1.3471032285737117,1.1783853588914799,0.1252449449333346,3
2024-03-19 00:00:00+00:00,-0.010551004389523944,1.3328899364958886,1.2915447633060417,0.03101919525219125,1
2024-03-20 00:00:00+00:00,0.002999886718303202,1.3368884553133427,1.2915447633060417,0.03391733381127386,1
2024-03-21 00:00:00+00:00,-0.00018274425544873019,1.3366441466279584,1.2915447633060417,0.03374075548506458,1
2024-03-22 00:00:00+00:00,0.0,1.3366441466279584,1.2915447633060417,0.03374075548506458,1
2024-03-23 00:00:00+00:00,-0.0001157591827765092,1.3364894177938818,1.2915447633060417,0.03362888915501435,1
2024-03-24 00:00:00+00:00,0.0009627404396617134,1.337776110203572,1.2915447633060417,0.034558358865068195,1
2024-03-25 00:00:00+00:00,0.004496653903736103,1.3437916263718437,1.1659237917941712,0.132362660316544,4
2024-03-26 00:00:00+00:00,-0.00017011033876901394,1.3435630335230466,1.1659237917941712,0.1322150411232108,4
2024-03-27 00:00:00+00:00,-0.0019903346266824107,1.3408888934942953,1.1659237917941712,0.1304844141442421,4
2024-03-28 00:00:00+00:00,0.002266392920671212,1.3439278745899175,1.1659237917941712,0.132450621913071,4
2024-03-29 00:00:00+00:00,0.0011056910815940846,1.3454138436551573,1.1659237917941712,0.13340880406979902,4
2024-03-30 00:00:00+00:00,-0.0006073058682699584,1.3445967659326539,1.1659237917941712,0.13288219834036988,4
2024-03-31 00:00:00+00:00,0.0036765542006846896,1.3495402488206707,1.1659237917941712,0.1360585259957659,4
2024-04-01 00:00:00+00:00,-0.0054065342100184655,1.342243913297625,1.1659237917941712,0.1313622060466421,4
2024-04-02 00:00:00+00:00,-0.007290889760861674,1.3324577608935844,1.1659237917941712,0.12498255028191728,4
2024-04-03 00:00:00+00:00,0.0016649864230182665,1.3346762849747176,1.1659237917941712,0.12643702078196664,4
2024-04-04 00:00:00+00:00,0.0028934971781404695,1.3385381670390228,1.1659237917941712,0.12895738014455838,4
2024-04-05 00:00:00+00:00,-0.002227161937648936,1.3355570257813032,1.1659237917941712,0.12701309694200166,4
2024-04-06 00:00:00+00:00,0.001956340037096993,1.3381698294626654,1.1659237917941712,0.128717621542595,4
2024-04-07 00:00:00+00:00,0.0012112654276457135,1.3397907083134122,1.1659237917941712,0.12977169899775784,4
2024-04-08 00:00:00+00:00,0.0037480576481931926,1.3448123211246843,1.1659237917941712,0.1330211855739888,4
2024-04-09 00:00:00+00:00,-0.004542155566791273,1.3387039743539983,1.1659237917941712,0.12906526451690237,4
2024-04-10 00:00:00+00:00,0.003084545783819337,1.3428332680538742,1.1659237917941712,0.13174344162331655,4
2024-04-11 00:00:00+00:00,-0.0011739726819133267,1.3412568184808145,1.1659237917941712,0.1307229340949302,4
2024-04-12 00:00:00+00:00,-0.008018279881616519,1.3305022459171088,1.1923796790838614,0.10381235150643443,3
2024-04-13 00:00:00+00:00,-0.007476736999429301,1.3205544305472365,1.2274982545047068,0.07046750507964088,2
2024-04-14 00:00:00+00:00,0.0018083412743634675,1.3229424436290387,1.2274982545047068,0.07214538288038709,2
2024-04-15 00:00:00+00:00,-0.005371249519117827,1.3158365896648756,1.128441960714118,0.14241481839206505,4
2024-04-16 00:00:00+00:00,-0.0016169830024499454,1.3137089042653858,1.128441960714118,0.1410258718272656,4
2024-04-17 00:00:00+00:00,-0.0036853378617741628,1.3088674431011467,1.128441960714118,0.1378485524550447,4
2024-04-18 00:00:00+00:00,0.00547383705356097,1.3160319702093934,1.128441960714118,0.14254213707698002,4
2024-04-19 00:00:00+00:00,0.00033055456080699486,1.316466990579314,1.128441960714118,0.14282548002396564,4
2024-04-20 00:00:00+00:00,0.004725118625664493,1.3226874532765729,1.128441960714118,0.14685668339959534,4
2024-04-21 00:00:00+00:00,0.0001774778227354723,1.32292220096594,1.128441960714118,0.14700807055004522,4
2024-04-22 00:00:00+00:00,0.0052428116464458,1.329858032888506,1.1184875347505236,0.15894215240319812,4
2024-04-23 00:00:00+00:00,-0.0002901843678050353,1.3294721288759617,1.1184875347505236,0.1586980197199175,4
2024-04-24 00:00:00+00:00,-0.00338436441895118,1.3249727107070066,1.1184875347505236,0.15584107830138053,4
2024-04-25 00:00:00+00:00,0.0001630234397780317,1.325188712315918,1.1184875347505236,0.15597867356126252,4
2024-04-26 00:00:00+00:00,-0.0029789758814824374,1.321241007103516,1.1184875347505236,0.1534568419106805,4
2024-04-27 00:00:00+00:00,0.0015048618115123258,1.3232292922389104,1.1184875347505236,0.15472885817239024,4
2024-04-28 00:00:00+00:00,-0.00039706073304568434,1.3227038898461465,1.1184875347505236,0.15439310087715602,4
2024-04-29 00:00:00+00:00,-0.0006825501925854516,1.3218010780513985,1.1184875347505236,0.15381553750932023,4
2024-04-30 00:00:00+00:00,-0.008450944868252264,1.3106306100139897,1.146669294635029,0.12510108807638076,3
2024-05-01 00:00:00+00:00,-0.003991459313459456,1.3053992812591444,1.1986273288538751,0.08179256258076123,2
2024-05-02 00:00:00+00:00,6.202952652811788e-05,1.3054802545584911,1.1986273288538751,0.0818495150206261,2
2024-05-03 00:00:00+00:00,0.0035678187798218186,1.3101379715273915,1.1986273288538751,0.08511366367277683,2
2024-05-04 00:00:00+00:00,7.261856832352365e-05,1.31023311187119,1.1986273288538751,0.08518009658443657,2
2024-05-05 00:00:00+00:00,0.0007418889862218503,1.3112051593862704,1.1986273288538751,0.08585828825222823,2
2024-05-06 00:00:00+00:00,-0.0004482439091264556,1.3106174196599603,1.084767534476215,0.1723232743559458,4
2024-05-07 00:00:00+00:00,-0.0034216400001302327,1.3061329586719843,1.084767534476215,0.16948153916952177,4
2024-05-08 00:00:00+00:00,-0.0016575769762378068,1.3039679427517843,1.084767534476215,0.16810260520131115,4
2024-05-09 00:00:00+00:00,0.005341828215357003,1.3109335155002968,1.084767534476215,0.17252284601005802,4
2024-05-10 00:00:00+00:00,-0.005824770982377103,1.303297627999385,1.084767534476215,0.1676747419993563,4
2024-05-11 00:00:00+00:00,0.0004572293064775135,1.303893533869969,1.084767534476215,0.16805513157457405,4
2024-05-12 00:00:00+00:00,0.0005388827317782674,1.304596179579449,1.084767534476215,0.1685032108357837,4
2024-05-13 00:00:00+00:00,0.0019792867724177654,1.3071783495410372,1.0347580698177432,0.20840329846263392,4
2024-05-14 00:00:00+00:00,-0.006494884390189082,1.29868837728341,1.0347580698177432,0.2032283587674472,4
2024-05-15 00:00:00+00:00,0.012005756162738246,1.3142801132724569,1.0347580698177432,0.21268072204084812,4
2024-05-16 00:00:00+00:00,-0.003572524683318923,1.3095848151269958,1.0347580698177432,0.20985791995656378,4
2024-05-17 00:00:00+00:00,0.0076790693125912135,1.319641207693073,1.046932834489182,0.2066534233806062,4
2024-05-18 00:00:00+00:00,0.0008731948496760733,1.320793511599051,1.046932834489182,0.20734556515068955,4
2024-05-19 00:00:00+00:00,-0.0025351925356251748,1.317445045747343,1.046932834489182,0.20533092604610956,4
2024-05-20 00:00:00+00:00,0.017378499174858675,1.3403402633877848,1.1055247335161096,0.17519098417454526,4
2024-05-21 00:00:00+00:00,0.0008371947185772388,1.3414623891773894,1.1494955098825121,0.1431026921392816,3
2024-05-22 00:00:00+00:00,-0.0012290831432471006,1.3398136203675515,1.1494955098825121,0.1420481980417763,3
2024-05-23 00:00:00+00:00,-0.002644140090361957,1.3362709654603246,1.1494955098825121,0.13977363903395984,3
2024-05-24 00:00:00+00:00,-0.0008962183747163177,1.3350733748674792,1.1494955098825121,0.1390019968029006,3
2024-05-25 00:00:00+00:00,0.0008110308802740107,1.3361561606019283,1.1494955098825121,0.13969972689070032,3
2024-05-26 00:00:00+00:00,-0.0015454839491930716,1.3340911527021027,1.1494955098825121,0.13836808860152147,3
2024-05-27 00:00:00+00:00,0.0030462202693268825,1.3381550882125934,1.074194507293077,0.19725709168142463,4
2024-05-28 00:00:00+00:00,-0.0018676539485118493,1.335655877578372,1.074194507293077,0.1957550404070702,4
2024-05-29 00:00:00+00:00,-0.002350112323071807,1.3325169362410918,1.074194507293077,0.19386052208590965,4
2024-05-30 00:00:00+00:00,-0.00015115091425554894,1.332315525087918,1.074194507293077,0.19373865494647596,4
2024-05-31 00:00:00+00:00,-0.0006598309498662136,1.3314364220694777,1.074194507293077,0.1932063074980062,4
2024-06-01 00:00:00+00:00,0.0019538890985035806,1.3340379011799097,1.074194507293077,0.19477961882268147,4
2024-06-02 00:00:00+00:00,-0.0008873692039680359,1.3328541170294765,1.074194507293077,0.19406445644094397,4
2024-06-03 00:00:00+00:00,-0.00020699968453952167,1.3325782166477143,1.3325782166477143,0.0,0
2024-06-04 00:00:00+00:00,0.0,1.3325782166477143,1.3325782166477143,0.0,0
2024-06-05 00:00:00+00:00,0.0,1.3325782166477143,1.3325782166477143,0.0,0
2024-06-06 00:00:00+00:00,0.0,1.3325782166477143,1.3325782166477143,0.0,0
2024-06-07 00:00:00+00:00,0.0,1.3325782166477143,1.3325782166477143,0.0,0
2024-06-08 00:00:00+00:00,0.0,1.3325782166477143,1.3325782166477143,0.0,0
2024-06-09 00:00:00+00:00,0.0,1.3325782166477143,1.3325782166477143,0.0,0
2024-06-10 00:00:00+00:00,0.0,1.3325782166477143,1.3325782166477143,0.0,0
2024-06-11 00:00:00+00:00,0.0,1.3325782166477143,1.3325782166477143,0.0,0
2024-06-12 00:00:00+00:00,0.0,1.3325782166477143,1.3325782166477143,0.0,0
2024-06-13 00:00:00+00:00,0.0,1.3325782166477143,1.3325782166477143,0.0,0
2024-06-14 00:00:00+00:00,0.0,1.3325782166477143,1.3325782166477143,0.0,0
2024-06-15 00:00:00+00:00,0.0,1.3325782166477143,1.3325782166477143,0.0,0
2024-06-16 00:00:00+00:00,0.0,1.3325782166477143,1.3325782166477143,0.0,0
2024-06-17 00:00:00+00:00,0.0,1.3325782166477143,1.3325782166477143,0.0,0
2024-06-18 00:00:00+00:00,0.0,1.3325782166477143,1.3325782166477143,0.0,0
2024-06-19 00:00:00+00:00,0.0,1.3325782166477143,1.3325782166477143,0.0,0
2024-06-20 00:00:00+00:00,0.0,1.3325782166477143,1.3325782166477143,0.0,0
2024-06-21 00:00:00+00:00,0.0,1.3325782166477143,1.3325782166477143,0.0,0
2024-06-22 00:00:00+00:00,0.0,1.3325782166477143,1.3325782166477143,0.0,0
2024-06-23 00:00:00+00:00,0.0,1.3325782166477143,1.3325782166477143,0.0,0
2024-06-24 00:00:00+00:00,0.0,1.3325782166477143,1.3325782166477143,0.0,0
2024-06-25 00:00:00+00:00,0.0,1.3325782166477143,1.3325782166477143,0.0,0
2024-06-26 00:00:00+00:00,0.0,1.3325782166477143,1.3325782166477143,0.0,0
2024-06-27 00:00:00+00:00,0.0,1.3325782166477143,1.3325782166477143,0.0,0
2024-06-28 00:00:00+00:00,0.0,1.3325782166477143,1.3325782166477143,0.0,0
2024-06-29 00:00:00+00:00,0.0,1.3325782166477143,1.3325782166477143,0.0,0
2024-06-30 00:00:00+00:00,0.0,1.3325782166477143,1.3325782166477143,0.0,0
2024-07-01 00:00:00+00:00,0.0,1.3325782166477143,1.3325782166477143,0.0,0
2024-07-02 00:00:00+00:00,0.0,1.3325782166477143,1.3325782166477143,0.0,0
2024-07-03 00:00:00+00:00,0.0,1.3325782166477143,1.3325782166477143,0.0,0
2024-07-04 00:00:00+00:00,0.0,1.3325782166477143,1.3325782166477143,0.0,0
2024-07-05 00:00:00+00:00,0.0,1.3325782166477143,1.3325782166477143,0.0,0
2024-07-06 00:00:00+00:00,0.0,1.3325782166477143,1.3325782166477143,0.0,0
2024-07-07 00:00:00+00:00,0.0,1.3325782166477143,1.3325782166477143,0.0,0
2024-07-08 00:00:00+00:00,0.0,1.3325782166477143,1.3325782166477143,0.0,0
2024-07-09 00:00:00+00:00,0.0,1.3325782166477143,1.3325782166477143,0.0,0
2024-07-10 00:00:00+00:00,0.0,1.3325782166477143,1.3325782166477143,0.0,0
2024-07-11 00:00:00+00:00,0.0,1.3325782166477143,1.3325782166477143,0.0,0
2024-07-12 00:00:00+00:00,0.0,1.3325782166477143,1.3325782166477143,0.0,0
2024-07-13 00:00:00+00:00,0.0,1.3325782166477143,1.3325782166477143,0.0,0
2024-07-14 00:00:00+00:00,0.0,1.3325782166477143,1.3325782166477143,0.0,0
2024-07-15 00:00:00+00:00,0.0,1.3325782166477143,1.3325782166477143,0.0,0
2024-07-16 00:00:00+00:00,0.0,1.3325782166477143,1.3325782166477143,0.0,0
2024-07-17 00:00:00+00:00,0.0,1.3325782166477143,1.3325782166477143,0.0,0
2024-07-18 00:00:00+00:00,0.0,1.3325782166477143,1.3325782166477143,0.0,0
2024-07-19 00:00:00+00:00,0.0,1.3325782166477143,1.3325782166477143,0.0,0
2024-07-20 00:00:00+00:00,0.0,1.3325782166477143,1.3325782166477143,0.0,0
2024-07-21 00:00:00+00:00,0.0,1.3325782166477143,1.3325782166477143,0.0,0
2024-07-22 00:00:00+00:00,-0.00359437935101814,1.3277884250221792,1.1154993958586417,0.15988166876811838,3
2024-07-23 00:00:00+00:00,-0.0021488593390297517,1.3249351944648147,1.1154993958586417,0.15807248496464854,3
2024-07-24 00:00:00+00:00,-0.001731821204894124,1.32264064359993,1.1154993958586417,0.15661188754754782,3
2024-07-25 00:00:00+00:00,-0.002888632998994778,1.3188200201910156,1.184768548492479,0.1016450081483604,2
2024-07-26 00:00:00+00:00,0.004588497210830544,1.3248714221752496,1.184768548492479,0.1057482796728618,2
2024-07-27 00:00:00+00:00,0.00018921547670647243,1.3251221083529712,1.184768548492479,0.10591745392803174,2
2024-07-28 00:00:00+00:00,0.0005565553566304615,1.3258596121605646,1.184768548492479,0.1064147835668435,2
2024-07-29 00:00:00+00:00,-0.0011181341107409093,1.3243771233021542,1.1076829623295872,0.16361967989319354,3
2024-07-30 00:00:00+00:00,-0.00203212983006118,1.3216858170436412,1.1076829623295872,0.16191658558668467,3
2024-07-31 00:00:00+00:00,-0.004019154414524717,1.3163737576574555,1.1076829623295872,0.15853460623466298,3
2024-08-01 00:00:00+00:00,-0.004441808952800219,1.3105266769154613,1.2350902219906958,0.0575619376953986,1
2024-08-02 00:00:00+00:00,-0.003912602584225211,1.3053991068526658,1.3053991068526658,0.0,0
2024-08-03 00:00:00+00:00,0.0,1.3053991068526658,1.3053991068526658,0.0,0
2024-08-04 00:00:00+00:00,0.0,1.3053991068526658,1.3053991068526658,0.0,0
2024-08-05 00:00:00+00:00,0.0,1.3053991068526658,1.3053991068526658,0.0,0
2024-08-06 00:00:00+00:00,0.0,1.3053991068526658,1.3053991068526658,0.0,0
2024-08-07 00:00:00+00:00,0.0,1.3053991068526658,1.3053991068526658,0.0,0
2024-08-08 00:00:00+00:00,0.0,1.3053991068526658,1.3053991068526658,0.0,0
2024-08-09 00:00:00+00:00,0.0,1.3053991068526658,1.3053991068526658,0.0,0
2024-08-10 00:00:00+00:00,0.0,1.3053991068526658,1.3053991068526658,0.0,0
2024-08-11 00:00:00+00:00,0.0,1.3053991068526658,1.3053991068526658,0.0,0
2024-08-12 00:00:00+00:00,0.0,1.3053991068526658,1.3053991068526658,0.0,0
2024-08-13 00:00:00+00:00,0.0,1.3053991068526658,1.3053991068526658,0.0,0
2024-08-14 00:00:00+00:00,0.0,1.3053991068526658,1.3053991068526658,0.0,0
2024-08-15 00:00:00+00:00,0.0,1.3053991068526658,1.3053991068526658,0.0,0
2024-08-16 00:00:00+00:00,0.0,1.3053991068526658,1.3053991068526658,0.0,0
2024-08-17 00:00:00+00:00,0.0,1.3053991068526658,1.3053991068526658,0.0,0
2024-08-18 00:00:00+00:00,0.0,1.3053991068526658,1.3053991068526658,0.0,0
2024-08-19 00:00:00+00:00,0.0,1.3053991068526658,1.3053991068526658,0.0,0
2024-08-20 00:00:00+00:00,0.0,1.3053991068526658,1.3053991068526658,0.0,0
2024-08-21 00:00:00+00:00,0.0,1.3053991068526658,1.3053991068526658,0.0,0
2024-08-22 00:00:00+00:00,0.0,1.3053991068526658,1.3053991068526658,0.0,0
2024-08-23 00:00:00+00:00,0.0,1.3053991068526658,1.3053991068526658,0.0,0
2024-08-24 00:00:00+00:00,0.0,1.3053991068526658,1.3053991068526658,0.0,0
2024-08-25 00:00:00+00:00,0.0,1.3053991068526658,1.3053991068526658,0.0,0
2024-08-26 00:00:00+00:00,0.0,1.3053991068526658,1.3053991068526658,0.0,0
2024-08-27 00:00:00+00:00,0.0,1.3053991068526658,1.3053991068526658,0.0,0
2024-08-28 00:00:00+00:00,0.0,1.3053991068526658,1.3053991068526658,0.0,0
2024-08-29 00:00:00+00:00,0.0,1.3053991068526658,1.3053991068526658,0.0,0
2024-08-30 00:00:00+00:00,0.0,1.3053991068526658,1.3053991068526658,0.0,0
2024-08-31 00:00:00+00:00,0.0,1.3053991068526658,1.3053991068526658,0.0,0
2024-09-01 00:00:00+00:00,0.0,1.3053991068526658,1.3053991068526658,0.0,0
2024-09-02 00:00:00+00:00,0.0,1.3053991068526658,1.3053991068526658,0.0,0
2024-09-03 00:00:00+00:00,0.0,1.3053991068526658,1.3053991068526658,0.0,0
2024-09-04 00:00:00+00:00,0.0,1.3053991068526658,1.3053991068526658,0.0,0
2024-09-05 00:00:00+00:00,0.0,1.3053991068526658,1.3053991068526658,0.0,0
2024-09-06 00:00:00+00:00,0.0,1.3053991068526658,1.3053991068526658,0.0,0
2024-09-07 00:00:00+00:00,0.0,1.3053991068526658,1.3053991068526658,0.0,0
2024-09-08 00:00:00+00:00,0.0,1.3053991068526658,1.3053991068526658,0.0,0
2024-09-09 00:00:00+00:00,0.0,1.3053991068526658,1.3053991068526658,0.0,0
2024-09-10 00:00:00+00:00,0.0,1.3053991068526658,1.3053991068526658,0.0,0
2024-09-11 00:00:00+00:00,0.0,1.3053991068526658,1.3053991068526658,0.0,0
2024-09-12 00:00:00+00:00,0.0,1.3053991068526658,1.3053991068526658,0.0,0
2024-09-13 00:00:00+00:00,0.0,1.3053991068526658,1.3053991068526658,0.0,0
2024-09-14 00:00:00+00:00,0.0,1.3053991068526658,1.3053991068526658,0.0,0
2024-09-15 00:00:00+00:00,0.0,1.3053991068526658,1.3053991068526658,0.0,0
2024-09-16 00:00:00+00:00,0.0,1.3053991068526658,1.3053991068526658,0.0,0
2024-09-17 00:00:00+00:00,0.0,1.3053991068526658,1.3053991068526658,0.0,0
2024-09-18 00:00:00+00:00,0.0,1.3053991068526658,1.3053991068526658,0.0,0
2024-09-19 00:00:00+00:00,0.0,1.3053991068526658,1.3053991068526658,0.0,0
2024-09-20 00:00:00+00:00,0.0,1.3053991068526658,1.3053991068526658,0.0,0
2024-09-21 00:00:00+00:00,0.0,1.3053991068526658,1.3053991068526658,0.0,0
2024-09-22 00:00:00+00:00,0.0,1.3053991068526658,1.3053991068526658,0.0,0
2024-09-23 00:00:00+00:00,0.0,1.3053991068526658,1.3053991068526658,0.0,0
2024-09-24 00:00:00+00:00,0.0,1.3053991068526658,1.3053991068526658,0.0,0
2024-09-25 00:00:00+00:00,0.0,1.3053991068526658,1.3053991068526658,0.0,0
2024-09-26 00:00:00+00:00,0.0,1.3053991068526658,1.3053991068526658,0.0,0
2024-09-27 00:00:00+00:00,0.0,1.3053991068526658,1.3053991068526658,0.0,0
2024-09-28 00:00:00+00:00,0.0,1.3053991068526658,1.3053991068526658,0.0,0
2024-09-29 00:00:00+00:00,0.0,1.3053991068526658,1.3053991068526658,0.0,0
2024-09-30 00:00:00+00:00,-0.006471261029177278,1.2969515284849673,1.1010933724887504,0.15101424509288214,2
2024-10-01 00:00:00+00:00,-0.003856398535621808,1.2919499665097454,1.2919499665097454,0.0,0
2024-10-02 00:00:00+00:00,0.0,1.2919499665097454,1.2919499665097454,0.0,0
2024-10-03 00:00:00+00:00,0.0,1.2919499665097454,1.2919499665097454,0.0,0
2024-10-04 00:00:00+00:00,0.0,1.2919499665097454,1.2919499665097454,0.0,0
2024-10-05 00:00:00+00:00,0.0,1.2919499665097454,1.2919499665097454,0.0,0
2024-10-06 00:00:00+00:00,0.0,1.2919499665097454,1.2919499665097454,0.0,0
2024-10-07 00:00:00+00:00,0.0,1.2919499665097454,1.2919499665097454,0.0,0
2024-10-08 00:00:00+00:00,0.0,1.2919499665097454,1.2919499665097454,0.0,0
2024-10-09 00:00:00+00:00,0.0,1.2919499665097454,1.2919499665097454,0.0,0
2024-10-10 00:00:00+00:00,0.0,1.2919499665097454,1.2919499665097454,0.0,0
2024-10-11 00:00:00+00:00,0.0,1.2919499665097454,1.2919499665097454,0.0,0
2024-10-12 00:00:00+00:00,0.0,1.2919499665097454,1.2919499665097454,0.0,0
2024-10-13 00:00:00+00:00,0.0,1.2919499665097454,1.2919499665097454,0.0,0
2024-10-14 00:00:00+00:00,0.0,1.2919499665097454,1.2919499665097454,0.0,0
2024-10-15 00:00:00+00:00,0.0,1.2919499665097454,1.2919499665097454,0.0,0
2024-10-16 00:00:00+00:00,0.0,1.2919499665097454,1.2919499665097454,0.0,0
2024-10-17 00:00:00+00:00,0.0,1.2919499665097454,1.2919499665097454,0.0,0
2024-10-18 00:00:00+00:00,0.0,1.2919499665097454,1.2919499665097454,0.0,0
2024-10-19 00:00:00+00:00,0.0,1.2919499665097454,1.2919499665097454,0.0,0
2024-10-20 00:00:00+00:00,0.0,1.2919499665097454,1.2919499665097454,0.0,0
2024-10-21 00:00:00+00:00,-0.0021715151388396192,1.289144477598846,1.1794703728568914,0.08507510728838803,1
2024-10-22 00:00:00+00:00,6.123917781875043e-05,1.289223423746744,1.1794703728568914,0.08513113310560867,1
2024-10-23 00:00:00+00:00,-0.000956219613465592,1.287990643022818,1.1794703728568914,0.08425548023488559,1
2024-10-24 00:00:00+00:00,0.0019331381426155314,1.2904805068621774,1.1794703728568914,0.08602232533927134,1
2024-10-25 00:00:00+00:00,-0.0018919712768802333,1.2880389548098203,1.1794703728568914,0.08428982799589246,1
2024-10-26 00:00:00+00:00,0.000498459809359808,1.2886809904616827,1.1794703728568914,0.08474604530766425,1
2024-10-27 00:00:00+00:00,0.0011733604539165832,1.2901930777736044,1.1794703728568914,0.08581870948166868,1
2024-10-28 00:00:00+00:00,0.003987728027535109,1.295338016870774,1.074956354467608,0.1701344819134972,2
2024-10-29 00:00:00+00:00,0.004257427265522917,1.300852824261868,1.1046333917882873,0.15083907173351432,2
2024-10-30 00:00:00+00:00,-0.0018249173708221322,1.2984788753459895,1.1046333917882873,0.14928659005411277,2
2024-10-31 00:00:00+00:00,-0.004522479734091034,1.292606530947092,1.1046333917882873,0.14542177736103257,2
2024-11-01 00:00:00+00:00,-0.0017349683806342497,1.2903638994872975,1.188824536188288,0.0786904867218884,1
2024-11-02 00:00:00+00:00,-0.0006178802831068309,1.2895666090757714,1.188824536188288,0.07812087578762983,1
2024-11-03 00:00:00+00:00,-0.0022343848217338813,1.2866852210178377,1.2866852210178377,0.0,0
2024-11-04 00:00:00+00:00,-0.0025419991031006006,1.2834144683400375,1.1194582144432854,0.12775004329568798,2
2024-11-05 00:00:00+00:00,0.004298687970672788,1.2889314666764782,1.1194582144432854,0.13148352462073185,2
2024-11-06 00:00:00+00:00,0.011866065199582998,1.3042260114978554,1.1643949324531015,0.10721384009521709,2
2024-11-07 00:00:00+00:00,0.002273356728632603,1.3071909824767518,1.1643949324531015,0.10923885793114392,2
2024-11-08 00:00:00+00:00,0.0012964751983137734,1.3088857231649924,1.2125451468024098,0.07360503263006285,2
2024-11-09 00:00:00+00:00,0.0001067745203953141,1.3090254788103355,1.2125451468024098,0.0737039374478858,2
2024-11-10 00:00:00+00:00,0.0039453061955407875,1.3141899851420067,1.2765110004789062,0.028670880990642276,1
2024-11-11 00:00:00+00:00,0.015195683676458849,1.3341600004469947,1.0647779283171293,0.2019113689809408,3
2024-11-12 00:00:00+00:00,-0.00679949120254697,1.3250883912611653,1.0647779283171293,0.19644762165358887,3
2024-11-13 00:00:00+00:00,0.0002039015570955982,1.3253585788474327,1.0937922443890327,0.17471976124361474,3
2024-11-14 00:00:00+00:00,-0.003677926364315187,1.3204840075881183,1.0937922443890327,0.17167323640150792,3
2024-11-15 00:00:00+00:00,0.002042659329773322,1.3231813065660347,1.0937922443890327,0.17336177668071828,3
2024-11-16 00:00:00+00:00,0.000967775654082903,1.324461849220467,1.0937922443890327,0.1741610035556694,3
2024-11-17 00:00:00+00:00,-0.0018513946695563055,1.3220097476127894,1.0937922443890327,0.1726292136921525,3
2024-11-18 00:00:00+00:00,0.0006210834392064157,1.322830825973501,1.112237564956118,0.15919893676684074,3
2024-11-19 00:00:00+00:00,0.00010378384802711693,1.3229681144469094,1.112237564956118,0.15928618928120664,3
2024-11-20 00:00:00+00:00,-0.0006044681791871342,1.322168422319647,1.112237564956118,0.1587776971675218,3
2024-11-21 00:00:00+00:00,0.006382951994485575,1.3306077598879382,1.173548386587817,0.11803581644026229,2
2024-11-22 00:00:00+00:00,0.0013772178982704997,1.3324402967104336,1.173548386587817,0.1192488027530341,2
2024-11-23 00:00:00+00:00,0.0021872050357383266,1.3353546168372192,1.1991631301923054,0.10198900346597267,2
2024-11-24 00:00:00+00:00,0.00040261744199798777,1.3358922538972104,1.1991631301923054,0.10235041284656296,2
2024-11-25 00:00:00+00:00,-0.00936937954908501,1.323375772333765,1.1874422245531278,0.10271727095390229,2
2024-11-26 00:00:00+00:00,-0.0013106922540850885,1.3216412339597232,1.1874422245531278,0.10153966595346482,2
2024-11-27 00:00:00+00:00,0.004576402914684419,1.3276895967549835,1.1874422245531278,0.10563265129487755,2
2024-11-28 00:00:00+00:00,-0.0009356708669902014,1.326447316278894,1.1874422245531278,0.10479503408828893,2
2024-11-29 00:00:00+00:00,0.002213475401492193,1.3293833747848527,1.1874422245531278,0.10677217191368643,2
2024-11-30 00:00:00+00:00,-0.0017162517288223933,1.3271018182696104,1.1874422245531278,0.1052365325658153,2
2024-12-01 00:00:00+00:00,0.0003542722547023036,1.3275719736229883,1.1874422245531278,0.10555341017590321,2
2024-12-02 00:00:00+00:00,-0.0028798048746038196,1.3237488253819614,1.1874422245531278,0.10297013921013522,2
2024-12-03 00:00:00+00:00,0.0015016802138065888,1.325736672801087,1.1874422245531278,0.104315171395058,2
2024-12-04 00:00:00+00:00,0.0008936479051664392,1.3269214146015382,1.1874422245531278,0.10511488360468939,2
2024-12-05 00:00:00+00:00,0.0001614898374764362,1.3271356989251262,1.1874422245531278,0.10525937512278437,2
2024-12-06 00:00:00+00:00,0.001985064187830954,1.3297701484734543,1.1874422245531278,0.10703197397213023,2
2024-12-07 00:00:00+00:00,0.00028912670151104436,1.3301546205302504,1.1874422245531278,0.10729008024663478,2
2024-12-08 00:00:00+00:00,0.0006164591056512236,1.3309746064580004,1.1874422245531278,0.10784006036511995,2
2024-12-09 00:00:00+00:00,-0.017564738952999037,1.307596384942495,1.2245703203753255,0.06349517750526726,1
2024-12-10 00:00:00+00:00,-0.0004461207213780627,1.307013039099973,1.2245703203753255,0.06307719682844067,1
2024-12-11 00:00:00+00:00,0.0029594883275856354,1.3108811289331916,1.2245703203753255,0.06584182703744222,1
2024-12-12 00:00:00+00:00,-0.0007296869614746848,1.3099245960653658,1.2245703203753255,0.06515968624943748,1
2024-12-13 00:00:00+00:00,0.0009252017897107834,1.3111365406460318,1.2245703203753255,0.06602380269872785,1
2024-12-14 00:00:00+00:00,-2.7666081975352697e-06,1.3111329132449303,1.2245703203753255,0.06602121874537539,1
2024-12-15 00:00:00+00:00,0.001981541408486942,1.3137309774045551,1.2245703203753255,0.06786827635394425,1
2024-12-16 00:00:00+00:00,-0.00010116299509366211,1.3135980764441335,1.0801926265640394,0.17768406795472394,4
2024-12-17 00:00:00+00:00,-8.478772891440389e-05,1.3134866994465255,1.0801926265640394,0.17761433974229895,4
2024-12-18 00:00:00+00:00,-0.010723461106821763,1.299401575910683,1.0801926265640394,0.1686999257277423,4
2024-12-19 00:00:00+00:00,-0.005426143704616138,1.2923508362297869,1.2428738922120872,0.038284452356637286,1
2024-12-20 00:00:00+00:00,-0.002056203340957352,1.2896935001226422,1.2896935001226422,0.0,0
2024-12-21 00:00:00+00:00,0.0,1.2896935001226422,1.2896935001226422,0.0,0
2024-12-22 00:00:00+00:00,0.0,1.2896935001226422,1.2896935001226422,0.0,0
2024-12-23 00:00:00+00:00,0.003443403157114888,1.294134434792675,1.1463040831480151,0.11423106260853258,3
2024-12-24 00:00:00+00:00,0.0031647888379680023,1.2982300970067369,1.1463040831480151,0.1170254904804702,3
2024-12-25 00:00:00+00:00,0.000759691455229472,1.2992163513183546,1.1463040831480151,0.11769576946532019,3
2024-12-26 00:00:00+00:00,-0.003914688575270331,1.2941303239110442,1.1463040831480151,0.11422824891103507,3
2024-12-27 00:00:00+00:00,-0.0012794084952354456,1.2924746025806906,1.1463040831480151,0.11309353324298675,3
2024-12-28 00:00:00+00:00,0.0037506668290427925,1.2973222441999703,1.1463040831480151,0.11640759397067518,3
2024-12-29 00:00:00+00:00,-0.003059766275448239,1.2933527413487784,1.1463040831480151,0.11369570999433067,3
2024-12-30 00:00:00+00:00,0.00026142756701830194,1.2936908594092456,1.1463040831480151,0.11392735381042544,3
2024-12-31 00:00:00+00:00,-4.228245046711265e-05,1.2936361589895629,1.1463040831480151,0.11388988690346004,3
2025-01-01 00:00:00+00:00,0.0015493044332703931,1.2956403952257243,1.1463040831480151,0.1152606175509771,3
2025-01-02 00:00:00+00:00,0.003215873986831319,1.2998070114690186,1.1463040831480151,0.11809670740852299,3
2025-01-03 00:00:00+00:00,0.002356615260486805,1.3028701565079341,1.156355909045914,0.11245498772857027,3
2025-01-04 00:00:00+00:00,-0.0001940508208259084,1.3026173334846343,1.156355909045914,0.11228272546278516,3
2025-01-05 00:00:00+00:00,-0.0004895674608731415,1.3019796144241909,1.156355909045914,0.1118479151017123,3
2025-01-06 00:00:00+00:00,0.004457470900735894,1.307783150668838,1.1043559578168256,0.15555116515148082,4
2025-01-07 00:00:00+00:00,-0.009874301100650684,1.2948697060647762,1.1043559578168256,0.1471296666804716,4
2025-01-08 00:00:00+00:00,-0.003175320286766259,1.2907580800183898,1.1623029239727747,0.09951915702420774,3
2025-01-09 00:00:00+00:00,-0.0031151163436228257,1.2867372184276613,1.1623029239727747,0.09670528890657264,3
2025-01-10 00:00:00+00:00,0.001765357910605836,1.2890087701550836,1.1623029239727747,0.09829711722369802,3
2025-01-11 00:00:00+00:00,0.00011456209599125522,1.2891564417015438,1.1623029239727747,0.09840040636288995,3
2025-01-12 00:00:00+00:00,-0.00011571370951157789,1.2890072686275338,1.1623029239727747,0.0982960668559047,3
2025-01-13 00:00:00+00:00,-0.001078583184324966,1.2876169670631195,1.1876268873916367,0.0776551429727946,2
2025-01-14 00:00:00+00:00,0.0014860698165015673,1.2895304557730873,1.1876268873916367,0.07902377793811656,2
2025-01-15 00:00:00+00:00,0.0027186894334694234,1.2930362885973345,1.1876268873916367,0.08152083753198015,2
2025-01-16 00:00:00+00:00,-0.0005259959492955879,1.2923561567472401,1.1876268873916367,0.08103746696204774,2
2025-01-17 00:00:00+00:00,0.0027640501458046085,1.2959282939707288,1.2056028740875193,0.06969939641216731,2
2025-01-18 00:00:00+00:00,-0.00028806892826771513,1.295554977295973,1.2056028740875193,0.06943132849228657,2
2025-01-19 00:00:00+00:00,-0.0023153841567823408,1.2925552698273013,1.2056028740875193,0.06727170417354748,2
2025-01-20 00:00:00+00:00,-0.00012313833623778248,1.2923961067218794,1.0833345911172672,0.1617627246919599,3
2025-01-21 00:00:00+00:00,0.001747193912951639,1.2946541733326664,1.1486809471933483,0.11275074776421365,2
2025-01-22 00:00:00+00:00,0.0013924307488706322,1.2964568896127686,1.1486809471933483,0.11398446304185135,2
2025-01-23 00:00:00+00:00,-0.0012556651323480938,1.2948289739008894,1.1486809471933483,0.11287052549283445,2
2025-01-24 00:00:00+00:00,-0.0009835712367399774,1.293555417365663,1.1486809471933483,0.11199711139345898,2
2025-01-25 00:00:00+00:00,0.0011000385111363808,1.2949783781410542,1.1486809471933483,0.11297287539095162,2
2025-01-26 00:00:00+00:00,-0.004419267360357582,1.2892555224621667,1.1486809471933483,0.10903546490175572,2
2025-01-27 00:00:00+00:00,-0.004517206986318634,1.2834316884089507,1.1651965092803307,0.09212424798018987,2
2025-01-28 00:00:00+00:00,-0.0015760957234977058,1.281408877213448,1.1651965092803307,0.09069109009595183,2
2025-01-29 00:00:00+00:00,0.001514392272655929,1.2833494329152126,1.1651965092803307,0.09206605824143305,2
2025-01-30 00:00:00+00:00,0.0020550199160604965,1.2859867415591184,1.1651965092803307,0.0939280541355681,2
2025-01-31 00:00:00+00:00,-0.002251542406807694,1.2830912878759055,1.1651965092803307,0.09188339108025882,2
2025-02-01 00:00:00+00:00,-0.0030337569807959985,1.2791987007243135,1.2064947028836566,0.05683557824088647,1
2025-02-02 00:00:00+00:00,-0.0016576216506941632,1.277078273262453,1.2064947028836566,0.05526957263040893,1
2025-02-03 00:00:00+00:00,-0.0061314799583434,1.2692478934247085,1.2405588651163861,0.022603171891751563,1
2025-02-04 00:00:00+00:00,-0.0010074652165549258,1.2679691703208975,1.2405588651163861,0.021617485539947575,1
2025-02-05 00:00:00+00:00,-0.0011005417531951833,1.2665737173071951,1.2405588651163861,0.020539548417377512,1
2025-02-06 00:00:00+00:00,-0.0006891200723350144,1.2657008959355067,1.2405588651163861,0.019864117106860042,1
2025-02-07 00:00:00+00:00,0.0002567642023414418,1.2660258826164545,1.2405588651163861,0.02011571631334782,1
2025-02-08 00:00:00+00:00,0.0007679993779718952,1.2669981897068003,1.2405588651163861,0.020867689318903163,1
2025-02-09 00:00:00+00:00,0.00012039856871726151,1.2671507344754085,1.2405588651163861,0.02098556125608153,1
2025-02-10 00:00:00+00:00,0.000498998745252166,1.267783041101957,1.1941294307711148,0.05809638395763887,1
2025-02-11 00:00:00+00:00,-0.0009854299292161306,1.2665337297495025,1.1941294307711148,0.057167288385369774,1
2025-02-12 00:00:00+00:00,0.0012485300639564212,1.2681150351881096,1.1941294307711148,0.05834297549040577,1
2025-02-13 00:00:00+00:00,-0.0007522232670358342,1.2671611295533631,1.1941294307711148,0.0576341059388319,1
2025-02-14 00:00:00+00:00,0.000532348703675023,1.2678357011380283,1.1941294307711148,0.0581355062811007,1
2025-02-15 00:00:00+00:00,4.124917461467703e-05,1.2678879983142473,1.1941294307711148,0.05817435581155433,1
2025-02-16 00:00:00+00:00,-0.0008654576067469444,1.266790695001603,1.1941294307711148,0.05735853958920686,1
2025-02-17 00:00:00+00:00,-0.0005879886506611198,1.266045836450179,1.1414963576471315,0.098376753208452,2
2025-02-18 00:00:00+00:00,-0.0012573319661816074,1.264453996549359,1.1414963576471315,0.09724168632292964,2
2025-02-19 00:00:00+00:00,0.0009027417316940234,1.2655954719398514,1.1414963576471315,0.09805590889362616,2
2025-02-20 00:00:00+00:00,0.0011758535829926586,1.2670836269101513,1.1414963576471315,0.09911521749300077,2
2025-02-21 00:00:00+00:00,-0.0018146973850476922,1.2647842535657607,1.1414963576471315,0.09747741211281535,2
2025-02-22 00:00:00+00:00,0.0015237681855968521,1.266711491572988,1.1414963576471315,0.09885055496762388,2
2025-02-23 00:00:00+00:00,-0.0008008057967884286,1.265697101667678,1.1414963576471315,0.09812833090705501,2
2025-02-24 00:00:00+00:00,-0.005539400390847882,1.258685898648005,1.1414963576471315,0.09310467458700418,2
2025-02-25 00:00:00+00:00,-0.0035510568807985976,1.2542162334268467,1.2542162334268467,0.0,0
2025-02-26 00:00:00+00:00,0.0,1.2542162334268467,1.2542162334268467,0.0,0
2025-02-27 00:00:00+00:00,0.0,1.2542162334268467,1.2542162334268467,0.0,0
2025-02-28 00:00:00+00:00,0.0,1.2542162334268467,1.2542162334268467,0.0,0
2025-03-01 00:00:00+00:00,0.0,1.2542162334268467,1.2542162334268467,0.0,0
2025-03-02 00:00:00+00:00,0.0,1.2542162334268467,1.2542162334268467,0.0,0
2025-03-03 00:00:00+00:00,0.0,1.2542162334268467,1.2542162334268467,0.0,0
2025-03-04 00:00:00+00:00,0.0,1.2542162334268467,1.2542162334268467,0.0,0
2025-03-05 00:00:00+00:00,0.0,1.2542162334268467,1.2542162334268467,0.0,0
2025-03-06 00:00:00+00:00,0.0,1.2542162334268467,1.2542162334268467,0.0,0
2025-03-07 00:00:00+00:00,0.0,1.2542162334268467,1.2542162334268467,0.0,0
2025-03-08 00:00:00+00:00,0.0,1.2542162334268467,1.2542162334268467,0.0,0
2025-03-09 00:00:00+00:00,0.0,1.2542162334268467,1.2542162334268467,0.0,0
2025-03-10 00:00:00+00:00,0.0,1.2542162334268467,1.2542162334268467,0.0,0
2025-03-11 00:00:00+00:00,0.0,1.2542162334268467,1.2542162334268467,0.0,0
2025-03-12 00:00:00+00:00,0.0,1.2542162334268467,1.2542162334268467,0.0,0
2025-03-13 00:00:00+00:00,0.0,1.2542162334268467,1.2542162334268467,0.0,0
2025-03-14 00:00:00+00:00,0.0,1.2542162334268467,1.2542162334268467,0.0,0
2025-03-15 00:00:00+00:00,0.0,1.2542162334268467,1.2542162334268467,0.0,0
2025-03-16 00:00:00+00:00,0.0,1.2542162334268467,1.2542162334268467,0.0,0
2025-03-17 00:00:00+00:00,0.0,1.2542162334268467,1.2542162334268467,0.0,0
2025-03-18 00:00:00+00:00,0.0,1.2542162334268467,1.2542162334268467,0.0,0
2025-03-19 00:00:00+00:00,0.0,1.2542162334268467,1.2542162334268467,0.0,0
2025-03-20 00:00:00+00:00,0.0,1.2542162334268467,1.2542162334268467,0.0,0
2025-03-21 00:00:00+00:00,0.0,1.2542162334268467,1.2542162334268467,0.0,0
2025-03-22 00:00:00+00:00,0.0,1.2542162334268467,1.2542162334268467,0.0,0
2025-03-23 00:00:00+00:00,0.0,1.2542162334268467,1.2542162334268467,0.0,0
2025-03-24 00:00:00+00:00,0.0,1.2542162334268467,1.2542162334268467,0.0,0
2025-03-25 00:00:00+00:00,0.0,1.2542162334268467,1.2542162334268467,0.0,0
2025-03-26 00:00:00+00:00,0.0,1.2542162334268467,1.2542162334268467,0.0,0
2025-03-27 00:00:00+00:00,0.0,1.2542162334268467,1.2542162334268467,0.0,0
2025-03-28 00:00:00+00:00,0.0,1.2542162334268467,1.2542162334268467,0.0,0
2025-03-29 00:00:00+00:00,0.0,1.2542162334268467,1.2542162334268467,0.0,0
2025-03-30 00:00:00+00:00,0.0,1.2542162334268467,1.2542162334268467,0.0,0
2025-03-31 00:00:00+00:00,0.0,1.2542162334268467,1.2542162334268467,0.0,0
2025-04-01 00:00:00+00:00,0.0,1.2542162334268467,1.2542162334268467,0.0,0
2025-04-02 00:00:00+00:00,0.0,1.2542162334268467,1.2542162334268467,0.0,0
2025-04-03 00:00:00+00:00,0.0,1.2542162334268467,1.2542162334268467,0.0,0
2025-04-04 00:00:00+00:00,0.0,1.2542162334268467,1.2542162334268467,0.0,0
2025-04-05 00:00:00+00:00,0.0,1.2542162334268467,1.2542162334268467,0.0,0
2025-04-06 00:00:00+00:00,0.0,1.2542162334268467,1.2542162334268467,0.0,0
2025-04-07 00:00:00+00:00,0.0,1.2542162334268467,1.2542162334268467,0.0,0
2025-04-08 00:00:00+00:00,0.0,1.2542162334268467,1.2542162334268467,0.0,0
2025-04-09 00:00:00+00:00,0.0,1.2542162334268467,1.2542162334268467,0.0,0
2025-04-10 00:00:00+00:00,0.0,1.2542162334268467,1.2542162334268467,0.0,0
2025-04-11 00:00:00+00:00,0.0,1.2542162334268467,1.2542162334268467,0.0,0
2025-04-12 00:00:00+00:00,0.0,1.2542162334268467,1.2542162334268467,0.0,0
2025-04-13 00:00:00+00:00,0.0,1.2542162334268467,1.2542162334268467,0.0,0
2025-04-14 00:00:00+00:00,0.0,1.2542162334268467,1.2542162334268467,0.0,0
2025-04-15 00:00:00+00:00,0.0,1.2542162334268467,1.2542162334268467,0.0,0
2025-04-16 00:00:00+00:00,0.0,1.2542162334268467,1.2542162334268467,0.0,0
2025-04-17 00:00:00+00:00,0.0,1.2542162334268467,1.2542162334268467,0.0,0
2025-04-18 00:00:00+00:00,0.0,1.2542162334268467,1.2542162334268467,0.0,0
2025-04-19 00:00:00+00:00,0.0,1.2542162334268467,1.2542162334268467,0.0,0
2025-04-20 00:00:00+00:00,0.0,1.2542162334268467,1.2542162334268467,0.0,0
2025-04-21 00:00:00+00:00,0.0,1.2542162334268467,1.2542162334268467,0.0,0
2025-04-22 00:00:00+00:00,0.0,1.2542162334268467,1.2542162334268467,0.0,0
2025-04-23 00:00:00+00:00,0.0,1.2542162334268467,1.2542162334268467,0.0,0
2025-04-24 00:00:00+00:00,0.0,1.2542162334268467,1.2542162334268467,0.0,0
2025-04-25 00:00:00+00:00,0.0,1.2542162334268467,1.2542162334268467,0.0,0
2025-04-26 00:00:00+00:00,0.0,1.2542162334268467,1.2542162334268467,0.0,0
2025-04-27 00:00:00+00:00,0.0,1.2542162334268467,1.2542162334268467,0.0,0
2025-04-28 00:00:00+00:00,0.0,1.2542162334268467,1.2542162334268467,0.0,0
2025-04-29 00:00:00+00:00,0.0,1.2542162334268467,1.2542162334268467,0.0,0
2025-04-30 00:00:00+00:00,0.0,1.2542162334268467,1.2542162334268467,0.0,0
2025-05-01 00:00:00+00:00,0.0,1.2542162334268467,1.2542162334268467,0.0,0
2025-05-02 00:00:00+00:00,0.0,1.2542162334268467,1.2542162334268467,0.0,0
2025-05-03 00:00:00+00:00,0.0,1.2542162334268467,1.2542162334268467,0.0,0
2025-05-04 00:00:00+00:00,0.0,1.2542162334268467,1.2542162334268467,0.0,0
2025-05-05 00:00:00+00:00,0.0,1.2542162334268467,1.2542162334268467,0.0,0
2025-05-06 00:00:00+00:00,0.0,1.2542162334268467,1.2542162334268467,0.0,0
2025-05-07 00:00:00+00:00,0.0,1.2542162334268467,1.2542162334268467,0.0,0
2025-05-08 00:00:00+00:00,0.0,1.2542162334268467,1.2542162334268467,0.0,0
2025-05-09 00:00:00+00:00,0.0,1.2542162334268467,1.2542162334268467,0.0,0
2025-05-10 00:00:00+00:00,0.0,1.2542162334268467,1.2542162334268467,0.0,0
2025-05-11 00:00:00+00:00,0.0,1.2542162334268467,1.2542162334268467,0.0,0
2025-05-12 00:00:00+00:00,0.0007941016731867201,1.255212208636349,1.04019574970276,0.1712988907008648,2
2025-05-13 00:00:00+00:00,0.000146304366728911,1.255395851663644,1.1327759632049874,0.09767428201723101,1
2025-05-14 00:00:00+00:00,-0.0005590972604444522,1.2546939632822056,1.1327759632049874,0.09716951196472484,1
2025-05-15 00:00:00+00:00,0.00024022055934191933,1.2549953665678681,1.1327759632049874,0.09738633832340238,1
2025-05-16 00:00:00+00:00,-0.0002813835212015503,1.2546422315525316,1.1327759632049874,0.09713228622692166,1
2025-05-17 00:00:00+00:00,-0.0003166115285623272,1.254244997357801,1.1327759632049874,0.09684633736526813,1
2025-05-18 00:00:00+00:00,0.0031249617890238834,1.2581644650486183,1.1327759632049874,0.09965986588151304,1
2025-05-19 00:00:00+00:00,-0.0008243212165109925,1.2571273333862185,1.1327759632049874,0.09891708411611427,1
2025-05-20 00:00:00+00:00,0.001195779638034855,1.2586305806538989,1.1327759632049874,0.09999329380947176,1
2025-05-21 00:00:00+00:00,0.0025418716170204636,1.261829858003177,1.164970683633889,0.07676088321651071,1
2025-05-22 00:00:00+00:00,0.0014367428598192067,1.2636427830419699,1.164970683633889,0.07808543738171586,1
2025-05-23 00:00:00+00:00,-0.0030605426734514607,1.259775350380471,1.164970683633889,0.07525521650979251,1
2025-05-24 00:00:00+00:00,0.00031107431440768885,1.2601672341338983,1.164970683633889,0.07554279140215643,1
2025-05-25 00:00:00+00:00,0.0008708577910607751,1.2612646605877833,1.164970683633889,0.07634716167264903,1
2025-05-26 00:00:00+00:00,0.0007462446975541326,1.2622058726529592,1.0748585243723865,0.14842851894421777,2
2025-05-27 00:00:00+00:00,0.0009969224012569278,1.263464193962405,1.0748585243723865,0.14927662413489054,2
2025-05-28 00:00:00+00:00,-0.0008106608198181764,1.2624399530431165,1.0748585243723865,0.14858641650128723,2
2025-05-29 00:00:00+00:00,-0.00279824229870429,1.258907340166937,1.0748585243723865,0.14619726958629453,2
2025-05-30 00:00:00+00:00,-0.003205821654727825,1.254871507754534,1.1667440780946157,0.07022824975731072,1
2025-05-31 00:00:00+00:00,0.0002839734830581975,1.2552278579873815,1.1667440780946157,0.07049220532329459,1
2025-06-01 00:00:00+00:00,0.00029567709714495294,1.2555990001166866,1.1667440780946157,0.07076695825164982,1
2025-06-02 00:00:00+00:00,2.3612545860585143e-05,1.2556286480056593,1.140980454800788,0.09130740477048638,1
2025-06-03 00:00:00+00:00,-0.0004149709666231294,1.2551075985718767,1.140980454800788,0.09093016718323449,1
2025-06-04 00:00:00+00:00,-0.0005868007832611211,1.2543711004499578,1.140980454800788,0.09039641108480197,1
2025-06-05 00:00:00+00:00,-0.00275270939254868,1.2509181813400077,1.140980454800788,0.08788562527842732,1
2025-06-06 00:00:00+00:00,0.0024067000548522177,1.2539287661956542,1.140980454800788,0.09007554052495714,1
2025-06-07 00:00:00+00:00,0.0010914858954338413,1.2552974117578355,1.140980454800788,0.0910676273895646,1
2025-06-08 00:00:00+00:00,0.00015689541180141653,1.2554943621621866,1.140980454800788,0.09121021233754098,1
2025-06-09 00:00:00+00:00,0.003906906727079162,1.260399461531528,1.140980454800788,0.09474695156219141,1
2025-06-10 00:00:00+00:00,9.770028421618449e-06,1.2604117756700897,1.140980454800788,0.0947557958237948,1
2025-06-11 00:00:00+00:00,-0.0013999875715642318,1.2586472148490984,1.140980454800788,0.09348668845417303,1
2025-06-12 00:00:00+00:00,-0.0025585353910305697,1.2554269214050848,1.140980454800788,0.09116139271269362,1
2025-06-13 00:00:00+00:00,0.00034063971060716014,1.2558545696682806,1.140980454800788,0.0914708738113165,1
2025-06-14 00:00:00+00:00,-0.0005622358197929778,1.2551484832447624,1.140980454800788,0.09095977883734639,1
2025-06-15 00:00:00+00:00,0.00015477409523056984,1.2553427477156367,1.140980454800788,0.09110045294239769,1
2025-06-16 00:00:00+00:00,-9.109183414368616e-05,1.2552283962422683,1.2552283962422683,0.0,0
2025-06-17 00:00:00+00:00,0.0,1.2552283962422683,1.2552283962422683,0.0,0
2025-06-18 00:00:00+00:00,0.0,1.2552283962422683,1.2552283962422683,0.0,0
2025-06-19 00:00:00+00:00,0.0,1.2552283962422683,1.2552283962422683,0.0,0
2025-06-20 00:00:00+00:00,0.0,1.2552283962422683,1.2552283962422683,0.0,0
2025-06-21 00:00:00+00:00,0.0,1.2552283962422683,1.2552283962422683,0.0,0
2025-06-22 00:00:00+00:00,0.0,1.2552283962422683,1.2552283962422683,0.0,0
2025-06-23 00:00:00+00:00,0.0034897561165816438,1.2596088372157617,1.1515276301357338,0.08580537376899519,1
2025-06-24 00:00:00+00:00,0.0006101949422103736,1.2603774441573943,1.1515276301357338,0.08636287052441681,1
2025-06-25 00:00:00+00:00,0.000949073369153286,1.2615736348247255,1.1789684895377062,0.06547786273172705,1
2025-06-26 00:00:00+00:00,-0.0002400475993532547,1.2612707971022785,1.1789684895377062,0.06525347907337478,1
2025-06-27 00:00:00+00:00,6.133812608988265e-05,1.2613481610894648,1.1789684895377062,0.06531081115669511,1
2025-06-28 00:00:00+00:00,0.00015203942601837994,1.2615399357398862,1.1789684895377062,0.06545289916149372,1
2025-06-29 00:00:00+00:00,0.0006467037505695217,1.2623557783478223,1.1789684895377062,0.06605688367763794,1
2025-06-30 00:00:00+00:00,-0.000737906045417791,1.2614242783875114,1.1789684895377062,0.06536721249349112,1
2025-07-01 00:00:00+00:00,-0.0008939769241129714,1.260296594191117,1.1789684895377062,0.0645309247269758,1
2025-07-02 00:00:00+00:00,0.0019347222575423206,1.2627349180630034,1.1789684895377062,0.066337302728424,1
2025-07-03 00:00:00+00:00,0.0004480481161150962,1.2633006840641943,1.1789684895377062,0.06675544119487133,1
2025-07-04 00:00:00+00:00,-0.0009749962891748565,1.2620689705851196,1.1789684895377062,0.06584464318846729,1
2025-07-05 00:00:00+00:00,0.00013041581146611136,1.2622335643340445,1.1789684895377062,0.0659664559310536,1
2025-07-06 00:00:00+00:00,0.0006131694715119096,1.263007527421612,1.1789684895377062,0.06653882582589879,1
2025-07-07 00:00:00+00:00,-0.0005732983493949018,1.2622834472908677,1.1789684895377062,0.0660033670979156,1
2025-07-08 00:00:00+00:00,0.00040239866402402846,1.2627913884636772,1.1789684895377062,0.06637905491892103,1
2025-07-09 00:00:00+00:00,0.0014083590047586636,1.2645698520867519,1.1789684895377062,0.06769207917442381,1
2025-07-10 00:00:00+00:00,0.002312902149223639,1.2674946784154868,1.207976815399486,0.04695709104704482,1
2025-07-11 00:00:00+00:00,0.0006142996189850702,1.2682732999135031,1.207976815399486,0.04754218551957949,1
2025-07-12 00:00:00+00:00,-4.355052838656004e-05,1.2682180659411533,1.207976815399486,0.04750070367193657,1
2025-07-13 00:00:00+00:00,0.0007178056565786406,1.269128400042661,1.269128400042661,0.0,0
2025-07-14 00:00:00+00:00,0.0006833429579828909,1.2699956499976062,1.1064369976715334,0.1287867815345518,1
2025-07-15 00:00:00+00:00,-0.002238583237805347,1.2671526590234359,1.1064369976715334,0.12683212256032533,1
2025-07-16 00:00:00+00:00,0.0009395595138668167,1.268343224359743,1.1064369976715334,0.12765174566209353,1
2025-07-17 00:00:00+00:00,0.0005887367988473002,1.2690899446894923,1.1064369976715334,0.12816502699322482,1
2025-07-18 00:00:00+00:00,-0.0013471906339996842,1.2673802386023034,1.1064369976715334,0.12698891463564393,1
2025-07-19 00:00:00+00:00,-9.136106962448487e-05,1.2672644493880838,1.1064369976715334,0.12690914812153703,1
2025-07-20 00:00:00+00:00,-0.0006191236513247711,1.2664798559949846,1.1064369976715334,0.12636826205002424,1
2025-07-21 00:00:00+00:00,0.001383529147554352,1.268232067790544,0.8923025286972229,0.2964201494670045,3
2025-07-22 00:00:00+00:00,0.005411540450083185,1.2750951569254854,0.8923025286972229,0.30020710701407854,3
2025-07-23 00:00:00+00:00,-0.004087742353655388,1.2698828964475801,0.927911720489579,0.2692934733703749,3
2025-07-24 00:00:00+00:00,-0.001363892578264858,1.2681509125898498,1.0299947457572547,0.18779796983801123,2
2025-07-25 00:00:00+00:00,-0.00048825926209949966,1.267531726161038,1.0299947457572547,0.1874012109528882,2
2025-07-26 00:00:00+00:00,0.0005924130974723774,1.2682826285570776,1.0299947457572547,0.18788232010314806,2
2025-07-27 00:00:00+00:00,0.003744984386256922,1.2730323271983848,1.0299947457572547,0.19091234075413696,2
2025-07-28 00:00:00+00:00,-0.004491135092201226,1.2673149670401975,0.9340558042698365,0.26296474944084725,3
2025-07-29 00:00:00+00:00,-0.0019049545678894164,1.2649007896047797,0.9340558042698365,0.2615580510771255,3
2025-07-30 00:00:00+00:00,-0.001464797748085278,1.2630479657766154,1.0234442619851793,0.18970277478267422,2
2025-07-31 00:00:00+00:00,-0.004070527494479226,1.2579066943050756,1.0234442619851793,0.18639095680258222,2
2025-08-01 00:00:00+00:00,-0.005696387004205605,1.250741170959133,1.250741170959133,0.0,0
2025-08-02 00:00:00+00:00,0.0,1.250741170959133,1.250741170959133,0.0,0
2025-08-03 00:00:00+00:00,0.0,1.250741170959133,1.250741170959133,0.0,0
2025-08-04 00:00:00+00:00,0.00460755699264892,1.2565040321873795,1.0048859879301395,0.20025247656325615,3
2025-08-05 00:00:00+00:00,-0.003116577088179695,1.252588040509459,1.0048859879301395,0.19775220948027955,3
2025-08-06 00:00:00+00:00,0.0026535224814328018,1.2559118110349248,1.0048859879301395,0.19987535820523053,3
2025-08-07 00:00:00+00:00,0.006277733266320418,1.2637960903906236,1.0204100264849436,0.19258333346359094,3
2025-08-08 00:00:00+00:00,0.0005776608291108154,1.2645261358880255,1.0204100264849436,0.19304947717165924,3
2025-08-09 00:00:00+00:00,0.0026036962671800445,1.2678185778677888,1.0374959280769829,0.18166846093875794,3
2025-08-10 00:00:00+00:00,0.002953447258155384,1.271563013170431,1.0374959280769829,0.18407824281538424,3
2025-08-11 00:00:00+00:00,-0.0002952180158963813,1.2711876248605956,1.087998469604405,0.1441086678894313,3
2025-08-12 00:00:00+00:00,0.004633404594642121,1.2770775514422767,1.087998469604405,0.14805606881456343,3
2025-08-13 00:00:00+00:00,0.0032957315851245284,1.2812864562652186,1.125293998862954,0.12174674651362681,2
2025-08-14 00:00:00+00:00,-0.00359726436987462,1.2766773301484928,1.125293998862954,0.11857603147690517,2
2025-08-15 00:00:00+00:00,-0.0012498376582549264,1.275081690743833,1.125293998862954,0.11747301601789818,2
2025-08-16 00:00:00+00:00,0.0005753913096111507,1.2758153616677312,1.125293998862954,0.1179805223602399,2
2025-08-17 00:00:00+00:00,0.0008571115076136948,1.276908877695807,1.125293998862954,0.11873586399245922,2
2025-08-18 00:00:00+00:00,-0.004911754466474738,1.2706370148125035,1.0051766833034794,0.20891909208877846,4
2025-08-19 00:00:00+00:00,-0.006764283544807181,1.2620420657617843,1.0989859555869796,0.12920021812139995,3
2025-08-20 00:00:00+00:00,0.0079701937807386,1.2721007855853494,1.0989859555869796,0.1360857818499908,3
2025-08-21 00:00:00+00:00,-0.004506020342235462,1.266368673568128,1.0989859555869796,0.13217534630695651,3
2025-08-22 00:00:00+00:00,0.014596537336086346,1.2848532711931153,1.1182187396865684,0.12969148714686304,3
2025-08-23 00:00:00+00:00,-0.0004728669471669722,1.2842457065492088,1.1182187396865684,0.12927975232150704,3
2025-08-24 00:00:00+00:00,0.0006795634075227319,1.2851184329376477,1.1358088942300104,0.11618348541334908,3
2025-08-25 00:00:00+00:00,-0.009478290512482501,1.2729377070873185,1.0827514802419205,0.149407332178551,3
2025-08-26 00:00:00+00:00,0.0021197134028234643,1.275635970205991,1.1238363990724543,0.11899913037809988,2
2025-08-27 00:00:00+00:00,-0.0006900427526179698,1.2747557268497716,1.1238363990724543,0.11839078232680332,2
2025-08-28 00:00:00+00:00,0.0016666898784940543,1.2768803493172645,1.1238363990724543,0.11985770657888296,2
2025-08-29 00:00:00+00:00,-0.003743399558403082,1.2721004759814967,1.1238363990724543,0.116550602494389,2
2025-08-30 00:00:00+00:00,0.00034404699724599475,1.2725381383304533,1.1238363990724543,0.1168544460703496,2
2025-08-31 00:00:00+00:00,-0.000606511822737299,1.2717663289046717,1.1238363990724543,0.11631848278262273,2
2025-09-01 00:00:00+00:00,-0.0015497877565616713,1.2697953610189279,0.9832120995166362,0.22569247793780509,4
2025-09-02 00:00:00+00:00,0.004337748456129775,1.2753034138857884,0.9832120995166362,0.22903672270363004,4
2025-09-03 00:00:00+00:00,0.0019359823989069103,1.2777723788483373,0.9832120995166362,0.23052641003023544,4
2025-09-04 00:00:00+00:00,-0.00448364184295269,1.2720433051447637,0.9832120995166362,0.22706082761487212,4
2025-09-05 00:00:00+00:00,0.0006987139052776481,1.2729320994901836,0.9832120995166362,0.2276005138762561,4
2025-09-06 00:00:00+00:00,-0.00046244970997755264,1.2723434324099532,0.9832120995166362,0.22724315269633732,4
2025-09-07 00:00:00+00:00,0.0035746285262654443,1.2768915875386522,0.9832120995166362,0.22999563227455766,4
2025-09-08 00:00:00+00:00,0.0019493246952597687,1.2793806638434106,0.9832120995166362,0.2314937005824749,4
2025-09-09 00:00:00+00:00,0.00029754138462601,1.2797613325375945,0.9832120995166362,0.23172229499459948,4
2025-09-10 00:00:00+00:00,0.004500409669934591,1.285520782813755,0.9832120995166362,0.2351643686657665,4
2025-09-11 00:00:00+00:00,0.0036854969609649846,1.2902585657520724,0.9832120995166362,0.23797281753092916,4
2025-09-12 00:00:00+00:00,0.006099540461032227,1.2981285500790705,1.017702537198274,0.2160232997446328,4
2025-09-13 00:00:00+00:00,6.746225398979178e-06,1.298137307546866,1.017702537198274,0.21602858859248034,4
2025-09-14 00:00:00+00:00,-0.0018047475163482929,1.2957944974651918,1.017702537198274,0.2146111600341844,4
2025-09-15 00:00:00+00:00,-0.0017432087644637662,1.2935356571402665,1.017702537198274,0.21323967253581638,4
2025-09-16 00:00:00+00:00,0.003245207998491262,1.2977334494011517,1.017702537198274,0.21578461457713052,4
2025-09-17 00:00:00+00:00,0.0034502949348704792,1.3022110125484323,1.041084992185067,0.20052512061953828,4
2025-09-18 00:00:00+00:00,0.00048319890829096046,1.30284023948806,1.041084992185067,0.20091123943627018,4
2025-09-19 00:00:00+00:00,-0.003248354158127187,1.2986081529787437,1.041084992185067,0.1983070568307853,4
2025-09-20 00:00:00+00:00,0.0024385483646787165,1.3017748717665485,1.041084992185067,0.20025726816167336,4
2025-09-21 00:00:00+00:00,-0.0005577685056635806,1.3010487827416128,1.0910260477039975,0.16142571886893314,3
2025-09-22 00:00:00+00:00,-0.012794803936456267,1.2844021186546688,1.020729516603504,0.20528820236402717,3
2025-09-23 00:00:00+00:00,-0.0020364755265368517,1.2817864651737965,1.020729516603504,0.20366648865721643,3
2025-09-24 00:00:00+00:00,-0.0015633213700505522,1.2797826210009486,1.1955733355377955,0.0657996788527188,2
2025-09-25 00:00:00+00:00,-0.004251803087106265,1.2743412373021519,1.2743412373021519,0.0,0
2025-09-26 00:00:00+00:00,0.0,1.2743412373021519,1.2743412373021519,0.0,0
2025-09-27 00:00:00+00:00,0.0,1.2743412373021519,1.2743412373021519,0.0,0
2025-09-28 00:00:00+00:00,0.0,1.2743412373021519,1.2743412373021519,0.0,0
2025-09-29 00:00:00+00:00,0.0060570774582158204,1.2820600208846895,0.8906225564597386,0.30531914110763575,4
2025-09-30 00:00:00+00:00,-0.003583631816519328,1.2774655898031597,0.8906225564597386,0.30282070721218285,4
2025-10-01 00:00:00+00:00,0.011653551967499398,1.2923526014406232,0.9332537143300037,0.2778644827350691,4
2025-10-02 00:00:00+00:00,0.010047053613485346,1.3053369373148245,1.036948384968264,0.20560863994139003,4
2025-10-03 00:00:00+00:00,0.004989949074399869,1.3118505021569584,1.0605656855729249,0.19154988786517094,4
2025-10-04 00:00:00+00:00,-0.0021863609209830104,1.3089823234848705,1.0605656855729249,0.1897784511333907,4
2025-10-05 00:00:00+00:00,0.002440257366011389,1.3121765772417333,1.1521933357937792,0.1219220371882019,3
2025-10-06 00:00:00+00:00,0.0052585416431267795,1.3190767124162945,1.0433503295102813,0.20902983148033563,3
2025-10-07 00:00:00+00:00,-0.007753314623466956,1.3088494956524426,1.0433503295102813,0.20284927107666714,3
2025-10-08 00:00:00+00:00,0.004219486435880215,1.3143721683459568,1.0433503295102813,0.20619870487423436,3
2025-10-09 00:00:00+00:00,-0.004600705967773622,1.308325128467172,1.0433503295102813,0.20252977886875417,3
2025-10-10 00:00:00+00:00,-0.007487751776434459,1.298528714662338,1.298528714662338,0.0,0
2025-10-11 00:00:00+00:00,0.0,1.298528714662338,1.298528714662338,0.0,0
2025-10-12 00:00:00+00:00,0.0,1.298528714662338,1.298528714662338,0.0,0
2025-10-13 00:00:00+00:00,0.0,1.298528714662338,1.298528714662338,0.0,0
2025-10-14 00:00:00+00:00,0.0,1.298528714662338,1.298528714662338,0.0,0
2025-10-15 00:00:00+00:00,0.0,1.298528714662338,1.298528714662338,0.0,0
2025-10-16 00:00:00+00:00,0.0,1.298528714662338,1.298528714662338,0.0,0
2025-10-17 00:00:00+00:00,0.0,1.298528714662338,1.298528714662338,0.0,0
2025-10-18 00:00:00+00:00,0.0,1.298528714662338,1.298528714662338,0.0,0
2025-10-19 00:00:00+00:00,0.0,1.298528714662338,1.298528714662338,0.0,0
2025-10-20 00:00:00+00:00,0.0,1.298528714662338,1.298528714662338,0.0,0
2025-10-21 00:00:00+00:00,0.0,1.298528714662338,1.298528714662338,0.0,0
2025-10-22 00:00:00+00:00,0.0,1.298528714662338,1.298528714662338,0.0,0
2025-10-23 00:00:00+00:00,0.0,1.298528714662338,1.298528714662338,0.0,0
2025-10-24 00:00:00+00:00,0.0,1.298528714662338,1.298528714662338,0.0,0
2025-10-25 00:00:00+00:00,0.0,1.298528714662338,1.298528714662338,0.0,0
2025-10-26 00:00:00+00:00,0.0,1.298528714662338,1.298528714662338,0.0,0
2025-10-27 00:00:00+00:00,0.0,1.298528714662338,1.298528714662338,0.0,0
2025-10-28 00:00:00+00:00,0.0,1.298528714662338,1.298528714662338,0.0,0
2025-10-29 00:00:00+00:00,0.0,1.298528714662338,1.298528714662338,0.0,0
2025-10-30 00:00:00+00:00,0.0,1.298528714662338,1.298528714662338,0.0,0
2025-10-31 00:00:00+00:00,0.0,1.298528714662338,1.298528714662338,0.0,0
2025-11-01 00:00:00+00:00,0.0,1.298528714662338,1.298528714662338,0.0,0
2025-11-02 00:00:00+00:00,0.0,1.298528714662338,1.298528714662338,0.0,0
2025-11-03 00:00:00+00:00,0.0,1.298528714662338,1.298528714662338,0.0,0
2025-11-04 00:00:00+00:00,0.0,1.298528714662338,1.298528714662338,0.0,0
2025-11-05 00:00:00+00:00,0.0,1.298528714662338,1.298528714662338,0.0,0
2025-11-06 00:00:00+00:00,0.0,1.298528714662338,1.298528714662338,0.0,0
2025-11-07 00:00:00+00:00,0.0,1.298528714662338,1.298528714662338,0.0,0
2025-11-08 00:00:00+00:00,0.0,1.298528714662338,1.298528714662338,0.0,0
2025-11-09 00:00:00+00:00,0.0,1.298528714662338,1.298528714662338,0.0,0
2025-11-10 00:00:00+00:00,0.0,1.298528714662338,1.298528714662338,0.0,0
2025-11-11 00:00:00+00:00,0.0,1.298528714662338,1.298528714662338,0.0,0
2025-11-12 00:00:00+00:00,0.0,1.298528714662338,1.298528714662338,0.0,0
2025-11-13 00:00:00+00:00,0.0,1.298528714662338,1.298528714662338,0.0,0
2025-11-14 00:00:00+00:00,0.0,1.298528714662338,1.298528714662338,0.0,0
2025-11-15 00:00:00+00:00,0.0,1.298528714662338,1.298528714662338,0.0,0
2025-11-16 00:00:00+00:00,0.0,1.298528714662338,1.298528714662338,0.0,0
2025-11-17 00:00:00+00:00,0.0,1.298528714662338,1.298528714662338,0.0,0
2025-11-18 00:00:00+00:00,0.0,1.298528714662338,1.298528714662338,0.0,0
2025-11-19 00:00:00+00:00,0.0,1.298528714662338,1.298528714662338,0.0,0
2025-11-20 00:00:00+00:00,0.0,1.298528714662338,1.298528714662338,0.0,0
2025-11-21 00:00:00+00:00,0.0,1.298528714662338,1.298528714662338,0.0,0
2025-11-22 00:00:00+00:00,0.0,1.298528714662338,1.298528714662338,0.0,0
2025-11-23 00:00:00+00:00,0.0,1.298528714662338,1.298528714662338,0.0,0
2025-11-24 00:00:00+00:00,0.0,1.298528714662338,1.298528714662338,0.0,0
2025-11-25 00:00:00+00:00,0.0,1.298528714662338,1.298528714662338,0.0,0
2025-11-26 00:00:00+00:00,0.0,1.298528714662338,1.298528714662338,0.0,0
2025-11-27 00:00:00+00:00,0.0,1.298528714662338,1.298528714662338,0.0,0
2025-11-28 00:00:00+00:00,0.0,1.298528714662338,1.298528714662338,0.0,0
2025-11-29 00:00:00+00:00,0.0,1.298528714662338,1.298528714662338,0.0,0
2025-11-30 00:00:00+00:00,0.0,1.298528714662338,1.298528714662338,0.0,0
2025-12-01 00:00:00+00:00,0.0,1.298528714662338,1.298528714662338,0.0,0
2025-12-02 00:00:00+00:00,0.0,1.298528714662338,1.298528714662338,0.0,0
2025-12-03 00:00:00+00:00,0.0,1.298528714662338,1.298528714662338,0.0,0
2025-12-04 00:00:00+00:00,0.0,1.298528714662338,1.298528714662338,0.0,0
2025-12-05 00:00:00+00:00,0.0,1.298528714662338,1.298528714662338,0.0,0
2025-12-06 00:00:00+00:00,0.0,1.298528714662338,1.298528714662338,0.0,0
2025-12-07 00:00:00+00:00,0.0,1.298528714662338,1.298528714662338,0.0,0
2025-12-08 00:00:00+00:00,0.0,1.298528714662338,1.298528714662338,0.0,0
2025-12-09 00:00:00+00:00,0.0,1.298528714662338,1.298528714662338,0.0,0
2025-12-10 00:00:00+00:00,0.0,1.298528714662338,1.298528714662338,0.0,0
2025-12-11 00:00:00+00:00,0.0,1.298528714662338,1.298528714662338,0.0,0
2025-12-12 00:00:00+00:00,0.0,1.298528714662338,1.298528714662338,0.0,0
2025-12-13 00:00:00+00:00,0.0,1.298528714662338,1.298528714662338,0.0,0
2025-12-14 00:00:00+00:00,0.0,1.298528714662338,1.298528714662338,0.0,0
2025-12-15 00:00:00+00:00,0.0,1.298528714662338,1.298528714662338,0.0,0
2025-12-16 00:00:00+00:00,0.0,1.298528714662338,1.298528714662338,0.0,0
2025-12-17 00:00:00+00:00,0.0,1.298528714662338,1.298528714662338,0.0,0
2025-12-18 00:00:00+00:00,0.0,1.298528714662338,1.298528714662338,0.0,0
2025-12-19 00:00:00+00:00,0.0,1.298528714662338,1.298528714662338,0.0,0
2025-12-20 00:00:00+00:00,0.0,1.298528714662338,1.298528714662338,0.0,0
2025-12-21 00:00:00+00:00,0.0,1.298528714662338,1.298528714662338,0.0,0
2025-12-22 00:00:00+00:00,0.0,1.298528714662338,1.298528714662338,0.0,0
2025-12-23 00:00:00+00:00,0.0,1.298528714662338,1.298528714662338,0.0,0
2025-12-24 00:00:00+00:00,0.0,1.298528714662338,1.298528714662338,0.0,0
2025-12-25 00:00:00+00:00,0.0,1.298528714662338,1.298528714662338,0.0,0
2025-12-26 00:00:00+00:00,0.0,1.298528714662338,1.298528714662338,0.0,0
2025-12-27 00:00:00+00:00,0.0,1.298528714662338,1.298528714662338,0.0,0
2025-12-28 00:00:00+00:00,0.0,1.298528714662338,1.298528714662338,0.0,0
2025-12-29 00:00:00+00:00,0.0,1.298528714662338,1.298528714662338,0.0,0
2025-12-30 00:00:00+00:00,0.0,1.298528714662338,1.298528714662338,0.0,0
2025-12-31 00:00:00+00:00,0.0,1.298528714662338,1.298528714662338,0.0,0
2026-01-01 00:00:00+00:00,0.0,1.298528714662338,1.298528714662338,0.0,0
2026-01-02 00:00:00+00:00,0.0,1.298528714662338,1.298528714662338,0.0,0
2026-01-03 00:00:00+00:00,0.0,1.298528714662338,1.298528714662338,0.0,0
2026-01-04 00:00:00+00:00,0.0,1.298528714662338,1.298528714662338,0.0,0
2026-01-05 00:00:00+00:00,0.0,1.298528714662338,1.298528714662338,0.0,0
2026-01-06 00:00:00+00:00,0.0,1.298528714662338,1.298528714662338,0.0,0
2026-01-07 00:00:00+00:00,0.0,1.298528714662338,1.298528714662338,0.0,0
2026-01-08 00:00:00+00:00,0.0,1.298528714662338,1.298528714662338,0.0,0
2026-01-09 00:00:00+00:00,0.0,1.298528714662338,1.298528714662338,0.0,0
2026-01-10 00:00:00+00:00,0.0,1.298528714662338,1.298528714662338,0.0,0
2026-01-11 00:00:00+00:00,0.0,1.298528714662338,1.298528714662338,0.0,0
2026-01-12 00:00:00+00:00,0.0,1.298528714662338,1.298528714662338,0.0,0
2026-01-13 00:00:00+00:00,0.0,1.298528714662338,1.298528714662338,0.0,0
2026-01-14 00:00:00+00:00,0.0,1.298528714662338,1.298528714662338,0.0,0
2026-01-15 00:00:00+00:00,0.0,1.298528714662338,1.298528714662338,0.0,0
2026-01-16 00:00:00+00:00,0.0,1.298528714662338,1.298528714662338,0.0,0
2026-01-17 00:00:00+00:00,0.0,1.298528714662338,1.298528714662338,0.0,0
2026-01-18 00:00:00+00:00,0.0,1.298528714662338,1.298528714662338,0.0,0
2026-01-19 00:00:00+00:00,0.0,1.298528714662338,1.298528714662338,0.0,0
2026-01-20 00:00:00+00:00,0.0,1.298528714662338,1.298528714662338,0.0,0
2026-01-21 00:00:00+00:00,0.0,1.298528714662338,1.298528714662338,0.0,0
2026-01-22 00:00:00+00:00,0.0,1.298528714662338,1.298528714662338,0.0,0
2026-01-23 00:00:00+00:00,0.0,1.298528714662338,1.298528714662338,0.0,0
2026-01-24 00:00:00+00:00,0.0,1.298528714662338,1.298528714662338,0.0,0
2026-01-25 00:00:00+00:00,0.0,1.298528714662338,1.298528714662338,0.0,0
2026-01-26 00:00:00+00:00,0.0,1.298528714662338,1.298528714662338,0.0,0
2026-01-27 00:00:00+00:00,0.0,1.298528714662338,1.298528714662338,0.0,0
2026-01-28 00:00:00+00:00,0.0,1.298528714662338,1.298528714662338,0.0,0
2026-01-29 00:00:00+00:00,0.0,1.298528714662338,1.298528714662338,0.0,0
2026-01-30 00:00:00+00:00,0.0,1.298528714662338,1.298528714662338,0.0,0
2026-01-31 00:00:00+00:00,0.0,1.298528714662338,1.298528714662338,0.0,0
2026-02-01 00:00:00+00:00,0.0,1.298528714662338,1.298528714662338,0.0,0
2026-02-02 00:00:00+00:00,0.0,1.298528714662338,1.298528714662338,0.0,0
2026-02-03 00:00:00+00:00,0.0,1.298528714662338,1.298528714662338,0.0,0
2026-02-04 00:00:00+00:00,0.0,1.298528714662338,1.298528714662338,0.0,0
2026-02-05 00:00:00+00:00,0.0,1.298528714662338,1.298528714662338,0.0,0
2026-02-06 00:00:00+00:00,0.0,1.298528714662338,1.298528714662338,0.0,0
2026-02-07 00:00:00+00:00,0.0,1.298528714662338,1.298528714662338,0.0,0
2026-02-08 00:00:00+00:00,0.0,1.298528714662338,1.298528714662338,0.0,0
2026-02-09 00:00:00+00:00,0.0,1.298528714662338,1.298528714662338,0.0,0
2026-02-10 00:00:00+00:00,0.0,1.298528714662338,1.298528714662338,0.0,0
2026-02-11 00:00:00+00:00,0.0,1.298528714662338,1.298528714662338,0.0,0
2026-02-12 00:00:00+00:00,0.0,1.298528714662338,1.298528714662338,0.0,0
2026-02-13 00:00:00+00:00,0.0,1.298528714662338,1.298528714662338,0.0,0
2026-02-14 00:00:00+00:00,0.0,1.298528714662338,1.298528714662338,0.0,0
2026-02-15 00:00:00+00:00,0.0,1.298528714662338,1.298528714662338,0.0,0
2026-02-16 00:00:00+00:00,0.0,1.298528714662338,1.298528714662338,0.0,0
2026-02-17 00:00:00+00:00,0.0,1.298528714662338,1.298528714662338,0.0,0
2026-02-18 00:00:00+00:00,0.0,1.298528714662338,1.298528714662338,0.0,0
2026-02-19 00:00:00+00:00,0.0,1.298528714662338,1.298528714662338,0.0,0
2026-02-20 00:00:00+00:00,0.0,1.298528714662338,1.298528714662338,0.0,0
2026-02-21 00:00:00+00:00,0.0,1.298528714662338,1.298528714662338,0.0,0
2026-02-22 00:00:00+00:00,0.0,1.298528714662338,1.298528714662338,0.0,0
2026-02-23 00:00:00+00:00,0.0,1.298528714662338,1.298528714662338,0.0,0
2026-02-24 00:00:00+00:00,0.0,1.298528714662338,1.298528714662338,0.0,0
2026-02-25 00:00:00+00:00,0.0,1.298528714662338,1.298528714662338,0.0,0
2026-02-26 00:00:00+00:00,0.0,1.298528714662338,1.298528714662338,0.0,0
2026-02-27 00:00:00+00:00,0.0,1.298528714662338,1.298528714662338,0.0,0
2026-02-28 00:00:00+00:00,0.0,1.298528714662338,1.298528714662338,0.0,0
2026-03-01 00:00:00+00:00,0.0,1.298528714662338,1.298528714662338,0.0,0
2026-03-02 00:00:00+00:00,0.0,1.298528714662338,1.298528714662338,0.0,0
2026-03-03 00:00:00+00:00,0.0,1.298528714662338,1.298528714662338,0.0,0
2026-03-04 00:00:00+00:00,0.0,1.298528714662338,1.298528714662338,0.0,0
2026-03-05 00:00:00+00:00,0.0,1.298528714662338,1.298528714662338,0.0,0
2026-03-06 00:00:00+00:00,0.0,1.298528714662338,1.298528714662338,0.0,0
2026-03-07 00:00:00+00:00,0.0,1.298528714662338,1.298528714662338,0.0,0
2026-03-08 00:00:00+00:00,0.0,1.298528714662338,1.298528714662338,0.0,0
2026-03-09 00:00:00+00:00,0.0,1.298528714662338,1.298528714662338,0.0,0
2026-03-10 00:00:00+00:00,0.0,1.298528714662338,1.298528714662338,0.0,0
2026-03-11 00:00:00+00:00,0.0,1.298528714662338,1.298528714662338,0.0,0
2026-03-12 00:00:00+00:00,0.0,1.298528714662338,1.298528714662338,0.0,0
2026-03-13 00:00:00+00:00,0.0,1.298528714662338,1.298528714662338,0.0,0
2026-03-14 00:00:00+00:00,0.0,1.298528714662338,1.298528714662338,0.0,0
2026-03-15 00:00:00+00:00,0.0,1.298528714662338,1.298528714662338,0.0,0
2026-03-16 00:00:00+00:00,0.0,1.298528714662338,1.298528714662338,0.0,0
2026-03-17 00:00:00+00:00,0.0,1.298528714662338,1.298528714662338,0.0,0
2026-03-18 00:00:00+00:00,0.0,1.298528714662338,1.298528714662338,0.0,0
2026-03-19 00:00:00+00:00,0.0,1.298528714662338,1.298528714662338,0.0,0
2026-03-20 00:00:00+00:00,0.0,1.298528714662338,1.298528714662338,0.0,0
2026-03-21 00:00:00+00:00,0.0,1.298528714662338,1.298528714662338,0.0,0
2026-03-22 00:00:00+00:00,0.0,1.298528714662338,1.298528714662338,0.0,0
2026-03-23 00:00:00+00:00,0.0,1.298528714662338,1.298528714662338,0.0,0
2026-03-24 00:00:00+00:00,0.0,1.298528714662338,1.298528714662338,0.0,0
2026-03-25 00:00:00+00:00,0.0,1.298528714662338,1.298528714662338,0.0,0
2026-03-26 00:00:00+00:00,0.0,1.298528714662338,1.298528714662338,0.0,0
2026-03-27 00:00:00+00:00,0.0,1.298528714662338,1.298528714662338,0.0,0
2026-03-28 00:00:00+00:00,0.0,1.298528714662338,1.298528714662338,0.0,0
2026-03-29 00:00:00+00:00,0.0,1.298528714662338,1.298528714662338,0.0,0
2026-03-30 00:00:00+00:00,0.0,1.298528714662338,1.298528714662338,0.0,0
2026-03-31 00:00:00+00:00,0.0,1.298528714662338,1.298528714662338,0.0,0
2026-04-01 00:00:00+00:00,0.0,1.298528714662338,1.298528714662338,0.0,0
2026-04-02 00:00:00+00:00,0.0,1.298528714662338,1.298528714662338,0.0,0
2026-04-03 00:00:00+00:00,0.0,1.298528714662338,1.298528714662338,0.0,0
2026-04-04 00:00:00+00:00,0.0,1.298528714662338,1.298528714662338,0.0,0
2026-04-05 00:00:00+00:00,0.0,1.298528714662338,1.298528714662338,0.0,0
2026-04-06 00:00:00+00:00,0.0,1.298528714662338,1.298528714662338,0.0,0
2026-04-07 00:00:00+00:00,0.0,1.298528714662338,1.298528714662338,0.0,0
2026-04-08 00:00:00+00:00,0.0,1.298528714662338,1.298528714662338,0.0,0
2026-04-09 00:00:00+00:00,0.0,1.298528714662338,1.298528714662338,0.0,0
2026-04-10 00:00:00+00:00,0.0,1.298528714662338,1.298528714662338,0.0,0
2026-04-11 00:00:00+00:00,0.0,1.298528714662338,1.298528714662338,0.0,0
2026-04-12 00:00:00+00:00,0.0,1.298528714662338,1.298528714662338,0.0,0
2026-04-13 00:00:00+00:00,0.0,1.298528714662338,1.298528714662338,0.0,0
2026-04-14 00:00:00+00:00,0.0,1.298528714662338,1.298528714662338,0.0,0
2026-04-15 00:00:00+00:00,0.0,1.298528714662338,1.298528714662338,0.0,0
2026-04-16 00:00:00+00:00,0.0,1.298528714662338,1.298528714662338,0.0,0
2026-04-17 00:00:00+00:00,0.0,1.298528714662338,1.298528714662338,0.0,0
2026-04-18 00:00:00+00:00,0.0,1.298528714662338,1.298528714662338,0.0,0
2026-04-19 00:00:00+00:00,0.0,1.298528714662338,1.298528714662338,0.0,0
2026-04-20 00:00:00+00:00,0.0,1.298528714662338,1.298528714662338,0.0,0
2026-04-21 00:00:00+00:00,0.0,1.298528714662338,1.298528714662338,0.0,0
2026-04-22 00:00:00+00:00,0.0,1.298528714662338,1.298528714662338,0.0,0
2026-04-23 00:00:00+00:00,0.0,1.298528714662338,1.298528714662338,0.0,0
2026-04-24 00:00:00+00:00,0.0,1.298528714662338,1.298528714662338,0.0,0
2026-04-25 00:00:00+00:00,0.0,1.298528714662338,1.298528714662338,0.0,0
2026-04-26 00:00:00+00:00,0.0,1.298528714662338,1.298528714662338,0.0,0
2026-04-27 00:00:00+00:00,0.0,1.298528714662338,1.298528714662338,0.0,0
2026-04-28 00:00:00+00:00,0.0,1.298528714662338,1.298528714662338,0.0,0
2026-04-29 00:00:00+00:00,0.0,1.298528714662338,1.298528714662338,0.0,0
2026-04-30 00:00:00+00:00,0.0,1.298528714662338,1.298528714662338,0.0,0
2026-05-01 00:00:00+00:00,0.0,1.298528714662338,1.298528714662338,0.0,0
2026-05-02 00:00:00+00:00,0.0,1.298528714662338,1.298528714662338,0.0,0
2026-05-03 00:00:00+00:00,0.0,1.298528714662338,1.298528714662338,0.0,0
2026-05-04 00:00:00+00:00,0.0,1.298528714662338,1.298528714662338,0.0,0
2026-05-05 00:00:00+00:00,0.0,1.298528714662338,1.298528714662338,0.0,0
2026-05-06 00:00:00+00:00,0.0,1.298528714662338,1.298528714662338,0.0,0
2026-05-07 00:00:00+00:00,0.0,1.298528714662338,1.298528714662338,0.0,0
2026-05-08 00:00:00+00:00,0.0,1.298528714662338,1.298528714662338,0.0,0
2026-05-09 00:00:00+00:00,0.0,1.298528714662338,1.298528714662338,0.0,0
2026-05-10 00:00:00+00:00,0.0,1.298528714662338,1.298528714662338,0.0,0
2026-05-11 00:00:00+00:00,0.0,1.298528714662338,1.298528714662338,0.0,0
2026-05-12 00:00:00+00:00,0.0,1.298528714662338,1.298528714662338,0.0,0
2026-05-13 00:00:00+00:00,0.0,1.298528714662338,1.298528714662338,0.0,0
2026-05-14 00:00:00+00:00,0.0,1.298528714662338,1.298528714662338,0.0,0
2026-05-15 00:00:00+00:00,0.0,1.298528714662338,1.298528714662338,0.0,0
2026-05-16 00:00:00+00:00,0.0,1.298528714662338,1.298528714662338,0.0,0
2026-05-17 00:00:00+00:00,0.0,1.298528714662338,1.298528714662338,0.0,0
2026-05-18 00:00:00+00:00,0.0,1.298528714662338,1.298528714662338,0.0,0
2026-05-19 00:00:00+00:00,0.0,1.298528714662338,1.298528714662338,0.0,0
2026-05-20 00:00:00+00:00,0.0,1.298528714662338,1.298528714662338,0.0,0
2026-05-21 00:00:00+00:00,0.0,1.298528714662338,1.298528714662338,0.0,0
2026-05-22 00:00:00+00:00,0.0,1.298528714662338,1.298528714662338,0.0,0
2026-05-23 00:00:00+00:00,0.0,1.298528714662338,1.298528714662338,0.0,0
2026-05-24 00:00:00+00:00,0.0,1.298528714662338,1.298528714662338,0.0,0
2026-05-25 00:00:00+00:00,0.0,1.298528714662338,1.298528714662338,0.0,0
2026-05-26 00:00:00+00:00,0.0,1.298528714662338,1.298528714662338,0.0,0
2026-05-27 00:00:00+00:00,0.0,1.298528714662338,1.298528714662338,0.0,0
2026-05-28 00:00:00+00:00,0.0,1.298528714662338,1.298528714662338,0.0,0
2026-05-29 00:00:00+00:00,0.0,1.298528714662338,1.298528714662338,0.0,0
2026-05-30 00:00:00+00:00,0.0,1.298528714662338,1.298528714662338,0.0,0
2026-05-31 00:00:00+00:00,0.0,1.298528714662338,1.298528714662338,0.0,0
2026-06-01 00:00:00+00:00,0.0,1.298528714662338,1.298528714662338,0.0,0
2026-06-02 00:00:00+00:00,0.0,1.298528714662338,1.298528714662338,0.0,0
2026-06-03 00:00:00+00:00,0.0,1.298528714662338,1.298528714662338,0.0,0
2026-06-04 00:00:00+00:00,0.0,1.298528714662338,1.298528714662338,0.0,0
2026-06-05 00:00:00+00:00,0.0,1.298528714662338,1.298528714662338,0.0,0
2026-06-06 00:00:00+00:00,0.0,1.298528714662338,1.298528714662338,0.0,0
2026-06-07 00:00:00+00:00,0.0,1.298528714662338,1.298528714662338,0.0,0
2026-06-08 00:00:00+00:00,0.0,1.298528714662338,1.298528714662338,0.0,0
2026-06-09 00:00:00+00:00,0.0,1.298528714662338,1.298528714662338,0.0,0
2026-06-10 00:00:00+00:00,0.0,1.298528714662338,1.298528714662338,0.0,0
2026-06-11 00:00:00+00:00,0.0,1.298528714662338,1.298528714662338,0.0,0
2026-06-12 00:00:00+00:00,0.0,1.298528714662338,1.298528714662338,0.0,0
2026-06-13 00:00:00+00:00,0.0,1.298528714662338,1.298528714662338,0.0,0
2026-06-14 00:00:00+00:00,0.0,1.298528714662338,1.298528714662338,0.0,0
2026-06-15 00:00:00+00:00,0.0,1.298528714662338,1.298528714662338,0.0,0
2026-06-16 00:00:00+00:00,0.0,1.298528714662338,1.298528714662338,0.0,0
2026-06-17 00:00:00+00:00,0.0,1.298528714662338,1.298528714662338,0.0,0
2026-06-18 00:00:00+00:00,0.0,1.298528714662338,1.298528714662338,0.0,0
2026-06-19 00:00:00+00:00,0.0,1.298528714662338,1.298528714662338,0.0,0
2026-06-20 00:00:00+00:00,0.0,1.298528714662338,1.298528714662338,0.0,0
2026-06-21 00:00:00+00:00,0.0,1.298528714662338,1.298528714662338,0.0,0
2026-06-22 00:00:00+00:00,0.0,1.298528714662338,1.298528714662338,0.0,0
2026-06-23 00:00:00+00:00,0.0,1.298528714662338,1.298528714662338,0.0,0
2026-06-24 00:00:00+00:00,0.0,1.298528714662338,1.298528714662338,0.0,0
2026-06-25 00:00:00+00:00,0.0,1.298528714662338,1.298528714662338,0.0,0
2026-06-26 00:00:00+00:00,0.0,1.298528714662338,1.298528714662338,0.0,0
2026-06-27 00:00:00+00:00,0.0,1.298528714662338,1.298528714662338,0.0,0
2026-06-28 00:00:00+00:00,0.0,1.298528714662338,1.298528714662338,0.0,0
2026-06-29 00:00:00+00:00,0.0,1.298528714662338,1.298528714662338,0.0,0
2026-06-30 00:00:00+00:00,0.0,1.298528714662338,1.298528714662338,0.0,0
2026-07-01 00:00:00+00:00,0.0,1.298528714662338,1.298528714662338,0.0,0
2026-07-02 00:00:00+00:00,0.0,1.298528714662338,1.298528714662338,0.0,0
2026-07-03 00:00:00+00:00,0.0,1.298528714662338,1.298528714662338,0.0,0
2026-07-04 00:00:00+00:00,0.0,1.298528714662338,1.298528714662338,0.0,0
2026-07-05 00:00:00+00:00,0.0,1.298528714662338,1.298528714662338,0.0,0
2026-07-06 00:00:00+00:00,0.0,1.298528714662338,1.298528714662338,0.0,0
2026-07-07 00:00:00+00:00,0.0,1.298528714662338,1.298528714662338,0.0,0
2026-07-08 00:00:00+00:00,0.0,1.298528714662338,1.298528714662338,0.0,0
2026-07-09 00:00:00+00:00,0.0,1.298528714662338,1.298528714662338,0.0,0
2026-07-10 00:00:00+00:00,0.0,1.298528714662338,1.298528714662338,0.0,0
2026-07-11 00:00:00+00:00,0.0,1.298528714662338,1.298528714662338,0.0,0
2026-07-12 00:00:00+00:00,0.0,1.298528714662338,1.298528714662338,0.0,0
2026-07-13 00:00:00+00:00,0.0,1.298528714662338,1.298528714662338,0.0,0
2026-07-14 00:00:00+00:00,0.0,1.298528714662338,1.298528714662338,0.0,0
2026-07-15 00:00:00+00:00,0.0,1.298528714662338,1.298528714662338,0.0,0
2026-07-16 00:00:00+00:00,0.0,1.298528714662338,1.298528714662338,0.0,0
2026-07-17 00:00:00+00:00,0.0,1.298528714662338,1.298528714662338,0.0,0
2026-07-18 00:00:00+00:00,0.0,1.298528714662338,1.298528714662338,0.0,0
2026-07-19 00:00:00+00:00,0.0,1.298528714662338,1.298528714662338,0.0,0
2026-07-20 00:00:00+00:00,0.0,1.298528714662338,1.298528714662338,0.0,0
2026-07-21 00:00:00+00:00,0.0,1.298528714662338,1.298528714662338,0.0,0
2026-07-22 00:00:00+00:00,0.0,1.298528714662338,1.298528714662338,0.0,0
2026-07-23 00:00:00+00:00,0.0,1.298528714662338,1.298528714662338,0.0,0
2026-07-24 00:00:00+00:00,0.0,1.298528714662338,1.298528714662338,0.0,0
2026-07-25 00:00:00+00:00,0.0,1.298528714662338,1.298528714662338,0.0,0
2026-07-26 00:00:00+00:00,0.0,1.298528714662338,1.298528714662338,0.0,0
2026-07-27 00:00:00+00:00,0.0,1.298528714662338,1.298528714662338,0.0,0
2026-07-28 00:00:00+00:00,0.0,1.298528714662338,1.298528714662338,0.0,0
2026-07-29 00:00:00+00:00,0.0,1.298528714662338,1.298528714662338,0.0,0
2026-07-30 00:00:00+00:00,0.0,1.298528714662338,1.298528714662338,0.0,0
2026-07-31 00:00:00+00:00,0.0,1.298528714662338,1.298528714662338,0.0,0
2026-08-01 00:00:00+00:00,0.0,1.298528714662338,1.298528714662338,0.0,0
2026-08-02 00:00:00+00:00,0.0,1.298528714662338,1.298528714662338,0.0,0
2026-08-03 00:00:00+00:00,0.0,1.298528714662338,1.298528714662338,0.0,0
2026-08-04 00:00:00+00:00,0.0,1.298528714662338,1.298528714662338,0.0,0
2026-08-05 00:00:00+00:00,0.0,1.298528714662338,1.298528714662338,0.0,0
2026-08-06 00:00:00+00:00,0.0,1.298528714662338,1.298528714662338,0.0,0
2026-08-07 00:00:00+00:00,0.0,1.298528714662338,1.298528714662338,0.0,0
2026-08-08 00:00:00+00:00,0.0,1.298528714662338,1.298528714662338,0.0,0
2026-08-09 00:00:00+00:00,0.0,1.298528714662338,1.298528714662338,0.0,0
2026-08-10 00:00:00+00:00,0.0,1.298528714662338,1.298528714662338,0.0,0
2026-08-11 00:00:00+00:00,0.0,1.298528714662338,1.298528714662338,0.0,0
2026-08-12 00:00:00+00:00,0.0,1.298528714662338,1.298528714662338,0.0,0
2026-08-13 00:00:00+00:00,0.0,1.298528714662338,1.298528714662338,0.0,0
2026-08-14 00:00:00+00:00,0.0,1.298528714662338,1.298528714662338,0.0,0
2026-08-15 00:00:00+00:00,0.0,1.298528714662338,1.298528714662338,0.0,0
2026-08-16 00:00:00+00:00,0.0,1.298528714662338,1.298528714662338,0.0,0
2026-08-17 00:00:00+00:00,0.0,1.298528714662338,1.298528714662338,0.0,0
2026-08-18 00:00:00+00:00,0.0,1.298528714662338,1.298528714662338,0.0,0
2026-08-19 00:00:00+00:00,0.0,1.298528714662338,1.298528714662338,0.0,0
2026-08-20 00:00:00+00:00,0.0,1.298528714662338,1.298528714662338,0.0,0
2026-08-21 00:00:00+00:00,0.0,1.298528714662338,1.298528714662338,0.0,0
2026-08-22 00:00:00+00:00,0.0,1.298528714662338,1.298528714662338,0.0,0
2026-08-23 00:00:00+00:00,0.0,1.298528714662338,1.298528714662338,0.0,0
2026-08-24 00:00:00+00:00,0.004714902496842921,1.304651150941322,0.8432426509853421,0.35366427234059306,4
2026-08-25 00:00:00+00:00,-0.003918319314099916,1.2995391111384258,0.8669537635370114,0.33287597417707554,4
2026-08-26 00:00:00+00:00,0.0038561149625189195,1.3045502833492653,0.9332224879947152,0.2846404619998347,3
2026-08-27 00:00:00+00:00,0.0023886438620774886,1.307666389376359,0.9332224879947152,0.28634512932631095,3
2026-08-28 00:00:00+00:00,-0.0070477966404527415,1.2984502225904793,0.9685533532161505,0.2540697083606074,3
2026-08-29 00:00:00+00:00,0.00042804141635643944,1.2990060130628251,1.069681335683153,0.1765385803249404,2
2026-08-30 00:00:00+00:00,-0.0023958728765320902,1.2958937597896758,1.069681335683153,0.174560933253693,2
2026-08-31 00:00:00+00:00,0.002668648302207588,1.29935204447158,1.29935204447158,0.0,0
