date,return,equity,cash,gross_exposure,open_positions
2017-08-18 00:00:00+00:00,0.0,1.0,1.0,0.0,0
2017-08-19 00:00:00+00:00,0.0,1.0,1.0,0.0,0
2017-08-20 00:00:00+00:00,0.0,1.0,1.0,0.0,0
2017-08-21 00:00:00+00:00,0.0,1.0,1.0,0.0,0
2017-08-22 00:00:00+00:00,0.0,1.0,1.0,0.0,0
2017-08-23 00:00:00+00:00,0.0,1.0,1.0,0.0,0
2017-08-24 00:00:00+00:00,0.0,1.0,1.0,0.0,0
2017-08-25 00:00:00+00:00,0.0,1.0,1.0,0.0,0
2017-08-26 00:00:00+00:00,0.0,1.0,1.0,0.0,0
2017-08-27 00:00:00+00:00,0.0,1.0,1.0,0.0,0
2017-08-28 00:00:00+00:00,0.0,1.0,1.0,0.0,0
2017-08-29 00:00:00+00:00,0.0,1.0,1.0,0.0,0
2017-08-30 00:00:00+00:00,0.0,1.0,1.0,0.0,0
2017-08-31 00:00:00+00:00,0.0,1.0,1.0,0.0,0
2017-09-01 00:00:00+00:00,0.0,1.0,1.0,0.0,0
2017-09-02 00:00:00+00:00,0.0,1.0,1.0,0.0,0
2017-09-03 00:00:00+00:00,0.0,1.0,1.0,0.0,0
2017-09-04 00:00:00+00:00,0.0,1.0,1.0,0.0,0
2017-09-05 00:00:00+00:00,0.0,1.0,1.0,0.0,0
2017-09-06 00:00:00+00:00,0.0,1.0,1.0,0.0,0
2017-09-07 00:00:00+00:00,0.0,1.0,1.0,0.0,0
2017-09-08 00:00:00+00:00,0.0,1.0,1.0,0.0,0
2017-09-09 00:00:00+00:00,0.0,1.0,1.0,0.0,0
2017-09-10 00:00:00+00:00,0.0,1.0,1.0,0.0,0
2017-09-11 00:00:00+00:00,0.0,1.0,1.0,0.0,0
2017-09-12 00:00:00+00:00,0.0,1.0,1.0,0.0,0
2017-09-13 00:00:00+00:00,0.0,1.0,1.0,0.0,0
2017-09-14 00:00:00+00:00,0.0,1.0,1.0,0.0,0
2017-09-15 00:00:00+00:00,0.0,1.0,1.0,0.0,0
2017-09-16 00:00:00+00:00,0.0,1.0,1.0,0.0,0
2017-09-17 00:00:00+00:00,0.0,1.0,1.0,0.0,0
2017-09-18 00:00:00+00:00,0.0,1.0,1.0,0.0,0
2017-09-19 00:00:00+00:00,0.0,1.0,1.0,0.0,0
2017-09-20 00:00:00+00:00,0.0,1.0,1.0,0.0,0
2017-09-21 00:00:00+00:00,0.0,1.0,1.0,0.0,0
2017-09-22 00:00:00+00:00,0.0,1.0,1.0,0.0,0
2017-09-23 00:00:00+00:00,0.0,1.0,1.0,0.0,0
2017-09-24 00:00:00+00:00,0.0,1.0,1.0,0.0,0
2017-09-25 00:00:00+00:00,0.0,1.0,1.0,0.0,0
2017-09-26 00:00:00+00:00,0.0,1.0,1.0,0.0,0
2017-09-27 00:00:00+00:00,0.0,1.0,1.0,0.0,0
2017-09-28 00:00:00+00:00,0.0,1.0,1.0,0.0,0
2017-09-29 00:00:00+00:00,0.0,1.0,1.0,0.0,0
2017-09-30 00:00:00+00:00,0.0,1.0,1.0,0.0,0
2017-10-01 00:00:00+00:00,0.0,1.0,1.0,0.0,0
2017-10-02 00:00:00+00:00,0.0,1.0,1.0,0.0,0
2017-10-03 00:00:00+00:00,0.0,1.0,1.0,0.0,0
2017-10-04 00:00:00+00:00,0.0,1.0,1.0,0.0,0
2017-10-05 00:00:00+00:00,0.0,1.0,1.0,0.0,0
2017-10-06 00:00:00+00:00,0.0,1.0,1.0,0.0,0
2017-10-07 00:00:00+00:00,0.0,1.0,1.0,0.0,0
2017-10-08 00:00:00+00:00,0.0,1.0,1.0,0.0,0
2017-10-09 00:00:00+00:00,0.0,1.0,1.0,0.0,0
2017-10-10 00:00:00+00:00,0.0,1.0,1.0,0.0,0
2017-10-11 00:00:00+00:00,0.0,1.0,1.0,0.0,0
2017-10-12 00:00:00+00:00,0.0,1.0,1.0,0.0,0
2017-10-13 00:00:00+00:00,0.0,1.0,1.0,0.0,0
2017-10-14 00:00:00+00:00,0.0,1.0,1.0,0.0,0
2017-10-15 00:00:00+00:00,0.0,1.0,1.0,0.0,0
2017-10-16 00:00:00+00:00,0.0,1.0,1.0,0.0,0
2017-10-17 00:00:00+00:00,0.0,1.0,1.0,0.0,0
2017-10-18 00:00:00+00:00,0.0,1.0,1.0,0.0,0
2017-10-19 00:00:00+00:00,0.0,1.0,1.0,0.0,0
2017-10-20 00:00:00+00:00,0.0,1.0,1.0,0.0,0
2017-10-21 00:00:00+00:00,0.0,1.0,1.0,0.0,0
2017-10-22 00:00:00+00:00,0.0,1.0,1.0,0.0,0
2017-10-23 00:00:00+00:00,0.0,1.0,1.0,0.0,0
2017-10-24 00:00:00+00:00,0.0,1.0,1.0,0.0,0
2017-10-25 00:00:00+00:00,0.0,1.0,1.0,0.0,0
2017-10-26 00:00:00+00:00,0.0,1.0,1.0,0.0,0
2017-10-27 00:00:00+00:00,0.0,1.0,1.0,0.0,0
2017-10-28 00:00:00+00:00,0.0,1.0,1.0,0.0,0
2017-10-29 00:00:00+00:00,0.0,1.0,1.0,0.0,0
2017-10-30 00:00:00+00:00,0.0,1.0,1.0,0.0,0
2017-10-31 00:00:00+00:00,0.0,1.0,1.0,0.0,0
2017-11-01 00:00:00+00:00,0.0,1.0,1.0,0.0,0
2017-11-02 00:00:00+00:00,0.0,1.0,1.0,0.0,0
2017-11-03 00:00:00+00:00,0.0,1.0,1.0,0.0,0
2017-11-04 00:00:00+00:00,0.0,1.0,1.0,0.0,0
2017-11-05 00:00:00+00:00,0.0,1.0,1.0,0.0,0
2017-11-06 00:00:00+00:00,0.0,1.0,1.0,0.0,0
2017-11-07 00:00:00+00:00,0.0,1.0,1.0,0.0,0
2017-11-08 00:00:00+00:00,0.0,1.0,1.0,0.0,0
2017-11-09 00:00:00+00:00,0.0,1.0,1.0,0.0,0
2017-11-10 00:00:00+00:00,0.0,1.0,1.0,0.0,0
2017-11-11 00:00:00+00:00,0.0,1.0,1.0,0.0,0
2017-11-12 00:00:00+00:00,0.0,1.0,1.0,0.0,0
2017-11-13 00:00:00+00:00,0.0,1.0,1.0,0.0,0
2017-11-14 00:00:00+00:00,0.0,1.0,1.0,0.0,0
2017-11-15 00:00:00+00:00,0.0,1.0,1.0,0.0,0
2017-11-16 00:00:00+00:00,0.0,1.0,1.0,0.0,0
2017-11-17 00:00:00+00:00,0.0,1.0,1.0,0.0,0
2017-11-18 00:00:00+00:00,0.0,1.0,1.0,0.0,0
2017-11-19 00:00:00+00:00,0.0,1.0,1.0,0.0,0
2017-11-20 00:00:00+00:00,0.0,1.0,1.0,0.0,0
2017-11-21 00:00:00+00:00,0.0,1.0,1.0,0.0,0
2017-11-22 00:00:00+00:00,0.0,1.0,1.0,0.0,0
2017-11-23 00:00:00+00:00,0.0,1.0,1.0,0.0,0
2017-11-24 00:00:00+00:00,0.0,1.0,1.0,0.0,0
2017-11-25 00:00:00+00:00,0.0,1.0,1.0,0.0,0
2017-11-26 00:00:00+00:00,0.0,1.0,1.0,0.0,0
2017-11-27 00:00:00+00:00,0.0,1.0,1.0,0.0,0
2017-11-28 00:00:00+00:00,0.0,1.0,1.0,0.0,0
2017-11-29 00:00:00+00:00,0.0,1.0,1.0,0.0,0
2017-11-30 00:00:00+00:00,0.0,1.0,1.0,0.0,0
2017-12-01 00:00:00+00:00,0.0,1.0,1.0,0.0,0
2017-12-02 00:00:00+00:00,0.0,1.0,1.0,0.0,0
2017-12-03 00:00:00+00:00,0.0,1.0,1.0,0.0,0
2017-12-04 00:00:00+00:00,0.0,1.0,1.0,0.0,0
2017-12-05 00:00:00+00:00,0.0,1.0,1.0,0.0,0
2017-12-06 00:00:00+00:00,0.0,1.0,1.0,0.0,0
2017-12-07 00:00:00+00:00,0.0,1.0,1.0,0.0,0
2017-12-08 00:00:00+00:00,0.0,1.0,1.0,0.0,0
2017-12-09 00:00:00+00:00,0.0,1.0,1.0,0.0,0
2017-12-10 00:00:00+00:00,0.0,1.0,1.0,0.0,0
2017-12-11 00:00:00+00:00,0.0,1.0,1.0,0.0,0
2017-12-12 00:00:00+00:00,0.0,1.0,1.0,0.0,0
2017-12-13 00:00:00+00:00,0.0,1.0,1.0,0.0,0
2017-12-14 00:00:00+00:00,0.0,1.0,1.0,0.0,0
2017-12-15 00:00:00+00:00,0.0,1.0,1.0,0.0,0
2017-12-16 00:00:00+00:00,0.0,1.0,1.0,0.0,0
2017-12-17 00:00:00+00:00,0.0,1.0,1.0,0.0,0
2017-12-18 00:00:00+00:00,0.0,1.0,1.0,0.0,0
2017-12-19 00:00:00+00:00,0.0,1.0,1.0,0.0,0
2017-12-20 00:00:00+00:00,0.0,1.0,1.0,0.0,0
2017-12-21 00:00:00+00:00,0.0,1.0,1.0,0.0,0
2017-12-22 00:00:00+00:00,0.0,1.0,1.0,0.0,0
2017-12-23 00:00:00+00:00,0.0,1.0,1.0,0.0,0
2017-12-24 00:00:00+00:00,0.0,1.0,1.0,0.0,0
2017-12-25 00:00:00+00:00,0.0,1.0,1.0,0.0,0
2017-12-26 00:00:00+00:00,0.0,1.0,1.0,0.0,0
2017-12-27 00:00:00+00:00,0.0,1.0,1.0,0.0,0
2017-12-28 00:00:00+00:00,0.0,1.0,1.0,0.0,0
2017-12-29 00:00:00+00:00,0.0,1.0,1.0,0.0,0
2017-12-30 00:00:00+00:00,0.0,1.0,1.0,0.0,0
2017-12-31 00:00:00+00:00,0.0,1.0,1.0,0.0,0
2018-01-01 00:00:00+00:00,0.0,1.0,1.0,0.0,0
2018-01-02 00:00:00+00:00,0.0,1.0,1.0,0.0,0
2018-01-03 00:00:00+00:00,0.0,1.0,1.0,0.0,0
2018-01-04 00:00:00+00:00,0.0,1.0,1.0,0.0,0
2018-01-05 00:00:00+00:00,0.0,1.0,1.0,0.0,0
2018-01-06 00:00:00+00:00,0.0,1.0,1.0,0.0,0
2018-01-07 00:00:00+00:00,0.0,1.0,1.0,0.0,0
2018-01-08 00:00:00+00:00,0.0,1.0,1.0,0.0,0
2018-01-09 00:00:00+00:00,0.0,1.0,1.0,0.0,0
2018-01-10 00:00:00+00:00,0.0,1.0,1.0,0.0,0
2018-01-11 00:00:00+00:00,0.0,1.0,1.0,0.0,0
2018-01-12 00:00:00+00:00,0.0,1.0,1.0,0.0,0
2018-01-13 00:00:00+00:00,0.0,1.0,1.0,0.0,0
2018-01-14 00:00:00+00:00,0.0,1.0,1.0,0.0,0
2018-01-15 00:00:00+00:00,0.0,1.0,1.0,0.0,0
2018-01-16 00:00:00+00:00,0.0,1.0,1.0,0.0,0
2018-01-17 00:00:00+00:00,0.0,1.0,1.0,0.0,0
2018-01-18 00:00:00+00:00,0.0,1.0,1.0,0.0,0
2018-01-19 00:00:00+00:00,0.0,1.0,1.0,0.0,0
2018-01-20 00:00:00+00:00,0.0,1.0,1.0,0.0,0
2018-01-21 00:00:00+00:00,0.0,1.0,1.0,0.0,0
2018-01-22 00:00:00+00:00,0.0,1.0,1.0,0.0,0
2018-01-23 00:00:00+00:00,0.0,1.0,1.0,0.0,0
2018-01-24 00:00:00+00:00,0.0,1.0,1.0,0.0,0
2018-01-25 00:00:00+00:00,0.0,1.0,1.0,0.0,0
2018-01-26 00:00:00+00:00,0.0,1.0,1.0,0.0,0
2018-01-27 00:00:00+00:00,0.0,1.0,1.0,0.0,0
2018-01-28 00:00:00+00:00,0.0,1.0,1.0,0.0,0
2018-01-29 00:00:00+00:00,0.0,1.0,1.0,0.0,0
2018-01-30 00:00:00+00:00,0.0,1.0,1.0,0.0,0
2018-01-31 00:00:00+00:00,0.0,1.0,1.0,0.0,0
2018-02-01 00:00:00+00:00,0.0,1.0,1.0,0.0,0
2018-02-02 00:00:00+00:00,0.0,1.0,1.0,0.0,0
2018-02-03 00:00:00+00:00,0.0,1.0,1.0,0.0,0
2018-02-04 00:00:00+00:00,0.0,1.0,1.0,0.0,0
2018-02-05 00:00:00+00:00,0.0,1.0,1.0,0.0,0
2018-02-06 00:00:00+00:00,0.0,1.0,1.0,0.0,0
2018-02-07 00:00:00+00:00,0.0,1.0,1.0,0.0,0
2018-02-08 00:00:00+00:00,0.0,1.0,1.0,0.0,0
2018-02-09 00:00:00+00:00,0.0,1.0,1.0,0.0,0
2018-02-10 00:00:00+00:00,0.0,1.0,1.0,0.0,0
2018-02-11 00:00:00+00:00,0.0,1.0,1.0,0.0,0
2018-02-12 00:00:00+00:00,0.0,1.0,1.0,0.0,0
2018-02-13 00:00:00+00:00,0.0,1.0,1.0,0.0,0
2018-02-14 00:00:00+00:00,0.0,1.0,1.0,0.0,0
2018-02-15 00:00:00+00:00,0.0,1.0,1.0,0.0,0
2018-02-16 00:00:00+00:00,0.0,1.0,1.0,0.0,0
2018-02-17 00:00:00+00:00,0.0,1.0,1.0,0.0,0
2018-02-18 00:00:00+00:00,0.0,1.0,1.0,0.0,0
2018-02-19 00:00:00+00:00,0.0,1.0,1.0,0.0,0
2018-02-20 00:00:00+00:00,0.0,1.0,1.0,0.0,0
2018-02-21 00:00:00+00:00,0.0,1.0,1.0,0.0,0
2018-02-22 00:00:00+00:00,0.0,1.0,1.0,0.0,0
2018-02-23 00:00:00+00:00,0.0,1.0,1.0,0.0,0
2018-02-24 00:00:00+00:00,0.0,1.0,1.0,0.0,0
2018-02-25 00:00:00+00:00,0.0,1.0,1.0,0.0,0
2018-02-26 00:00:00+00:00,0.0,1.0,1.0,0.0,0
2018-02-27 00:00:00+00:00,0.0,1.0,1.0,0.0,0
2018-02-28 00:00:00+00:00,0.0,1.0,1.0,0.0,0
2018-03-01 00:00:00+00:00,0.0,1.0,1.0,0.0,0
2018-03-02 00:00:00+00:00,0.0,1.0,1.0,0.0,0
2018-03-03 00:00:00+00:00,0.0,1.0,1.0,0.0,0
2018-03-04 00:00:00+00:00,0.0,1.0,1.0,0.0,0
2018-03-05 00:00:00+00:00,0.0,1.0,1.0,0.0,0
2018-03-06 00:00:00+00:00,0.0,1.0,1.0,0.0,0
2018-03-07 00:00:00+00:00,0.0,1.0,1.0,0.0,0
2018-03-08 00:00:00+00:00,0.0,1.0,1.0,0.0,0
2018-03-09 00:00:00+00:00,0.0,1.0,1.0,0.0,0
2018-03-10 00:00:00+00:00,0.0,1.0,1.0,0.0,0
2018-03-11 00:00:00+00:00,0.0,1.0,1.0,0.0,0
2018-03-12 00:00:00+00:00,0.0,1.0,1.0,0.0,0
2018-03-13 00:00:00+00:00,0.0,1.0,1.0,0.0,0
2018-03-14 00:00:00+00:00,0.0,1.0,1.0,0.0,0
2018-03-15 00:00:00+00:00,0.0,1.0,1.0,0.0,0
2018-03-16 00:00:00+00:00,0.0,1.0,1.0,0.0,0
2018-03-17 00:00:00+00:00,0.0,1.0,1.0,0.0,0
2018-03-18 00:00:00+00:00,0.0,1.0,1.0,0.0,0
2018-03-19 00:00:00+00:00,0.0,1.0,1.0,0.0,0
2018-03-20 00:00:00+00:00,0.0,1.0,1.0,0.0,0
2018-03-21 00:00:00+00:00,0.0,1.0,1.0,0.0,0
2018-03-22 00:00:00+00:00,0.0,1.0,1.0,0.0,0
2018-03-23 00:00:00+00:00,0.0,1.0,1.0,0.0,0
2018-03-24 00:00:00+00:00,0.0,1.0,1.0,0.0,0
2018-03-25 00:00:00+00:00,0.0,1.0,1.0,0.0,0
2018-03-26 00:00:00+00:00,0.0,1.0,1.0,0.0,0
2018-03-27 00:00:00+00:00,0.0,1.0,1.0,0.0,0
2018-03-28 00:00:00+00:00,0.0,1.0,1.0,0.0,0
2018-03-29 00:00:00+00:00,0.0,1.0,1.0,0.0,0
2018-03-30 00:00:00+00:00,0.0,1.0,1.0,0.0,0
2018-03-31 00:00:00+00:00,0.0,1.0,1.0,0.0,0
2018-04-01 00:00:00+00:00,0.0,1.0,1.0,0.0,0
2018-04-02 00:00:00+00:00,0.0,1.0,1.0,0.0,0
2018-04-03 00:00:00+00:00,0.0,1.0,1.0,0.0,0
2018-04-04 00:00:00+00:00,0.0,1.0,1.0,0.0,0
2018-04-05 00:00:00+00:00,0.0,1.0,1.0,0.0,0
2018-04-06 00:00:00+00:00,0.0,1.0,1.0,0.0,0
2018-04-07 00:00:00+00:00,0.0,1.0,1.0,0.0,0
2018-04-08 00:00:00+00:00,0.0,1.0,1.0,0.0,0
2018-04-09 00:00:00+00:00,0.0,1.0,1.0,0.0,0
2018-04-10 00:00:00+00:00,0.0,1.0,1.0,0.0,0
2018-04-11 00:00:00+00:00,0.0,1.0,1.0,0.0,0
2018-04-12 00:00:00+00:00,0.0,1.0,1.0,0.0,0
2018-04-13 00:00:00+00:00,0.0,1.0,1.0,0.0,0
2018-04-14 00:00:00+00:00,0.0,1.0,1.0,0.0,0
2018-04-15 00:00:00+00:00,0.0,1.0,1.0,0.0,0
2018-04-16 00:00:00+00:00,0.0,1.0,1.0,0.0,0
2018-04-17 00:00:00+00:00,0.0,1.0,1.0,0.0,0
2018-04-18 00:00:00+00:00,0.0,1.0,1.0,0.0,0
2018-04-19 00:00:00+00:00,0.0,1.0,1.0,0.0,0
2018-04-20 00:00:00+00:00,0.0,1.0,1.0,0.0,0
2018-04-21 00:00:00+00:00,0.0,1.0,1.0,0.0,0
2018-04-22 00:00:00+00:00,0.0,1.0,1.0,0.0,0
2018-04-23 00:00:00+00:00,0.0,1.0,1.0,0.0,0
2018-04-24 00:00:00+00:00,0.0,1.0,1.0,0.0,0
2018-04-25 00:00:00+00:00,0.0,1.0,1.0,0.0,0
2018-04-26 00:00:00+00:00,0.0,1.0,1.0,0.0,0
2018-04-27 00:00:00+00:00,0.0,1.0,1.0,0.0,0
2018-04-28 00:00:00+00:00,0.0,1.0,1.0,0.0,0
2018-04-29 00:00:00+00:00,0.0,1.0,1.0,0.0,0
2018-04-30 00:00:00+00:00,0.0,1.0,1.0,0.0,0
2018-05-01 00:00:00+00:00,0.0,1.0,1.0,0.0,0
2018-05-02 00:00:00+00:00,0.0,1.0,1.0,0.0,0
2018-05-03 00:00:00+00:00,0.0,1.0,1.0,0.0,0
2018-05-04 00:00:00+00:00,0.0,1.0,1.0,0.0,0
2018-05-05 00:00:00+00:00,0.0,1.0,1.0,0.0,0
2018-05-06 00:00:00+00:00,0.0,1.0,1.0,0.0,0
2018-05-07 00:00:00+00:00,0.0,1.0,1.0,0.0,0
2018-05-08 00:00:00+00:00,0.0,1.0,1.0,0.0,0
2018-05-09 00:00:00+00:00,0.0,1.0,1.0,0.0,0
2018-05-10 00:00:00+00:00,0.0,1.0,1.0,0.0,0
2018-05-11 00:00:00+00:00,0.0,1.0,1.0,0.0,0
2018-05-12 00:00:00+00:00,0.0,1.0,1.0,0.0,0
2018-05-13 00:00:00+00:00,0.0,1.0,1.0,0.0,0
2018-05-14 00:00:00+00:00,0.0,1.0,1.0,0.0,0
2018-05-15 00:00:00+00:00,0.0,1.0,1.0,0.0,0
2018-05-16 00:00:00+00:00,0.0,1.0,1.0,0.0,0
2018-05-17 00:00:00+00:00,0.0,1.0,1.0,0.0,0
2018-05-18 00:00:00+00:00,0.0,1.0,1.0,0.0,0
2018-05-19 00:00:00+00:00,0.0,1.0,1.0,0.0,0
2018-05-20 00:00:00+00:00,0.0,1.0,1.0,0.0,0
2018-05-21 00:00:00+00:00,0.0,1.0,1.0,0.0,0
2018-05-22 00:00:00+00:00,0.0,1.0,1.0,0.0,0
2018-05-23 00:00:00+00:00,0.0,1.0,1.0,0.0,0
2018-05-24 00:00:00+00:00,0.0,1.0,1.0,0.0,0
2018-05-25 00:00:00+00:00,0.0,1.0,1.0,0.0,0
2018-05-26 00:00:00+00:00,0.0,1.0,1.0,0.0,0
2018-05-27 00:00:00+00:00,0.0,1.0,1.0,0.0,0
2018-05-28 00:00:00+00:00,0.0,1.0,1.0,0.0,0
2018-05-29 00:00:00+00:00,0.0,1.0,1.0,0.0,0
2018-05-30 00:00:00+00:00,0.0,1.0,1.0,0.0,0
2018-05-31 00:00:00+00:00,0.0,1.0,1.0,0.0,0
2018-06-01 00:00:00+00:00,0.0,1.0,1.0,0.0,0
2018-06-02 00:00:00+00:00,0.0,1.0,1.0,0.0,0
2018-06-03 00:00:00+00:00,0.0,1.0,1.0,0.0,0
2018-06-04 00:00:00+00:00,0.0,1.0,1.0,0.0,0
2018-06-05 00:00:00+00:00,0.0,1.0,1.0,0.0,0
2018-06-06 00:00:00+00:00,0.0,1.0,1.0,0.0,0
2018-06-07 00:00:00+00:00,0.0,1.0,1.0,0.0,0
2018-06-08 00:00:00+00:00,0.0,1.0,1.0,0.0,0
2018-06-09 00:00:00+00:00,0.0,1.0,1.0,0.0,0
2018-06-10 00:00:00+00:00,0.0,1.0,1.0,0.0,0
2018-06-11 00:00:00+00:00,0.0,1.0,1.0,0.0,0
2018-06-12 00:00:00+00:00,0.0,1.0,1.0,0.0,0
2018-06-13 00:00:00+00:00,0.0,1.0,1.0,0.0,0
2018-06-14 00:00:00+00:00,0.0,1.0,1.0,0.0,0
2018-06-15 00:00:00+00:00,0.0,1.0,1.0,0.0,0
2018-06-16 00:00:00+00:00,0.0,1.0,1.0,0.0,0
2018-06-17 00:00:00+00:00,0.0,1.0,1.0,0.0,0
2018-06-18 00:00:00+00:00,0.0,1.0,1.0,0.0,0
2018-06-19 00:00:00+00:00,0.0,1.0,1.0,0.0,0
2018-06-20 00:00:00+00:00,0.0,1.0,1.0,0.0,0
2018-06-21 00:00:00+00:00,0.0,1.0,1.0,0.0,0
2018-06-22 00:00:00+00:00,0.0,1.0,1.0,0.0,0
2018-06-23 00:00:00+00:00,0.0,1.0,1.0,0.0,0
2018-06-24 00:00:00+00:00,0.0,1.0,1.0,0.0,0
2018-06-25 00:00:00+00:00,0.0,1.0,1.0,0.0,0
2018-06-26 00:00:00+00:00,0.0,1.0,1.0,0.0,0
2018-06-27 00:00:00+00:00,0.0,1.0,1.0,0.0,0
2018-06-28 00:00:00+00:00,0.0,1.0,1.0,0.0,0
2018-06-29 00:00:00+00:00,0.0,1.0,1.0,0.0,0
2018-06-30 00:00:00+00:00,0.0,1.0,1.0,0.0,0
2018-07-01 00:00:00+00:00,0.0,1.0,1.0,0.0,0
2018-07-02 00:00:00+00:00,0.0,1.0,1.0,0.0,0
2018-07-03 00:00:00+00:00,0.0,1.0,1.0,0.0,0
2018-07-04 00:00:00+00:00,0.0,1.0,1.0,0.0,0
2018-07-05 00:00:00+00:00,0.0,1.0,1.0,0.0,0
2018-07-06 00:00:00+00:00,0.0,1.0,1.0,0.0,0
2018-07-07 00:00:00+00:00,0.0,1.0,1.0,0.0,0
2018-07-08 00:00:00+00:00,0.0,1.0,1.0,0.0,0
2018-07-09 00:00:00+00:00,0.0,1.0,1.0,0.0,0
2018-07-10 00:00:00+00:00,0.0,1.0,1.0,0.0,0
2018-07-11 00:00:00+00:00,0.0,1.0,1.0,0.0,0
2018-07-12 00:00:00+00:00,0.0,1.0,1.0,0.0,0
2018-07-13 00:00:00+00:00,0.0,1.0,1.0,0.0,0
2018-07-14 00:00:00+00:00,0.0,1.0,1.0,0.0,0
2018-07-15 00:00:00+00:00,0.0,1.0,1.0,0.0,0
2018-07-16 00:00:00+00:00,0.0,1.0,1.0,0.0,0
2018-07-17 00:00:00+00:00,0.0,1.0,1.0,0.0,0
2018-07-18 00:00:00+00:00,0.0,1.0,1.0,0.0,0
2018-07-19 00:00:00+00:00,0.0,1.0,1.0,0.0,0
2018-07-20 00:00:00+00:00,0.0,1.0,1.0,0.0,0
2018-07-21 00:00:00+00:00,0.0,1.0,1.0,0.0,0
2018-07-22 00:00:00+00:00,0.0,1.0,1.0,0.0,0
2018-07-23 00:00:00+00:00,0.0,1.0,1.0,0.0,0
2018-07-24 00:00:00+00:00,0.0,1.0,1.0,0.0,0
2018-07-25 00:00:00+00:00,0.0,1.0,1.0,0.0,0
2018-07-26 00:00:00+00:00,0.0,1.0,1.0,0.0,0
2018-07-27 00:00:00+00:00,0.0,1.0,1.0,0.0,0
2018-07-28 00:00:00+00:00,0.0,1.0,1.0,0.0,0
2018-07-29 00:00:00+00:00,0.0,1.0,1.0,0.0,0
2018-07-30 00:00:00+00:00,0.0,1.0,1.0,0.0,0
2018-07-31 00:00:00+00:00,0.0,1.0,1.0,0.0,0
2018-08-01 00:00:00+00:00,0.0,1.0,1.0,0.0,0
2018-08-02 00:00:00+00:00,0.0,1.0,1.0,0.0,0
2018-08-03 00:00:00+00:00,0.0,1.0,1.0,0.0,0
2018-08-04 00:00:00+00:00,0.0,1.0,1.0,0.0,0
2018-08-05 00:00:00+00:00,0.0,1.0,1.0,0.0,0
2018-08-06 00:00:00+00:00,0.0,1.0,1.0,0.0,0
2018-08-07 00:00:00+00:00,0.0,1.0,1.0,0.0,0
2018-08-08 00:00:00+00:00,0.0,1.0,1.0,0.0,0
2018-08-09 00:00:00+00:00,0.0,1.0,1.0,0.0,0
2018-08-10 00:00:00+00:00,0.0,1.0,1.0,0.0,0
2018-08-11 00:00:00+00:00,0.0,1.0,1.0,0.0,0
2018-08-12 00:00:00+00:00,0.0,1.0,1.0,0.0,0
2018-08-13 00:00:00+00:00,0.0,1.0,1.0,0.0,0
2018-08-14 00:00:00+00:00,0.0,1.0,1.0,0.0,0
2018-08-15 00:00:00+00:00,0.0,1.0,1.0,0.0,0
2018-08-16 00:00:00+00:00,0.0,1.0,1.0,0.0,0
2018-08-17 00:00:00+00:00,0.0,1.0,1.0,0.0,0
2018-08-18 00:00:00+00:00,0.0,1.0,1.0,0.0,0
2018-08-19 00:00:00+00:00,0.0,1.0,1.0,0.0,0
2018-08-20 00:00:00+00:00,0.0,1.0,1.0,0.0,0
2018-08-21 00:00:00+00:00,0.0,1.0,1.0,0.0,0
2018-08-22 00:00:00+00:00,0.0,1.0,1.0,0.0,0
2018-08-23 00:00:00+00:00,0.0,1.0,1.0,0.0,0
2018-08-24 00:00:00+00:00,0.0,1.0,1.0,0.0,0
2018-08-25 00:00:00+00:00,0.0,1.0,1.0,0.0,0
2018-08-26 00:00:00+00:00,0.0,1.0,1.0,0.0,0
2018-08-27 00:00:00+00:00,0.0,1.0,1.0,0.0,0
2018-08-28 00:00:00+00:00,0.0,1.0,1.0,0.0,0
2018-08-29 00:00:00+00:00,0.0,1.0,1.0,0.0,0
2018-08-30 00:00:00+00:00,0.0,1.0,1.0,0.0,0
2018-08-31 00:00:00+00:00,0.0,1.0,1.0,0.0,0
2018-09-01 00:00:00+00:00,0.0,1.0,1.0,0.0,0
2018-09-02 00:00:00+00:00,0.0,1.0,1.0,0.0,0
2018-09-03 00:00:00+00:00,0.0,1.0,1.0,0.0,0
2018-09-04 00:00:00+00:00,0.0,1.0,1.0,0.0,0
2018-09-05 00:00:00+00:00,0.0,1.0,1.0,0.0,0
2018-09-06 00:00:00+00:00,0.0,1.0,1.0,0.0,0
2018-09-07 00:00:00+00:00,0.0,1.0,1.0,0.0,0
2018-09-08 00:00:00+00:00,0.0,1.0,1.0,0.0,0
2018-09-09 00:00:00+00:00,0.0,1.0,1.0,0.0,0
2018-09-10 00:00:00+00:00,0.0,1.0,1.0,0.0,0
2018-09-11 00:00:00+00:00,0.0,1.0,1.0,0.0,0
2018-09-12 00:00:00+00:00,0.0,1.0,1.0,0.0,0
2018-09-13 00:00:00+00:00,0.0,1.0,1.0,0.0,0
2018-09-14 00:00:00+00:00,0.0,1.0,1.0,0.0,0
2018-09-15 00:00:00+00:00,0.0,1.0,1.0,0.0,0
2018-09-16 00:00:00+00:00,0.0,1.0,1.0,0.0,0
2018-09-17 00:00:00+00:00,0.0,1.0,1.0,0.0,0
2018-09-18 00:00:00+00:00,0.0,1.0,1.0,0.0,0
2018-09-19 00:00:00+00:00,0.0,1.0,1.0,0.0,0
2018-09-20 00:00:00+00:00,0.0,1.0,1.0,0.0,0
2018-09-21 00:00:00+00:00,0.0,1.0,1.0,0.0,0
2018-09-22 00:00:00+00:00,0.0,1.0,1.0,0.0,0
2018-09-23 00:00:00+00:00,0.0,1.0,1.0,0.0,0
2018-09-24 00:00:00+00:00,0.0,1.0,1.0,0.0,0
2018-09-25 00:00:00+00:00,0.0,1.0,1.0,0.0,0
2018-09-26 00:00:00+00:00,0.0,1.0,1.0,0.0,0
2018-09-27 00:00:00+00:00,0.0,1.0,1.0,0.0,0
2018-09-28 00:00:00+00:00,0.0,1.0,1.0,0.0,0
2018-09-29 00:00:00+00:00,0.0,1.0,1.0,0.0,0
2018-09-30 00:00:00+00:00,0.0,1.0,1.0,0.0,0
2018-10-01 00:00:00+00:00,0.0,1.0,1.0,0.0,0
2018-10-02 00:00:00+00:00,0.0,1.0,1.0,0.0,0
2018-10-03 00:00:00+00:00,0.0,1.0,1.0,0.0,0
2018-10-04 00:00:00+00:00,0.0,1.0,1.0,0.0,0
2018-10-05 00:00:00+00:00,0.0,1.0,1.0,0.0,0
2018-10-06 00:00:00+00:00,0.0,1.0,1.0,0.0,0
2018-10-07 00:00:00+00:00,0.0,1.0,1.0,0.0,0
2018-10-08 00:00:00+00:00,0.0,1.0,1.0,0.0,0
2018-10-09 00:00:00+00:00,0.0,1.0,1.0,0.0,0
2018-10-10 00:00:00+00:00,0.0,1.0,1.0,0.0,0
2018-10-11 00:00:00+00:00,0.0,1.0,1.0,0.0,0
2018-10-12 00:00:00+00:00,0.0,1.0,1.0,0.0,0
2018-10-13 00:00:00+00:00,0.0,1.0,1.0,0.0,0
2018-10-14 00:00:00+00:00,0.0,1.0,1.0,0.0,0
2018-10-15 00:00:00+00:00,0.0,1.0,1.0,0.0,0
2018-10-16 00:00:00+00:00,0.0,1.0,1.0,0.0,0
2018-10-17 00:00:00+00:00,0.0,1.0,1.0,0.0,0
2018-10-18 00:00:00+00:00,0.0,1.0,1.0,0.0,0
2018-10-19 00:00:00+00:00,0.0,1.0,1.0,0.0,0
2018-10-20 00:00:00+00:00,0.0,1.0,1.0,0.0,0
2018-10-21 00:00:00+00:00,0.0,1.0,1.0,0.0,0
2018-10-22 00:00:00+00:00,0.0,1.0,1.0,0.0,0
2018-10-23 00:00:00+00:00,0.0,1.0,1.0,0.0,0
2018-10-24 00:00:00+00:00,0.0,1.0,1.0,0.0,0
2018-10-25 00:00:00+00:00,0.0,1.0,1.0,0.0,0
2018-10-26 00:00:00+00:00,0.0,1.0,1.0,0.0,0
2018-10-27 00:00:00+00:00,0.0,1.0,1.0,0.0,0
2018-10-28 00:00:00+00:00,0.0,1.0,1.0,0.0,0
2018-10-29 00:00:00+00:00,0.0,1.0,1.0,0.0,0
2018-10-30 00:00:00+00:00,0.0,1.0,1.0,0.0,0
2018-10-31 00:00:00+00:00,0.0,1.0,1.0,0.0,0
2018-11-01 00:00:00+00:00,0.0,1.0,1.0,0.0,0
2018-11-02 00:00:00+00:00,0.0,1.0,1.0,0.0,0
2018-11-03 00:00:00+00:00,0.0,1.0,1.0,0.0,0
2018-11-04 00:00:00+00:00,0.0,1.0,1.0,0.0,0
2018-11-05 00:00:00+00:00,0.0,1.0,1.0,0.0,0
2018-11-06 00:00:00+00:00,0.0,1.0,1.0,0.0,0
2018-11-07 00:00:00+00:00,0.0,1.0,1.0,0.0,0
2018-11-08 00:00:00+00:00,0.0,1.0,1.0,0.0,0
2018-11-09 00:00:00+00:00,0.0,1.0,1.0,0.0,0
2018-11-10 00:00:00+00:00,0.0,1.0,1.0,0.0,0
2018-11-11 00:00:00+00:00,0.0,1.0,1.0,0.0,0
2018-11-12 00:00:00+00:00,0.0,1.0,1.0,0.0,0
2018-11-13 00:00:00+00:00,0.0,1.0,1.0,0.0,0
2018-11-14 00:00:00+00:00,0.0,1.0,1.0,0.0,0
2018-11-15 00:00:00+00:00,0.0,1.0,1.0,0.0,0
2018-11-16 00:00:00+00:00,0.0,1.0,1.0,0.0,0
2018-11-17 00:00:00+00:00,0.0,1.0,1.0,0.0,0
2018-11-18 00:00:00+00:00,0.0,1.0,1.0,0.0,0
2018-11-19 00:00:00+00:00,0.0,1.0,1.0,0.0,0
2018-11-20 00:00:00+00:00,0.0,1.0,1.0,0.0,0
2018-11-21 00:00:00+00:00,0.0,1.0,1.0,0.0,0
2018-11-22 00:00:00+00:00,0.0,1.0,1.0,0.0,0
2018-11-23 00:00:00+00:00,0.0,1.0,1.0,0.0,0
2018-11-24 00:00:00+00:00,0.0,1.0,1.0,0.0,0
2018-11-25 00:00:00+00:00,0.0,1.0,1.0,0.0,0
2018-11-26 00:00:00+00:00,0.0,1.0,1.0,0.0,0
2018-11-27 00:00:00+00:00,0.0,1.0,1.0,0.0,0
2018-11-28 00:00:00+00:00,0.0,1.0,1.0,0.0,0
2018-11-29 00:00:00+00:00,0.0,1.0,1.0,0.0,0
2018-11-30 00:00:00+00:00,0.0,1.0,1.0,0.0,0
2018-12-01 00:00:00+00:00,0.0,1.0,1.0,0.0,0
2018-12-02 00:00:00+00:00,0.0,1.0,1.0,0.0,0
2018-12-03 00:00:00+00:00,0.0,1.0,1.0,0.0,0
2018-12-04 00:00:00+00:00,0.0,1.0,1.0,0.0,0
2018-12-05 00:00:00+00:00,0.0,1.0,1.0,0.0,0
2018-12-06 00:00:00+00:00,0.0,1.0,1.0,0.0,0
2018-12-07 00:00:00+00:00,0.0,1.0,1.0,0.0,0
2018-12-08 00:00:00+00:00,0.0,1.0,1.0,0.0,0
2018-12-09 00:00:00+00:00,0.0,1.0,1.0,0.0,0
2018-12-10 00:00:00+00:00,0.0,1.0,1.0,0.0,0
2018-12-11 00:00:00+00:00,0.0,1.0,1.0,0.0,0
2018-12-12 00:00:00+00:00,0.0,1.0,1.0,0.0,0
2018-12-13 00:00:00+00:00,0.0,1.0,1.0,0.0,0
2018-12-14 00:00:00+00:00,0.0,1.0,1.0,0.0,0
2018-12-15 00:00:00+00:00,0.0,1.0,1.0,0.0,0
2018-12-16 00:00:00+00:00,0.0,1.0,1.0,0.0,0
2018-12-17 00:00:00+00:00,0.0,1.0,1.0,0.0,0
2018-12-18 00:00:00+00:00,0.0,1.0,1.0,0.0,0
2018-12-19 00:00:00+00:00,0.0,1.0,1.0,0.0,0
2018-12-20 00:00:00+00:00,0.0,1.0,1.0,0.0,0
2018-12-21 00:00:00+00:00,0.0,1.0,1.0,0.0,0
2018-12-22 00:00:00+00:00,0.0,1.0,1.0,0.0,0
2018-12-23 00:00:00+00:00,0.0,1.0,1.0,0.0,0
2018-12-24 00:00:00+00:00,0.0,1.0,1.0,0.0,0
2018-12-25 00:00:00+00:00,0.0,1.0,1.0,0.0,0
2018-12-26 00:00:00+00:00,0.0,1.0,1.0,0.0,0
2018-12-27 00:00:00+00:00,0.0,1.0,1.0,0.0,0
2018-12-28 00:00:00+00:00,0.0,1.0,1.0,0.0,0
2018-12-29 00:00:00+00:00,0.0,1.0,1.0,0.0,0
2018-12-30 00:00:00+00:00,0.0,1.0,1.0,0.0,0
2018-12-31 00:00:00+00:00,0.0,1.0,1.0,0.0,0
2019-01-01 00:00:00+00:00,0.0,1.0,1.0,0.0,0
2019-01-02 00:00:00+00:00,0.0,1.0,1.0,0.0,0
2019-01-03 00:00:00+00:00,0.0,1.0,1.0,0.0,0
2019-01-04 00:00:00+00:00,0.0,1.0,1.0,0.0,0
2019-01-05 00:00:00+00:00,0.0,1.0,1.0,0.0,0
2019-01-06 00:00:00+00:00,0.0,1.0,1.0,0.0,0
2019-01-07 00:00:00+00:00,0.0,1.0,1.0,0.0,0
2019-01-08 00:00:00+00:00,0.0,1.0,1.0,0.0,0
2019-01-09 00:00:00+00:00,0.0,1.0,1.0,0.0,0
2019-01-10 00:00:00+00:00,0.0,1.0,1.0,0.0,0
2019-01-11 00:00:00+00:00,0.0,1.0,1.0,0.0,0
2019-01-12 00:00:00+00:00,0.0,1.0,1.0,0.0,0
2019-01-13 00:00:00+00:00,0.0,1.0,1.0,0.0,0
2019-01-14 00:00:00+00:00,0.0,1.0,1.0,0.0,0
2019-01-15 00:00:00+00:00,0.0,1.0,1.0,0.0,0
2019-01-16 00:00:00+00:00,0.0,1.0,1.0,0.0,0
2019-01-17 00:00:00+00:00,0.0,1.0,1.0,0.0,0
2019-01-18 00:00:00+00:00,0.0,1.0,1.0,0.0,0
2019-01-19 00:00:00+00:00,0.0,1.0,1.0,0.0,0
2019-01-20 00:00:00+00:00,0.0,1.0,1.0,0.0,0
2019-01-21 00:00:00+00:00,0.0,1.0,1.0,0.0,0
2019-01-22 00:00:00+00:00,0.0,1.0,1.0,0.0,0
2019-01-23 00:00:00+00:00,0.0,1.0,1.0,0.0,0
2019-01-24 00:00:00+00:00,0.0,1.0,1.0,0.0,0
2019-01-25 00:00:00+00:00,0.0,1.0,1.0,0.0,0
2019-01-26 00:00:00+00:00,0.0,1.0,1.0,0.0,0
2019-01-27 00:00:00+00:00,0.0,1.0,1.0,0.0,0
2019-01-28 00:00:00+00:00,0.0,1.0,1.0,0.0,0
2019-01-29 00:00:00+00:00,0.0,1.0,1.0,0.0,0
2019-01-30 00:00:00+00:00,0.0,1.0,1.0,0.0,0
2019-01-31 00:00:00+00:00,0.0,1.0,1.0,0.0,0
2019-02-01 00:00:00+00:00,0.0,1.0,1.0,0.0,0
2019-02-02 00:00:00+00:00,0.0,1.0,1.0,0.0,0
2019-02-03 00:00:00+00:00,0.0,1.0,1.0,0.0,0
2019-02-04 00:00:00+00:00,0.0,1.0,1.0,0.0,0
2019-02-05 00:00:00+00:00,0.0,1.0,1.0,0.0,0
2019-02-06 00:00:00+00:00,0.0,1.0,1.0,0.0,0
2019-02-07 00:00:00+00:00,0.0,1.0,1.0,0.0,0
2019-02-08 00:00:00+00:00,0.0,1.0,1.0,0.0,0
2019-02-09 00:00:00+00:00,0.0,1.0,1.0,0.0,0
2019-02-10 00:00:00+00:00,0.0,1.0,1.0,0.0,0
2019-02-11 00:00:00+00:00,0.0,1.0,1.0,0.0,0
2019-02-12 00:00:00+00:00,0.0,1.0,1.0,0.0,0
2019-02-13 00:00:00+00:00,0.0,1.0,1.0,0.0,0
2019-02-14 00:00:00+00:00,0.0,1.0,1.0,0.0,0
2019-02-15 00:00:00+00:00,0.0,1.0,1.0,0.0,0
2019-02-16 00:00:00+00:00,0.0,1.0,1.0,0.0,0
2019-02-17 00:00:00+00:00,0.0,1.0,1.0,0.0,0
2019-02-18 00:00:00+00:00,0.0,1.0,1.0,0.0,0
2019-02-19 00:00:00+00:00,0.0,1.0,1.0,0.0,0
2019-02-20 00:00:00+00:00,0.0,1.0,1.0,0.0,0
2019-02-21 00:00:00+00:00,0.0,1.0,1.0,0.0,0
2019-02-22 00:00:00+00:00,0.0,1.0,1.0,0.0,0
2019-02-23 00:00:00+00:00,0.0,1.0,1.0,0.0,0
2019-02-24 00:00:00+00:00,0.0,1.0,1.0,0.0,0
2019-02-25 00:00:00+00:00,0.0,1.0,1.0,0.0,0
2019-02-26 00:00:00+00:00,0.0,1.0,1.0,0.0,0
2019-02-27 00:00:00+00:00,0.0,1.0,1.0,0.0,0
2019-02-28 00:00:00+00:00,0.0,1.0,1.0,0.0,0
2019-03-01 00:00:00+00:00,0.0,1.0,1.0,0.0,0
2019-03-02 00:00:00+00:00,0.0,1.0,1.0,0.0,0
2019-03-03 00:00:00+00:00,0.0,1.0,1.0,0.0,0
2019-03-04 00:00:00+00:00,0.0,1.0,1.0,0.0,0
2019-03-05 00:00:00+00:00,0.0,1.0,1.0,0.0,0
2019-03-06 00:00:00+00:00,0.0,1.0,1.0,0.0,0
2019-03-07 00:00:00+00:00,0.0,1.0,1.0,0.0,0
2019-03-08 00:00:00+00:00,0.0,1.0,1.0,0.0,0
2019-03-09 00:00:00+00:00,0.0,1.0,1.0,0.0,0
2019-03-10 00:00:00+00:00,0.0,1.0,1.0,0.0,0
2019-03-11 00:00:00+00:00,0.0,1.0,1.0,0.0,0
2019-03-12 00:00:00+00:00,0.0,1.0,1.0,0.0,0
2019-03-13 00:00:00+00:00,0.0,1.0,1.0,0.0,0
2019-03-14 00:00:00+00:00,0.0,1.0,1.0,0.0,0
2019-03-15 00:00:00+00:00,0.0,1.0,1.0,0.0,0
2019-03-16 00:00:00+00:00,0.0,1.0,1.0,0.0,0
2019-03-17 00:00:00+00:00,0.0,1.0,1.0,0.0,0
2019-03-18 00:00:00+00:00,0.0,1.0,1.0,0.0,0
2019-03-19 00:00:00+00:00,0.0,1.0,1.0,0.0,0
2019-03-20 00:00:00+00:00,0.0,1.0,1.0,0.0,0
2019-03-21 00:00:00+00:00,0.0,1.0,1.0,0.0,0
2019-03-22 00:00:00+00:00,0.0,1.0,1.0,0.0,0
2019-03-23 00:00:00+00:00,0.0,1.0,1.0,0.0,0
2019-03-24 00:00:00+00:00,0.0,1.0,1.0,0.0,0
2019-03-25 00:00:00+00:00,0.0,1.0,1.0,0.0,0
2019-03-26 00:00:00+00:00,0.0,1.0,1.0,0.0,0
2019-03-27 00:00:00+00:00,0.0,1.0,1.0,0.0,0
2019-03-28 00:00:00+00:00,0.0,1.0,1.0,0.0,0
2019-03-29 00:00:00+00:00,0.0,1.0,1.0,0.0,0
2019-03-30 00:00:00+00:00,0.0,1.0,1.0,0.0,0
2019-03-31 00:00:00+00:00,0.0,1.0,1.0,0.0,0
2019-04-01 00:00:00+00:00,0.0,1.0,1.0,0.0,0
2019-04-02 00:00:00+00:00,0.0,1.0,1.0,0.0,0
2019-04-03 00:00:00+00:00,0.0,1.0,1.0,0.0,0
2019-04-04 00:00:00+00:00,0.0,1.0,1.0,0.0,0
2019-04-05 00:00:00+00:00,0.0,1.0,1.0,0.0,0
2019-04-06 00:00:00+00:00,0.0,1.0,1.0,0.0,0
2019-04-07 00:00:00+00:00,0.0,1.0,1.0,0.0,0
2019-04-08 00:00:00+00:00,-0.0023596256909172997,0.9976403743090827,0.9556771889938751,0.042062436921991374,1
2019-04-09 00:00:00+00:00,0.0007503420082037859,0.9983889457910069,0.9556771889938751,0.042780678789759594,1
2019-04-10 00:00:00+00:00,-0.0001365360709856267,0.9982526296870331,0.9556771889938751,0.042649965977556284,1
2019-04-11 00:00:00+00:00,-0.003425552765527029,0.994833062630714,0.994833062630714,0.0,0
2019-04-12 00:00:00+00:00,0.0,0.994833062630714,0.994833062630714,0.0,0
2019-04-13 00:00:00+00:00,0.0,0.994833062630714,0.994833062630714,0.0,0
2019-04-14 00:00:00+00:00,0.0,0.994833062630714,0.994833062630714,0.0,0
2019-04-15 00:00:00+00:00,-0.0003197551748531646,0.9945149596108228,0.9524064169081656,0.04234078361087226,1
2019-04-16 00:00:00+00:00,0.0008223516981298307,0.9953328006766743,0.9524064169081656,0.04312766919700157,1
2019-04-17 00:00:00+00:00,-0.000333764699907535,0.9950005937231483,0.9524064169081656,0.04280819236057083,1
2019-04-18 00:00:00+00:00,0.005116438377672505,1.0000914529466804,0.9642117906226356,0.0358763813232566,1
2019-04-19 00:00:00+00:00,0.0037416683882993684,1.0038334635215793,0.9772582185827374,0.026473758750393116,1
2019-04-20 00:00:00+00:00,0.0006205093379492155,1.0044563515594405,0.9772582185827374,0.027077466267675425,1
2019-04-21 00:00:00+00:00,-0.000967067908671182,1.0034849740561864,0.9772582185827374,0.026135673329953098,1
2019-04-22 00:00:00+00:00,-0.00021768928614940286,1.0032665261285225,0.9772582185827374,0.02592362733973366,1
2019-04-23 00:00:00+00:00,-0.00136589196151371,1.0018961724452278,0.9772582185827374,0.024591324470637378,1
2019-04-24 00:00:00+00:00,-0.0010252623593155485,1.0008689660116774,1.0008689660116774,0.0,0
2019-04-25 00:00:00+00:00,0.0,1.0008689660116774,1.0008689660116774,0.0,0
2019-04-26 00:00:00+00:00,0.0,1.0008689660116774,1.0008689660116774,0.0,0
2019-04-27 00:00:00+00:00,0.0,1.0008689660116774,1.0008689660116774,0.0,0
2019-04-28 00:00:00+00:00,0.0,1.0008689660116774,1.0008689660116774,0.0,0
2019-04-29 00:00:00+00:00,-0.0020958087858897745,0.9987713360391858,0.9659103664890606,0.03290139430757143,1
2019-04-30 00:00:00+00:00,0.0005468186601205183,0.9993174828429254,0.9659103664890606,0.033429932856599266,1
2019-05-01 00:00:00+00:00,-0.00024315050237599944,0.9990744982949391,0.9659103664890606,0.0331948536995767,1
2019-05-02 00:00:00+00:00,0.0026366170338008033,1.0017086751351796,0.9659103664890606,0.03573724530366888,1
2019-05-03 00:00:00+00:00,0.00012605169811918948,1.001834942214701,0.9659103664890606,0.035858776942061805,1
2019-05-04 00:00:00+00:00,-0.0012272226455686264,1.0006054676864933,0.9659103664890606,0.03467410714599785,1
2019-05-05 00:00:00+00:00,0.0001346740818777281,1.0007402233091758,0.9659103664890606,0.034804094018467895,1
2019-05-06 00:00:00+00:00,-0.001193878713072194,0.9995454608592519,0.9659103664890606,0.033650389789452013,1
2019-05-07 00:00:00+00:00,-0.0023191843486789487,0.9972273306706341,0.9659103664890606,0.03140403719231493,1
2019-05-08 00:00:00+00:00,-0.001496405123460387,0.9957350745837638,0.9957350745837638,0.0,0
2019-05-09 00:00:00+00:00,0.0,0.9957350745837638,0.9957350745837638,0.0,0
2019-05-10 00:00:00+00:00,0.0,0.9957350745837638,0.9957350745837638,0.0,0
2019-05-11 00:00:00+00:00,0.0,0.9957350745837638,0.9957350745837638,0.0,0
2019-05-12 00:00:00+00:00,0.0,0.9957350745837638,0.9957350745837638,0.0,0
2019-05-13 00:00:00+00:00,0.01032204318629626,1.0060130950257273,0.9203360265688799,0.08516496343882721,2
2019-05-14 00:00:00+00:00,0.001742287094542494,1.0077658586581315,0.9468704983100842,0.060426099797755796,2
2019-05-15 00:00:00+00:00,0.004728028323242928,1.0125306041810644,0.9572066269197845,0.05463931364921656,2
2019-05-16 00:00:00+00:00,-0.0016770267112664605,1.010832563311878,0.9572066269197845,0.05305125531017151,2
2019-05-17 00:00:00+00:00,-0.003008759344679812,1.0077912113911067,1.0077912113911067,0.0,0
2019-05-18 00:00:00+00:00,0.0,1.0077912113911067,1.0077912113911067,0.0,0
2019-05-19 00:00:00+00:00,0.0,1.0077912113911067,1.0077912113911067,0.0,0
2019-05-20 00:00:00+00:00,-0.0023394783425216836,1.0054335056782735,0.8959275011338206,0.10891421851968154,3
2019-05-21 00:00:00+00:00,0.0038510526774804266,1.0093054830723442,0.8959275011338206,0.11233267215927437,3
2019-05-22 00:00:00+00:00,-0.004572211371271617,1.0046907250655541,0.8959275011338206,0.10825542748454951,3
2019-05-23 00:00:00+00:00,0.0019718067834924025,1.0066717810525503,0.8959275011338206,0.11001031518231122,3
2019-05-24 00:00:00+00:00,0.003952210843097825,1.0106503601810668,0.9056383145793717,0.10390541550183706,3
2019-05-25 00:00:00+00:00,0.0014219129198851377,1.0120874169856948,0.9056383145793717,0.10517777478487096,3
2019-05-26 00:00:00+00:00,0.003293722207514671,1.0154209517869668,0.9056383145793717,0.10811539491517917,3
2019-05-27 00:00:00+00:00,0.001900703815731486,1.0173509662646019,0.9056383145793717,0.10980738741066362,3
2019-05-28 00:00:00+00:00,-0.0004912940142792754,1.0168511478244548,0.9056383145793717,0.1093698261373084,3
2019-05-29 00:00:00+00:00,-0.00022397791418626856,1.0166233956253272,0.9056383145793717,0.10917029995919808,3
2019-05-30 00:00:00+00:00,-0.005500209853117721,1.0110317536077988,0.9056383145793717,0.10424345096218558,3
2019-05-31 00:00:00+00:00,0.004312795661491231,1.0153921269683885,0.9056383145793717,0.10809007621193976,3
2019-06-01 00:00:00+00:00,-0.00012866497960817291,1.0152614815610779,0.9056383145793717,0.10797530387260262,3
2019-06-02 00:00:00+00:00,0.0013742631619932943,1.016656718014978,0.9056383145793717,0.10919949818692933,3
2019-06-03 00:00:00+00:00,-0.0077250890700617525,1.0088029543146355,0.9056383145793717,0.10226441079898708,3
2019-06-04 00:00:00+00:00,-0.00484608226594796,1.0039142122078955,0.9309990963073941,0.0726308234447047,2
2019-06-05 00:00:00+00:00,0.0010368439451013955,1.0049551145802245,0.9309990963073941,0.07359136462897871,2
2019-06-06 00:00:00+00:00,0.0004720083880855874,1.0054294618239559,0.9309990963073941,0.07402843097668657,2
2019-06-07 00:00:00+00:00,0.001016402901367286,1.006451383246074,0.9309990963073941,0.07496863553938013,2
2019-06-08 00:00:00+00:00,-0.0011917539868681049,1.0052519407975016,0.9309990963073941,0.07386491035391592,2
2019-06-09 00:00:00+00:00,-0.0030309385285643975,1.0022050839592243,0.9309990963073941,0.0710493179405256,2
2019-06-10 00:00:00+00:00,0.0058167114398015585,1.0080346217361171,0.9004003886172905,0.10677632573120385,3
2019-06-11 00:00:00+00:00,-0.0009460847073017309,1.007080935596062,0.9004003886172905,0.10593046021234666,3
2019-06-12 00:00:00+00:00,0.006539374360936323,1.0136666148456865,0.9004003886172905,0.1117391305677349,3
2019-06-13 00:00:00+00:00,-9.006754007157003e-05,1.0135753163872347,0.9092697817773407,0.10290851890679249,3
2019-06-14 00:00:00+00:00,-0.0006212760184597377,1.0129456063502607,0.9321271996476427,0.07978553457950659,2
2019-06-15 00:00:00+00:00,0.0015347257050264407,1.01450020001012,0.9321271996476427,0.08119564723758126,2
2019-06-16 00:00:00+00:00,0.0009118161977776928,1.0154252377251378,0.9440883520118653,0.07025321319872746,2
2019-06-17 00:00:00+00:00,0.00420367006036515,1.0196937503955021,0.8874447925452291,0.12969478120168773,3
2019-06-18 00:00:00+00:00,-0.001978024277786705,1.0176767714013124,0.8874447925452291,0.12796988446219268,3
2019-06-19 00:00:00+00:00,0.0023090524664575174,1.020026640460373,0.8874447925452291,0.12997880903905135,3
2019-06-20 00:00:00+00:00,0.0036731573878712176,1.0237733588506055,0.8874447925452291,0.13316283836339807,3
2019-06-21 00:00:00+00:00,0.008091336743810018,1.0320570538464071,0.9114341225713014,0.11687622387304283,3
2019-06-22 00:00:00+00:00,0.0038719785088483505,1.0360531565788058,0.9385017575254793,0.0941567509677351,3
2019-06-23 00:00:00+00:00,-0.0003163620725838978,1.0357253886548834,0.9385017575254793,0.09387008583005803,3
2019-06-24 00:00:00+00:00,0.0008833289508531905,1.036640274875816,0.9385017575254793,0.09466979021444351,3
2019-06-25 00:00:00+00:00,0.001138423249829934,1.0378204102664446,0.9718863611744022,0.06353127038146682,2
2019-06-26 00:00:00+00:00,0.004050434545337822,1.0420240339080444,1.0131448675722101,0.027714491601047768,1
2019-06-27 00:00:00+00:00,-0.0013190105751337278,1.0406495931877762,1.0131448675722101,0.026430342927740054,1
2019-06-28 00:00:00+00:00,0.00017594668968379246,1.0408326920388185,1.0131448675722101,0.026601609152353194,1
2019-06-29 00:00:00+00:00,0.0006691711758852747,1.04152918727525,1.0131448675722101,0.0272525437115172,1
2019-06-30 00:00:00+00:00,-0.002586144491069864,1.0388356423052896,1.0388356423052896,0.0,0
2019-07-01 00:00:00+00:00,0.0006281759378798935,1.0394882138591979,0.9332988375024249,0.10215544047636191,3
2019-07-02 00:00:00+00:00,-0.0011800180207730548,1.0382615990344628,0.9332988375024249,0.10109471604232353,3
2019-07-03 00:00:00+00:00,0.00494942786145125,1.0434003999201988,0.9332988375024249,0.10552187101537894,3
2019-07-04 00:00:00+00:00,-0.003950734825800883,1.0392782016229796,0.9332988375024249,0.10197400845611194,3
2019-07-05 00:00:00+00:00,-0.00048795399462120415,1.038771081672975,0.9332988375024249,0.10153559916269861,3
2019-07-06 00:00:00+00:00,0.0009645488858598394,1.0397730271624661,0.9332988375024249,0.1024013769145451,3
2019-07-07 00:00:00+00:00,0.0028142345650068457,1.0426991923552684,0.9332988375024249,0.10492034102925486,3
2019-07-08 00:00:00+00:00,0.003772944683026802,1.0466332387290616,0.9332988375024249,0.10828473340313548,3
2019-07-09 00:00:00+00:00,-0.000617115137882096,1.0459873455136313,0.9427642613777878,0.098684830728192,3
2019-07-10 00:00:00+00:00,-0.004484204198298758,1.0412969246675117,0.9427642613777878,0.09462494410149684,3
2019-07-11 00:00:00+00:00,-0.006086609302860979,1.0349589571187898,0.9427642613777878,0.08908053320071913,3
2019-07-12 00:00:00+00:00,0.004262816645384193,1.0393707973884854,0.9427642613777878,0.09294713325930504,3
2019-07-13 00:00:00+00:00,-0.0031507005175828162,1.036096051279193,0.9672726906125487,0.06642565675419095,2
2019-07-14 00:00:00+00:00,-0.0052263183787801815,1.030681083444211,0.9993656061505519,0.03038328518557145,1
2019-07-15 00:00:00+00:00,0.00023849602042180784,1.0309268967809366,0.9845572374769648,0.04497861046089768,2
2019-07-16 00:00:00+00:00,-0.005792701349551788,1.0249550451546645,0.9845572374769648,0.03941422393955218,2
2019-07-17 00:00:00+00:00,0.0016523316474126304,1.026648610812949,0.9845572374769648,0.04099881195246943,2
2019-07-18 00:00:00+00:00,0.003480125677235879,1.0302214770049376,0.9845572374769648,0.04432468216516697,2
2019-07-19 00:00:00+00:00,-0.000745933417900968,1.0294530003774003,0.9845572374769648,0.043611279858309704,2
2019-07-20 00:00:00+00:00,0.0012251202824991037,1.0307142041280422,0.9845572374769648,0.044781537371094006,2
2019-07-21 00:00:00+00:00,-0.0005912236581760988,1.0301048215057436,0.9845572374769648,0.044216455527506665,2
2019-07-22 00:00:00+00:00,-0.0008963529436490925,1.0291814840167197,0.9523630705696622,0.0746402987617386,3
2019-07-23 00:00:00+00:00,-0.0029171078793316374,1.0261792506004324,0.9523630705696622,0.0719330272830787,3
2019-07-24 00:00:00+00:00,-0.0005241930905826031,1.0256413345275683,0.9523630705696622,0.07144628584188209,3
2019-07-25 00:00:00+00:00,0.0006225576924736576,1.0262798554300974,0.9523630705696622,0.07202400443635117,3
2019-07-26 00:00:00+00:00,-0.00017326775374915115,1.026102034224829,0.9523630705696622,0.0718631882558085,3
2019-07-27 00:00:00+00:00,-0.0030432737598604653,1.0229793248291332,0.9523630705696622,0.06902999165820488,3
2019-07-28 00:00:00+00:00,0.0005680836852459681,1.0235604626939125,0.9523630705696622,0.06955856026019765,3
2019-07-29 00:00:00+00:00,-0.000971389484279439,1.0225661868239275,0.9523630705696622,0.06865386041397958,3
2019-07-30 00:00:00+00:00,4.697885865789786e-05,1.0226142258162867,0.9523630705696622,0.06869761193723616,3
2019-07-31 00:00:00+00:00,0.0027269934498428405,1.0254028881118038,0.9523630705696622,0.07123036066012894,3
2019-08-01 00:00:00+00:00,0.0014520845012202521,1.0268918597531373,0.9523630705696622,0.0725770571415298,3
2019-08-02 00:00:00+00:00,-0.00019638288125756187,1.026690195770979,0.9523630705696622,0.07239489137762918,3
2019-08-03 00:00:00+00:00,0.0006423821346721592,1.0273497232105855,0.9523630705696622,0.07299038579246549,3
2019-08-04 00:00:00+00:00,-0.0001575810077899531,1.0271878324058492,0.9523630705696622,0.07284428366030639,3
2019-08-05 00:00:00+00:00,0.0036876482759258256,1.0309757398450725,0.9523630705696622,0.07625074600419177,3
2019-08-06 00:00:00+00:00,-0.0018033374471160268,1.0291165426863418,0.9523630705696622,0.07458190489905743,3
2019-08-07 00:00:00+00:00,0.003086560700526819,1.0322929733632595,0.9523630705696622,0.07742947482552551,3
2019-08-08 00:00:00+00:00,0.0010630325895693016,1.033390334435928,0.9523630705696622,0.0784091559270237,3
2019-08-09 00:00:00+00:00,-0.0026240465751182773,1.0306786700680912,0.9523630705696622,0.0759844962089447,3
2019-08-10 00:00:00+00:00,-0.001747514373038328,1.0288775442781632,0.9523630705696622,0.07436693913091658,3
2019-08-11 00:00:00+00:00,0.0020700659646482045,1.0310073886643643,0.9523630705696622,0.07627910232203403,3
2019-08-12 00:00:00+00:00,-0.0021031090628712557,1.028839067681377,0.8964153841803573,0.12871175644549898,3
2019-08-13 00:00:00+00:00,-0.00350742403595361,1.0252304928062632,0.8964153841803573,0.12564502278245063,3
2019-08-14 00:00:00+00:00,-0.008228145069813508,1.016794747581457,0.9882677634547072,0.028055794145872538,1
2019-08-15 00:00:00+00:00,0.0011213763556174872,1.0179349571699108,0.9882677634547072,0.029144488561120854,1
2019-08-16 00:00:00+00:00,-0.0006166779578342663,1.017307219119315,0.9882677634547072,0.028545413930854996,1
2019-08-17 00:00:00+00:00,-7.574452555281219e-06,1.0172995135740497,0.9882677634547072,0.02853805563844811,1
2019-08-18 00:00:00+00:00,0.0004087122548876998,1.0177152963521388,0.9882677634547072,0.028934941828016394,1
2019-08-19 00:00:00+00:00,0.0024185757269572505,1.020176717864849,0.9735595365487004,0.045695202115291246,1
2019-08-20 00:00:00+00:00,-0.0006489946611832886,1.0195146286214913,0.9735595365487004,0.0450754611877691,1
2019-08-21 00:00:00+00:00,-0.0025885325589929398,1.016875581810935,0.9735595365487004,0.04259719284938842,1
2019-08-22 00:00:00+00:00,-0.00017929126076943191,1.0166932649058265,0.9735595365487004,0.042425508111457254,1
2019-08-23 00:00:00+00:00,0.001216786430595862,1.0179303634746422,0.9735595365487004,0.043589255727164454,1
2019-08-24 00:00:00+00:00,-0.0010706891118068551,1.0168404765178922,0.9735595365487004,0.04256413957615528,1
2019-08-25 00:00:00+00:00,3.502789266862649e-05,1.0168760942969648,0.9735595365487004,0.042597675362023274,1
2019-08-26 00:00:00+00:00,0.0009641152747550397,1.0178564800720098,0.9735595365487004,0.04351983250150891,1
2019-08-27 00:00:00+00:00,-0.0007854527845244652,1.017057001865491,0.9735595365487004,0.042767971939633026,1
2019-08-28 00:00:00+00:00,-0.0019485890966255415,1.0150751756810092,0.9735595365487004,0.04089907834112496,1
2019-08-29 00:00:00+00:00,-0.0009363747428866587,1.0141246849243704,0.9735595365487004,0.04000015873659075,1
2019-08-30 00:00:00+00:00,0.00036258729509475174,1.014492393650766,0.9735595365487004,0.0403481163173279,1
2019-08-31 00:00:00+00:00,1.23344449300955e-05,1.0145049068513274,0.9735595365487004,0.04035995294464096,1
2019-09-01 00:00:00+00:00,0.0005788698300404072,1.0150921731343316,0.9735595365487004,0.04091513823556488,1
2019-09-02 00:00:00+00:00,0.002587524942738728,1.0177187494514957,0.9735595365487004,0.04339038946329238,1
2019-09-03 00:00:00+00:00,0.0011551747013012204,1.018894392403902,0.9735595365487004,0.04449416563010224,1
2019-09-04 00:00:00+00:00,-0.00020228278795353383,1.0186882876055763,0.9735595365487004,0.04430084414041,1
2019-09-05 00:00:00+00:00,-1.0606692868564416e-05,1.0186774826917808,0.9735595365487004,0.04429070722546998,1
2019-09-06 00:00:00+00:00,-0.0011141757294711452,1.017542496964407,0.9735595365487004,0.04322469139806841,1
2019-09-07 00:00:00+00:00,0.0006595726126625845,1.018213640127625,0.9735595365487004,0.04385533823071495,1
2019-09-08 00:00:00+00:00,-0.0003133159299680832,1.0178946175740622,0.9735595365487004,0.04355566898568053,1
2019-09-09 00:00:00+00:00,-0.0003275114698928494,1.0175612454116645,0.9735595365487004,0.043242319871530384,1
2019-09-10 00:00:00+00:00,-0.0008602615813527725,1.0166858765655633,0.9735595365487004,0.04241854933851023,1
2019-09-11 00:00:00+00:00,0.0002527936601448566,1.016942888309518,0.9735595365487004,0.04266055867988255,1
2019-09-12 00:00:00+00:00,0.0010779441307726678,1.0180390959273022,0.9735595365487004,0.0436914059160828,1
2019-09-13 00:00:00+00:00,-0.0003060283246564266,1.017727547128341,0.9735595365487004,0.043398658810274576,1
2019-09-14 00:00:00+00:00,-2.9542137448768102e-05,1.0176974812812583,0.9735595365487004,0.04337039792708249,1
2019-09-15 00:00:00+00:00,-0.00013852482487453077,1.0175565049158886,0.9735595365487004,0.04323786261955546,1
2019-09-16 00:00:00+00:00,-0.0005267354696965043,1.017020521812329,0.952995192474512,0.06295382242997791,1
2019-09-17 00:00:00+00:00,-0.0003898953583570952,1.0166239902315204,0.952995192474512,0.06258832997096384,1
2019-09-18 00:00:00+00:00,-0.00018940246421750295,1.016431439142588,0.952995192474512,0.062410748256259696,1
2019-09-19 00:00:00+00:00,0.0005364245039889415,1.0169766778731688,0.952995192474512,0.06291342445773973,1
2019-09-20 00:00:00+00:00,-0.0004648976387287007,1.0165038878169834,0.952995192474512,0.06247757249493753,1
2019-09-21 00:00:00+00:00,-0.001119468255537659,1.0153659439829417,0.952995192474512,0.06142686967003253,1
2019-09-22 00:00:00+00:00,0.0002612969675312993,1.015631256025039,0.952995192474512,0.0616720519174162,1
2019-09-23 00:00:00+00:00,-0.00012837656914832518,1.0155008727688706,1.0155008727688706,0.0,0
2019-09-24 00:00:00+00:00,0.0,1.0155008727688706,1.0155008727688706,0.0,0
2019-09-25 00:00:00+00:00,0.0,1.0155008727688706,1.0155008727688706,0.0,0
2019-09-26 00:00:00+00:00,0.0,1.0155008727688706,1.0155008727688706,0.0,0
2019-09-27 00:00:00+00:00,0.0,1.0155008727688706,1.0155008727688706,0.0,0
2019-09-28 00:00:00+00:00,0.0,1.0155008727688706,1.0155008727688706,0.0,0
2019-09-29 00:00:00+00:00,0.0,1.0155008727688706,1.0155008727688706,0.0,0
2019-09-30 00:00:00+00:00,0.0,1.0155008727688706,1.0155008727688706,0.0,0
2019-10-01 00:00:00+00:00,0.0,1.0155008727688706,1.0155008727688706,0.0,0
2019-10-02 00:00:00+00:00,0.0,1.0155008727688706,1.0155008727688706,0.0,0
2019-10-03 00:00:00+00:00,0.0,1.0155008727688706,1.0155008727688706,0.0,0
2019-10-04 00:00:00+00:00,0.0,1.0155008727688706,1.0155008727688706,0.0,0
2019-10-05 00:00:00+00:00,0.0,1.0155008727688706,1.0155008727688706,0.0,0
2019-10-06 00:00:00+00:00,0.0,1.0155008727688706,1.0155008727688706,0.0,0
2019-10-07 00:00:00+00:00,0.0,1.0155008727688706,1.0155008727688706,0.0,0
2019-10-08 00:00:00+00:00,0.0,1.0155008727688706,1.0155008727688706,0.0,0
2019-10-09 00:00:00+00:00,0.0,1.0155008727688706,1.0155008727688706,0.0,0
2019-10-10 00:00:00+00:00,0.0,1.0155008727688706,1.0155008727688706,0.0,0
2019-10-11 00:00:00+00:00,0.0,1.0155008727688706,1.0155008727688706,0.0,0
2019-10-12 00:00:00+00:00,0.0,1.0155008727688706,1.0155008727688706,0.0,0
2019-10-13 00:00:00+00:00,0.0,1.0155008727688706,1.0155008727688706,0.0,0
2019-10-14 00:00:00+00:00,0.0,1.0155008727688706,1.0155008727688706,0.0,0
2019-10-15 00:00:00+00:00,0.0,1.0155008727688706,1.0155008727688706,0.0,0
2019-10-16 00:00:00+00:00,0.0,1.0155008727688706,1.0155008727688706,0.0,0
2019-10-17 00:00:00+00:00,0.0,1.0155008727688706,1.0155008727688706,0.0,0
2019-10-18 00:00:00+00:00,0.0,1.0155008727688706,1.0155008727688706,0.0,0
2019-10-19 00:00:00+00:00,0.0,1.0155008727688706,1.0155008727688706,0.0,0
2019-10-20 00:00:00+00:00,0.0,1.0155008727688706,1.0155008727688706,0.0,0
2019-10-21 00:00:00+00:00,0.0,1.0155008727688706,1.0155008727688706,0.0,0
2019-10-22 00:00:00+00:00,0.0,1.0155008727688706,1.0155008727688706,0.0,0
2019-10-23 00:00:00+00:00,0.0,1.0155008727688706,1.0155008727688706,0.0,0
2019-10-24 00:00:00+00:00,0.0,1.0155008727688706,1.0155008727688706,0.0,0
2019-10-25 00:00:00+00:00,0.0,1.0155008727688706,1.0155008727688706,0.0,0
2019-10-26 00:00:00+00:00,0.0,1.0155008727688706,1.0155008727688706,0.0,0
2019-10-27 00:00:00+00:00,0.0,1.0155008727688706,1.0155008727688706,0.0,0
2019-10-28 00:00:00+00:00,-0.0018188057368858646,1.013653873955666,0.9639620470831,0.04902248010817492,1
2019-10-29 00:00:00+00:00,0.001078318393017641,1.014746915572106,0.9639620470831,0.05004683208164675,1
2019-10-30 00:00:00+00:00,-0.0013453821299592716,1.013381693205464,0.9639620470831,0.04876706028312293,1
2019-10-31 00:00:00+00:00,-7.388528825869045e-05,1.0133068192069454,0.9639620470831,0.04869677296997247,1
2019-11-01 00:00:00+00:00,0.0004835129243729863,1.0137967661503873,0.9639620470831,0.049156518082535364,1
2019-11-02 00:00:00+00:00,0.0003083594261630296,1.0141093799394434,0.9639620470831,0.049449629249398934,1
2019-11-03 00:00:00+00:00,-0.000504689085026544,1.013597570004365,0.9639620470831,0.048969654614553895,1
2019-11-04 00:00:00+00:00,-8.863771061595749e-05,1.0135077270362738,1.0135077270362738,0.0,0
2019-11-05 00:00:00+00:00,0.0,1.0135077270362738,1.0135077270362738,0.0,0
2019-11-06 00:00:00+00:00,0.0,1.0135077270362738,1.0135077270362738,0.0,0
2019-11-07 00:00:00+00:00,0.0,1.0135077270362738,1.0135077270362738,0.0,0
2019-11-08 00:00:00+00:00,0.0,1.0135077270362738,1.0135077270362738,0.0,0
2019-11-09 00:00:00+00:00,0.0,1.0135077270362738,1.0135077270362738,0.0,0
2019-11-10 00:00:00+00:00,0.0,1.0135077270362738,1.0135077270362738,0.0,0
2019-11-11 00:00:00+00:00,0.0,1.0135077270362738,1.0135077270362738,0.0,0
2019-11-12 00:00:00+00:00,0.0,1.0135077270362738,1.0135077270362738,0.0,0
2019-11-13 00:00:00+00:00,0.0,1.0135077270362738,1.0135077270362738,0.0,0
2019-11-14 00:00:00+00:00,0.0,1.0135077270362738,1.0135077270362738,0.0,0
2019-11-15 00:00:00+00:00,0.0,1.0135077270362738,1.0135077270362738,0.0,0
2019-11-16 00:00:00+00:00,0.0,1.0135077270362738,1.0135077270362738,0.0,0
2019-11-17 00:00:00+00:00,0.0,1.0135077270362738,1.0135077270362738,0.0,0
2019-11-18 00:00:00+00:00,0.0,1.0135077270362738,1.0135077270362738,0.0,0
2019-11-19 00:00:00+00:00,0.0,1.0135077270362738,1.0135077270362738,0.0,0
2019-11-20 00:00:00+00:00,0.0,1.0135077270362738,1.0135077270362738,0.0,0
2019-11-21 00:00:00+00:00,0.0,1.0135077270362738,1.0135077270362738,0.0,0
2019-11-22 00:00:00+00:00,0.0,1.0135077270362738,1.0135077270362738,0.0,0
2019-11-23 00:00:00+00:00,0.0,1.0135077270362738,1.0135077270362738,0.0,0
2019-11-24 00:00:00+00:00,0.0,1.0135077270362738,1.0135077270362738,0.0,0
2019-11-25 00:00:00+00:00,0.0,1.0135077270362738,1.0135077270362738,0.0,0
2019-11-26 00:00:00+00:00,0.0,1.0135077270362738,1.0135077270362738,0.0,0
2019-11-27 00:00:00+00:00,0.0,1.0135077270362738,1.0135077270362738,0.0,0
2019-11-28 00:00:00+00:00,0.0,1.0135077270362738,1.0135077270362738,0.0,0
2019-11-29 00:00:00+00:00,0.0,1.0135077270362738,1.0135077270362738,0.0,0
2019-11-30 00:00:00+00:00,0.0,1.0135077270362738,1.0135077270362738,0.0,0
2019-12-01 00:00:00+00:00,0.0,1.0135077270362738,1.0135077270362738,0.0,0
2019-12-02 00:00:00+00:00,0.0,1.0135077270362738,1.0135077270362738,0.0,0
2019-12-03 00:00:00+00:00,0.0,1.0135077270362738,1.0135077270362738,0.0,0
2019-12-04 00:00:00+00:00,0.0,1.0135077270362738,1.0135077270362738,0.0,0
2019-12-05 00:00:00+00:00,0.0,1.0135077270362738,1.0135077270362738,0.0,0
2019-12-06 00:00:00+00:00,0.0,1.0135077270362738,1.0135077270362738,0.0,0
2019-12-07 00:00:00+00:00,0.0,1.0135077270362738,1.0135077270362738,0.0,0
2019-12-08 00:00:00+00:00,0.0,1.0135077270362738,1.0135077270362738,0.0,0
2019-12-09 00:00:00+00:00,0.0,1.0135077270362738,1.0135077270362738,0.0,0
2019-12-10 00:00:00+00:00,0.0,1.0135077270362738,1.0135077270362738,0.0,0
2019-12-11 00:00:00+00:00,0.0,1.0135077270362738,1.0135077270362738,0.0,0
2019-12-12 00:00:00+00:00,0.0,1.0135077270362738,1.0135077270362738,0.0,0
2019-12-13 00:00:00+00:00,0.0,1.0135077270362738,1.0135077270362738,0.0,0
2019-12-14 00:00:00+00:00,0.0,1.0135077270362738,1.0135077270362738,0.0,0
2019-12-15 00:00:00+00:00,0.0,1.0135077270362738,1.0135077270362738,0.0,0
2019-12-16 00:00:00+00:00,0.0,1.0135077270362738,1.0135077270362738,0.0,0
2019-12-17 00:00:00+00:00,0.0,1.0135077270362738,1.0135077270362738,0.0,0
2019-12-18 00:00:00+00:00,0.0,1.0135077270362738,1.0135077270362738,0.0,0
2019-12-19 00:00:00+00:00,0.0,1.0135077270362738,1.0135077270362738,0.0,0
2019-12-20 00:00:00+00:00,0.0,1.0135077270362738,1.0135077270362738,0.0,0
2019-12-21 00:00:00+00:00,0.0,1.0135077270362738,1.0135077270362738,0.0,0
2019-12-22 00:00:00+00:00,0.0,1.0135077270362738,1.0135077270362738,0.0,0
2019-12-23 00:00:00+00:00,0.0,1.0135077270362738,1.0135077270362738,0.0,0
2019-12-24 00:00:00+00:00,0.0,1.0135077270362738,1.0135077270362738,0.0,0
2019-12-25 00:00:00+00:00,0.0,1.0135077270362738,1.0135077270362738,0.0,0
2019-12-26 00:00:00+00:00,0.0,1.0135077270362738,1.0135077270362738,0.0,0
2019-12-27 00:00:00+00:00,0.0,1.0135077270362738,1.0135077270362738,0.0,0
2019-12-28 00:00:00+00:00,0.0,1.0135077270362738,1.0135077270362738,0.0,0
2019-12-29 00:00:00+00:00,0.0,1.0135077270362738,1.0135077270362738,0.0,0
2019-12-30 00:00:00+00:00,0.0,1.0135077270362738,1.0135077270362738,0.0,0
2019-12-31 00:00:00+00:00,0.0,1.0135077270362738,1.0135077270362738,0.0,0
2020-01-01 00:00:00+00:00,0.0,1.0135077270362738,1.0135077270362738,0.0,0
2020-01-02 00:00:00+00:00,0.0,1.0135077270362738,1.0135077270362738,0.0,0
2020-01-03 00:00:00+00:00,0.0,1.0135077270362738,1.0135077270362738,0.0,0
2020-01-04 00:00:00+00:00,0.0,1.0135077270362738,1.0135077270362738,0.0,0
2020-01-05 00:00:00+00:00,0.0,1.0135077270362738,1.0135077270362738,0.0,0
2020-01-06 00:00:00+00:00,0.0,1.0135077270362738,1.0135077270362738,0.0,0
2020-01-07 00:00:00+00:00,0.0,1.0135077270362738,1.0135077270362738,0.0,0
2020-01-08 00:00:00+00:00,0.0,1.0135077270362738,1.0135077270362738,0.0,0
2020-01-09 00:00:00+00:00,0.0,1.0135077270362738,1.0135077270362738,0.0,0
2020-01-10 00:00:00+00:00,0.0,1.0135077270362738,1.0135077270362738,0.0,0
2020-01-11 00:00:00+00:00,0.0,1.0135077270362738,1.0135077270362738,0.0,0
2020-01-12 00:00:00+00:00,0.0,1.0135077270362738,1.0135077270362738,0.0,0
2020-01-13 00:00:00+00:00,0.0,1.0135077270362738,1.0135077270362738,0.0,0
2020-01-14 00:00:00+00:00,0.0,1.0135077270362738,1.0135077270362738,0.0,0
2020-01-15 00:00:00+00:00,0.0,1.0135077270362738,1.0135077270362738,0.0,0
2020-01-16 00:00:00+00:00,0.0,1.0135077270362738,1.0135077270362738,0.0,0
2020-01-17 00:00:00+00:00,0.0,1.0135077270362738,1.0135077270362738,0.0,0
2020-01-18 00:00:00+00:00,0.0,1.0135077270362738,1.0135077270362738,0.0,0
2020-01-19 00:00:00+00:00,0.0,1.0135077270362738,1.0135077270362738,0.0,0
2020-01-20 00:00:00+00:00,0.0,1.0135077270362738,1.0135077270362738,0.0,0
2020-01-21 00:00:00+00:00,0.0,1.0135077270362738,1.0135077270362738,0.0,0
2020-01-22 00:00:00+00:00,0.0,1.0135077270362738,1.0135077270362738,0.0,0
2020-01-23 00:00:00+00:00,0.0,1.0135077270362738,1.0135077270362738,0.0,0
2020-01-24 00:00:00+00:00,0.0,1.0135077270362738,1.0135077270362738,0.0,0
2020-01-25 00:00:00+00:00,0.0,1.0135077270362738,1.0135077270362738,0.0,0
2020-01-26 00:00:00+00:00,0.0,1.0135077270362738,1.0135077270362738,0.0,0
2020-01-27 00:00:00+00:00,0.0,1.0135077270362738,1.0135077270362738,0.0,0
2020-01-28 00:00:00+00:00,0.0,1.0135077270362738,1.0135077270362738,0.0,0
2020-01-29 00:00:00+00:00,0.0,1.0135077270362738,1.0135077270362738,0.0,0
2020-01-30 00:00:00+00:00,0.0,1.0135077270362738,1.0135077270362738,0.0,0
2020-01-31 00:00:00+00:00,0.0,1.0135077270362738,1.0135077270362738,0.0,0
2020-02-01 00:00:00+00:00,0.0,1.0135077270362738,1.0135077270362738,0.0,0
2020-02-02 00:00:00+00:00,0.0,1.0135077270362738,1.0135077270362738,0.0,0
2020-02-03 00:00:00+00:00,0.0,1.0135077270362738,1.0135077270362738,0.0,0
2020-02-04 00:00:00+00:00,0.0,1.0135077270362738,1.0135077270362738,0.0,0
2020-02-05 00:00:00+00:00,0.0,1.0135077270362738,1.0135077270362738,0.0,0
2020-02-06 00:00:00+00:00,0.0,1.0135077270362738,1.0135077270362738,0.0,0
2020-02-07 00:00:00+00:00,0.0,1.0135077270362738,1.0135077270362738,0.0,0
2020-02-08 00:00:00+00:00,0.0,1.0135077270362738,1.0135077270362738,0.0,0
2020-02-09 00:00:00+00:00,0.0,1.0135077270362738,1.0135077270362738,0.0,0
2020-02-10 00:00:00+00:00,-0.001589680346248068,1.0118965737218337,0.9529977007805198,0.05820641602202411,1
2020-02-11 00:00:00+00:00,0.003603789048875816,1.0155432355128073,0.9529977007805198,0.06158825399561118,1
2020-02-12 00:00:00+00:00,0.006393389634262725,1.0220359991078805,0.9869249880813096,0.034353986608317795,1
2020-02-13 00:00:00+00:00,0.0003335338505661145,1.02237688271008,0.9869249880813096,0.03467595485413943,1
2020-02-14 00:00:00+00:00,0.0022187956113006724,1.0246453280505325,1.0246453280505325,0.0,0
2020-02-15 00:00:00+00:00,0.0,1.0246453280505325,1.0246453280505325,0.0,0
2020-02-16 00:00:00+00:00,0.0,1.0246453280505325,1.0246453280505325,0.0,0
2020-02-17 00:00:00+00:00,0.0012947793012483277,1.0259720176124132,0.9838795586206132,0.04102690742945936,1
2020-02-18 00:00:00+00:00,0.0022608069951794985,1.0282915423266898,0.9838795586206132,0.043190070012232865,1
2020-02-19 00:00:00+00:00,-0.003692268820974287,1.0244948135260854,0.9838795586206132,0.03964417815419044,1
2020-02-20 00:00:00+00:00,-0.00022855417082523477,1.0242606609634652,0.9838795586206132,0.03942463464804742,1
2020-02-21 00:00:00+00:00,0.001274979428414147,1.0255665722355276,0.9838795586206132,0.04064778898169928,1
2020-02-22 00:00:00+00:00,-0.0005669575120906822,1.0249851195632496,0.9838795586206132,0.040103568489025125,1
2020-02-23 00:00:00+00:00,0.0019793442259943284,1.027013917941387,0.9838795586206132,0.041999780691614405,1
2020-02-24 00:00:00+00:00,-0.00137102169555825,1.0256058595782491,0.9838795586206132,0.040684538380849934,1
2020-02-25 00:00:00+00:00,-0.0028883080313311105,1.022643593937049,0.9838795586206132,0.03790571372690965,1
2020-02-26 00:00:00+00:00,-0.003201490426785858,1.0193696102610457,1.0193696102610457,0.0,0
2020-02-27 00:00:00+00:00,0.0,1.0193696102610457,1.0193696102610457,0.0,0
2020-02-28 00:00:00+00:00,0.0,1.0193696102610457,1.0193696102610457,0.0,0
2020-02-29 00:00:00+00:00,0.0,1.0193696102610457,1.0193696102610457,0.0,0
2020-03-01 00:00:00+00:00,0.0,1.0193696102610457,1.0193696102610457,0.0,0
2020-03-02 00:00:00+00:00,0.0,1.0193696102610457,1.0193696102610457,0.0,0
2020-03-03 00:00:00+00:00,0.0,1.0193696102610457,1.0193696102610457,0.0,0
2020-03-04 00:00:00+00:00,0.0,1.0193696102610457,1.0193696102610457,0.0,0
2020-03-05 00:00:00+00:00,0.0,1.0193696102610457,1.0193696102610457,0.0,0
2020-03-06 00:00:00+00:00,0.0,1.0193696102610457,1.0193696102610457,0.0,0
2020-03-07 00:00:00+00:00,0.0,1.0193696102610457,1.0193696102610457,0.0,0
2020-03-08 00:00:00+00:00,0.0,1.0193696102610457,1.0193696102610457,0.0,0
2020-03-09 00:00:00+00:00,0.0,1.0193696102610457,1.0193696102610457,0.0,0
2020-03-10 00:00:00+00:00,0.0,1.0193696102610457,1.0193696102610457,0.0,0
2020-03-11 00:00:00+00:00,0.0,1.0193696102610457,1.0193696102610457,0.0,0
2020-03-12 00:00:00+00:00,0.0,1.0193696102610457,1.0193696102610457,0.0,0
2020-03-13 00:00:00+00:00,0.0,1.0193696102610457,1.0193696102610457,0.0,0
2020-03-14 00:00:00+00:00,0.0,1.0193696102610457,1.0193696102610457,0.0,0
2020-03-15 00:00:00+00:00,0.0,1.0193696102610457,1.0193696102610457,0.0,0
2020-03-16 00:00:00+00:00,0.0,1.0193696102610457,1.0193696102610457,0.0,0
2020-03-17 00:00:00+00:00,0.0,1.0193696102610457,1.0193696102610457,0.0,0
2020-03-18 00:00:00+00:00,0.0,1.0193696102610457,1.0193696102610457,0.0,0
2020-03-19 00:00:00+00:00,0.0,1.0193696102610457,1.0193696102610457,0.0,0
2020-03-20 00:00:00+00:00,0.0,1.0193696102610457,1.0193696102610457,0.0,0
2020-03-21 00:00:00+00:00,0.0,1.0193696102610457,1.0193696102610457,0.0,0
2020-03-22 00:00:00+00:00,0.0,1.0193696102610457,1.0193696102610457,0.0,0
2020-03-23 00:00:00+00:00,0.0,1.0193696102610457,1.0193696102610457,0.0,0
2020-03-24 00:00:00+00:00,0.0,1.0193696102610457,1.0193696102610457,0.0,0
2020-03-25 00:00:00+00:00,0.0,1.0193696102610457,1.0193696102610457,0.0,0
2020-03-26 00:00:00+00:00,0.0,1.0193696102610457,1.0193696102610457,0.0,0
2020-03-27 00:00:00+00:00,0.0,1.0193696102610457,1.0193696102610457,0.0,0
2020-03-28 00:00:00+00:00,0.0,1.0193696102610457,1.0193696102610457,0.0,0
2020-03-29 00:00:00+00:00,0.0,1.0193696102610457,1.0193696102610457,0.0,0
2020-03-30 00:00:00+00:00,0.0,1.0193696102610457,1.0193696102610457,0.0,0
2020-03-31 00:00:00+00:00,0.0,1.0193696102610457,1.0193696102610457,0.0,0
2020-04-01 00:00:00+00:00,0.0,1.0193696102610457,1.0193696102610457,0.0,0
2020-04-02 00:00:00+00:00,0.0,1.0193696102610457,1.0193696102610457,0.0,0
2020-04-03 00:00:00+00:00,0.0,1.0193696102610457,1.0193696102610457,0.0,0
2020-04-04 00:00:00+00:00,0.0,1.0193696102610457,1.0193696102610457,0.0,0
2020-04-05 00:00:00+00:00,0.0,1.0193696102610457,1.0193696102610457,0.0,0
2020-04-06 00:00:00+00:00,0.0,1.0193696102610457,1.0193696102610457,0.0,0
2020-04-07 00:00:00+00:00,0.0,1.0193696102610457,1.0193696102610457,0.0,0
2020-04-08 00:00:00+00:00,0.0,1.0193696102610457,1.0193696102610457,0.0,0
2020-04-09 00:00:00+00:00,0.0,1.0193696102610457,1.0193696102610457,0.0,0
2020-04-10 00:00:00+00:00,0.0,1.0193696102610457,1.0193696102610457,0.0,0
2020-04-11 00:00:00+00:00,0.0,1.0193696102610457,1.0193696102610457,0.0,0
2020-04-12 00:00:00+00:00,0.0,1.0193696102610457,1.0193696102610457,0.0,0
2020-04-13 00:00:00+00:00,0.0,1.0193696102610457,1.0193696102610457,0.0,0
2020-04-14 00:00:00+00:00,0.0,1.0193696102610457,1.0193696102610457,0.0,0
2020-04-15 00:00:00+00:00,0.0,1.0193696102610457,1.0193696102610457,0.0,0
2020-04-16 00:00:00+00:00,0.0,1.0193696102610457,1.0193696102610457,0.0,0
2020-04-17 00:00:00+00:00,0.0,1.0193696102610457,1.0193696102610457,0.0,0
2020-04-18 00:00:00+00:00,0.0,1.0193696102610457,1.0193696102610457,0.0,0
2020-04-19 00:00:00+00:00,0.0,1.0193696102610457,1.0193696102610457,0.0,0
2020-04-20 00:00:00+00:00,0.0,1.0193696102610457,1.0193696102610457,0.0,0
2020-04-21 00:00:00+00:00,0.0,1.0193696102610457,1.0193696102610457,0.0,0
2020-04-22 00:00:00+00:00,0.0,1.0193696102610457,1.0193696102610457,0.0,0
2020-04-23 00:00:00+00:00,0.0,1.0193696102610457,1.0193696102610457,0.0,0
2020-04-24 00:00:00+00:00,0.0,1.0193696102610457,1.0193696102610457,0.0,0
2020-04-25 00:00:00+00:00,0.0,1.0193696102610457,1.0193696102610457,0.0,0
2020-04-26 00:00:00+00:00,0.0,1.0193696102610457,1.0193696102610457,0.0,0
2020-04-27 00:00:00+00:00,0.0,1.0193696102610457,1.0193696102610457,0.0,0
2020-04-28 00:00:00+00:00,0.0,1.0193696102610457,1.0193696102610457,0.0,0
2020-04-29 00:00:00+00:00,0.0,1.0193696102610457,1.0193696102610457,0.0,0
2020-04-30 00:00:00+00:00,0.0,1.0193696102610457,1.0193696102610457,0.0,0
2020-05-01 00:00:00+00:00,0.0,1.0193696102610457,1.0193696102610457,0.0,0
2020-05-02 00:00:00+00:00,0.0,1.0193696102610457,1.0193696102610457,0.0,0
2020-05-03 00:00:00+00:00,0.0,1.0193696102610457,1.0193696102610457,0.0,0
2020-05-04 00:00:00+00:00,0.0,1.0193696102610457,1.0193696102610457,0.0,0
2020-05-05 00:00:00+00:00,0.0,1.0193696102610457,1.0193696102610457,0.0,0
2020-05-06 00:00:00+00:00,0.0,1.0193696102610457,1.0193696102610457,0.0,0
2020-05-07 00:00:00+00:00,0.0,1.0193696102610457,1.0193696102610457,0.0,0
2020-05-08 00:00:00+00:00,0.0,1.0193696102610457,1.0193696102610457,0.0,0
2020-05-09 00:00:00+00:00,0.0,1.0193696102610457,1.0193696102610457,0.0,0
2020-05-10 00:00:00+00:00,0.0,1.0193696102610457,1.0193696102610457,0.0,0
2020-05-11 00:00:00+00:00,0.0,1.0193696102610457,1.0193696102610457,0.0,0
2020-05-12 00:00:00+00:00,0.0,1.0193696102610457,1.0193696102610457,0.0,0
2020-05-13 00:00:00+00:00,0.0,1.0193696102610457,1.0193696102610457,0.0,0
2020-05-14 00:00:00+00:00,0.0,1.0193696102610457,1.0193696102610457,0.0,0
2020-05-15 00:00:00+00:00,0.0,1.0193696102610457,1.0193696102610457,0.0,0
2020-05-16 00:00:00+00:00,0.0,1.0193696102610457,1.0193696102610457,0.0,0
2020-05-17 00:00:00+00:00,0.0,1.0193696102610457,1.0193696102610457,0.0,0
2020-05-18 00:00:00+00:00,0.0,1.0193696102610457,1.0193696102610457,0.0,0
2020-05-19 00:00:00+00:00,0.0,1.0193696102610457,1.0193696102610457,0.0,0
2020-05-20 00:00:00+00:00,0.0,1.0193696102610457,1.0193696102610457,0.0,0
2020-05-21 00:00:00+00:00,0.0,1.0193696102610457,1.0193696102610457,0.0,0
2020-05-22 00:00:00+00:00,0.0,1.0193696102610457,1.0193696102610457,0.0,0
2020-05-23 00:00:00+00:00,0.0,1.0193696102610457,1.0193696102610457,0.0,0
2020-05-24 00:00:00+00:00,0.0,1.0193696102610457,1.0193696102610457,0.0,0
2020-05-25 00:00:00+00:00,0.0,1.0193696102610457,1.0193696102610457,0.0,0
2020-05-26 00:00:00+00:00,0.0,1.0193696102610457,1.0193696102610457,0.0,0
2020-05-27 00:00:00+00:00,0.0,1.0193696102610457,1.0193696102610457,0.0,0
2020-05-28 00:00:00+00:00,0.0,1.0193696102610457,1.0193696102610457,0.0,0
2020-05-29 00:00:00+00:00,0.0,1.0193696102610457,1.0193696102610457,0.0,0
2020-05-30 00:00:00+00:00,0.0,1.0193696102610457,1.0193696102610457,0.0,0
2020-05-31 00:00:00+00:00,0.0,1.0193696102610457,1.0193696102610457,0.0,0
2020-06-01 00:00:00+00:00,0.004150411343139426,1.0236004134543246,0.9817345867179765,0.040900556687999294,1
2020-06-02 00:00:00+00:00,-0.0030929574839151375,1.0204344608949925,1.0204344608949925,0.0,0
2020-06-03 00:00:00+00:00,0.0,1.0204344608949925,1.0204344608949925,0.0,0
2020-06-04 00:00:00+00:00,0.0,1.0204344608949925,1.0204344608949925,0.0,0
2020-06-05 00:00:00+00:00,0.0,1.0204344608949925,1.0204344608949925,0.0,0
2020-06-06 00:00:00+00:00,0.0,1.0204344608949925,1.0204344608949925,0.0,0
2020-06-07 00:00:00+00:00,0.0,1.0204344608949925,1.0204344608949925,0.0,0
2020-06-08 00:00:00+00:00,0.0003486258052811664,1.0207902106806586,0.861396042233261,0.15614782232395644,3
2020-06-09 00:00:00+00:00,-0.0007931825017751803,1.0199805377475633,0.861396042233261,0.1554779622212267,3
2020-06-10 00:00:00+00:00,0.0014983326987736412,1.0215088079393833,0.861396042233261,0.15674144408906876,3
2020-06-11 00:00:00+00:00,-0.010344084954987953,1.0109422340477898,0.861396042233261,0.1479275341141395,3
2020-06-12 00:00:00+00:00,0.0036918807322705582,1.0146745122031093,0.861396042233261,0.1510617130187323,3
2020-06-13 00:00:00+00:00,0.0006939714121219076,1.015378667307187,0.861396042233261,0.15165044335852765,3
2020-06-14 00:00:00+00:00,-0.0027087155572663724,1.0126282953145356,0.861396042233261,0.1493462643509283,3
2020-06-15 00:00:00+00:00,-0.004654101285851753,1.0079154206632224,0.9547559304196188,0.05274201500818769,1
2020-06-16 00:00:00+00:00,0.0005571304149964984,1.0084769609998179,0.9547559304196188,0.053269467382714604,1
2020-06-17 00:00:00+00:00,-0.0003380514281304814,1.0081360439229152,0.9547559304196188,0.05294931554632312,1
2020-06-18 00:00:00+00:00,-0.00044093009203893807,1.0076915264042805,0.9547559304196188,0.052531548194664636,1
2020-06-19 00:00:00+00:00,-0.00042584585888105764,1.0072624051407317,0.9547559304196188,0.0521279007864657,1
2020-06-20 00:00:00+00:00,0.00027278287714871396,1.0075371690776498,0.9547559304196188,0.05238639355245776,1
2020-06-21 00:00:00+00:00,-0.0003596930905369611,1.0071747649194733,0.9547559304196188,0.052045420840191106,1
2020-06-22 00:00:00+00:00,0.005727434436124446,1.0129432923512687,0.899156656738083,0.1123326808839036,2
2020-06-23 00:00:00+00:00,-0.0003361072443749391,1.0126028347725684,0.899156656738083,0.11203422915556574,2
2020-06-24 00:00:00+00:00,-0.003066150036824311,1.009498042553442,0.9142574373806166,0.09434451693628075,2
2020-06-25 00:00:00+00:00,-0.0015291685503870944,1.007954349895092,0.9557904277505064,0.05175226650890981,1
2020-06-26 00:00:00+00:00,-0.0004883445272007014,1.0074621209046526,0.9557904277505064,0.05128896866886431,1
2020-06-27 00:00:00+00:00,-0.001889848189521981,1.005558170439449,1.005558170439449,0.0,0
2020-06-28 00:00:00+00:00,0.0,1.005558170439449,1.005558170439449,0.0,0
2020-06-29 00:00:00+00:00,0.0010968940146773853,1.0066611611780139,0.8774595094946925,0.12834671353777768,2
2020-06-30 00:00:00+00:00,-0.0009988299942143009,1.0056556778162187,0.8774595094946925,0.12747520960643724,2
2020-07-01 00:00:00+00:00,0.0020658487592062347,1.007733210350424,0.8774595094946925,0.12927399783761284,2
2020-07-02 00:00:00+00:00,-0.0022565786849798597,1.0054591810678009,0.8774595094946925,0.12730469220756654,2
2020-07-03 00:00:00+00:00,-0.0006151209946061442,1.0048407020163066,0.8774595094946925,0.12676754859353498,2
2020-07-04 00:00:00+00:00,0.0016702078857078195,1.0065189948806945,0.8774595094946925,0.1282235964173729,2
2020-07-05 00:00:00+00:00,-0.0009154753598783483,1.0055975515416318,0.8774595094946925,0.12742477529951934,2
2020-07-06 00:00:00+00:00,0.005627596760748199,1.0112566490653039,0.8774595094946925,0.1323077971297187,2
2020-07-07 00:00:00+00:00,-0.0012206837873481868,1.0100222244689419,0.8774595094946925,0.13124732482391593,2
2020-07-08 00:00:00+00:00,0.0031134083412085456,1.0131668360874095,0.8926659522759797,0.11893488764078922,2
2020-07-09 00:00:00+00:00,-0.0025005000816626932,1.010633412331035,0.8926659522759797,0.11672626158575374,2
2020-07-10 00:00:00+00:00,0.00030360730128986546,1.0109402480139462,0.8926659522759797,0.1169943485486147,2
2020-07-11 00:00:00+00:00,-0.0008057068637949971,1.0101257265172348,0.8926659522759797,0.11628233115717099,2
2020-07-12 00:00:00+00:00,0.001201377062636677,1.0113392683954519,0.8926659522759797,0.11734273534909241,2
2020-07-13 00:00:00+00:00,-0.000832448590492918,1.010497380446966,0.8225808966027487,0.18596434536138784,3
2020-07-14 00:00:00+00:00,-0.0009545428008012058,1.0095328174472318,0.8225808966027487,0.1851865710688054,3
2020-07-15 00:00:00+00:00,-0.0024735829550147637,1.0070356542774663,0.8225808966027487,0.1831660645690458,3
2020-07-16 00:00:00+00:00,-0.004047296638341691,1.002959882259219,0.8873395945362099,0.1152790752333666,2
2020-07-17 00:00:00+00:00,-5.299686168136475e-06,1.0029545668866038,0.8873395945362099,0.11527438646526997,2
2020-07-18 00:00:00+00:00,0.000683371650809228,1.0036399576046637,0.8873395945362099,0.11587856998641424,2
2020-07-19 00:00:00+00:00,0.0009435013544727422,1.0045868932640667,0.8873395945362099,0.11671195345471923,2
2020-07-20 00:00:00+00:00,-0.0009541038825063852,1.0036284130088884,0.8873395945362099,0.11586840006257243,2
2020-07-21 00:00:00+00:00,0.003582044563882558,1.0072234547098649,0.8873395945362099,0.11902409501393907,2
2020-07-22 00:00:00+00:00,0.0044297957716934455,1.0116852489106891,0.9038004711351203,0.10663867827640225,2
2020-07-23 00:00:00+00:00,0.002084352069212647,1.013793957152648,0.9038004711351203,0.10849688463961296,2
2020-07-24 00:00:00+00:00,0.0006774713971806623,1.0144807735612535,0.9392310919681874,0.0741755620748811,1
2020-07-25 00:00:00+00:00,0.0012646972996515071,1.015763784656125,0.9392310919681874,0.07534497079342795,1
2020-07-26 00:00:00+00:00,0.0014114126315405429,1.01719744649245,0.9584303390833411,0.05777354987643025,1
2020-07-27 00:00:00+00:00,0.01329769784489665,1.030723830784507,0.9034908575203655,0.12344041096566244,2
2020-07-28 00:00:00+00:00,1.988390085805314e-05,1.0307443255949704,0.9034908575203655,0.12345784004306899,2
2020-07-29 00:00:00+00:00,-0.0005329729906152769,1.0301949667091983,0.9034908575203655,0.12299041762315131,2
2020-07-30 00:00:00+00:00,0.0038345704372602096,1.0341453218731556,0.9222201493093986,0.10822963677969948,2
2020-07-31 00:00:00+00:00,0.003725545934109009,1.0379980777723379,0.9222201493093986,0.11153963667390585,2
2020-08-01 00:00:00+00:00,0.006307444259506356,1.0445451927893616,0.9995575251083488,0.043069144342981806,1
2020-08-02 00:00:00+00:00,-0.004191006617878523,1.0401674969737082,1.0401674969737082,0.0,0
2020-08-03 00:00:00+00:00,0.004695260043663163,1.045051353860966,0.8722253824279043,0.16537557775945874,3
2020-08-04 00:00:00+00:00,0.0008147487517158325,1.0459028081470032,0.8722253824279043,0.1660550333800121,3
2020-08-05 00:00:00+00:00,0.006852101110619291,1.053069439940307,0.8863423046594677,0.15832492042527632,3
2020-08-06 00:00:00+00:00,-0.0013485779775467277,1.051649293684776,0.9049931531774684,0.13945346741350703,3
2020-08-07 00:00:00+00:00,-0.0033193196464601504,1.0481585335230623,0.9049931531774684,0.13658752542364702,3
2020-08-08 00:00:00+00:00,0.003901853748851325,1.0522482948264797,0.9049931531774684,0.13994334072386805,3
2020-08-09 00:00:00+00:00,-0.002052379660981485,1.0500886818278754,0.9049931531774684,0.1381745476942397,3
2020-08-10 00:00:00+00:00,0.0015026107863389537,1.0516665564078025,0.9460757362391847,0.1004033260592467,2
2020-08-11 00:00:00+00:00,-0.004202854901809383,1.047246554466135,0.9460757362391847,0.09660649423528056,2
2020-08-12 00:00:00+00:00,0.0017538189584254127,1.0490832353275032,0.9460757362391847,0.09818810902660324,2
2020-08-13 00:00:00+00:00,0.005090504045435429,1.0544235977809364,0.9590187140827513,0.09048060371464299,2
2020-08-14 00:00:00+00:00,0.0011226413482388065,1.055607337310364,0.9590187140827513,0.09150052279260944,2
2020-08-15 00:00:00+00:00,-0.00010551796914304301,1.0554959517679185,0.9590187140827513,0.09140464965646836,2
2020-08-16 00:00:00+00:00,0.00037734523493493377,1.0558942381358114,0.9590187140827513,0.09174737445683434,2
2020-08-17 00:00:00+00:00,0.0014085906432543815,1.0573815608799157,0.9590187140827513,0.09302493105261854,2
2020-08-18 00:00:00+00:00,-0.0022923886836035967,1.0549576313555036,0.9590187140827513,0.09094101452157982,2
2020-08-19 00:00:00+00:00,-0.002141397953776547,1.052698547242398,0.9590187140827513,0.08899017995706944,2
2020-08-20 00:00:00+00:00,0.0012000460841896654,1.0539618340118484,0.9590187140827513,0.0900821233418874,2
2020-08-21 00:00:00+00:00,-0.003934674976232566,1.0498148367576579,0.9590187140827513,0.08648774954955818,2
2020-08-22 00:00:00+00:00,0.0012415921673432084,1.0511182786361368,0.9590187140827513,0.08762055272493967,2
2020-08-23 00:00:00+00:00,-0.0004715382548290403,1.0506226361574098,0.9590187140827513,0.08719012795088298,2
2020-08-24 00:00:00+00:00,0.0033391153449942035,1.0541307863236014,0.9135281783739952,0.13338250791438638,3
2020-08-25 00:00:00+00:00,-0.00750707424427266,1.0462173482474966,0.9484642850472708,0.09343475651973317,2
2020-08-26 00:00:00+00:00,0.0022555286508501027,1.0485771214514852,0.9484642850472708,0.09547493871088268,2
2020-08-27 00:00:00+00:00,0.0012192704436781998,1.049855620543588,0.9484642850472708,0.09657645633579555,2
2020-08-28 00:00:00+00:00,0.000819483260909637,1.0507159596509954,0.9484642850472708,0.09731619060748685,2
2020-08-29 00:00:00+00:00,-0.0005531750090745913,1.0501347298404806,0.9484642850472708,0.09681657210656579,2
2020-08-30 00:00:00+00:00,0.00244763353420252,1.0527050748206688,0.9484642850472708,0.09902183647319811,2
2020-08-31 00:00:00+00:00,-0.0011904858272679952,1.0514518443488017,0.8790099777550351,0.16400357992673015,3
2020-09-01 00:00:00+00:00,0.008857752169421529,1.0607653442041245,0.9041412595112897,0.14765196237660588,3
2020-09-02 00:00:00+00:00,-0.006815524144186957,1.0535356723893845,0.9376820750945128,0.10996646846529602,2
2020-09-03 00:00:00+00:00,-0.007422653947190216,1.0457156416722178,1.0457156416722178,0.0,0
2020-09-04 00:00:00+00:00,0.0,1.0457156416722178,1.0457156416722178,0.0,0
2020-09-05 00:00:00+00:00,0.0,1.0457156416722178,1.0457156416722178,0.0,0
2020-09-06 00:00:00+00:00,0.0,1.0457156416722178,1.0457156416722178,0.0,0
2020-09-07 00:00:00+00:00,-0.0004616864912473373,1.0452328488867717,0.9308896614324618,0.10939494254901329,3
2020-09-08 00:00:00+00:00,-0.0014003724737269296,1.0437691335765555,0.9308896614324618,0.1081460147775241,3
2020-09-09 00:00:00+00:00,0.0029878846666662184,1.0468877953663085,0.9308896614324618,0.11080283335737881,3
2020-09-10 00:00:00+00:00,0.0019510661451018763,1.0489303427015682,0.9308896614324618,0.11253433756629362,3
2020-09-11 00:00:00+00:00,0.0017650826539554743,1.0507817914546782,0.9308896614324618,0.11409802777058066,3
2020-09-12 00:00:00+00:00,0.004777259013112323,1.0558016482387194,0.9399369891766763,0.10974093406212017,3
2020-09-13 00:00:00+00:00,0.0003583336732835285,1.0561799775215917,0.950288847183877,0.1002586042070183,3
2020-09-14 00:00:00+00:00,0.0026012859751491924,1.058927403684352,0.950288847183877,0.10259301640743858,3
2020-09-15 00:00:00+00:00,-0.00301588056441382,1.055733805108455,0.9683835026723061,0.08273894613725624,2
2020-09-16 00:00:00+00:00,0.0009632646328603389,1.056750756144631,0.9683835026723061,0.08362166098155192,2
2020-09-17 00:00:00+00:00,0.001652323302073322,1.0584968500434924,0.9683835026723061,0.08513331652095485,2
2020-09-18 00:00:00+00:00,-0.0003878435812947334,1.0580863188343823,0.9683835026723061,0.08477835367996762,2
2020-09-19 00:00:00+00:00,0.0008349537869782875,1.058969772013243,0.9683835026723061,0.0855418839469991,2
2020-09-20 00:00:00+00:00,-0.0018513368704460298,1.057009262229627,0.9683835026723061,0.08384577384911092,2
2020-09-21 00:00:00+00:00,-0.007440662720408775,1.0491444128170282,0.9459620631034288,0.09834904370938533,3
2020-09-22 00:00:00+00:00,0.0016201790644629899,1.0508442146302726,0.9459620631034288,0.09980751672477478,3
2020-09-23 00:00:00+00:00,-0.004188045338951452,1.046443231415226,0.9459620631034288,0.09602161425986284,3
2020-09-24 00:00:00+00:00,0.006074887688770403,1.0528002565187475,0.9459620631034288,0.10148002221104735,3
2020-09-25 00:00:00+00:00,4.3777320086091365e-05,1.0528463452925638,0.9459620631034288,0.10151935528582211,3
2020-09-26 00:00:00+00:00,0.0015816995009878543,1.05451163183153,0.9459620631034288,0.10293823742803747,3
2020-09-27 00:00:00+00:00,0.0005366256915806389,1.0550775098652414,0.9459620631034288,0.10341936563101349,3
2020-09-28 00:00:00+00:00,-7.145389758955734e-05,1.0550021204649025,0.9459620631034288,0.10335529687222193,3
2020-09-29 00:00:00+00:00,0.002715106236941045,1.0578665633021627,0.9459620631034288,0.10578319050884878,3
2020-09-30 00:00:00+00:00,-3.4752936502235876e-05,1.0578297993326604,0.9459620631034288,0.10575211276880672,3
2020-10-01 00:00:00+00:00,-0.002769413744865168,1.0549002309466606,0.9459620631034288,0.10326869276108831,3
2020-10-02 00:00:00+00:00,-0.0008788972538571471,1.0539730820305884,0.9459620631034288,0.1024798647789611,3
2020-10-03 00:00:00+00:00,0.0005610465521161956,1.054564409994285,0.9459620631034288,0.10298313299938197,3
2020-10-04 00:00:00+00:00,0.0017436753032604724,1.0564032279116895,0.9459620631034288,0.10454451661093671,3
2020-10-05 00:00:00+00:00,0.00046306708919807704,1.056892413479458,0.893166883357037,0.1549122011231119,3
2020-10-06 00:00:00+00:00,-0.00394640544792757,1.0527214875010293,0.893166883357037,0.1515639283878836,3
2020-10-07 00:00:00+00:00,0.0006510296043724662,1.0534068403545516,0.893166883357037,0.15211592602111976,3
2020-10-08 00:00:00+00:00,0.003333271222156098,1.0569181310607279,0.893166883357037,0.15493276431860373,3
2020-10-09 00:00:00+00:00,0.0033423625196735696,1.0604507346083487,0.893166883357037,0.15774787624914405,3
2020-10-10 00:00:00+00:00,0.0026167411495263693,1.063225659682644,0.917039550556858,0.13749302210164874,3
2020-10-11 00:00:00+00:00,0.000985713488738993,1.0642736955569665,0.917039550556858,0.13834236965055902,3
2020-10-12 00:00:00+00:00,0.004347836711050768,1.0689009838011148,0.9302721514676094,0.12969286625644955,3
2020-10-13 00:00:00+00:00,-0.0011006909502973006,1.067724454161481,0.9302721514676094,0.12873387151352386,3
2020-10-14 00:00:00+00:00,-0.00015011752424354263,1.067564170009848,0.9302721514676094,0.12860305956219206,3
2020-10-15 00:00:00+00:00,0.0008077511527062597,1.0684264961987613,0.9302721514676094,0.12930636335084922,3
2020-10-16 00:00:00+00:00,-0.003274289910326633,1.064928158102332,0.9302721514676094,0.12644609461231188,3
2020-10-17 00:00:00+00:00,0.0006647328128901453,1.0656360507923932,0.9302721514676094,0.12702638881645284,3
2020-10-18 00:00:00+00:00,0.002119947182030346,1.0678951429353405,0.9302721514676094,0.12887313176595658,3
2020-10-19 00:00:00+00:00,0.00025461620744260394,1.068167046346581,0.9040407547036764,0.15365227021771613,3
2020-10-20 00:00:00+00:00,-0.0018564655118252782,1.0661840310641704,0.9292310853488596,0.1284515071742507,3
2020-10-21 00:00:00+00:00,0.005924830798615943,1.0725009910484118,0.9822470735299502,0.08415275908531779,2
2020-10-22 00:00:00+00:00,0.003674732831575822,1.076442145652115,0.9822470735299502,0.0875059309992928,2
2020-10-23 00:00:00+00:00,-0.00046289720693959424,1.0759438635894605,0.9822470735299502,0.0870833444292604,2
2020-10-24 00:00:00+00:00,0.00032768489653656196,1.0762964341430798,0.9822470735299502,0.08738239543458982,2
2020-10-25 00:00:00+00:00,-0.0014399896988125382,1.0747465783650452,0.9822470735299502,0.08606634037933816,2
2020-10-26 00:00:00+00:00,0.00016886098275326056,1.0749280611284786,0.8891750145174045,0.17280509582759176,3
2020-10-27 00:00:00+00:00,0.00579472559463734,1.0811569742766938,0.9136909012275543,0.15489524373754898,3
2020-10-28 00:00:00+00:00,-0.006366601752142431,1.0742736783899227,0.9832162866276445,0.08476181963124264,2
2020-10-29 00:00:00+00:00,-0.0008380758952000189,1.0733733555152163,0.9832162866276445,0.08399413719776619,2
2020-10-30 00:00:00+00:00,-0.004254449707064678,1.0688067425572736,1.0299254569872967,0.03637821883210411,1
2020-10-31 00:00:00+00:00,0.0003775824956557816,1.0692103052745021,1.0299254569872967,0.03674192821880801,1
2020-11-01 00:00:00+00:00,0.0009706957695856389,1.0702481831946296,1.0299254569872967,0.037676052004098494,1
2020-11-02 00:00:00+00:00,-0.004878754597456458,1.0650267049504494,0.8762927595682443,0.17721052862330436,3
2020-11-03 00:00:00+00:00,-0.0005635772496206393,1.0644264801293009,0.9275805004395958,0.1285631109751063,2
2020-11-04 00:00:00+00:00,0.0027276855707789593,1.0673299008803045,0.9275805004395958,0.13093365071609742,2
2020-11-05 00:00:00+00:00,0.00847000571548473,1.0763701912410686,0.969497517956614,0.09928988572345082,2
2020-11-06 00:00:00+00:00,0.004660833573169265,1.0813869735655637,0.9859950862365251,0.08821253599394784,2
2020-11-07 00:00:00+00:00,-0.003366095008935144,1.0777469222711171,1.0444096720334544,0.03093235484951488,1
2020-11-08 00:00:00+00:00,0.0013568131570440567,1.0792092234752184,1.0444096720334544,0.03224541700051847,1
2020-11-09 00:00:00+00:00,-0.0019363847393315536,1.0771194592043352,0.9360832929882156,0.13093827709723355,3
2020-11-10 00:00:00+00:00,0.0005306967213225544,1.0776910829698076,0.9360832929882156,0.13139924067234698,3
2020-11-11 00:00:00+00:00,0.0018855063275970974,1.0797230763259422,0.9360832929882156,0.13303391071949752,3
2020-11-12 00:00:00+00:00,0.0014677663258919615,1.0813078574986619,0.9360832929882156,0.1343045493504389,3
2020-11-13 00:00:00+00:00,0.001943838256595054,1.0834097450792246,0.9360832929882156,0.1359840565955364,3
2020-11-14 00:00:00+00:00,-0.002390659578783927,1.080819681194403,0.9360832929882156,0.1339135387007763,3
2020-11-15 00:00:00+00:00,-0.0017150288682730164,1.078966044239757,0.9360832929882156,0.13242562359987622,3
2020-11-16 00:00:00+00:00,0.003906267463914315,1.083180774193039,0.9360832929882156,0.13580141441709942,3
2020-11-17 00:00:00+00:00,0.005116126730389192,1.0887224643057316,0.9516093269262279,0.12593947665711064,3
2020-11-18 00:00:00+00:00,-0.00022724839288079668,1.0884750538754249,0.9684816734149359,0.11023989942007642,3
2020-11-19 00:00:00+00:00,-0.0003832212989592909,1.088057927051394,0.9684816734149359,0.10989879367958506,3
2020-11-20 00:00:00+00:00,0.0048770652566136885,1.0933644565645995,1.0068169510504354,0.07915705051003782,2
2020-11-21 00:00:00+00:00,0.002630631992628807,1.0962406960836415,1.0068169510504354,0.08157309371260857,2
2020-11-22 00:00:00+00:00,-0.001297233275159182,1.0948186161750981,1.0068169510504354,0.08038013221962624,2
2020-11-23 00:00:00+00:00,0.005394369373497021,1.1007244721877274,0.9567000087582302,0.1308451543220835,3
2020-11-24 00:00:00+00:00,0.0052534196435003455,1.106507039752,1.000171491104745,0.09610020074620396,3
2020-11-25 00:00:00+00:00,-0.005643548965971745,1.1002624130919672,1.065889298630395,0.03124083314359205,1
2020-11-26 00:00:00+00:00,-0.0030184131949165804,1.0969413665064196,1.0969413665064196,0.0,0
2020-11-27 00:00:00+00:00,0.0,1.0969413665064196,1.0969413665064196,0.0,0
2020-11-28 00:00:00+00:00,0.0,1.0969413665064196,1.0969413665064196,0.0,0
2020-11-29 00:00:00+00:00,0.0,1.0969413665064196,1.0969413665064196,0.0,0
2020-11-30 00:00:00+00:00,0.008155670073366483,1.1058876583814736,0.9589105323892245,0.13290421036740568,3
2020-12-01 00:00:00+00:00,-0.006159784039626248,1.0990756292337558,0.9589105323892245,0.12752998348462188,3
2020-12-02 00:00:00+00:00,0.001993949814573348,1.1012671308808686,0.9589105323892245,0.12926618301753684,3
2020-12-03 00:00:00+00:00,0.0023617923830394627,1.1038680952022748,0.9589105323892245,0.13131782995004312,3
2020-12-04 00:00:00+00:00,-0.00741870132765976,1.0956788274988365,0.9589105323892245,0.12482516927138235,3
2020-12-05 00:00:00+00:00,0.004174225494755435,1.100252437994646,0.9589105323892245,0.12846316056616566,3
2020-12-06 00:00:00+00:00,0.0005339783502389395,1.1008399489763327,0.9589105323892245,0.1289282939986761,3
2020-12-07 00:00:00+00:00,-0.001337866995415049,1.0993671715413629,0.9589105323892245,0.12776135470300773,3
2020-12-08 00:00:00+00:00,-0.006854711619139753,1.0918313266168975,0.9589105323892245,0.12174114351484654,3
2020-12-09 00:00:00+00:00,0.00240508616053825,1.094457275030186,0.9589105323892245,0.12384836368986889,3
2020-12-10 00:00:00+00:00,-0.0022813089191390246,1.091960479887043,0.9589105323892245,0.12184502090367015,3
2020-12-11 00:00:00+00:00,-0.001999454060260253,1.089777155071889,0.9589105323892245,0.12008567262912737,3
2020-12-12 00:00:00+00:00,0.004669539537967671,1.0948659125850713,0.9589105323892245,0.12417537036553132,3
2020-12-13 00:00:00+00:00,0.0037983494876325796,1.0990245959631653,0.9589105323892245,0.12748947028901325,3
2020-12-14 00:00:00+00:00,-0.0001143221542868611,1.0988989531037405,1.003157070936815,0.08712528289931593,2
2020-12-15 00:00:00+00:00,0.000542451975729108,1.0994950530119783,1.003157070936815,0.08762020512166308,2
2020-12-16 00:00:00+00:00,0.007226459737472046,1.1074405097441191,1.0171958131319179,0.0814894306449498,2
2020-12-17 00:00:00+00:00,0.0028071824232425158,1.1105492972778594,1.0442526996180153,0.05969712269626214,2
2020-12-18 00:00:00+00:00,0.0009284565227749564,1.1115803940167803,1.0442526996180153,0.06056934321724708,2
2020-12-19 00:00:00+00:00,0.0013592646671385378,1.1130913259710513,1.0778039214270883,0.0317021647016957,1
2020-12-20 00:00:00+00:00,-0.0009563210937626465,1.112026853256741,1.0778039214270883,0.0307752746522493,1
2020-12-21 00:00:00+00:00,-0.006937301614863278,1.1043123875718717,0.9560451563270188,0.1342620375479608,3
2020-12-22 00:00:00+00:00,0.002413050186194754,1.1069771487843192,1.0090144131402445,0.08849571624098768,2
2020-12-23 00:00:00+00:00,-0.0043685906740694724,1.102141218735732,1.0398582398849268,0.05651088788989316,1
2020-12-24 00:00:00+00:00,0.001207530452002059,1.1034720878197621,1.0398582398849268,0.057648805653547144,1
2020-12-25 00:00:00+00:00,0.0023888011873542947,1.1061080632533582,1.0398582398849268,0.059894530714813696,1
2020-12-26 00:00:00+00:00,0.0037014082438939777,1.110202220757322,1.056934101223005,0.04798055573873769,1
2020-12-27 00:00:00+00:00,0.00038124949300955,1.1106254847911237,1.0753972107086631,0.0317193100328379,1
2020-12-28 00:00:00+00:00,0.00611524553968712,1.1174172323332554,0.9870023959368754,0.11671095864886877,3
2020-12-29 00:00:00+00:00,0.0037255354368381788,1.1215802098300467,0.9992537667704785,0.10906615682716478,3
2020-12-30 00:00:00+00:00,0.002166100047866326,1.1240096647762454,0.9992537667704785,0.1109918374506165,3
2020-12-31 00:00:00+00:00,-0.0015440176288349372,1.12227417403885,0.9992537667704785,0.10961707051107174,3
2021-01-01 00:00:00+00:00,0.00041183409826150985,1.1227363648113176,0.9992537667704785,0.10998360960864664,3
2021-01-02 00:00:00+00:00,0.0033032252451363764,1.1264450159151949,1.051484606701517,0.06654599927611664,2
2021-01-03 00:00:00+00:00,0.00850116636901399,1.1360211124010366,1.0960025061532899,0.03522699165613693,1
2021-01-04 00:00:00+00:00,-0.0018189624377336067,1.1339547326691068,1.0694747909646156,0.0568628886558092,2
2021-01-05 00:00:00+00:00,-0.0016941614453214182,1.1320336302802791,1.1049895914407528,0.023889783939396357,1
2021-01-06 00:00:00+00:00,0.00023980094873166102,1.1323050930188165,1.1049895914407528,0.024123799978006226,1
2021-01-07 00:00:00+00:00,0.0007601775058940774,1.1331658458803386,1.1049895914407528,0.024865075612737108,1
2021-01-08 00:00:00+00:00,-0.0006943741050743357,1.1323790048602047,1.1049895914407528,0.02418749667902336,1
2021-01-09 00:00:00+00:00,0.0008519531186947926,1.1333437386849399,1.1049895914407528,0.025018135519138653,1
2021-01-10 00:00:00+00:00,-0.0008243542381288771,1.1324094619706981,1.1049895914407528,0.024213741981833452,1
2021-01-11 00:00:00+00:00,-0.012806840168253841,1.117906874986221,1.117906874986221,0.0,0
2021-01-12 00:00:00+00:00,0.0,1.117906874986221,1.117906874986221,0.0,0
2021-01-13 00:00:00+00:00,0.0,1.117906874986221,1.117906874986221,0.0,0
2021-01-14 00:00:00+00:00,0.0,1.117906874986221,1.117906874986221,0.0,0
2021-01-15 00:00:00+00:00,0.0,1.117906874986221,1.117906874986221,0.0,0
2021-01-16 00:00:00+00:00,0.0,1.117906874986221,1.117906874986221,0.0,0
2021-01-17 00:00:00+00:00,0.0,1.117906874986221,1.117906874986221,0.0,0
2021-01-18 00:00:00+00:00,0.00044287731811176734,1.1184019705849138,1.0325536570477172,0.07675980174847033,3
2021-01-19 00:00:00+00:00,-0.0006636363449212812,1.117659758389002,1.0325536570477172,0.0761466991206314,3
2021-01-20 00:00:00+00:00,-2.34797259428543e-05,1.1176335160441777,1.0325536570477172,0.07612500678898536,3
2021-01-21 00:00:00+00:00,-0.010252530929556358,1.106174943853026,1.062820068800349,0.03919350668137831,2
2021-01-22 00:00:00+00:00,0.0034448120276944216,1.109985508604345,1.062820068800349,0.0424919419563414,2
2021-01-23 00:00:00+00:00,-0.000553973057442203,1.109370606538427,1.062820068800349,0.04196121428106855,2
2021-01-24 00:00:00+00:00,0.0028049464009154423,1.1124823316285184,1.062820068800349,0.04464094522334638,2
2021-01-25 00:00:00+00:00,-0.0013125360848903478,1.111022158424453,1.0313598167503348,0.07170184777150422,3
2021-01-26 00:00:00+00:00,0.0009550902946695583,1.1120832849051272,1.0313598167503348,0.07258761034402109,3
2021-01-27 00:00:00+00:00,-0.0041658031490076075,1.1074505648549107,1.0313598167503348,0.06870803132828293,3
2021-01-28 00:00:00+00:00,0.0046255273528565954,1.1125731077345835,1.0313598167503348,0.07299591408389759,3
2021-01-29 00:00:00+00:00,0.0016486534180639723,1.1144073551914961,1.0313598167503348,0.07452170703493846,3
2021-01-30 00:00:00+00:00,0.0012779832299165683,1.1158315491027266,1.0313598167503348,0.07570294317302476,3
2021-01-31 00:00:00+00:00,-0.0021726107095808578,1.1134072815290579,1.0313598167503348,0.0736904330875636,3
2021-02-01 00:00:00+00:00,0.005747130579989657,1.1198061785647166,1.0405812961211454,0.07074874559552417,3
2021-02-02 00:00:00+00:00,0.003399292629569617,1.1236127274540582,1.0477403687717313,0.06752536423669969,3
2021-02-03 00:00:00+00:00,0.003866363092742242,1.127957022234022,1.0477403687717313,0.07111676409746043,3
2021-02-04 00:00:00+00:00,0.0007125853179448249,1.128760787847339,1.0583496619579844,0.06237913882855173,3
2021-02-05 00:00:00+00:00,0.005064088367093822,1.1344769322223083,1.082343875961376,0.04595338589988749,2
2021-02-06 00:00:00+00:00,4.630928538196244e-05,1.1345294690383219,1.082343875961376,0.045997565070901865,2
2021-02-07 00:00:00+00:00,-0.0010539874367887503,1.1333336892312889,1.082343875961376,0.044990997580331295,2
2021-02-08 00:00:00+00:00,0.011633827673016572,1.1465186980678297,1.0622270971174241,0.07351960425282016,3
2021-02-09 00:00:00+00:00,0.005767597983528994,1.153131356998884,1.1028338306626313,0.04361821056289373,2
2021-02-10 00:00:00+00:00,-0.0007686394072993208,1.152245014796102,1.1113874921397624,0.03545905786675904,2
2021-02-11 00:00:00+00:00,0.0018677360693410971,1.1543971043709553,1.1113874921397624,0.037257207306171554,2
2021-02-12 00:00:00+00:00,0.00012010379440208219,1.154535751843437,1.1113874921397624,0.03737282248278587,2
2021-02-13 00:00:00+00:00,-0.0002689195103181552,1.1542252746544064,1.1113874921397624,0.03711388361987679,2
2021-02-14 00:00:00+00:00,0.0005576963654232436,1.154868981894961,1.1113874921397624,0.03765058239234378,2
2021-02-15 00:00:00+00:00,-0.0024087062170350393,1.1520872417984096,1.0384209738367005,0.09866116370169667,3
2021-02-16 00:00:00+00:00,0.0009708894111399857,1.1532057911021811,1.0384209738367005,0.09953541523215438,3
2021-02-17 00:00:00+00:00,0.010959623807373031,1.165844492745145,1.0485491320571874,0.10060978236623076,3
2021-02-18 00:00:00+00:00,0.005352294531078439,1.1720844358477527,1.0601178781227372,0.09552772334531653,3
2021-02-19 00:00:00+00:00,0.0042223975310069495,1.177033442275808,1.0984012126042129,0.06680543376877958,2
2021-02-20 00:00:00+00:00,-0.0007886578036888636,1.1761051656663544,1.0984012126042129,0.06606888170422771,2
2021-02-21 00:00:00+00:00,0.0012603488592284329,1.1775874684702345,1.0984012126042129,0.06724447906098216,2
2021-02-22 00:00:00+00:00,-0.012948348490582462,1.1623396555503391,1.1248890334077413,0.03222003307188717,1
2021-02-23 00:00:00+00:00,-0.004615875238570988,1.1569744407154752,1.1569744407154752,0.0,0
2021-02-24 00:00:00+00:00,0.0,1.1569744407154752,1.1569744407154752,0.0,0
2021-02-25 00:00:00+00:00,0.0,1.1569744407154752,1.1569744407154752,0.0,0
2021-02-26 00:00:00+00:00,0.0,1.1569744407154752,1.1569744407154752,0.0,0
2021-02-27 00:00:00+00:00,0.0,1.1569744407154752,1.1569744407154752,0.0,0
2021-02-28 00:00:00+00:00,0.0,1.1569744407154752,1.1569744407154752,0.0,0
2021-03-01 00:00:00+00:00,0.009474876663996712,1.1679366308446508,1.0697387374671665,0.0840781004586418,4
2021-03-02 00:00:00+00:00,-0.00396461634768297,1.1633062101849463,1.0697387374671665,0.08043236759039056,4
2021-03-03 00:00:00+00:00,0.0025552717815511272,1.1662787737171352,1.0697387374671665,0.0827761238784092,4
2021-03-04 00:00:00+00:00,-0.0033798810475845764,1.1623368901936484,1.0697387374671665,0.07966550275372818,4
2021-03-05 00:00:00+00:00,-0.0007678226755224449,1.1614444215727615,1.0697387374671665,0.07895830605601642,4
2021-03-06 00:00:00+00:00,0.0025690311314614522,1.164428208449244,1.0697387374671665,0.08131842761537246,4
2021-03-07 00:00:00+00:00,0.004028733743767665,1.1691193796648185,1.0697387374671665,0.08500470005564703,4
2021-03-08 00:00:00+00:00,0.0018746139069936163,1.171311027112874,1.0774165810916956,0.08016183903998207,4
2021-03-09 00:00:00+00:00,0.005936859990144372,1.1782649366857554,1.0866126002671748,0.0777858472784414,4
2021-03-10 00:00:00+00:00,-0.0019398824291696481,1.175979241238172,1.0866126002671748,0.07599338307783769,4
2021-03-11 00:00:00+00:00,0.004081078413570083,1.1807785047343955,1.0913387796519645,0.07574640351583102,4
2021-03-12 00:00:00+00:00,-0.003674965645284911,1.1764391842948057,1.0913387796519645,0.07233727487056889,4
2021-03-13 00:00:00+00:00,0.004879223482476824,1.1821792939885227,1.0913387796519645,0.07684157115463759,4
2021-03-14 00:00:00+00:00,-0.0032901167477261684,1.178289786094556,1.0913387796519645,0.07379424609186419,4
2021-03-15 00:00:00+00:00,-0.002784402961150345,1.175008952525061,1.0913387796519645,0.07120811521758347,4
2021-03-16 00:00:00+00:00,0.00025893546430055814,1.1753132040137404,1.0913387796519645,0.07144855011838548,4
2021-03-17 00:00:00+00:00,0.002194214645803161,1.1778920934593933,1.0913387796519645,0.07348153051373937,4
2021-03-18 00:00:00+00:00,-0.0014158796709012877,1.1762243399897487,1.0913387796519645,0.07216783180878912,4
2021-03-19 00:00:00+00:00,0.000539913390367408,1.1768593992609853,1.0913387796519645,0.07266851049728099,4
2021-03-20 00:00:00+00:00,9.224100703031368e-05,1.176967953957106,1.0913387796519645,0.072754040598341,4
2021-03-21 00:00:00+00:00,-0.0004036141113810121,1.1764929130822457,1.0913387796519645,0.0723796399310127,4
2021-03-22 00:00:00+00:00,-0.0024407498158488528,1.1736213882212927,1.0913387796519645,0.07011001111187434,4
2021-03-23 00:00:00+00:00,-0.0007503331490775755,1.1727407811892439,1.0913387796519645,0.06941175990719096,4
2021-03-24 00:00:00+00:00,-0.002795339638336114,1.1694625723980923,1.0913387796519645,0.0668031577837738,4
2021-03-25 00:00:00+00:00,-0.0017088107496222582,1.1674641821830976,1.0913387796519645,0.06520577135718425,4
2021-03-26 00:00:00+00:00,0.005874538020263831,1.1743224949086284,1.0913387796519645,0.07066518406693782,4
2021-03-27 00:00:00+00:00,0.0030296643997183015,1.1778802979652414,1.0913387796519645,0.0734722521997992,4
2021-03-28 00:00:00+00:00,0.0012976632561048085,1.1794087899480008,1.0972339041583257,0.06967464249041096,4
2021-03-29 00:00:00+00:00,0.005885484622508708,1.1863501822448914,1.0235785697858277,0.1372036814214976,4
2021-03-30 00:00:00+00:00,0.005050460655145583,1.192341797163544,1.0235785697858277,0.14153930339369658,4
2021-03-31 00:00:00+00:00,0.0012946573834204944,1.1938854712748026,1.0363364103520518,0.13196329523511477,4
2021-04-01 00:00:00+00:00,0.003059427159639805,1.1975380769111201,1.0457091788002393,0.1267841925348227,4
2021-04-02 00:00:00+00:00,0.004231987670235249,1.2026060432872452,1.0599381408103756,0.11863228467312224,4
2021-04-03 00:00:00+00:00,-0.00010659630164033818,1.2024778499307005,1.0698223703069647,0.11031843923892713,4
2021-04-04 00:00:00+00:00,0.00519641557655337,1.2087264245605407,1.081177721247466,0.10552321908528464,4
2021-04-05 00:00:00+00:00,0.001745759260924018,1.2108365699101409,1.0920216111395658,0.09812633820548762,4
2021-04-06 00:00:00+00:00,0.0026251602731592882,1.2140152099707575,1.0920216111395658,0.10048770215500873,4
2021-04-07 00:00:00+00:00,-0.0031986035486837316,1.210132056611989,1.0920216111395658,0.0976012864274479,4
2021-04-08 00:00:00+00:00,0.005493496524855868,1.2167799128596037,1.1423045785804171,0.061206906435658626,2
2021-04-09 00:00:00+00:00,-0.0001068722009182066,1.2166498729122834,1.1423045785804171,0.06110656482781418,2
2021-04-10 00:00:00+00:00,0.0018064510344306672,1.2188476913337458,1.1423045785804171,0.06279957151132652,2
2021-04-11 00:00:00+00:00,0.0003500859309073512,1.2192743927624006,1.1423045785804171,0.06312755737254507,2
2021-04-12 00:00:00+00:00,0.0052485056271447394,1.2256737612738475,1.074965496500701,0.1229595260459152,4
2021-04-13 00:00:00+00:00,0.00064168187601088,1.226460253912359,1.0875990515706349,0.11322111898755997,4
2021-04-14 00:00:00+00:00,-0.002295719788857231,1.2236446448372056,1.1523155650513228,0.05829231557285366,2
2021-04-15 00:00:00+00:00,0.0015220308258587778,1.2255070697065449,1.1523155650513228,0.05972344547367498,2
2021-04-16 00:00:00+00:00,-0.003461741422522646,1.2212646811197474,1.1523155650513228,0.056457144085430136,2
2021-04-17 00:00:00+00:00,-0.0011206140002256726,1.2198961148201035,1.1523155650513228,0.055398610543772944,2
2021-04-18 00:00:00+00:00,-0.004060070113148351,1.2149432510631766,1.2149432510631766,0.0,0
2021-04-19 00:00:00+00:00,-0.0015530224551560945,1.213056416912535,1.0519428280245662,0.13281623726787115,4
2021-04-20 00:00:00+00:00,0.007553740417783006,1.2222195301980183,1.0603776610884303,0.13241636638171472,4
2021-04-21 00:00:00+00:00,-0.002683650720661568,1.2189395198749957,1.0603776610884303,0.13008180980367773,4
2021-04-22 00:00:00+00:00,0.0021040957506568425,1.2215042853390723,1.1030233167895962,0.09699594997048035,3
2021-04-23 00:00:00+00:00,-0.0071447774501631756,1.212776909065904,1.212776909065904,0.0,0
2021-04-24 00:00:00+00:00,0.0,1.212776909065904,1.212776909065904,0.0,0
2021-04-25 00:00:00+00:00,0.0,1.212776909065904,1.212776909065904,0.0,0
2021-04-26 00:00:00+00:00,0.005506180309018172,1.2194546774018347,1.0807140180550368,0.11377270670066905,4
2021-04-27 00:00:00+00:00,0.003312996471133589,1.2234947264447744,1.0807140180550368,0.11669907953312499,4
2021-04-28 00:00:00+00:00,0.0015614233876961592,1.2254051197253681,1.103683308114642,0.09933189412331313,4
2021-04-29 00:00:00+00:00,-0.00043108023238602744,1.2248768718015899,1.103683308114642,0.09894346646344326,4
2021-04-30 00:00:00+00:00,0.0034276638176840013,1.229075337936182,1.103683308114642,0.10202143509940868,4
2021-05-01 00:00:00+00:00,0.00516127016119694,1.235418927803735,1.1109161594730623,0.10077777305226124,4
2021-05-02 00:00:00+00:00,-0.0019445543075918836,1.2330165886059938,1.1109161594730623,0.09902577975124745,4
2021-05-03 00:00:00+00:00,0.004820103423207822,1.2389598560856057,1.1228659720236875,0.0937027002865996,4
2021-05-04 00:00:00+00:00,-0.005225120407320594,1.2324861416577217,1.1497914755130574,0.06709581824055086,3
2021-05-05 00:00:00+00:00,0.0046363634035255785,1.238200395300256,1.1497914755130574,0.07140114001155697,3
2021-05-06 00:00:00+00:00,-0.0017706779077705237,1.2360079412149052,1.1497914755130574,0.0697539739243935,3
2021-05-07 00:00:00+00:00,8.102839227075442e-05,1.2361080929512158,1.1497914755130574,0.06982934415717398,3
2021-05-08 00:00:00+00:00,0.002645899929621942,1.2393787112673604,1.1497914755130574,0.07228398788832921,3
2021-05-09 00:00:00+00:00,-0.000540336380171369,1.2387090298608527,1.1497914755130574,0.07178243817095915,3
2021-05-10 00:00:00+00:00,-0.0027569621401142275,1.2352939559629088,1.103352933598645,0.10680941303676669,4
2021-05-11 00:00:00+00:00,0.004599759220041966,1.2409760107263113,1.103352933598645,0.11089906326804744,4
2021-05-12 00:00:00+00:00,-0.010050630172697472,1.2285034197893117,1.1364113661255852,0.07496279797049339,3
2021-05-13 00:00:00+00:00,-0.004806190725596737,1.2225989980467564,1.159242007847123,0.05182156234452472,2
2021-05-14 00:00:00+00:00,0.004327306322653435,1.2278895584210738,1.159242007847123,0.05590694220270401,2
2021-05-15 00:00:00+00:00,-0.005207053532484296,1.2214958717583968,1.159242007847123,0.050965267546632435,2
2021-05-16 00:00:00+00:00,-0.0024298279902904563,1.218527846899174,1.199314008335361,0.015768075069196853,1
2021-05-17 00:00:00+00:00,-2.2054963519924087e-05,1.2185009723119626,1.2185009723119626,0.0,0
2021-05-18 00:00:00+00:00,0.0,1.2185009723119626,1.2185009723119626,0.0,0
2021-05-19 00:00:00+00:00,0.0,1.2185009723119626,1.2185009723119626,0.0,0
2021-05-20 00:00:00+00:00,0.0,1.2185009723119626,1.2185009723119626,0.0,0
2021-05-21 00:00:00+00:00,0.0,1.2185009723119626,1.2185009723119626,0.0,0
2021-05-22 00:00:00+00:00,0.0,1.2185009723119626,1.2185009723119626,0.0,0
2021-05-23 00:00:00+00:00,0.0,1.2185009723119626,1.2185009723119626,0.0,0
2021-05-24 00:00:00+00:00,0.0,1.2185009723119626,1.2185009723119626,0.0,0
2021-05-25 00:00:00+00:00,0.0,1.2185009723119626,1.2185009723119626,0.0,0
2021-05-26 00:00:00+00:00,0.0,1.2185009723119626,1.2185009723119626,0.0,0
2021-05-27 00:00:00+00:00,0.0,1.2185009723119626,1.2185009723119626,0.0,0
2021-05-28 00:00:00+00:00,0.0,1.2185009723119626,1.2185009723119626,0.0,0
2021-05-29 00:00:00+00:00,0.0,1.2185009723119626,1.2185009723119626,0.0,0
2021-05-30 00:00:00+00:00,0.0,1.2185009723119626,1.2185009723119626,0.0,0
2021-05-31 00:00:00+00:00,0.0,1.2185009723119626,1.2185009723119626,0.0,0
2021-06-01 00:00:00+00:00,0.0,1.2185009723119626,1.2185009723119626,0.0,0
2021-06-02 00:00:00+00:00,0.0,1.2185009723119626,1.2185009723119626,0.0,0
2021-06-03 00:00:00+00:00,0.0,1.2185009723119626,1.2185009723119626,0.0,0
2021-06-04 00:00:00+00:00,0.0,1.2185009723119626,1.2185009723119626,0.0,0
2021-06-05 00:00:00+00:00,0.0,1.2185009723119626,1.2185009723119626,0.0,0
2021-06-06 00:00:00+00:00,0.0,1.2185009723119626,1.2185009723119626,0.0,0
2021-06-07 00:00:00+00:00,0.0,1.2185009723119626,1.2185009723119626,0.0,0
2021-06-08 00:00:00+00:00,0.0,1.2185009723119626,1.2185009723119626,0.0,0
2021-06-09 00:00:00+00:00,0.0,1.2185009723119626,1.2185009723119626,0.0,0
2021-06-10 00:00:00+00:00,0.0,1.2185009723119626,1.2185009723119626,0.0,0
2021-06-11 00:00:00+00:00,0.0,1.2185009723119626,1.2185009723119626,0.0,0
2021-06-12 00:00:00+00:00,0.0,1.2185009723119626,1.2185009723119626,0.0,0
2021-06-13 00:00:00+00:00,0.0,1.2185009723119626,1.2185009723119626,0.0,0
2021-06-14 00:00:00+00:00,0.0,1.2185009723119626,1.2185009723119626,0.0,0
2021-06-15 00:00:00+00:00,0.0,1.2185009723119626,1.2185009723119626,0.0,0
2021-06-16 00:00:00+00:00,0.0,1.2185009723119626,1.2185009723119626,0.0,0
2021-06-17 00:00:00+00:00,0.0,1.2185009723119626,1.2185009723119626,0.0,0
2021-06-18 00:00:00+00:00,0.0,1.2185009723119626,1.2185009723119626,0.0,0
2021-06-19 00:00:00+00:00,0.0,1.2185009723119626,1.2185009723119626,0.0,0
2021-06-20 00:00:00+00:00,0.0,1.2185009723119626,1.2185009723119626,0.0,0
2021-06-21 00:00:00+00:00,0.0,1.2185009723119626,1.2185009723119626,0.0,0
2021-06-22 00:00:00+00:00,0.0,1.2185009723119626,1.2185009723119626,0.0,0
2021-06-23 00:00:00+00:00,0.0,1.2185009723119626,1.2185009723119626,0.0,0
2021-06-24 00:00:00+00:00,0.0,1.2185009723119626,1.2185009723119626,0.0,0
2021-06-25 00:00:00+00:00,0.0,1.2185009723119626,1.2185009723119626,0.0,0
2021-06-26 00:00:00+00:00,0.0,1.2185009723119626,1.2185009723119626,0.0,0
2021-06-27 00:00:00+00:00,0.0,1.2185009723119626,1.2185009723119626,0.0,0
2021-06-28 00:00:00+00:00,0.0,1.2185009723119626,1.2185009723119626,0.0,0
2021-06-29 00:00:00+00:00,0.0,1.2185009723119626,1.2185009723119626,0.0,0
2021-06-30 00:00:00+00:00,0.0,1.2185009723119626,1.2185009723119626,0.0,0
2021-07-01 00:00:00+00:00,0.0,1.2185009723119626,1.2185009723119626,0.0,0
2021-07-02 00:00:00+00:00,0.0,1.2185009723119626,1.2185009723119626,0.0,0
2021-07-03 00:00:00+00:00,0.0,1.2185009723119626,1.2185009723119626,0.0,0
2021-07-04 00:00:00+00:00,0.0,1.2185009723119626,1.2185009723119626,0.0,0
2021-07-05 00:00:00+00:00,0.0,1.2185009723119626,1.2185009723119626,0.0,0
2021-07-06 00:00:00+00:00,0.0,1.2185009723119626,1.2185009723119626,0.0,0
2021-07-07 00:00:00+00:00,0.0,1.2185009723119626,1.2185009723119626,0.0,0
2021-07-08 00:00:00+00:00,0.0,1.2185009723119626,1.2185009723119626,0.0,0
2021-07-09 00:00:00+00:00,0.0,1.2185009723119626,1.2185009723119626,0.0,0
2021-07-10 00:00:00+00:00,0.0,1.2185009723119626,1.2185009723119626,0.0,0
2021-07-11 00:00:00+00:00,0.0,1.2185009723119626,1.2185009723119626,0.0,0
2021-07-12 00:00:00+00:00,0.0,1.2185009723119626,1.2185009723119626,0.0,0
2021-07-13 00:00:00+00:00,0.0,1.2185009723119626,1.2185009723119626,0.0,0
2021-07-14 00:00:00+00:00,0.0,1.2185009723119626,1.2185009723119626,0.0,0
2021-07-15 00:00:00+00:00,0.0,1.2185009723119626,1.2185009723119626,0.0,0
2021-07-16 00:00:00+00:00,0.0,1.2185009723119626,1.2185009723119626,0.0,0
2021-07-17 00:00:00+00:00,0.0,1.2185009723119626,1.2185009723119626,0.0,0
2021-07-18 00:00:00+00:00,0.0,1.2185009723119626,1.2185009723119626,0.0,0
2021-07-19 00:00:00+00:00,0.0,1.2185009723119626,1.2185009723119626,0.0,0
2021-07-20 00:00:00+00:00,0.0,1.2185009723119626,1.2185009723119626,0.0,0
2021-07-21 00:00:00+00:00,0.0,1.2185009723119626,1.2185009723119626,0.0,0
2021-07-22 00:00:00+00:00,0.0,1.2185009723119626,1.2185009723119626,0.0,0
2021-07-23 00:00:00+00:00,0.0,1.2185009723119626,1.2185009723119626,0.0,0
2021-07-24 00:00:00+00:00,0.0,1.2185009723119626,1.2185009723119626,0.0,0
2021-07-25 00:00:00+00:00,0.0,1.2185009723119626,1.2185009723119626,0.0,0
2021-07-26 00:00:00+00:00,0.0,1.2185009723119626,1.2185009723119626,0.0,0
2021-07-27 00:00:00+00:00,0.0,1.2185009723119626,1.2185009723119626,0.0,0
2021-07-28 00:00:00+00:00,0.0,1.2185009723119626,1.2185009723119626,0.0,0
2021-07-29 00:00:00+00:00,0.0,1.2185009723119626,1.2185009723119626,0.0,0
2021-07-30 00:00:00+00:00,0.0,1.2185009723119626,1.2185009723119626,0.0,0
2021-07-31 00:00:00+00:00,0.0,1.2185009723119626,1.2185009723119626,0.0,0
2021-08-01 00:00:00+00:00,0.0,1.2185009723119626,1.2185009723119626,0.0,0
2021-08-02 00:00:00+00:00,0.0,1.2185009723119626,1.2185009723119626,0.0,0
2021-08-03 00:00:00+00:00,0.0,1.2185009723119626,1.2185009723119626,0.0,0
2021-08-04 00:00:00+00:00,0.0,1.2185009723119626,1.2185009723119626,0.0,0
2021-08-05 00:00:00+00:00,0.0,1.2185009723119626,1.2185009723119626,0.0,0
2021-08-06 00:00:00+00:00,0.0,1.2185009723119626,1.2185009723119626,0.0,0
2021-08-07 00:00:00+00:00,0.0,1.2185009723119626,1.2185009723119626,0.0,0
2021-08-08 00:00:00+00:00,0.0,1.2185009723119626,1.2185009723119626,0.0,0
2021-08-09 00:00:00+00:00,0.0,1.2185009723119626,1.2185009723119626,0.0,0
2021-08-10 00:00:00+00:00,0.0,1.2185009723119626,1.2185009723119626,0.0,0
2021-08-11 00:00:00+00:00,0.0,1.2185009723119626,1.2185009723119626,0.0,0
2021-08-12 00:00:00+00:00,0.0,1.2185009723119626,1.2185009723119626,0.0,0
2021-08-13 00:00:00+00:00,0.0,1.2185009723119626,1.2185009723119626,0.0,0
2021-08-14 00:00:00+00:00,0.0,1.2185009723119626,1.2185009723119626,0.0,0
2021-08-15 00:00:00+00:00,0.0,1.2185009723119626,1.2185009723119626,0.0,0
2021-08-16 00:00:00+00:00,0.004433595189781148,1.2239033123615486,1.152737504493013,0.05814659307622886,2
2021-08-17 00:00:00+00:00,-0.0019678632047112066,1.221494838067028,1.1773131533775294,0.03617017715720729,1
2021-08-18 00:00:00+00:00,3.3987754955555616e-05,1.2215363539342639,1.1773131533775294,0.03620293445569794,1
2021-08-19 00:00:00+00:00,0.0020364338278191507,1.2240239318873265,1.1773131533775294,0.03816165459916595,1
2021-08-20 00:00:00+00:00,0.0012068887536074158,1.2255011926048676,1.1773131533775294,0.03932108717488225,1
2021-08-21 00:00:00+00:00,-0.0007348717864802401,1.2246006063541244,1.1773131533775294,0.03861459216272884,1
2021-08-22 00:00:00+00:00,0.00017453911138476386,1.2248143470557586,1.1773131533775294,0.038782362235071685,1
2021-08-23 00:00:00+00:00,0.00699995252725194,1.233387989339846,1.0448990138709988,0.1528221266121891,4
2021-08-24 00:00:00+00:00,-0.007452438381536863,1.2241962413487633,1.0448990138709988,0.1464611811585232,4
2021-08-25 00:00:00+00:00,0.004844356646776182,1.2301266845474996,1.0448990138709988,0.15057609350587858,4
2021-08-26 00:00:00+00:00,-0.0045195360123497785,1.2245670826969348,1.0448990138709988,0.14671966229097277,4
2021-08-27 00:00:00+00:00,0.010193747894757355,1.237050010818166,1.054456696106891,0.14760382613028755,4
2021-08-28 00:00:00+00:00,0.001084011055405787,1.2383909867059826,1.054456696106891,0.14852683245728518,4
2021-08-29 00:00:00+00:00,-0.0013849802094142438,1.2366758396978779,1.054456696106891,0.14734592343576736,4
2021-08-30 00:00:00+00:00,0.0009527164178897429,1.2378540410739656,1.0907695223043283,0.11882218249417054,3
2021-08-31 00:00:00+00:00,0.00156648913069235,1.2397931259746915,1.1313699328131586,0.0874526490669914,2
2021-09-01 00:00:00+00:00,0.006076187685470691,1.2473263416992701,1.1449953916184485,0.08204023811556248,2
2021-09-02 00:00:00+00:00,6.976700969851812e-05,1.2474133639282488,1.1449953916184485,0.08210427695537452,2
2021-09-03 00:00:00+00:00,0.0020875680353213966,1.2500174241936182,1.1449953916184485,0.08401645492495345,2
2021-09-04 00:00:00+00:00,-0.0005453105433538274,1.2493357765128295,1.1449953916184485,0.08351668691151855,2
2021-09-05 00:00:00+00:00,0.00238887539945587,1.252320284015001,1.1449953916184485,0.08570083369764117,2
2021-09-06 00:00:00+00:00,0.0029049959156426386,1.255958269325141,1.1243275010013083,0.10480504929081856,3
2021-09-07 00:00:00+00:00,-0.008343281756434062,1.245479455609838,1.2156801293685546,0.023925987784914962,1
2021-09-08 00:00:00+00:00,0.0026627514937838104,1.24879585789074,1.2269185094199688,0.01751875483293393,1
2021-09-09 00:00:00+00:00,-0.0002861402736820118,1.2484385271021903,1.2269185094199688,0.017237546915643883,1
2021-09-10 00:00:00+00:00,-0.001736150955545801,1.2462710493604217,1.2462710493604217,0.0,0
2021-09-11 00:00:00+00:00,0.0,1.2462710493604217,1.2462710493604217,0.0,0
2021-09-12 00:00:00+00:00,0.0,1.2462710493604217,1.2462710493604217,0.0,0
2021-09-13 00:00:00+00:00,-0.0031496984537083828,1.2423456713633496,1.1415268416270186,0.08115199502059083,3
2021-09-14 00:00:00+00:00,0.00138828456487472,1.2440704006831422,1.1415268416270186,0.08242584905148062,3
2021-09-15 00:00:00+00:00,0.0030154464831302352,1.2478218283976485,1.1415268416270186,0.08518442645543821,3
2021-09-16 00:00:00+00:00,-0.0016955112298819852,1.2457061324747085,1.1415268416270186,0.08363071203697806,3
2021-09-17 00:00:00+00:00,-0.00349569306657993,1.2413515261844206,1.1415268416270186,0.08041612907524763,3
2021-09-18 00:00:00+00:00,0.0031154585563057946,1.2452189054180551,1.1415268416270186,0.08327215667852739,3
2021-09-19 00:00:00+00:00,-0.003084966368842923,1.241377446972993,1.1415268416270186,0.08043533059945036,3
2021-09-20 00:00:00+00:00,-0.009029032128504255,1.2301690101206733,1.1415268416270186,0.07205690255923405,3
2021-09-21 00:00:00+00:00,-0.0024165613786023554,1.2271962312016622,1.2271962312016622,0.0,0
2021-09-22 00:00:00+00:00,0.0,1.2271962312016622,1.2271962312016622,0.0,0
2021-09-23 00:00:00+00:00,0.0,1.2271962312016622,1.2271962312016622,0.0,0
2021-09-24 00:00:00+00:00,0.0,1.2271962312016622,1.2271962312016622,0.0,0
2021-09-25 00:00:00+00:00,0.0,1.2271962312016622,1.2271962312016622,0.0,0
2021-09-26 00:00:00+00:00,0.0,1.2271962312016622,1.2271962312016622,0.0,0
2021-09-27 00:00:00+00:00,0.0,1.2271962312016622,1.2271962312016622,0.0,0
2021-09-28 00:00:00+00:00,0.0,1.2271962312016622,1.2271962312016622,0.0,0
2021-09-29 00:00:00+00:00,0.0,1.2271962312016622,1.2271962312016622,0.0,0
2021-09-30 00:00:00+00:00,0.0,1.2271962312016622,1.2271962312016622,0.0,0
2021-10-01 00:00:00+00:00,0.0,1.2271962312016622,1.2271962312016622,0.0,0
2021-10-02 00:00:00+00:00,0.0,1.2271962312016622,1.2271962312016622,0.0,0
2021-10-03 00:00:00+00:00,0.0,1.2271962312016622,1.2271962312016622,0.0,0
2021-10-04 00:00:00+00:00,-0.0016651455895219103,1.225152770809799,1.110331442343053,0.0937200088041685,3
2021-10-05 00:00:00+00:00,0.002323174223299862,1.2279990141465487,1.110331442343053,0.09582057513724782,3
2021-10-06 00:00:00+00:00,-0.0015080274157917017,1.2261471579666505,1.110331442343053,0.09445498843357236,3
2021-10-07 00:00:00+00:00,0.0004943886305501799,1.2267533511809305,1.110331442343053,0.09490245836769412,3
2021-10-08 00:00:00+00:00,-0.0013161715579371736,1.225138733311502,1.110331442343053,0.09370962475256121,3
2021-10-09 00:00:00+00:00,7.863908069039027e-05,1.2252350770952078,1.110331442343053,0.09378088899035499,3
2021-10-10 00:00:00+00:00,-0.004416548248608043,1.21982376726133,1.110331442343053,0.0897607735288696,3
2021-10-11 00:00:00+00:00,0.0008041931542916991,1.2208047411844039,1.1539488350485063,0.05476379954998791,2
2021-10-12 00:00:00+00:00,0.0005304533143244416,1.2214523211055082,1.1539488350485063,0.055264937395105275,2
2021-10-13 00:00:00+00:00,0.0005609196662486049,1.2221374577338013,1.1539488350485063,0.055794560794934306,2
2021-10-14 00:00:00+00:00,0.0020800478323999005,1.2246795621036553,1.1539488350485063,0.05775447655356762,2
2021-10-15 00:00:00+00:00,0.002561185381295239,1.2278161934948861,1.1539488350485063,0.0601615769833773,2
2021-10-16 00:00:00+00:00,-0.0009314410026811659,1.2266725551485091,1.1657646771958063,0.04965292302095145,2
2021-10-17 00:00:00+00:00,0.0004751700422005456,1.2272554331983052,1.1657646771958063,0.050104285007930315,2
2021-10-18 00:00:00+00:00,-0.0008494140364940783,1.226212985206983,1.1005210696048813,0.10250414660295333,3
2021-10-19 00:00:00+00:00,0.002751867309461087,1.2295873606354106,1.1005210696048813,0.10496715822113858,3
2021-10-20 00:00:00+00:00,0.006410253591333737,1.2374693274297823,1.1005210696048813,0.11066800185612835,3
2021-10-21 00:00:00+00:00,-0.002191088879365477,1.234757922147895,1.1005210696048813,0.108715117461652,3
2021-10-22 00:00:00+00:00,-0.0006582384574168598,1.2339451569979372,1.109247039104848,0.10105645067441,3
2021-10-23 00:00:00+00:00,0.0020901885360387062,1.2365243350191948,1.109247039104848,0.10293149298381672,3
2021-10-24 00:00:00+00:00,-0.0005482999986289316,1.2358463487279991,1.109247039104848,0.10243936048640202,3
2021-10-25 00:00:00+00:00,0.003681848114161612,1.2403965472764569,1.109247039104848,0.10573191973129428,3
2021-10-26 00:00:00+00:00,-0.003986989155883247,1.2354510996934707,1.109247039104848,0.10215221033024735,3
2021-10-27 00:00:00+00:00,-0.004729194979527063,1.229608410555349,1.109247039104848,0.0978859370327016,3
2021-10-28 00:00:00+00:00,0.005650493766141906,1.2365563052139878,1.109247039104848,0.1029546859874762,3
2021-10-29 00:00:00+00:00,0.0029305835645587752,1.2401801367986995,1.122593808550572,0.09481391030149487,3
2021-10-30 00:00:00+00:00,-0.0012793223166525092,1.2385935466730238,1.122593808550572,0.09365440215156758,3
2021-10-31 00:00:00+00:00,3.475043710587933e-05,1.2386365883401673,1.122593808550572,0.09368589696280337,3
2021-11-01 00:00:00+00:00,-1.7801714825349535e-05,1.2386145384848495,1.0796225058536348,0.12836280189775873,3
2021-11-02 00:00:00+00:00,0.007394390759566161,1.2477733383828862,1.0796225058536348,0.1347607192402225,3
2021-11-03 00:00:00+00:00,0.0029830888728514804,1.251495557144457,1.090856865980909,0.12835738029312552,3
2021-11-04 00:00:00+00:00,-0.0015728646540745794,1.2495271240178931,1.090856865980909,0.1269842446691153,3
2021-11-05 00:00:00+00:00,-0.002251502901738922,1.2467138100723654,1.090856865980909,0.12501421162761464,3
2021-11-06 00:00:00+00:00,0.003484900890321052,1.2510584841390622,1.090856865980909,0.12805286098866817,3
2021-11-07 00:00:00+00:00,0.001488490417778765,1.252920672704784,1.090856865980909,0.12934881693189265,3
2021-11-08 00:00:00+00:00,0.0052378856917756345,1.2594833279692743,1.1239072981236324,0.10764416394795602,3
2021-11-09 00:00:00+00:00,-0.0019952517681385284,1.2569703416322027,1.1239072981236324,0.10586012979095831,3
2021-11-10 00:00:00+00:00,-0.0027777495181273704,1.2534787928714335,1.1239072981236324,0.10336951489301416,3
2021-11-11 00:00:00+00:00,0.0006564179724597441,1.2543015988791715,1.1239072981236324,0.10395769316730342,3
2021-11-12 00:00:00+00:00,-0.0013841098517053396,1.252565507679153,1.1239072981236324,0.10271575320152973,3
2021-11-13 00:00:00+00:00,0.0015057847562247595,1.2544516017267893,1.1239072981236324,0.10406483870996604,3
2021-11-14 00:00:00+00:00,0.00024610197298402525,1.254760324740987,1.1239072981236324,0.10428527587080494,3
2021-11-15 00:00:00+00:00,-0.003605618784882525,1.2502361373435757,1.0496037555961115,0.16047558997435124,4
2021-11-16 00:00:00+00:00,-0.01181334276649082,1.2354666693140826,1.2039662521509238,0.025496776194413595,1
2021-11-17 00:00:00+00:00,-1.1640237488452776e-05,1.2354522881886427,1.2039662521509238,0.025485432613413395,1
2021-11-18 00:00:00+00:00,-0.0019573357016555715,1.233034093317279,1.233034093317279,0.0,0
2021-11-19 00:00:00+00:00,0.0,1.233034093317279,1.233034093317279,0.0,0
2021-11-20 00:00:00+00:00,0.0,1.233034093317279,1.233034093317279,0.0,0
2021-11-21 00:00:00+00:00,0.0,1.233034093317279,1.233034093317279,0.0,0
2021-11-22 00:00:00+00:00,-0.007510790456404903,1.2237730326167697,1.036825047161268,0.15276360932366237,4
2021-11-23 00:00:00+00:00,0.006489743999347208,1.2317150063117575,1.036825047161268,0.15822650381931055,4
2021-11-24 00:00:00+00:00,-0.0030873940380495846,1.2279122167446943,1.036825047161268,0.15561956870989968,4
2021-11-25 00:00:00+00:00,0.007760214949754651,1.2374410794860629,1.036825047161268,0.1621216845396107,4
2021-11-26 00:00:00+00:00,-0.015190755120558563,1.2186434150714704,1.0653228865512623,0.1258124621394818,3
2021-11-27 00:00:00+00:00,0.0022188412161496807,1.2213473913086204,1.0653228865512623,0.12774785115820703,3
2021-11-28 00:00:00+00:00,0.00502589622522609,1.227485756552288,1.0653228865512623,0.13210977735212368,3
2021-11-29 00:00:00+00:00,0.003107367053108989,1.2313000053503593,1.0345565545552067,0.15978514573235178,4
2021-11-30 00:00:00+00:00,0.001970143935874802,1.233725843589143,1.049652967239802,0.14920079473559367,4
2021-12-01 00:00:00+00:00,0.0027797279003636266,1.2371552657379674,1.049652967239802,0.15155922921794257,4
2021-12-02 00:00:00+00:00,-0.0009493855951888674,1.2359807283496638,1.0588451430475478,0.14331581491455392,4
2021-12-03 00:00:00+00:00,-0.008795614719242617,1.2251095180626912,1.156014027053854,0.05639944020523185,2
2021-12-04 00:00:00+00:00,-0.006832472175427928,1.216738991368676,1.216738991368676,0.0,0
2021-12-05 00:00:00+00:00,0.0,1.216738991368676,1.216738991368676,0.0,0
2021-12-06 00:00:00+00:00,0.0,1.216738991368676,1.216738991368676,0.0,0
2021-12-07 00:00:00+00:00,0.0,1.216738991368676,1.216738991368676,0.0,0
2021-12-08 00:00:00+00:00,0.0,1.216738991368676,1.216738991368676,0.0,0
2021-12-09 00:00:00+00:00,0.0,1.216738991368676,1.216738991368676,0.0,0
2021-12-10 00:00:00+00:00,0.0,1.216738991368676,1.216738991368676,0.0,0
2021-12-11 00:00:00+00:00,0.0,1.216738991368676,1.216738991368676,0.0,0
2021-12-12 00:00:00+00:00,0.0,1.216738991368676,1.216738991368676,0.0,0
2021-12-13 00:00:00+00:00,-0.01032931716674701,1.204170908417681,1.068142145008908,0.11296466511345911,4
2021-12-14 00:00:00+00:00,0.0029790926416031205,1.2077582451101807,1.068142145008908,0.11559937650314785,4
2021-12-15 00:00:00+00:00,0.004520065814184848,1.2132173918657032,1.068142145008908,0.11957893764916812,4
2021-12-16 00:00:00+00:00,-0.0024252263773223426,1.2102750650455243,1.068142145008908,0.11743852628350249,4
2021-12-17 00:00:00+00:00,-0.0019474461422965827,1.2079181195389836,1.068142145008908,0.11571643165964167,4
2021-12-18 00:00:00+00:00,0.0025586877118179974,1.2110088047883303,1.068142145008908,0.1179732626340348,4
2021-12-19 00:00:00+00:00,-0.000975844846797469,1.2098270480867512,1.068142145008908,0.1171117006368035,4
2021-12-20 00:00:00+00:00,-0.00023798761868543128,1.2095391242285558,1.2095391242285558,0.0,0
2021-12-21 00:00:00+00:00,0.0,1.2095391242285558,1.2095391242285558,0.0,0
2021-12-22 00:00:00+00:00,0.0,1.2095391242285558,1.2095391242285558,0.0,0
2021-12-23 00:00:00+00:00,0.0,1.2095391242285558,1.2095391242285558,0.0,0
2021-12-24 00:00:00+00:00,0.0,1.2095391242285558,1.2095391242285558,0.0,0
2021-12-25 00:00:00+00:00,0.0,1.2095391242285558,1.2095391242285558,0.0,0
2021-12-26 00:00:00+00:00,0.0,1.2095391242285558,1.2095391242285558,0.0,0
2021-12-27 00:00:00+00:00,0.0004303925494406613,1.2100597008558809,0.9924012355247723,0.1798741542893774,4
2021-12-28 00:00:00+00:00,-0.011700296546699573,1.1959016435166565,0.9924012355247723,0.1701648367950001,4
2021-12-29 00:00:00+00:00,-0.005833821435714981,1.1889249668737023,0.9924012355247723,0.16529531873293254,4
2021-12-30 00:00:00+00:00,-0.0010473108996156277,1.1876797927970704,1.1320718804090133,0.04682062684344942,1
2021-12-31 00:00:00+00:00,-0.0006411310522441704,1.1869183344017853,1.1320718804090133,0.04620912189414873,1
2022-01-01 00:00:00+00:00,0.0014366934652267904,1.1886235722165783,1.1320718804090133,0.04757746113187524,1
2022-01-02 00:00:00+00:00,0.0003338452611185705,1.1890203885634167,1.1320718804090133,0.04789531676846111,1
2022-01-03 00:00:00+00:00,-9.579063353670758e-05,1.1889064915471081,1.1889064915471081,0.0,0
2022-01-04 00:00:00+00:00,0.0,1.1889064915471081,1.1889064915471081,0.0,0
2022-01-05 00:00:00+00:00,0.0,1.1889064915471081,1.1889064915471081,0.0,0
2022-01-06 00:00:00+00:00,0.0,1.1889064915471081,1.1889064915471081,0.0,0
2022-01-07 00:00:00+00:00,0.0,1.1889064915471081,1.1889064915471081,0.0,0
2022-01-08 00:00:00+00:00,0.0,1.1889064915471081,1.1889064915471081,0.0,0
2022-01-09 00:00:00+00:00,0.0,1.1889064915471081,1.1889064915471081,0.0,0
2022-01-10 00:00:00+00:00,0.0,1.1889064915471081,1.1889064915471081,0.0,0
2022-01-11 00:00:00+00:00,0.0,1.1889064915471081,1.1889064915471081,0.0,0
2022-01-12 00:00:00+00:00,0.0,1.1889064915471081,1.1889064915471081,0.0,0
2022-01-13 00:00:00+00:00,0.0,1.1889064915471081,1.1889064915471081,0.0,0
2022-01-14 00:00:00+00:00,0.0,1.1889064915471081,1.1889064915471081,0.0,0
2022-01-15 00:00:00+00:00,0.0,1.1889064915471081,1.1889064915471081,0.0,0
2022-01-16 00:00:00+00:00,0.0,1.1889064915471081,1.1889064915471081,0.0,0
2022-01-17 00:00:00+00:00,0.0,1.1889064915471081,1.1889064915471081,0.0,0
2022-01-18 00:00:00+00:00,0.0,1.1889064915471081,1.1889064915471081,0.0,0
2022-01-19 00:00:00+00:00,0.0,1.1889064915471081,1.1889064915471081,0.0,0
2022-01-20 00:00:00+00:00,0.0,1.1889064915471081,1.1889064915471081,0.0,0
2022-01-21 00:00:00+00:00,0.0,1.1889064915471081,1.1889064915471081,0.0,0
2022-01-22 00:00:00+00:00,0.0,1.1889064915471081,1.1889064915471081,0.0,0
2022-01-23 00:00:00+00:00,0.0,1.1889064915471081,1.1889064915471081,0.0,0
2022-01-24 00:00:00+00:00,0.0,1.1889064915471081,1.1889064915471081,0.0,0
2022-01-25 00:00:00+00:00,0.0,1.1889064915471081,1.1889064915471081,0.0,0
2022-01-26 00:00:00+00:00,0.0,1.1889064915471081,1.1889064915471081,0.0,0
2022-01-27 00:00:00+00:00,0.0,1.1889064915471081,1.1889064915471081,0.0,0
2022-01-28 00:00:00+00:00,0.0,1.1889064915471081,1.1889064915471081,0.0,0
2022-01-29 00:00:00+00:00,0.0,1.1889064915471081,1.1889064915471081,0.0,0
2022-01-30 00:00:00+00:00,0.0,1.1889064915471081,1.1889064915471081,0.0,0
2022-01-31 00:00:00+00:00,0.0,1.1889064915471081,1.1889064915471081,0.0,0
2022-02-01 00:00:00+00:00,0.0,1.1889064915471081,1.1889064915471081,0.0,0
2022-02-02 00:00:00+00:00,0.0,1.1889064915471081,1.1889064915471081,0.0,0
2022-02-03 00:00:00+00:00,0.0,1.1889064915471081,1.1889064915471081,0.0,0
2022-02-04 00:00:00+00:00,0.0,1.1889064915471081,1.1889064915471081,0.0,0
2022-02-05 00:00:00+00:00,0.0,1.1889064915471081,1.1889064915471081,0.0,0
2022-02-06 00:00:00+00:00,0.0,1.1889064915471081,1.1889064915471081,0.0,0
2022-02-07 00:00:00+00:00,0.0,1.1889064915471081,1.1889064915471081,0.0,0
2022-02-08 00:00:00+00:00,0.0,1.1889064915471081,1.1889064915471081,0.0,0
2022-02-09 00:00:00+00:00,0.0,1.1889064915471081,1.1889064915471081,0.0,0
2022-02-10 00:00:00+00:00,0.0,1.1889064915471081,1.1889064915471081,0.0,0
2022-02-11 00:00:00+00:00,0.0,1.1889064915471081,1.1889064915471081,0.0,0
2022-02-12 00:00:00+00:00,0.0,1.1889064915471081,1.1889064915471081,0.0,0
2022-02-13 00:00:00+00:00,0.0,1.1889064915471081,1.1889064915471081,0.0,0
2022-02-14 00:00:00+00:00,0.0,1.1889064915471081,1.1889064915471081,0.0,0
2022-02-15 00:00:00+00:00,0.0,1.1889064915471081,1.1889064915471081,0.0,0
2022-02-16 00:00:00+00:00,0.0,1.1889064915471081,1.1889064915471081,0.0,0
2022-02-17 00:00:00+00:00,0.0,1.1889064915471081,1.1889064915471081,0.0,0
2022-02-18 00:00:00+00:00,0.0,1.1889064915471081,1.1889064915471081,0.0,0
2022-02-19 00:00:00+00:00,0.0,1.1889064915471081,1.1889064915471081,0.0,0
2022-02-20 00:00:00+00:00,0.0,1.1889064915471081,1.1889064915471081,0.0,0
2022-02-21 00:00:00+00:00,0.0,1.1889064915471081,1.1889064915471081,0.0,0
2022-02-22 00:00:00+00:00,0.0,1.1889064915471081,1.1889064915471081,0.0,0
2022-02-23 00:00:00+00:00,0.0,1.1889064915471081,1.1889064915471081,0.0,0
2022-02-24 00:00:00+00:00,0.0,1.1889064915471081,1.1889064915471081,0.0,0
2022-02-25 00:00:00+00:00,0.0,1.1889064915471081,1.1889064915471081,0.0,0
2022-02-26 00:00:00+00:00,0.0,1.1889064915471081,1.1889064915471081,0.0,0
2022-02-27 00:00:00+00:00,0.0,1.1889064915471081,1.1889064915471081,0.0,0
2022-02-28 00:00:00+00:00,0.0,1.1889064915471081,1.1889064915471081,0.0,0
2022-03-01 00:00:00+00:00,0.0,1.1889064915471081,1.1889064915471081,0.0,0
2022-03-02 00:00:00+00:00,0.0,1.1889064915471081,1.1889064915471081,0.0,0
2022-03-03 00:00:00+00:00,0.0,1.1889064915471081,1.1889064915471081,0.0,0
2022-03-04 00:00:00+00:00,0.0,1.1889064915471081,1.1889064915471081,0.0,0
2022-03-05 00:00:00+00:00,0.0,1.1889064915471081,1.1889064915471081,0.0,0
2022-03-06 00:00:00+00:00,0.0,1.1889064915471081,1.1889064915471081,0.0,0
2022-03-07 00:00:00+00:00,0.0,1.1889064915471081,1.1889064915471081,0.0,0
2022-03-08 00:00:00+00:00,0.0,1.1889064915471081,1.1889064915471081,0.0,0
2022-03-09 00:00:00+00:00,0.0,1.1889064915471081,1.1889064915471081,0.0,0
2022-03-10 00:00:00+00:00,0.0,1.1889064915471081,1.1889064915471081,0.0,0
2022-03-11 00:00:00+00:00,0.0,1.1889064915471081,1.1889064915471081,0.0,0
2022-03-12 00:00:00+00:00,0.0,1.1889064915471081,1.1889064915471081,0.0,0
2022-03-13 00:00:00+00:00,0.0,1.1889064915471081,1.1889064915471081,0.0,0
2022-03-14 00:00:00+00:00,0.0,1.1889064915471081,1.1889064915471081,0.0,0
2022-03-15 00:00:00+00:00,0.0,1.1889064915471081,1.1889064915471081,0.0,0
2022-03-16 00:00:00+00:00,0.0,1.1889064915471081,1.1889064915471081,0.0,0
2022-03-17 00:00:00+00:00,0.0,1.1889064915471081,1.1889064915471081,0.0,0
2022-03-18 00:00:00+00:00,0.0,1.1889064915471081,1.1889064915471081,0.0,0
2022-03-19 00:00:00+00:00,0.0,1.1889064915471081,1.1889064915471081,0.0,0
2022-03-20 00:00:00+00:00,0.0,1.1889064915471081,1.1889064915471081,0.0,0
2022-03-21 00:00:00+00:00,0.0,1.1889064915471081,1.1889064915471081,0.0,0
2022-03-22 00:00:00+00:00,0.0,1.1889064915471081,1.1889064915471081,0.0,0
2022-03-23 00:00:00+00:00,0.0,1.1889064915471081,1.1889064915471081,0.0,0
2022-03-24 00:00:00+00:00,0.0,1.1889064915471081,1.1889064915471081,0.0,0
2022-03-25 00:00:00+00:00,0.0,1.1889064915471081,1.1889064915471081,0.0,0
2022-03-26 00:00:00+00:00,0.0,1.1889064915471081,1.1889064915471081,0.0,0
2022-03-27 00:00:00+00:00,0.0,1.1889064915471081,1.1889064915471081,0.0,0
2022-03-28 00:00:00+00:00,0.0,1.1889064915471081,1.1889064915471081,0.0,0
2022-03-29 00:00:00+00:00,0.0,1.1889064915471081,1.1889064915471081,0.0,0
2022-03-30 00:00:00+00:00,0.0,1.1889064915471081,1.1889064915471081,0.0,0
2022-03-31 00:00:00+00:00,0.0,1.1889064915471081,1.1889064915471081,0.0,0
2022-04-01 00:00:00+00:00,0.0,1.1889064915471081,1.1889064915471081,0.0,0
2022-04-02 00:00:00+00:00,0.0,1.1889064915471081,1.1889064915471081,0.0,0
2022-04-03 00:00:00+00:00,0.0,1.1889064915471081,1.1889064915471081,0.0,0
2022-04-04 00:00:00+00:00,0.0,1.1889064915471081,1.1889064915471081,0.0,0
2022-04-05 00:00:00+00:00,0.0,1.1889064915471081,1.1889064915471081,0.0,0
2022-04-06 00:00:00+00:00,0.0,1.1889064915471081,1.1889064915471081,0.0,0
2022-04-07 00:00:00+00:00,0.0,1.1889064915471081,1.1889064915471081,0.0,0
2022-04-08 00:00:00+00:00,0.0,1.1889064915471081,1.1889064915471081,0.0,0
2022-04-09 00:00:00+00:00,0.0,1.1889064915471081,1.1889064915471081,0.0,0
2022-04-10 00:00:00+00:00,0.0,1.1889064915471081,1.1889064915471081,0.0,0
2022-04-11 00:00:00+00:00,0.0,1.1889064915471081,1.1889064915471081,0.0,0
2022-04-12 00:00:00+00:00,0.0,1.1889064915471081,1.1889064915471081,0.0,0
2022-04-13 00:00:00+00:00,0.0,1.1889064915471081,1.1889064915471081,0.0,0
2022-04-14 00:00:00+00:00,0.0,1.1889064915471081,1.1889064915471081,0.0,0
2022-04-15 00:00:00+00:00,0.0,1.1889064915471081,1.1889064915471081,0.0,0
2022-04-16 00:00:00+00:00,0.0,1.1889064915471081,1.1889064915471081,0.0,0
2022-04-17 00:00:00+00:00,0.0,1.1889064915471081,1.1889064915471081,0.0,0
2022-04-18 00:00:00+00:00,0.0,1.1889064915471081,1.1889064915471081,0.0,0
2022-04-19 00:00:00+00:00,0.0,1.1889064915471081,1.1889064915471081,0.0,0
2022-04-20 00:00:00+00:00,0.0,1.1889064915471081,1.1889064915471081,0.0,0
2022-04-21 00:00:00+00:00,0.0,1.1889064915471081,1.1889064915471081,0.0,0
2022-04-22 00:00:00+00:00,0.0,1.1889064915471081,1.1889064915471081,0.0,0
2022-04-23 00:00:00+00:00,0.0,1.1889064915471081,1.1889064915471081,0.0,0
2022-04-24 00:00:00+00:00,0.0,1.1889064915471081,1.1889064915471081,0.0,0
2022-04-25 00:00:00+00:00,0.0,1.1889064915471081,1.1889064915471081,0.0,0
2022-04-26 00:00:00+00:00,0.0,1.1889064915471081,1.1889064915471081,0.0,0
2022-04-27 00:00:00+00:00,0.0,1.1889064915471081,1.1889064915471081,0.0,0
2022-04-28 00:00:00+00:00,0.0,1.1889064915471081,1.1889064915471081,0.0,0
2022-04-29 00:00:00+00:00,0.0,1.1889064915471081,1.1889064915471081,0.0,0
2022-04-30 00:00:00+00:00,0.0,1.1889064915471081,1.1889064915471081,0.0,0
2022-05-01 00:00:00+00:00,0.0,1.1889064915471081,1.1889064915471081,0.0,0
2022-05-02 00:00:00+00:00,0.0,1.1889064915471081,1.1889064915471081,0.0,0
2022-05-03 00:00:00+00:00,0.0,1.1889064915471081,1.1889064915471081,0.0,0
2022-05-04 00:00:00+00:00,0.0,1.1889064915471081,1.1889064915471081,0.0,0
2022-05-05 00:00:00+00:00,0.0,1.1889064915471081,1.1889064915471081,0.0,0
2022-05-06 00:00:00+00:00,0.0,1.1889064915471081,1.1889064915471081,0.0,0
2022-05-07 00:00:00+00:00,0.0,1.1889064915471081,1.1889064915471081,0.0,0
2022-05-08 00:00:00+00:00,0.0,1.1889064915471081,1.1889064915471081,0.0,0
2022-05-09 00:00:00+00:00,0.0,1.1889064915471081,1.1889064915471081,0.0,0
2022-05-10 00:00:00+00:00,0.0,1.1889064915471081,1.1889064915471081,0.0,0
2022-05-11 00:00:00+00:00,0.0,1.1889064915471081,1.1889064915471081,0.0,0
2022-05-12 00:00:00+00:00,0.0,1.1889064915471081,1.1889064915471081,0.0,0
2022-05-13 00:00:00+00:00,0.0,1.1889064915471081,1.1889064915471081,0.0,0
2022-05-14 00:00:00+00:00,0.0,1.1889064915471081,1.1889064915471081,0.0,0
2022-05-15 00:00:00+00:00,0.0,1.1889064915471081,1.1889064915471081,0.0,0
2022-05-16 00:00:00+00:00,0.0,1.1889064915471081,1.1889064915471081,0.0,0
2022-05-17 00:00:00+00:00,0.0,1.1889064915471081,1.1889064915471081,0.0,0
2022-05-18 00:00:00+00:00,0.0,1.1889064915471081,1.1889064915471081,0.0,0
2022-05-19 00:00:00+00:00,0.0,1.1889064915471081,1.1889064915471081,0.0,0
2022-05-20 00:00:00+00:00,0.0,1.1889064915471081,1.1889064915471081,0.0,0
2022-05-21 00:00:00+00:00,0.0,1.1889064915471081,1.1889064915471081,0.0,0
2022-05-22 00:00:00+00:00,0.0,1.1889064915471081,1.1889064915471081,0.0,0
2022-05-23 00:00:00+00:00,0.0,1.1889064915471081,1.1889064915471081,0.0,0
2022-05-24 00:00:00+00:00,0.0,1.1889064915471081,1.1889064915471081,0.0,0
2022-05-25 00:00:00+00:00,0.0,1.1889064915471081,1.1889064915471081,0.0,0
2022-05-26 00:00:00+00:00,0.0,1.1889064915471081,1.1889064915471081,0.0,0
2022-05-27 00:00:00+00:00,0.0,1.1889064915471081,1.1889064915471081,0.0,0
2022-05-28 00:00:00+00:00,0.0,1.1889064915471081,1.1889064915471081,0.0,0
2022-05-29 00:00:00+00:00,0.0,1.1889064915471081,1.1889064915471081,0.0,0
2022-05-30 00:00:00+00:00,0.0,1.1889064915471081,1.1889064915471081,0.0,0
2022-05-31 00:00:00+00:00,0.0,1.1889064915471081,1.1889064915471081,0.0,0
2022-06-01 00:00:00+00:00,0.0,1.1889064915471081,1.1889064915471081,0.0,0
2022-06-02 00:00:00+00:00,0.0,1.1889064915471081,1.1889064915471081,0.0,0
2022-06-03 00:00:00+00:00,0.0,1.1889064915471081,1.1889064915471081,0.0,0
2022-06-04 00:00:00+00:00,0.0,1.1889064915471081,1.1889064915471081,0.0,0
2022-06-05 00:00:00+00:00,0.0,1.1889064915471081,1.1889064915471081,0.0,0
2022-06-06 00:00:00+00:00,0.0,1.1889064915471081,1.1889064915471081,0.0,0
2022-06-07 00:00:00+00:00,0.0,1.1889064915471081,1.1889064915471081,0.0,0
2022-06-08 00:00:00+00:00,0.0,1.1889064915471081,1.1889064915471081,0.0,0
2022-06-09 00:00:00+00:00,0.0,1.1889064915471081,1.1889064915471081,0.0,0
2022-06-10 00:00:00+00:00,0.0,1.1889064915471081,1.1889064915471081,0.0,0
2022-06-11 00:00:00+00:00,0.0,1.1889064915471081,1.1889064915471081,0.0,0
2022-06-12 00:00:00+00:00,0.0,1.1889064915471081,1.1889064915471081,0.0,0
2022-06-13 00:00:00+00:00,0.0,1.1889064915471081,1.1889064915471081,0.0,0
2022-06-14 00:00:00+00:00,0.0,1.1889064915471081,1.1889064915471081,0.0,0
2022-06-15 00:00:00+00:00,0.0,1.1889064915471081,1.1889064915471081,0.0,0
2022-06-16 00:00:00+00:00,0.0,1.1889064915471081,1.1889064915471081,0.0,0
2022-06-17 00:00:00+00:00,0.0,1.1889064915471081,1.1889064915471081,0.0,0
2022-06-18 00:00:00+00:00,0.0,1.1889064915471081,1.1889064915471081,0.0,0
2022-06-19 00:00:00+00:00,0.0,1.1889064915471081,1.1889064915471081,0.0,0
2022-06-20 00:00:00+00:00,0.0,1.1889064915471081,1.1889064915471081,0.0,0
2022-06-21 00:00:00+00:00,0.0,1.1889064915471081,1.1889064915471081,0.0,0
2022-06-22 00:00:00+00:00,0.0,1.1889064915471081,1.1889064915471081,0.0,0
2022-06-23 00:00:00+00:00,0.0,1.1889064915471081,1.1889064915471081,0.0,0
2022-06-24 00:00:00+00:00,0.0,1.1889064915471081,1.1889064915471081,0.0,0
2022-06-25 00:00:00+00:00,0.0,1.1889064915471081,1.1889064915471081,0.0,0
2022-06-26 00:00:00+00:00,0.0,1.1889064915471081,1.1889064915471081,0.0,0
2022-06-27 00:00:00+00:00,0.0,1.1889064915471081,1.1889064915471081,0.0,0
2022-06-28 00:00:00+00:00,0.0,1.1889064915471081,1.1889064915471081,0.0,0
2022-06-29 00:00:00+00:00,0.0,1.1889064915471081,1.1889064915471081,0.0,0
2022-06-30 00:00:00+00:00,0.0,1.1889064915471081,1.1889064915471081,0.0,0
2022-07-01 00:00:00+00:00,0.0,1.1889064915471081,1.1889064915471081,0.0,0
2022-07-02 00:00:00+00:00,0.0,1.1889064915471081,1.1889064915471081,0.0,0
2022-07-03 00:00:00+00:00,0.0,1.1889064915471081,1.1889064915471081,0.0,0
2022-07-04 00:00:00+00:00,0.0,1.1889064915471081,1.1889064915471081,0.0,0
2022-07-05 00:00:00+00:00,0.0,1.1889064915471081,1.1889064915471081,0.0,0
2022-07-06 00:00:00+00:00,0.0,1.1889064915471081,1.1889064915471081,0.0,0
2022-07-07 00:00:00+00:00,0.0,1.1889064915471081,1.1889064915471081,0.0,0
2022-07-08 00:00:00+00:00,0.0,1.1889064915471081,1.1889064915471081,0.0,0
2022-07-09 00:00:00+00:00,0.0,1.1889064915471081,1.1889064915471081,0.0,0
2022-07-10 00:00:00+00:00,0.0,1.1889064915471081,1.1889064915471081,0.0,0
2022-07-11 00:00:00+00:00,0.0,1.1889064915471081,1.1889064915471081,0.0,0
2022-07-12 00:00:00+00:00,0.0,1.1889064915471081,1.1889064915471081,0.0,0
2022-07-13 00:00:00+00:00,0.0,1.1889064915471081,1.1889064915471081,0.0,0
2022-07-14 00:00:00+00:00,0.0,1.1889064915471081,1.1889064915471081,0.0,0
2022-07-15 00:00:00+00:00,0.0,1.1889064915471081,1.1889064915471081,0.0,0
2022-07-16 00:00:00+00:00,0.0,1.1889064915471081,1.1889064915471081,0.0,0
2022-07-17 00:00:00+00:00,0.0,1.1889064915471081,1.1889064915471081,0.0,0
2022-07-18 00:00:00+00:00,0.0,1.1889064915471081,1.1889064915471081,0.0,0
2022-07-19 00:00:00+00:00,0.0,1.1889064915471081,1.1889064915471081,0.0,0
2022-07-20 00:00:00+00:00,0.0,1.1889064915471081,1.1889064915471081,0.0,0
2022-07-21 00:00:00+00:00,0.0,1.1889064915471081,1.1889064915471081,0.0,0
2022-07-22 00:00:00+00:00,0.0,1.1889064915471081,1.1889064915471081,0.0,0
2022-07-23 00:00:00+00:00,0.0,1.1889064915471081,1.1889064915471081,0.0,0
2022-07-24 00:00:00+00:00,0.0,1.1889064915471081,1.1889064915471081,0.0,0
2022-07-25 00:00:00+00:00,0.0,1.1889064915471081,1.1889064915471081,0.0,0
2022-07-26 00:00:00+00:00,0.0,1.1889064915471081,1.1889064915471081,0.0,0
2022-07-27 00:00:00+00:00,0.0,1.1889064915471081,1.1889064915471081,0.0,0
2022-07-28 00:00:00+00:00,0.0,1.1889064915471081,1.1889064915471081,0.0,0
2022-07-29 00:00:00+00:00,0.0,1.1889064915471081,1.1889064915471081,0.0,0
2022-07-30 00:00:00+00:00,0.0,1.1889064915471081,1.1889064915471081,0.0,0
2022-07-31 00:00:00+00:00,0.0,1.1889064915471081,1.1889064915471081,0.0,0
2022-08-01 00:00:00+00:00,0.0,1.1889064915471081,1.1889064915471081,0.0,0
2022-08-02 00:00:00+00:00,0.0,1.1889064915471081,1.1889064915471081,0.0,0
2022-08-03 00:00:00+00:00,0.0,1.1889064915471081,1.1889064915471081,0.0,0
2022-08-04 00:00:00+00:00,0.0,1.1889064915471081,1.1889064915471081,0.0,0
2022-08-05 00:00:00+00:00,0.0,1.1889064915471081,1.1889064915471081,0.0,0
2022-08-06 00:00:00+00:00,0.0,1.1889064915471081,1.1889064915471081,0.0,0
2022-08-07 00:00:00+00:00,0.0,1.1889064915471081,1.1889064915471081,0.0,0
2022-08-08 00:00:00+00:00,0.0,1.1889064915471081,1.1889064915471081,0.0,0
2022-08-09 00:00:00+00:00,0.0,1.1889064915471081,1.1889064915471081,0.0,0
2022-08-10 00:00:00+00:00,0.0,1.1889064915471081,1.1889064915471081,0.0,0
2022-08-11 00:00:00+00:00,0.0,1.1889064915471081,1.1889064915471081,0.0,0
2022-08-12 00:00:00+00:00,0.0,1.1889064915471081,1.1889064915471081,0.0,0
2022-08-13 00:00:00+00:00,0.0,1.1889064915471081,1.1889064915471081,0.0,0
2022-08-14 00:00:00+00:00,0.0,1.1889064915471081,1.1889064915471081,0.0,0
2022-08-15 00:00:00+00:00,0.0,1.1889064915471081,1.1889064915471081,0.0,0
2022-08-16 00:00:00+00:00,0.0,1.1889064915471081,1.1889064915471081,0.0,0
2022-08-17 00:00:00+00:00,0.0,1.1889064915471081,1.1889064915471081,0.0,0
2022-08-18 00:00:00+00:00,0.0,1.1889064915471081,1.1889064915471081,0.0,0
2022-08-19 00:00:00+00:00,0.0,1.1889064915471081,1.1889064915471081,0.0,0
2022-08-20 00:00:00+00:00,0.0,1.1889064915471081,1.1889064915471081,0.0,0
2022-08-21 00:00:00+00:00,0.0,1.1889064915471081,1.1889064915471081,0.0,0
2022-08-22 00:00:00+00:00,0.0,1.1889064915471081,1.1889064915471081,0.0,0
2022-08-23 00:00:00+00:00,0.0,1.1889064915471081,1.1889064915471081,0.0,0
2022-08-24 00:00:00+00:00,0.0,1.1889064915471081,1.1889064915471081,0.0,0
2022-08-25 00:00:00+00:00,0.0,1.1889064915471081,1.1889064915471081,0.0,0
2022-08-26 00:00:00+00:00,0.0,1.1889064915471081,1.1889064915471081,0.0,0
2022-08-27 00:00:00+00:00,0.0,1.1889064915471081,1.1889064915471081,0.0,0
2022-08-28 00:00:00+00:00,0.0,1.1889064915471081,1.1889064915471081,0.0,0
2022-08-29 00:00:00+00:00,0.0,1.1889064915471081,1.1889064915471081,0.0,0
2022-08-30 00:00:00+00:00,0.0,1.1889064915471081,1.1889064915471081,0.0,0
2022-08-31 00:00:00+00:00,0.0,1.1889064915471081,1.1889064915471081,0.0,0
2022-09-01 00:00:00+00:00,0.0,1.1889064915471081,1.1889064915471081,0.0,0
2022-09-02 00:00:00+00:00,0.0,1.1889064915471081,1.1889064915471081,0.0,0
2022-09-03 00:00:00+00:00,0.0,1.1889064915471081,1.1889064915471081,0.0,0
2022-09-04 00:00:00+00:00,0.0,1.1889064915471081,1.1889064915471081,0.0,0
2022-09-05 00:00:00+00:00,0.0,1.1889064915471081,1.1889064915471081,0.0,0
2022-09-06 00:00:00+00:00,0.0,1.1889064915471081,1.1889064915471081,0.0,0
2022-09-07 00:00:00+00:00,0.0,1.1889064915471081,1.1889064915471081,0.0,0
2022-09-08 00:00:00+00:00,0.0,1.1889064915471081,1.1889064915471081,0.0,0
2022-09-09 00:00:00+00:00,0.0,1.1889064915471081,1.1889064915471081,0.0,0
2022-09-10 00:00:00+00:00,0.0,1.1889064915471081,1.1889064915471081,0.0,0
2022-09-11 00:00:00+00:00,0.0,1.1889064915471081,1.1889064915471081,0.0,0
2022-09-12 00:00:00+00:00,0.0,1.1889064915471081,1.1889064915471081,0.0,0
2022-09-13 00:00:00+00:00,0.0,1.1889064915471081,1.1889064915471081,0.0,0
2022-09-14 00:00:00+00:00,0.0,1.1889064915471081,1.1889064915471081,0.0,0
2022-09-15 00:00:00+00:00,0.0,1.1889064915471081,1.1889064915471081,0.0,0
2022-09-16 00:00:00+00:00,0.0,1.1889064915471081,1.1889064915471081,0.0,0
2022-09-17 00:00:00+00:00,0.0,1.1889064915471081,1.1889064915471081,0.0,0
2022-09-18 00:00:00+00:00,0.0,1.1889064915471081,1.1889064915471081,0.0,0
2022-09-19 00:00:00+00:00,0.0,1.1889064915471081,1.1889064915471081,0.0,0
2022-09-20 00:00:00+00:00,0.0,1.1889064915471081,1.1889064915471081,0.0,0
2022-09-21 00:00:00+00:00,0.0,1.1889064915471081,1.1889064915471081,0.0,0
2022-09-22 00:00:00+00:00,0.0,1.1889064915471081,1.1889064915471081,0.0,0
2022-09-23 00:00:00+00:00,0.0,1.1889064915471081,1.1889064915471081,0.0,0
2022-09-24 00:00:00+00:00,0.0,1.1889064915471081,1.1889064915471081,0.0,0
2022-09-25 00:00:00+00:00,0.0,1.1889064915471081,1.1889064915471081,0.0,0
2022-09-26 00:00:00+00:00,0.0,1.1889064915471081,1.1889064915471081,0.0,0
2022-09-27 00:00:00+00:00,0.0,1.1889064915471081,1.1889064915471081,0.0,0
2022-09-28 00:00:00+00:00,0.0,1.1889064915471081,1.1889064915471081,0.0,0
2022-09-29 00:00:00+00:00,0.0,1.1889064915471081,1.1889064915471081,0.0,0
2022-09-30 00:00:00+00:00,0.0,1.1889064915471081,1.1889064915471081,0.0,0
2022-10-01 00:00:00+00:00,0.0,1.1889064915471081,1.1889064915471081,0.0,0
2022-10-02 00:00:00+00:00,0.0,1.1889064915471081,1.1889064915471081,0.0,0
2022-10-03 00:00:00+00:00,0.0,1.1889064915471081,1.1889064915471081,0.0,0
2022-10-04 00:00:00+00:00,0.0,1.1889064915471081,1.1889064915471081,0.0,0
2022-10-05 00:00:00+00:00,0.0,1.1889064915471081,1.1889064915471081,0.0,0
2022-10-06 00:00:00+00:00,0.0,1.1889064915471081,1.1889064915471081,0.0,0
2022-10-07 00:00:00+00:00,0.0,1.1889064915471081,1.1889064915471081,0.0,0
2022-10-08 00:00:00+00:00,0.0,1.1889064915471081,1.1889064915471081,0.0,0
2022-10-09 00:00:00+00:00,0.0,1.1889064915471081,1.1889064915471081,0.0,0
2022-10-10 00:00:00+00:00,0.0,1.1889064915471081,1.1889064915471081,0.0,0
2022-10-11 00:00:00+00:00,0.0,1.1889064915471081,1.1889064915471081,0.0,0
2022-10-12 00:00:00+00:00,0.0,1.1889064915471081,1.1889064915471081,0.0,0
2022-10-13 00:00:00+00:00,0.0,1.1889064915471081,1.1889064915471081,0.0,0
2022-10-14 00:00:00+00:00,0.0,1.1889064915471081,1.1889064915471081,0.0,0
2022-10-15 00:00:00+00:00,0.0,1.1889064915471081,1.1889064915471081,0.0,0
2022-10-16 00:00:00+00:00,0.0,1.1889064915471081,1.1889064915471081,0.0,0
2022-10-17 00:00:00+00:00,0.0,1.1889064915471081,1.1889064915471081,0.0,0
2022-10-18 00:00:00+00:00,0.0,1.1889064915471081,1.1889064915471081,0.0,0
2022-10-19 00:00:00+00:00,0.0,1.1889064915471081,1.1889064915471081,0.0,0
2022-10-20 00:00:00+00:00,0.0,1.1889064915471081,1.1889064915471081,0.0,0
2022-10-21 00:00:00+00:00,0.0,1.1889064915471081,1.1889064915471081,0.0,0
2022-10-22 00:00:00+00:00,0.0,1.1889064915471081,1.1889064915471081,0.0,0
2022-10-23 00:00:00+00:00,0.0,1.1889064915471081,1.1889064915471081,0.0,0
2022-10-24 00:00:00+00:00,0.0,1.1889064915471081,1.1889064915471081,0.0,0
2022-10-25 00:00:00+00:00,0.0,1.1889064915471081,1.1889064915471081,0.0,0
2022-10-26 00:00:00+00:00,0.0,1.1889064915471081,1.1889064915471081,0.0,0
2022-10-27 00:00:00+00:00,0.0,1.1889064915471081,1.1889064915471081,0.0,0
2022-10-28 00:00:00+00:00,0.0,1.1889064915471081,1.1889064915471081,0.0,0
2022-10-29 00:00:00+00:00,0.0,1.1889064915471081,1.1889064915471081,0.0,0
2022-10-30 00:00:00+00:00,0.0,1.1889064915471081,1.1889064915471081,0.0,0
2022-10-31 00:00:00+00:00,0.0,1.1889064915471081,1.1889064915471081,0.0,0
2022-11-01 00:00:00+00:00,0.0,1.1889064915471081,1.1889064915471081,0.0,0
2022-11-02 00:00:00+00:00,0.0,1.1889064915471081,1.1889064915471081,0.0,0
2022-11-03 00:00:00+00:00,0.0,1.1889064915471081,1.1889064915471081,0.0,0
2022-11-04 00:00:00+00:00,0.0,1.1889064915471081,1.1889064915471081,0.0,0
2022-11-05 00:00:00+00:00,0.0,1.1889064915471081,1.1889064915471081,0.0,0
2022-11-06 00:00:00+00:00,0.0,1.1889064915471081,1.1889064915471081,0.0,0
2022-11-07 00:00:00+00:00,0.0,1.1889064915471081,1.1889064915471081,0.0,0
2022-11-08 00:00:00+00:00,0.0,1.1889064915471081,1.1889064915471081,0.0,0
2022-11-09 00:00:00+00:00,0.0,1.1889064915471081,1.1889064915471081,0.0,0
2022-11-10 00:00:00+00:00,0.0,1.1889064915471081,1.1889064915471081,0.0,0
2022-11-11 00:00:00+00:00,0.0,1.1889064915471081,1.1889064915471081,0.0,0
2022-11-12 00:00:00+00:00,0.0,1.1889064915471081,1.1889064915471081,0.0,0
2022-11-13 00:00:00+00:00,0.0,1.1889064915471081,1.1889064915471081,0.0,0
2022-11-14 00:00:00+00:00,0.0,1.1889064915471081,1.1889064915471081,0.0,0
2022-11-15 00:00:00+00:00,0.0,1.1889064915471081,1.1889064915471081,0.0,0
2022-11-16 00:00:00+00:00,0.0,1.1889064915471081,1.1889064915471081,0.0,0
2022-11-17 00:00:00+00:00,0.0,1.1889064915471081,1.1889064915471081,0.0,0
2022-11-18 00:00:00+00:00,0.0,1.1889064915471081,1.1889064915471081,0.0,0
2022-11-19 00:00:00+00:00,0.0,1.1889064915471081,1.1889064915471081,0.0,0
2022-11-20 00:00:00+00:00,0.0,1.1889064915471081,1.1889064915471081,0.0,0
2022-11-21 00:00:00+00:00,0.0,1.1889064915471081,1.1889064915471081,0.0,0
2022-11-22 00:00:00+00:00,0.0,1.1889064915471081,1.1889064915471081,0.0,0
2022-11-23 00:00:00+00:00,0.0,1.1889064915471081,1.1889064915471081,0.0,0
2022-11-24 00:00:00+00:00,0.0,1.1889064915471081,1.1889064915471081,0.0,0
2022-11-25 00:00:00+00:00,0.0,1.1889064915471081,1.1889064915471081,0.0,0
2022-11-26 00:00:00+00:00,0.0,1.1889064915471081,1.1889064915471081,0.0,0
2022-11-27 00:00:00+00:00,0.0,1.1889064915471081,1.1889064915471081,0.0,0
2022-11-28 00:00:00+00:00,0.0,1.1889064915471081,1.1889064915471081,0.0,0
2022-11-29 00:00:00+00:00,0.0,1.1889064915471081,1.1889064915471081,0.0,0
2022-11-30 00:00:00+00:00,0.0,1.1889064915471081,1.1889064915471081,0.0,0
2022-12-01 00:00:00+00:00,0.0,1.1889064915471081,1.1889064915471081,0.0,0
2022-12-02 00:00:00+00:00,0.0,1.1889064915471081,1.1889064915471081,0.0,0
2022-12-03 00:00:00+00:00,0.0,1.1889064915471081,1.1889064915471081,0.0,0
2022-12-04 00:00:00+00:00,0.0,1.1889064915471081,1.1889064915471081,0.0,0
2022-12-05 00:00:00+00:00,0.0,1.1889064915471081,1.1889064915471081,0.0,0
2022-12-06 00:00:00+00:00,0.0,1.1889064915471081,1.1889064915471081,0.0,0
2022-12-07 00:00:00+00:00,0.0,1.1889064915471081,1.1889064915471081,0.0,0
2022-12-08 00:00:00+00:00,0.0,1.1889064915471081,1.1889064915471081,0.0,0
2022-12-09 00:00:00+00:00,0.0,1.1889064915471081,1.1889064915471081,0.0,0
2022-12-10 00:00:00+00:00,0.0,1.1889064915471081,1.1889064915471081,0.0,0
2022-12-11 00:00:00+00:00,0.0,1.1889064915471081,1.1889064915471081,0.0,0
2022-12-12 00:00:00+00:00,0.0,1.1889064915471081,1.1889064915471081,0.0,0
2022-12-13 00:00:00+00:00,0.0,1.1889064915471081,1.1889064915471081,0.0,0
2022-12-14 00:00:00+00:00,0.0,1.1889064915471081,1.1889064915471081,0.0,0
2022-12-15 00:00:00+00:00,0.0,1.1889064915471081,1.1889064915471081,0.0,0
2022-12-16 00:00:00+00:00,0.0,1.1889064915471081,1.1889064915471081,0.0,0
2022-12-17 00:00:00+00:00,0.0,1.1889064915471081,1.1889064915471081,0.0,0
2022-12-18 00:00:00+00:00,0.0,1.1889064915471081,1.1889064915471081,0.0,0
2022-12-19 00:00:00+00:00,0.0,1.1889064915471081,1.1889064915471081,0.0,0
2022-12-20 00:00:00+00:00,0.0,1.1889064915471081,1.1889064915471081,0.0,0
2022-12-21 00:00:00+00:00,0.0,1.1889064915471081,1.1889064915471081,0.0,0
2022-12-22 00:00:00+00:00,0.0,1.1889064915471081,1.1889064915471081,0.0,0
2022-12-23 00:00:00+00:00,0.0,1.1889064915471081,1.1889064915471081,0.0,0
2022-12-24 00:00:00+00:00,0.0,1.1889064915471081,1.1889064915471081,0.0,0
2022-12-25 00:00:00+00:00,0.0,1.1889064915471081,1.1889064915471081,0.0,0
2022-12-26 00:00:00+00:00,0.0,1.1889064915471081,1.1889064915471081,0.0,0
2022-12-27 00:00:00+00:00,0.0,1.1889064915471081,1.1889064915471081,0.0,0
2022-12-28 00:00:00+00:00,0.0,1.1889064915471081,1.1889064915471081,0.0,0
2022-12-29 00:00:00+00:00,0.0,1.1889064915471081,1.1889064915471081,0.0,0
2022-12-30 00:00:00+00:00,0.0,1.1889064915471081,1.1889064915471081,0.0,0
2022-12-31 00:00:00+00:00,0.0,1.1889064915471081,1.1889064915471081,0.0,0
2023-01-01 00:00:00+00:00,0.0,1.1889064915471081,1.1889064915471081,0.0,0
2023-01-02 00:00:00+00:00,0.0,1.1889064915471081,1.1889064915471081,0.0,0
2023-01-03 00:00:00+00:00,0.0,1.1889064915471081,1.1889064915471081,0.0,0
2023-01-04 00:00:00+00:00,0.0,1.1889064915471081,1.1889064915471081,0.0,0
2023-01-05 00:00:00+00:00,0.0,1.1889064915471081,1.1889064915471081,0.0,0
2023-01-06 00:00:00+00:00,0.0,1.1889064915471081,1.1889064915471081,0.0,0
2023-01-07 00:00:00+00:00,0.0,1.1889064915471081,1.1889064915471081,0.0,0
2023-01-08 00:00:00+00:00,0.0,1.1889064915471081,1.1889064915471081,0.0,0
2023-01-09 00:00:00+00:00,0.0,1.1889064915471081,1.1889064915471081,0.0,0
2023-01-10 00:00:00+00:00,0.0,1.1889064915471081,1.1889064915471081,0.0,0
2023-01-11 00:00:00+00:00,0.0,1.1889064915471081,1.1889064915471081,0.0,0
2023-01-12 00:00:00+00:00,0.0,1.1889064915471081,1.1889064915471081,0.0,0
2023-01-13 00:00:00+00:00,0.0,1.1889064915471081,1.1889064915471081,0.0,0
2023-01-14 00:00:00+00:00,0.0,1.1889064915471081,1.1889064915471081,0.0,0
2023-01-15 00:00:00+00:00,0.0,1.1889064915471081,1.1889064915471081,0.0,0
2023-01-16 00:00:00+00:00,0.00015052999626674612,1.1890854576368421,0.9782182538741427,0.1773356173926906,2
2023-01-17 00:00:00+00:00,-0.0005468166064669377,1.188435245962098,0.9782182538741427,0.17688552472858884,2
2023-01-18 00:00:00+00:00,-0.007513805622291758,1.1795055745292582,1.0749685906250928,0.0886277997845719,1
2023-01-19 00:00:00+00:00,0.0023255979697744955,1.1822486302987212,1.0749685906250928,0.09074236748874194,1
2023-01-20 00:00:00+00:00,0.005943705277196676,1.1892755677215863,1.1032427981533282,0.07234048348700188,1
2023-01-21 00:00:00+00:00,-0.001389653307705463,1.1876228869951286,1.1032427981533282,0.0710495644415335,1
2023-01-22 00:00:00+00:00,3.406898815017101e-05,1.1876633481051926,1.1032427981533282,0.07108121176472239,1
2023-01-23 00:00:00+00:00,0.0008202198983413567,1.1886374932158392,0.9334864650639072,0.21465840477707385,3
2023-01-24 00:00:00+00:00,-0.005343243114094398,1.1822863141150592,1.0138596051039983,0.1424584781201059,2
2023-01-25 00:00:00+00:00,0.002884311157551611,1.185696395722282,1.0138596051039983,0.14492478111448337,2
2023-01-26 00:00:00+00:00,-0.0006346870739084576,1.1849438495463371,1.0138596051039983,0.14438173125911358,2
2023-01-27 00:00:00+00:00,0.0009085612492114592,1.1860204436105264,1.0138596051039983,0.1451584072045418,2
2023-01-28 00:00:00+00:00,-0.0005737328816858289,1.1853399846836754,1.0138596051039983,0.14466767492487745,2
2023-01-29 00:00:00+00:00,0.004837672838780893,1.1910742717323006,1.0138596051039983,0.14878557184394642,2
2023-01-30 00:00:00+00:00,-0.0059809523259373165,1.1839505132964192,1.0287855248269795,0.13105698821602002,2
2023-01-31 00:00:00+00:00,0.0016723914709555476,1.1859305420368895,1.0287855248269795,0.13250777481454037,2
2023-02-01 00:00:00+00:00,0.003949896827579291,1.1906148453226104,1.0287855248269795,0.13592079851127797,2
2023-02-02 00:00:00+00:00,-0.0003013336910009379,1.1902560729567089,1.0540791015439857,0.11440981021373545,2
2023-02-03 00:00:00+00:00,0.0004969958906608785,1.1908476253338025,1.0540791015439857,0.11484972626240049,2
2023-02-04 00:00:00+00:00,-0.00018730468052441385,1.190624573999786,1.0540791015439857,0.11468390241357888,2
2023-02-05 00:00:00+00:00,-0.002229498202162117,1.1879700786526035,1.0540791015439857,0.11270568132530497,2
2023-02-06 00:00:00+00:00,-0.0002257290177319904,1.1877019193336542,1.1877019193336542,0.0,0
2023-02-07 00:00:00+00:00,0.0,1.1877019193336542,1.1877019193336542,0.0,0
2023-02-08 00:00:00+00:00,0.0,1.1877019193336542,1.1877019193336542,0.0,0
2023-02-09 00:00:00+00:00,0.0,1.1877019193336542,1.1877019193336542,0.0,0
2023-02-10 00:00:00+00:00,0.0,1.1877019193336542,1.1877019193336542,0.0,0
2023-02-11 00:00:00+00:00,0.0,1.1877019193336542,1.1877019193336542,0.0,0
2023-02-12 00:00:00+00:00,0.0,1.1877019193336542,1.1877019193336542,0.0,0
2023-02-13 00:00:00+00:00,0.0,1.1877019193336542,1.1877019193336542,0.0,0
2023-02-14 00:00:00+00:00,0.0,1.1877019193336542,1.1877019193336542,0.0,0
2023-02-15 00:00:00+00:00,0.0,1.1877019193336542,1.1877019193336542,0.0,0
2023-02-16 00:00:00+00:00,0.0,1.1877019193336542,1.1877019193336542,0.0,0
2023-02-17 00:00:00+00:00,0.0,1.1877019193336542,1.1877019193336542,0.0,0
2023-02-18 00:00:00+00:00,0.0,1.1877019193336542,1.1877019193336542,0.0,0
2023-02-19 00:00:00+00:00,0.0,1.1877019193336542,1.1877019193336542,0.0,0
2023-02-20 00:00:00+00:00,0.0027844244750983016,1.191008985626968,0.97031109921722,0.185303292479837,3
2023-02-21 00:00:00+00:00,-0.0033062878416996178,1.1870711670984346,0.97031109921722,0.18260073522891018,3
2023-02-22 00:00:00+00:00,-0.0012082456777813277,1.185636893491569,0.97031109921722,0.18161192137015789,3
2023-02-23 00:00:00+00:00,-0.0011606520435512024,1.1842607816082285,0.97031109921722,0.18066095383186145,3
2023-02-24 00:00:00+00:00,-0.004730167217446568,1.1786590300821576,0.97031109921722,0.1767669237221343,3
2023-02-25 00:00:00+00:00,-0.0005260354879433882,1.1780390136041494,0.97031109921722,0.1763336459897,3
2023-02-26 00:00:00+00:00,0.003896743608591491,1.182629529601083,0.97031109921722,0.1795308040849283,3
2023-02-27 00:00:00+00:00,-0.0011687949831616917,1.1812472781399463,0.97031109921722,0.17857072166538873,3
2023-02-28 00:00:00+00:00,-0.002564884193567152,1.178217515667551,0.97031109921722,0.1764584329172326,3
2023-03-01 00:00:00+00:00,0.0037508991379902046,1.1826368907314333,0.97031109921722,0.17953591096155871,3
2023-03-02 00:00:00+00:00,-0.001584847653471777,1.1807625914302484,0.97031109921722,0.17823353630987754,3
2023-03-03 00:00:00+00:00,-0.007146779569948025,1.1723239414648559,1.048419727403118,0.10569110608362706,2
2023-03-04 00:00:00+00:00,-0.00023501820739357804,1.1720484239936482,1.048419727403118,0.10548087780304906,2
2023-03-05 00:00:00+00:00,-0.00023259022409938268,1.171775816988056,1.048419727403118,0.1052727729968126,2
2023-03-06 00:00:00+00:00,-0.00027702902304505006,1.171451201078248,0.9821447854398867,0.1615999159539182,3
2023-03-07 00:00:00+00:00,-0.0004073989114036225,1.1709739531341663,0.9821447854398867,0.16125821346313438,3
2023-03-08 00:00:00+00:00,-0.0026758554200139173,1.1678405961349771,1.0450237166743062,0.10516579049156133,2
2023-03-09 00:00:00+00:00,-0.0041942661515710356,1.1629423618521777,1.1629423618521777,0.0,0
2023-03-10 00:00:00+00:00,0.0,1.1629423618521777,1.1629423618521777,0.0,0
2023-03-11 00:00:00+00:00,0.0,1.1629423618521777,1.1629423618521777,0.0,0
2023-03-12 00:00:00+00:00,0.0,1.1629423618521777,1.1629423618521777,0.0,0
2023-03-13 00:00:00+00:00,0.013769416375833732,1.178955399453616,0.9788564089961945,0.1697256660855506,3
2023-03-14 00:00:00+00:00,0.0028923342154956178,1.1823653324939989,1.0180224255423855,0.138995031768193,3
2023-03-15 00:00:00+00:00,-0.002269608990501326,1.1796818255053134,1.0180224255423855,0.13703644191829573,3
2023-03-16 00:00:00+00:00,0.005844180108800723,1.1865760985646454,1.042546678004006,0.12138237129069601,3
2023-03-17 00:00:00+00:00,0.007429758762007133,1.1953920727297442,1.0873318036351183,0.09039734456985683,2
2023-03-18 00:00:00+00:00,5.378743039408107e-06,1.1953985024365348,1.1392818497511805,0.046943887390668265,1
2023-03-19 00:00:00+00:00,0.0005829151603398142,1.1960953183462526,1.1392818497511805,0.047499114597006835,1
2023-03-20 00:00:00+00:00,-0.0028515275789616767,1.1926846195589214,0.9932400882616645,0.1672231938154912,3
2023-03-21 00:00:00+00:00,0.0029926159301936206,1.1962538665511102,0.9932400882616645,0.16970793906376214,3
2023-03-22 00:00:00+00:00,-0.006086060406546356,1.1889733932577156,0.9932400882616645,0.16462378898131072,3
2023-03-23 00:00:00+00:00,0.006206446919133635,1.1963526935112319,1.0129150831851206,0.1533307120224986,3
2023-03-24 00:00:00+00:00,-0.004261485699625478,1.1912544536161254,1.0129150831851206,0.14970720142085925,3
2023-03-25 00:00:00+00:00,-0.0005672575310661232,1.1905787055558956,1.0493635318392114,0.11861053205277101,2
2023-03-26 00:00:00+00:00,0.0022337525661100255,1.193238163794587,1.0493635318392114,0.1205749500148768,2
2023-03-27 00:00:00+00:00,-0.0069361412339074,1.1849616953648194,1.064743145949981,0.1014535321142395,2
2023-03-28 00:00:00+00:00,0.0018157459223984151,1.1871132847313763,1.064743145949981,0.1030821071209608,2
2023-03-29 00:00:00+00:00,0.002768632967888207,1.1903999657081017,1.064743145949981,0.1055584873806465,2
2023-03-30 00:00:00+00:00,-0.0006419595318284399,1.1896357771034272,1.064743145949981,0.10498392327905592,2
2023-03-31 00:00:00+00:00,0.0016350362620762837,1.1915808747376546,1.064743145949981,0.10644491823989624,2
2023-04-01 00:00:00+00:00,-4.5162527298026056e-05,1.1915270599338714,1.064743145949981,0.10640456121149852,2
2023-04-02 00:00:00+00:00,-0.0012698754110540555,1.1900139690188558,1.064743145949981,0.10526836350682368,2
2023-04-03 00:00:00+00:00,-0.0014190276230924281,1.1883253063249521,0.9929524252582939,0.16441026714382936,3
2023-04-04 00:00:00+00:00,0.0027212471136792704,1.191559033134901,0.9929524252582939,0.16667794238787176,3
2023-04-05 00:00:00+00:00,0.0016160618594405207,1.1934846662416223,0.9929524252582939,0.16802246954275532,3
2023-04-06 00:00:00+00:00,-0.0015418927396291249,1.1916444408998856,0.9929524252582939,0.16673766840346013,3
2023-04-07 00:00:00+00:00,-0.0008739767543899379,1.1906029713590411,0.9929524252582939,0.1660087794633458,3
2023-04-08 00:00:00+00:00,-0.00029005019483197003,1.1902576367352309,0.9929524252582939,0.16576680996404056,3
2023-04-09 00:00:00+00:00,0.0014986676298507362,1.1920414373265886,0.9929524252582939,0.1670151773538972,3
2023-04-10 00:00:00+00:00,0.005136038343834137,1.1981638078561372,0.9929524252582939,0.17127155840654723,3
2023-04-11 00:00:00+00:00,0.001418998069749433,1.1998639999867287,1.0114787448485743,0.15700550657427673,3
2023-04-12 00:00:00+00:00,-0.00021067013993214534,1.199611224469952,1.0114787448485743,0.1568278753847973,3
2023-04-13 00:00:00+00:00,0.0037935207610158006,1.2041619745551264,1.0269049143076603,0.14720366860359724,3
2023-04-14 00:00:00+00:00,0.0026635305797073627,1.2073692967972747,1.0269049143076603,0.14946908370812717,3
2023-04-15 00:00:00+00:00,0.00033111989297385236,1.2077690807896102,1.0269049143076603,0.14975061819243232,3
2023-04-16 00:00:00+00:00,0.002939715456736547,1.2113195782245758,1.046265489481093,0.13625973831398114,3
2023-04-17 00:00:00+00:00,-0.004784157820189039,1.2055244341916647,0.9941116553106741,0.1753699658711175,3
2023-04-18 00:00:00+00:00,0.003807806353668619,1.2101148377916824,0.9941116553106741,0.17849808607849874,3
2023-04-19 00:00:00+00:00,-0.011635062828265652,1.1960350756245597,1.0951547846259437,0.08434559575599163,2
2023-04-20 00:00:00+00:00,-0.0004329856124317688,1.1955172096448505,1.0951547846259437,0.08394895883491409,2
2023-04-21 00:00:00+00:00,-0.0014169817124244366,1.193823183621895,1.0951547846259437,0.08264908937067637,2
2023-04-22 00:00:00+00:00,0.002079953537111656,1.1963062803753552,1.0951547846259437,0.08455317622981465,2
2023-04-23 00:00:00+00:00,-0.0004547871091385991,1.195762215700459,1.0951547846259437,0.08413665338604209,2
2023-04-24 00:00:00+00:00,-0.0011716611282999168,1.194361187593633,0.9714063633801585,0.18667286456509685,3
2023-04-25 00:00:00+00:00,0.004086919238833531,1.1992424453093256,0.9714063633801585,0.18998333724787433,3
2023-04-26 00:00:00+00:00,-0.00017303888824882208,1.1990349297298484,0.9963865566479273,0.16900956599119205,3
2023-04-27 00:00:00+00:00,0.0036980894253471064,1.2034690681241043,0.9963865566479273,0.17207132028658192,3
2023-04-28 00:00:00+00:00,-0.0018892616282361052,1.2011954001929284,0.9963865566479273,0.17050418567379294,3
2023-04-29 00:00:00+00:00,6.476667358423782e-05,1.2012731976233235,0.9963865566479273,0.17055790587915995,3
2023-04-30 00:00:00+00:00,0.0009962311359770215,1.2024699433856105,0.9963865566479273,0.1713833995363291,3
2023-05-01 00:00:00+00:00,-0.005800180390287402,1.1954954008000753,0.9725807837124133,0.1864621285355663,3
2023-05-02 00:00:00+00:00,0.0011702322032052237,1.1968944080168753,0.9725807837124133,0.1874130439594295,3
2023-05-03 00:00:00+00:00,0.0027978862646207414,1.2002431824412672,0.9725807837124133,0.1896802265235897,3
2023-05-04 00:00:00+00:00,-0.0017406797598092938,1.1981539434267425,0.9725807837124133,0.18826725977230094,3
2023-05-05 00:00:00+00:00,0.005780141075339085,1.2050794422497229,0.9725807837124133,0.19293222536703925,3
2023-05-06 00:00:00+00:00,-0.004549890876272333,1.1995964622902475,0.9923260971770965,0.17278340811161963,3
2023-05-07 00:00:00+00:00,-0.0017096907051908916,1.19754552336869,0.9923260971770965,0.17136670146309937,3
2023-05-08 00:00:00+00:00,-0.0023391834520011257,1.194744244697408,1.194744244697408,0.0,0
2023-05-09 00:00:00+00:00,0.0,1.194744244697408,1.194744244697408,0.0,0
2023-05-10 00:00:00+00:00,0.0,1.194744244697408,1.194744244697408,0.0,0
2023-05-11 00:00:00+00:00,0.0,1.194744244697408,1.194744244697408,0.0,0
2023-05-12 00:00:00+00:00,0.0,1.194744244697408,1.194744244697408,0.0,0
2023-05-13 00:00:00+00:00,0.0,1.194744244697408,1.194744244697408,0.0,0
2023-05-14 00:00:00+00:00,0.0,1.194744244697408,1.194744244697408,0.0,0
2023-05-15 00:00:00+00:00,0.0011001684078359997,1.196058664570868,0.8965847220635619,0.25038399150325436,4
2023-05-16 00:00:00+00:00,-0.001228391476000401,1.1945894363025127,0.8965847220635619,0.24946203706717313,4
2023-05-17 00:00:00+00:00,0.0023720699000622236,1.1974230859472983,0.8965847220635619,0.2512381525079242,4
2023-05-18 00:00:00+00:00,-0.004872498080176646,1.1915886442598609,0.8965847220635619,0.24757194827040047,4
2023-05-19 00:00:00+00:00,0.00045386083299958635,1.1921294596745375,0.8965847220635619,0.24791329097064846,4
2023-05-20 00:00:00+00:00,0.0010493204428161373,1.1933803854870573,0.8965847220635619,0.24870164369457382,4
2023-05-21 00:00:00+00:00,-0.003808279986847407,1.1888356588483107,0.8965847220635619,0.24582955146876068,4
2023-05-22 00:00:00+00:00,0.0003957229123898731,1.189306108357583,1.0443829895375911,0.1218551874925868,2
2023-05-23 00:00:00+00:00,0.0020650291206378846,1.191762060104694,1.0443829895375911,0.1236648451068798,2
2023-05-24 00:00:00+00:00,-0.0038318453398353824,1.1871954122084893,1.0443829895375911,0.12029394756944883,2
2023-05-25 00:00:00+00:00,0.0005229215927939901,1.187816222324399,1.0443829895375911,0.1207537244323269,2
2023-05-26 00:00:00+00:00,0.0012690792217695535,1.189323655211432,1.0443829895375911,0.1218681433256063,2
2023-05-27 00:00:00+00:00,0.00041096535032081327,1.1898124260240408,1.0443829895375911,0.12222887684273624,2
2023-05-28 00:00:00+00:00,0.0053868670219738846,1.1962217873441245,1.0443829895375911,0.1269319781774323,2
2023-05-29 00:00:00+00:00,-0.002538177764558336,1.1931855638020075,0.8975013202799327,0.24781077855140674,3
2023-05-30 00:00:00+00:00,0.0001275616916893707,1.1933377685710254,0.8975013202799327,0.24790671684291454,3
2023-05-31 00:00:00+00:00,-0.003835874196146505,1.1887602750172768,0.8975013202799327,0.24501067276420488,3
2023-06-01 00:00:00+00:00,-0.0020413219626506107,1.1863336325595575,0.8975013202799327,0.24346634399672099,3
2023-06-02 00:00:00+00:00,0.003371647000074196,1.190333530792864,0.8975013202799327,0.24600853705085496,3
2023-06-03 00:00:00+00:00,-0.0011165416912229942,1.189004473779273,0.8975013202799327,0.2451657331219219,3
2023-06-04 00:00:00+00:00,-0.0005896159387785982,1.1883034177902538,0.8975013202799327,0.2447204082363838,3
2023-06-05 00:00:00+00:00,-0.0127376625276866,1.173167209873945,1.0315833698860717,0.120685132346212,2
2023-06-06 00:00:00+00:00,0.005988583092001676,1.1801928191910869,1.0315833698860717,0.12591963523966643,2
2023-06-07 00:00:00+00:00,-0.003814810771359478,1.1756906069121555,1.0315833698860717,0.12257241503746322,2
2023-06-08 00:00:00+00:00,0.0008224186512246767,1.1766575167953497,1.0315833698860717,0.12329343486827868,2
2023-06-09 00:00:00+00:00,-0.00022435693384537103,1.1763935255226954,1.0315833698860717,0.12309669553160926,2
2023-06-10 00:00:00+00:00,-0.004448695966950855,1.1711601083901555,1.0315833698860717,0.11917818708489164,2
2023-06-11 00:00:00+00:00,0.00023847688729117245,1.1714394030073239,1.0315833698860717,0.11938819264762063,2
2023-06-12 00:00:00+00:00,-0.001016886487986035,1.1702481821069113,0.9992332016987127,0.1461356514139623,2
2023-06-13 00:00:00+00:00,-2.1201179420837768e-05,1.1702233714652355,0.9992332016987127,0.14611754809889513,2
2023-06-14 00:00:00+00:00,-0.006876728789177777,1.1621760627169118,1.0794278624371365,0.07120108814350234,1
2023-06-15 00:00:00+00:00,0.0013314183562853632,1.1637234052600485,1.0794278624371365,0.07243606379479418,1
2023-06-16 00:00:00+00:00,0.0021123998323124837,1.1661816543861778,1.0794278624371365,0.07439131941644583,1
2023-06-17 00:00:00+00:00,0.00048565431871083753,1.1667480155430319,1.0794278624371365,0.07484062706140918,1
2023-06-18 00:00:00+00:00,-0.0004996150695238954,1.1661650906521295,1.0794278624371365,0.07437817244768394,1
2023-06-19 00:00:00+00:00,-0.00014872816361177765,1.1659916490597286,1.1659916490597286,0.0,0
2023-06-20 00:00:00+00:00,0.0,1.1659916490597286,1.1659916490597286,0.0,0
2023-06-21 00:00:00+00:00,0.0,1.1659916490597286,1.1659916490597286,0.0,0
2023-06-22 00:00:00+00:00,0.0,1.1659916490597286,1.1659916490597286,0.0,0
2023-06-23 00:00:00+00:00,0.0,1.1659916490597286,1.1659916490597286,0.0,0
2023-06-24 00:00:00+00:00,0.0,1.1659916490597286,1.1659916490597286,0.0,0
2023-06-25 00:00:00+00:00,0.0,1.1659916490597286,1.1659916490597286,0.0,0
2023-06-26 00:00:00+00:00,-0.0022415363528175414,1.1633780363912796,0.9983945173807116,0.14181419439749424,2
2023-06-27 00:00:00+00:00,0.0021592454407408646,1.1658900551122156,0.9983945173807116,0.14366323565165218,2
2023-06-28 00:00:00+00:00,-0.003766861782250941,1.1614983084213069,0.9983945173807116,0.14042533670348928,2
2023-06-29 00:00:00+00:00,0.0017829860964087008,1.1635692437562244,0.9983945173807116,0.1419552186187881,2
2023-06-30 00:00:00+00:00,0.0031305364762850285,1.1672118397164866,0.9983945173807116,0.1446329762871325,2
2023-07-01 00:00:00+00:00,-7.77528062644306e-05,1.1671210857204435,0.9983945173807116,0.14456646392913025,2
2023-07-02 00:00:00+00:00,0.0005597581747716074,1.1677743912891239,0.9983945173807116,0.14504503196155152,2
2023-07-03 00:00:00+00:00,0.001953362823682303,1.1700554783715162,0.9983945173807116,0.14671181338317593,2
2023-07-04 00:00:00+00:00,-0.0016438429594123338,1.1681320909112733,0.9983945173807116,0.1453068320365615,2
2023-07-05 00:00:00+00:00,-0.0015865010557258863,1.1662788481158153,0.9983945173807116,0.14394870575448535,2
2023-07-06 00:00:00+00:00,-0.003850735263233429,1.1617878170286124,0.9983945173807116,0.14063953611236465,2
2023-07-07 00:00:00+00:00,0.0020005437041199503,1.1641120243314924,0.9983945173807116,0.1423552918336587,2
2023-07-08 00:00:00+00:00,-0.0003556130818438419,1.1636980508669084,0.9983945173807116,0.14205019365895843,2
2023-07-09 00:00:00+00:00,-0.0003862844573648827,1.1632485323967927,0.9983945173807116,0.14171865291453306,2
2023-07-10 00:00:00+00:00,0.00034300705839962475,1.1636475348540778,1.034336863864348,0.11112529104953196,2
2023-07-11 00:00:00+00:00,0.001903530466383696,1.1658625733888048,1.034336863864348,0.11281407648429091,2
2023-07-12 00:00:00+00:00,-0.0008110161858490006,1.164917039971311,1.034336863864348,0.11209397032270972,2
2023-07-13 00:00:00+00:00,0.009388949151920123,1.175854386825807,1.061244766110758,0.09746922918273504,2
2023-07-14 00:00:00+00:00,0.00044920888686683647,1.1763825910660304,1.0925055183755625,0.0713008449185387,1
2023-07-15 00:00:00+00:00,-5.2901671720895216e-05,1.1763203584603796,1.0925055183755625,0.07125171258152643,1
2023-07-16 00:00:00+00:00,-0.000135330999791905,1.1761611658501936,1.0925055183755625,0.07112600713539143,1
2023-07-17 00:00:00+00:00,-0.0010390658104540984,1.1749390569951748,1.0527625859554701,0.1039853686983243,2
2023-07-18 00:00:00+00:00,-0.0022085818576123017,1.1723441079100951,1.0527625859554701,0.10200206675478544,2
2023-07-19 00:00:00+00:00,0.0010686325293929322,1.17359691295945,1.0527625859554701,0.10296067216065935,2
2023-07-20 00:00:00+00:00,-0.0014041898311174528,1.1719489601084414,1.0527625859554701,0.10169928743478973,2
2023-07-21 00:00:00+00:00,0.00038834254304553895,1.1724040777479294,1.0527625859554701,0.10204800039784795,2
2023-07-22 00:00:00+00:00,-0.0014638146568363153,1.1706878954751874,1.0527625859554701,0.10073163818940041,2
2023-07-23 00:00:00+00:00,0.0009815303511271356,1.1718369611762933,1.0527625859554701,0.10161343187306199,2
2023-07-24 00:00:00+00:00,-0.007204762795752884,1.1633941538357222,0.946465360845154,0.18646199336256908,2
2023-07-25 00:00:00+00:00,0.0005389528290049572,1.1640211684061799,0.946465360845154,0.18690021579153165,2
2023-07-26 00:00:00+00:00,0.0010933453251562586,1.1652938455090398,0.946465360845154,0.1877882437182993,2
2023-07-27 00:00:00+00:00,-0.0009429972466369341,1.1641949766212019,0.946465360845154,0.18702160733243864,2
2023-07-28 00:00:00+00:00,0.0009180317530086413,1.1652637445764333,0.946465360845154,0.18776726277604336,2
2023-07-29 00:00:00+00:00,0.0004263601490088753,1.1657605666002056,0.946465360845154,0.1881134188597565,2
2023-07-30 00:00:00+00:00,-0.0011207133102230094,1.1644540832166836,0.946465360845154,0.18720250588959117,2
2023-07-31 00:00:00+00:00,-0.0011017667272765763,1.163171126452354,0.9131228113035083,0.21497121916315753,3
2023-08-01 00:00:00+00:00,-0.00113613384182909,1.161849608371753,1.0263178558669814,0.11665171768204093,2
2023-08-02 00:00:00+00:00,-0.0026442193904987477,1.158777423108453,1.0263178558669814,0.11430975837115043,2
2023-08-03 00:00:00+00:00,-0.0007852571237160211,1.157867484882156,1.0263178558669814,0.11361371722823979,2
2023-08-04 00:00:00+00:00,-8.597541753707638e-05,1.1577679367416907,1.0263178558669814,0.11353750324495032,2
2023-08-05 00:00:00+00:00,0.0001176535586182581,1.1579041522595024,1.0263178558669814,0.11364178644298586,2
2023-08-06 00:00:00+00:00,0.0003587544673528953,1.158319555546892,1.0263178558669814,0.11395965737415772,2
2023-08-07 00:00:00+00:00,6.396326393831586e-05,1.1583936454463482,1.0051650574006192,0.13227678574383694,1
2023-08-08 00:00:00+00:00,0.0029421657817736424,1.1618018315918044,1.0446797700645527,0.100810704840068,1
2023-08-09 00:00:00+00:00,-0.0006380750124792556,1.161060514873613,1.0446797700645527,0.10023658828991268,1
2023-08-10 00:00:00+00:00,-0.0004277557698356693,1.1605638645392475,1.0446797700645527,0.09985154459440435,1
2023-08-11 00:00:00+00:00,-0.00010074732116294172,1.1604469408388567,1.0446797700645527,0.09976084791142541,1
2023-08-12 00:00:00+00:00,1.4035529439571093e-05,1.1604632283260579,1.0446797700645527,0.09977348306720604,1
2023-08-13 00:00:00+00:00,-0.0004282810502242995,1.1599662239158837,1.0446797700645527,0.09938776791460366,1
2023-08-14 00:00:00+00:00,0.002557588999030136,1.1629329407694176,0.8066669196711372,0.30635130247713876,3
2023-08-15 00:00:00+00:00,-0.005557700600860138,1.1564697076657433,0.9208770347590256,0.203717115411735,2
2023-08-16 00:00:00+00:00,-0.0041590317402340204,1.1516599134449423,0.9208770347590256,0.20039151835682076,2
2023-08-17 00:00:00+00:00,-0.004599137850811896,1.146363270745755,1.146363270745755,0.0,0
2023-08-18 00:00:00+00:00,0.0,1.146363270745755,1.146363270745755,0.0,0
2023-08-19 00:00:00+00:00,0.0,1.146363270745755,1.146363270745755,0.0,0
2023-08-20 00:00:00+00:00,0.0,1.146363270745755,1.146363270745755,0.0,0
2023-08-21 00:00:00+00:00,0.0,1.146363270745755,1.146363270745755,0.0,0
2023-08-22 00:00:00+00:00,0.0,1.146363270745755,1.146363270745755,0.0,0
2023-08-23 00:00:00+00:00,0.0,1.146363270745755,1.146363270745755,0.0,0
2023-08-24 00:00:00+00:00,0.0,1.146363270745755,1.146363270745755,0.0,0
2023-08-25 00:00:00+00:00,0.0,1.146363270745755,1.146363270745755,0.0,0
2023-08-26 00:00:00+00:00,0.0,1.146363270745755,1.146363270745755,0.0,0
2023-08-27 00:00:00+00:00,0.0,1.146363270745755,1.146363270745755,0.0,0
2023-08-28 00:00:00+00:00,0.0,1.146363270745755,1.146363270745755,0.0,0
2023-08-29 00:00:00+00:00,0.0,1.146363270745755,1.146363270745755,0.0,0
2023-08-30 00:00:00+00:00,0.0,1.146363270745755,1.146363270745755,0.0,0
2023-08-31 00:00:00+00:00,0.0,1.146363270745755,1.146363270745755,0.0,0
2023-09-01 00:00:00+00:00,0.0,1.146363270745755,1.146363270745755,0.0,0
2023-09-02 00:00:00+00:00,0.0,1.146363270745755,1.146363270745755,0.0,0
2023-09-03 00:00:00+00:00,0.0,1.146363270745755,1.146363270745755,0.0,0
2023-09-04 00:00:00+00:00,0.0,1.146363270745755,1.146363270745755,0.0,0
2023-09-05 00:00:00+00:00,0.0,1.146363270745755,1.146363270745755,0.0,0
2023-09-06 00:00:00+00:00,0.0,1.146363270745755,1.146363270745755,0.0,0
2023-09-07 00:00:00+00:00,0.0,1.146363270745755,1.146363270745755,0.0,0
2023-09-08 00:00:00+00:00,0.0,1.146363270745755,1.146363270745755,0.0,0
2023-09-09 00:00:00+00:00,0.0,1.146363270745755,1.146363270745755,0.0,0
2023-09-10 00:00:00+00:00,0.0,1.146363270745755,1.146363270745755,0.0,0
2023-09-11 00:00:00+00:00,0.0,1.146363270745755,1.146363270745755,0.0,0
2023-09-12 00:00:00+00:00,0.0,1.146363270745755,1.146363270745755,0.0,0
2023-09-13 00:00:00+00:00,0.0,1.146363270745755,1.146363270745755,0.0,0
2023-09-14 00:00:00+00:00,0.0,1.146363270745755,1.146363270745755,0.0,0
2023-09-15 00:00:00+00:00,0.0,1.146363270745755,1.146363270745755,0.0,0
2023-09-16 00:00:00+00:00,0.0,1.146363270745755,1.146363270745755,0.0,0
2023-09-17 00:00:00+00:00,0.0,1.146363270745755,1.146363270745755,0.0,0
2023-09-18 00:00:00+00:00,0.0,1.146363270745755,1.146363270745755,0.0,0
2023-09-19 00:00:00+00:00,0.0,1.146363270745755,1.146363270745755,0.0,0
2023-09-20 00:00:00+00:00,0.0,1.146363270745755,1.146363270745755,0.0,0
2023-09-21 00:00:00+00:00,0.0,1.146363270745755,1.146363270745755,0.0,0
2023-09-22 00:00:00+00:00,0.0,1.146363270745755,1.146363270745755,0.0,0
2023-09-23 00:00:00+00:00,0.0,1.146363270745755,1.146363270745755,0.0,0
2023-09-24 00:00:00+00:00,0.0,1.146363270745755,1.146363270745755,0.0,0
2023-09-25 00:00:00+00:00,0.0,1.146363270745755,1.146363270745755,0.0,0
2023-09-26 00:00:00+00:00,0.0,1.146363270745755,1.146363270745755,0.0,0
2023-09-27 00:00:00+00:00,0.0,1.146363270745755,1.146363270745755,0.0,0
2023-09-28 00:00:00+00:00,0.0,1.146363270745755,1.146363270745755,0.0,0
2023-09-29 00:00:00+00:00,0.0,1.146363270745755,1.146363270745755,0.0,0
2023-09-30 00:00:00+00:00,0.0,1.146363270745755,1.146363270745755,0.0,0
2023-10-01 00:00:00+00:00,0.0,1.146363270745755,1.146363270745755,0.0,0
2023-10-02 00:00:00+00:00,0.0,1.146363270745755,1.146363270745755,0.0,0
2023-10-03 00:00:00+00:00,0.0,1.146363270745755,1.146363270745755,0.0,0
2023-10-04 00:00:00+00:00,0.0,1.146363270745755,1.146363270745755,0.0,0
2023-10-05 00:00:00+00:00,0.0,1.146363270745755,1.146363270745755,0.0,0
2023-10-06 00:00:00+00:00,0.0,1.146363270745755,1.146363270745755,0.0,0
2023-10-07 00:00:00+00:00,0.0,1.146363270745755,1.146363270745755,0.0,0
2023-10-08 00:00:00+00:00,0.0,1.146363270745755,1.146363270745755,0.0,0
2023-10-09 00:00:00+00:00,0.0,1.146363270745755,1.146363270745755,0.0,0
2023-10-10 00:00:00+00:00,0.0,1.146363270745755,1.146363270745755,0.0,0
2023-10-11 00:00:00+00:00,0.0,1.146363270745755,1.146363270745755,0.0,0
2023-10-12 00:00:00+00:00,0.0,1.146363270745755,1.146363270745755,0.0,0
2023-10-13 00:00:00+00:00,0.0,1.146363270745755,1.146363270745755,0.0,0
2023-10-14 00:00:00+00:00,0.0,1.146363270745755,1.146363270745755,0.0,0
2023-10-15 00:00:00+00:00,0.0,1.146363270745755,1.146363270745755,0.0,0
2023-10-16 00:00:00+00:00,0.0,1.146363270745755,1.146363270745755,0.0,0
2023-10-17 00:00:00+00:00,0.0,1.146363270745755,1.146363270745755,0.0,0
2023-10-18 00:00:00+00:00,0.0,1.146363270745755,1.146363270745755,0.0,0
2023-10-19 00:00:00+00:00,0.0,1.146363270745755,1.146363270745755,0.0,0
2023-10-20 00:00:00+00:00,0.0,1.146363270745755,1.146363270745755,0.0,0
2023-10-21 00:00:00+00:00,0.0,1.146363270745755,1.146363270745755,0.0,0
2023-10-22 00:00:00+00:00,0.0,1.146363270745755,1.146363270745755,0.0,0
2023-10-23 00:00:00+00:00,0.015542650566405358,1.1641807944851177,1.1178182339243412,0.039824192926392644,1
2023-10-24 00:00:00+00:00,-0.002136115743542333,1.1616939695616884,1.1178182339243412,0.037768755616336316,1
2023-10-25 00:00:00+00:00,0.0028417326897276496,1.1649951932904512,1.1178182339243412,0.04049541117235154,1
2023-10-26 00:00:00+00:00,0.00041194468825134223,1.1654751068721656,1.1178182339243412,0.04089051123170118,1
2023-10-27 00:00:00+00:00,-0.0012977153396694918,1.1639626519479747,1.1178182339243412,0.039644242834087066,1
2023-10-28 00:00:00+00:00,-0.0001249424608701366,1.1638172235898794,1.1178182339243412,0.039524238628855256,1
2023-10-29 00:00:00+00:00,0.0014994968812718223,1.1655623638870227,1.1178182339243412,0.0409623126500586,1
2023-10-30 00:00:00+00:00,0.00235870681883088,1.1683115837824958,1.0481291067803817,0.10286851441891401,2
2023-10-31 00:00:00+00:00,0.0027702933918061223,1.171548149642619,1.0848276077957566,0.07402217473803059,1
2023-11-01 00:00:00+00:00,0.0016703394135044736,1.1735050326917853,1.0848276077957566,0.07556629279434823,1
2023-11-02 00:00:00+00:00,-0.0010236664622077507,1.1723037549465867,1.0848276077957566,0.0746190113114631,1
2023-11-03 00:00:00+00:00,-0.00048008977075553183,1.1717409439056186,1.0848276077957566,0.07417453197475934,1
2023-11-04 00:00:00+00:00,0.0007377332847562368,1.1726053762010495,1.0848276077957566,0.0748570407289716,1
2023-11-05 00:00:00+00:00,-0.00010715496472912811,1.1724797257133215,1.0848276077957566,0.07475789644399895,1
2023-11-06 00:00:00+00:00,0.0010238112562706014,1.1736801236542558,0.957208347080854,0.18443847877342973,3
2023-11-07 00:00:00+00:00,0.0007391621368058043,1.1745476635623826,0.957208347080854,0.185040865708542,3
2023-11-08 00:00:00+00:00,0.0007541231457488529,1.1754334171412602,0.957208347080854,0.18565498213513915,3
2023-11-09 00:00:00+00:00,0.012691861347025268,1.190351855094277,1.0149308107042079,0.14736906876679393,3
2023-11-10 00:00:00+00:00,0.005758314864037217,1.1972062758749007,1.027462567821091,0.14178317594414847,3
2023-11-11 00:00:00+00:00,0.00024724572577072834,1.1975022800094766,1.055451419032974,0.11862262256016623,2
2023-11-12 00:00:00+00:00,-0.00035305832690302186,1.1970794918580339,1.055451419032974,0.11831133503526435,2
2023-11-13 00:00:00+00:00,-0.003276504609960762,1.1931572553844716,1.0187935859910102,0.14613636937343705,3
2023-11-14 00:00:00+00:00,-0.0007884889464663258,1.1922164640772048,1.0187935859910102,0.14546257606031868,3
2023-11-15 00:00:00+00:00,0.010659717005722325,1.2049251541938308,1.0294148166933832,0.14566077975015373,3
2023-11-16 00:00:00+00:00,-0.008556308811368707,1.1946154424799624,1.0294148166933832,0.13828770323245693,3
2023-11-17 00:00:00+00:00,9.452238895812926e-06,1.1946267342705132,1.0567984374837125,0.11537352449337594,2
2023-11-18 00:00:00+00:00,-1.9522332418975274e-05,1.1946034123702902,1.0567984374837125,0.11535625418409783,2
2023-11-19 00:00:00+00:00,0.002685706039084579,1.1978117659692042,1.0567984374837125,0.11772578337581392,2
2023-11-20 00:00:00+00:00,-0.0013697703135134853,1.1961710389710025,1.028405735629524,0.14025193544712264,3
2023-11-21 00:00:00+00:00,-0.007190539690034137,1.187569923639212,1.028405735629524,0.1340251086200823,3
2023-11-22 00:00:00+00:00,0.008805636943557626,1.1980272332318675,1.028405735629524,0.1415840081905007,3
2023-11-23 00:00:00+00:00,-0.0006149256904357525,1.1972905355083117,1.028405735629524,0.14105582134839764,3
2023-11-24 00:00:00+00:00,0.0013416019835728044,1.1988968228656627,1.028405735629524,0.14220663862351596,3
2023-11-25 00:00:00+00:00,0.0009293849786953245,1.2000110595638396,1.028405735629524,0.14300311865182957,3
2023-11-26 00:00:00+00:00,-0.0016139813721582907,1.1980742640673196,1.028405735629524,0.1416177056185076,3
2023-11-27 00:00:00+00:00,-0.002647430813731866,1.1949024453434887,1.0126886116032188,0.15249264444168956,3
2023-11-28 00:00:00+00:00,0.002923220041053387,1.1983954081188204,1.0126886116032188,0.15496287390412708,3
2023-11-29 00:00:00+00:00,-6.264946286094197e-05,1.1983203292902067,1.0126886116032188,0.15490992946513893,3
2023-11-30 00:00:00+00:00,0.00042712105904629816,1.1988321571383298,1.0126886116032188,0.15527073112506806,3
2023-12-01 00:00:00+00:00,0.0030411097355149685,1.2024779372826515,1.0126886116032188,0.15783185686409928,3
2023-12-02 00:00:00+00:00,0.004969590080375452,1.2084537597116416,1.0377849790896436,0.14122905344985848,3
2023-12-03 00:00:00+00:00,0.0012814634852174045,1.2100023490782859,1.0606658376881162,0.12341836485187493,3
2023-12-04 00:00:00+00:00,0.0036771630236900332,1.2144517249748947,1.0305352915484327,0.15143988817691695,3
2023-12-05 00:00:00+00:00,0.003540584264455804,1.2187515936422821,1.0549105727786883,0.1344334823587383,3
2023-12-06 00:00:00+00:00,-0.0018255936014182073,1.2165266485312105,1.0549105727786883,0.13285041963334848,3
2023-12-07 00:00:00+00:00,0.005503489449417476,1.2232217901063371,1.0767220489165863,0.11976547701706265,3
2023-12-08 00:00:00+00:00,0.0035360567709403767,1.2275471717996045,1.085286158504962,0.1158904656071876,3
2023-12-09 00:00:00+00:00,-0.001587771569047547,1.2255981073005564,1.085286158504962,0.1144844692234706,3
2023-12-10 00:00:00+00:00,0.0010704599594160147,1.2269100610007577,1.085286158504962,0.11543136452909744,3
2023-12-11 00:00:00+00:00,-0.007391248622326985,1.2178416637026668,1.1461925204174852,0.058832888889137666,2
2023-12-12 00:00:00+00:00,-0.00024665340034046856,1.2175412789152382,1.1461925204174852,0.0586006895481365,2
2023-12-13 00:00:00+00:00,0.0018711224221166223,1.219819447702069,1.1461925204174852,0.06035887312936697,2
2023-12-14 00:00:00+00:00,0.0015865948488107406,1.2217548069542723,1.1461925204174852,0.06184734130505062,2
2023-12-15 00:00:00+00:00,-0.0019160182776539747,1.2194139024133364,1.1461925204174852,0.060046372975524565,2
2023-12-16 00:00:00+00:00,0.0006621203019396837,1.2202213011145917,1.1461925204174852,0.06066832354875798,2
2023-12-17 00:00:00+00:00,-0.0016597121312083019,1.218196085018373,1.1461925204174852,0.05910671154373472,2
2023-12-18 00:00:00+00:00,0.0031568703348721083,1.2220417721012249,1.0588546893993322,0.13353641948040995,3
2023-12-19 00:00:00+00:00,-0.0021203153599557156,1.2194506581613311,1.0588546893993322,0.13169533977220782,3
2023-12-20 00:00:00+00:00,0.005964691518713261,1.2267243051595553,1.0696903823250135,0.12801076996197372,3
2023-12-21 00:00:00+00:00,0.004953703501379136,1.2328011336452511,1.0820457046892389,0.1222869000049066,3
2023-12-22 00:00:00+00:00,0.0032998919523605785,1.2368692441850282,1.0820457046892389,0.1251737321658461,3
2023-12-23 00:00:00+00:00,0.0008844070227578271,1.2379631400308186,1.1097956082947777,0.10353097567416288,2
2023-12-24 00:00:00+00:00,-0.0018644893093199277,1.235654970990899,1.1097956082947777,0.10185639652725384,2
2023-12-25 00:00:00+00:00,0.003924583220241917,1.2405044017560585,0.9493893546569367,0.2346747393133141,4
2023-12-26 00:00:00+00:00,0.0015718384594205492,1.2424542742838192,0.9716915174479307,0.21792573170707857,4
2023-12-27 00:00:00+00:00,0.007209106477163552,1.2514112594401383,1.066379607024813,0.14785838869478085,3
2023-12-28 00:00:00+00:00,-0.0035783118594271413,1.246933319689463,1.066379607024813,0.14479820998737544,3
2023-12-29 00:00:00+00:00,-0.0003631109948205591,1.2464805444912757,1.066379607024813,0.14448756401566376,3
2023-12-30 00:00:00+00:00,-0.0013341904896518875,1.2448175020032792,1.066379607024813,0.14334462255817174,3
2023-12-31 00:00:00+00:00,-3.154050552778287e-05,1.2447782398299763,1.066379607024813,0.1433176023622735,3
2024-01-01 00:00:00+00:00,0.007044726790620626,1.2535473624444882,0.9977930721748527,0.20402443332567838,4
2024-01-02 00:00:00+00:00,6.732660007324753e-05,1.2536317595264324,0.9977930721748527,0.20407802004651227,4
2024-01-03 00:00:00+00:00,-0.0091876161253438,1.2421138721573641,1.089720368884401,0.12268883448526229,2
2024-01-04 00:00:00+00:00,0.0034345924676495443,1.2463800271066388,1.089720368884401,0.12569172709378965,2
2024-01-05 00:00:00+00:00,-0.0011010039892724865,1.2450077577246448,1.089720368884401,0.1247280491842431,2
2024-01-06 00:00:00+00:00,-0.002038094505183663,1.242470314254715,1.089720368884401,0.12294051907545153,2
2024-01-07 00:00:00+00:00,-0.0009621637225363244,1.241274854392011,1.089720368884401,0.12209583153268881,2
2024-01-08 00:00:00+00:00,0.008969059311463523,1.252407922182881,1.0196533953945766,0.18584561999785634,4
2024-01-09 00:00:00+00:00,-0.0007794503684686038,1.2514317323664625,1.0196533953945766,0.1852105320468358,4
2024-01-10 00:00:00+00:00,0.00711705619581493,1.2603382423309406,1.0585780543810612,0.16008415929420092,4
2024-01-11 00:00:00+00:00,2.88279356108756e-05,1.2603745752806383,1.0585780543810612,0.16010837163598343,4
2024-01-12 00:00:00+00:00,-0.008777291205698812,1.2493119006051412,1.1209817181283537,0.1027206916180234,3
2024-01-13 00:00:00+00:00,0.0024579252179595112,1.2523826158307354,1.1209817181283537,0.10492072952898697,3
2024-01-14 00:00:00+00:00,-0.0022019506451447235,1.2496249311218388,1.1209817181283537,0.10294545970525493,3
2024-01-15 00:00:00+00:00,0.0045413624867227664,1.2552999309065092,1.0621391617238944,0.15387618881100756,4
2024-01-16 00:00:00+00:00,0.0019131481423206864,1.2577015056373781,1.0621391617238944,0.15549185799406076,4
2024-01-17 00:00:00+00:00,-0.0011810710257653678,1.2562160708300083,1.0621391617238944,0.15449325447483186,4
2024-01-18 00:00:00+00:00,-0.003337175108032553,1.252023857828124,1.0621391617238944,0.15166220269446062,4
2024-01-19 00:00:00+00:00,-0.0001544254478001994,1.2518305134832224,1.0995153029760578,0.12167398770568945,3
2024-01-20 00:00:00+00:00,0.0003243684335454411,1.2522365677859453,1.0995153029760578,0.1219587965554391,3
2024-01-21 00:00:00+00:00,-0.00026072283556177744,1.251910081117198,1.0995153029760578,0.12172981146149389,3
2024-01-22 00:00:00+00:00,-0.009047802900703839,1.2405830454538453,1.036190823089548,0.16475496994199537,4
2024-01-23 00:00:00+00:00,-0.002949611615241765,1.2369238072933026,1.0930153830234683,0.11634380664459985,3
2024-01-24 00:00:00+00:00,0.000141810925948338,1.2370992166037424,1.0930153830234683,0.11646910097949396,3
2024-01-25 00:00:00+00:00,-0.0007137475187809494,1.2362162401074057,1.0930153830234683,0.11583803256903964,3
2024-01-26 00:00:00+00:00,0.005055776545499935,1.2424662731793068,1.0930153830234683,0.12028567163711681,3
2024-01-27 00:00:00+00:00,0.001360534981785566,1.2441566920076559,1.0930153830234683,0.12148092756732726,3
2024-01-28 00:00:00+00:00,0.0002052388428162022,1.2444120412874056,1.0930153830234683,0.12166119680689523,3
2024-01-29 00:00:00+00:00,0.004756374038644706,1.2503309304139618,1.0197658059641197,0.18440327983688792,4
2024-01-30 00:00:00+00:00,-0.0005409149702496618,1.2496546076959347,1.0197658059641197,0.1839618725974813,4
2024-01-31 00:00:00+00:00,-0.0041057997142821545,1.2445237761647054,1.0197658059641197,0.18059757033588442,4
2024-02-01 00:00:00+00:00,0.0011529459444448165,1.2459586448051998,1.0197658059641197,0.18154120907957125,4
2024-02-02 00:00:00+00:00,0.0010681169054476136,1.247289474297205,1.0197658059641197,0.1824144859887358,4
2024-02-03 00:00:00+00:00,-0.0013900733208115357,1.2455556504756553,1.0197658059641197,0.18127640015547325,4
2024-02-04 00:00:00+00:00,-0.0001286908501394457,1.2453953588600997,1.0197658059641197,0.1811710243584791,4
2024-02-05 00:00:00+00:00,-0.00035667010839357527,1.2449511635624622,0.9958644141375185,0.20007752650487517,4
2024-02-06 00:00:00+00:00,0.002810885995342627,1.2484505793530054,0.9958644141375185,0.20231971484717215,4
2024-02-07 00:00:00+00:00,0.005249503021849122,1.2550043244419484,0.9958644141375185,0.20648527280546167,4
2024-02-08 00:00:00+00:00,0.004011960193426312,1.2600393518341875,0.9958644141375185,0.20965610106709795,4
2024-02-09 00:00:00+00:00,0.0059016834848104605,1.2674757052671186,1.0428258854776578,0.17724191387330476,4
2024-02-10 00:00:00+00:00,0.001162603076025004,1.2689492764208492,1.0428258854776578,0.17819734416885963,4
2024-02-11 00:00:00+00:00,-0.00036188290328331707,1.2684900653725788,1.0428258854776578,0.17789984017623298,4
2024-02-12 00:00:00+00:00,0.008052470416687774,1.278704544097854,0.9976383094734861,0.21980545538974725,4
2024-02-13 00:00:00+00:00,-0.0009454193436578828,1.2774956320870405,0.9976383094734861,0.21906714636382152,4
2024-02-14 00:00:00+00:00,0.008030213231044137,1.287754194414427,1.0469223754483288,0.18701691674598683,4
2024-02-15 00:00:00+00:00,0.002569119961876254,1.291062589421287,1.069464874878995,0.1716397921820523,4
2024-02-16 00:00:00+00:00,-0.00020781343552123133,1.2907942892691064,1.069464874878995,0.17146761202006555,4
2024-02-17 00:00:00+00:00,-0.002005990349078668,1.2882049683821868,1.069464874878995,0.1698022433323636,4
2024-02-18 00:00:00+00:00,0.0023940572684164607,1.2912890048499523,1.069464874878995,0.171785037383427,4
2024-02-19 00:00:00+00:00,-1.170379656822984e-05,1.2912738918661288,1.1096809894677786,0.14063081701118818,3
2024-02-20 00:00:00+00:00,1.9172075256701504e-05,1.2912986482663606,1.1096809894677786,0.14064729258596662,3
2024-02-21 00:00:00+00:00,0.0007305723933035413,1.2922420354102944,1.1578704685647754,0.10398328112183357,2
2024-02-22 00:00:00+00:00,-0.001758871372019688,1.2899691478884907,1.1578704685647754,0.10240452613920534,2
2024-02-23 00:00:00+00:00,-0.0013188752924597757,1.2882678394513052,1.1578704685647754,0.10121914627789526,2
2024-02-24 00:00:00+00:00,0.0023850650766312764,1.2913404420845276,1.1578704685647754,0.10335769652215036,2
2024-02-25 00:00:00+00:00,6.510400797687943e-05,1.29142451352297,1.1578704685647754,0.10341606772962905,2
2024-02-26 00:00:00+00:00,0.008888032462428752,1.3029027365219386,1.0049878218726493,0.22865476163214188,4
2024-02-27 00:00:00+00:00,0.001184449521673736,1.3044459590449993,1.0727734499048627,0.17760222838955084,3
2024-02-28 00:00:00+00:00,0.00967817262325199,1.3170706122143403,1.1221090250598955,0.14802667780026119,3
2024-02-29 00:00:00+00:00,-0.00029878234450853025,1.3166770947689397,1.1711181505361694,0.1105502213193083,2
2024-03-01 00:00:00+00:00,0.002651572051820761,1.3201683589547015,1.1711181505361694,0.11290242445785385,2
2024-03-02 00:00:00+00:00,0.0002849710615970835,1.3205445687334398,1.1711181505361694,0.11315514957635105,2
2024-03-03 00:00:00+00:00,0.0015921893722483649,1.3226471257613575,1.1711181505361694,0.11456492988480445,2
2024-03-04 00:00:00+00:00,0.009015269924305125,1.3345711466147023,1.0669297235714321,0.2005448894367111,4
2024-03-05 00:00:00+00:00,-0.01816562806116706,1.3103278235441345,1.3103278235441345,0.0,0
2024-03-06 00:00:00+00:00,0.0,1.3103278235441345,1.3103278235441345,0.0,0
2024-03-07 00:00:00+00:00,0.0,1.3103278235441345,1.3103278235441345,0.0,0
2024-03-08 00:00:00+00:00,0.0,1.3103278235441345,1.3103278235441345,0.0,0
2024-03-09 00:00:00+00:00,0.0,1.3103278235441345,1.3103278235441345,0.0,0
2024-03-10 00:00:00+00:00,0.0,1.3103278235441345,1.3103278235441345,0.0,0
2024-03-11 00:00:00+00:00,0.005139060961235842,1.3170616781085311,1.0553924564101111,0.19867651306521222,4
2024-03-12 00:00:00+00:00,0.0002926638343618837,1.3174471344293375,1.0553924564101111,0.19891096285448864,4
2024-03-13 00:00:00+00:00,0.012520212287425059,1.3339418522298525,1.106820463540184,0.1702633351746229,4
2024-03-14 00:00:00+00:00,-0.00321669306593797,1.3296509707234203,1.143815415149255,0.1397626592737026,3
2024-03-15 00:00:00+00:00,-0.0019508122046940635,1.3270570713817498,1.1582484706702567,0.12720523054500377,3
2024-03-16 00:00:00+00:00,-0.006877784112634955,1.3179298593396405,1.2191978131197196,0.07491449223966386,2
2024-03-17 00:00:00+00:00,0.004863465374217002,1.3243395655761854,1.2191978131197196,0.0793918381580039,2
2024-03-18 00:00:00+00:00,-0.002400507326530743,1.3211604787462052,1.155652746302072,0.1252745106341674,3
2024-03-19 00:00:00+00:00,-0.0106373699420097,1.3071068059810191,1.2665539467946048,0.031024900949833505,1
2024-03-20 00:00:00+00:00,0.0030004385200645967,1.3110286995915232,1.2665539467946048,0.03392355393194326,1
2024-03-21 00:00:00+00:00,-0.00018277776902997367,1.3107890726906777,1.2665539467946048,0.03374694435411402,1
2024-03-22 00:00:00+00:00,0.0,1.3107890726906777,1.2665539467946048,0.03374694435411402,1
2024-03-23 00:00:00+00:00,-0.00011578041580484477,1.310637308986809,1.2665539467946048,0.03363505821933527,1
2024-03-24 00:00:00+00:00,0.0009629170499465545,1.3118993439979285,1.2665539467946048,0.034564692337703685,1
2024-03-25 00:00:00+00:00,0.004403060197732289,1.3176757157829169,1.1432398088926878,0.13238151451139502,4
2024-03-26 00:00:00+00:00,-0.00017019949924768074,1.3174514480359198,1.1432398088926878,0.1322338211422894,4
2024-03-27 00:00:00+00:00,-0.0019905880392457886,1.3148289449411725,1.1432398088926878,0.1305030108354984,4
2024-03-28 00:00:00+00:00,0.0022667061872538863,1.317809275845851,1.1432398088926878,0.13246944770601476,4
2024-03-29 00:00:00+00:00,0.0011061173411857084,1.3192669275382396,1.1432398088926878,0.13342797804688364,4
2024-03-30 00:00:00+00:00,-0.000607493128931158,1.318465481944534,1.1432398088926878,0.13290122149683836,4
2024-03-31 00:00:00+00:00,0.00367696263877737,1.3233134302621616,1.1432398088926878,0.13607783103493437,4
2024-04-01 00:00:00+00:00,-0.005407376447390866,1.316157776386846,1.1432398088926878,0.1313808804662139,4
2024-04-02 00:00:00+00:00,-0.007291842183686836,1.3065605615926008,1.1432398088926878,0.1250005223644873,4
2024-04-03 00:00:00+00:00,0.001665256696964601,1.3087363203177826,1.1432398088926878,0.12645519869495903,4
2024-04-04 00:00:00+00:00,0.002894037872603006,1.3125238527940335,1.1432398088926878,0.12897597521064666,4
2024-04-05 00:00:00+00:00,-0.0022274561892258182,1.3096002634146209,1.1432398088926878,0.1270314760690173,4
2024-04-06 00:00:00+00:00,0.001956608599764431,1.3121626385522716,1.1432398088926878,0.12873619831605543,4
2024-04-07 00:00:00+00:00,0.001211362063593402,1.3137521425938783,1.1432398088926878,0.129790337288836,4
2024-04-08 00:00:00+00:00,0.0037484359331325656,1.318676658332407,1.1432398088926878,0.13304008100179457,4
2024-04-09 00:00:00+00:00,-0.004542644018298847,1.312686379698363,1.1432398088926878,0.1290838188209218,4
2024-04-10 00:00:00+00:00,0.0030851601005770224,1.3167362273415792,1.1432398088926878,0.13176247060443644,4
2024-04-11 00:00:00+00:00,-0.0011741385479928645,1.3151901965795187,1.1432398088926878,0.13074184109190512,4
2024-04-12 00:00:00+00:00,-0.008038873341489783,1.3046175491692469,1.1691579866438588,0.10383086032503991,3
2024-04-13 00:00:00+00:00,-0.007504489999424102,1.294827059818433,1.2035627854759159,0.0704837558425097,2
2024-04-14 00:00:00+00:00,0.0018087482007218547,1.2971690759331256,1.2035627854759159,0.0721619811895944,2
2024-04-15 00:00:00+00:00,-0.0055157695788864425,1.2900141902054214,1.1062685282873215,0.14243693078200975,4
2024-04-16 00:00:00+00:00,-0.0016171239619285904,1.2879280773472124,1.1062685282873215,0.14104789875694068,4
2024-04-17 00:00:00+00:00,-0.0036859990991789937,1.2831807756143032,1.1062685282873215,0.13787008868044148,4
2024-04-18 00:00:00+00:00,0.005474667885446705,1.2902057641977813,1.1062685282873215,0.14256426456506144,4
2024-04-19 00:00:00+00:00,0.0003306260848428,1.2906323398782396,1.1062685282873215,0.1428476614868579,4
2024-04-20 00:00:00+00:00,0.004725752948650186,1.2967315494640423,1.1062685282873215,0.14687929915443323,4
2024-04-21 00:00:00+00:00,0.00017749734859351385,1.2969617158759097,1.1062685282873215,0.14703069894380244,4
2024-04-22 00:00:00+00:00,0.005162004628626926,1.303656638256413,1.0964199276264974,0.15896571577857047,4
2024-04-23 00:00:00+00:00,-0.0002901991951786975,1.3032783181492016,1.0964199276264974,0.1587215774574274,4
2024-04-24 00:00:00+00:00,-0.003384796328103401,1.2988669864834335,1.0964199276264974,0.15586435020959571,4
2024-04-25 00:00:00+00:00,0.00016303365239633827,1.2990787455122168,1.0964199276264974,0.15600195029425454,4
2024-04-26 00:00:00+00:00,-0.0029794707126858944,1.2952081784364904,1.0964199276264974,0.15347976805547978,4
2024-04-27 00:00:00+00:00,0.0015051801186078961,1.2971577000361314,1.0964199276264974,0.1547520185125082,4
2024-04-28 00:00:00+00:00,-0.0003971021149590248,1.2966425959700116,1.0964199276264974,0.15441623541121494,4
2024-04-29 00:00:00+00:00,-0.0006827551549356548,1.295757306553504,1.0964199276264974,0.15383851429494183,4
2024-04-30 00:00:00+00:00,-0.008473584933468392,1.2847775969632607,1.1240240311417131,0.12512170682420806,3
2024-05-01 00:00:00+00:00,-0.0040316839431041585,1.279597779755124,1.1749095952934212,0.08181335269410732,2
2024-05-02 00:00:00+00:00,6.204529325359864e-05,1.2796771727746155,1.1749095952934212,0.08187031831945216,2
2024-05-03 00:00:00+00:00,0.003568725595216149,1.2842439894547102,1.1749095952934212,0.0851352196771521,2
2024-05-04 00:00:00+00:00,7.263695980275209e-05,1.284337273033749,1.1749095952934212,0.08520166784683218,2
2024-05-05 00:00:00+00:00,0.0007420768644073039,1.2852903500101633,1.1749095952934212,0.08588001513889004,2
2024-05-06 00:00:00+00:00,-0.0005352975127010939,1.2846023372827042,1.0631886410149287,0.1723597177443472,4
2024-05-07 00:00:00+00:00,-0.0034223520515392902,1.2802059758382927,1.0631886410149287,0.16951751430566372,4
2024-05-08 00:00:00+00:00,-0.0016575715063074092,1.2780839428905386,1.0631886410149287,0.1681386446257971,4
2024-05-09 00:00:00+00:00,0.005342657311484311,1.2849123074127133,1.0631886410149287,0.17255937632370044,4
2024-05-10 00:00:00+00:00,-0.005825894408455712,1.2774265439856016,1.0631886410149287,0.16771054584653106,4
2024-05-11 00:00:00+00:00,0.0004574128332883731,1.278010855280404,1.0631886410149287,0.16809107166647794,4
2024-05-12 00:00:00+00:00,0.0005390355523207102,1.278699748567652,1.0631886410149287,0.1685392585664696,4
2024-05-13 00:00:00+00:00,0.001773323669826521,1.280967297098388,1.0139580018987024,0.20844349094977507,4
2024-05-14 00:00:00+00:00,-0.006496083671119646,1.272646026356469,1.0139580018987024,0.20326785225454966,4
2024-05-15 00:00:00+00:00,0.012008546218686744,1.2879286549839986,1.0139580018987024,0.21272191749526678,4
2024-05-16 00:00:00+00:00,-0.0035730630946401165,1.2833268046383457,1.0139580018987024,0.2098988361858101,4
2024-05-17 00:00:00+00:00,0.0076713194750692715,1.2931716145476462,1.0258801970350948,0.20669446692583834,4
2024-05-18 00:00:00+00:00,0.0008733746634097539,1.2943010378712327,1.0258801970350948,0.20738671528658886,4
2024-05-19 00:00:00+00:00,-0.002535680161420917,1.2910191044065962,1.0258801970350948,0.20537179230463035,4
2024-05-20 00:00:00+00:00,0.017337375474355543,1.3134019873642595,1.0832500115398351,0.17523346091952716,4
2024-05-21 00:00:00+00:00,0.0008041144512977993,1.3144581128826625,1.1263012011696965,0.1431440909899593,3
2024-05-22 00:00:00+00:00,-0.0012294702646389322,1.3128420257187599,1.1263012011696965,0.14208931531342117,3
2024-05-23 00:00:00+00:00,-0.002644825982663468,1.3093697870180063,1.1263012011696965,0.1398142737547314,3
2024-05-24 00:00:00+00:00,-0.0008965740720265902,1.308195840016271,1.1263012011696965,0.1390423614589022,3
2024-05-25 00:00:00+00:00,0.0008112939773328165,1.309257171422448,1.1263012011696965,0.13974028498463603,3
2024-05-26 00:00:00+00:00,-0.0015460203627785107,1.307233033175315,1.1263012011696965,0.1384082465894615,3
2024-05-27 00:00:00+00:00,0.0029905505082867823,1.3111423795871269,1.0524424579144087,0.19730879399549392,4
2024-05-28 00:00:00+00:00,-0.001868142641963777,1.3086929785981343,1.0524424579144087,0.19580644572435915,4
2024-05-29 00:00:00+00:00,-0.0023505815622961723,1.305616789011935,1.0524424579144087,0.19391166935676718,4
2024-05-30 00:00:00+00:00,-0.0001510962284217987,1.305419515239351,1.0524424579144087,0.19378985404439775,4
2024-05-31 00:00:00+00:00,-0.0006601681220923528,1.3045577188894328,1.0524424579144087,0.19325726821014044,4
2024-06-01 00:00:00+00:00,0.0019542752917642847,1.3071071838061388,1.0524424579144087,0.19483079050195187,4
2024-06-02 00:00:00+00:00,-0.0008875789718937321,1.3059470229557812,1.0524424579144087,0.1941155043698553,4
2024-06-03 00:00:00+00:00,-0.00040115696273845813,1.305423133214555,1.305423133214555,0.0,0
2024-06-04 00:00:00+00:00,0.0,1.305423133214555,1.305423133214555,0.0,0
2024-06-05 00:00:00+00:00,0.0,1.305423133214555,1.305423133214555,0.0,0
2024-06-06 00:00:00+00:00,0.0,1.305423133214555,1.305423133214555,0.0,0
2024-06-07 00:00:00+00:00,0.0,1.305423133214555,1.305423133214555,0.0,0
2024-06-08 00:00:00+00:00,0.0,1.305423133214555,1.305423133214555,0.0,0
2024-06-09 00:00:00+00:00,0.0,1.305423133214555,1.305423133214555,0.0,0
2024-06-10 00:00:00+00:00,0.0,1.305423133214555,1.305423133214555,0.0,0
2024-06-11 00:00:00+00:00,0.0,1.305423133214555,1.305423133214555,0.0,0
2024-06-12 00:00:00+00:00,0.0,1.305423133214555,1.305423133214555,0.0,0
2024-06-13 00:00:00+00:00,0.0,1.305423133214555,1.305423133214555,0.0,0
2024-06-14 00:00:00+00:00,0.0,1.305423133214555,1.305423133214555,0.0,0
2024-06-15 00:00:00+00:00,0.0,1.305423133214555,1.305423133214555,0.0,0
2024-06-16 00:00:00+00:00,0.0,1.305423133214555,1.305423133214555,0.0,0
2024-06-17 00:00:00+00:00,0.0,1.305423133214555,1.305423133214555,0.0,0
2024-06-18 00:00:00+00:00,0.0,1.305423133214555,1.305423133214555,0.0,0
2024-06-19 00:00:00+00:00,0.0,1.305423133214555,1.305423133214555,0.0,0
2024-06-20 00:00:00+00:00,0.0,1.305423133214555,1.305423133214555,0.0,0
2024-06-21 00:00:00+00:00,0.0,1.305423133214555,1.305423133214555,0.0,0
2024-06-22 00:00:00+00:00,0.0,1.305423133214555,1.305423133214555,0.0,0
2024-06-23 00:00:00+00:00,0.0,1.305423133214555,1.305423133214555,0.0,0
2024-06-24 00:00:00+00:00,0.0,1.305423133214555,1.305423133214555,0.0,0
2024-06-25 00:00:00+00:00,0.0,1.305423133214555,1.305423133214555,0.0,0
2024-06-26 00:00:00+00:00,0.0,1.305423133214555,1.305423133214555,0.0,0
2024-06-27 00:00:00+00:00,0.0,1.305423133214555,1.305423133214555,0.0,0
2024-06-28 00:00:00+00:00,0.0,1.305423133214555,1.305423133214555,0.0,0
2024-06-29 00:00:00+00:00,0.0,1.305423133214555,1.305423133214555,0.0,0
2024-06-30 00:00:00+00:00,0.0,1.305423133214555,1.305423133214555,0.0,0
2024-07-01 00:00:00+00:00,0.0,1.305423133214555,1.305423133214555,0.0,0
2024-07-02 00:00:00+00:00,0.0,1.305423133214555,1.305423133214555,0.0,0
2024-07-03 00:00:00+00:00,0.0,1.305423133214555,1.305423133214555,0.0,0
2024-07-04 00:00:00+00:00,0.0,1.305423133214555,1.305423133214555,0.0,0
2024-07-05 00:00:00+00:00,0.0,1.305423133214555,1.305423133214555,0.0,0
2024-07-06 00:00:00+00:00,0.0,1.305423133214555,1.305423133214555,0.0,0
2024-07-07 00:00:00+00:00,0.0,1.305423133214555,1.305423133214555,0.0,0
2024-07-08 00:00:00+00:00,0.0,1.305423133214555,1.305423133214555,0.0,0
2024-07-09 00:00:00+00:00,0.0,1.305423133214555,1.305423133214555,0.0,0
2024-07-10 00:00:00+00:00,0.0,1.305423133214555,1.305423133214555,0.0,0
2024-07-11 00:00:00+00:00,0.0,1.305423133214555,1.305423133214555,0.0,0
2024-07-12 00:00:00+00:00,0.0,1.305423133214555,1.305423133214555,0.0,0
2024-07-13 00:00:00+00:00,0.0,1.305423133214555,1.305423133214555,0.0,0
2024-07-14 00:00:00+00:00,0.0,1.305423133214555,1.305423133214555,0.0,0
2024-07-15 00:00:00+00:00,0.0,1.305423133214555,1.305423133214555,0.0,0
2024-07-16 00:00:00+00:00,0.0,1.305423133214555,1.305423133214555,0.0,0
2024-07-17 00:00:00+00:00,0.0,1.305423133214555,1.305423133214555,0.0,0
2024-07-18 00:00:00+00:00,0.0,1.305423133214555,1.305423133214555,0.0,0
2024-07-19 00:00:00+00:00,0.0,1.305423133214555,1.305423133214555,0.0,0
2024-07-20 00:00:00+00:00,0.0,1.305423133214555,1.305423133214555,0.0,0
2024-07-21 00:00:00+00:00,0.0,1.305423133214555,1.305423133214555,0.0,0
2024-07-22 00:00:00+00:00,-0.0037571179851341174,1.3005185044825445,1.0925554700162503,0.15990778581734927,3
2024-07-23 00:00:00+00:00,-0.00214921036029192,1.2977234166389593,1.0925554700162503,0.1580983620948168,3
2024-07-24 00:00:00+00:00,-0.0017321047113040278,1.2954756237950293,1.0925554700162503,0.1566375700565749,3
2024-07-25 00:00:00+00:00,-0.00294153958363641,1.2916649309680002,1.160345140496753,0.10166707117521055,2
2024-07-26 00:00:00+00:00,0.004589493188291716,1.297593018370233,1.160345140496753,0.10577112848978043,2
2024-07-27 00:00:00+00:00,0.00018925636011180025,1.2978385961017964,1.160345140496753,0.10594033496770727,2
2024-07-28 00:00:00+00:00,0.0005566755876662555,1.2985610711649773,1.160345140496753,0.10643775925319152,2
2024-07-29 00:00:00+00:00,-0.0011766271341128176,1.297033148973342,1.0847712706757757,0.1636518530506185,3
2024-07-30 00:00:00+00:00,-0.002032539991877913,1.2943968772272623,1.0847712706757757,0.16194847982059973,3
2024-07-31 00:00:00+00:00,-0.004020080475733212,1.289193297613271,1.0847712706757757,0.15856584680974456,3
2024-08-01 00:00:00+00:00,-0.004539830919670473,1.2833405780193343,1.2094573079787836,0.05757105425169341,1
2024-08-02 00:00:00+00:00,-0.003966933798734584,1.2782496509051018,1.2782496509051018,0.0,0
2024-08-03 00:00:00+00:00,0.0,1.2782496509051018,1.2782496509051018,0.0,0
2024-08-04 00:00:00+00:00,0.0,1.2782496509051018,1.2782496509051018,0.0,0
2024-08-05 00:00:00+00:00,0.0,1.2782496509051018,1.2782496509051018,0.0,0
2024-08-06 00:00:00+00:00,0.0,1.2782496509051018,1.2782496509051018,0.0,0
2024-08-07 00:00:00+00:00,0.0,1.2782496509051018,1.2782496509051018,0.0,0
2024-08-08 00:00:00+00:00,0.0,1.2782496509051018,1.2782496509051018,0.0,0
2024-08-09 00:00:00+00:00,0.0,1.2782496509051018,1.2782496509051018,0.0,0
2024-08-10 00:00:00+00:00,0.0,1.2782496509051018,1.2782496509051018,0.0,0
2024-08-11 00:00:00+00:00,0.0,1.2782496509051018,1.2782496509051018,0.0,0
2024-08-12 00:00:00+00:00,0.0,1.2782496509051018,1.2782496509051018,0.0,0
2024-08-13 00:00:00+00:00,0.0,1.2782496509051018,1.2782496509051018,0.0,0
2024-08-14 00:00:00+00:00,0.0,1.2782496509051018,1.2782496509051018,0.0,0
2024-08-15 00:00:00+00:00,0.0,1.2782496509051018,1.2782496509051018,0.0,0
2024-08-16 00:00:00+00:00,0.0,1.2782496509051018,1.2782496509051018,0.0,0
2024-08-17 00:00:00+00:00,0.0,1.2782496509051018,1.2782496509051018,0.0,0
2024-08-18 00:00:00+00:00,0.0,1.2782496509051018,1.2782496509051018,0.0,0
2024-08-19 00:00:00+00:00,0.0,1.2782496509051018,1.2782496509051018,0.0,0
2024-08-20 00:00:00+00:00,0.0,1.2782496509051018,1.2782496509051018,0.0,0
2024-08-21 00:00:00+00:00,0.0,1.2782496509051018,1.2782496509051018,0.0,0
2024-08-22 00:00:00+00:00,0.0,1.2782496509051018,1.2782496509051018,0.0,0
2024-08-23 00:00:00+00:00,0.0,1.2782496509051018,1.2782496509051018,0.0,0
2024-08-24 00:00:00+00:00,0.0,1.2782496509051018,1.2782496509051018,0.0,0
2024-08-25 00:00:00+00:00,0.0,1.2782496509051018,1.2782496509051018,0.0,0
2024-08-26 00:00:00+00:00,0.0,1.2782496509051018,1.2782496509051018,0.0,0
2024-08-27 00:00:00+00:00,0.0,1.2782496509051018,1.2782496509051018,0.0,0
2024-08-28 00:00:00+00:00,0.0,1.2782496509051018,1.2782496509051018,0.0,0
2024-08-29 00:00:00+00:00,0.0,1.2782496509051018,1.2782496509051018,0.0,0
2024-08-30 00:00:00+00:00,0.0,1.2782496509051018,1.2782496509051018,0.0,0
2024-08-31 00:00:00+00:00,0.0,1.2782496509051018,1.2782496509051018,0.0,0
2024-09-01 00:00:00+00:00,0.0,1.2782496509051018,1.2782496509051018,0.0,0
2024-09-02 00:00:00+00:00,0.0,1.2782496509051018,1.2782496509051018,0.0,0
2024-09-03 00:00:00+00:00,0.0,1.2782496509051018,1.2782496509051018,0.0,0
2024-09-04 00:00:00+00:00,0.0,1.2782496509051018,1.2782496509051018,0.0,0
2024-09-05 00:00:00+00:00,0.0,1.2782496509051018,1.2782496509051018,0.0,0
2024-09-06 00:00:00+00:00,0.0,1.2782496509051018,1.2782496509051018,0.0,0
2024-09-07 00:00:00+00:00,0.0,1.2782496509051018,1.2782496509051018,0.0,0
2024-09-08 00:00:00+00:00,0.0,1.2782496509051018,1.2782496509051018,0.0,0
2024-09-09 00:00:00+00:00,0.0,1.2782496509051018,1.2782496509051018,0.0,0
2024-09-10 00:00:00+00:00,0.0,1.2782496509051018,1.2782496509051018,0.0,0
2024-09-11 00:00:00+00:00,0.0,1.2782496509051018,1.2782496509051018,0.0,0
2024-09-12 00:00:00+00:00,0.0,1.2782496509051018,1.2782496509051018,0.0,0
2024-09-13 00:00:00+00:00,0.0,1.2782496509051018,1.2782496509051018,0.0,0
2024-09-14 00:00:00+00:00,0.0,1.2782496509051018,1.2782496509051018,0.0,0
2024-09-15 00:00:00+00:00,0.0,1.2782496509051018,1.2782496509051018,0.0,0
2024-09-16 00:00:00+00:00,0.0,1.2782496509051018,1.2782496509051018,0.0,0
2024-09-17 00:00:00+00:00,0.0,1.2782496509051018,1.2782496509051018,0.0,0
2024-09-18 00:00:00+00:00,0.0,1.2782496509051018,1.2782496509051018,0.0,0
2024-09-19 00:00:00+00:00,0.0,1.2782496509051018,1.2782496509051018,0.0,0
2024-09-20 00:00:00+00:00,0.0,1.2782496509051018,1.2782496509051018,0.0,0
2024-09-21 00:00:00+00:00,0.0,1.2782496509051018,1.2782496509051018,0.0,0
2024-09-22 00:00:00+00:00,0.0,1.2782496509051018,1.2782496509051018,0.0,0
2024-09-23 00:00:00+00:00,0.0,1.2782496509051018,1.2782496509051018,0.0,0
2024-09-24 00:00:00+00:00,0.0,1.2782496509051018,1.2782496509051018,0.0,0
2024-09-25 00:00:00+00:00,0.0,1.2782496509051018,1.2782496509051018,0.0,0
2024-09-26 00:00:00+00:00,0.0,1.2782496509051018,1.2782496509051018,0.0,0
2024-09-27 00:00:00+00:00,0.0,1.2782496509051018,1.2782496509051018,0.0,0
2024-09-28 00:00:00+00:00,0.0,1.2782496509051018,1.2782496509051018,0.0,0
2024-09-29 00:00:00+00:00,0.0,1.2782496509051018,1.2782496509051018,0.0,0
2024-09-30 00:00:00+00:00,-0.006627612930798388,1.2697779069899746,1.077993173711972,0.151038013988313,2
2024-10-01 00:00:00+00:00,-0.004004333850493702,1.2646932923344056,1.2646932923344056,0.0,0
2024-10-02 00:00:00+00:00,0.0,1.2646932923344056,1.2646932923344056,0.0,0
2024-10-03 00:00:00+00:00,0.0,1.2646932923344056,1.2646932923344056,0.0,0
2024-10-04 00:00:00+00:00,0.0,1.2646932923344056,1.2646932923344056,0.0,0
2024-10-05 00:00:00+00:00,0.0,1.2646932923344056,1.2646932923344056,0.0,0
2024-10-06 00:00:00+00:00,0.0,1.2646932923344056,1.2646932923344056,0.0,0
2024-10-07 00:00:00+00:00,0.0,1.2646932923344056,1.2646932923344056,0.0,0
2024-10-08 00:00:00+00:00,0.0,1.2646932923344056,1.2646932923344056,0.0,0
2024-10-09 00:00:00+00:00,0.0,1.2646932923344056,1.2646932923344056,0.0,0
2024-10-10 00:00:00+00:00,0.0,1.2646932923344056,1.2646932923344056,0.0,0
2024-10-11 00:00:00+00:00,0.0,1.2646932923344056,1.2646932923344056,0.0,0
2024-10-12 00:00:00+00:00,0.0,1.2646932923344056,1.2646932923344056,0.0,0
2024-10-13 00:00:00+00:00,0.0,1.2646932923344056,1.2646932923344056,0.0,0
2024-10-14 00:00:00+00:00,0.0,1.2646932923344056,1.2646932923344056,0.0,0
2024-10-15 00:00:00+00:00,0.0,1.2646932923344056,1.2646932923344056,0.0,0
2024-10-16 00:00:00+00:00,0.0,1.2646932923344056,1.2646932923344056,0.0,0
2024-10-17 00:00:00+00:00,0.0,1.2646932923344056,1.2646932923344056,0.0,0
2024-10-18 00:00:00+00:00,0.0,1.2646932923344056,1.2646932923344056,0.0,0
2024-10-19 00:00:00+00:00,0.0,1.2646932923344056,1.2646932923344056,0.0,0
2024-10-20 00:00:00+00:00,0.0,1.2646932923344056,1.2646932923344056,0.0,0
2024-10-21 00:00:00+00:00,-0.0022584900444776457,1.2618369951243507,1.1544767194128647,0.08508252343711464,1
2024-10-22 00:00:00+00:00,6.124451614697435e-05,1.2619142757205735,1.1544767194128647,0.08513855368373592,1
2024-10-23 00:00:00+00:00,-0.0009563029637287279,1.2607075033587303,1.1544767194128647,0.08426283151551758,1
2024-10-24 00:00:00+00:00,0.0019333068086886396,1.2631448377587384,1.1544767194128647,0.08602981629461366,1
2024-10-25 00:00:00+00:00,-0.0018921360326257242,1.26075479589679,1.1544767194128647,0.08429718199749409,1
2024-10-26 00:00:00+00:00,0.0004985032982873783,1.2613832863208763,1.1544767194128647,0.08475343542867925,1
2024-10-27 00:00:00+00:00,0.0011734627746289306,1.262863472651913,1.1544767194128647,0.08582618437086058,1
2024-10-28 00:00:00+00:00,0.003907015700860272,1.267797500067607,1.0520743785842641,0.17015581863179186,2
2024-10-29 00:00:00+00:00,0.0042351410287615465,1.2731668012763047,1.0810962301170746,0.15086049288018355,2
2024-10-30 00:00:00+00:00,-0.0018251366131657454,1.2708430979326282,1.0810962301170746,0.1493078635153533,2
2024-10-31 00:00:00+00:00,-0.004523112817104158,1.2650949312278408,1.0810962301170746,0.1454426040045752,2
2024-11-01 00:00:00+00:00,-0.0018004676722256363,1.2628171687018686,1.1634286700689442,0.078703791092017,1
2024-11-02 00:00:00+00:00,-0.0006179847494575119,1.2620367669502577,1.1634286700689442,0.07813409201984049,1
2024-11-03 00:00:00+00:00,-0.0023107381320883746,1.2591205304687683,1.2591205304687683,0.0,0
2024-11-04 00:00:00+00:00,-0.002671836567539221,1.2557563661925224,1.0953125513355795,0.1277666744731796,2
2024-11-05 00:00:00+00:00,0.004299247596648348,1.2611551737318514,1.0953125513355795,0.13150056856646067,2
2024-11-06 00:00:00+00:00,0.011832700408263452,1.276078045070952,1.1392425708252973,0.10723127380351279,2
2024-11-07 00:00:00+00:00,0.0022737263920831197,1.2789794974003876,1.1392425708252973,0.10925658062472077,2
2024-11-08 00:00:00+00:00,0.0012598078087104891,1.2805907657583933,1.1863140960385348,0.0736196701090734,2
2024-11-09 00:00:00+00:00,0.00010679575413075071,1.2807275274149554,1.1863140960385348,0.07371859303046803,2
2024-11-10 00:00:00+00:00,0.003897166808141783,1.2857187362250704,1.2488469494185055,0.028677957136116875,1
2024-11-11 00:00:00+00:00,0.0149342803382837,1.3049200202680393,1.0413739719369253,0.20196337264944392,3
2024-11-12 00:00:00+00:00,-0.00680124245849778,1.2960449428212486,1.0413739719369253,0.1964985645713427,3
2024-11-13 00:00:00+00:00,0.00018203069477884526,1.296280862782655,1.069731293650187,0.1747688912464127,3
2024-11-14 00:00:00+00:00,-0.0036789605720732865,1.2915118965981445,1.069731293650187,0.1717216879938386,3
2024-11-15 00:00:00+00:00,0.0020432358325479516,1.2941507599834357,1.069731293650187,0.17341060506437522,3
2024-11-16 00:00:00+00:00,0.0009680482338976226,1.2954035603410348,1.069731293650187,0.17421000960614622,3
2024-11-17 00:00:00+00:00,-0.0018519156216568744,1.2930045822512892,1.069731293650187,0.17267787884583863,3
2024-11-18 00:00:00+00:00,0.0005203106042301897,1.2936773462467528,1.0876656993021425,0.15924499840883513,3
2024-11-19 00:00:00+00:00,0.00010395738739399363,1.2938118335637994,1.0876656993021425,0.15933239201702779,3
2024-11-20 00:00:00+00:00,-0.0006045661841215244,1.2930296386806104,1.0876656993021425,0.15882384535904248,3
2024-11-21 00:00:00+00:00,0.006337663466469801,1.3012244253827392,1.1475882109755475,0.11807049684146644,2
2024-11-22 00:00:00+00:00,0.0013777741495171192,1.3030172187587519,1.1475882109755475,0.11928392468310231,2
2024-11-23 00:00:00+00:00,0.0021690113136974,1.305843477848182,1.1726229394590697,0.10201876461384031,2
2024-11-24 00:00:00+00:00,0.00040292926885854286,1.306369640405955,1.1726229394590697,0.10238044180613656,2
2024-11-25 00:00:00+00:00,-0.009487455941233347,1.2939755159996387,1.161040205643667,0.10273402294886146,2
2024-11-26 00:00:00+00:00,-0.0013109156713944081,1.2922792232173141,1.161040205643667,0.10155623894262475,2
2024-11-27 00:00:00+00:00,0.004577166681600131,1.2981942006211487,1.161040205643667,0.10564982874816212,2
2024-11-28 00:00:00+00:00,-0.000935865741043429,1.296979265143566,1.161040205643667,0.10481205301678566,2
2024-11-29 00:00:00+00:00,0.0022138487317768796,1.299850581044845,1.161040205643667,0.10678948598045754,2
2024-11-30 00:00:00+00:00,-0.001716564881648952,1.2976193031860326,1.161040205643667,0.10525359572489727,2
2024-12-01 00:00:00+00:00,0.00035429899022965117,1.2980790483948539,1.161040205643667,0.1055704911966979,2
2024-12-02 00:00:00+00:00,-0.0028803595244296654,1.2943401140443471,1.161040205643667,0.10298677059784996,2
2024-12-03 00:00:00+00:00,0.0015020172024204914,1.2962842351614245,1.161040205643667,0.10433207922251378,2
2024-12-04 00:00:00+00:00,0.0008936626036359918,1.297442675906071,1.161040205643667,0.10513178947744037,2
2024-12-05 00:00:00+00:00,0.0001616374724107139,1.2976523912608022,1.161040205643667,0.10527641033697979,2
2024-12-06 00:00:00+00:00,0.001985319857230161,1.3002286463209545,1.161040205643667,0.10704920328522703,2
2024-12-07 00:00:00+00:00,0.00028918531338995024,1.3006046533495192,1.161040205643667,0.10730735688698644,2
2024-12-08 00:00:00+00:00,0.0006165107238902401,1.3014064900658506,1.161040205643667,0.10785737238415115,2
2024-12-09 00:00:00+00:00,-0.017788427443498178,1.2782565151428167,1.1970652889663091,0.06351716202082977,1
2024-12-10 00:00:00+00:00,-0.000446275185832512,1.2776860609789797,1.1970652889663091,0.06309904637364357,1
2024-12-11 00:00:00+00:00,0.0029605134757730855,1.2814686677803155,1.1970652889663091,0.06586456691149922,1
2024-12-12 00:00:00+00:00,-0.0007299389743721241,1.280533273855266,1.1970652889663091,0.06518220697043035,1
2024-12-13 00:00:00+00:00,0.0009255215612222756,1.2817184350100816,1.1970652889663091,0.06604660097840173,1
2024-12-14 00:00:00+00:00,-2.767563518135674e-06,1.2817148877729003,1.1970652889663091,0.06604401619589338,1
2024-12-15 00:00:00+00:00,0.001982225644450164,1.2842555358923173,1.1970652889663091,0.0678916652404595,1
2024-12-16 00:00:00+00:00,-0.0002449353770364038,1.2839409762784224,1.0557494410526542,0.17772743408127276,4
2024-12-17 00:00:00+00:00,-8.478731146066565e-05,1.2838321143749696,1.0557494410526542,0.1776577098893938,4
2024-12-18 00:00:00+00:00,-0.010725999270340014,1.2700617320529446,1.0557494410526542,0.16874163325421446,4
2024-12-19 00:00:00+00:00,-0.005552703132241765,1.2630094562952339,1.2146425985849145,0.03829492920202927,1
2024-12-20 00:00:00+00:00,-0.0020930404749851528,1.260365926382919,1.260365926382919,0.0,0
2024-12-21 00:00:00+00:00,0.0,1.260365926382919,1.260365926382919,0.0,0
2024-12-22 00:00:00+00:00,0.0,1.260365926382919,1.260365926382919,0.0,0
2024-12-23 00:00:00+00:00,0.0033323332239947323,1.2645658856337958,1.1200971897146363,0.11424370810600538,3
2024-12-24 00:00:00+00:00,0.003165139183384902,1.2685684126683872,1.1200971897146363,0.11703840444950625,3
2024-12-25 00:00:00+00:00,0.0007597752885197817,1.2695322396001294,1.1200971897146363,0.11770874754040231,3
2024-12-26 00:00:00+00:00,-0.00391512024008267,1.2645618682334334,1.1200971897146363,0.11424089413720127,3
2024-12-27 00:00:00+00:00,-0.0012795501275369991,1.2629437979336569,1.1200971897146363,0.11310606889454346,3
2024-12-28 00:00:00+00:00,0.0037510825650370894,1.2676812043947074,1.1200971897146363,0.11642044874408282,3
2024-12-29 00:00:00+00:00,-0.0030601041623574687,1.2638019678645969,1.1200971897146363,0.11370830383558705,3
2024-12-30 00:00:00+00:00,0.00026145652481512904,1.2641323971351692,1.1200971897146363,0.11393997001180538,3
2024-12-31 00:00:00+00:00,-4.228713278353613e-05,1.2640789406006356,1.1200971897146363,0.11390249948914223,3
2025-01-01 00:00:00+00:00,0.0015494760089513893,1.266037600592517,1.1200971897146363,0.11527336218891071,3
2025-01-02 00:00:00+00:00,0.003216229573592022,1.270109468164822,1.1200971897146363,0.11810972377596549,3
2025-01-03 00:00:00+00:00,0.002349133085532751,1.2730931243387362,1.1299106044507123,0.11246822180615812,3
2025-01-04 00:00:00+00:00,-0.00019407365737278415,1.2728460504999197,1.1299106044507123,0.11229594183292498,3
2025-01-05 00:00:00+00:00,-0.0004896250859864892,1.2722228331429961,1.1299106044507123,0.11186108674115273,3
2025-01-06 00:00:00+00:00,0.004398695142624032,1.2778189535394775,1.0790252150744166,0.15557269511022268,4
2025-01-07 00:00:00+00:00,-0.009875552664557863,1.2651997851680281,1.0790252150744166,0.14715033331189362,4
2025-01-08 00:00:00+00:00,-0.0032204963976494305,1.2611252138175877,1.135591122397651,0.09954133819902702,3
2025-01-09 00:00:00+00:00,-0.0031158106515557504,1.2571957864434293,1.135591122397651,0.09672691028482891,3
2025-01-10 00:00:00+00:00,0.001765752609506066,1.2594156831840018,1.135591122397651,0.09831905576505348,3
2025-01-11 00:00:00+00:00,0.00011458766464822467,1.2595599966859592,1.135591122397651,0.0984223654406968,3
2025-01-12 00:00:00+00:00,-0.00011573953223364963,1.2594142158011226,1.135591122397651,0.09831800518839379,3
2025-01-13 00:00:00+00:00,-0.001098494062405253,1.2580307567629563,1.1603144471263906,0.07767402276236858,2
2025-01-14 00:00:00+00:00,0.001486431114985809,1.2599007328234177,1.1603144471263906,0.07904296195927735,2
2025-01-15 00:00:00+00:00,0.002719349429700646,1.2633268431627005,1.1603144471263906,0.08154057407536867,2
2025-01-16 00:00:00+00:00,-0.0005261232951643269,1.2626621774811062,1.1603144471263906,0.08105709680707289,2
2025-01-17 00:00:00+00:00,0.0027507929222787553,1.2661354996621503,1.1778640758733185,0.06971720152573378,2
2025-01-18 00:00:00+00:00,-0.00028814251714004424,1.2657706721922373,1.1778640758733185,0.06944907023850533,2
2025-01-19 00:00:00+00:00,-0.0023159758055235624,1.2628391779400987,1.1778640758733185,0.06728893397604976,2
2025-01-20 00:00:00+00:00,-0.0003882664489794907,1.2623488598568477,1.0581074569323632,0.16179473790442203,3
2025-01-21 00:00:00+00:00,0.0016969168840228477,1.2644909609506658,1.1218832867936837,0.11277872168399469,2
2025-01-22 00:00:00+00:00,0.0013927762166110469,1.2662521138871976,1.1218832867936837,0.11401270371847527,2
2025-01-23 00:00:00+00:00,-0.0012559762346859848,1.2646617313250343,1.1218832867936837,0.11289852534855807,2
2025-01-24 00:00:00+00:00,-0.0009838152318184523,1.263417537850659,1.1218832867936837,0.11202492194128869,2
2025-01-25 00:00:00+00:00,0.0011003116670531554,1.2648076909079156,1.1218832867936837,0.11300089740254236,2
2025-01-26 00:00:00+00:00,-0.0044203635240233075,1.2592167811261221,1.1218832867936837,0.10906263035155925,2
2025-01-27 00:00:00+00:00,-0.004646207125674207,1.2533661991448855,1.1378749909964347,0.092144824255868,2
2025-01-28 00:00:00+00:00,-0.0015765878943874156,1.2513901571680792,1.1378749909964347,0.09071125062109449,2
2025-01-29 00:00:00+00:00,0.0015146297974888423,1.2532855499884101,1.1378749909964347,0.09208640360773536,2
2025-01-30 00:00:00+00:00,0.0020556600116037327,1.255861878976642,1.1378749909964347,0.09394893654734593,2
2025-01-31 00:00:00+00:00,-0.00225207334354538,1.253033585915824,1.1378749909964347,0.09190383738614757,2
2025-02-01 00:00:00+00:00,-0.003066885777439965,1.2491906750325241,1.1781806289383436,0.05684484163503041,1
2025-02-02 00:00:00+00:00,-0.0016578918195421233,1.2471196520313395,1.1781806289383436,0.055278595747173226,1
2025-02-03 00:00:00+00:00,-0.006323973467284416,1.2392329004413642,1.211216880006226,0.022607550546116226,1
2025-02-04 00:00:00+00:00,-0.0010076603812859686,1.2379841745444033,1.211216880006226,0.021621677472596194,1
2025-02-05 00:00:00+00:00,-0.001100755163626288,1.236621457071786,1.211216880006226,0.020543535711984133,1
2025-02-06 00:00:00+00:00,-0.0006892538496066081,1.235769110971993,1.211216880006226,0.0198679759412789,1
2025-02-07 00:00:00+00:00,0.0002568140817567066,1.2360864738814905,1.211216880006226,0.02011962302052413,1
2025-02-08 00:00:00+00:00,0.0007681485324257942,1.237035971892354,1.211216880006226,0.02087173895730077,1
2025-02-09 00:00:00+00:00,0.0001204219335786405,1.2371849381559956,1.211216880006226,0.02098963327865489,1
2025-02-10 00:00:00+00:00,0.0004204474896600807,1.2377051094574887,1.1657947819719314,0.05809972580389283,1
2025-02-11 00:00:00+00:00,-0.0009854866135584617,1.2364853676405854,1.1657947819719314,0.057170580031644866,1
2025-02-12 00:00:00+00:00,0.00124860195330867,1.238029245685859,1.1657947819719314,0.05834633064254493,1
2025-02-13 00:00:00+00:00,-0.0007522665254312555,1.2370979177268246,1.1657947819719314,0.057637422820913935,1
2025-02-14 00:00:00+00:00,0.0005323793407059352,1.2377565231006527,1.1657947819719314,0.05813885023886018,1
2025-02-15 00:00:00+00:00,4.125154726963842e-05,1.2378075824723735,1.1657947819719314,0.058177701865911174,1
2025-02-16 00:00:00+00:00,-0.0008655073858663265,1.2367362508674624,1.1657947819719314,0.057361841577597376,1
2025-02-17 00:00:00+00:00,-0.0006295071172517375,1.2359577165953781,1.114359088620686,0.09838413267862665,2
2025-02-18 00:00:00+00:00,-0.0012573879230058926,1.2344036382891852,1.114359088620686,0.09724902450455694,2
2025-02-19 00:00:00+00:00,0.0009028127626651283,1.235518073648113,1.114359088620686,0.09806330446440253,2
2025-02-20 00:00:00+00:00,0.0011759595204208217,1.2369709928894717,1.114359088620686,0.09912269970241862,2
2025-02-21 00:00:00+00:00,-0.0018148454760277266,1.2347260816790486,1.114359088620686,0.09748477402751633,2
2025-02-22 00:00:00+00:00,0.0015238442301257482,1.236607611894401,1.114359088620686,0.09885797410420134,2
2025-02-23 00:00:00+00:00,-0.000800849094212297,1.2356172758085193,1.114359088620686,0.09813571690998625,2
2025-02-24 00:00:00+00:00,-0.0055397922789419685,1.228772212764268,1.114359088620686,0.09311174435349266,2
2025-02-25 00:00:00+00:00,-0.0036409789161364614,1.2242982790448589,1.2242982790448589,0.0,0
2025-02-26 00:00:00+00:00,0.0,1.2242982790448589,1.2242982790448589,0.0,0
2025-02-27 00:00:00+00:00,0.0,1.2242982790448589,1.2242982790448589,0.0,0
2025-02-28 00:00:00+00:00,0.0,1.2242982790448589,1.2242982790448589,0.0,0
2025-03-01 00:00:00+00:00,0.0,1.2242982790448589,1.2242982790448589,0.0,0
2025-03-02 00:00:00+00:00,0.0,1.2242982790448589,1.2242982790448589,0.0,0
2025-03-03 00:00:00+00:00,0.0,1.2242982790448589,1.2242982790448589,0.0,0
2025-03-04 00:00:00+00:00,0.0,1.2242982790448589,1.2242982790448589,0.0,0
2025-03-05 00:00:00+00:00,0.0,1.2242982790448589,1.2242982790448589,0.0,0
2025-03-06 00:00:00+00:00,0.0,1.2242982790448589,1.2242982790448589,0.0,0
2025-03-07 00:00:00+00:00,0.0,1.2242982790448589,1.2242982790448589,0.0,0
2025-03-08 00:00:00+00:00,0.0,1.2242982790448589,1.2242982790448589,0.0,0
2025-03-09 00:00:00+00:00,0.0,1.2242982790448589,1.2242982790448589,0.0,0
2025-03-10 00:00:00+00:00,0.0,1.2242982790448589,1.2242982790448589,0.0,0
2025-03-11 00:00:00+00:00,0.0,1.2242982790448589,1.2242982790448589,0.0,0
2025-03-12 00:00:00+00:00,0.0,1.2242982790448589,1.2242982790448589,0.0,0
2025-03-13 00:00:00+00:00,0.0,1.2242982790448589,1.2242982790448589,0.0,0
2025-03-14 00:00:00+00:00,0.0,1.2242982790448589,1.2242982790448589,0.0,0
2025-03-15 00:00:00+00:00,0.0,1.2242982790448589,1.2242982790448589,0.0,0
2025-03-16 00:00:00+00:00,0.0,1.2242982790448589,1.2242982790448589,0.0,0
2025-03-17 00:00:00+00:00,0.0,1.2242982790448589,1.2242982790448589,0.0,0
2025-03-18 00:00:00+00:00,0.0,1.2242982790448589,1.2242982790448589,0.0,0
2025-03-19 00:00:00+00:00,0.0,1.2242982790448589,1.2242982790448589,0.0,0
2025-03-20 00:00:00+00:00,0.0,1.2242982790448589,1.2242982790448589,0.0,0
2025-03-21 00:00:00+00:00,0.0,1.2242982790448589,1.2242982790448589,0.0,0
2025-03-22 00:00:00+00:00,0.0,1.2242982790448589,1.2242982790448589,0.0,0
2025-03-23 00:00:00+00:00,0.0,1.2242982790448589,1.2242982790448589,0.0,0
2025-03-24 00:00:00+00:00,0.0,1.2242982790448589,1.2242982790448589,0.0,0
2025-03-25 00:00:00+00:00,0.0,1.2242982790448589,1.2242982790448589,0.0,0
2025-03-26 00:00:00+00:00,0.0,1.2242982790448589,1.2242982790448589,0.0,0
2025-03-27 00:00:00+00:00,0.0,1.2242982790448589,1.2242982790448589,0.0,0
2025-03-28 00:00:00+00:00,0.0,1.2242982790448589,1.2242982790448589,0.0,0
2025-03-29 00:00:00+00:00,0.0,1.2242982790448589,1.2242982790448589,0.0,0
2025-03-30 00:00:00+00:00,0.0,1.2242982790448589,1.2242982790448589,0.0,0
2025-03-31 00:00:00+00:00,0.0,1.2242982790448589,1.2242982790448589,0.0,0
2025-04-01 00:00:00+00:00,0.0,1.2242982790448589,1.2242982790448589,0.0,0
2025-04-02 00:00:00+00:00,0.0,1.2242982790448589,1.2242982790448589,0.0,0
2025-04-03 00:00:00+00:00,0.0,1.2242982790448589,1.2242982790448589,0.0,0
2025-04-04 00:00:00+00:00,0.0,1.2242982790448589,1.2242982790448589,0.0,0
2025-04-05 00:00:00+00:00,0.0,1.2242982790448589,1.2242982790448589,0.0,0
2025-04-06 00:00:00+00:00,0.0,1.2242982790448589,1.2242982790448589,0.0,0
2025-04-07 00:00:00+00:00,0.0,1.2242982790448589,1.2242982790448589,0.0,0
2025-04-08 00:00:00+00:00,0.0,1.2242982790448589,1.2242982790448589,0.0,0
2025-04-09 00:00:00+00:00,0.0,1.2242982790448589,1.2242982790448589,0.0,0
2025-04-10 00:00:00+00:00,0.0,1.2242982790448589,1.2242982790448589,0.0,0
2025-04-11 00:00:00+00:00,0.0,1.2242982790448589,1.2242982790448589,0.0,0
2025-04-12 00:00:00+00:00,0.0,1.2242982790448589,1.2242982790448589,0.0,0
2025-04-13 00:00:00+00:00,0.0,1.2242982790448589,1.2242982790448589,0.0,0
2025-04-14 00:00:00+00:00,0.0,1.2242982790448589,1.2242982790448589,0.0,0
2025-04-15 00:00:00+00:00,0.0,1.2242982790448589,1.2242982790448589,0.0,0
2025-04-16 00:00:00+00:00,0.0,1.2242982790448589,1.2242982790448589,0.0,0
2025-04-17 00:00:00+00:00,0.0,1.2242982790448589,1.2242982790448589,0.0,0
2025-04-18 00:00:00+00:00,0.0,1.2242982790448589,1.2242982790448589,0.0,0
2025-04-19 00:00:00+00:00,0.0,1.2242982790448589,1.2242982790448589,0.0,0
2025-04-20 00:00:00+00:00,0.0,1.2242982790448589,1.2242982790448589,0.0,0
2025-04-21 00:00:00+00:00,0.0,1.2242982790448589,1.2242982790448589,0.0,0
2025-04-22 00:00:00+00:00,0.0,1.2242982790448589,1.2242982790448589,0.0,0
2025-04-23 00:00:00+00:00,0.0,1.2242982790448589,1.2242982790448589,0.0,0
2025-04-24 00:00:00+00:00,0.0,1.2242982790448589,1.2242982790448589,0.0,0
2025-04-25 00:00:00+00:00,0.0,1.2242982790448589,1.2242982790448589,0.0,0
2025-04-26 00:00:00+00:00,0.0,1.2242982790448589,1.2242982790448589,0.0,0
2025-04-27 00:00:00+00:00,0.0,1.2242982790448589,1.2242982790448589,0.0,0
2025-04-28 00:00:00+00:00,0.0,1.2242982790448589,1.2242982790448589,0.0,0
2025-04-29 00:00:00+00:00,0.0,1.2242982790448589,1.2242982790448589,0.0,0
2025-04-30 00:00:00+00:00,0.0,1.2242982790448589,1.2242982790448589,0.0,0
2025-05-01 00:00:00+00:00,0.0,1.2242982790448589,1.2242982790448589,0.0,0
2025-05-02 00:00:00+00:00,0.0,1.2242982790448589,1.2242982790448589,0.0,0
2025-05-03 00:00:00+00:00,0.0,1.2242982790448589,1.2242982790448589,0.0,0
2025-05-04 00:00:00+00:00,0.0,1.2242982790448589,1.2242982790448589,0.0,0
2025-05-05 00:00:00+00:00,0.0,1.2242982790448589,1.2242982790448589,0.0,0
2025-05-06 00:00:00+00:00,0.0,1.2242982790448589,1.2242982790448589,0.0,0
2025-05-07 00:00:00+00:00,0.0,1.2242982790448589,1.2242982790448589,0.0,0
2025-05-08 00:00:00+00:00,0.0,1.2242982790448589,1.2242982790448589,0.0,0
2025-05-09 00:00:00+00:00,0.0,1.2242982790448589,1.2242982790448589,0.0,0
2025-05-10 00:00:00+00:00,0.0,1.2242982790448589,1.2242982790448589,0.0,0
2025-05-11 00:00:00+00:00,0.0,1.2242982790448589,1.2242982790448589,0.0,0
2025-05-12 00:00:00+00:00,0.0005719236453070042,1.2249984841795534,1.015111007345148,0.17133692779626444,2
2025-05-13 00:00:00+00:00,7.24900063064915e-05,1.225087284327397,1.1053923589902963,0.09770318153519651,1
2025-05-14 00:00:00+00:00,-0.000559262684146411,1.2244021387244504,1.1053923589902963,0.09719827822102244,1
2025-05-15 00:00:00+00:00,0.00024029167471573132,1.22469635236489,1.1053923589902963,0.09741516184335616,1
2025-05-16 00:00:00+00:00,-0.0002814668025289402,1.224351640998521,1.1053923589902963,0.0971610426488318,1
2025-05-17 00:00:00+00:00,-0.0003167052627373046,1.2239638823903756,1.1053923589902963,0.09687501821419078,1
2025-05-18 00:00:00+00:00,0.0031258872402013527,1.227789855472807,1.1053923589902963,0.09968928798110735,1
2025-05-19 00:00:00+00:00,-0.0008245645768719667,1.2267774634501414,1.1053923589902963,0.09894631102732061,1
2025-05-20 00:00:00+00:00,0.0011961329535983278,1.228244852400906,1.1053923589902963,0.10002280340964934,1
2025-05-21 00:00:00+00:00,0.0025170094364355133,1.2313363562846524,1.1367876514205626,0.07678544077864678,1
2025-05-22 00:00:00+00:00,0.001437202506719748,1.2331060359825199,1.1367876514205626,0.0781103828473375,1
2025-05-23 00:00:00+00:00,-0.003061520405850726,1.2293308566907817,1.1367876514205626,0.07527933165147657,1
2025-05-24 00:00:00+00:00,0.00031117399654978506,1.22971339248654,1.1367876514205626,0.07556699116537804,1
2025-05-25 00:00:00+00:00,0.0008711367660885205,1.2307846410344865,1.1367876514205626,0.07637159782471654,1
2025-05-26 00:00:00+00:00,0.0006749667257870406,1.2316153797137945,1.04876531723279,0.14846360762683522,2
2025-05-27 00:00:00+00:00,0.0009968821566141983,1.2328431551096428,1.04876531723279,0.14931164367010002,2
2025-05-28 00:00:00+00:00,-0.0008109773980342627,1.2318433471755277,1.04876531723279,0.14862119470183782,2
2025-05-29 00:00:00+00:00,-0.002798933595125952,1.2283954994471857,1.04876531723279,0.14623155351451117,2
2025-05-30 00:00:00+00:00,-0.003279497397491782,1.224366979603658,1.138369258214263,0.07023851739062204,1
2025-05-31 00:00:00+00:00,0.00028401500104546784,1.22471471819265,1.138369258214263,0.07050250862160762,1
2025-06-01 00:00:00+00:00,0.0002957203139701825,1.225076891213638,1.138369258214263,0.07077729865059905,1
2025-06-02 00:00:00+00:00,-0.0001382993808600741,1.2249074638380772,1.1130541499439155,0.09131572563341638,1
2025-06-03 00:00:00+00:00,-0.00041500878301425903,1.2243991164822048,1.1130541499439155,0.09093845710881601,1
2025-06-04 00:00:00+00:00,-0.0005868542807414556,1.2236805726193611,1.1130541499439155,0.09040465718814451,1
2025-06-05 00:00:00+00:00,-0.002752960499045498,1.2203118283394907,1.1130541499439155,0.08789366447551644,1
2025-06-06 00:00:00+00:00,0.0024069202038925486,1.22324902153417,1.1130541499439155,0.09008376025680427,1
2025-06-07 00:00:00+00:00,0.0010915854976267791,1.224584302426063,1.1130541499439155,0.09107592859159762,1
2025-06-08 00:00:00+00:00,0.000156909713486586,1.2247764515980968,1.1130541499439155,0.09121852523242523,1
2025-06-09 00:00:00+00:00,0.003907262802392397,1.2295619750686722,1.1130541499439155,0.09475555318653177,1
2025-06-10 00:00:00+00:00,9.770915395890256e-06,1.2295739890147046,1.1130541499439155,0.09476439816701077,1
2025-06-11 00:00:00+00:00,-0.0014001146685242993,1.2278524444366492,1.1130541499439155,0.09349518748191636,1
2025-06-12 00:00:00+00:00,-0.00255876799166721,1.2247106549033344,1.1130541499439155,0.09116970160452453,1
2025-06-13 00:00:00+00:00,0.00034067075816368586,1.2251278780106714,1.1130541499439155,0.09147920807151824,1
2025-06-14 00:00:00+00:00,-0.0005622870472429264,1.2244390044736497,1.1130541499439155,0.09096807119241948,1
2025-06-15 00:00:00+00:00,0.00015478820522263348,1.2246285331895568,1.1130541499439155,0.09110875683669124,1
2025-06-16 00:00:00+00:00,-0.00018220890271725132,1.224405394968288,1.224405394968288,0.0,0
2025-06-17 00:00:00+00:00,0.0,1.224405394968288,1.224405394968288,0.0,0
2025-06-18 00:00:00+00:00,0.0,1.224405394968288,1.224405394968288,0.0,0
2025-06-19 00:00:00+00:00,0.0,1.224405394968288,1.224405394968288,0.0,0
2025-06-20 00:00:00+00:00,0.0,1.224405394968288,1.224405394968288,0.0,0
2025-06-21 00:00:00+00:00,0.0,1.224405394968288,1.224405394968288,0.0,0
2025-06-22 00:00:00+00:00,0.0,1.224405394968288,1.224405394968288,0.0,0
2025-06-23 00:00:00+00:00,0.0034072235916262628,1.2285772179157384,1.123150019614905,0.08581243145602933,1
2025-06-24 00:00:00+00:00,0.0006102451321314817,1.229326951182419,1.123150019614905,0.08636996973456787,1
2025-06-25 00:00:00+00:00,0.0009273558618980715,1.2304669747367873,1.149890255914658,0.06548466596542814,1
2025-06-26 00:00:00+00:00,-0.00024007254060587346,1.2301715734040306,1.149890255914658,0.06526026062139018,1
2025-06-27 00:00:00+00:00,6.134450073025377e-05,1.2302470376650136,1.149890255914658,0.0653175982466671,1
2025-06-28 00:00:00+00:00,0.0001520552259333119,1.2304341031562795,1.149890255914658,0.06545969998312998,1
2025-06-29 00:00:00+00:00,0.0006467709457116388,1.2312299121848138,1.149890255914658,0.06606374281942097,1
2025-06-30 00:00:00+00:00,-0.0007379826672914147,1.2303212858501706,1.149890255914658,0.06537400503473659,1
2025-07-01 00:00:00+00:00,-0.0008940698204580322,1.229221292719025,1.149890255914658,0.06453763636723825,1
2025-07-02 00:00:00+00:00,0.0019349234813719196,1.2315997418621092,1.149890255914658,0.06634418891961691,1
2025-07-03 00:00:00+00:00,0.00044809462607053874,1.2321516150879075,1.149890255914658,0.06676236768750289,1
2025-07-04 00:00:00+00:00,-0.0009750974540312374,1.2309501471850548,1.149890255914658,0.06585148184576381,1
2025-07-05 00:00:00+00:00,0.00013042935651697007,1.2311106992206566,1.149890255914658,0.06597330634638669,1
2025-07-06 00:00:00+00:00,0.0006132331472921138,1.2318656571094047,1.149890255914658,0.06654573144534572,1
2025-07-07 00:00:00+00:00,-0.0005733578481940116,1.2311593572669803,1.149890255914658,0.06601022107546632,1
2025-07-08 00:00:00+00:00,0.00040244045024695474,1.2316548255930446,1.149890255914658,0.06638594513606257,1
2025-07-09 00:00:00+00:00,0.0014085051939349835,1.2333896178120276,1.149890255914658,0.06769909580193595,1
2025-07-10 00:00:00+00:00,0.0022901772677499377,1.2362142986770195,1.1781579379446339,0.046963023154251424,1
2025-07-11 00:00:00+00:00,0.0006143772236899547,1.2369738005857265,1.1781579379446339,0.047548187854296056,1
2025-07-12 00:00:00+00:00,-4.355602676331394e-05,1.2369199229217627,1.1781579379446339,0.04750670103067423,1
2025-07-13 00:00:00+00:00,0.000669623415323839,1.2377481934650316,1.2377481934650316,0.0,0
2025-07-14 00:00:00+00:00,0.00055527957724677,1.2384354897586367,1.078920954873619,0.12880326525211752,1
2025-07-15 00:00:00+00:00,-0.002238869759243256,1.2356627939918425,1.078920954873619,0.12684839252290236,1
2025-07-16 00:00:00+00:00,0.0009396800401009209,1.236823921655652,1.078920954873619,0.12766810539260853,1
2025-07-17 00:00:00+00:00,0.000588812250815085,1.237552178732824,1.078920954873619,0.1281814428395525,1
2025-07-18 00:00:00+00:00,-0.0013473631871130376,1.235884746485068,1.078920954873619,0.12700520178589755,1
2025-07-19 00:00:00+00:00,-9.137278727300302e-05,1.2357718202510335,1.078920954873619,0.12692542652862235,1
2025-07-20 00:00:00+00:00,-0.000619203065196694,1.2350066265520503,1.078920954873619,0.12638448112152942,1
2025-07-21 00:00:00+00:00,0.0012146355318964908,1.236506709482788,0.869899326777529,0.29648636751724966,3
2025-07-22 00:00:00+00:00,0.005412808905154387,1.2431996840111597,0.869899326777529,0.30027385144531593,3
2025-07-23 00:00:00+00:00,-0.004116550744067471,1.238081989426919,0.9045888372440869,0.2693627360956917,3
2025-07-24 00:00:00+00:00,-0.0014447016637570975,1.2362933303169263,1.004035356393704,0.18786639726001167,2
2025-07-25 00:00:00+00:00,-0.0004884950602510596,1.2356894071320452,1.004035356393704,0.18746948011474457,2
2025-07-26 00:00:00+00:00,0.0005926197696504154,1.2364217011038592,1.004035356393704,0.18795071657403306,2
2025-07-27 00:00:00+00:00,0.003746229600345208,1.2410536206790437,1.004035356393704,0.19098148567960738,2
2025-07-28 00:00:00+00:00,-0.004567336927056909,1.2353853106488586,0.9104129757354663,0.2630534231807466,3
2025-07-29 00:00:00+00:00,-0.001905172462065674,1.23303168857497,0.9104129757354663,0.2616467328689323,3
2025-07-30 00:00:00+00:00,-0.0015356297742989966,1.23113820840134,0.9974687557154438,0.1897995294852567,2
2025-07-31 00:00:00+00:00,-0.004072540840121763,1.2261243477677912,0.9974687557154438,0.18648646237930447,2
2025-08-01 00:00:00+00:00,-0.005879982139856188,1.2189147585016737,1.2189147585016737,0.0,0
2025-08-02 00:00:00+00:00,0.0,1.2189147585016737,1.2189147585016737,0.0,0
2025-08-03 00:00:00+00:00,0.0,1.2189147585016737,1.2189147585016737,0.0,0
2025-08-04 00:00:00+00:00,0.0044111857696025325,1.2242916179387349,0.9790762570217492,0.20029162768412961,3
2025-08-05 00:00:00+00:00,-0.0031171864064182264,1.2204752727498045,0.9790762570217492,0.1977909926713785,3
2025-08-06 00:00:00+00:00,0.0026540428906347557,1.2237144664706416,0.9790762570217492,0.19991445402656893,3
2025-08-07 00:00:00+00:00,0.006266585632716204,1.2313829779647736,0.9941901260809858,0.19262313685366952,3
2025-08-08 00:00:00+00:00,0.0005777802208508653,1.232094446693734,0.9941901260809858,0.1930893538650003,3
2025-08-09 00:00:00+00:00,0.0025907060699528195,1.2352864412555387,1.0108245913014533,0.1817083410435101,3
2025-08-10 00:00:00+00:00,0.0029540956028677456,1.2389355954999337,1.0108245913014533,0.18411853289793761,3
2025-08-11 00:00:00+00:00,-0.00033504799044214995,1.2385204926183742,1.0599927763139743,0.14414595266564537,3
2025-08-12 00:00:00+00:00,0.004634603380641256,1.2442605438804568,1.0599927763139743,0.1480941981747725,3
2025-08-13 00:00:00+00:00,0.0032673397747717825,1.2483259658456567,1.0963028990773709,0.12178154658931599,2
2025-08-14 00:00:00+00:00,-0.003598292611498577,1.2438341237460124,1.0963028990773709,0.11861004763587507,2
2025-08-15 00:00:00+00:00,-0.0012501962018488522,1.2422790870487752,1.0963028990773709,0.11750675793649007,2
2025-08-16 00:00:00+00:00,0.0005755565799634432,1.242994088951477,1.0963028990773709,0.1180143905574377,2
2025-08-17 00:00:00+00:00,0.0008573575551897861,1.244059779324696,1.0963028990773709,0.11876991982453673,2
2025-08-18 00:00:00+00:00,-0.00500606822597971,1.2378319311921993,0.9791587492182455,0.20897278172878964,4
2025-08-19 00:00:00+00:00,-0.006839583795875903,1.2293656759735994,1.0704894331011667,0.129234324641942,3
2025-08-20 00:00:00+00:00,0.007972211430219645,1.239166439067516,1.0704894331011667,0.13612134790648472,3
2025-08-21 00:00:00+00:00,-0.004507209382189403,1.2335812564672566,1.0704894331011667,0.13221003684277266,3
2025-08-22 00:00:00+00:00,0.014584671637137392,1.2515726340305589,1.0892140568193807,0.12972365550077541,3
2025-08-23 00:00:00+00:00,-0.00047314246855989506,1.2509804618649116,1.0892140568193807,0.1293116958872212,3
2025-08-24 00:00:00+00:00,0.0006659363627103954,1.2518135352435078,1.106334541336774,0.11621458772486803,3
2025-08-25 00:00:00+00:00,-0.009620117365399805,1.2397709421148693,1.0544887914885945,0.14944869599073693,3
2025-08-26 00:00:00+00:00,0.0020880879898304006,1.24235969292924,1.0944767128567305,0.1190339487945157,2
2025-08-27 00:00:00+00:00,-0.0006903016619410618,1.2415020899684823,1.0944767128567305,0.11842539638051214,2
2025-08-28 00:00:00+00:00,0.0016672787158353852,1.2435720199787519,1.0944767128567305,0.11989278041537854,2
2025-08-29 00:00:00+00:00,-0.0037442337114107493,1.2389157956989802,1.0944767128567305,0.11658506844749617,2
2025-08-30 00:00:00+00:00,0.00034410241731985813,1.239342109619136,1.0944767128567305,0.11688894909487431,2
2025-08-31 00:00:00+00:00,-0.0006066888856595121,1.2385902145357002,1.0944767128567305,0.11635285019024014,2
2025-09-01 00:00:00+00:00,-0.0017179240274945995,1.2364624106459297,0.9573409161051794,0.2257419976034183,4
2025-09-02 00:00:00+00:00,0.004338684194163278,1.2418270305636763,0.9573409161051794,0.22908674675036367,4
2025-09-03 00:00:00+00:00,0.0019363271527703674,1.2442316139620009,0.9573409161051794,0.2305766021675634,4
2025-09-04 00:00:00+00:00,-0.004484421361208413,1.238651955134059,0.9573409161051794,0.22711064061448435,4
2025-09-05 00:00:00+00:00,0.0006987992903657592,1.2395175242413168,0.9573409161051794,0.22765035799623068,4
2025-09-06 00:00:00+00:00,-0.00046259173057083824,1.2389441336847051,0.9573409161051794,0.2272929100862833,4
2025-09-07 00:00:00+00:00,0.0035752819458712004,1.2433737082778111,0.9573409161051794,0.23004571374507665,4
2025-09-08 00:00:00+00:00,0.0019497468507194693,1.2457979722497932,0.9573409161051794,0.23154400839462572,4
2025-09-09 00:00:00+00:00,0.0002974973265097436,1.2461685938159088,0.9573409161051794,0.23177255400596034,4
2025-09-10 00:00:00+00:00,0.004501426310767442,1.2517781299117638,0.9573409161051794,0.23521517653239316,4
2025-09-11 00:00:00+00:00,0.003686250245680256,1.2563924973506881,0.9573409161051794,0.23802401071011534,4
2025-09-12 00:00:00+00:00,0.006073698328773691,1.264023446362131,0.9908970168767601,0.21607702789962535,4
2025-09-13 00:00:00+00:00,6.72935383394524e-06,1.264031952423156,0.9908970168767601,0.21608230315918414,4
2025-09-14 00:00:00+00:00,-0.0018051448355871358,1.2617501916722222,0.9908970168767601,0.21466465912439844,4
2025-09-15 00:00:00+00:00,-0.0017434784692451633,1.2595503573794757,0.9908970168767601,0.2132930524998263,4
2025-09-16 00:00:00+00:00,0.0032459690708055433,1.2636388188826515,0.9908970168767601,0.21583841674558413,4
2025-09-17 00:00:00+00:00,0.0034327591860203732,1.267976586645983,1.0136460472911086,0.20057983880256217,4
2025-09-18 00:00:00+00:00,0.00048338640973799585,1.2685895092958335,1.0136460472911086,0.2009660809399554,4
2025-09-19 00:00:00+00:00,-0.0032491680874824347,1.2644676487461144,1.0136460472911086,0.19836142245610489,4
2025-09-20 00:00:00+00:00,0.002438995728532456,1.2675516799402735,1.0136460472911086,0.20031185841758242,4
2025-09-21 00:00:00+00:00,-0.0005963508042432508,1.2667957744765213,1.0622342127154207,0.1614795106540608,3
2025-09-22 00:00:00+00:00,-0.013217052521144135,1.2500524681917016,0.9933190499552995,0.20537811393451896,3
2025-09-23 00:00:00+00:00,-0.002037543928674501,1.247505431374613,0.9933190499552995,0.20375573125900395,3
2025-09-24 00:00:00+00:00,-0.0017005395180446081,1.2453839990895852,1.1633738288192528,0.06585131198914106,2
2025-09-25 00:00:00+00:00,-0.004316797315621623,1.2400079287853971,1.2400079287853971,0.0,0
2025-09-26 00:00:00+00:00,0.0,1.2400079287853971,1.2400079287853971,0.0,0
2025-09-27 00:00:00+00:00,0.0,1.2400079287853971,1.2400079287853971,0.0,0
2025-09-28 00:00:00+00:00,0.0,1.2400079287853971,1.2400079287853971,0.0,0
2025-09-29 00:00:00+00:00,0.00575626686347408,1.2471457453363097,0.866254391197776,0.30541045869167527,4
2025-09-30 00:00:00+00:00,-0.003584703641228426,1.24267509744186,0.866254391197776,0.30291160337804657,4
2025-10-01 00:00:00+00:00,0.011623634855114195,1.2571194990180676,0.9076954560687287,0.27795610777040125,4
2025-10-02 00:00:00+00:00,0.009970022664002043,1.2696530089146367,1.0084953823988902,0.205692125865946,4
2025-10-03 00:00:00+00:00,0.004973856865908344,1.275968081250348,1.0314533815555869,0.19163073378383885,4
2025-10-04 00:00:00+00:00,-0.0021872837007307355,1.2731771770635765,1.0314533815555869,0.18985872497769335,4
2025-10-05 00:00:00+00:00,0.0023711907057357706,1.2761961229525847,1.1205231508621314,0.12198201302343019,3
2025-10-06 00:00:00+00:00,0.005100890097491595,1.2827058591186107,1.014484941898016,0.20910555238665407,3
2025-10-07 00:00:00+00:00,-0.007756747153704446,1.2727562340968523,1.014484941898016,0.20292282628818203,3
2025-10-08 00:00:00+00:00,0.004221283238184048,1.2781288986541397,1.014484941898016,0.20627337120202724,3
2025-10-09 00:00:00+00:00,-0.004602906115317773,1.2722457913303602,1.014484941898016,0.20260302780236306,3
2025-10-10 00:00:00+00:00,-0.007686303803830841,1.2624669236650499,1.2624669236650499,0.0,0
2025-10-11 00:00:00+00:00,0.0,1.2624669236650499,1.2624669236650499,0.0,0
2025-10-12 00:00:00+00:00,0.0,1.2624669236650499,1.2624669236650499,0.0,0
2025-10-13 00:00:00+00:00,0.0,1.2624669236650499,1.2624669236650499,0.0,0
2025-10-14 00:00:00+00:00,0.0,1.2624669236650499,1.2624669236650499,0.0,0
2025-10-15 00:00:00+00:00,0.0,1.2624669236650499,1.2624669236650499,0.0,0
2025-10-16 00:00:00+00:00,0.0,1.2624669236650499,1.2624669236650499,0.0,0
2025-10-17 00:00:00+00:00,0.0,1.2624669236650499,1.2624669236650499,0.0,0
2025-10-18 00:00:00+00:00,0.0,1.2624669236650499,1.2624669236650499,0.0,0
2025-10-19 00:00:00+00:00,0.0,1.2624669236650499,1.2624669236650499,0.0,0
2025-10-20 00:00:00+00:00,0.0,1.2624669236650499,1.2624669236650499,0.0,0
2025-10-21 00:00:00+00:00,0.0,1.2624669236650499,1.2624669236650499,0.0,0
2025-10-22 00:00:00+00:00,0.0,1.2624669236650499,1.2624669236650499,0.0,0
2025-10-23 00:00:00+00:00,0.0,1.2624669236650499,1.2624669236650499,0.0,0
2025-10-24 00:00:00+00:00,0.0,1.2624669236650499,1.2624669236650499,0.0,0
2025-10-25 00:00:00+00:00,0.0,1.2624669236650499,1.2624669236650499,0.0,0
2025-10-26 00:00:00+00:00,0.0,1.2624669236650499,1.2624669236650499,0.0,0
2025-10-27 00:00:00+00:00,0.0,1.2624669236650499,1.2624669236650499,0.0,0
2025-10-28 00:00:00+00:00,0.0,1.2624669236650499,1.2624669236650499,0.0,0
2025-10-29 00:00:00+00:00,0.0,1.2624669236650499,1.2624669236650499,0.0,0
2025-10-30 00:00:00+00:00,0.0,1.2624669236650499,1.2624669236650499,0.0,0
2025-10-31 00:00:00+00:00,0.0,1.2624669236650499,1.2624669236650499,0.0,0
2025-11-01 00:00:00+00:00,0.0,1.2624669236650499,1.2624669236650499,0.0,0
2025-11-02 00:00:00+00:00,0.0,1.2624669236650499,1.2624669236650499,0.0,0
2025-11-03 00:00:00+00:00,0.0,1.2624669236650499,1.2624669236650499,0.0,0
2025-11-04 00:00:00+00:00,0.0,1.2624669236650499,1.2624669236650499,0.0,0
2025-11-05 00:00:00+00:00,0.0,1.2624669236650499,1.2624669236650499,0.0,0
2025-11-06 00:00:00+00:00,0.0,1.2624669236650499,1.2624669236650499,0.0,0
2025-11-07 00:00:00+00:00,0.0,1.2624669236650499,1.2624669236650499,0.0,0
2025-11-08 00:00:00+00:00,0.0,1.2624669236650499,1.2624669236650499,0.0,0
2025-11-09 00:00:00+00:00,0.0,1.2624669236650499,1.2624669236650499,0.0,0
2025-11-10 00:00:00+00:00,0.0,1.2624669236650499,1.2624669236650499,0.0,0
2025-11-11 00:00:00+00:00,0.0,1.2624669236650499,1.2624669236650499,0.0,0
2025-11-12 00:00:00+00:00,0.0,1.2624669236650499,1.2624669236650499,0.0,0
2025-11-13 00:00:00+00:00,0.0,1.2624669236650499,1.2624669236650499,0.0,0
2025-11-14 00:00:00+00:00,0.0,1.2624669236650499,1.2624669236650499,0.0,0
2025-11-15 00:00:00+00:00,0.0,1.2624669236650499,1.2624669236650499,0.0,0
2025-11-16 00:00:00+00:00,0.0,1.2624669236650499,1.2624669236650499,0.0,0
2025-11-17 00:00:00+00:00,0.0,1.2624669236650499,1.2624669236650499,0.0,0
2025-11-18 00:00:00+00:00,0.0,1.2624669236650499,1.2624669236650499,0.0,0
2025-11-19 00:00:00+00:00,0.0,1.2624669236650499,1.2624669236650499,0.0,0
2025-11-20 00:00:00+00:00,0.0,1.2624669236650499,1.2624669236650499,0.0,0
2025-11-21 00:00:00+00:00,0.0,1.2624669236650499,1.2624669236650499,0.0,0
2025-11-22 00:00:00+00:00,0.0,1.2624669236650499,1.2624669236650499,0.0,0
2025-11-23 00:00:00+00:00,0.0,1.2624669236650499,1.2624669236650499,0.0,0
2025-11-24 00:00:00+00:00,0.0,1.2624669236650499,1.2624669236650499,0.0,0
2025-11-25 00:00:00+00:00,0.0,1.2624669236650499,1.2624669236650499,0.0,0
2025-11-26 00:00:00+00:00,0.0,1.2624669236650499,1.2624669236650499,0.0,0
2025-11-27 00:00:00+00:00,0.0,1.2624669236650499,1.2624669236650499,0.0,0
2025-11-28 00:00:00+00:00,0.0,1.2624669236650499,1.2624669236650499,0.0,0
2025-11-29 00:00:00+00:00,0.0,1.2624669236650499,1.2624669236650499,0.0,0
2025-11-30 00:00:00+00:00,0.0,1.2624669236650499,1.2624669236650499,0.0,0
2025-12-01 00:00:00+00:00,0.0,1.2624669236650499,1.2624669236650499,0.0,0
2025-12-02 00:00:00+00:00,0.0,1.2624669236650499,1.2624669236650499,0.0,0
2025-12-03 00:00:00+00:00,0.0,1.2624669236650499,1.2624669236650499,0.0,0
2025-12-04 00:00:00+00:00,0.0,1.2624669236650499,1.2624669236650499,0.0,0
2025-12-05 00:00:00+00:00,0.0,1.2624669236650499,1.2624669236650499,0.0,0
2025-12-06 00:00:00+00:00,0.0,1.2624669236650499,1.2624669236650499,0.0,0
2025-12-07 00:00:00+00:00,0.0,1.2624669236650499,1.2624669236650499,0.0,0
2025-12-08 00:00:00+00:00,0.0,1.2624669236650499,1.2624669236650499,0.0,0
2025-12-09 00:00:00+00:00,0.0,1.2624669236650499,1.2624669236650499,0.0,0
2025-12-10 00:00:00+00:00,0.0,1.2624669236650499,1.2624669236650499,0.0,0
2025-12-11 00:00:00+00:00,0.0,1.2624669236650499,1.2624669236650499,0.0,0
2025-12-12 00:00:00+00:00,0.0,1.2624669236650499,1.2624669236650499,0.0,0
2025-12-13 00:00:00+00:00,0.0,1.2624669236650499,1.2624669236650499,0.0,0
2025-12-14 00:00:00+00:00,0.0,1.2624669236650499,1.2624669236650499,0.0,0
2025-12-15 00:00:00+00:00,0.0,1.2624669236650499,1.2624669236650499,0.0,0
2025-12-16 00:00:00+00:00,0.0,1.2624669236650499,1.2624669236650499,0.0,0
2025-12-17 00:00:00+00:00,0.0,1.2624669236650499,1.2624669236650499,0.0,0
2025-12-18 00:00:00+00:00,0.0,1.2624669236650499,1.2624669236650499,0.0,0
2025-12-19 00:00:00+00:00,0.0,1.2624669236650499,1.2624669236650499,0.0,0
2025-12-20 00:00:00+00:00,0.0,1.2624669236650499,1.2624669236650499,0.0,0
2025-12-21 00:00:00+00:00,0.0,1.2624669236650499,1.2624669236650499,0.0,0
2025-12-22 00:00:00+00:00,0.0,1.2624669236650499,1.2624669236650499,0.0,0
2025-12-23 00:00:00+00:00,0.0,1.2624669236650499,1.2624669236650499,0.0,0
2025-12-24 00:00:00+00:00,0.0,1.2624669236650499,1.2624669236650499,0.0,0
2025-12-25 00:00:00+00:00,0.0,1.2624669236650499,1.2624669236650499,0.0,0
2025-12-26 00:00:00+00:00,0.0,1.2624669236650499,1.2624669236650499,0.0,0
2025-12-27 00:00:00+00:00,0.0,1.2624669236650499,1.2624669236650499,0.0,0
2025-12-28 00:00:00+00:00,0.0,1.2624669236650499,1.2624669236650499,0.0,0
2025-12-29 00:00:00+00:00,0.0,1.2624669236650499,1.2624669236650499,0.0,0
2025-12-30 00:00:00+00:00,0.0,1.2624669236650499,1.2624669236650499,0.0,0
2025-12-31 00:00:00+00:00,0.0,1.2624669236650499,1.2624669236650499,0.0,0
2026-01-01 00:00:00+00:00,0.0,1.2624669236650499,1.2624669236650499,0.0,0
2026-01-02 00:00:00+00:00,0.0,1.2624669236650499,1.2624669236650499,0.0,0
2026-01-03 00:00:00+00:00,0.0,1.2624669236650499,1.2624669236650499,0.0,0
2026-01-04 00:00:00+00:00,0.0,1.2624669236650499,1.2624669236650499,0.0,0
2026-01-05 00:00:00+00:00,0.0,1.2624669236650499,1.2624669236650499,0.0,0
2026-01-06 00:00:00+00:00,0.0,1.2624669236650499,1.2624669236650499,0.0,0
2026-01-07 00:00:00+00:00,0.0,1.2624669236650499,1.2624669236650499,0.0,0
2026-01-08 00:00:00+00:00,0.0,1.2624669236650499,1.2624669236650499,0.0,0
2026-01-09 00:00:00+00:00,0.0,1.2624669236650499,1.2624669236650499,0.0,0
2026-01-10 00:00:00+00:00,0.0,1.2624669236650499,1.2624669236650499,0.0,0
2026-01-11 00:00:00+00:00,0.0,1.2624669236650499,1.2624669236650499,0.0,0
2026-01-12 00:00:00+00:00,0.0,1.2624669236650499,1.2624669236650499,0.0,0
2026-01-13 00:00:00+00:00,0.0,1.2624669236650499,1.2624669236650499,0.0,0
2026-01-14 00:00:00+00:00,0.0,1.2624669236650499,1.2624669236650499,0.0,0
2026-01-15 00:00:00+00:00,0.0,1.2624669236650499,1.2624669236650499,0.0,0
2026-01-16 00:00:00+00:00,0.0,1.2624669236650499,1.2624669236650499,0.0,0
2026-01-17 00:00:00+00:00,0.0,1.2624669236650499,1.2624669236650499,0.0,0
2026-01-18 00:00:00+00:00,0.0,1.2624669236650499,1.2624669236650499,0.0,0
2026-01-19 00:00:00+00:00,0.0,1.2624669236650499,1.2624669236650499,0.0,0
2026-01-20 00:00:00+00:00,0.0,1.2624669236650499,1.2624669236650499,0.0,0
2026-01-21 00:00:00+00:00,0.0,1.2624669236650499,1.2624669236650499,0.0,0
2026-01-22 00:00:00+00:00,0.0,1.2624669236650499,1.2624669236650499,0.0,0
2026-01-23 00:00:00+00:00,0.0,1.2624669236650499,1.2624669236650499,0.0,0
2026-01-24 00:00:00+00:00,0.0,1.2624669236650499,1.2624669236650499,0.0,0
2026-01-25 00:00:00+00:00,0.0,1.2624669236650499,1.2624669236650499,0.0,0
2026-01-26 00:00:00+00:00,0.0,1.2624669236650499,1.2624669236650499,0.0,0
2026-01-27 00:00:00+00:00,0.0,1.2624669236650499,1.2624669236650499,0.0,0
2026-01-28 00:00:00+00:00,0.0,1.2624669236650499,1.2624669236650499,0.0,0
2026-01-29 00:00:00+00:00,0.0,1.2624669236650499,1.2624669236650499,0.0,0
2026-01-30 00:00:00+00:00,0.0,1.2624669236650499,1.2624669236650499,0.0,0
2026-01-31 00:00:00+00:00,0.0,1.2624669236650499,1.2624669236650499,0.0,0
2026-02-01 00:00:00+00:00,0.0,1.2624669236650499,1.2624669236650499,0.0,0
2026-02-02 00:00:00+00:00,0.0,1.2624669236650499,1.2624669236650499,0.0,0
2026-02-03 00:00:00+00:00,0.0,1.2624669236650499,1.2624669236650499,0.0,0
2026-02-04 00:00:00+00:00,0.0,1.2624669236650499,1.2624669236650499,0.0,0
2026-02-05 00:00:00+00:00,0.0,1.2624669236650499,1.2624669236650499,0.0,0
2026-02-06 00:00:00+00:00,0.0,1.2624669236650499,1.2624669236650499,0.0,0
2026-02-07 00:00:00+00:00,0.0,1.2624669236650499,1.2624669236650499,0.0,0
2026-02-08 00:00:00+00:00,0.0,1.2624669236650499,1.2624669236650499,0.0,0
2026-02-09 00:00:00+00:00,0.0,1.2624669236650499,1.2624669236650499,0.0,0
2026-02-10 00:00:00+00:00,0.0,1.2624669236650499,1.2624669236650499,0.0,0
2026-02-11 00:00:00+00:00,0.0,1.2624669236650499,1.2624669236650499,0.0,0
2026-02-12 00:00:00+00:00,0.0,1.2624669236650499,1.2624669236650499,0.0,0
2026-02-13 00:00:00+00:00,0.0,1.2624669236650499,1.2624669236650499,0.0,0
2026-02-14 00:00:00+00:00,0.0,1.2624669236650499,1.2624669236650499,0.0,0
2026-02-15 00:00:00+00:00,0.0,1.2624669236650499,1.2624669236650499,0.0,0
2026-02-16 00:00:00+00:00,0.0,1.2624669236650499,1.2624669236650499,0.0,0
2026-02-17 00:00:00+00:00,0.0,1.2624669236650499,1.2624669236650499,0.0,0
2026-02-18 00:00:00+00:00,0.0,1.2624669236650499,1.2624669236650499,0.0,0
2026-02-19 00:00:00+00:00,0.0,1.2624669236650499,1.2624669236650499,0.0,0
2026-02-20 00:00:00+00:00,0.0,1.2624669236650499,1.2624669236650499,0.0,0
2026-02-21 00:00:00+00:00,0.0,1.2624669236650499,1.2624669236650499,0.0,0
2026-02-22 00:00:00+00:00,0.0,1.2624669236650499,1.2624669236650499,0.0,0
2026-02-23 00:00:00+00:00,0.0,1.2624669236650499,1.2624669236650499,0.0,0
2026-02-24 00:00:00+00:00,0.0,1.2624669236650499,1.2624669236650499,0.0,0
2026-02-25 00:00:00+00:00,0.0,1.2624669236650499,1.2624669236650499,0.0,0
2026-02-26 00:00:00+00:00,0.0,1.2624669236650499,1.2624669236650499,0.0,0
2026-02-27 00:00:00+00:00,0.0,1.2624669236650499,1.2624669236650499,0.0,0
2026-02-28 00:00:00+00:00,0.0,1.2624669236650499,1.2624669236650499,0.0,0
2026-03-01 00:00:00+00:00,0.0,1.2624669236650499,1.2624669236650499,0.0,0
2026-03-02 00:00:00+00:00,0.0,1.2624669236650499,1.2624669236650499,0.0,0
2026-03-03 00:00:00+00:00,0.0,1.2624669236650499,1.2624669236650499,0.0,0
2026-03-04 00:00:00+00:00,0.0,1.2624669236650499,1.2624669236650499,0.0,0
2026-03-05 00:00:00+00:00,0.0,1.2624669236650499,1.2624669236650499,0.0,0
2026-03-06 00:00:00+00:00,0.0,1.2624669236650499,1.2624669236650499,0.0,0
2026-03-07 00:00:00+00:00,0.0,1.2624669236650499,1.2624669236650499,0.0,0
2026-03-08 00:00:00+00:00,0.0,1.2624669236650499,1.2624669236650499,0.0,0
2026-03-09 00:00:00+00:00,0.0,1.2624669236650499,1.2624669236650499,0.0,0
2026-03-10 00:00:00+00:00,0.0,1.2624669236650499,1.2624669236650499,0.0,0
2026-03-11 00:00:00+00:00,0.0,1.2624669236650499,1.2624669236650499,0.0,0
2026-03-12 00:00:00+00:00,0.0,1.2624669236650499,1.2624669236650499,0.0,0
2026-03-13 00:00:00+00:00,0.0,1.2624669236650499,1.2624669236650499,0.0,0
2026-03-14 00:00:00+00:00,0.0,1.2624669236650499,1.2624669236650499,0.0,0
2026-03-15 00:00:00+00:00,0.0,1.2624669236650499,1.2624669236650499,0.0,0
2026-03-16 00:00:00+00:00,0.0,1.2624669236650499,1.2624669236650499,0.0,0
2026-03-17 00:00:00+00:00,0.0,1.2624669236650499,1.2624669236650499,0.0,0
2026-03-18 00:00:00+00:00,0.0,1.2624669236650499,1.2624669236650499,0.0,0
2026-03-19 00:00:00+00:00,0.0,1.2624669236650499,1.2624669236650499,0.0,0
2026-03-20 00:00:00+00:00,0.0,1.2624669236650499,1.2624669236650499,0.0,0
2026-03-21 00:00:00+00:00,0.0,1.2624669236650499,1.2624669236650499,0.0,0
2026-03-22 00:00:00+00:00,0.0,1.2624669236650499,1.2624669236650499,0.0,0
2026-03-23 00:00:00+00:00,0.0,1.2624669236650499,1.2624669236650499,0.0,0
2026-03-24 00:00:00+00:00,0.0,1.2624669236650499,1.2624669236650499,0.0,0
2026-03-25 00:00:00+00:00,0.0,1.2624669236650499,1.2624669236650499,0.0,0
2026-03-26 00:00:00+00:00,0.0,1.2624669236650499,1.2624669236650499,0.0,0
2026-03-27 00:00:00+00:00,0.0,1.2624669236650499,1.2624669236650499,0.0,0
2026-03-28 00:00:00+00:00,0.0,1.2624669236650499,1.2624669236650499,0.0,0
2026-03-29 00:00:00+00:00,0.0,1.2624669236650499,1.2624669236650499,0.0,0
2026-03-30 00:00:00+00:00,0.0,1.2624669236650499,1.2624669236650499,0.0,0
2026-03-31 00:00:00+00:00,0.0,1.2624669236650499,1.2624669236650499,0.0,0
2026-04-01 00:00:00+00:00,0.0,1.2624669236650499,1.2624669236650499,0.0,0
2026-04-02 00:00:00+00:00,0.0,1.2624669236650499,1.2624669236650499,0.0,0
2026-04-03 00:00:00+00:00,0.0,1.2624669236650499,1.2624669236650499,0.0,0
2026-04-04 00:00:00+00:00,0.0,1.2624669236650499,1.2624669236650499,0.0,0
2026-04-05 00:00:00+00:00,0.0,1.2624669236650499,1.2624669236650499,0.0,0
2026-04-06 00:00:00+00:00,0.0,1.2624669236650499,1.2624669236650499,0.0,0
2026-04-07 00:00:00+00:00,0.0,1.2624669236650499,1.2624669236650499,0.0,0
2026-04-08 00:00:00+00:00,0.0,1.2624669236650499,1.2624669236650499,0.0,0
2026-04-09 00:00:00+00:00,0.0,1.2624669236650499,1.2624669236650499,0.0,0
2026-04-10 00:00:00+00:00,0.0,1.2624669236650499,1.2624669236650499,0.0,0
2026-04-11 00:00:00+00:00,0.0,1.2624669236650499,1.2624669236650499,0.0,0
2026-04-12 00:00:00+00:00,0.0,1.2624669236650499,1.2624669236650499,0.0,0
2026-04-13 00:00:00+00:00,0.0,1.2624669236650499,1.2624669236650499,0.0,0
2026-04-14 00:00:00+00:00,0.0,1.2624669236650499,1.2624669236650499,0.0,0
2026-04-15 00:00:00+00:00,0.0,1.2624669236650499,1.2624669236650499,0.0,0
2026-04-16 00:00:00+00:00,0.0,1.2624669236650499,1.2624669236650499,0.0,0
2026-04-17 00:00:00+00:00,0.0,1.2624669236650499,1.2624669236650499,0.0,0
2026-04-18 00:00:00+00:00,0.0,1.2624669236650499,1.2624669236650499,0.0,0
2026-04-19 00:00:00+00:00,0.0,1.2624669236650499,1.2624669236650499,0.0,0
2026-04-20 00:00:00+00:00,0.0,1.2624669236650499,1.2624669236650499,0.0,0
2026-04-21 00:00:00+00:00,0.0,1.2624669236650499,1.2624669236650499,0.0,0
2026-04-22 00:00:00+00:00,0.0,1.2624669236650499,1.2624669236650499,0.0,0
2026-04-23 00:00:00+00:00,0.0,1.2624669236650499,1.2624669236650499,0.0,0
2026-04-24 00:00:00+00:00,0.0,1.2624669236650499,1.2624669236650499,0.0,0
2026-04-25 00:00:00+00:00,0.0,1.2624669236650499,1.2624669236650499,0.0,0
2026-04-26 00:00:00+00:00,0.0,1.2624669236650499,1.2624669236650499,0.0,0
2026-04-27 00:00:00+00:00,0.0,1.2624669236650499,1.2624669236650499,0.0,0
2026-04-28 00:00:00+00:00,0.0,1.2624669236650499,1.2624669236650499,0.0,0
2026-04-29 00:00:00+00:00,0.0,1.2624669236650499,1.2624669236650499,0.0,0
2026-04-30 00:00:00+00:00,0.0,1.2624669236650499,1.2624669236650499,0.0,0
2026-05-01 00:00:00+00:00,0.0,1.2624669236650499,1.2624669236650499,0.0,0
2026-05-02 00:00:00+00:00,0.0,1.2624669236650499,1.2624669236650499,0.0,0
2026-05-03 00:00:00+00:00,0.0,1.2624669236650499,1.2624669236650499,0.0,0
2026-05-04 00:00:00+00:00,0.0,1.2624669236650499,1.2624669236650499,0.0,0
2026-05-05 00:00:00+00:00,0.0,1.2624669236650499,1.2624669236650499,0.0,0
2026-05-06 00:00:00+00:00,0.0,1.2624669236650499,1.2624669236650499,0.0,0
2026-05-07 00:00:00+00:00,0.0,1.2624669236650499,1.2624669236650499,0.0,0
2026-05-08 00:00:00+00:00,0.0,1.2624669236650499,1.2624669236650499,0.0,0
2026-05-09 00:00:00+00:00,0.0,1.2624669236650499,1.2624669236650499,0.0,0
2026-05-10 00:00:00+00:00,0.0,1.2624669236650499,1.2624669236650499,0.0,0
2026-05-11 00:00:00+00:00,0.0,1.2624669236650499,1.2624669236650499,0.0,0
2026-05-12 00:00:00+00:00,0.0,1.2624669236650499,1.2624669236650499,0.0,0
2026-05-13 00:00:00+00:00,0.0,1.2624669236650499,1.2624669236650499,0.0,0
2026-05-14 00:00:00+00:00,0.0,1.2624669236650499,1.2624669236650499,0.0,0
2026-05-15 00:00:00+00:00,0.0,1.2624669236650499,1.2624669236650499,0.0,0
2026-05-16 00:00:00+00:00,0.0,1.2624669236650499,1.2624669236650499,0.0,0
2026-05-17 00:00:00+00:00,0.0,1.2624669236650499,1.2624669236650499,0.0,0
2026-05-18 00:00:00+00:00,0.0,1.2624669236650499,1.2624669236650499,0.0,0
2026-05-19 00:00:00+00:00,0.0,1.2624669236650499,1.2624669236650499,0.0,0
2026-05-20 00:00:00+00:00,0.0,1.2624669236650499,1.2624669236650499,0.0,0
2026-05-21 00:00:00+00:00,0.0,1.2624669236650499,1.2624669236650499,0.0,0
2026-05-22 00:00:00+00:00,0.0,1.2624669236650499,1.2624669236650499,0.0,0
2026-05-23 00:00:00+00:00,0.0,1.2624669236650499,1.2624669236650499,0.0,0
2026-05-24 00:00:00+00:00,0.0,1.2624669236650499,1.2624669236650499,0.0,0
2026-05-25 00:00:00+00:00,0.0,1.2624669236650499,1.2624669236650499,0.0,0
2026-05-26 00:00:00+00:00,0.0,1.2624669236650499,1.2624669236650499,0.0,0
2026-05-27 00:00:00+00:00,0.0,1.2624669236650499,1.2624669236650499,0.0,0
2026-05-28 00:00:00+00:00,0.0,1.2624669236650499,1.2624669236650499,0.0,0
2026-05-29 00:00:00+00:00,0.0,1.2624669236650499,1.2624669236650499,0.0,0
2026-05-30 00:00:00+00:00,0.0,1.2624669236650499,1.2624669236650499,0.0,0
2026-05-31 00:00:00+00:00,0.0,1.2624669236650499,1.2624669236650499,0.0,0
2026-06-01 00:00:00+00:00,0.0,1.2624669236650499,1.2624669236650499,0.0,0
2026-06-02 00:00:00+00:00,0.0,1.2624669236650499,1.2624669236650499,0.0,0
2026-06-03 00:00:00+00:00,0.0,1.2624669236650499,1.2624669236650499,0.0,0
2026-06-04 00:00:00+00:00,0.0,1.2624669236650499,1.2624669236650499,0.0,0
2026-06-05 00:00:00+00:00,0.0,1.2624669236650499,1.2624669236650499,0.0,0
2026-06-06 00:00:00+00:00,0.0,1.2624669236650499,1.2624669236650499,0.0,0
2026-06-07 00:00:00+00:00,0.0,1.2624669236650499,1.2624669236650499,0.0,0
2026-06-08 00:00:00+00:00,0.0,1.2624669236650499,1.2624669236650499,0.0,0
2026-06-09 00:00:00+00:00,0.0,1.2624669236650499,1.2624669236650499,0.0,0
2026-06-10 00:00:00+00:00,0.0,1.2624669236650499,1.2624669236650499,0.0,0
2026-06-11 00:00:00+00:00,0.0,1.2624669236650499,1.2624669236650499,0.0,0
2026-06-12 00:00:00+00:00,0.0,1.2624669236650499,1.2624669236650499,0.0,0
2026-06-13 00:00:00+00:00,0.0,1.2624669236650499,1.2624669236650499,0.0,0
2026-06-14 00:00:00+00:00,0.0,1.2624669236650499,1.2624669236650499,0.0,0
2026-06-15 00:00:00+00:00,0.0,1.2624669236650499,1.2624669236650499,0.0,0
2026-06-16 00:00:00+00:00,0.0,1.2624669236650499,1.2624669236650499,0.0,0
2026-06-17 00:00:00+00:00,0.0,1.2624669236650499,1.2624669236650499,0.0,0
2026-06-18 00:00:00+00:00,0.0,1.2624669236650499,1.2624669236650499,0.0,0
2026-06-19 00:00:00+00:00,0.0,1.2624669236650499,1.2624669236650499,0.0,0
2026-06-20 00:00:00+00:00,0.0,1.2624669236650499,1.2624669236650499,0.0,0
2026-06-21 00:00:00+00:00,0.0,1.2624669236650499,1.2624669236650499,0.0,0
2026-06-22 00:00:00+00:00,0.0,1.2624669236650499,1.2624669236650499,0.0,0
2026-06-23 00:00:00+00:00,0.0,1.2624669236650499,1.2624669236650499,0.0,0
2026-06-24 00:00:00+00:00,0.0,1.2624669236650499,1.2624669236650499,0.0,0
2026-06-25 00:00:00+00:00,0.0,1.2624669236650499,1.2624669236650499,0.0,0
2026-06-26 00:00:00+00:00,0.0,1.2624669236650499,1.2624669236650499,0.0,0
2026-06-27 00:00:00+00:00,0.0,1.2624669236650499,1.2624669236650499,0.0,0
2026-06-28 00:00:00+00:00,0.0,1.2624669236650499,1.2624669236650499,0.0,0
2026-06-29 00:00:00+00:00,0.0,1.2624669236650499,1.2624669236650499,0.0,0
2026-06-30 00:00:00+00:00,0.0,1.2624669236650499,1.2624669236650499,0.0,0
2026-07-01 00:00:00+00:00,0.0,1.2624669236650499,1.2624669236650499,0.0,0
2026-07-02 00:00:00+00:00,0.0,1.2624669236650499,1.2624669236650499,0.0,0
2026-07-03 00:00:00+00:00,0.0,1.2624669236650499,1.2624669236650499,0.0,0
2026-07-04 00:00:00+00:00,0.0,1.2624669236650499,1.2624669236650499,0.0,0
2026-07-05 00:00:00+00:00,0.0,1.2624669236650499,1.2624669236650499,0.0,0
2026-07-06 00:00:00+00:00,0.0,1.2624669236650499,1.2624669236650499,0.0,0
2026-07-07 00:00:00+00:00,0.0,1.2624669236650499,1.2624669236650499,0.0,0
2026-07-08 00:00:00+00:00,0.0,1.2624669236650499,1.2624669236650499,0.0,0
2026-07-09 00:00:00+00:00,0.0,1.2624669236650499,1.2624669236650499,0.0,0
2026-07-10 00:00:00+00:00,0.0,1.2624669236650499,1.2624669236650499,0.0,0
2026-07-11 00:00:00+00:00,0.0,1.2624669236650499,1.2624669236650499,0.0,0
2026-07-12 00:00:00+00:00,0.0,1.2624669236650499,1.2624669236650499,0.0,0
2026-07-13 00:00:00+00:00,0.0,1.2624669236650499,1.2624669236650499,0.0,0
2026-07-14 00:00:00+00:00,0.0,1.2624669236650499,1.2624669236650499,0.0,0
2026-07-15 00:00:00+00:00,0.0,1.2624669236650499,1.2624669236650499,0.0,0
2026-07-16 00:00:00+00:00,0.0,1.2624669236650499,1.2624669236650499,0.0,0
2026-07-17 00:00:00+00:00,0.0,1.2624669236650499,1.2624669236650499,0.0,0
2026-07-18 00:00:00+00:00,0.0,1.2624669236650499,1.2624669236650499,0.0,0
2026-07-19 00:00:00+00:00,0.0,1.2624669236650499,1.2624669236650499,0.0,0
2026-07-20 00:00:00+00:00,0.0,1.2624669236650499,1.2624669236650499,0.0,0
2026-07-21 00:00:00+00:00,0.0,1.2624669236650499,1.2624669236650499,0.0,0
2026-07-22 00:00:00+00:00,0.0,1.2624669236650499,1.2624669236650499,0.0,0
2026-07-23 00:00:00+00:00,0.0,1.2624669236650499,1.2624669236650499,0.0,0
2026-07-24 00:00:00+00:00,0.0,1.2624669236650499,1.2624669236650499,0.0,0
2026-07-25 00:00:00+00:00,0.0,1.2624669236650499,1.2624669236650499,0.0,0
2026-07-26 00:00:00+00:00,0.0,1.2624669236650499,1.2624669236650499,0.0,0
2026-07-27 00:00:00+00:00,0.0,1.2624669236650499,1.2624669236650499,0.0,0
2026-07-28 00:00:00+00:00,0.0,1.2624669236650499,1.2624669236650499,0.0,0
2026-07-29 00:00:00+00:00,0.0,1.2624669236650499,1.2624669236650499,0.0,0
2026-07-30 00:00:00+00:00,0.0,1.2624669236650499,1.2624669236650499,0.0,0
2026-07-31 00:00:00+00:00,0.0,1.2624669236650499,1.2624669236650499,0.0,0
2026-08-01 00:00:00+00:00,0.0,1.2624669236650499,1.2624669236650499,0.0,0
2026-08-02 00:00:00+00:00,0.0,1.2624669236650499,1.2624669236650499,0.0,0
2026-08-03 00:00:00+00:00,0.0,1.2624669236650499,1.2624669236650499,0.0,0
2026-08-04 00:00:00+00:00,0.0,1.2624669236650499,1.2624669236650499,0.0,0
2026-08-05 00:00:00+00:00,0.0,1.2624669236650499,1.2624669236650499,0.0,0
2026-08-06 00:00:00+00:00,0.0,1.2624669236650499,1.2624669236650499,0.0,0
2026-08-07 00:00:00+00:00,0.0,1.2624669236650499,1.2624669236650499,0.0,0
2026-08-08 00:00:00+00:00,0.0,1.2624669236650499,1.2624669236650499,0.0,0
2026-08-09 00:00:00+00:00,0.0,1.2624669236650499,1.2624669236650499,0.0,0
2026-08-10 00:00:00+00:00,0.0,1.2624669236650499,1.2624669236650499,0.0,0
2026-08-11 00:00:00+00:00,0.0,1.2624669236650499,1.2624669236650499,0.0,0
2026-08-12 00:00:00+00:00,0.0,1.2624669236650499,1.2624669236650499,0.0,0
2026-08-13 00:00:00+00:00,0.0,1.2624669236650499,1.2624669236650499,0.0,0
2026-08-14 00:00:00+00:00,0.0,1.2624669236650499,1.2624669236650499,0.0,0
2026-08-15 00:00:00+00:00,0.0,1.2624669236650499,1.2624669236650499,0.0,0
2026-08-16 00:00:00+00:00,0.0,1.2624669236650499,1.2624669236650499,0.0,0
2026-08-17 00:00:00+00:00,0.0,1.2624669236650499,1.2624669236650499,0.0,0
2026-08-18 00:00:00+00:00,0.0,1.2624669236650499,1.2624669236650499,0.0,0
2026-08-19 00:00:00+00:00,0.0,1.2624669236650499,1.2624669236650499,0.0,0
2026-08-20 00:00:00+00:00,0.0,1.2624669236650499,1.2624669236650499,0.0,0
2026-08-21 00:00:00+00:00,0.0,1.2624669236650499,1.2624669236650499,0.0,0
2026-08-22 00:00:00+00:00,0.0,1.2624669236650499,1.2624669236650499,0.0,0
2026-08-23 00:00:00+00:00,0.0,1.2624669236650499,1.2624669236650499,0.0,0
2026-08-24 00:00:00+00:00,0.004364635901034308,1.2679771321239468,0.8193825320085351,0.3537876107938837,4
2026-08-25 00:00:00+00:00,-0.003937884636449396,1.2629839844559867,0.8424120811608449,0.3329986036808674,4
2026-08-26 00:00:00+00:00,0.0038064716614880645,1.2677914972017317,0.9067759461559579,0.2847594039261242,3
2026-08-27 00:00:00+00:00,0.002389641998112202,1.2708210650082945,0.9067759461559579,0.2864644983280637,3
2026-08-28 00:00:00+00:00,-0.007077791238678355,1.261826458808451,0.9410912443283923,0.25418330091360614,3
2026-08-29 00:00:00+00:00,0.00035023636908992906,1.2622683963258055,1.0393123563838789,0.17663124624755253,2
2026-08-30 00:00:00+00:00,-0.002397130481357923,1.2592425742773181,1.0393123563838789,0.17465278127183526,2
2026-08-31 00:00:00+00:00,0.00223562879539152,1.2620577732367555,1.2620577732367555,0.0,0
