symbol,side,timeframe,entry_time,entry,initial_stop,tp1,tp2,tp3,max_holding_hours,exit_time,holding_days,exit_reason,initial_notional,initial_risk_cash,entry_fee,exit_fees,price_pnl,funding_pnl,net_pnl,net_return_on_notional,realized_r,tp1_hit,tp2_hit,tp3_hit,paper_only,fold_year
BTCUSDT,LONG,1d,2021-01-04 00:00:00+00:00,33053.93,29377.28,36730.58,40407.23,44083.880000000005,672,2021-01-04 00:00:00+00:00,0.0,STOP,0.03146580582867555,0.0035,6.293161165735111e-05,5.5931611657351095e-05,-0.0035,-0.00013927109932962068,-0.003758134322644323,-0.11943550224350027,-1.0737526636126637,False,False,False,True,2021
ETHUSDT,LONG,1d,2021-01-04 00:00:00+00:00,980.23,859.664,1100.796,1221.362,1341.928,672,2021-01-05 00:00:00+00:00,1.0,TP1+STOP,0.02845582502529734,0.0035,5.691165005059468e-05,5.866165005059469e-05,0.000875,-0.00028847753563722347,0.00047094916426158715,0.016550184851182894,0.1345569040747392,True,False,False,True,2021
BNBUSDT,LONG,1d,2021-01-04 00:00:00+00:00,41.301,35.9403,46.6617,52.022400000000005,57.3831,672,2021-01-11 00:00:00+00:00,7.0,STOP,0.026965414964463592,0.0035,5.3930829928927184e-05,4.693082992892718e-05,-0.0035,-0.0007235772762885444,-0.004324438936146399,-0.16036982712283,-1.235553981756114,False,False,False,True,2021
BTCUSDT,LONG,1d,2021-01-11 00:00:00+00:00,38200.01,32391.123,44008.897000000004,49817.784,55626.671,672,2021-01-11 00:00:00+00:00,0.0,STOP,0.022939333527928367,0.003488271241788871,4.5878667055856735e-05,3.8902124572278994e-05,-0.003488271241788871,-4.7093910636015994e-05,-0.0036201459440530228,-0.15781391118645788,-1.0378051742892915,False,False,False,True,2021
ETHUSDT,LONG,1d,2021-01-11 00:00:00+00:00,1257.95,1036.446,1479.4540000000002,1700.958,1922.4620000000002,672,2021-01-11 00:00:00+00:00,0.0,STOP,0.019810345675962095,0.003488271241788871,3.962069135192419e-05,3.264414886834645e-05,-0.003488271241788871,-4.852366610456086e-05,-0.0036090597481137025,-0.18218055389578292,-1.0346270395712944,False,False,False,True,2021
BNBUSDT,LONG,1d,2021-01-18 00:00:00+00:00,45.861,38.671099999999996,53.0509,60.24079999999999,67.4307,672,2021-01-21 00:00:00+00:00,3.0,STOP,0.021993539057293305,0.003448057095746564,4.398707811458661e-05,3.7090963923093484e-05,-0.003448057095746564,-0.00017805957918769116,-0.003707194716971935,-0.16855835285602147,-1.0751546781359962,False,False,False,True,2021
BNBUSDT,LONG,1d,2021-01-25 00:00:00+00:00,41.85,34.425200000000004,49.2748,56.699600000000004,64.12440000000001,672,2021-02-05 00:00:00+00:00,11.0,TP1+TP2+TP3,0.01935776747616636,0.0034343501065003572,3.871553495233272e-05,5.417011043158434e-05,0.007727287739625808,2.739956612781003e-05,0.007661801660369702,0.39579986017514945,2.230932031614321,True,True,True,True,2021
BNBUSDT,LONG,1d,2021-02-08 00:00:00+00:00,68.259,58.3965,78.1215,87.984,97.84649999999999,672,2021-02-09 00:00:00+00:00,1.0,TP1+TP2+TP3,0.02405751576314773,0.0034759848403000987,4.811503152629546e-05,6.375696330764591e-05,0.007820965890675222,-0.00018591703314140248,0.007523176862699878,0.31271628113091304,2.1643295953069708,True,True,True,True,2021
BTCUSDT,LONG,1d,2021-01-18 00:00:00+00:00,35875.72,28090.882,43660.558000000005,51445.396,59230.234000000004,672,2021-02-15 00:00:00+00:00,28.0,TP1+MAX_HOLD,0.015890058458636766,0.003448057095746564,3.1780116917273535e-05,4.199457477938346e-05,0.005107228931054963,-0.0009369495307545208,0.004096504708603785,0.2578029979730629,1.1880617387853378,True,False,False,True,2021
ETHUSDT,LONG,1d,2021-01-18 00:00:00+00:00,1233.61,929.4889999999999,1537.7309999999998,1841.8519999999999,2145.973,672,2021-02-15 00:00:00+00:00,28.0,TP1+TP2+MAX_HOLD,0.013986399209143461,0.003448057095746564,2.797279841828692e-05,3.961184059185006e-05,0.005819521086781567,-0.0011642374861890203,0.004587698961582411,0.3280114411851802,1.3305171098360524,True,True,False,True,2021
BNBUSDT,LONG,1d,2021-02-15 00:00:00+00:00,135.89,113.02089999999998,158.7591,181.6282,204.49729999999997,672,2021-02-19 00:00:00+00:00,4.0,TP1+TP2+TP3,0.020907942263339314,0.0035186240519135565,4.181588452667863e-05,5.764969276028963e-05,0.0079169041168055,-0.00043685568146067087,0.007380582858057861,0.35300378990424236,2.0975764245242483,True,True,True,True,2021
BTCUSDT,LONG,1d,2021-02-15 00:00:00+00:00,48655.21,42057.989,55252.431,61849.652,68446.87299999999,672,2021-02-22 00:00:00+00:00,7.0,TP1+STOP,0.025950228460878456,0.003518624051913556,5.1900456921756915e-05,5.3659768947713685e-05,0.000879656012978389,-0.0006794749668426974,9.462082026622105e-05,0.003646242282948209,0.026891426554866753,True,False,False,True,2021
BNBUSDT,LONG,1d,2021-02-22 00:00:00+00:00,294.945,229.6917,360.1983,425.4516,490.70489999999995,672,2021-02-22 00:00:00+00:00,0.0,STOP,0.016095123004635774,0.0035608669072484684,3.219024600927155e-05,2.506851219477461e-05,-0.0035608669072484684,-2.8834292245834776e-05,-0.0036469599576983494,-0.22658788980040345,-1.0241775535824242,False,False,False,True,2021
ETHUSDT,LONG,1d,2021-02-15 00:00:00+00:00,1804.0,1521.623,2086.377,2368.754,2651.1310000000003,672,2021-02-23 00:00:00+00:00,8.0,STOP,0.02247916009325142,0.003518624051913556,4.495832018650284e-05,3.792107208267573e-05,-0.003518624051913556,-0.0006617619756507254,-0.00426326541983346,-0.1896541241820399,-1.2116285675688885,False,False,False,True,2021
BTCUSDT,LONG,1d,2021-03-01 00:00:00+00:00,45162.64,36575.94499999999,53749.33500000001,62336.030000000006,70922.725,672,2021-03-29 00:00:00+00:00,28.0,TP1+MAX_HOLD,0.01849857108032087,0.0035171014759663283,3.699714216064174e-05,4.529382643519372e-05,0.00414834213727599,-0.0005077358750474076,0.0035583152936327473,0.19235622460689142,1.0117181201475274,True,False,False,True,2021
ETHUSDT,LONG,1d,2021-03-01 00:00:00+00:00,1419.96,1081.32,1758.6000000000001,2097.2400000000002,2435.88,672,2021-03-29 00:00:00+00:00,28.0,TP1+MAX_HOLD,0.0147476476843053,0.0035171014759663288,2.9495295368610604e-05,3.543445463368255e-05,0.0029695796325359737,-0.0005572358399152265,0.002347414042618454,0.15917209936582713,0.6674285796583388,True,False,False,True,2021
BNBUSDT,LONG,1d,2021-03-01 00:00:00+00:00,210.196,116.2027,304.1893,398.1826,492.17590000000007,672,2021-03-29 00:00:00+00:00,28.0,TP1+MAX_HOLD,0.007865248500076265,0.003517101475966329,1.573049700015253e-05,2.077769718995544e-05,0.0025236000949014547,-0.00031527606720728886,0.0021718158335040576,0.2761280630208948,0.6175016127185662,True,False,False,True,2021
BNBUSDT,LONG,1d,2021-03-29 00:00:00+00:00,268.788,217.72590000000002,319.8501,370.9122,421.97429999999997,672,2021-04-08 00:00:00+00:00,10.0,TP1+TP2+TP3,0.018662641896060813,0.0035453728840604735,3.7325283792121624e-05,5.3279461770393756e-05,0.007977088989136065,-0.0003668825837117281,0.007519601659861822,0.40292267845792024,2.1209621401655534,True,True,True,True,2021
ETHUSDT,LONG,1d,2021-03-29 00:00:00+00:00,1688.31,1464.437,1912.183,2136.056,2359.929,672,2021-04-14 00:00:00+00:00,16.0,TP1+TP2+TP3,0.026736982547641456,0.003545372884060473,5.347396509528291e-05,6.942814307355504e-05,0.007977088989136063,-0.0008430681785193766,0.0070111187024478475,0.2622255031941261,1.9775405667395125,True,True,True,True,2021
BNBUSDT,LONG,1d,2021-04-12 00:00:00+00:00,526.188,452.92379999999997,599.4522,672.7164,745.9806,672,2021-04-14 00:00:00+00:00,2.0,TP1+STOP,0.02591943807813145,0.0036089133451234893,5.18388761562629e-05,5.364333282882465e-05,0.0009022283362808717,-0.0003947407505455802,0.00040200537675020393,0.015509802933937092,0.1113923606099908,True,False,False,True,2021
BTCUSDT,LONG,1d,2021-03-29 00:00:00+00:00,55804.16,48353.809,63254.511000000006,70704.86200000001,78155.213,672,2021-04-18 00:00:00+00:00,20.0,TP1+STOP,0.026555333524792595,0.003545372884060473,5.311066704958519e-05,5.4883353491615424e-05,0.0008863432210151183,-0.0011709707800446358,-0.00039262157957071814,-0.014785036655787384,-0.11074197056560475,True,False,False,True,2021
SOLUSDT,LONG,1d,2021-04-05 00:00:00+00:00,23.7908,20.24069,27.34091,30.891019999999997,34.44113,672,2021-04-18 00:00:00+00:00,13.0,TP1+STOP,0.02401161725738925,0.003583060785750381,4.8023234514778505e-05,4.98147649076537e-05,0.0008957651964375952,-0.0006174328221550504,0.00018049437486011258,0.007516960349872638,0.05037435467964371,True,False,False,True,2021
BNBUSDT,LONG,1d,2021-04-19 00:00:00+00:00,482.126,373.6501,590.6019,699.0777999999999,807.5536999999999,672,2021-04-22 00:00:00+00:00,3.0,TP1+STOP,0.01598656096526455,0.003596894978930695,3.1973121930529096e-05,3.3771569419994445e-05,0.0008992237447326743,-5.341270890124258e-05,0.0007800663444809081,0.04879513149675087,0.21687214918707765,True,False,False,True,2021
BTCUSDT,LONG,1d,2021-04-19 00:00:00+00:00,56140.05,50219.079000000005,62061.021,67981.992,73902.963,672,2021-04-23 00:00:00+00:00,4.0,STOP,0.03410418054098192,0.003596894978930695,6.820836108196383e-05,6.101457112410245e-05,-0.003596894978930695,-6.064874621523833e-05,-0.0037867666573519997,-0.11103526304646323,-1.0527876625627115,False,False,False,True,2021
ETHUSDT,LONG,1d,2021-04-19 00:00:00+00:00,2235.32,1919.351,2551.289,2867.2580000000003,3183.2270000000003,672,2021-04-23 00:00:00+00:00,4.0,TP1+STOP,0.025446202900611645,0.0035968949789306954,5.089240580122329e-05,5.2690853290688635e-05,0.0008992237447326739,-6.710444836500527e-05,0.0007285360372757566,0.028630442039674412,0.20254581841929112,True,False,False,True,2021
SOLUSDT,LONG,1d,2021-04-19 00:00:00+00:00,32.3739,25.78558,38.96222,45.55054,52.13886,672,2021-04-23 00:00:00+00:00,4.0,TP1+STOP,0.017674538935328648,0.003596894978930695,3.53490778706573e-05,3.714752536012265e-05,0.0008992237447326743,-5.434109803947565e-05,0.0007723860434624186,0.04370049178021494,0.2147368905644384,True,False,False,True,2021
ETHUSDT,LONG,1d,2021-04-26 00:00:00+00:00,2320.71,1919.651,2721.7690000000002,3122.828,3523.887,672,2021-05-04 00:00:00+00:00,8.0,TP1+TP2+TP3,0.020782776313336505,0.0035916247551182287,4.156555262667301e-05,5.772786402470504e-05,0.008081155699016017,-0.00012685846287327138,0.007855003819491368,0.37795738649463967,2.1870335447202915,True,True,True,True,2021
BTCUSDT,LONG,1d,2021-04-26 00:00:00+00:00,49063.94,42223.091,55904.789000000004,62745.638000000006,69586.48700000001,672,2021-05-12 00:00:00+00:00,16.0,TP1+STOP,0.025759852539887294,0.0035916247551182295,5.151970507977459e-05,5.3315517457333696e-05,0.0008979061887795574,-0.0003975901388512285,0.00039548082739122056,0.015352604475466105,0.11011195610778723,True,False,False,True,2021
ETHUSDT,LONG,1d,2021-05-10 00:00:00+00:00,3927.83,3402.469,4453.191,4978.552,5503.9130000000005,672,2021-05-16 00:00:00+00:00,6.0,STOP,0.027224820022803867,0.003641414896265943,5.4449640045607734e-05,4.716681025307585e-05,-0.003641414896265943,-0.00019604115770285966,-0.003939072504267486,-0.14468681522845944,-1.0817422942677513,False,False,False,True,2021
BNBUSDT,LONG,1d,2021-04-26 00:00:00+00:00,505.543,369.27830000000006,641.8077,778.0723999999999,914.3370999999999,672,2021-05-17 00:00:00+00:00,21.0,TP1+STOP,0.013324953223958486,0.0035916247551182295,2.6649906447916972e-05,2.8445718825476088e-05,0.0008979061887795574,-0.0003513282628065131,0.0004914823006996512,0.03688435467195171,0.13684121649937578,True,False,False,True,2021
SOLUSDT,LONG,1d,2021-04-26 00:00:00+00:00,47.374,37.26086,57.487140000000004,67.60028,77.71342000000001,672,2021-05-19 00:00:00+00:00,23.0,TP1+STOP,0.016824609483204123,0.0035916247551182287,3.364921896640825e-05,3.544503134396736e-05,0.0008979061887795572,-0.00046417104380439895,0.00036464089466478264,0.02167306736175962,0.10152533171655886,True,False,False,True,2021
ETHUSDT,LONG,1d,2021-05-17 00:00:00+00:00,3581.39,2872.736,4290.044,4998.698,5707.352000000001,672,2021-05-19 00:00:00+00:00,2.0,STOP,0.018245272275992208,0.003610214240691738,3.6490544551984415e-05,2.927011607060094e-05,-0.003610214240691738,1.0755919371192743e-06,-0.003674899309377204,-0.20141652334850438,-1.0179172382504016,False,False,False,True,2021
ETHUSDT,LONG,1d,2021-05-24 00:00:00+00:00,2096.62,981.7799999999997,3211.46,4326.3,5441.14,672,2021-06-21 00:00:00+00:00,28.0,MAX_HOLD,0.006764401628038093,0.0035968489812183363,1.3528803256076186e-05,1.4471409727276312e-05,0.000471303235600063,-6.0994331159778865e-05,0.00038230869145693163,0.05651773985037819,0.10628989247344903,False,False,False,True,2021
SOLUSDT,LONG,1d,2021-05-24 00:00:00+00:00,24.5,5.87575,43.12425,61.7485,80.37275,672,2021-06-21 00:00:00+00:00,28.0,TP1+MAX_HOLD,0.00473161604036937,0.0035968489812183363,9.46323208073874e-06,1.437119738220453e-05,0.0024539826507328955,-4.6319930167396186e-05,0.0023838282911025563,0.5038084812385716,0.6627546231577113,True,False,False,True,2021
ETHUSDT,LONG,1d,2021-06-21 00:00:00+00:00,2242.7,1812.6009999999999,2672.7989999999995,3102.8979999999997,3532.9969999999994,672,2021-06-22 00:00:00+00:00,1.0,STOP,0.018811115073397916,0.0036075452721957323,3.7622230146795833e-05,3.0407139602404366e-05,-0.0036075452721957323,-5.348495712196124e-07,-0.0036761094915161523,-0.1954221999691443,-1.01900578208924,False,False,False,True,2021
SOLUSDT,LONG,1d,2021-06-21 00:00:00+00:00,35.234,25.7205,44.7475,54.26100000000001,63.77450000000001,672,2021-06-22 00:00:00+00:00,1.0,STOP,0.01336082936043984,0.003607545272195732,2.6721658720879682e-05,1.9506568176488218e-05,-0.003607545272195732,8.941012319387099e-06,-0.003644832486773713,-0.27279986806550494,-1.010335896507069,False,False,False,True,2021
BNBUSDT,LONG,1d,2021-05-31 00:00:00+00:00,325.52,157.6153,493.4247,661.3294,829.2340999999999,672,2021-06-28 00:00:00+00:00,28.0,MAX_HOLD,0.006984606346064268,0.0036026917951401363,1.3969212692128537e-05,1.247496353404327e-05,-0.0007471245790426327,4.233166017081857e-05,-0.0007312370950979859,-0.10469267112097566,-0.2029696506607617,False,False,False,True,2021
BNBUSDT,LONG,1d,2021-06-28 00:00:00+00:00,290.7,221.414,359.986,429.27200000000005,498.55800000000005,672,2021-07-05 00:00:00+00:00,7.0,SIGNAL_INVALID,0.015013505113801583,0.003578347833900435,3.0027010227603167e-05,3.1771613608216224e-05,0.0008723016903065309,5.2727878350628835e-05,0.0008632309448213404,0.05749696278637767,0.24123729298848234,False,False,False,True,2021
ETHUSDT,LONG,1d,2021-06-28 00:00:00+00:00,1981.0,1559.049,2402.951,2824.902,3246.8529999999996,672,2021-07-13 00:00:00+00:00,15.0,TP1+STOP,0.016799834717672813,0.0035783478339004348,3.3599669435345626e-05,3.538884335229584e-05,0.0008945869584751087,-4.4841037424705194e-05,0.0007807574082627621,0.04647411247691823,0.2181893556758368,True,False,False,True,2021
SOLUSDT,LONG,1d,2021-06-28 00:00:00+00:00,31.848,21.977999999999998,41.718,51.588,61.458,672,2021-07-19 00:00:00+00:00,21.0,SIGNAL_INVALID,0.011546425715710339,0.003578347833900435,2.309285143142068e-05,1.933540493187214e-05,-0.0018787232497742704,-7.023494854667281e-05,-0.001991386454684236,-0.17246778385926897,-0.5565100284042551,False,False,False,True,2021
BTCUSDT,SHORT,1d,2021-07-19 00:00:00+00:00,31765.23,35068.465000000004,28461.995,25158.759999999995,21855.524999999994,672,2021-07-25 00:00:00+00:00,6.0,STOP,0.034399132617495526,0.0035771319405448337,6.879826523499105e-05,7.595252911608072e-05,-0.0035771319405448337,-9.274899843396249e-05,-0.003814631733329868,-0.11089325349412248,-1.0663939146591446,False,False,False,True,2021
BTCUSDT,SHORT,1d,2021-08-09 00:00:00+00:00,43787.71,49530.474,38044.945999999996,32302.182,26559.417999999998,672,2021-08-16 00:00:00+00:00,7.0,SIGNAL_INVALID,0.027173290959889507,0.00356378072947818,5.434658191977902e-05,5.834094810285285e-05,-0.0019971830915369165,6.0252122827341646e-05,-0.0020496184987322066,-0.07542768749496144,-0.5751247493367299,False,False,False,True,2021
SOLUSDT,LONG,1d,2021-08-16 00:00:00+00:00,53.576,45.9877,61.164300000000004,68.7526,76.3409,672,2021-08-17 00:00:00+00:00,1.0,TP1+TP2+STOP,0.02511086542441845,0.003556607064732616,5.0221730848836907e-05,5.9113248510668445e-05,0.0044457588309157695,-8.057071880281081e-05,0.004255853132753454,0.16948253518235787,1.1966048133218243,True,True,False,True,2021
SOLUSDT,LONG,1d,2021-08-23 00:00:00+00:00,72.808,58.86540000000001,86.7506,100.6932,114.6358,672,2021-08-30 00:00:00+00:00,7.0,TP1+TP2+TP3,0.01863678601578235,0.0035689107337606714,3.72735720315647e-05,5.333367033348772e-05,0.00803004915096151,-8.036367706913019e-05,0.007859078231527327,0.42169707936078443,2.2020943693500494,True,True,True,True,2021
BTCUSDT,LONG,1d,2021-08-23 00:00:00+00:00,49273.28,44232.323,54314.237,59355.194,64396.151,672,2021-09-06 00:00:00+00:00,14.0,SIGNAL_INVALID,0.034884633588343435,0.003568910733760672,6.976926717668686e-05,7.334639263460484e-05,0.0017885627289589857,-0.0003299374534661881,0.0013155096156815059,0.03771028904030336,0.3686025551822398,False,False,False,True,2021
ETHUSDT,LONG,1d,2021-08-16 00:00:00+00:00,3312.31,2890.667,3733.953,4155.596,4577.239,672,2021-09-07 00:00:00+00:00,22.0,TP1+STOP,0.027939714750593488,0.0035566070647326162,5.5879429501186974e-05,5.765773303355329e-05,0.0008891517661831541,-0.00048414381446358715,0.00029147078918482665,0.010432131887768658,0.08195192324590944,True,False,False,True,2021
BNBUSDT,LONG,1d,2021-08-23 00:00:00+00:00,449.21,398.04999999999995,500.37,551.53,602.6899999999999,672,2021-09-07 00:00:00+00:00,15.0,TP1+STOP,0.03133679418906627,0.0035689107337606714,6.267358837813254e-05,6.445804374501287e-05,0.0008922276834401678,-0.000473801087594122,0.00029129496372290047,0.009295621050622219,0.08162013159010956,True,False,False,True,2021
SOLUSDT,LONG,1d,2021-09-06 00:00:00+00:00,142.14,114.70659999999998,169.5734,197.0068,224.44019999999998,672,2021-09-10 00:00:00+00:00,4.0,TP1+TP2+STOP,0.018812741744408962,0.0036309094510417125,3.7625483488817924e-05,4.670275711642221e-05,0.004538636813802141,-8.117291965348706e-05,0.004373135653543413,0.23245605095509717,1.2044188136635452,True,True,False,True,2021
SOLUSDT,LONG,1d,2021-09-13 00:00:00+00:00,174.507,130.2649,218.7491,262.9912,307.2333,672,2021-09-20 00:00:00+00:00,7.0,STOP,0.014282385739446929,0.0036209592630850615,2.856477147889386e-05,2.1322852952723734e-05,-0.0036209592630850615,-6.683956014155993e-05,-0.003737686447658239,-0.2616990267483825,-1.0322365362579986,False,False,False,True,2021
ETHUSDT,LONG,1d,2021-09-13 00:00:00+00:00,3405.65,2888.3410000000003,3922.959,4440.268,4957.577,672,2021-09-21 00:00:00+00:00,8.0,STOP,0.02383820871920969,0.0036209592630850615,4.7676417438419384e-05,4.043449891224926e-05,-0.0036209592630850615,-6.260564643033418e-05,-0.0037716758258660643,-0.15821976685801528,-1.0416233798368093,False,False,False,True,2021
BNBUSDT,LONG,1d,2021-09-13 00:00:00+00:00,416.54,343.219,489.86100000000005,563.182,636.503,672,2021-09-21 00:00:00+00:00,8.0,STOP,0.02057083743327902,0.003620959263085061,4.114167486655804e-05,3.389975634038792e-05,-0.003620959263085061,-7.3686173678915005e-06,-0.0037033693116598986,-0.18003007041748698,-1.0227591758391184,False,False,False,True,2021
BNBUSDT,LONG,1d,2021-10-04 00:00:00+00:00,430.11,373.466,486.754,543.398,600.042,672,2021-10-11 00:00:00+00:00,7.0,SIGNAL_INVALID,0.027319570365365756,0.0035978929663941267,5.4639140730731515e-05,5.133622366533191e-05,-0.0016514585326997968,4.025920613447975e-05,-0.0017171746909613805,-0.06285511331240845,-0.47727231104441775,False,False,False,True,2021
ETHUSDT,LONG,1d,2021-09-27 00:00:00+00:00,3057.62,2432.503,3682.7369999999996,4307.853999999999,4932.971,672,2021-10-25 00:00:00+00:00,28.0,TP1+TP2+MAX_HOLD,0.017519156427950176,0.0035817147025369164,3.503831285590035e-05,4.629514236104901e-05,0.005628414752574332,-0.00028971080484743055,0.005257370492509952,0.30009267364736286,1.4678361983399109,True,True,False,True,2021
SOLUSDT,LONG,1d,2021-09-27 00:00:00+00:00,135.631,85.1461,186.1159,236.6008,287.0857,672,2021-10-25 00:00:00+00:00,28.0,TP1+MAX_HOLD,0.0096225118167964,0.0035817147025369164,1.92450236335928e-05,2.813990708874139e-05,0.004447441727574292,-0.0001995401982492282,0.0042005165986027295,0.43653015746580787,1.1727669419419469,True,False,False,True,2021
SOLUSDT,LONG,1d,2021-10-25 00:00:00+00:00,202.386,174.2805,230.4915,258.597,286.7025,672,2021-10-27 00:00:00+00:00,2.0,STOP,0.025969101345491172,0.003606349144040113,5.193820269098234e-05,4.472550440290212e-05,-0.003606349144040113,-8.699883966448895e-05,-0.0037900116907984864,-0.14594312064851328,-1.0509275556588566,False,False,False,True,2021
BTCUSDT,LONG,1d,2021-10-18 00:00:00+00:00,61571.45,55516.380999999994,67626.519,73681.588,79736.657,672,2021-11-15 00:00:00+00:00,28.0,TP1+MAX_HOLD,0.03656257257962411,0.0035956421326301734,7.312514515924822e-05,7.848317253597204e-05,0.002679013688361911,-0.0009753629948493959,0.0015520423758172946,0.04244893797987918,0.4316453970022852,True,False,False,True,2021
ETHUSDT,LONG,1d,2021-10-25 00:00:00+00:00,4084.6,3636.252,4532.948,4981.296,5429.644,672,2021-11-16 00:00:00+00:00,22.0,TP1+STOP,0.03285504499573155,0.003606349144040114,6.571008999146311e-05,6.751326456348317e-05,0.0009015872860100295,-0.000501294519190318,0.0002670694122647652,0.008128718505771706,0.07405534006770435,True,False,False,True,2021
BTCUSDT,LONG,1d,2021-11-15 00:00:00+00:00,65568.38,59618.149000000005,71518.611,77468.842,83419.073,672,2021-11-16 00:00:00+00:00,1.0,STOP,0.03995982817536954,0.0036262937770272386,7.991965635073909e-05,7.26670687966846e-05,-0.0036262937770272386,-5.071711916844701e-05,-0.0038295976213431095,-0.09583618839741655,-1.0560638097232529,False,False,False,True,2021
BNBUSDT,LONG,1d,2021-11-15 00:00:00+00:00,650.28,573.903,726.6569999999999,803.034,879.411,672,2021-11-16 00:00:00+00:00,1.0,STOP,0.030874560631149087,0.003626293777027238,6.174912126229817e-05,5.449653370824369e-05,-0.003626293777027238,1.2842604384278491e-05,-0.0037296968276135014,-0.12080161632650543,-1.0285148024248136,False,False,False,True,2021
SOLUSDT,LONG,1d,2021-11-01 00:00:00+00:00,202.681,169.84539999999998,235.51660000000004,268.35220000000004,301.18780000000004,672,2021-11-18 00:00:00+00:00,17.0,TP1+STOP,0.022209065781406905,0.003598008695299338,4.441813156281381e-05,4.6217135910463474e-05,0.0008995021738248345,-0.0002257211079172506,0.0005831457984343067,0.026257106182399962,0.16207459398198915,True,False,False,True,2021
SOLUSDT,LONG,1d,2021-11-22 00:00:00+00:00,230.732,190.0192,271.4448,312.1576,352.8704,672,2021-11-26 00:00:00+00:00,4.0,STOP,0.02027475402107662,0.003577492526001109,4.0549508042153235e-05,3.339452299015102e-05,-0.003577492526001109,-4.105905182860707e-05,-0.0036924956088620203,-0.18212283142984062,-1.0321462817951603,False,False,False,True,2021
BTCUSDT,LONG,1d,2021-11-22 00:00:00+00:00,58648.87,52744.499,64553.241,70457.612,76361.98300000001,672,2021-12-03 00:00:00+00:00,11.0,STOP,0.035535689421178095,0.0035774925260011097,7.107137884235619e-05,6.391639379035398e-05,-0.0035774925260011097,-0.00016458816419794438,-0.0038770684628317642,-0.10910351047026992,-1.083739081117108,False,False,False,True,2021
ETHUSDT,LONG,1d,2021-11-22 00:00:00+00:00,4259.28,3770.4109999999996,4748.148999999999,5237.018,5725.887,672,2021-12-03 00:00:00+00:00,11.0,TP1+STOP,0.031168968304691028,0.003577492526001109,6.233793660938206e-05,6.41266828723826e-05,0.0008943731315002763,-0.00013040725160212718,0.0006375012604163845,0.020453075449418663,0.17819778959230365,True,False,False,True,2021
BNBUSDT,LONG,1d,2021-11-22 00:00:00+00:00,584.25,502.258,666.242,748.234,830.226,672,2021-12-04 00:00:00+00:00,12.0,STOP,0.025492121283980724,0.0035774925260011092,5.098424256796145e-05,4.382925751595923e-05,-0.0035774925260011092,-7.307309247185423e-05,-0.003745379118556884,-0.14692300718459567,-1.0469285655624938,False,False,False,True,2021
SOLUSDT,LONG,1d,2021-11-29 00:00:00+00:00,200.708,160.5577,240.85829999999999,281.0086,321.1589,672,2021-12-04 00:00:00+00:00,5.0,TP1+STOP,0.017823041757837357,0.003565380918995242,3.564608351567471e-05,3.742877397517234e-05,0.0008913452297488105,-2.883898725597029e-05,0.0007894313850019931,0.044292741706384385,0.22141572049038238,True,False,False,True,2021
SOLUSDT,LONG,1d,2021-12-06 00:00:00+00:00,196.318,150.0659,242.57010000000002,288.8222,335.0743,672,2021-12-13 00:00:00+00:00,7.0,STOP,0.015037846868142076,0.0035428844890941953,3.0075693736284153e-05,2.2989924758095762e-05,-0.0035428844890941953,-3.090690825924904e-05,-0.003626857015847824,-0.24118193566203816,-1.0237017399274844,False,False,False,True,2021
BTCUSDT,LONG,1d,2021-12-13 00:00:00+00:00,50057.02,43005.771,57108.26899999999,64159.518,71210.76699999999,672,2021-12-20 00:00:00+00:00,7.0,SIGNAL_INVALID,0.025108739924446375,0.0035369260352196854,5.021747984889275e-05,4.68182482886522e-05,-0.001699615780120276,-4.4320479232995256e-05,-0.0018409719874908162,-0.07331996719191824,-0.5205005615494783,False,False,False,True,2021
BTCUSDT,LONG,1d,2021-12-27 00:00:00+00:00,50765.73,45920.851,55610.609000000004,60455.488,65300.367,672,2021-12-30 00:00:00+00:00,3.0,STOP,0.03693825648527332,0.003525240022001349,7.387651297054664e-05,6.682603292654394e-05,-0.003525240022001349,-4.185891812881647e-05,-0.003707801486027256,-0.10037835671820342,-1.051786960004574,False,False,False,True,2021
ETHUSDT,LONG,1d,2021-12-06 00:00:00+00:00,4197.52,3505.3180000000007,4889.722000000001,5581.924,6274.126,672,2021-12-31 00:00:00+00:00,25.0,END_OF_FOLD,0.021484087738351917,0.0035428844890941957,4.296817547670383e-05,3.762980817622616e-05,-0.0026691836502388397,-0.00013610713279395918,-0.002885888766685729,-0.134326800459581,-0.8145590903596069,False,False,False,True,2021
BNBUSDT,LONG,1d,2021-12-06 00:00:00+00:00,557.64,462.51399999999995,652.766,747.892,843.018,672,2021-12-31 00:00:00+00:00,25.0,END_OF_FOLD,0.02076881301114823,0.0035428844890941957,4.153762602229646e-05,3.810520760341076e-05,-0.0017162092094428487,0.00021769052123666644,-0.0015781615218318893,-0.0759870831801879,-0.4454453783886631,False,False,False,True,2021
SOLUSDT,LONG,1d,2021-12-20 00:00:00+00:00,179.86,139.92950000000002,219.7905,259.721,299.65150000000006,672,2021-12-31 00:00:00+00:00,11.0,END_OF_FOLD,0.015834467466167377,0.0035153908771144017,3.166893493233475e-05,2.992930923939876e-05,-0.0008698128464679977,-5.781807979909761e-05,-0.0009892291704388287,-0.062473156899811096,-0.2813994815992794,False,False,False,True,2021
ETHUSDT,LONG,1d,2022-01-03 00:00:00+00:00,3826.1,3437.9849999999997,4214.215,4602.33,4990.445,672,2022-01-05 00:00:00+00:00,2.0,STOP,0.034503562088556206,0.0035,6.900712417711241e-05,6.200712417711242e-05,-0.0035,-2.64148458445306e-05,-0.0036574290941987554,-0.10600149297083197,-1.0449797411996444,False,False,False,True,2022
SOLUSDT,LONG,1d,2022-01-03 00:00:00+00:00,176.27,151.203,201.33700000000002,226.40400000000002,251.47100000000003,672,2022-01-05 00:00:00+00:00,2.0,STOP,0.02461184026808154,0.0035000000000000005,4.922368053616308e-05,4.222368053616308e-05,-0.0035000000000000005,-2.0625104719352137e-05,-0.0036120724657916787,-0.1467615759913769,-1.032020704511908,False,False,False,True,2022
BNBUSDT,LONG,1d,2022-01-03 00:00:00+00:00,530.92,484.91299999999995,576.927,622.934,668.941,672,2022-01-05 00:00:00+00:00,2.0,STOP,0.04038994066120372,0.0035,8.077988132240745e-05,7.377988132240745e-05,-0.0035,-2.836553672267263e-06,-0.003657396316317082,-0.09055215869208169,-1.0449703760905948,False,False,False,True,2022
BNBUSDT,LONG,1d,2022-01-17 00:00:00+00:00,497.94,441.959,553.921,609.902,665.883,672,2022-01-20 00:00:00+00:00,3.0,STOP,0.030791638442509962,0.003461755857432924,6.158327688501993e-05,5.4659765170154085e-05,-0.003461755857432924,0.0001965838719073282,-0.0033814150275807697,-0.10981601495139977,-0.976791884476876,False,False,False,True,2022
BTCUSDT,SHORT,1d,2022-01-24 00:00:00+00:00,36230.0,40704.198,31755.802000000003,27281.604000000003,22807.406000000003,672,2022-02-04 00:00:00+00:00,11.0,STOP,0.02793587462651911,0.003449920904836391,5.587174925303822e-05,6.277159106271101e-05,-0.003449920904836391,7.657229315403229e-06,-0.003560907015836737,-0.12746717485825274,-1.0321706247945441,False,False,False,True,2022
BTCUSDT,SHORT,1d,2022-02-07 00:00:00+00:00,42361.34,46945.63,37777.049999999996,33192.759999999995,28608.46999999999,672,2022-02-28 00:00:00+00:00,21.0,TP1+STOP,0.031763984313396415,0.0034374577302809612,6.352796862679283e-05,6.180923976165235e-05,0.0008593644325702403,6.052780192112266e-05,0.0007945550261029179,0.025014337567463643,0.23114612264278658,True,False,False,True,2022
BNBUSDT,SHORT,1d,2022-02-14 00:00:00+00:00,397.83,444.63800000000003,351.02199999999993,304.21399999999994,257.4059999999999,672,2022-03-01 00:00:00+00:00,15.0,TP1+STOP,0.0292632255317603,0.003443061259056978,5.85264510635206e-05,5.6804920433992106e-05,0.0008607653147642445,-8.276576427429547e-05,0.0006626681789924364,0.022645083272629044,0.19246482392646563,True,False,False,True,2022
ETHUSDT,SHORT,1d,2022-02-07 00:00:00+00:00,3054.26,3499.53,2608.9900000000002,2163.7200000000003,1718.4500000000007,672,2022-03-07 00:00:00+00:00,28.0,TP1+MAX_HOLD,0.023578704263228892,0.003437457730280961,4.715740852645779e-05,3.959198302325885e-05,0.003782712751599465,6.922395499532132e-05,0.0037651873150450696,0.15968592985480115,1.0953406879383858,True,False,False,True,2022
ETHUSDT,SHORT,1d,2022-03-07 00:00:00+00:00,2549.36,2990.6440000000002,2108.076,1666.7920000000001,1225.5080000000003,672,2022-03-19 00:00:00+00:00,12.0,STOP,0.019964275965051445,0.0034557361671014543,3.992855193010289e-05,4.6840024264305794e-05,-0.0034557361671014543,4.587207959465622e-05,-0.003496632663701207,-0.17514447655513543,-1.0118343804683605,False,False,False,True,2022
BTCUSDT,SHORT,1d,2022-03-07 00:00:00+00:00,38401.1,43617.246999999996,33184.953,27968.805999999997,22752.659,672,2022-03-21 00:00:00+00:00,14.0,SIGNAL_INVALID,0.02544101424413072,0.0034557361671014543,5.0882028488261444e-05,5.467143851228624e-05,-0.0018947050120124028,4.617990751863381e-05,-0.001954078571494317,-0.0768082024066759,-0.565459420802175,False,False,False,True,2022
BNBUSDT,SHORT,1d,2022-03-07 00:00:00+00:00,374.68,426.355,323.005,271.33000000000004,219.65500000000003,672,2022-03-21 00:00:00+00:00,14.0,SIGNAL_INVALID,0.025056511409570832,0.0034557361671014547,5.011302281914166e-05,5.2261029508784596e-05,-0.0010740033448214678,-8.419310014556916e-05,-0.0012605704972949632,-0.050309098369275114,-0.36477625499758093,False,False,False,True,2022
SOLUSDT,SHORT,1d,2022-03-07 00:00:00+00:00,84.53,101.783,67.277,50.023999999999994,32.77099999999999,672,2022-03-24 00:00:00+00:00,17.0,STOP,0.016931164331135798,0.0034557361671014543,3.3862328662271595e-05,4.077380099647451e-05,-0.0034557361671014543,7.314280845587379e-05,-0.0034572294883043263,-0.20419325101857327,-1.0004321282443631,False,False,False,True,2022
SOLUSDT,SHORT,1d,2022-03-28 00:00:00+00:00,106.94,119.30999999999999,94.57000000000001,82.2,69.83000000000001,672,2022-03-30 00:00:00+00:00,2.0,STOP,0.029567538694017664,0.003420146377828672,5.913507738803533e-05,6.597537014369266e-05,-0.003420146377828672,2.625981490541794e-05,-0.003518997010454982,-0.11901555441836534,-1.0289024567097818,False,False,False,True,2022
BTCUSDT,SHORT,1d,2022-04-04 00:00:00+00:00,46392.3,49858.520000000004,42926.08,39459.86,35993.64,672,2022-04-11 00:00:00+00:00,7.0,TP1+SIGNAL_INVALID,0.045610799812652585,0.0034078298882920808,9.122159962530516e-05,8.324712510111894e-05,0.003987237262093111,7.209139457731917e-05,0.003884859931944007,0.08517412428418618,1.139980591546194,True,False,False,True,2022
BNBUSDT,SHORT,1d,2022-04-11 00:00:00+00:00,417.74,454.80100000000004,380.679,343.618,306.55699999999996,672,2022-04-25 00:00:00+00:00,14.0,SIGNAL_INVALID,0.03875731757065336,0.0034384663821659055,7.751463514130671e-05,7.39667828314925e-05,0.001773926154907101,-3.8853288255978015e-05,0.0015835914486783237,0.040859160229329256,0.4605516741102504,False,False,False,True,2022
BTCUSDT,SHORT,1d,2022-04-18 00:00:00+00:00,39649.1,43045.94,36252.259999999995,32855.42,29458.579999999998,672,2022-04-25 00:00:00+00:00,7.0,SIGNAL_INVALID,0.040235021282177444,0.003447037377699665,8.04700425643549e-05,8.003226747788052e-05,0.0002188875432371872,-2.8399329879608544e-05,2.9985903315343226e-05,0.0007452687325562772,0.008699036311394431,False,False,False,True,2022
ETHUSDT,SHORT,1d,2022-04-18 00:00:00+00:00,2986.02,3286.132,2685.908,2385.7960000000003,2085.684,672,2022-04-25 00:00:00+00:00,7.0,SIGNAL_INVALID,0.03429693764514165,0.003447037377699665,6.85938752902833e-05,6.705385432610336e-05,0.0007700104820899709,-2.5639885891255705e-05,0.0006087228665823286,0.017748606971286184,0.17659305655355317,False,False,False,True,2022
SOLUSDT,SHORT,1d,2022-04-04 00:00:00+00:00,136.87,153.136,120.60400000000001,104.33800000000001,88.072,672,2022-04-30 00:00:00+00:00,26.0,TP1+TP2+TP3,0.02867513075190811,0.0034078298882920803,5.735026150381622e-05,4.201502700650185e-05,0.007667617248657183,4.875627673053002e-05,0.007617008236877395,0.2656311597243734,2.235149196574143,True,True,True,True,2022
SOLUSDT,SHORT,1d,2022-05-02 00:00:00+00:00,89.61,103.376,75.844,62.077999999999996,48.312,672,2022-05-11 00:00:00+00:00,9.0,TP1+TP2+TP3,0.022496005799944395,0.003455864477647971,4.499201159988879e-05,2.9440621450472926e-05,0.007775695074707932,-2.2734975565008574e-05,0.007678527466092561,0.34132848001450733,2.2218832699476962,True,True,True,True,2022
BNBUSDT,SHORT,1d,2022-05-09 00:00:00+00:00,355.75,392.422,319.078,282.406,245.73399999999998,672,2022-05-12 00:00:00+00:00,3.0,TP1+TP2+TP3,0.033643413565304994,0.0034680850661050334,6.728682713061e-05,5.168044433313735e-05,0.007803191398736321,-9.171135614406787e-05,0.007592512771128506,0.22567605265115956,2.1892521741560307,True,True,True,True,2022
BTCUSDT,SHORT,1d,2022-05-09 00:00:00+00:00,34032.1,37683.84,30380.359999999997,26728.62,23076.879999999997,672,2022-05-13 00:00:00+00:00,4.0,TP1+TP2+STOP,0.032320542475146964,0.0034680850661050334,6.464108495029393e-05,5.5970872285031343e-05,0.004335106332631296,1.637765891460613e-06,0.0042161321412874314,0.13044744358883972,1.2156945579257434,True,True,False,True,2022
ETHUSDT,SHORT,1d,2022-05-09 00:00:00+00:00,2519.03,2821.273,2216.7870000000003,1914.544,1612.301,672,2022-06-06 00:00:00+00:00,28.0,TP1+TP2+MAX_HOLD,0.028904591087537394,0.003468085066105033,5.780918217507479e-05,4.441851242366049e-05,0.006695334875707148,2.921818966901994e-05,0.006622325370777432,0.22910980995101285,1.9095048836892836,True,True,False,True,2022
BTCUSDT,SHORT,1d,2022-05-16 00:00:00+00:00,31324.3,35930.07,26718.53,22112.760000000002,17506.99,672,2022-06-13 00:00:00+00:00,28.0,TP1+MAX_HOLD,0.024078727338836158,0.0035404168653534614,4.8157454677672316e-05,4.089924919596698e-05,0.0036291027408526695,0.00010821658958611861,0.003648262626565149,0.15151393075002473,1.0304613172157964,True,False,False,True,2022
BNBUSDT,SHORT,1d,2022-05-16 00:00:00+00:00,312.06,372.357,251.763,191.466,131.16899999999998,672,2022-06-13 00:00:00+00:00,28.0,TP1+MAX_HOLD,0.018323009221059103,0.0035404168653534614,3.664601844211821e-05,2.9807125234052357e-05,0.0034194466040329227,-0.00028959330910263866,0.0030634001512541134,0.16718870324713198,0.8652653819476921,True,False,False,True,2022
ETHUSDT,SHORT,1d,2022-06-06 00:00:00+00:00,1805.4,2046.706,1564.0940000000003,1322.7880000000002,1081.4820000000004,672,2022-06-14 00:00:00+00:00,8.0,TP1+TP2+TP3,0.026582237896783253,0.0035529264971314806,5.316447579356651e-05,3.7176306556474844e-05,0.007994084618545833,1.1795415372835243e-05,0.007915539251568628,0.2977755026609891,2.2278927689495918,True,True,True,True,2022
BTCUSDT,SHORT,1d,2022-06-13 00:00:00+00:00,26564.7,29469.36,23660.04,20755.379999999997,17850.719999999998,672,2022-06-18 00:00:00+00:00,5.0,TP1+TP2+TP3,0.03290984212063126,0.003598455921358524,6.581968424126251e-05,4.962663259514915e-05,0.008096525823056682,-3.31007824423434e-06,0.007977769427976036,0.24241287450524576,2.2169979575473557,True,True,True,True,2022
SOLUSDT,SHORT,1d,2022-06-06 00:00:00+00:00,38.5,47.815,29.185000000000002,19.870000000000005,10.555000000000007,672,2022-06-21 00:00:00+00:00,15.0,TP1+STOP,0.01468466668164917,0.00355292649713148,2.936933336329834e-05,2.75928701147326e-05,0.00088823162428287,-3.9961360984674463e-05,0.0007913080598201646,0.053886688542207774,0.2227200761003757,True,False,False,True,2022
BNBUSDT,SHORT,1d,2022-06-13 00:00:00+00:00,254.51,289.364,219.65599999999998,184.80199999999996,149.94799999999998,672,2022-06-21 00:00:00+00:00,8.0,TP1+TP2+STOP,0.026276554098380624,0.0035984559213585237,5.2553108196761246e-05,4.3556968393364936e-05,0.004498069901698158,-5.335052443123805e-05,0.004348609300676795,0.16549389559968183,1.208465351726489,True,True,False,True,2022
ETHUSDT,SHORT,1d,2022-06-20 00:00:00+00:00,1127.88,1420.8290000000002,834.931,541.9820000000001,249.03300000000013,672,2022-07-16 00:00:00+00:00,26.0,STOP,0.014051830096286006,0.003649740730287699,2.8103660192572013e-05,3.540314165314741e-05,-0.003649740730287699,8.936412525138937e-06,-0.0037043111196082795,-0.26361769920541195,-1.014951853666679,False,False,False,True,2022
BTCUSDT,SHORT,1d,2022-06-20 00:00:00+00:00,20564.3,24522.48,16606.12,12647.939999999999,8689.759999999998,672,2022-07-18 00:00:00+00:00,28.0,MAX_HOLD,0.018961836829011144,0.0036497407302876995,3.7923673658022285e-05,3.8348012794716024e-05,-0.00021216956834686838,6.950415815032051e-05,-0.0002189370966492862,-0.011546196638203205,-0.059987027251666714,False,False,False,True,2022
ETHUSDT,SHORT,1d,2022-07-18 00:00:00+00:00,1338.28,1528.7169999999999,1147.843,957.406,766.969,672,2022-07-18 00:00:00+00:00,0.0,STOP,0.025487268618588875,0.003626833677495148,5.097453723717775e-05,5.822820459216804e-05,-0.003626833677495148,1.3144649441207604e-06,-0.0037347219543803728,-0.1465328439178646,-1.0297472358753814,False,False,False,True,2022
BTCUSDT,SHORT,1d,2022-07-18 00:00:00+00:00,20794.4,23034.090000000004,18554.71,16315.02,14075.329999999998,672,2022-07-19 00:00:00+00:00,1.0,STOP,0.03367333435578363,0.0036268336774951484,6.734666871156727e-05,7.460033606655755e-05,-0.0036268336774951484,2.2254578812154863e-05,-0.0037465261034611186,-0.1112609183241643,-1.033001906513848,False,False,False,True,2022
SOLUSDT,SHORT,1d,2022-06-27 00:00:00+00:00,39.36,48.928,29.792,20.224,10.655999999999999,672,2022-07-25 00:00:00+00:00,28.0,MAX_HOLD,0.014972554486232376,0.00363966974909226,2.9945108972464755e-05,3.112434979836212e-05,-0.0005896204129486824,3.220850763762683e-05,-0.0006184813640818824,-0.04130767162347553,-0.16992787992265856,False,False,False,True,2022
BNBUSDT,SHORT,1d,2022-06-27 00:00:00+00:00,233.8,275.636,191.964,150.128,108.29199999999997,672,2022-07-25 00:00:00+00:00,28.0,MAX_HOLD,0.02034025211152525,0.0036396697490922608,4.06805042230505e-05,4.544802268203931e-05,-0.0023837592294944027,-0.0001119783828295845,-0.002581866139229077,-0.12693383174764744,-0.7093682441581406,False,False,False,True,2022
ETHUSDT,SHORT,1d,2022-07-25 00:00:00+00:00,1597.77,1835.26,1360.28,1122.79,885.2999999999997,672,2022-07-27 00:00:00+00:00,2.0,TP1+STOP,0.0241743554818841,0.0035932378774120527,4.83487109637682e-05,4.6552092025062176e-05,0.0008983094693530132,1.1053560706775544e-05,0.0008144622270709582,0.0336911661484131,0.22666526816687016,True,False,False,True,2022
BNBUSDT,SHORT,1d,2022-07-25 00:00:00+00:00,261.2,286.253,236.147,211.094,186.041,672,2022-07-29 00:00:00+00:00,4.0,STOP,0.03746272835907988,0.0035932378774120523,7.492545671815976e-05,8.211193247298387e-05,-0.0035932378774120523,-2.3470949984648313e-05,-0.0037737462165878446,-0.10073335237136294,-1.0502355661757077,False,False,False,True,2022
BNBUSDT,SHORT,1d,2022-08-01 00:00:00+00:00,283.32,314.097,252.543,221.766,190.989,672,2022-08-05 00:00:00+00:00,4.0,STOP,0.03292391131650469,0.003576518490004463,6.584782263300938e-05,7.300085961301833e-05,-0.003576518490004463,0.0,-0.003715367172250491,-0.11284707750952983,-1.038822302368652,False,False,False,True,2022
ETHUSDT,SHORT,1d,2022-08-01 00:00:00+00:00,1677.63,1956.125,1399.1350000000002,1120.64,842.1450000000001,672,2022-08-12 00:00:00+00:00,11.0,STOP,0.021544640709478414,0.0035765184900044635,4.308928141895683e-05,5.024231839896576e-05,-0.0035765184900044635,3.5197358867172654e-05,-0.0036346527309552134,-0.16870333462354623,-1.0162544220345069,False,False,False,True,2022
SOLUSDT,SHORT,1d,2022-07-25 00:00:00+00:00,40.91,47.767999999999994,34.052,27.194,20.336,672,2022-08-13 00:00:00+00:00,19.0,STOP,0.021434727553940963,0.0035932378774120523,4.286945510788193e-05,5.005593086270603e-05,-0.0035932378774120523,8.860963257368906e-05,-0.0035975536308089514,-0.16783761873136147,-1.0012010764508603,False,False,False,True,2022
BTCUSDT,SHORT,1d,2022-07-25 00:00:00+00:00,22570.6,25002.76,20138.44,17706.28,15274.119999999999,672,2022-08-14 00:00:00+00:00,20.0,STOP,0.03334547679261088,0.0035932378774120527,6.669095358522176e-05,7.387742934004587e-05,-0.0035932378774120527,0.00012593359868262575,-0.003607872661654695,-0.10819676335994613,-1.0040728681879483,False,False,False,True,2022
ETHUSDT,SHORT,1d,2022-08-15 00:00:00+00:00,1934.56,2168.6349999999998,1700.485,1466.4099999999999,1232.335,672,2022-09-09 00:00:00+00:00,25.0,TP1+TP2+STOP,0.02919039936187795,0.0035319363217639027,5.8380798723755904e-05,4.955095791934613e-05,0.004414920402204882,-3.6060837551081634e-05,0.004270927808010699,0.1463127569809285,1.2092312598313586,True,True,False,True,2022
BTCUSDT,SHORT,1d,2022-08-15 00:00:00+00:00,24294.1,26305.87,22282.329999999998,20270.559999999998,18258.789999999994,672,2022-09-12 00:00:00+00:00,28.0,TP1+TP2+MAX_HOLD,0.042651602417057816,0.0035319363217639027,8.530320483411563e-05,7.566220741699937e-05,0.004820498708558133,2.4757423752781735e-05,0.004684290720059799,0.10982684013265567,1.326267036921094,True,True,False,True,2022
SOLUSDT,SHORT,1d,2022-08-15 00:00:00+00:00,44.85,51.292,38.408,31.966,25.524,672,2022-09-12 00:00:00+00:00,28.0,TP1+TP2+MAX_HOLD,0.02458977709269032,0.0035319363217639027,4.917955418538064e-05,3.8464771270721846e-05,0.005357391457329398,-4.108705285590563e-05,0.005228660079017389,0.21263552163600893,1.4803947757489913,True,True,False,True,2022
BNBUSDT,SHORT,1d,2022-08-22 00:00:00+00:00,301.61,334.01300000000003,269.207,236.80400000000003,204.401,672,2022-09-12 00:00:00+00:00,21.0,TP1+SIGNAL_INVALID,0.033303633235706565,0.0035779239008540847,6.660726647141313e-05,6.37350889709636e-05,0.001436088750224765,-0.00013999376071555043,0.001165752634066838,0.035003767481350166,0.3258181745532826,True,False,False,True,2022
BTCUSDT,SHORT,1d,2022-09-12 00:00:00+00:00,21820.3,23526.18,20114.42,18408.54,16702.66,672,2022-09-21 00:00:00+00:00,9.0,TP1+TP2+STOP,0.04586499494500463,0.0035856600311079383,9.172998989000927e-05,8.276583981223943e-05,0.004482075038884922,4.506655067719855e-05,0.004352645759859872,0.09490125890298258,1.2139036389668378,True,True,False,True,2022
SOLUSDT,SHORT,1d,2022-09-19 00:00:00+00:00,31.07,35.581,26.559,22.048000000000002,17.537,672,2022-10-17 00:00:00+00:00,28.0,MAX_HOLD,0.0248083241925549,0.003601878031303998,4.96166483851098e-05,4.813150248880622e-05,0.0007425729481517878,4.38722481013902e-05,0.000688697045379262,0.02776072418410041,0.19120498789625343,False,False,False,True,2022
BTCUSDT,SHORT,1d,2022-09-26 00:00:00+00:00,18799.7,20984.190000000002,16615.21,14430.720000000001,12246.230000000001,672,2022-10-24 00:00:00+00:00,28.0,MAX_HOLD,0.03095833983629451,0.0035973012223060497,6.191667967258902e-05,6.442269846878646e-05,-0.0012530093980987157,0.0001739779282227553,-0.001205370848017336,-0.038935254745288375,-0.3350764291138881,False,False,False,True,2022
ETHUSDT,SHORT,1d,2022-10-17 00:00:00+00:00,1305.52,1416.792,1194.248,1082.9759999999999,971.704,672,2022-10-25 00:00:00+00:00,8.0,STOP,0.0422489561307622,0.003600960419282867,8.449791226152439e-05,9.169983310009013e-05,-0.003600960419282867,4.07374117529108e-05,-0.0037364207528915705,-0.08843817919020767,-1.037617834643037,False,False,False,True,2022
SOLUSDT,SHORT,1d,2022-10-17 00:00:00+00:00,30.14,33.406,26.874000000000002,23.608,20.342000000000002,672,2022-10-25 00:00:00+00:00,8.0,TP1+STOP,0.033231153410038475,0.003600960419282866,6.646230682007696e-05,6.466182661043552e-05,0.0009002401048207165,2.9442398577342647e-05,0.0007985583699675467,0.024030413874419357,0.2217626069121249,True,False,False,True,2022
BTCUSDT,SHORT,1d,2022-10-24 00:00:00+00:00,19560.6,20695.36,18425.839999999997,17291.079999999998,16156.319999999998,672,2022-10-26 00:00:00+00:00,2.0,STOP,0.062018370507404164,0.0035978429146847272,0.00012403674101480833,0.00013123242684417777,-0.0035978429146847272,3.129592200236354e-05,-0.0038218161605413498,-0.061623937057247835,-1.0622520913691,False,False,False,True,2022
SOLUSDT,SHORT,1d,2022-10-31 00:00:00+00:00,32.92,36.56,29.28,25.64,22.0,672,2022-11-05 00:00:00+00:00,5.0,STOP,0.03233600515143033,0.0035754270580560872,6.467201030286066e-05,7.182286441897283e-05,-0.0035754270580560872,1.27421858249928e-05,-0.003699179746952928,-0.11439816791312271,-1.0346120021153846,False,False,False,True,2022
BTCUSDT,SHORT,1d,2022-10-31 00:00:00+00:00,20615.5,21836.61,19394.39,18173.28,16952.17,672,2022-11-08 00:00:00+00:00,8.0,TP1+TP2+TP3,0.060362470633567186,0.0035754270580560872,0.00012072494126713438,0.00010463551950588197,0.008044710880626195,7.521101713172255e-05,0.007894561436984901,0.1307859230101623,2.208005172192513,True,True,True,True,2022
SOLUSDT,SHORT,1d,2022-11-07 00:00:00+00:00,32.61,37.178,28.041999999999998,23.473999999999997,18.906,672,2022-11-08 00:00:00+00:00,1.0,TP1+TP2+TP3,0.02542205035572042,0.003561113953539737,5.084410071144084e-05,3.4819087920512016e-05,0.008012506395464414,-2.3740473987788556e-05,0.007903102732844674,0.31087589798068094,2.2192782471869545,True,True,True,True,2022
BNBUSDT,LONG,1d,2022-11-07 00:00:00+00:00,337.69,310.603,364.777,391.864,418.951,672,2022-11-08 00:00:00+00:00,1.0,STOP,0.044395930556017066,0.003561113953539737,8.879186111203413e-05,8.166963320495466e-05,-0.003561113953539737,4.119753539123319e-05,-0.0036903779124654924,-0.08312423833101361,-1.0362987426440728,False,False,False,True,2022
ETHUSDT,SHORT,1d,2022-10-31 00:00:00+00:00,1589.88,1732.1850000000002,1447.575,1305.27,1162.9650000000001,672,2022-11-09 00:00:00+00:00,9.0,TP1+TP2+TP3,0.039945890664855134,0.0035754270580560872,7.989178132971027e-05,6.380235956845788e-05,0.008044710880626192,1.596157848559209e-05,0.007916978318213617,0.19819255964616825,2.2142748795210982,True,True,True,True,2022
BNBUSDT,SHORT,1d,2022-11-14 00:00:00+00:00,276.4,329.969,222.83099999999996,169.26199999999997,115.69299999999998,672,2022-11-28 00:00:00+00:00,14.0,SIGNAL_INVALID,0.018742946963914087,0.003632564854956274,3.7485893927828175e-05,4.1682035599778264e-05,-0.002098070835975043,-0.00023107466921147427,-0.002408313434714124,-0.12849171687626632,-0.6629787852041291,False,False,False,True,2022
BTCUSDT,SHORT,1d,2022-11-14 00:00:00+00:00,16321.3,18467.24,14175.359999999999,12029.419999999998,9883.479999999996,672,2022-12-12 00:00:00+00:00,28.0,MAX_HOLD,0.027628070107830492,0.0036325648549562738,5.525614021566098e-05,5.7815595773921646e-05,-0.00127972777913033,3.02544351784325e-05,-0.00136254507994148,-0.049317417924001156,-0.37509174215635066,False,False,False,True,2022
ETHUSDT,SHORT,1d,2022-11-14 00:00:00+00:00,1220.78,1471.696,969.864,718.948,468.0319999999999,672,2022-12-12 00:00:00+00:00,28.0,MAX_HOLD,0.017673494411012135,0.0036325648549562738,3.534698882202427e-05,3.655294082356207e-05,-0.0006029760007688995,8.218199736782815e-06,-0.000666657730677703,-0.037720765071921306,-0.18352259554791286,False,False,False,True,2022
BNBUSDT,LONG,1d,2022-12-05 00:00:00+00:00,291.94,265.484,318.396,344.852,371.308,672,2022-12-12 00:00:00+00:00,7.0,SIGNAL_INVALID,0.03990594914810803,0.0036163314059818688,7.981189829621606e-05,7.774784461348526e-05,-0.0010320268413654041,0.0,-0.0011895865842751054,-0.02980975542919782,-0.32894844269730894,False,False,False,True,2022
BTCUSDT,SHORT,1d,2022-12-12 00:00:00+00:00,17077.3,17894.93,16259.669999999998,15442.039999999999,14624.409999999998,672,2022-12-13 00:00:00+00:00,1.0,STOP,0.07549263775122346,0.003614449907452168,0.0001509852755024469,0.00015821417531735124,-0.003614449907452168,1.4332920697161475e-05,-0.003909316437574805,-0.05178407529562642,-1.0815799188459327,False,False,False,True,2022
SOLUSDT,SHORT,1d,2022-12-05 00:00:00+00:00,13.7,15.807699999999999,11.5923,9.4846,7.376899999999999,672,2022-12-31 00:00:00+00:00,26.0,TP1+TP2+END_OF_FOLD,0.023506068350311528,0.0036163314059818683,4.7012136700623053e-05,3.518438068045591e-05,0.005913878010083577,-0.0003311377450575972,0.005500543747644901,0.23400526475419706,1.5210286697027566,True,True,False,True,2022
BTCUSDT,SHORT,1d,2022-12-19 00:00:00+00:00,16730.4,17672.65,15788.150000000001,14845.900000000001,13903.650000000001,672,2022-12-31 00:00:00+00:00,12.0,END_OF_FOLD,0.06404285390555377,0.0036068700743860293,0.00012808570781110753,0.00012660965676235904,0.0007380255243742499,0.00014735798185886277,0.0006306881416596459,0.00984790813023017,0.1748574605274639,False,False,False,True,2022
SOLUSDT,SHORT,1d,2023-01-02 00:00:00+00:00,9.977,11.846300000000001,8.1077,6.2383999999999995,4.3690999999999995,672,2023-01-02 00:00:00+00:00,0.0,STOP,0.018680522120579888,0.0035,3.736104424115978e-05,4.436104424115978e-05,-0.0035,-4.5466622267693775e-05,-0.0036271887107500135,-0.19416955732484725,-1.036339631642861,False,False,False,True,2023
SOLUSDT,SHORT,1d,2023-01-09 00:00:00+00:00,14.464,16.7468,12.1812,9.898399999999999,7.615599999999999,672,2023-01-09 00:00:00+00:00,0.0,STOP,0.02204313783327937,0.00347898748933975,4.4086275666558744e-05,5.1044250645238235e-05,-0.00347898748933975,-6.811632866508546e-07,-0.0035747991789381976,-0.1621728814643252,-1.0275401075433677,False,False,False,True,2023
BTCUSDT,SHORT,1d,2023-01-02 00:00:00+00:00,16610.4,17389.730000000003,15831.070000000002,15051.740000000002,14272.41,672,2023-01-10 00:00:00+00:00,8.0,STOP,0.07459792385767246,0.0035,0.0001491958477153449,0.00015619584771534492,-0.0035,9.86767923453477e-05,-0.0037067149030853425,-0.04968925020162077,-1.0590614008815264,False,False,False,True,2023
BNBUSDT,LONG,1d,2023-01-16 00:00:00+00:00,302.2,284.09,320.31,338.42,356.53000000000003,672,2023-01-18 00:00:00+00:00,2.0,STOP,0.057767082554173524,0.003461819540225292,0.00011553416510834705,0.00010861052602789646,-0.003461819540225292,0.0,-0.0036859642313615357,-0.06380734612839184,-1.0647476532302595,False,False,False,True,2023
ETHUSDT,LONG,1d,2023-01-16 00:00:00+00:00,1553.48,1459.13,1647.83,1742.18,1836.5300000000002,672,2023-01-24 00:00:00+00:00,8.0,TP1+STOP,0.05699912474137989,0.0034618195402252925,0.00011399824948275978,0.00011572915925287245,0.0008654548850563231,-0.0001423045162629738,0.0004934229600577171,0.008656676085755835,0.142532836944356,True,False,False,True,2023
SOLUSDT,SHORT,1d,2023-01-16 00:00:00+00:00,22.903,26.7989,19.007099999999998,15.111199999999998,11.2153,672,2023-01-29 00:00:00+00:00,13.0,STOP,0.02035115196226285,0.003461819540225292,4.07023039245257e-05,4.762594300497629e-05,-0.003461819540225292,0.0001018711740970837,-0.00344827661305771,-0.16943889070514784,-0.9960879164814291,False,False,False,True,2023
BNBUSDT,LONG,1d,2023-01-23 00:00:00+00:00,303.19,278.06,328.32,353.45,378.58000000000004,672,2023-01-30 00:00:00+00:00,7.0,SIGNAL_INVALID,0.04167521181010577,0.0034542632434709517,8.335042362021155e-05,8.718269020309932e-05,0.0019161332914438944,-3.1422747921259984e-05,0.0017141774296993233,0.041131822856954374,0.4962497959411062,False,False,False,True,2023
BTCUSDT,LONG,1d,2023-01-23 00:00:00+00:00,22704.7,21249.38,24160.02,25615.34,27070.659999999996,672,2023-02-06 00:00:00+00:00,14.0,TP1+SIGNAL_INVALID,0.05389056060800025,0.0034542632434709513,0.00010778112121600051,0.00011030789916069269,0.0012633889723460917,-0.00021824294548179662,0.000827057006487602,0.015346973517377408,0.2394307984635674,True,False,False,True,2023
ETHUSDT,LONG,1d,2023-01-30 00:00:00+00:00,1645.67,1476.912,1814.428,1983.1860000000001,2151.9440000000004,672,2023-02-06 00:00:00+00:00,7.0,SIGNAL_INVALID,0.03366661736256104,0.0034523999421944116,6.733323472512208e-05,6.665035681669434e-05,-0.0003414389542138737,-6.993862466004765e-05,-0.0005453611704157378,-0.01619887036890753,-0.15796581495395803,False,False,False,True,2023
SOLUSDT,SHORT,1d,2023-01-30 00:00:00+00:00,26.09,31.1504,21.0296,15.969199999999997,10.908799999999996,672,2023-02-13 00:00:00+00:00,14.0,TP1+SIGNAL_INVALID,0.01779960368584542,0.0034523999421944107,3.559920737169084e-05,2.9159421280796546e-05,0.0032198930454471453,2.0373873705577833e-05,0.0031755082905002355,0.17840331428420844,0.9197973420431187,True,False,False,True,2023
BTCUSDT,LONG,1d,2023-02-20 00:00:00+00:00,24265.9,22517.32,26014.480000000003,27763.06,29511.640000000003,672,2023-03-03 00:00:00+00:00,11.0,STOP,0.047969990848960024,0.003456676513076976,9.593998169792005e-05,8.902662867176609e-05,-0.003456676513076976,-0.00010379326579081327,-0.0037454363892374756,-0.07807873887302764,-1.0835368525426345,False,False,False,True,2023
ETHUSDT,LONG,1d,2023-02-20 00:00:00+00:00,1680.46,1530.14,1830.78,1981.1,2131.42,672,2023-03-07 00:00:00+00:00,15.0,STOP,0.03864293915091364,0.003456676513076976,7.728587830182728e-05,7.037252527567332e-05,-0.003456676513076976,-0.00011517676473954882,-0.0037195116813940254,-0.09625333277233611,-1.0760369584260245,False,False,False,True,2023
BNBUSDT,LONG,1d,2023-02-20 00:00:00+00:00,311.27,281.767,340.77299999999997,370.27599999999995,399.77899999999994,672,2023-03-09 00:00:00+00:00,17.0,STOP,0.0364695013464892,0.0034566765130769764,7.29390026929784e-05,6.602564966682445e-05,-0.0034566765130769764,0.0001073320138657916,-0.0034883091515709877,-0.09565003695634013,-1.0091511711825916,False,False,False,True,2023
BTCUSDT,LONG,1d,2023-03-06 00:00:00+00:00,22419.3,20383.73,24454.87,26490.44,28526.009999999995,672,2023-03-09 00:00:00+00:00,3.0,STOP,0.03771457026702009,0.003424310651913221,7.542914053404017e-05,6.858051923021374e-05,-0.003424310651913221,-2.5053389142202452e-05,-0.003593373700819678,-0.0952781292582284,-1.0493714110932073,False,False,False,True,2023
BTCUSDT,LONG,1d,2023-03-13 00:00:00+00:00,21986.2,20175.25,23797.15,25608.1,27419.05,672,2023-03-17 00:00:00+00:00,4.0,TP1+TP2+TP3,0.04134834930451633,0.0034057633048463977,8.269669860903265e-05,9.802263348084144e-05,0.0076629674359043895,-5.679508468671638e-05,0.007425453019127799,0.1795828163403066,2.1802610323980494,True,True,True,True,2023
BNBUSDT,LONG,1d,2023-03-13 00:00:00+00:00,288.04,268.231,307.84900000000005,327.658,347.46700000000004,672,2023-03-27 00:00:00+00:00,14.0,TP1+TP2+STOP,0.04952274533434072,0.003405763304846398,9.904549066868145e-05,0.00010755989893079743,0.004257204131057995,0.0006723981114493786,0.004722996852907895,0.09537025504183451,1.3867660286864547,True,True,False,True,2023
ETHUSDT,LONG,1d,2023-03-13 00:00:00+00:00,1579.26,1437.121,1721.399,1863.538,2005.6770000000001,672,2023-04-10 00:00:00+00:00,28.0,TP1+TP2+MAX_HOLD,0.03784032360444162,0.0034057633048463986,7.568064720888324e-05,8.746429017137387e-05,0.0058918214812453094,-0.0001689513688297167,0.005559725175035336,0.14692594157368008,1.6324461441944162,True,True,False,True,2023
BTCUSDT,LONG,1d,2023-03-20 00:00:00+00:00,27955.8,25456.309999999998,30455.29,32954.78,35454.270000000004,672,2023-04-17 00:00:00+00:00,28.0,TP1+MAX_HOLD,0.038816188132715694,0.0034705025102426553,7.763237626543139e-05,8.422204617248185e-05,0.0032948349535252323,-0.0001352930460961877,0.0029976874849911316,0.07722776576468032,0.8637617970723022,True,False,False,True,2023
BTCUSDT,LONG,1d,2023-04-17 00:00:00+00:00,30286.6,28501.69,32071.51,33856.42,35641.33,672,2023-04-20 00:00:00+00:00,3.0,STOP,0.059578386029957596,0.0035111916494004482,0.0001191567720599152,0.0001121343887611143,-0.0035111916494004482,-4.160584375186939e-05,-0.003784088653973347,-0.06351445391740902,-1.0777220476186473,False,False,False,True,2023
ETHUSDT,LONG,1d,2023-04-10 00:00:00+00:00,1857.84,1708.3899999999999,2007.29,2156.74,2306.19,672,2023-04-21 00:00:00+00:00,11.0,TP1+STOP,0.043116989433754034,0.0034684548028218487,8.623397886750807e-05,8.7968206268919e-05,0.0008671137007054622,-9.657135259015605e-05,0.000596340162978879,0.013830746784747348,0.1719325166047173,True,False,False,True,2023
BNBUSDT,LONG,1d,2023-04-03 00:00:00+00:00,313.57,287.367,339.77299999999997,365.976,392.179,672,2023-05-01 00:00:00+00:00,28.0,TP1+MAX_HOLD,0.04145762612329162,0.0034643434553962723,8.291525224658324e-05,8.926425691182433e-05,0.0031745023326205466,0.0004738891824836432,0.0034762120059457823,0.08384976012875918,1.0034259162529116,True,False,False,True,2023
BNBUSDT,LONG,1d,2023-05-01 00:00:00+00:00,336.85,310.712,362.98800000000006,389.12600000000003,415.26400000000007,672,2023-05-08 00:00:00+00:00,7.0,SIGNAL_INVALID,0.044977355664735166,0.00349003450308698,8.995471132947033e-05,8.57140082987089e-05,-0.0021203515153807163,0.00040562316505869314,-0.0018903970699502024,-0.04202997357251001,-0.5416556966064725,False,False,False,True,2023
BTCUSDT,LONG,1d,2023-04-24 00:00:00+00:00,27575.9,25767.24,29384.56,31193.22,33001.880000000005,672,2023-05-08 00:00:00+00:00,14.0,TP1+STOP,0.052994416732162083,0.003475820617524442,0.00010598883346432417,0.00010772674377308639,0.0008689551543811105,-0.00010251786491056355,0.0005527217122331365,0.01042981027655489,0.15901905565736513,True,False,False,True,2023
ETHUSDT,LONG,1d,2023-04-24 00:00:00+00:00,1861.3,1703.029,2019.571,2177.8419999999996,2336.113,672,2023-05-08 00:00:00+00:00,14.0,TP1+STOP,0.04087637606003782,0.0034758206175244423,8.175275212007564e-05,8.349066242883786e-05,0.0008689551543811106,-0.00010235866915708235,0.0006013530706751146,0.0147115064650513,0.17301038714230652,True,False,False,True,2023
SOLUSDT,LONG,1d,2023-05-15 00:00:00+00:00,20.915,18.3802,23.4498,25.9846,28.519399999999997,672,2023-05-22 00:00:00+00:00,7.0,SIGNAL_INVALID,0.02868647468877296,0.0034766663180062977,5.737294937754592e-05,5.3776681788066475e-05,-0.0017981337947397251,-3.781288479635223e-05,-0.0019470963107016898,-0.06787506418360029,-0.5600469336436799,False,False,False,True,2023
BNBUSDT,LONG,1d,2023-05-15 00:00:00+00:00,311.91,293.237,330.583,349.256,367.929,672,2023-05-22 00:00:00+00:00,7.0,SIGNAL_INVALID,0.05807352815559066,0.0034766663180062977,0.00011614705631118132,0.0001140766589751223,-0.001035198668029509,2.232379744154433e-05,-0.0012430985858742684,-0.021405597788785233,-0.35755475854442254,False,False,False,True,2023
BNBUSDT,LONG,1d,2023-05-29 00:00:00+00:00,314.36,301.047,327.673,340.986,354.299,672,2023-06-05 00:00:00+00:00,7.0,STOP,0.08215147115169537,0.003479076649200024,0.00016430294230339074,0.0001573447890049907,-0.003479076649200024,-9.876674563742735e-05,-0.003899491126145832,-0.04746708819060945,-1.120840820521295,False,False,False,True,2023
SOLUSDT,LONG,1d,2023-06-05 00:00:00+00:00,21.814,20.1352,23.4928,25.1716,26.8504,672,2023-06-05 00:00:00+00:00,0.0,STOP,0.044993271518882064,0.0034626709556202055,8.998654303776413e-05,8.306120112652373e-05,-0.0034626709556202055,-1.237366531442768e-05,-0.003648092365098921,-0.08108084257816077,-1.053548665713605,False,False,False,True,2023
BTCUSDT,LONG,1d,2023-05-15 00:00:00+00:00,26901.9,24662.74,29141.06,31380.22,33619.380000000005,672,2023-06-12 00:00:00+00:00,28.0,MAX_HOLD,0.041769650056437964,0.0034766663180062977,8.353930011287593e-05,8.045912243836366e-05,-0.0015400888372561373,-0.00021894105565101104,-0.0019230283154583877,-0.046038889788639514,-0.5531242114029374,False,False,False,True,2023
ETHUSDT,LONG,1d,2023-05-15 00:00:00+00:00,1798.26,1640.17,1956.35,2114.44,2272.5299999999997,672,2023-06-12 00:00:00+00:00,28.0,MAX_HOLD,0.03954677698158016,0.0034766663180062973,7.909355396316033e-05,7.705008610137813e-05,-0.0010217339308910924,-0.00016224182315601756,-0.0013401193941116486,-0.03388694342236386,-0.38546103408628046,False,False,False,True,2023
ETHUSDT,LONG,1d,2023-06-12 00:00:00+00:00,1751.8,1627.978,1875.6219999999998,1999.444,2123.2659999999996,672,2023-06-14 00:00:00+00:00,2.0,STOP,0.04849364553716229,0.003427663076665432,9.698729107432458e-05,9.013196492099371e-05,-0.003427663076665432,-2.4397799769797484e-05,-0.0036391801324305475,-0.07504447422171474,-1.0617088234853258,False,False,False,True,2023
BTCUSDT,LONG,1d,2023-06-12 00:00:00+00:00,25910.0,24093.649999999998,27726.350000000002,29542.7,31359.050000000003,672,2023-06-19 00:00:00+00:00,7.0,SIGNAL_INVALID,0.04889517456239229,0.0034276630766654323,9.779034912478458e-05,9.937401683967302e-05,0.0007918338574442198,-5.287047193332196e-05,0.0005417990195464402,0.011080828003898053,0.15806659156054625,False,False,False,True,2023
BNBUSDT,SHORT,1d,2023-06-12 00:00:00+00:00,235.19,256.381,213.999,192.808,171.61700000000002,672,2023-06-22 00:00:00+00:00,10.0,STOP,0.03804219144924468,0.003427663076665432,7.608438289848936e-05,8.293970905182021e-05,-0.003427663076665432,-0.00010545554284092179,-0.0036921427114566634,-0.09705389124027371,-1.0771603360294466,False,False,False,True,2023
BNBUSDT,SHORT,1d,2023-06-26 00:00:00+00:00,238.96,267.817,210.103,181.24600000000004,152.38900000000004,672,2023-07-03 00:00:00+00:00,7.0,SIGNAL_INVALID,0.02818712557279849,0.0034038997432802396,5.637425114559698e-05,5.8219106535447035e-05,-0.0009224276949250252,2.256035724652506e-05,-0.0010144606953595443,-0.03599021449489452,-0.29802895850920036,False,False,False,True,2023
ETHUSDT,LONG,1d,2023-06-26 00:00:00+00:00,1898.26,1760.078,2036.442,2174.624,2312.806,672,2023-07-10 00:00:00+00:00,14.0,SIGNAL_INVALID,0.04676069767899688,0.00340389974328024,9.352139535799377e-05,9.172561666550756e-05,-0.000897889346243106,-0.00013539539518906348,-0.0012185317534556708,-0.02605888735494613,-0.35798109385013993,False,False,False,True,2023
BNBUSDT,SHORT,1d,2023-07-10 00:00:00+00:00,233.91,253.41,214.41,194.91000000000003,175.41000000000003,672,2023-07-13 00:00:00+00:00,3.0,STOP,0.04070594037568691,0.0033934668775421942,8.141188075137382e-05,8.81988145064582e-05,-0.0033934668775421942,-0.00027278201046681443,-0.0038358595832668407,-0.09423341035398229,-1.1303660008153846,False,False,False,True,2023
SOLUSDT,LONG,1d,2023-07-10 00:00:00+00:00,21.315,18.517300000000002,24.1127,26.9104,29.7081,672,2023-07-14 00:00:00+00:00,4.0,TP1+TP2+TP3,0.025854003822715767,0.0033934668775421947,5.1708007645431536e-05,6.697860859437143e-05,0.00763530047446994,-1.0868155169353042e-05,0.007505745703060784,0.2903127018363828,2.2118222967589456,True,True,True,True,2023
BTCUSDT,LONG,1d,2023-06-26 00:00:00+00:00,30458.0,28296.93,32619.07,34780.14,36941.21,672,2023-07-24 00:00:00+00:00,28.0,MAX_HOLD,0.04797437305632374,0.003403899743280239,9.594874611264748e-05,9.472930427076011e-05,-0.0006097209209436881,-0.0002582827698462443,-0.00105868174117334,-0.022067651409022216,-0.31102024766249997,False,False,False,True,2023
SOLUSDT,LONG,1d,2023-07-17 00:00:00+00:00,27.403,23.0982,31.7078,36.0126,40.31739999999999,672,2023-07-24 00:00:00+00:00,7.0,STOP,0.021684940986147268,0.0034065370199309114,4.336988197229454e-05,3.6556807932432714e-05,-0.0034065370199309114,-3.942971468703062e-05,-0.003525893424522669,-0.16259640396416453,-1.0350374600051107,False,False,False,True,2023
ETHUSDT,LONG,1d,2023-07-24 00:00:00+00:00,1887.85,1776.609,1999.091,2110.332,2221.573,672,2023-08-07 00:00:00+00:00,14.0,SIGNAL_INVALID,0.05764387767051121,0.003396648354448361,0.00011528775534102243,0.00011171770360108752,-0.001785025869967463,-0.00017296771091259255,-0.0021849990398221655,-0.03790513629758711,-0.6432809086523837,False,False,False,True,2023
SOLUSDT,LONG,1d,2023-07-31 00:00:00+00:00,24.236,19.745,28.727,33.218,37.709,672,2023-08-07 00:00:00+00:00,7.0,SIGNAL_INVALID,0.018247611925639357,0.0033813345914361424,3.6495223851278716e-05,3.4909587990765575e-05,-0.0007928179302565711,-1.556033623880308e-05,-0.0008797830783374185,-0.04821360087679488,-0.26018811642173256,False,False,False,True,2023
BNBUSDT,SHORT,1d,2023-07-17 00:00:00+00:00,241.9,261.259,222.541,203.18200000000002,183.82300000000004,672,2023-08-14 00:00:00+00:00,28.0,MAX_HOLD,0.04256631567339672,0.0034065370199309114,8.513263134679345e-05,8.443228435886405e-05,0.00035017349396469555,-0.00010277669093071106,7.783188732832697e-05,0.001828485413807394,0.022847803171651863,False,False,False,True,2023
BTCUSDT,LONG,1d,2023-07-24 00:00:00+00:00,30070.9,28534.57,31607.230000000003,33143.560000000005,34679.89,672,2023-08-17 00:00:00+00:00,24.0,STOP,0.06648329004952132,0.00339664835444836,0.00013296658009904263,0.00012617328339014592,-0.00339664835444836,-0.0004103204002327716,-0.00406610861817032,-0.061159858592160575,-1.1970943688784308,False,False,False,True,2023
ETHUSDT,LONG,1d,2023-08-14 00:00:00+00:00,1840.09,1775.8319999999999,1904.348,1968.606,2032.864,672,2023-08-17 00:00:00+00:00,3.0,STOP,0.09663992920543374,0.0033747743702116553,0.00019327985841086748,0.00018653030967044415,-0.0033747743702116553,-0.00010138803961376038,-0.003855972577906727,-0.03990040772598081,-1.1425867791169968,False,False,False,True,2023
SOLUSDT,LONG,1d,2023-08-14 00:00:00+00:00,24.217,21.908,26.525999999999996,28.834999999999997,31.144,672,2023-08-17 00:00:00+00:00,3.0,STOP,0.03539493760217226,0.0033747743702116553,7.078987520434452e-05,6.404032646392121e-05,-0.0033747743702116553,-2.9728872962077914e-05,-0.0035393334448419987,-0.09999547066936439,-1.0487615042009528,False,False,False,True,2023
BNBUSDT,SHORT,1d,2023-08-14 00:00:00+00:00,239.91,249.27800000000002,230.54199999999997,221.17399999999998,211.80599999999998,672,2023-08-17 00:00:00+00:00,3.0,TP1+TP2+TP3,0.08642635772389798,0.0033747743702116557,0.00017285271544779596,0.00015766623078184355,0.007593242332976212,-0.0001477959859966059,0.007114927400749967,0.08232358262139977,2.108267581842439,True,True,True,True,2023
BNBUSDT,SHORT,1d,2023-08-21 00:00:00+00:00,216.41,229.171,203.649,190.88799999999998,178.12699999999998,672,2023-08-23 00:00:00+00:00,2.0,TP1+STOP,0.05710361077497677,0.0033672158269002278,0.00011420722154995354,0.00011252361363650343,0.0008418039567250569,-0.00014277984964865538,0.00047229327188994457,0.008270812746869364,0.14026225112060178,True,False,False,True,2023
BNBUSDT,SHORT,1d,2023-08-28 00:00:00+00:00,218.34,231.604,205.076,191.812,178.548,672,2023-08-29 00:00:00+00:00,1.0,STOP,0.05545527936073891,0.0033688688533518433,0.00011091055872147782,0.00011764829642818152,-0.0033688688533518433,0.0,-0.003597427708501503,-0.06487078867820835,-1.067844390832328,False,False,False,True,2023
SOLUSDT,SHORT,1d,2023-09-04 00:00:00+00:00,19.554,22.210299999999997,16.8977,14.2414,11.5851,672,2023-09-11 00:00:00+00:00,7.0,SIGNAL_INVALID,0.024706794113428396,0.003356277856372088,4.9413588226856793e-05,4.6042527231938775e-05,0.0016855304974590095,-5.2936978762509133e-05,0.0015371374032377048,0.06221517029610308,0.4579887211421904,False,False,False,True,2023
ETHUSDT,SHORT,1d,2023-09-11 00:00:00+00:00,1616.46,1712.238,1520.682,1424.904,1329.1260000000002,672,2023-10-01 00:00:00+00:00,20.0,STOP,0.05675488242894319,0.003362823162515201,0.00011350976485788639,0.00012023541118291678,-0.003362823162515201,7.135985940911954e-05,-0.003525208479146885,-0.06211286726847557,-1.0482883900770534,False,False,False,True,2023
BTCUSDT,SHORT,1d,2023-09-18 00:00:00+00:00,26514.2,28077.75,24950.65,23387.100000000002,21823.550000000003,672,2023-10-01 00:00:00+00:00,13.0,STOP,0.056960431167877065,0.003358973008898407,0.00011392086233575413,0.00012063880835355096,-0.003358973008898407,1.7764914128634575e-05,-0.0035757677654590773,-0.06277634652940685,-1.0645419763678807,False,False,False,True,2023
BNBUSDT,SHORT,1d,2023-09-04 00:00:00+00:00,214.35,230.89499999999998,197.805,181.26,164.71499999999997,672,2023-10-02 00:00:00+00:00,28.0,MAX_HOLD,0.04348251184728665,0.0033562778563720882,8.69650236945733e-05,8.856354104170006e-05,-0.0007992586735633744,1.8698836541788216e-05,-0.0009560884017578595,-0.021987883430370878,-0.28486568832275616,False,False,False,True,2023
SOLUSDT,LONG,1d,2023-10-02 00:00:00+00:00,23.873,21.8931,25.8529,27.832800000000002,29.8127,672,2023-10-09 00:00:00+00:00,7.0,STOP,0.04019377013203083,0.0033334581110211477,8.038754026406165e-05,7.372062404201936e-05,-0.0033334581110211477,5.803585842066122e-05,-0.0034295304169065675,-0.08532492487370673,-1.0288206129147937,False,False,False,True,2023
BTCUSDT,SHORT,1d,2023-10-02 00:00:00+00:00,27981.4,29314.190000000002,26648.61,25315.82,23983.03,672,2023-10-16 00:00:00+00:00,14.0,TP1+STOP,0.0699846373305075,0.0033334581110211477,0.000139969274661015,0.00013830254560550444,0.0008333645277552869,7.299785154155997e-05,0.0006280905590303274,0.008974691917943712,0.18842011452122992,True,False,False,True,2023
BNBUSDT,SHORT,1d,2023-10-02 00:00:00+00:00,218.29,227.876,208.70399999999998,199.118,189.53199999999998,672,2023-10-16 00:00:00+00:00,14.0,TP1+STOP,0.07590867630448626,0.003333458111021148,0.00015181735260897254,0.00015015062355346197,0.000833364527755287,3.300673051488987e-05,0.0005644032821077423,0.007435293428695787,0.16931464662528697,True,False,False,True,2023
ETHUSDT,SHORT,1d,2023-10-02 00:00:00+00:00,1733.4,1822.285,1644.515,1555.6299999999999,1466.745,672,2023-10-22 00:00:00+00:00,20.0,TP1+TP2+STOP,0.06500777734875467,0.0033334581110211477,0.00013001555469750934,0.00012168190941995644,0.004166822638776437,0.00011769724972296633,0.004032822424381938,0.062035999212011105,1.2098014404466453,True,True,False,True,2023
BTCUSDT,LONG,1d,2023-10-23 00:00:00+00:00,29981.4,28283.54,31679.260000000002,33377.12,35074.98,672,2023-10-23 00:00:00+00:00,0.0,TP1+TP2+TP3,0.05897434512752233,0.0033397433614912944,0.00011794869025504467,0.0001329775353817555,0.0075144225633554124,-1.2027846387741396e-05,0.007251468491330871,0.12295971198409684,2.1712651861048613,True,True,True,True,2023
ETHUSDT,SHORT,1d,2023-10-23 00:00:00+00:00,1662.82,1753.945,1571.695,1480.57,1389.4449999999997,672,2023-10-23 00:00:00+00:00,0.0,STOP,0.06094257400663873,0.003339743361491295,0.00012188514801327746,0.00012856463473626006,-0.003339743361491295,8.246194253556165e-06,-0.003581946949987276,-0.05877577388833428,-1.072521616866941,False,False,False,True,2023
BNBUSDT,SHORT,1d,2023-10-23 00:00:00+00:00,217.95,228.225,207.67499999999998,197.39999999999998,187.125,672,2023-10-23 00:00:00+00:00,0.0,STOP,0.07084156356564741,0.0033397433614912944,0.00014168312713129484,0.00014836261385427741,-0.0033397433614912944,2.440169461776674e-05,-0.0036053874078590996,-0.0508936735214499,-1.0795402573236008,False,False,False,True,2023
SOLUSDT,LONG,1d,2023-10-23 00:00:00+00:00,29.03,25.937800000000003,32.1222,35.2144,38.3066,672,2023-10-31 00:00:00+00:00,8.0,TP1+TP2+TP3,0.03135397121275866,0.003339743361491294,6.270794242551733e-05,7.773678755222815e-05,0.007514422563355416,-5.9207703059037153e-05,0.007314770130318633,0.23329644850034445,2.190219229016559,True,True,True,True,2023
BNBUSDT,SHORT,1d,2023-10-30 00:00:00+00:00,227.2,241.385,213.015,198.82999999999998,184.64499999999998,672,2023-11-05 00:00:00+00:00,6.0,STOP,0.05370821554825483,0.0033532175948591324,0.00010741643109650966,0.00011412286628622792,-0.0033532175948591324,0.0001516143047522756,-0.0034231425874895944,-0.06373592107922536,-1.0208531032217132,False,False,False,True,2023
SOLUSDT,LONG,1d,2023-11-06 00:00:00+00:00,41.167,34.7421,47.5919,54.016799999999996,60.4417,672,2023-11-11 00:00:00+00:00,5.0,TP1+TP2+TP3,0.02149811562671012,0.003355193312363054,4.299623125342024e-05,5.809460115905397e-05,0.007549184952816869,-5.227682400960252e-05,0.007395817296394793,0.3440216540284086,2.2042894724256406,True,True,True,True,2023
BTCUSDT,LONG,1d,2023-10-30 00:00:00+00:00,34528.6,31935.67,37121.53,39714.46,42307.39,672,2023-11-14 00:00:00+00:00,15.0,TP1+STOP,0.04465292508700698,0.003353217594859132,8.930585017401397e-05,9.098245897144351e-05,0.000838304398714783,-0.0002443100204673883,0.0004137060691019372,0.009264926503601363,0.1233758494337487,True,False,False,True,2023
SOLUSDT,LONG,1d,2023-11-13 00:00:00+00:00,56.315,46.9204,65.7096,75.10419999999999,84.49879999999999,672,2023-11-17 00:00:00+00:00,4.0,TP1+STOP,0.020394061267431148,0.0034021849948150332,4.07881225348623e-05,4.248921503226981e-05,0.0008505462487037583,-6.357898493595921e-05,0.000703689926200667,0.034504649023705924,0.20683470395439932,True,False,False,True,2023
ETHUSDT,LONG,1d,2023-11-06 00:00:00+00:00,1892.49,1760.994,2023.986,2155.482,2286.978,672,2023-12-04 00:00:00+00:00,28.0,TP1+TP2+MAX_HOLD,0.04828793112880964,0.0033551933123630545,9.657586225761928e-05,0.0001092827103011343,0.0063534240217575045,-0.00043244925079446994,0.005715116198404281,0.11835496085262011,1.7033642077627826,True,True,False,True,2023
ETHUSDT,LONG,1d,2023-12-04 00:00:00+00:00,2193.25,2022.8490000000002,2363.651,2534.0519999999997,2704.453,672,2023-12-11 00:00:00+00:00,7.0,TP1+STOP,0.04395767126358024,0.0034152199434562087,8.791534252716047e-05,8.962295249888859e-05,0.0008538049858640522,-0.00013614952157235932,0.0005401171692656438,0.012287210712937405,0.15815003958984974,True,False,False,True,2023
BTCUSDT,LONG,1d,2023-11-20 00:00:00+00:00,37375.8,34672.75,40078.850000000006,42781.9,45484.95,672,2023-12-18 00:00:00+00:00,28.0,TP1+TP2+MAX_HOLD,0.046915641420282164,0.0033929795359856863,9.383128284056433e-05,0.00010396782567936137,0.005068271419398526,-0.0003446432697364802,0.00452582904114212,0.09646738068864072,1.3338804414060024,True,True,False,True,2023
SOLUSDT,LONG,1d,2023-11-20 00:00:00+00:00,61.099,48.0243,74.1737,87.24839999999999,100.32309999999998,672,2023-12-18 00:00:00+00:00,28.0,TP1+MAX_HOLD,0.015855633908937832,0.0033929795359856872,3.1711267817875666e-05,3.722368204967277e-05,0.002756207115898552,-0.00019294312440985506,0.002494329041621149,0.15731499957343828,0.7351441454823059,True,False,False,True,2023
SOLUSDT,LONG,1d,2023-12-18 00:00:00+00:00,70.902,58.965599999999995,82.83840000000001,94.7748,106.7112,672,2023-12-23 00:00:00+00:00,5.0,TP1+TP2+TP3,0.020373238878871137,0.0034298486439558484,4.0746477757742275e-05,5.618079665554357e-05,0.007717159448900655,-4.9786383019003315e-05,0.007570445791468365,0.3715877399994358,2.207224451378974,True,True,True,True,2023
BNBUSDT,LONG,1d,2023-12-25 00:00:00+00:00,264.0,243.621,284.379,304.758,325.137,672,2023-12-28 00:00:00+00:00,3.0,TP1+TP2+TP3,0.044884696814926545,0.003464792562088589,8.976939362985309e-05,0.00010536096015925174,0.00779578326469933,0.00014000867731282324,0.007740661588223049,0.17245658626458335,2.234090915837383,True,True,True,True,2023
BTCUSDT,LONG,1d,2023-12-18 00:00:00+00:00,41396.6,38200.33,44592.869999999995,47789.13999999999,50985.40999999999,672,2023-12-31 00:00:00+00:00,13.0,END_OF_FOLD,0.044421801779694084,0.0034298486439558484,8.884360355938817e-05,9.081248800655008e-05,0.0009844422235809564,-0.0004993004376030038,0.0003054856944120143,0.006876931645569962,0.08906681493084181,False,False,False,True,2023
ETHUSDT,LONG,1d,2023-12-18 00:00:00+00:00,2197.93,2005.608,2390.252,2582.5739999999996,2774.8959999999997,672,2023-12-31 00:00:00+00:00,13.0,TP1+END_OF_FOLD,0.03919763329213446,0.0034298486439558492,7.839526658426891e-05,8.240862214777424e-05,0.0020066777817526575,-0.00044687875999628124,0.0013989951330243332,0.035690806192246835,0.4078883001119223,True,False,False,True,2023
SOLUSDT,LONG,1d,2023-12-25 00:00:00+00:00,112.572,95.8244,129.3196,146.0672,162.8148,672,2023-12-31 00:00:00+00:00,6.0,END_OF_FOLD,0.02328922522029644,0.00346479256208859,4.6578450440592886e-05,4.211226174308587e-05,-0.0022330943487535062,-0.00019052268260420405,-0.002512307743541389,-0.10787425170983901,-0.7250961489096942,False,False,False,True,2023
BTCUSDT,LONG,1d,2024-01-01 00:00:00+00:00,42314.0,39220.86,45407.14,48500.28,51593.42,672,2024-01-03 00:00:00+00:00,2.0,TP1+STOP,0.04787982438557583,0.0035,9.575964877115166e-05,9.750964877115167e-05,0.000875,-0.00014548066991786665,0.00053625003253983,0.011199916445419953,0.15321429501138,True,False,False,True,2024
ETHUSDT,LONG,1d,2024-01-01 00:00:00+00:00,2283.84,2083.5820000000003,2484.098,2684.3559999999998,2884.6139999999996,672,2024-01-03 00:00:00+00:00,2.0,STOP,0.03991570873573095,0.0035,7.98314174714619e-05,7.28314174714619e-05,-0.0035,-0.00013569881806519606,-0.0037883616530081194,-0.09490904140246241,-1.0823890437166055,False,False,False,True,2024
BTCUSDT,LONG,1d,2024-01-08 00:00:00+00:00,43916.9,40571.61,47262.19,50607.48,53952.770000000004,672,2024-01-12 00:00:00+00:00,4.0,TP1+STOP,0.04566006434072005,0.003478072373923647,9.13201286814401e-05,9.305916486840193e-05,0.0008695180934809117,-5.72039970770737e-05,0.000627934802853996,0.013752385414271047,0.1805410397902723,True,False,False,True,2024
ETHUSDT,LONG,1d,2024-01-08 00:00:00+00:00,2220.87,2011.213,2430.527,2640.1839999999997,2849.841,672,2024-01-18 00:00:00+00:00,10.0,TP1+TP2+STOP,0.03684277936379807,0.0034780723739236464,7.368555872759614e-05,8.238073966240525e-05,0.0043475904674045605,-8.664368714259809e-05,0.004104880481871962,0.11141614592479528,1.1802170974496449,True,True,False,True,2024
SOLUSDT,LONG,1d,2024-01-01 00:00:00+00:00,101.775,81.2707,122.2793,142.7836,163.2879,672,2024-01-23 00:00:00+00:00,22.0,STOP,0.017372575508551865,0.0035,3.474515101710373e-05,2.7745151017103732e-05,-0.0035,-0.00016360070914515494,-0.0037260910111793625,-0.21448120972881357,-1.0645974317655322,False,False,False,True,2024
ETHUSDT,LONG,1d,2024-01-22 00:00:00+00:00,2457.02,2205.848,2708.192,2959.364,3210.536,672,2024-01-23 00:00:00+00:00,1.0,STOP,0.03426335157008642,0.003502614769339178,6.852670314017284e-05,6.152147360149448e-05,-0.003502614769339178,-1.9060141523469132e-05,-0.003651723087604315,-0.106578105184329,-1.0425705731530586,False,False,False,True,2024
BNBUSDT,LONG,1d,2024-01-01 00:00:00+00:00,311.33,282.685,339.97499999999997,368.62,397.265,672,2024-01-29 00:00:00+00:00,28.0,MAX_HOLD,0.03803997207191484,0.0034999999999999996,7.607994414382969e-05,7.459417001221858e-05,-0.0007428870658055492,0.0008342826772752667,-5.9278502686330764e-05,-0.0015583214039764364,-0.016936715053237364,False,False,False,True,2024
BTCUSDT,LONG,1d,2024-01-15 00:00:00+00:00,41734.9,37101.03,46368.770000000004,51002.64,55636.51,672,2024-02-12 00:00:00+00:00,28.0,TP1+MAX_HOLD,0.031503241423147366,0.003497838148251942,6.300648284629474e-05,7.21926681396261e-05,0.004593092646665683,-0.00024565538542772224,0.00421223811025204,0.13370808589737848,1.2042404284363821,True,False,False,True,2024
ETHUSDT,LONG,1d,2024-01-29 00:00:00+00:00,2256.0,2025.687,2486.313,2716.626,2946.9390000000003,672,2024-02-19 00:00:00+00:00,21.0,TP1+TP2+TP3,0.03408040391957783,0.0034792376187631796,6.816080783915566e-05,8.381737712358998e-05,0.007828284642217154,-0.00018545899676621056,0.007490847460488197,0.21979925702068936,2.153014045402018,True,True,True,True,2024
BNBUSDT,LONG,1d,2024-01-29 00:00:00+00:00,305.25,280.66700000000003,329.83299999999997,354.416,378.99899999999997,672,2024-02-22 00:00:00+00:00,24.0,TP1+TP2+TP3,0.04320210239301395,0.0034792376187631796,8.640420478602789e-05,0.00010206077407046222,0.007828284642217161,0.0005771124098710768,0.008216932073231748,0.19019750470663388,2.3617047679982126,True,True,True,True,2024
SOLUSDT,LONG,1d,2024-01-29 00:00:00+00:00,95.948,80.36139999999999,111.5346,127.1212,142.70780000000002,672,2024-02-26 00:00:00+00:00,28.0,TP1+MAX_HOLD,0.021417492656839173,0.00347923761876318,4.283498531367835e-05,4.712667601143324e-05,0.00214584534887745,-0.0002627902766096527,0.0017930934109426856,0.08372097703836977,0.5153696319195655,True,False,False,True,2024
BTCUSDT,LONG,1d,2024-02-12 00:00:00+00:00,48303.4,45645.37,50961.43,53619.46,56277.49,672,2024-02-27 00:00:00+00:00,15.0,TP1+TP2+TP3,0.06402289703724887,0.0035230393929188944,0.00012804579407449772,0.00014389947134263274,0.007926838634067512,-0.0003651014517443287,0.007289791916906053,0.11386226263183331,2.0691769531609876,True,True,True,True,2024
ETHUSDT,LONG,1d,2024-02-26 00:00:00+00:00,3115.24,2885.5229999999997,3344.957,3574.674,3804.3909999999996,672,2024-03-05 00:00:00+00:00,8.0,TP1+TP2+STOP,0.04839648165428354,0.0035687441661563985,9.679296330856709e-05,0.00010571482372395809,0.004460930207695498,-0.0005330664167250097,0.0037253560039379628,0.07697576097679476,1.0438842994874127,True,True,False,True,2024
SOLUSDT,LONG,1d,2024-02-26 00:00:00+00:00,103.57,91.45439999999999,115.6856,127.8012,139.91680000000002,672,2024-03-05 00:00:00+00:00,8.0,TP1+TP2+STOP,0.030507348648751865,0.0035687441661563977,6.101469729750373e-05,6.993655771289472e-05,0.004460930207695497,-0.00044616516740896846,0.0038838137852761304,0.1273074835179106,1.0882858519553305,True,True,False,True,2024
BNBUSDT,LONG,1d,2024-02-26 00:00:00+00:00,388.28,361.93399999999997,414.626,440.972,467.318,672,2024-03-05 00:00:00+00:00,8.0,TP1+STOP,0.052595156184438094,0.0035687441661563985,0.0001051903123688762,0.00010697468445195439,0.0008921860415390996,-0.0002623433230515543,0.0004176777216667147,0.00794137239942825,0.11703773154368785,True,False,False,True,2024
BTCUSDT,LONG,1d,2024-03-04 00:00:00+00:00,63178.5,58880.89,67476.11,71773.72,76071.33,672,2024-03-05 00:00:00+00:00,1.0,TP1+STOP,0.05337180023240264,0.0036305259288646604,0.00010674360046480528,0.00010855886342923763,0.0009076314822161651,-0.00018438710067805345,0.0005079419176440687,0.009517046744390894,0.13990863241208487,True,False,False,True,2024
BNBUSDT,LONG,1d,2024-03-11 00:00:00+00:00,529.09,476.54100000000005,581.639,634.188,686.7370000000001,672,2024-03-14 00:00:00+00:00,3.0,TP1+TP2+STOP,0.03635269427529704,0.003610534562120968,7.270538855059409e-05,8.173172495589648e-05,0.00451316820265121,-0.00013527925289898355,0.004223451836245736,0.1161798848872592,1.169758040971284,True,True,False,True,2024
ETHUSDT,LONG,1d,2024-03-11 00:00:00+00:00,3881.32,3492.745,4269.895,4658.47,5047.045,672,2024-03-16 00:00:00+00:00,5.0,STOP,0.036064183250727265,0.003610534562120968,7.212836650145454e-05,6.49072973772126e-05,-0.003610534562120968,-0.0002783226313833701,-0.004025892857383005,-0.11163133320929484,-1.1150406645098114,False,False,False,True,2024
BTCUSDT,LONG,1d,2024-03-11 00:00:00+00:00,69001.8,62756.4,75247.20000000001,81492.6,87738.0,672,2024-03-19 00:00:00+00:00,8.0,STOP,0.03989070095567275,0.0036105345621209686,7.97814019113455e-05,7.256033278710358e-05,-0.0036105345621209686,-0.00036350866918618944,-0.004126384966005607,-0.10344227770253822,-1.1428736922494958,False,False,False,True,2024
SOLUSDT,LONG,1d,2024-03-11 00:00:00+00:00,144.501,122.4981,166.50390000000002,188.5068,210.5097,672,2024-03-19 00:00:00+00:00,8.0,TP1+TP2+STOP,0.023711685948717753,0.0036105345621209686,4.7423371897435505e-05,5.644970830273793e-05,0.00451316820265121,-0.00024449857578913024,0.004164796546661907,0.17564320629369354,1.153512443934436,True,True,False,True,2024
ETHUSDT,LONG,1d,2024-03-18 00:00:00+00:00,3646.99,3149.004,4144.976,4642.9619999999995,5140.948,672,2024-03-20 00:00:00+00:00,2.0,STOP,0.026611220148513262,0.003633685608372253,5.3222440297026526e-05,4.595506908028202e-05,-0.003633685608372253,-4.3087452548154294e-05,-0.003775950570297716,-0.14189317698417048,-1.0391516980989426,False,False,False,True,2024
SOLUSDT,LONG,1d,2024-03-25 00:00:00+00:00,184.018,146.535,221.501,258.984,296.467,672,2024-04-12 00:00:00+00:00,18.0,STOP,0.017660464129010598,0.00359729579143184,3.53209282580212e-05,2.8126336675157518e-05,-0.00359729579143184,-0.0002644478360770715,-0.00392519089244209,-0.22225864868377007,-1.0911504418933915,False,False,False,True,2024
ETHUSDT,LONG,1d,2024-03-25 00:00:00+00:00,3457.16,2897.477,4016.843,4576.526,5136.209,672,2024-04-13 00:00:00+00:00,19.0,STOP,0.022220483949497306,0.0035972957914318406,4.444096789899462e-05,3.7246376316130935e-05,-0.0035972957914318406,-0.00027748282226784844,-0.0039564659579148145,-0.17805489596478036,-1.0998444907806741,False,False,False,True,2024
BNBUSDT,LONG,1d,2024-03-18 00:00:00+00:00,571.5,486.873,656.1270000000001,740.754,825.3810000000001,672,2024-04-15 00:00:00+00:00,28.0,MAX_HOLD,0.024538874415786244,0.003633685608372253,4.907774883157249e-05,4.860629329161565e-05,-0.00023572776997841943,-4.4458552734588595e-05,-0.0003778703648361962,-0.015398846680314979,-0.10399093525470607,False,False,False,True,2024
BTCUSDT,LONG,1d,2024-03-25 00:00:00+00:00,67260.9,58180.659999999996,76341.13999999998,85421.37999999999,94501.61999999998,672,2024-04-22 00:00:00+00:00,28.0,MAX_HOLD,0.026646581202470185,0.00359729579143184,5.329316240494037e-05,5.1432601455573346e-05,-0.0009302804746835147,-0.00036239982632687944,-0.001397406064870908,-0.05244222717552097,-0.388460150594037,False,False,False,True,2024
SOLUSDT,LONG,1d,2024-04-15 00:00:00+00:00,151.186,121.91530000000002,180.4567,209.7274,238.9981,672,2024-04-30 00:00:00+00:00,15.0,STOP,0.018416605295507503,0.003565587611440287,3.683321059101501e-05,2.970203536813443e-05,-0.003565587611440287,-3.648865498813428e-05,-0.003668611512387571,-0.19920128891954275,-1.0288939474146503,False,False,False,True,2024
BTCUSDT,LONG,1d,2024-04-22 00:00:00+00:00,64912.7,57393.869999999995,72431.53,79950.36,87469.19,672,2024-05-01 00:00:00+00:00,9.0,STOP,0.030781910350797453,0.003565464862852515,6.15638207015949e-05,5.443289097588987e-05,-0.003565464862852515,-4.112558105355875e-05,-0.003722587155583559,-0.12093424719779029,-1.0440678281163427,False,False,False,True,2024
ETHUSDT,LONG,1d,2024-04-15 00:00:00+00:00,3153.16,2724.927,3581.3929999999996,4009.6259999999997,4437.8589999999995,672,2024-05-13 00:00:00+00:00,28.0,MAX_HOLD,0.026254091190751446,0.0035655876114402876,5.250818238150289e-05,4.8754196045807214e-05,-0.0018769931678478398,-0.0001287071235732007,-0.0021069626698483504,-0.08025273678452721,-0.5909159721915406,False,False,False,True,2024
BNBUSDT,LONG,1d,2024-04-15 00:00:00+00:00,566.01,501.83000000000004,630.1899999999999,694.3699999999999,758.55,672,2024-05-13 00:00:00+00:00,28.0,MAX_HOLD,0.03144528270413397,0.0035655876114402867,6.289056540826794e-05,6.602948251712391e-05,0.0015694585544279865,0.0006468170153787739,0.002087355521881369,0.06638056148265932,0.5854169773262704,False,False,False,True,2024
ETHUSDT,LONG,1d,2024-05-13 00:00:00+00:00,2927.73,2643.972,3211.488,3495.246,3779.004,672,2024-05-21 00:00:00+00:00,8.0,TP1+TP2+TP3,0.03643341793521865,0.0035311568370245093,7.28668358704373e-05,8.87570416370476e-05,0.00794510288330515,-7.606163762176865e-05,0.007707417368175897,0.21154801841211449,2.182689051747265,True,True,True,True,2024
BTCUSDT,LONG,1d,2024-05-06 00:00:00+00:00,63987.9,58079.83,69895.97,75804.04000000001,81712.11,672,2024-06-03 00:00:00+00:00,28.0,TP1+MAX_HOLD,0.03838753463281986,0.003544361382982158,7.677506926563972e-05,8.198298407002026e-05,0.002603957402190265,-0.000208472294627498,0.002236727054227107,0.05826701494695082,0.6310663085786044,True,False,False,True,2024
SOLUSDT,LONG,1d,2024-05-06 00:00:00+00:00,145.673,122.9632,168.3828,191.0926,213.80240000000003,672,2024-06-03 00:00:00+00:00,28.0,TP1+MAX_HOLD,0.022735460274558115,0.003544361382982158,4.5470920549116233e-05,5.135848284357894e-05,0.0029437811472313533,-0.00014906060933219528,0.002697891134506463,0.1186644607993932,0.761178345825591,True,False,False,True,2024
BNBUSDT,LONG,1d,2024-05-13 00:00:00+00:00,594.26,550.737,637.783,681.3059999999999,724.829,672,2024-06-10 00:00:00+00:00,28.0,TP1+TP2+MAX_HOLD,0.04821416864577772,0.0035311568370245093,9.642833729155544e-05,0.0001081272871464903,0.005849474927467432,7.943092052848e-05,0.005724350223557866,0.11872755217690904,1.6210976990706047,True,True,False,True,2024
ETHUSDT,LONG,1d,2024-05-27 00:00:00+00:00,3827.54,3486.681,4168.399,4509.258,4850.117,672,2024-06-10 00:00:00+00:00,14.0,SIGNAL_INVALID,0.04027923102630124,0.0035870398241152307,8.055846205260247e-05,7.803555103240531e-05,-0.0012614555100985815,-0.00021768385403788177,-0.0016377333772214712,-0.040659499585582355,-0.45656961102332616,False,False,False,True,2024
BNBUSDT,LONG,1d,2024-06-10 00:00:00+00:00,673.17,625.949,720.391,767.612,814.8329999999999,672,2024-06-10 00:00:00+00:00,0.0,STOP,0.051259458522477874,0.0035957082028164177,0.00010251891704495576,9.532750063932292e-05,-0.0035957082028164177,0.0,-0.0037935546205006966,-0.07400691950027483,-1.0550229347112514,False,False,False,True,2024
SOLUSDT,LONG,1d,2024-06-03 00:00:00+00:00,163.252,143.4252,183.07880000000003,202.90560000000005,222.73240000000004,672,2024-06-14 00:00:00+00:00,11.0,STOP,0.029503696859117166,0.0035831958988946215,5.900739371823433e-05,5.1841001920445086e-05,-0.0035831958988946215,-0.00013329754994637457,-0.0038273418444796756,-0.12972414483363157,-1.0681363655446163,False,False,False,True,2024
ETHUSDT,LONG,1d,2024-06-17 00:00:00+00:00,3622.96,3359.027,3886.893,4150.826,4414.759,672,2024-06-18 00:00:00+00:00,1.0,STOP,0.04900864470990091,0.003570284691031167,9.801728941980182e-05,9.087672003773949e-05,-0.003570284691031167,-2.3581840206500945e-05,-0.0037827605406952096,-0.0771855774238744,-1.059512298892522,False,False,False,True,2024
BNBUSDT,LONG,1d,2024-06-17 00:00:00+00:00,610.66,557.144,664.1759999999999,717.692,771.208,672,2024-06-24 00:00:00+00:00,7.0,SIGNAL_INVALID,0.04073977968131202,0.003570284691031167,8.147955936262403e-05,7.704305566366349e-05,-0.002218251849480275,0.0,-0.0023767744645065625,-0.05834038581207219,-0.6657100680170421,False,False,False,True,2024
BNBUSDT,LONG,1d,2024-07-01 00:00:00+00:00,582.64,542.251,623.029,663.418,703.807,672,2024-07-04 00:00:00+00:00,3.0,STOP,0.0511928966356778,0.00354872631851296,0.00010238579327135559,9.528834063432968e-05,-0.00354872631851296,-9.419348076177655e-06,-0.003755819800494823,-0.07336603410476454,-1.0583571296838248,False,False,False,True,2024
ETHUSDT,LONG,1d,2024-07-15 00:00:00+00:00,3243.52,2966.187,3520.853,3798.186,4075.5190000000002,672,2024-07-25 00:00:00+00:00,10.0,TP1+STOP,0.04135002873940571,0.003535580949211229,8.270005747881141e-05,8.446784795341704e-05,0.0008838952373028073,-8.251461178967452e-05,0.0006342127200809043,0.015337660925892246,0.1793800592296986,True,False,False,True,2024
SOLUSDT,LONG,1d,2024-07-15 00:00:00+00:00,147.572,127.58670000000001,167.5573,187.5426,207.5279,672,2024-08-01 00:00:00+00:00,17.0,TP1+TP2+STOP,0.026106826109040127,0.003535580949211229,5.2213652218080253e-05,6.105260459110834e-05,0.004419476186514037,-8.804492512119315e-05,0.004218165004583655,0.16157326007250694,1.1930613568682982,True,True,False,True,2024
BTCUSDT,LONG,1d,2024-07-22 00:00:00+00:00,68138.0,62639.270000000004,73636.73,79135.45999999999,84634.19,672,2024-08-01 00:00:00+00:00,10.0,STOP,0.04420966043476941,0.003567715314838701,8.841932086953883e-05,8.128389023986142e-05,-0.003567715314838701,-0.00010334512882499963,-0.0038407636547731013,-0.08687611750468162,-1.0765331075601094,False,False,False,True,2024
ETHUSDT,LONG,1d,2024-07-29 00:00:00+00:00,3268.03,2982.4970000000003,3553.563,3839.096,4124.629,672,2024-08-02 00:00:00+00:00,4.0,STOP,0.04071905496622181,0.003557688858936487,8.143810993244362e-05,7.432273221457064e-05,-0.003557688858936487,-5.348484968419245e-05,-0.003766934550767693,-0.0925103628729234,-1.05881506228562,False,False,False,True,2024
ETHUSDT,SHORT,1d,2024-08-12 00:00:00+00:00,2554.66,2960.0249999999996,2149.295,1743.93,1338.565,672,2024-09-09 00:00:00+00:00,28.0,MAX_HOLD,0.022220889946450984,0.0035259373275281637,4.444177989290197e-05,3.9940298300405394e-05,0.002250740796248288,4.270497967976293e-05,0.0022090636977347435,0.09941382649651999,0.6265181404354098,False,False,False,True,2024
BNBUSDT,SHORT,1d,2024-09-09 00:00:00+00:00,503.02,549.306,456.734,410.448,364.1619999999999,672,2024-09-13 00:00:00+00:00,4.0,STOP,0.03846553828443261,0.0035394535108609,7.693107656886522e-05,8.400998359058702e-05,-0.0035394535108609,1.5583251978690408e-07,-0.003700238738500565,-0.09619620323883753,-1.0454265685779716,False,False,False,True,2024
BTCUSDT,SHORT,1d,2024-09-02 00:00:00+00:00,57268.1,62221.52,52314.68,47361.259999999995,42407.84,672,2024-09-19 00:00:00+00:00,17.0,STOP,0.04080962732615755,0.003529839896730209,8.161925465231511e-05,8.867893444577553e-05,-0.003529839896730209,-5.850398290996906e-07,-0.0037007231256573994,-0.0906826003599735,-1.0484110424060549,False,False,False,True,2024
ETHUSDT,SHORT,1d,2024-09-09 00:00:00+00:00,2295.9,2557.624,2034.1760000000002,1772.4520000000002,1510.7280000000003,672,2024-09-20 00:00:00+00:00,11.0,STOP,0.031048858016786963,0.0035394535108609006,6.209771603357393e-05,6.917662305529571e-05,-0.0035394535108609006,3.208994764613696e-05,-0.0036386379023036334,-0.11719071601075819,-1.0280225156619187,False,False,False,True,2024
SOLUSDT,SHORT,1d,2024-09-09 00:00:00+00:00,130.074,147.22140000000002,112.92660000000001,95.7792,78.63180000000001,672,2024-09-20 00:00:00+00:00,11.0,STOP,0.0268490194415317,0.0035394535108609,5.3698038883063395e-05,6.07769459047852e-05,-0.0035394535108609,1.9619449318743297e-05,-0.0036343090463300054,-0.13536095998754558,-1.0267994861856609,False,False,False,True,2024
BNBUSDT,LONG,1d,2024-09-23 00:00:00+00:00,588.65,546.466,630.834,673.018,715.202,672,2024-10-01 00:00:00+00:00,8.0,STOP,0.0485933529082124,0.003482310369625466,9.71867058164248e-05,9.022208507717388e-05,-0.003482310369625466,-5.9499030363894895e-06,-0.003675669063555454,-0.07564139627282761,-1.0555259794234781,False,False,False,True,2024
BTCUSDT,LONG,1d,2024-09-30 00:00:00+00:00,65568.2,61718.63,69417.77,73267.34,77116.91,672,2024-10-01 00:00:00+00:00,1.0,STOP,0.0592742561439912,0.003480046702886829,0.0001185485122879824,0.00011158841888220875,-0.003480046702886829,-2.8510714938624927e-05,-0.003738694348995645,-0.06307450472113006,-1.0743230387955018,False,False,False,True,2024
ETHUSDT,SHORT,1d,2024-09-23 00:00:00+00:00,2579.95,2820.0139999999997,2339.886,2099.8219999999997,1859.7579999999998,672,2024-10-14 00:00:00+00:00,21.0,TP1+STOP,0.03742413122382043,0.0034823103696254663,7.484826244764085e-05,7.310710726282813e-05,0.0008705775924063666,0.00014511254142050888,0.0008677347641164064,0.02318650388774006,0.24918363730161538,True,False,False,True,2024
BTCUSDT,SHORT,1d,2024-10-14 00:00:00+00:00,62839.7,66726.0,58953.399999999994,55067.1,51180.8,672,2024-10-15 00:00:00+00:00,1.0,STOP,0.05600867947854814,0.0034638378454620532,0.00011201735895709627,0.00011894503464802038,-0.0034638378454620532,3.290024134534391e-05,-0.0036618999977218254,-0.06538093795131107,-1.057179972359056,False,False,False,True,2024
BNBUSDT,LONG,1d,2024-10-21 00:00:00+00:00,606.29,569.644,642.9359999999999,679.582,716.228,672,2024-10-25 00:00:00+00:00,4.0,STOP,0.057021975197433634,0.00344658051936392,0.00011404395039486728,0.00010715078935613944,-0.00344658051936392,-9.079729580178907e-06,-0.003676854988695105,-0.06448136838410655,-1.066812444403209,False,False,False,True,2024
BTCUSDT,LONG,1d,2024-10-21 00:00:00+00:00,69020.2,65015.38,73025.01999999999,77029.84,81034.65999999999,672,2024-11-01 00:00:00+00:00,11.0,TP1+STOP,0.05939934298235666,0.0034465805193639194,0.00011879868596471333,0.00012052197622439527,0.0008616451298409783,-0.00019403519428204367,0.00042828927336982606,0.007210336880275603,0.12426498408018294,True,False,False,True,2024
BNBUSDT,LONG,1d,2024-10-28 00:00:00+00:00,589.32,554.385,624.2550000000001,659.19,694.125,672,2024-11-03 00:00:00+00:00,6.0,STOP,0.058087928391287715,0.003443463276911762,0.00011617585678257543,0.0001092889302287519,-0.003443463276911762,-3.062024645875982e-05,-0.0036995483103818495,-0.06368876310171055,-1.0743684520137398,False,False,False,True,2024
ETHUSDT,SHORT,1d,2024-10-21 00:00:00+00:00,2746.98,2948.072,2545.888,2344.7960000000003,2143.704,672,2024-11-04 00:00:00+00:00,14.0,TP1+SIGNAL_INVALID,0.04708137447080091,0.00344658051936392,9.416274894160182e-05,8.499208053025788e-05,0.004585334205671965,0.00014741679877645182,0.004553596174976558,0.09671757093244214,1.3211924542000666,True,False,False,True,2024
BTCUSDT,LONG,1d,2024-11-04 00:00:00+00:00,68762.5,64647.15,72877.85,76993.2,81108.55,672,2024-11-10 00:00:00+00:00,6.0,TP1+TP2+TP3,0.057448141068140876,0.003438199706886362,0.00011489628213628175,0.0001303681808172704,0.007735949340494319,-0.00010827246890456938,0.0073824124086361975,0.1285056795811671,2.1471738229312223,True,True,True,True,2024
SOLUSDT,LONG,1d,2024-11-04 00:00:00+00:00,162.45,144.29899999999998,180.601,198.75199999999998,216.90299999999996,672,2024-11-11 00:00:00+00:00,7.0,TP1+TP2+TP3,0.030771612714654242,0.003438199706886362,6.154322542930848e-05,7.701512411029709e-05,0.007735949340494307,-6.628144434084786e-05,0.007531109546613853,0.244742113988304,2.190422368872236,True,True,True,True,2024
ETHUSDT,LONG,1d,2024-11-11 00:00:00+00:00,3185.19,2916.233,3454.147,3723.1040000000003,3992.061,672,2024-11-18 00:00:00+00:00,7.0,SIGNAL_INVALID,0.04131222952092352,0.0034883989072108795,8.262445904184704e-05,7.984626384363853e-05,-0.0013890975991042622,-0.0001630050459747401,-0.001714573367964488,-0.04150280408120078,-0.49150725406440426,False,False,False,True,2024
BNBUSDT,LONG,1d,2024-11-11 00:00:00+00:00,627.84,585.1510000000001,670.529,713.2180000000001,755.9070000000002,672,2024-11-18 00:00:00+00:00,7.0,SIGNAL_INVALID,0.05130493499269789,0.0034883989072108795,0.00010260986998539578,0.00010116348659253972,-0.000723191696428035,-0.00014864891253859198,-0.0010756139655445625,-0.02096511701452603,-0.3083402999929732,False,False,False,True,2024
BTCUSDT,LONG,1d,2024-11-11 00:00:00+00:00,80409.9,75229.73,85590.06999999999,90770.23999999999,95950.40999999999,672,2024-11-21 00:00:00+00:00,10.0,TP1+TP2+TP3,0.05414915095236955,0.0034883989072108795,0.00010829830190473911,0.00012399609698718805,0.007848897541224479,-0.0002142729218798808,0.007402330220452671,0.1367026091870559,2.1219850187291636,True,True,True,True,2024
BNBUSDT,LONG,1d,2024-11-25 00:00:00+00:00,660.22,592.458,727.9820000000001,795.7440000000001,863.5060000000001,672,2024-12-02 00:00:00+00:00,7.0,SIGNAL_INVALID,0.0342244853880835,0.0035126466615178517,6.8448970776167e-05,6.807262688486185e-05,-0.00018817194565257483,-0.00014698477414269015,-0.00047167831745629384,-0.01378189656054042,-0.13428003522918433,False,False,False,True,2024
SOLUSDT,LONG,1d,2024-11-18 00:00:00+00:00,237.62,209.8277,265.4123,293.2046,320.9969,672,2024-12-09 00:00:00+00:00,21.0,STOP,0.029923208022895147,0.003499851756311376,5.98464160457903e-05,5.284671253316754e-05,-0.003499851756311376,-0.00041315119992813313,-0.004025696084818467,-0.13453424117288112,-1.1502476005044562,False,False,False,True,2024
ETHUSDT,LONG,1d,2024-12-09 00:00:00+00:00,4007.31,3608.7870000000003,4405.833,4804.356,5202.878999999999,672,2024-12-09 00:00:00+00:00,0.0,STOP,0.03526003871910541,0.0035065758352745445,7.052007743821081e-05,6.350692576766173e-05,-0.0035065758352745445,-1.4272959085346132e-05,-0.003654875797565763,-0.10365490028759934,-1.0422919592382371,False,False,False,True,2024
BNBUSDT,LONG,1d,2024-12-09 00:00:00+00:00,742.51,660.9659999999999,824.0540000000001,905.5980000000001,987.142,672,2024-12-09 00:00:00+00:00,0.0,STOP,0.031929603937134544,0.003506575835274545,6.38592078742691e-05,5.684605620372e-05,-0.003506575835274545,-1.9269205671792725e-05,-0.0036465503050243262,-0.11420593603991877,-1.039917707850976,False,False,False,True,2024
BTCUSDT,LONG,1d,2024-11-25 00:00:00+00:00,97960.5,90035.01,105885.99,113811.48,121736.97,672,2024-12-19 00:00:00+00:00,24.0,TP1+STOP,0.04341695255253862,0.003512646661517852,8.683390510507725e-05,8.859022843583618e-05,0.000878161665379463,-0.0005077662133471791,0.0001949713184913705,0.004490672583605143,0.05550553109350353,True,False,False,True,2024
ETHUSDT,LONG,1d,2024-12-16 00:00:00+00:00,3958.5,3535.463,4381.537,4804.574,5227.611,672,2024-12-19 00:00:00+00:00,3.0,STOP,0.032501738833838834,0.0034733960063283247,6.500347766767767e-05,5.805668565502102e-05,-0.0034733960063283247,-3.317695886760776e-05,-0.0036296331285186312,-0.11167504443607423,-1.0449810853428896,False,False,False,True,2024
SOLUSDT,LONG,1d,2024-12-16 00:00:00+00:00,224.21,194.15800000000002,254.262,284.31399999999996,314.366,672,2024-12-19 00:00:00+00:00,3.0,STOP,0.025914086203210236,0.003473396006328325,5.182817240642047e-05,4.4881380393763824e-05,-0.003473396006328325,-1.752586920972131e-05,-0.0035876314283382307,-0.1384432929722135,-1.032888683525223,False,False,False,True,2024
BNBUSDT,LONG,1d,2024-12-16 00:00:00+00:00,719.53,630.076,808.9839999999999,898.438,987.892,672,2024-12-20 00:00:00+00:00,4.0,STOP,0.02793852291047266,0.0034733960063283256,5.587704582094532e-05,4.893025380828867e-05,-0.0034733960063283256,-1.58836698355105e-05,-0.00359408697579307,-0.12864269837421644,-1.034747252903168,False,False,False,True,2024
BTCUSDT,LONG,1d,2024-12-23 00:00:00+00:00,95153.4,85662.39,104644.40999999999,114135.41999999998,123626.43,672,2024-12-31 00:00:00+00:00,8.0,END_OF_FOLD,0.034368742270751054,0.00342808640131746,6.873748454150211e-05,6.757841619558026e-05,-0.0005795341729609249,-8.429241637113601e-05,-0.0008001424900691434,-0.023281110602353678,-0.23340791228646915,False,False,False,True,2024
SOLUSDT,LONG,1d,2024-12-23 00:00:00+00:00,180.43,145.56900000000002,215.291,250.152,285.013,672,2024-12-31 00:00:00+00:00,8.0,END_OF_FOLD,0.017742739146602488,0.003428086401317459,3.548547829320498e-05,3.721422270487306e-05,0.0008643722058340393,-8.925250534343453e-06,0.0007827472543016178,0.04411648324613419,0.22833358400791698,False,False,False,True,2024
BNBUSDT,LONG,1d,2024-12-23 00:00:00+00:00,649.78,552.708,746.852,843.924,940.9959999999999,672,2024-12-31 00:00:00+00:00,8.0,END_OF_FOLD,0.02294690520281913,0.003428086401317459,4.589381040563826e-05,4.9590572442991065e-05,0.0018483810186764042,3.217674505796576e-05,0.0017850733808857408,0.0777914653461172,0.5207200670904074,False,False,False,True,2024
ETHUSDT,LONG,1d,2025-01-06 00:00:00+00:00,3634.96,3265.409,4004.511,4374.062,4743.613,672,2025-01-08 00:00:00+00:00,2.0,STOP,0.034426533820771696,0.0034999999999999996,6.88530676415434e-05,6.18530676415434e-05,-0.0034999999999999996,-2.9414611789441786e-05,-0.003660120747072528,-0.10631685333549748,-1.0457487848778653,False,False,False,True,2025
SOLUSDT,LONG,1d,2025-01-06 00:00:00+00:00,213.31,185.411,241.209,269.108,297.007,672,2025-01-09 00:00:00+00:00,3.0,STOP,0.026760278146170116,0.0035,5.352055629234023e-05,4.6520556292340224e-05,-0.0035,-4.258268369834045e-06,-0.003604299380954515,-0.13468841247714594,-1.0297998231298613,False,False,False,True,2025
BTCUSDT,LONG,1d,2025-01-06 00:00:00+00:00,98340.2,91008.91,105671.48999999999,113002.78,120334.06999999999,672,2025-01-13 00:00:00+00:00,7.0,STOP,0.04694817692384291,0.0035,9.389635384768582e-05,8.689635384768583e-05,-0.0035,-7.250769997169672e-05,-0.0037533004076670687,-0.07994560499666457,-1.0723715450477338,False,False,False,True,2025
SOLUSDT,LONG,1d,2025-01-13 00:00:00+00:00,188.43,166.068,210.792,233.154,255.51600000000002,672,2025-01-18 00:00:00+00:00,5.0,TP1+TP2+TP3,0.029192207714504894,0.003464396056422853,5.838441542900979e-05,7.397419768291264e-05,0.007794891126951422,-2.3292901541713492e-05,0.007639239612297786,0.26168762866475614,2.205071096918881,True,True,True,True,2025
BTCUSDT,LONG,1d,2025-01-20 00:00:00+00:00,101311.5,93700.15000000001,108922.84999999999,116534.2,124145.54999999999,672,2025-01-21 00:00:00+00:00,1.0,TP1+STOP,0.046362873406378555,0.0034831589355763066,9.27257468127571e-05,9.446732628054525e-05,0.0008707897338940767,-2.4963569927797635e-05,0.0006586330908729766,0.014206045537772095,0.18909073718854072,True,False,False,True,2025
BNBUSDT,LONG,1d,2025-01-06 00:00:00+00:00,709.28,647.9789999999999,770.581,831.882,893.183,672,2025-01-27 00:00:00+00:00,21.0,STOP,0.040496566124533014,0.0035,8.099313224906603e-05,7.399313224906602e-05,-0.0035,9.718503258511275e-05,-0.0035578012319130194,-0.08785439291253108,-1.016514637689434,False,False,False,True,2025
SOLUSDT,LONG,1d,2025-01-20 00:00:00+00:00,252.49,218.247,286.733,320.976,355.21900000000005,672,2025-02-01 00:00:00+00:00,12.0,STOP,0.025682995054278596,0.003483158935576307,5.1365990108557194e-05,4.4399672237404576e-05,-0.003483158935576307,5.365525962388584e-06,-0.0035735590719598804,-0.13914105673452412,-1.0259534916596094,False,False,False,True,2025
BTCUSDT,LONG,1d,2025-01-27 00:00:00+00:00,102560.0,93484.95000000001,111635.04999999999,120710.09999999999,129785.15,672,2025-02-03 00:00:00+00:00,7.0,STOP,0.03930048133839077,0.003477513973966095,7.860096267678155e-05,7.164593472884936e-05,-0.003477513973966095,-6.5536922877192e-05,-0.003693297794248918,-0.09397589211308491,-1.0620511727338142,False,False,False,True,2025
BNBUSDT,LONG,1d,2025-02-03 00:00:00+00:00,617.69,566.339,669.041,720.3920000000002,771.7430000000002,672,2025-02-03 00:00:00+00:00,0.0,STOP,0.041601354528561105,0.0034584842824007854,8.320270905712221e-05,7.628574049232064e-05,-0.0034584842824007854,0.0,-0.0036179727319502284,-0.08696766662889151,-1.046115129208779,False,False,False,True,2025
SOLUSDT,LONG,1d,2025-02-03 00:00:00+00:00,203.42,155.56,251.27999999999997,299.14,347.0,672,2025-02-10 00:00:00+00:00,7.0,SIGNAL_INVALID,0.014699642138026908,0.0034584842824007846,2.9399284276053815e-05,2.894981139188054e-05,-0.00022473644208663586,1.7864606290178263e-05,-0.000265220931464392,-0.01804267947301143,-0.07668704259088982,False,False,False,True,2025
ETHUSDT,SHORT,1d,2025-02-10 00:00:00+00:00,2626.07,3066.581,2185.559,1745.0480000000005,1304.5370000000007,672,2025-02-17 00:00:00+00:00,7.0,SIGNAL_INVALID,0.020501333095529043,0.00343900305142079,4.1002666191058086e-05,4.153259513069965e-05,-0.0002649644698207804,1.9589862270564295e-05,-0.00032790986887197386,-0.01599456324835212,-0.09535026982209312,False,False,False,True,2025
BTCUSDT,LONG,1d,2025-02-10 00:00:00+00:00,96423.6,87947.86000000002,104899.34,113375.07999999999,121850.81999999999,672,2025-02-25 00:00:00+00:00,15.0,STOP,0.03912355200005876,0.0034390030514207894,7.824710400011752e-05,7.136909789727594e-05,-0.0034390030514207894,-8.477548621557072e-05,-0.0036733947395337536,-0.09389215834820511,-1.0681568712235157,False,False,False,True,2025
BNBUSDT,LONG,1d,2025-02-17 00:00:00+00:00,672.65,591.722,753.578,834.5060000000001,915.4340000000001,672,2025-02-25 00:00:00+00:00,8.0,STOP,0.02856700033462909,0.0034369586011757424,5.713400066925818e-05,5.02600834669067e-05,-0.0034369586011757424,8.085170191224938e-05,-0.0034635009833996577,-0.1212413254044451,-1.0077226365818999,False,False,False,True,2025
ETHUSDT,SHORT,1d,2025-03-10 00:00:00+00:00,2019.34,2421.796,1616.884,1214.428,811.9720000000002,672,2025-04-07 00:00:00+00:00,28.0,TP1+MAX_HOLD,0.017124250824991825,0.0034128762318494698,3.424850164998365e-05,2.695332351816134e-05,0.0036475890659111556,3.005410847330723e-05,0.0036164413492163184,0.21118829583705567,1.059646205586698,True,False,False,True,2025
SOLUSDT,SHORT,1d,2025-03-10 00:00:00+00:00,126.42,158.788,94.05199999999999,61.68399999999998,29.315999999999974,672,2025-04-07 00:00:00+00:00,28.0,MAX_HOLD,0.013329702583737328,0.0034128762318494693,2.6659405167474658e-05,2.2319502000676458e-05,0.0021699515833990997,-2.9939232041089962e-05,0.0020910334441898585,0.1568702250522069,0.612689503555981,False,False,False,True,2025
BNBUSDT,SHORT,1d,2025-04-07 00:00:00+00:00,555.35,598.154,512.546,469.7420000000001,426.93800000000005,672,2025-04-08 00:00:00+00:00,1.0,TP1+STOP,0.044538701448472516,0.003432852393626391,8.907740289694503e-05,8.736097670013183e-05,0.0008582130984065978,0.0,0.000681774718809521,0.015307467362924272,0.1986029810298103,True,False,False,True,2025
SOLUSDT,SHORT,1d,2025-04-07 00:00:00+00:00,105.84,123.57,88.11000000000001,70.38000000000001,52.65000000000001,672,2025-04-12 00:00:00+00:00,5.0,STOP,0.020492560481749432,0.003432852393626391,4.098512096349886e-05,4.785082575075165e-05,-0.003432852393626391,-1.605487250075784e-06,-0.003523293827590717,-0.17193038569916846,-1.0263458557473208,False,False,False,True,2025
SOLUSDT,SHORT,1d,2025-04-14 00:00:00+00:00,128.3,149.59900000000002,107.00100000000002,85.70200000000003,64.40300000000002,672,2025-04-22 00:00:00+00:00,8.0,STOP,0.020611739366381193,0.003421741518040165,4.1223478732762384e-05,4.806696176884272e-05,-0.003421741518040165,-3.219437026262623e-05,-0.0035432263288043965,-0.17190331518472338,-1.035503795398845,False,False,False,True,2025
ETHUSDT,SHORT,1d,2025-04-07 00:00:00+00:00,1579.98,1785.8,1374.16,1168.3400000000001,962.5200000000002,672,2025-04-23 00:00:00+00:00,16.0,STOP,0.026352337600242085,0.0034328523936263907,5.270467520048417e-05,5.9570379987736955e-05,-0.0034328523936263907,2.9701104007424915e-05,-0.003515426344807187,-0.13340093004784867,-1.0240540348702751,False,False,False,True,2025
BNBUSDT,SHORT,1d,2025-04-14 00:00:00+00:00,584.06,633.823,534.2969999999999,484.5339999999999,434.7709999999999,672,2025-05-05 00:00:00+00:00,21.0,SIGNAL_INVALID,0.04016040735137626,0.003421741518040164,8.032081470275252e-05,8.053947390793242e-05,-0.00010932960258995571,-0.0001586246465134154,-0.000428814537714056,-0.010677544526932219,-0.12532055254707367,False,False,False,True,2025
ETHUSDT,SHORT,1d,2025-04-28 00:00:00+00:00,1790.22,2006.608,1573.832,1357.444,1141.056,672,2025-05-08 00:00:00+00:00,10.0,STOP,0.028069976855416987,0.003392882523818284,5.613995371083398e-05,6.292571875847055e-05,-0.003392882523818284,1.4506867834734515e-05,-0.003497441328452854,-0.12459722879243885,-1.0308171013586704,False,False,False,True,2025
SOLUSDT,SHORT,1d,2025-04-28 00:00:00+00:00,147.9,166.286,129.514,111.12800000000001,92.74200000000002,672,2025-05-09 00:00:00+00:00,11.0,STOP,0.02729290358276539,0.0033928825238182846,5.458580716553078e-05,6.137157221316734e-05,-0.0033928825238182846,-8.171460805957438e-06,-0.00351701136400294,-0.12886175167613248,-1.0365850686881324,False,False,False,True,2025
BNBUSDT,LONG,1d,2025-05-12 00:00:00+00:00,651.37,617.472,685.268,719.1659999999999,753.064,672,2025-05-13 00:00:00+00:00,1.0,TP1+STOP,0.0647978517344025,0.003372150357082422,0.000129595703468805,0.0001312817786473462,0.0008430375892706055,-3.970619503653403e-06,0.0005781894876508009,0.008922973095168653,0.17146017419906784,True,False,False,True,2025
ETHUSDT,SHORT,1d,2025-05-12 00:00:00+00:00,2513.48,2761.82,2265.14,2016.8,1768.46,672,2025-05-26 00:00:00+00:00,14.0,SIGNAL_INVALID,0.03412995280470131,0.0033721503570824226,6.825990560940262e-05,6.925251328880476e-05,-0.0004963038397010675,8.615464572874466e-05,-0.0005476616128705302,-0.016046363029107127,-0.16240723422082695,False,False,False,True,2025
SOLUSDT,SHORT,1d,2025-05-12 00:00:00+00:00,173.1,189.14,157.06,141.01999999999998,124.97999999999999,672,2025-05-26 00:00:00+00:00,14.0,SIGNAL_INVALID,0.036391472993202466,0.003372150357082422,7.278294598640493e-05,7.385093375535622e-05,-0.000533993884475644,6.323759466814573e-05,-0.0006173901695492594,-0.016965242645291694,-0.18308500635286742,False,False,False,True,2025
BTCUSDT,LONG,1d,2025-05-12 00:00:00+00:00,104072.7,98628.45,109516.95,114961.2,120405.45,672,2025-05-30 00:00:00+00:00,18.0,TP1+STOP,0.06446228451440177,0.0033721503570824226,0.00012892456902880353,0.00013061064420734475,0.0008430375892706057,-0.0001975104644453345,0.0003859919115891228,0.0059878720479241915,0.11446462070661706,True,False,False,True,2025
BNBUSDT,LONG,1d,2025-05-26 00:00:00+00:00,669.12,621.832,716.408,763.6959999999999,810.9839999999999,672,2025-06-02 00:00:00+00:00,7.0,SIGNAL_INVALID,0.047824811348058424,0.003379871591085287,9.564962269611686e-05,9.443884988371232e-05,-0.0006053864062022598,3.635669990729764e-06,-0.0007918392087913592,-0.016557079609337676,-0.23428085578159413,False,False,False,True,2025
BTCUSDT,LONG,1d,2025-06-02 00:00:00+00:00,105583.3,99712.35,111454.25,117325.20000000001,123196.15000000001,672,2025-06-16 00:00:00+00:00,14.0,SIGNAL_INVALID,0.06058234448524072,0.003368675873510525,0.00012116468897048144,0.00012110891685610382,-2.7886057188807808e-05,-6.404605577828237e-05,-0.0003342057187936754,-0.005516553075543252,-0.09920981754929033,False,False,False,True,2025
SOLUSDT,SHORT,1d,2025-06-23 00:00:00+00:00,131.64,149.941,113.33899999999998,95.03799999999998,76.73699999999997,672,2025-06-28 00:00:00+00:00,5.0,STOP,0.02422263865614164,0.0033675061534947474,4.844527731228328e-05,5.5180289619272775e-05,-0.0033675061534947474,1.4172045885618777e-05,-0.0034569596745406845,-0.1427160650668491,-1.0265637290530572,False,False,False,True,2025
BNBUSDT,SHORT,1d,2025-06-23 00:00:00+00:00,615.72,653.1840000000001,578.256,540.7919999999999,503.3279999999999,672,2025-06-29 00:00:00+00:00,6.0,STOP,0.05534488812806381,0.003367506153494747,0.00011068977625612762,0.00011742478856311711,-0.003367506153494747,-1.6942419271918323e-05,-0.00361256313758591,-0.06527365507048667,-1.0727710575485798,False,False,False,True,2025
BTCUSDT,LONG,1d,2025-06-23 00:00:00+00:00,100904.7,94713.79,107095.61,113286.52,119477.43000000002,672,2025-07-13 00:00:00+00:00,20.0,TP1+TP2+TP3,0.054886470351941996,0.003367506153494747,0.00010977294070388399,0.00012492671839461032,0.007576888845363184,-9.85680634039318e-05,0.0072436211228607585,0.13197462100246832,2.151034264731317,True,True,True,True,2025
BNBUSDT,LONG,1d,2025-07-21 00:00:00+00:00,757.32,721.4190000000001,793.221,829.1220000000001,865.0230000000001,672,2025-07-24 00:00:00+00:00,3.0,TP1+STOP,0.07092948159637086,0.003362435058880403,0.0001418589631927417,0.00014354018072218193,0.0008406087647201008,-5.930855785727693e-05,0.0004959010629479001,0.006991466055960476,0.1474827184061724,True,False,False,True,2025
BNBUSDT,LONG,1d,2025-07-28 00:00:00+00:00,844.71,787.6600000000001,901.76,958.8100000000001,1015.8600000000001,672,2025-07-30 00:00:00+00:00,2.0,STOP,0.049939298717109754,0.0033727989390573204,9.987859743421951e-05,9.313299955610487e-05,-0.0033727989390573204,-3.155071604461703e-05,-0.003597361252092262,-0.07203467698796032,-1.0665804031288344,False,False,False,True,2025
BTCUSDT,LONG,1d,2025-07-14 00:00:00+00:00,119038.3,114251.88,123824.72,128611.14,133397.56,672,2025-08-01 00:00:00+00:00,18.0,STOP,0.08376505677225426,0.0033681154975823166,0.00016753011354450853,0.0001607938825493439,-0.0033681154975823166,-0.00044848514003115376,-0.004144924633707323,-0.04948274129362565,-1.230636133672557,False,False,False,True,2025
ETHUSDT,LONG,1d,2025-07-21 00:00:00+00:00,3755.68,3444.772,4066.5879999999997,4377.496,4688.4039999999995,672,2025-08-01 00:00:00+00:00,11.0,STOP,0.0406172568796427,0.0033624350588804027,8.123451375928541e-05,7.45096436415246e-05,-0.0033624350588804027,-0.000116715470884506,-0.003634894687165719,-0.08949138780929151,-1.0810304507043886,False,False,False,True,2025
ETHUSDT,LONG,1d,2025-08-04 00:00:00+00:00,3495.01,3100.7540000000004,3889.266,4283.522,4677.778,672,2025-08-13 00:00:00+00:00,9.0,TP1+TP2+TP3,0.029520138470319045,0.0033300310192972554,5.904027694063809e-05,7.402541652747574e-05,0.0074925697934188264,-5.0706974426260755e-05,0.0073087971255244525,0.2475868171442714,2.1948135267120863,True,True,True,True,2025
BTCUSDT,LONG,1d,2025-08-04 00:00:00+00:00,114150.9,108331.06999999999,119970.73,125790.56,131610.38999999998,672,2025-08-19 00:00:00+00:00,15.0,TP1+STOP,0.06531566005891905,0.0033300310192972546,0.0001306313201178381,0.00013229633562748672,0.0008325077548243136,-0.0001965980753878811,0.00037298202369110767,0.005710453256610332,0.11200557037748528,True,False,False,True,2025
ETHUSDT,LONG,1d,2025-08-18 00:00:00+00:00,4470.66,4021.89,4919.429999999999,5368.2,5816.969999999999,672,2025-08-25 00:00:00+00:00,7.0,TP1+STOP,0.0336420602163382,0.0033770287526419126,6.728412043267639e-05,6.897263480899735e-05,0.0008442571881604774,-5.7573643995544425e-05,0.0006504267889232594,0.019333738324604176,0.19260327245197967,True,False,False,True,2025
SOLUSDT,LONG,1d,2025-08-18 00:00:00+00:00,190.92,168.98,212.85999999999999,234.79999999999995,256.73999999999995,672,2025-08-26 00:00:00+00:00,8.0,TP1+STOP_GAP,0.029386614833837466,0.003377028752641913,5.8773229667674935e-05,5.9575158555608596e-05,0.0004009644439668298,-4.8492442880526966e-05,0.00023412361286301927,0.007967015397548807,0.06932828530993702,True,False,False,True,2025
BNBUSDT,LONG,1d,2025-08-04 00:00:00+00:00,751.4,677.8199999999999,824.98,898.56,972.14,672,2025-09-01 00:00:00+00:00,28.0,TP1+TP2+MAX_HOLD,0.0340063238366398,0.003330031019297255,6.801264767327959e-05,7.783619392292164e-05,0.0049117731248210245,-6.501088618108347e-05,0.00470091339704374,0.13823644742154648,1.4116725549408804,True,True,False,True,2025
BNBUSDT,LONG,1d,2025-09-01 00:00:00+00:00,858.09,790.111,926.0690000000001,994.048,1062.027,672,2025-09-21 00:00:00+00:00,20.0,TP1+TP2+TP3,0.04248835862096966,0.003365982741547971,8.497671724193932e-05,0.0001001236395789052,0.00757346116848293,-7.124425622476216e-05,0.007317116555437323,0.17221462049668448,2.1738425646449624,True,True,True,True,2025
BTCUSDT,LONG,1d,2025-08-25 00:00:00+00:00,113446.2,107099.27,119793.12999999999,126140.06,132486.99,672,2025-09-22 00:00:00+00:00,28.0,MAX_HOLD,0.06061845136468908,0.0033913966930587862,0.00012123690272937816,0.00012309393598278675,0.0009285166267042884,-0.00026908232394470474,0.00041510346404741876,0.006847807139613288,0.12239897057664065,False,False,False,True,2025
BNBUSDT,LONG,1d,2025-09-22 00:00:00+00:00,1048.25,993.633,1102.867,1157.484,1212.101,672,2025-09-22 00:00:00+00:00,0.0,STOP,0.06559330946915118,0.0034176100961379706,0.00013118661893830237,0.00012435139874602643,-0.0034176100961379706,-7.274278002671485e-06,-0.003680422391824971,-0.05610972249472928,-1.076899437997327,False,False,False,True,2025
BTCUSDT,LONG,1d,2025-09-22 00:00:00+00:00,115183.9,110998.73999999999,119369.06,123554.21999999999,127739.37999999999,672,2025-09-24 00:00:00+00:00,2.0,STOP,0.09405940502932887,0.0034176100961379706,0.00018811881005865774,0.0001812835898663818,-0.0034176100961379706,-4.7620206828858485e-05,-0.003834632702891869,-0.040768200709925644,-1.1220217037704652,False,False,False,True,2025
ETHUSDT,LONG,1d,2025-09-01 00:00:00+00:00,4389.58,3847.958,4931.202,5472.824,6014.446,672,2025-09-25 00:00:00+00:00,24.0,STOP,0.02727963510094521,0.003365982741547971,5.455927020189042e-05,4.7827304718794476e-05,-0.003365982741547971,-6.307845055295404e-05,-0.00353144776702161,-0.1294536291982604,-1.0491580136259235,False,False,False,True,2025
SOLUSDT,LONG,1d,2025-09-01 00:00:00+00:00,200.57,171.65699999999998,229.483,258.396,287.30899999999997,672,2025-09-25 00:00:00+00:00,24.0,TP1+STOP,0.023349882698864743,0.0033659827415479715,4.6699765397729485e-05,4.8382756768503466e-05,0.0008414956853869929,-6.643818707895189e-05,0.0006799749761418081,0.02912113028194647,0.202013803501885,True,False,False,True,2025
BTCUSDT,LONG,1d,2025-09-29 00:00:00+00:00,112119.7,107691.43,116547.97,120976.23999999999,125404.51,672,2025-10-05 00:00:00+00:00,6.0,TP1+TP2+TP3,0.08525556122245766,0.003367246292084022,0.00017051112244491533,0.00018566373075929338,0.00757630415718904,-8.679936969204903e-05,0.007133329934292783,0.08366996629908703,2.1184461472457055,True,True,True,True,2025
BNBUSDT,LONG,1d,2025-09-29 00:00:00+00:00,993.1,914.555,1071.645,1150.19,1228.7350000000001,672,2025-10-06 00:00:00+00:00,7.0,TP1+TP2+TP3,0.042574476958032195,0.003367246292084022,8.514895391606439e-05,0.00010030156223044247,0.007576304157189044,-3.307719394055336e-05,0.007357776447101984,0.17282129982136749,2.1851019524170843,True,True,True,True,2025
ETHUSDT,LONG,1d,2025-09-29 00:00:00+00:00,4139.54,3797.0389999999998,4482.041,4824.542,5167.043,672,2025-10-10 00:00:00+00:00,11.0,TP1+STOP,0.04069725552898673,0.003367246292084022,8.139451105797346e-05,8.307813420401547e-05,0.0008418115730210055,-4.769616115699736e-05,0.0006296427666020192,0.015471381507619215,0.18699041055661156,True,False,False,True,2025
SOLUSDT,LONG,1d,2025-09-29 00:00:00+00:00,210.7,187.082,234.31799999999998,257.936,281.554,672,2025-10-10 00:00:00+00:00,11.0,TP1+STOP,0.030039749078757876,0.0033672462920840223,6.007949815751575e-05,6.176312130355777e-05,0.0008418115730210056,-3.821105790262312e-06,0.0007161478477696698,0.023840007647603228,0.21268056615081718,True,False,False,True,2025
BTCUSDT,LONG,1d,2025-10-06 00:00:00+00:00,123426.7,118225.42,128627.98,133829.26,139030.54,672,2025-10-10 00:00:00+00:00,4.0,STOP,0.08151368693837868,0.003435038849769541,0.00016302737387675738,0.00015615729617721828,-0.003435038849769541,-6.433939327045573e-05,-0.003818562913093972,-0.04684566551358012,-1.1116505751747647,False,False,False,True,2025
BNBUSDT,LONG,1d,2025-10-13 00:00:00+00:00,1302.92,1115.93,1489.91,1676.9,1863.8900000000003,672,2025-10-17 00:00:00+00:00,4.0,STOP,0.02375559541329804,0.003409310461373377,4.751119082659608e-05,4.069256990384933e-05,-0.003409310461373377,2.460709456382903e-05,-0.0034729071275399937,-0.1461932259376631,-1.0186538207321247,False,False,False,True,2025
SOLUSDT,LONG,1d,2025-10-13 00:00:00+00:00,196.88,163.16699999999997,230.59300000000002,264.30600000000004,298.019,672,2025-10-20 00:00:00+00:00,7.0,SIGNAL_INVALID,0.01990997667473052,0.0034093104613733775,3.981995334946104e-05,3.7979433360228545e-05,-0.0009202599946162516,1.9090038449255714e-05,-0.0009789693428766855,-0.04916978853717998,-0.28714584780944996,False,False,False,True,2025
ETHUSDT,LONG,1d,2025-10-13 00:00:00+00:00,4150.0,3660.624,4639.376,5128.752,5618.128000000001,672,2025-11-03 00:00:00+00:00,21.0,STOP,0.028911590300095442,0.0034093104613733766,5.782318060019089e-05,5.1004559677444135e-05,-0.0034093104613733766,-6.321305746870729e-05,-0.0035813512591197187,-0.12387251001920487,-1.0504620508151197,False,False,False,True,2025
SOLUSDT,LONG,1d,2025-10-27 00:00:00+00:00,199.92,165.474,234.36599999999999,268.812,303.25800000000004,672,2025-11-03 00:00:00+00:00,7.0,STOP,0.01970437266464364,0.003395042120879926,3.940874532928728e-05,3.2618661087527424e-05,-0.003395042120879926,8.567050588837404e-06,-0.003458502476707903,-0.1755195425690276,-1.0186920673053474,False,False,False,True,2025
BNBUSDT,LONG,1d,2025-10-20 00:00:00+00:00,1109.07,883.9839999999999,1334.156,1559.242,1784.328,672,2025-11-04 00:00:00+00:00,15.0,STOP,0.01670034738601027,0.0033893391686074894,3.340069477202054e-05,2.6622016434805563e-05,-0.0033893391686074894,5.0477731686366326e-05,-0.003398884148127949,-0.20352176332422664,-1.002816177150067,False,False,False,True,2025
BNBUSDT,LONG,1d,2025-11-10 00:00:00+00:00,996.11,885.3199999999999,1106.9,1217.69,1328.48,672,2025-11-18 00:00:00+00:00,8.0,STOP,0.03018443748671147,0.003357193311133074,6.036887497342294e-05,5.365448835115679e-05,-0.003357193311133074,5.271305159102598e-06,-0.0034659453692985507,-0.11482557429882248,-1.0323937432511958,False,False,False,True,2025
SOLUSDT,SHORT,1d,2025-11-10 00:00:00+00:00,164.46,188.86,140.06,115.66,91.25999999999999,672,2025-12-08 00:00:00+00:00,28.0,TP1+MAX_HOLD,0.022628033276596116,0.0033571933111330742,4.525606655319223e-05,3.691330358513674e-05,0.004171381484027747,3.982094934613216e-06,0.0040931942088240315,0.18089040964322647,1.2192310151608614,True,False,False,True,2025
BTCUSDT,SHORT,1d,2025-11-17 00:00:00+00:00,94221.7,102654.53,85788.87,77356.04,68923.20999999999,672,2025-12-09 00:00:00+00:00,22.0,TP1+STOP,0.037567466837154964,0.003362283437555951,7.513493367430993e-05,7.345379195553196e-05,0.0008405708593889877,6.984055559654083e-05,0.0007618226893556866,0.020278787831449655,0.22657896144218487,True,False,False,True,2025
BNBUSDT,LONG,1d,2025-12-01 00:00:00+00:00,875.21,788.4060000000001,962.014,1048.818,1135.622,672,2025-12-15 00:00:00+00:00,14.0,SIGNAL_INVALID,0.03393698399604415,0.0033658961378327658,6.787396799208829e-05,6.805931640389928e-05,9.267420590549131e-05,-1.4990417076883823e-05,-5.824949556738008e-05,-0.0017164016570880285,-0.01730579114211343,False,False,False,True,2025
SOLUSDT,SHORT,1d,2025-12-08 00:00:00+00:00,132.17,150.148,114.19199999999998,96.21399999999998,78.23599999999999,672,2025-12-31 00:00:00+00:00,23.0,END_OF_FOLD,0.024765776143619266,0.003368685204736229,4.953155228723853e-05,4.669089883836763e-05,0.0014203267244354517,4.283685120955196e-05,0.0013669411245193974,0.05519476218279477,0.4057788251029024,False,False,False,True,2025
BTCUSDT,SHORT,1d,2025-12-15 00:00:00+00:00,88118.8,94708.4,81529.20000000001,74939.6,68350.0,672,2025-12-31 00:00:00+00:00,16.0,END_OF_FOLD,0.04497884760587492,0.0033635570863842106,8.995769521174984e-05,8.943643982498652e-05,0.00026062769338166197,0.00013057619361433117,0.00021180975195925683,0.004709096902953807,0.06297195097911959,False,False,False,True,2025
BTCUSDT,SHORT,1d,2026-01-05 00:00:00+00:00,91497.2,96237.45999999999,86756.94,82016.68,77276.42,672,2026-01-13 00:00:00+00:00,8.0,STOP,0.06755751794205388,0.0035,0.00013511503588410775,0.00014211503588410776,-0.0035,9.155678573200636e-05,-0.003685673286036209,-0.05455607900215521,-1.0530495102960598,False,False,False,True,2026
SOLUSDT,SHORT,1d,2026-01-05 00:00:00+00:00,134.05,144.949,123.15100000000001,112.25200000000001,101.35300000000001,672,2026-01-13 00:00:00+00:00,8.0,STOP,0.043047527296082216,0.0035000000000000005,8.609505459216443e-05,9.309505459216444e-05,-0.0035000000000000005,5.513635578034683e-05,-0.0036240537534039828,-0.08418726884073108,-1.035443929543995,False,False,False,True,2026
ETHUSDT,SHORT,1d,2026-01-12 00:00:00+00:00,3122.0,3307.379,2936.621,2751.242,2565.8630000000003,672,2026-01-13 00:00:00+00:00,1.0,STOP,0.05885482541210637,0.0034946984881713203,0.00011770965082421274,0.0001246990478005554,-0.0034946984881713203,2.2110118003016196e-05,-0.003714997068793072,-0.06312136758167838,-1.0630379362818874,False,False,False,True,2026
ETHUSDT,SHORT,1d,2026-01-19 00:00:00+00:00,3282.77,3489.816,3075.724,2868.678,2661.6319999999996,672,2026-01-30 00:00:00+00:00,11.0,TP1+TP2+TP3,0.05488164119344138,0.0034614134656211844,0.00010976328238688277,9.418692179158742e-05,0.007788180297647675,3.324047152285722e-05,0.007617470564992062,0.13879815543676535,2.2006820741436717,True,True,True,True,2026
BTCUSDT,SHORT,1d,2026-01-19 00:00:00+00:00,93614.0,98126.6,89101.4,84588.8,80076.2,672,2026-01-31 00:00:00+00:00,12.0,TP1+TP2+TP3,0.07180710902155323,0.003461413465621184,0.00014361421804310646,0.00012803785744781114,0.007788180297647656,0.00010353347588485787,0.007620061698041597,0.10611848606458173,2.201430650722364,True,True,True,True,2026
SOLUSDT,SHORT,1d,2026-01-19 00:00:00+00:00,137.79,148.75199999999998,126.828,115.86600000000001,104.90400000000001,672,2026-01-31 00:00:00+00:00,12.0,TP1+TP2+TP3,0.04350922837328438,0.0034614134656211835,8.701845674656876e-05,7.144209615127342e-05,0.007788180297647666,-9.931757936513783e-06,0.00761978798681331,0.175130386626025,2.201351575734356,True,True,True,True,2026
BTCUSDT,SHORT,1d,2026-02-02 00:00:00+00:00,76931.6,83234.61000000002,70628.59,64325.58,58022.57,672,2026-02-06 00:00:00+00:00,4.0,TP1+TP2+STOP,0.04322484843537427,0.00354141408649565,8.644969687074854e-05,7.759616165450942e-05,0.00442676760811956,-4.721325071291463e-06,0.004258000424523011,0.09850816321286061,1.2023446907154671,True,True,False,True,2026
SOLUSDT,SHORT,1d,2026-02-02 00:00:00+00:00,100.73,115.39,86.07000000000001,71.41000000000001,56.750000000000014,672,2026-02-07 00:00:00+00:00,5.0,TP1+TP2+STOP_GAP,0.02433333157794726,0.0035414140864956493,4.866666315589452e-05,4.013683154647014e-05,0.0042649158047121894,-5.685612187217232e-05,0.004119256188137652,0.16928451309441078,1.163167053478854,True,True,False,True,2026
ETHUSDT,SHORT,1d,2026-02-02 00:00:00+00:00,2269.03,2607.239,1930.8210000000001,1592.612,1254.4030000000002,672,2026-03-02 00:00:00+00:00,28.0,TP1+MAX_HOLD,0.023759198615889075,0.0035414140864956493,4.751839723177815e-05,4.055743674369671e-05,0.0034804802440407223,-4.8032435766511034e-05,0.0033443719742987364,0.14076114385702268,0.944360612065026,True,False,False,True,2026
ETHUSDT,SHORT,1d,2026-03-02 00:00:00+00:00,1938.58,2175.166,1701.994,1465.408,1228.8219999999997,672,2026-03-04 00:00:00+00:00,2.0,STOP,0.02944245695942293,0.003593183217717113,5.8884913918845856e-05,6.607128035428009e-05,-0.003593183217717113,-8.261936774058858e-06,-0.0037264013487642977,-0.12656557005075894,-1.0370752402466756,False,False,False,True,2026
BTCUSDT,SHORT,1d,2026-02-09 00:00:00+00:00,70288.2,79551.5,61024.899999999994,51761.59999999999,42498.299999999996,672,2026-03-09 00:00:00+00:00,28.0,MAX_HOLD,0.027153170873215386,0.0035785233901260267,5.4306341746430774e-05,5.0942414638754315e-05,0.0016819635538382306,7.182518424103921e-07,0.001577433049295456,0.05809387996197078,0.44080557183109614,False,False,False,True,2026
SOLUSDT,SHORT,1d,2026-02-09 00:00:00+00:00,86.91,104.82,69.0,51.08999999999999,33.179999999999986,672,2026-03-09 00:00:00+00:00,28.0,MAX_HOLD,0.017365129415737188,0.003578523390126027,3.4730258831474375e-05,3.2596331985771086e-05,0.0010669634228516471,-9.336486976788752e-05,0.0009062719622665141,0.05218918561270284,0.2532530497822448,False,False,False,True,2026
BNBUSDT,SHORT,1d,2026-02-09 00:00:00+00:00,639.85,730.107,549.5930000000001,459.33600000000007,369.07900000000006,672,2026-03-09 00:00:00+00:00,28.0,MAX_HOLD,0.025368871014681847,0.0035785233901260267,5.0737742029363693e-05,4.8506343950585406e-05,0.0011156990393891488,-1.7196874483519926e-06,0.0010147352659608476,0.03999922839978118,0.2835625634754091,False,False,False,True,2026
BTCUSDT,SHORT,1d,2026-03-09 00:00:00+00:00,65934.3,72215.71,59652.89,53371.48,47090.07,672,2026-03-13 00:00:00+00:00,4.0,STOP,0.03759554829735934,0.0035816419228006675,7.519109659471868e-05,8.235438044032003e-05,-0.0035816419228006675,-2.192684848598076e-05,-0.0037611142483216873,-0.10004147880949679,-1.0501089526505993,False,False,False,True,2026
ETHUSDT,SHORT,1d,2026-03-09 00:00:00+00:00,1935.98,2178.236,1693.7240000000002,1451.468,1209.2120000000002,672,2026-03-13 00:00:00+00:00,4.0,STOP,0.028622560967338846,0.003581641922800667,5.724512193467769e-05,6.440840578027903e-05,-0.003581641922800667,-8.391525797201357e-07,-0.0037041346030953436,-0.129413109026901,-1.034200147009362,False,False,False,True,2026
SOLUSDT,SHORT,1d,2026-03-09 00:00:00+00:00,81.57,93.077,70.06299999999999,58.55599999999999,47.04899999999999,672,2026-03-13 00:00:00+00:00,4.0,STOP,0.025389287533053816,0.003581641922800667,5.0778575066107635e-05,5.7941858911708975e-05,-0.003581641922800667,-5.369138621239346e-06,-0.003695731495399723,-0.1455626311131544,-1.031853986260537,False,False,False,True,2026
BNBUSDT,SHORT,1d,2026-03-09 00:00:00+00:00,611.71,664.2710000000001,559.149,506.588,454.027,672,2026-03-13 00:00:00+00:00,4.0,STOP,0.04168349499812399,0.003581641922800668,8.336698999624797e-05,9.053027384184932e-05,-0.003581641922800668,0.0,-0.0037555391866387652,-0.09009655228784888,-1.0485523867506326,False,False,False,True,2026
BTCUSDT,SHORT,1d,2026-03-16 00:00:00+00:00,72778.8,79372.44,66185.16,59591.52,52997.88,672,2026-04-08 00:00:00+00:00,23.0,TP1+STOP,0.03895693104260318,0.003529434104433571,7.791386208520636e-05,7.614914503298957e-05,0.0008823585261083927,5.327199246059913e-06,0.0007336227182362567,0.0188316353111586,0.2078584545082458,True,False,False,True,2026
ETHUSDT,SHORT,1d,2026-03-16 00:00:00+00:00,2177.73,2434.201,1921.259,1664.7880000000002,1408.3170000000005,672,2026-04-13 00:00:00+00:00,28.0,MAX_HOLD,0.029968903042636875,0.0035294341044335717,5.993780608527375e-05,6.029230317278154e-05,-0.0001772485437538934,-7.3454431479840235e-06,-0.00030482409615993264,-0.01017134646958076,-0.08636628058221049,False,False,False,True,2026
SOLUSDT,SHORT,1d,2026-03-16 00:00:00+00:00,92.28,104.013,80.547,68.814,57.081,672,2026-04-13 00:00:00+00:00,28.0,TP1+MAX_HOLD,0.027758985694803534,0.0035294341044335713,5.551797138960707e-05,4.8880090398770676e-05,0.0033189404954181954,-9.069186618598867e-05,0.003123850567443829,0.11253475187418725,0.8850853918818713,True,False,False,True,2026
BNBUSDT,SHORT,1d,2026-03-16 00:00:00+00:00,674.12,726.04,622.2,570.2800000000001,518.3600000000001,672,2026-04-13 00:00:00+00:00,28.0,TP1+MAX_HOLD,0.045825541573204176,0.0035294341044335713,9.165108314640836e-05,8.155460394068808e-05,0.005048239602860138,3.0746249275454016e-06,0.004878108540700587,0.1064495557113719,1.382122004933553,True,False,False,True,2026
ETHUSDT,SHORT,1d,2026-04-13 00:00:00+00:00,2190.61,2386.0930000000003,1995.1270000000002,1799.6440000000002,1604.161,672,2026-04-13 00:00:00+00:00,0.0,STOP,0.03988200202157278,0.0035589417564893424,7.976400404314556e-05,8.688188755612426e-05,-0.0035589417564893424,2.1804560884012917e-06,-0.0037234071920002106,-0.09336058881863964,-1.0462118929625592,False,False,False,True,2026
BTCUSDT,SHORT,1d,2026-04-13 00:00:00+00:00,70711.2,75401.54,66020.86,61330.520000000004,56640.18,672,2026-04-14 00:00:00+00:00,1.0,STOP,0.05365432832832361,0.0035589417564893424,0.00010730865665664723,0.00011442654016962591,-0.0035589417564893424,-7.986963155655655e-06,-0.0037886639164712715,-0.07061245633879777,-1.0645478840902793,False,False,False,True,2026
SOLUSDT,SHORT,1d,2026-04-13 00:00:00+00:00,81.48,89.79400000000001,73.166,64.852,56.538,672,2026-04-16 00:00:00+00:00,3.0,STOP,0.034878827798743246,0.003558941756489342,6.97576555974865e-05,7.687553911046517e-05,-0.003558941756489342,2.1839364756133235e-05,-0.0036837355864411604,-0.10561523476926861,-1.0350648699783498,False,False,False,True,2026
BNBUSDT,SHORT,1d,2026-04-13 00:00:00+00:00,592.41,629.161,555.659,518.908,482.157,672,2026-04-16 00:00:00+00:00,3.0,STOP,0.057368580064810555,0.003558941756489343,0.0001147371601296211,0.0001218550436425998,-0.003558941756489343,2.6113175232674798e-05,-0.003769420785028889,-0.06570531780236658,-1.059140902813529,False,False,False,True,2026
BTCUSDT,SHORT,1d,2026-04-20 00:00:00+00:00,73758.4,78658.20999999999,68858.59,63958.78,59058.969999999994,672,2026-04-22 00:00:00+00:00,2.0,STOP,0.05278541623673076,0.0035065634603095464,0.00010557083247346152,0.00011258395939408063,-0.0035065634603095464,-1.6091488355537096e-05,-0.0037408097405326256,-0.07086824367844202,-1.0668022361136453,False,False,False,True,2026
BNBUSDT,SHORT,1d,2026-04-20 00:00:00+00:00,616.39,654.145,578.635,540.88,503.125,672,2026-04-22 00:00:00+00:00,2.0,STOP,0.05724832873262353,0.0035065634603095464,0.00011449665746524706,0.00012150978438586616,-0.0035065634603095464,1.4365147508142298e-05,-0.0037282047546525177,-0.06512338154123201,-1.0632075525943585,False,False,False,True,2026
SOLUSDT,SHORT,1d,2026-04-20 00:00:00+00:00,83.42,91.891,74.949,66.478,58.007,672,2026-05-08 00:00:00+00:00,18.0,STOP,0.034531640167515316,0.0035065634603095464,6.906328033503063e-05,7.607640725564973e-05,-0.0035065634603095464,4.485412367131965e-05,-0.003606849024228907,-0.10445055626468477,-1.0285993865659309,False,False,False,True,2026
ETHUSDT,SHORT,1d,2026-04-20 00:00:00+00:00,2262.21,2478.212,2046.208,1830.2060000000001,1614.2040000000002,672,2026-05-11 00:00:00+00:00,21.0,SIGNAL_INVALID,0.03672458090919001,0.003506563460309546,7.344916181838002e-05,7.695569281081e-05,-0.0017532654962149935,-3.469061174657872e-05,-0.0019383609625907624,-0.05278102335282754,-0.5527808022101649,False,False,False,True,2026
BTCUSDT,SHORT,1d,2026-04-27 00:00:00+00:00,78614.4,83560.04,73668.76,68723.12,63777.48,672,2026-05-11 00:00:00+00:00,14.0,SIGNAL_INVALID,0.055140140097480785,0.0034688718920669096,0.00011028028019496157,0.00011527887742929405,-0.0024992986171662374,-4.2995767182122765e-05,-0.002767853541972616,-0.05019670855169032,-0.7979117211859341,False,False,False,True,2026
BNBUSDT,SHORT,1d,2026-04-27 00:00:00+00:00,636.18,670.838,601.5219999999999,566.8639999999999,532.2059999999999,672,2026-05-11 00:00:00+00:00,14.0,SIGNAL_INVALID,0.06367438745152995,0.003468871892066909,0.0001273487749030599,0.00013294372956768397,-0.002797477332312027,8.856270025055994e-05,-0.002969207136532211,-0.04663110640510555,-0.8559575645680662,False,False,False,True,2026
SOLUSDT,SHORT,1d,2026-05-18 00:00:00+00:00,85.18,91.923,78.43700000000001,71.69400000000002,64.95100000000002,672,2026-05-25 00:00:00+00:00,7.0,SIGNAL_INVALID,0.04346711477150596,0.0034409339622477626,8.693422954301192e-05,8.697505331833147e-05,-2.0411887659778026e-05,-1.8021076478538972e-05,-0.00021234224699966038,-0.004885124032636676,-0.06171064290375091,False,False,False,True,2026
ETHUSDT,SHORT,1d,2026-06-01 00:00:00+00:00,2006.3,2156.149,1856.451,1706.6020000000003,1556.7530000000004,672,2026-06-05 00:00:00+00:00,4.0,TP1+TP2+TP3,0.04606006533631952,0.0034401907643832634,9.212013067263904e-05,7.663927223291436e-05,0.0077404292198623385,3.0115508065039332e-05,0.007601785325021825,0.16504069782609768,2.209698777092272,True,True,True,True,2026
SOLUSDT,SHORT,1d,2026-06-01 00:00:00+00:00,82.4,89.123,75.677,68.95400000000001,62.231000000000016,672,2026-06-05 00:00:00+00:00,4.0,TP1+TP2+TP3,0.0421644680923964,0.003440190764383264,8.43289361847928e-05,6.88480777450681e-05,0.007740429219862341,-1.9220779726203253e-05,0.007568031426206277,0.17948836469660184,2.1998871413059637,True,True,True,True,2026
SOLUSDT,SHORT,1d,2026-06-08 00:00:00+00:00,66.46,74.50399999999999,58.416,50.372,42.328,672,2026-06-15 00:00:00+00:00,7.0,STOP,0.028861726662781563,0.003493285123012561,5.7723453325563126e-05,6.471002357158825e-05,-0.003493285123012561,-4.715035360406012e-05,-0.003662868953513773,-0.12691094321245858,-1.048545659609647,False,False,False,True,2026
SOLUSDT,SHORT,1d,2026-06-22 00:00:00+00:00,72.42,81.334,63.50600000000001,54.59200000000001,45.67800000000001,672,2026-07-02 00:00:00+00:00,10.0,STOP,0.02829498390313233,0.0034827601009737867,5.658996780626466e-05,6.355548800821223e-05,-0.0034827601009737867,9.893189722858876e-06,-0.0035930123670654046,-0.12698407531759184,-1.031656577798968,False,False,False,True,2026
BTCUSDT,SHORT,1d,2026-06-08 00:00:00+00:00,63299.0,68152.16,58445.84,53592.67999999999,48739.52,672,2026-07-04 00:00:00+00:00,26.0,TP1+STOP,0.045562366582097426,0.003493285123012561,9.112473316419486e-05,8.937809060268856e-05,0.0008733212807531403,7.865311999650136e-05,0.0007714715769827583,0.01693221039325662,0.2208441480772837,True,False,False,True,2026
ETHUSDT,SHORT,1d,2026-06-08 00:00:00+00:00,1689.66,1873.7930000000001,1505.527,1321.3940000000002,1137.2610000000004,672,2026-07-06 00:00:00+00:00,28.0,MAX_HOLD,0.03205543895417662,0.003493285123012561,6.411087790835324e-05,6.773102566662175e-05,-0.0018100738791342556,3.2306625067241584e-05,-0.001909609157641989,-0.059572079495519716,-0.5466513869887518,False,False,False,True,2026
BNBUSDT,SHORT,1d,2026-06-08 00:00:00+00:00,604.82,666.143,543.4970000000001,482.174,420.851,672,2026-07-06 00:00:00+00:00,28.0,TP1+MAX_HOLD,0.03445377277857342,0.0034932851230125607,6.890754555714684e-05,6.592105252025012e-05,0.0014932465184483686,5.2009314063567575e-05,0.0014104272344345394,0.04093680084033279,0.4037538262030574,True,False,False,True,2026
ETHUSDT,SHORT,1d,2026-07-06 00:00:00+00:00,1785.07,1944.032,1626.108,1467.1459999999997,1308.1839999999997,672,2026-07-15 00:00:00+00:00,9.0,STOP,0.038953503193327445,0.003468842552178748,7.790700638665489e-05,8.484469149101239e-05,-0.003468842552178748,4.7757792559829354e-05,-0.0035838364574965857,-0.09200293076876537,-1.0331505116153545,False,False,False,True,2026
BTCUSDT,SHORT,1d,2026-07-06 00:00:00+00:00,63617.2,67946.43,59287.97,54958.74,50629.509999999995,672,2026-08-03 00:00:00+00:00,28.0,MAX_HOLD,0.05097397237163792,0.0034688425521787482,0.00010194794474327584,0.00010184025528371542,5.384472978021542e-05,0.0002488017228573529,9.885825261057706e-05,0.0019393868676709628,0.028498916028484804,False,False,False,True,2026
BNBUSDT,SHORT,1d,2026-07-06 00:00:00+00:00,590.31,629.108,551.512,512.7139999999999,473.91599999999994,672,2026-08-03 00:00:00+00:00,28.0,MAX_HOLD,0.052778299061205125,0.003468842552178748,0.00010555659812241025,0.00010529731559750386,0.00012964126245319213,0.0002379795611813075,0.0001567669099145855,0.0029702910609678505,0.04519285829681766,False,False,False,True,2026
SOLUSDT,SHORT,1d,2026-07-13 00:00:00+00:00,76.86,84.89200000000001,68.82799999999999,60.79599999999999,52.76399999999998,672,2026-08-10 00:00:00+00:00,28.0,MAX_HOLD,0.03321969107958431,0.0034715139051681174,6.643938215916861e-05,6.58947970595033e-05,0.0002722925498326563,7.1547475642169e-05,0.00021150584625615333,0.006366881791569026,0.06092611236304715,False,False,False,True,2026
BNBUSDT,SHORT,1d,2026-08-03 00:00:00+00:00,588.86,613.886,563.8340000000001,538.8080000000001,513.7820000000002,672,2026-08-11 00:00:00+00:00,8.0,STOP,0.08143175777906934,0.0034607736476904285,0.0001628635155581387,0.00016978506285351955,-0.0034607736476904285,0.00011695793489117324,-0.003676464291210914,-0.04514779480980192,-1.0623244006912813,False,False,False,True,2026
ETHUSDT,SHORT,1d,2026-07-20 00:00:00+00:00,1871.49,2015.844,1727.136,1582.7820000000002,1438.428,672,2026-08-17 00:00:00+00:00,28.0,MAX_HOLD,0.044856659151313115,0.0034599373628118,8.971331830262623e-05,8.98916433506285e-05,-8.9162524001136e-05,0.00012423267600764775,-0.00014453480964674297,-0.0032221483360851655,-0.04177382261315949,False,False,False,True,2026
BTCUSDT,SHORT,1d,2026-08-03 00:00:00+00:00,63550.0,66661.02,60438.979999999996,57327.96,54216.94,672,2026-08-19 00:00:00+00:00,16.0,STOP,0.07069455204747202,0.003460773647690428,0.00014138910409494405,0.0001483106513903249,-0.003460773647690428,0.00019572393004035202,-0.003554749473135345,-0.05028321660130612,-1.0271545714952008,False,False,False,True,2026
SOLUSDT,SHORT,1d,2026-08-10 00:00:00+00:00,76.23,80.859,71.60100000000001,66.97200000000001,62.34300000000002,672,2026-08-19 00:00:00+00:00,9.0,STOP,0.05668982124771831,0.0034424397554202743,0.00011337964249543663,0.00012026452200627718,-0.0034424397554202743,3.0690794994906636e-05,-0.0036453931249270815,-0.06430419155844143,-1.058956258911212,False,False,False,True,2026
ETHUSDT,SHORT,1d,2026-08-17 00:00:00+00:00,1875.21,1968.5040000000001,1781.916,1688.6219999999998,1595.328,672,2026-08-19 00:00:00+00:00,2.0,STOP,0.06936887383732032,0.0034511866488441127,0.00013873774767464065,0.00014564012097232888,-0.0034511866488441127,3.27947767615551e-05,-0.003702769740729527,-0.053377971068307065,-1.0728975617617424,False,False,False,True,2026
BNBUSDT,SHORT,1d,2026-08-17 00:00:00+00:00,603.31,628.846,577.7739999999999,552.2379999999999,526.7019999999999,672,2026-08-19 00:00:00+00:00,2.0,STOP,0.08153725787571023,0.003451186648844112,0.00016307451575142047,0.00016997688904910868,-0.003451186648844112,1.2961516334238322e-05,-0.0037712765373104024,-0.04625218747310679,-1.0927477766447367,False,False,False,True,2026
SOLUSDT,LONG,1d,2026-08-24 00:00:00+00:00,95.45,87.946,102.95400000000001,110.45800000000001,117.96200000000002,672,2026-08-26 00:00:00+00:00,2.0,TP1+STOP,0.043161117845053165,0.003393200925188886,8.632223569010634e-05,8.801883615270079e-05,0.0008483002312972215,-3.169919944529725e-05,0.0006422599600091171,0.01488052191592458,0.189278493720016,True,False,False,True,2026
BNBUSDT,LONG,1d,2026-08-24 00:00:00+00:00,702.93,668.357,737.5029999999999,772.076,806.649,672,2026-08-31 00:00:00+00:00,7.0,SIGNAL_INVALID,0.06898975288065903,0.003393200925188886,0.00013797950576131807,0.00013446391680056066,-0.0017577944803787023,-2.8938026350280552e-05,-0.0020591759292908616,-0.029847562040885962,-0.6068535211118498,False,False,False,True,2026
BTCUSDT,LONG,1d,2026-08-24 00:00:00+00:00,77719.0,73911.28,81526.72,85334.44,89142.16,672,2026-08-31 00:00:00+00:00,7.0,END_OF_FOLD,0.06925829176114708,0.003393200925188886,0.00013851658352229416,0.0001399969406328285,0.0007401785552671697,-0.0001418556739241136,0.0003198093571879335,0.004617632763610003,0.09425005009690988,False,False,False,True,2026
ETHUSDT,LONG,1d,2026-08-24 00:00:00+00:00,2462.59,2297.447,2627.733,2792.876,2958.0190000000002,672,2026-08-31 00:00:00+00:00,7.0,END_OF_FOLD,0.05059895161381892,0.0033932009251888863,0.00010119790322763785,0.00010135981395525263,8.095536380739357e-05,-6.755619613586982e-05,-0.00018915854951136673,-0.0037383887111942893,-0.05574634502400915,False,False,False,True,2026
SOLUSDT,LONG,1d,2026-08-31 00:00:00+00:00,101.7,90.656,112.744,123.78800000000001,134.83200000000002,672,2026-08-31 00:00:00+00:00,0.0,END_OF_FOLD,0.031153830087602197,0.003383116022492415,6.230766017520439e-05,6.310411994145577e-05,0.00039822988312569096,5.69798651011375e-06,0.00027851608951914457,0.00894002723697146,0.08232531419775421,False,False,False,True,2026
