date,return,equity,cash,gross_exposure,open_positions,fold_year
2021-01-01 00:00:00+00:00,0.0,1.0,1.0,0.0,0,2021
2021-01-02 00:00:00+00:00,0.0,1.0,1.0,0.0,0,2021
2021-01-03 00:00:00+00:00,0.0,1.0,1.0,0.0,0,2021
2021-01-04 00:00:00+00:00,-0.0021731632718160476,0.997826836728184,0.9965616051156173,0.04968047913859341,2,2021
2021-01-05 00:00:00+00:00,-0.0011040837760954991,0.9967251523063997,0.996400008202085,0.027380225135914933,1,2021
2021-01-06 00:00:00+00:00,0.0001364158662620074,0.9968611214314766,0.9962167093211179,0.027696763853298882,1,2021
2021-01-07 00:00:00+00:00,0.0007028118718159782,0.9975617272621704,0.996080297598134,0.028516375329046537,1,2021
2021-01-08 00:00:00+00:00,-0.0008314851374950916,0.9967322695122179,0.996018650022226,0.02776977860664747,1,2021
2021-01-09 00:00:00+00:00,0.0009723423082417249,0.9977014344678544,0.9959999775685688,0.02873291635492057,1,2021
2021-01-10 00:00:00+00:00,-0.0010516610552766537,0.9966521907244309,0.9959353067353997,0.027775285311291593,1,2021
2021-01-11 00:00:00+00:00,-0.011531626196269129,0.985159170213304,0.985159170213304,0.0,0,2021
2021-01-12 00:00:00+00:00,0.0,0.985159170213304,0.985159170213304,0.0,0,2021
2021-01-13 00:00:00+00:00,0.0,0.985159170213304,0.985159170213304,0.0,0,2021
2021-01-14 00:00:00+00:00,0.0,0.985159170213304,0.985159170213304,0.0,0,2021
2021-01-15 00:00:00+00:00,0.0,0.985159170213304,0.985159170213304,0.0,0,2021
2021-01-16 00:00:00+00:00,0.0,0.985159170213304,0.985159170213304,0.0,0,2021
2021-01-17 00:00:00+00:00,0.0,0.985159170213304,0.985159170213304,0.0,0,2021
2021-01-18 00:00:00+00:00,0.00024867799786276734,0.9854041576233289,0.984912723497988,0.05313701027678187,3,2021
2021-01-19 00:00:00+00:00,-0.0008282800269194812,0.984587967041126,0.9846787269629872,0.05258975179111607,3,2021
2021-01-20 00:00:00+00:00,-4.810000339849907e-05,0.9845406083565652,0.9846164204562092,0.0526074640150054,3,2021
2021-01-21 00:00:00+00:00,-0.007162009928842861,0.9774893187441664,0.981089551741996,0.026881341991244635,2,2021
2021-01-22 00:00:00+00:00,0.0023735988674384867,0.9798094862840708,0.9810785917163293,0.029196851669619158,2,2021
2021-01-23 00:00:00+00:00,-0.00040781168406367474,0.9794099085274077,0.9810649946273139,0.028814668222324057,2,2021
2021-01-24 00:00:00+00:00,0.0018719686166541738,0.9812433331390112,0.9810166957955221,0.030678521824927144,2,2021
2021-01-25 00:00:00+00:00,-0.0010224151951135907,0.980240095045106,0.9808917573421823,0.049561901306061966,3,2021
2021-01-26 00:00:00+00:00,0.0006606096267409711,0.9808876510884103,0.9808554193477772,0.05022640139256796,3,2021
2021-01-27 00:00:00+00:00,-0.002925688821363015,0.9780178790526078,0.9808340702500419,0.0474613347472513,3,2021
2021-01-28 00:00:00+00:00,0.0031333695500672665,0.9810823704942526,0.9808093088838752,0.05046190640382534,3,2021
2021-01-29 00:00:00+00:00,0.0010689723458150446,0.9821311204172777,0.9806917489191501,0.05159555133589947,3,2021
2021-01-30 00:00:00+00:00,0.0008339183226240277,0.9829501375538129,0.9806487474565878,0.052429531542082214,3,2021
2021-01-31 00:00:00+00:00,-0.0015459624173462805,0.9814305335830293,0.9805891128145192,0.051023117988432086,3,2021
2021-02-01 00:00:00+00:00,0.004020601608169194,0.9853764747646597,0.9814466680636664,0.04904175329276031,3,2021
2021-02-02 00:00:00+00:00,0.002269752300339878,0.9876130352849577,0.9822297600436747,0.04686193585987706,3,2021
2021-02-03 00:00:00+00:00,0.0025856617866721887,0.9901666685703133,0.9821484617248188,0.04940217831079206,3,2021
2021-02-04 00:00:00+00:00,0.0004489802641649554,0.9906112338627354,0.9837768138599899,0.04329969229105935,3,2021
2021-02-05 00:00:00+00:00,0.003456715668388677,0.9940354952361106,0.988788184166347,0.031816941232813443,2,2021
2021-02-06 00:00:00+00:00,-5.1642421405095895e-05,0.9939841608361739,0.988699638309862,0.031856021091089724,2,2021
2021-02-07 00:00:00+00:00,-0.0008508341215328619,0.9931384451958712,0.9886039185736273,0.03112797076508426,2,2021
2021-02-08 00:00:00+00:00,0.008118797733839278,1.0012015353541162,0.9901075575046354,0.0514825997589446,3,2021
2021-02-09 00:00:00+00:00,0.003584086949708132,1.0047899287110067,0.9966953090693897,0.030356557147802648,2,2021
2021-02-10 00:00:00+00:00,-0.0006369673465632664,1.004149910336262,0.998279313840037,0.024678924620404365,2,2021
2021-02-11 00:00:00+00:00,0.00123648457937664,1.0053915262157753,0.9981937054593027,0.025968554064994664,2,2021
2021-02-12 00:00:00+00:00,-1.50252498400949e-05,1.0053764199569069,0.9981061000432728,0.026041055710562217,2,2021
2021-02-13 00:00:00+00:00,-0.00029400275537916354,1.0050808365192463,0.9979988895562023,0.02586129340761295,2,2021
2021-02-14 00:00:00+00:00,0.0002893058822204253,1.0053716123173584,0.9978952436402388,0.02624612810068034,2,2021
2021-02-15 00:00:00+00:00,-0.001860055860877008,1.003501564957508,1.005043743883334,0.06755859109648124,3,2021
2021-02-16 00:00:00+00:00,0.0005250127139972971,1.004028416037627,1.0048391454624912,0.06825165532968024,3,2021
2021-02-17 00:00:00+00:00,0.007266967715334083,1.0113246581222504,1.0054421738414723,0.06920906058235522,3,2021
2021-02-18 00:00:00+00:00,0.0033541660657459005,1.014716808971976,1.0068357934572223,0.06579606705066132,3,2021
2021-02-19 00:00:00+00:00,0.002692895206530155,1.0174493350028422,1.012583510374761,0.04600490113530895,2,2021
2021-02-20 00:00:00+00:00,-0.0007939770252923806,1.016641503606451,1.0123586282222519,0.04546805010333628,2,2021
2021-02-21 00:00:00+00:00,0.0007434353015272066,1.0173973107892296,1.0122350754928164,0.04629859567722183,2,2021
2021-02-22 00:00:00+00:00,-0.00910733917360318,1.0081315284055603,1.008451769211767,0.02198018677393314,1,2021
2021-02-23 00:00:00+00:00,-0.00321921527473068,1.0048861359903796,1.0048861359903796,0.0,0,2021
2021-02-24 00:00:00+00:00,0.0,1.0048861359903796,1.0048861359903796,0.0,0,2021
2021-02-25 00:00:00+00:00,0.0,1.0048861359903796,1.0048861359903796,0.0,0,2021
2021-02-26 00:00:00+00:00,0.0,1.0048861359903796,1.0048861359903796,0.0,0,2021
2021-02-27 00:00:00+00:00,0.0,1.0048861359903796,1.0048861359903796,0.0,0,2021
2021-02-28 00:00:00+00:00,0.0,1.0048861359903796,1.0048861359903796,0.0,0,2021
2021-03-01 00:00:00+00:00,0.004933804562506472,1.0098440477929285,1.0047809876011955,0.045724414138353854,3,2021
2021-03-02 00:00:00+00:00,-0.0019322950007626405,1.0078927311878283,1.0047527155608973,0.04390495290057496,3,2021
2021-03-03 00:00:00+00:00,0.0016245202664544323,1.009530073356055,1.0047176303184584,0.045490383609505476,3,2021
2021-03-04 00:00:00+00:00,-0.001518283946661536,1.0079973200520065,1.0046918102010696,0.04406457857779599,3,2021
2021-03-05 00:00:00+00:00,-0.0001309789486992896,1.0078652936227344,1.004676689536992,0.04395435742331166,3,2021
2021-03-06 00:00:00+00:00,0.0013198558015596884,1.009195530477713,1.00464977161051,0.045241209213731745,3,2021
2021-03-07 00:00:00+00:00,0.002097654479916722,1.0113124740033315,1.0046068500502914,0.047282212418933336,3,2021
2021-03-08 00:00:00+00:00,0.0014418012858909979,1.012770585628787,1.0054306344073571,0.04420004609164626,3,2021
2021-03-09 00:00:00+00:00,0.0030298813545934777,1.0158391603426644,1.0061952572894015,0.04178202345781933,3,2021
2021-03-10 00:00:00+00:00,-0.0009037491467589476,1.0149210965682605,1.0061204758652837,0.04098893344239856,3,2021
2021-03-11 00:00:00+00:00,0.0012693679394442103,1.0162094048693098,1.0068865958520956,0.039515880558993,3,2021
2021-03-12 00:00:00+00:00,-0.001471099753376004,1.0147144594644282,1.0067896121437405,0.038196408268067215,3,2021
2021-03-13 00:00:00+00:00,0.0027067039766672796,1.0174609911270422,1.0067058667646718,0.04087500668190683,3,2021
2021-03-14 00:00:00+00:00,-0.0017423145932294881,1.0156882539941599,1.0065823422274944,0.03932260913536352,3,2021
2021-03-15 00:00:00+00:00,-0.0017695695807506961,1.013890922956366,1.006505757406409,0.03769514563464395,3,2021
2021-03-16 00:00:00+00:00,0.0005758003580251803,1.0144747217128027,1.006467155054686,0.038286973815439614,3,2021
2021-03-17 00:00:00+00:00,0.0010092019040615074,1.0154985315335776,1.0064167357340592,0.03930620774780053,3,2021
2021-03-18 00:00:00+00:00,-0.0010431153337439047,1.0144392494439405,1.0063570411736966,0.038361891794015446,3,2021
2021-03-19 00:00:00+00:00,0.0003745327191688741,1.0148191901344663,1.006322125023826,0.03875632816320306,3,2021
2021-03-20 00:00:00+00:00,-5.051878652873043e-05,1.0147679227004347,1.0062427298932772,0.03878600453879654,3,2021
2021-03-21 00:00:00+00:00,-0.0004217650644905424,1.014339929042074,1.006201195678726,0.03842137403452075,3,2021
2021-03-22 00:00:00+00:00,-0.00211727418533203,1.0121922932951617,1.0061424719318632,0.036439145067734484,3,2021
2021-03-23 00:00:00+00:00,-1.92346976214397e-05,1.0121728240824654,1.006116921653263,0.03644585390955307,3,2021
2021-03-24 00:00:00+00:00,-0.0015350094981891882,1.01061912918369,1.0060858653932707,0.03499524520925397,3,2021
2021-03-25 00:00:00+00:00,-0.0006732111225259407,1.009938769145286,1.006076703064117,0.03435422779052131,3,2021
2021-03-26 00:00:00+00:00,0.0025671936968996167,1.0125314775876901,1.0060662466741803,0.03683720673148782,3,2021
2021-03-27 00:00:00+00:00,0.0007517498197295858,1.0132926479434372,1.006055547485459,0.037571279120373446,3,2021
2021-03-28 00:00:00+00:00,-0.0002494627381606218,1.0130398691849232,1.006035659994809,0.03735076060637638,3,2021
2021-03-29 00:00:00+00:00,0.00308273295953132,1.016162800578979,1.0127495722294675,0.07416940107929933,3,2021
2021-03-30 00:00:00+00:00,0.003305814639723792,1.0195220464414756,1.0126182285674223,0.07734876957079607,3,2021
2021-03-31 00:00:00+00:00,0.0003695422859235631,1.019898802949067,1.0133268013181245,0.07044102194726734,3,2021
2021-04-01 00:00:00+00:00,0.0022958941158055524,1.0222403826094748,1.0140096107776508,0.06733819643641539,3,2021
2021-04-02 00:00:00+00:00,0.0020163534276940176,1.0243015805088767,1.0155580903398125,0.06117758439715689,3,2021
2021-04-03 00:00:00+00:00,-0.002865976557092309,1.0213659561917456,1.0153815458070763,0.0586520592762758,3,2021
2021-04-04 00:00:00+00:00,0.002316655144842139,1.023732108888924,1.0152991823714401,0.06090825148174412,3,2021
2021-04-05 00:00:00+00:00,0.0007678278014671136,1.0245181588633834,1.0168489306344077,0.07899907925770723,4,2021
2021-04-06 00:00:00+00:00,0.0024726672261226046,1.0270514513373723,1.016607343904283,0.08150601445343207,4,2021
2021-04-07 00:00:00+00:00,-0.0014935143353498326,1.0255175352716581,1.0173977840346369,0.07350787025473719,4,2021
2021-04-08 00:00:00+00:00,0.003631321934858045,1.0292415195920717,1.022622308046954,0.0627177859209927,3,2021
2021-04-09 00:00:00+00:00,0.0003829244738340343,1.0296356413594097,1.022569726798775,0.06312762465805237,3,2021
2021-04-10 00:00:00+00:00,0.0005095806006785164,1.0301603237080137,1.0223945263558514,0.06377486453500711,3,2021
2021-04-11 00:00:00+00:00,0.0009248599798117318,1.0311130777642012,1.0222298989695373,0.06479960149588848,3,2021
2021-04-12 00:00:00+00:00,0.00334182560146723,1.0345588778454813,1.0227433021713264,0.0862084255273575,4,2021
2021-04-13 00:00:00+00:00,0.00018387929203611542,1.0347491117995091,1.023266079289422,0.07945531384526852,4,2021
2021-04-14 00:00:00+00:00,-0.001963770169669199,1.0327171023606656,1.028152342606885,0.041143864804107505,2,2021
2021-04-15 00:00:00+00:00,0.0009549460034099511,1.033703291430218,1.0280281152768511,0.042178824041160086,2,2021
2021-04-16 00:00:00+00:00,-0.002543321758292638,1.0310742513575049,1.0278918983690688,0.03986867679117246,2,2021
2021-04-17 00:00:00+00:00,-0.0009234017616198686,1.0301221555774405,1.0277965449450657,0.039073835565111466,2,2021
2021-04-18 00:00:00+00:00,-0.002366589117374751,1.0276842796944843,1.0276842796944843,0.0,0,2021
2021-04-19 00:00:00+00:00,-0.001030304752740574,1.0266254516967983,1.0274416611795063,0.08999900957722089,4,2021
2021-04-20 00:00:00+00:00,0.005019145748954346,1.0317782344684505,1.0282900466987566,0.08984782560210064,4,2021
2021-04-21 00:00:00+00:00,-0.0017850482283963132,1.0299364605589147,1.0282453265738167,0.08826367505878645,4,2021
2021-04-22 00:00:00+00:00,0.0013642690629773746,1.0313415710088878,1.0299468475025513,0.06577787837826722,3,2021
2021-04-23 00:00:00+00:00,-0.005006168365235042,1.0261785014623512,1.0261785014623512,0.0,0,2021
2021-04-24 00:00:00+00:00,0.0,1.0261785014623512,1.0261785014623512,0.0,0,2021
2021-04-25 00:00:00+00:00,0.0,1.0261785014623512,1.0261785014623512,0.0,0,2021
2021-04-26 00:00:00+00:00,0.00378944674437931,1.0300671502438699,1.0259946182300765,0.07840724127068664,4,2021
2021-04-27 00:00:00+00:00,0.002248017829986404,1.0323827595637014,1.025945252692941,0.0805221684119159,4,2021
2021-04-28 00:00:00+00:00,0.001028203307373854,1.0334442589315604,1.0276557853260515,0.06855232620464066,4,2021
2021-04-29 00:00:00+00:00,-0.00033317650673814203,1.033099939583461,1.0276206800690262,0.06827586679557335,4,2021
2021-04-30 00:00:00+00:00,0.002335948628032103,1.035513207969951,1.0275657398731473,0.07050031026354878,4,2021
2021-05-01 00:00:00+00:00,0.003494779313785612,1.039132098108316,1.0283653014314527,0.06976215329111872,4,2021
2021-05-02 00:00:00+00:00,-0.0014237218966953735,1.0376526629866802,1.0282837512430503,0.06851445606094235,4,2021
2021-05-03 00:00:00+00:00,0.0032929282807117044,1.0410695787861848,1.0299688909421343,0.06496231489701143,4,2021
2021-05-04 00:00:00+00:00,-0.0036489247734319274,1.0372707942092856,1.035227015037892,0.04645073711364974,3,2021
2021-05-05 00:00:00+00:00,0.0031650348009526486,1.0405537923709698,1.035167798030836,0.049516140851133636,3,2021
2021-05-06 00:00:00+00:00,-0.001389483492620469,1.0391079600532867,1.0350145853513515,0.04834106795356252,3,2021
2021-05-07 00:00:00+00:00,-4.202692671639863e-05,1.039064289539199,1.034917158917115,0.04839483459726316,3,2021
2021-05-08 00:00:00+00:00,0.0017557772893281864,1.040888655020924,1.0348174767727272,0.050158479297899294,3,2021
2021-05-09 00:00:00+00:00,-0.00046472904241323665,1.0404049238330173,1.0347409567933892,0.04979040338916219,3,2021
2021-05-10 00:00:00+00:00,-0.0020664291633831766,1.0382550007566813,1.0345205022025432,0.07425683702639675,4,2021
2021-05-11 00:00:00+00:00,0.003107227786128597,1.0414810955441194,1.0344525257469395,0.07718969069147806,4,2021
2021-05-12 00:00:00+00:00,-0.0071462565577760095,1.0340384044352875,1.0343543825523285,0.05195857917509118,3,2021
2021-05-13 00:00:00+00:00,-0.0020350971540651352,1.0319340358212272,1.0343254714235686,0.050053304793392484,3,2021
2021-05-14 00:00:00+00:00,0.0036047526004843178,1.0356539027203822,1.0343087774957107,0.05348144732826125,3,2021
2021-05-15 00:00:00+00:00,-0.0034353059823136745,1.0320961146727603,1.0342414431069855,0.05028389822609363,3,2021
2021-05-16 00:00:00+00:00,-0.0005888523237577159,1.031488362477294,1.0305050765561814,0.026952907404127324,2,2021
2021-05-17 00:00:00+00:00,-0.002748015577474394,1.0286538163892227,1.0303961610641266,0.032399177014944394,2,2021
2021-05-18 00:00:00+00:00,0.0037315607114523086,1.0324923005561462,1.0312525814174351,0.031093160219997636,2,2021
2021-05-19 00:00:00+00:00,-0.004669442147506531,1.0276711374909533,1.0276711374909533,0.0,0,2021
2021-05-20 00:00:00+00:00,0.0,1.0276711374909533,1.0276711374909533,0.0,0,2021
2021-05-21 00:00:00+00:00,0.0,1.0276711374909533,1.0276711374909533,0.0,0,2021
2021-05-22 00:00:00+00:00,0.0,1.0276711374909533,1.0276711374909533,0.0,0,2021
2021-05-23 00:00:00+00:00,0.0,1.0276711374909533,1.0276711374909533,0.0,0,2021
2021-05-24 00:00:00+00:00,0.0030082766599925925,1.0307626565880155,1.027643760981634,0.01417873763798006,2,2021
2021-05-25 00:00:00+00:00,-8.824523809569662e-05,1.0306716966919647,1.0276394024880724,0.014095964717892037,2,2021
2021-05-26 00:00:00+00:00,0.0015650325417393418,1.0322847314371373,1.02763455863093,0.01564121795363214,2,2021
2021-05-27 00:00:00+00:00,-0.0007537262971172298,1.0315066712889405,1.0276299468082852,0.014903192172139205,2,2021
2021-05-28 00:00:00+00:00,-0.0019356084563088016,1.0295100782532547,1.0276259327593364,0.012996631548306386,2,2021
2021-05-29 00:00:00+00:00,-0.0007251699431986003,1.0287635084882853,1.0276221415439526,0.012284052173769527,2,2021
2021-05-30 00:00:00+00:00,0.0005623735888815595,1.0293420579146644,1.0276181755739497,0.012843058250144979,2,2021
2021-05-31 00:00:00+00:00,0.002346284807635657,1.03175718754701,1.0276047450379815,0.021936427288003716,3,2021
2021-06-01 00:00:00+00:00,-0.0003762815302053024,1.0313689563736794,1.0276009869037341,0.021571905327307656,3,2021
2021-06-02 00:00:00+00:00,0.001607489485895952,1.0330268711271295,1.0275964685944832,0.023146567834221917,3,2021
2021-06-03 00:00:00+00:00,0.0020838582880016165,1.0351795527342562,1.0275926515820368,0.02518164611910846,3,2021
2021-06-04 00:00:00+00:00,-0.0017319567431736127,1.0333866665275027,1.0275878835442502,0.02349498767901706,3,2021
2021-06-05 00:00:00+00:00,0.00020663077717841816,1.0336001960175332,1.0275830427215262,0.023701405441745083,3,2021
2021-06-06 00:00:00+00:00,0.0008504169945462436,1.0344791871897927,1.028473021435458,0.02252716733917099,3,2021
2021-06-07 00:00:00+00:00,-0.001663515619556022,1.0327583149037969,1.0284688497365346,0.020902455937769498,3,2021
2021-06-08 00:00:00+00:00,2.5482385761499415e-05,1.0327846320495757,1.0284646324436917,0.020931488462761737,3,2021
2021-06-09 00:00:00+00:00,0.0009137092935145308,1.0337282969660784,1.0284629955691664,0.021826839284086838,3,2021
2021-06-10 00:00:00+00:00,-0.0010570114010229892,1.032635634370625,1.0284588182703414,0.020795850336650025,3,2021
2021-06-11 00:00:00+00:00,-0.00119276002864388,1.0314039478617945,1.028455068253932,0.019630135849504092,3,2021
2021-06-12 00:00:00+00:00,5.1958773406468595e-05,1.031457538345812,1.0284513019252404,0.019684723481214066,3,2021
2021-06-13 00:00:00+00:00,0.0012041987811930444,1.0326996182563404,1.0284471917398545,0.020867778141771366,3,2021
2021-06-14 00:00:00+00:00,0.00043834738254178163,1.033152299430955,1.028443488135031,0.02130037489383132,3,2021
2021-06-15 00:00:00+00:00,-0.000208646396492429,1.0329367359266508,1.0284393074744687,0.021100177482804936,3,2021
2021-06-16 00:00:00+00:00,-0.0009344844925407436,1.0319714725651516,1.028435292498636,0.020188445732040077,3,2021
2021-06-17 00:00:00+00:00,6.551732770398999e-05,1.032039084578301,1.0284319183536477,0.02025590555766066,3,2021
2021-06-18 00:00:00+00:00,-0.0011151843407662954,1.0308881707521205,1.0284290057115508,0.019164915851672484,3,2021
2021-06-19 00:00:00+00:00,-0.000506603916719861,1.0303659187671173,1.0284308265147097,0.018666001957634445,3,2021
2021-06-20 00:00:00+00:00,0.00037376154964485764,1.030751029929617,1.0284370172956177,0.019026643747052856,3,2021
2021-06-21 00:00:00+00:00,-0.0076067751872485045,1.0229103385709175,1.0303791290860922,0.030978042815558618,3,2021
2021-06-22 00:00:00+00:00,-0.0011200071094551456,1.021764671719383,1.0231293220130966,0.005500245025005151,1,2021
2021-06-23 00:00:00+00:00,0.0007144827250893382,1.022494704926433,1.0231347602450098,0.006204972012978805,1,2021
2021-06-24 00:00:00+00:00,0.000273541663589949,1.0227743998290304,1.0231389502769894,0.006472645286401221,1,2021
2021-06-25 00:00:00+00:00,-0.000582443138592903,1.0221786918975215,1.0231393112945273,0.005893281670620558,1,2021
2021-06-26 00:00:00+00:00,-2.809567441686145e-05,1.022149973097798,1.0231399882637093,0.005864688487918729,1,2021
2021-06-27 00:00:00+00:00,0.00024223183718308228,1.0223975703636583,1.023144694942701,0.006100837822612406,1,2021
2021-06-28 00:00:00+00:00,0.0011238466342771147,1.0235465884320045,1.0222999104129251,0.04358027672643388,3,2021
2021-06-29 00:00:00+00:00,0.0015572363658249433,1.025140492401627,1.022297539295124,0.045069645571649754,3,2021
2021-06-30 00:00:00+00:00,0.0015825668730635734,1.0267628457851379,1.0222901263716482,0.04658571855908781,3,2021
2021-07-01 00:00:00+00:00,-0.0029997334809738208,1.0236828308996162,1.0222909383351428,0.0437163316222957,3,2021
2021-07-02 00:00:00+00:00,0.0006423334003180514,1.024340376573235,1.0223153301885513,0.044306378006591894,3,2021
2021-07-03 00:00:00+00:00,0.0013728713909739731,1.025746664170852,1.0223214949980457,0.04561061356978326,3,2021
2021-07-04 00:00:00+00:00,0.0011833149139848231,1.0269604454965355,1.0223118979633035,0.0467479670623583,3,2021
2021-07-05 00:00:00+00:00,-0.0015780080348574144,1.0253398936620612,1.0231451606698447,0.02978621393196812,2,2021
2021-07-06 00:00:00+00:00,0.0015087042601438228,1.0268868283277246,1.0231397568050988,0.031253036917683226,2,2021
2021-07-07 00:00:00+00:00,0.0009691123745223518,1.027881997060291,1.0240156444849358,0.027252792061185496,2,2021
2021-07-08 00:00:00+00:00,-0.002487378727980216,1.0253252652459295,1.0240096787347133,0.02483298630027809,2,2021
2021-07-09 00:00:00+00:00,0.0002665409406672481,1.0255985564066181,1.024003882156448,0.025098490869881234,2,2021
2021-07-10 00:00:00+00:00,-0.0008116424110892195,1.0247661371214867,1.0239964073469896,0.024313870868576743,2,2021
2021-07-11 00:00:00+00:00,0.0003449859508743991,1.0251196670417255,1.023988824203612,0.024657750119088887,2,2021
2021-07-12 00:00:00+00:00,-0.0011888500505377042,1.0239009534737558,1.023981604508396,0.0235038854468081,2,2021
2021-07-13 00:00:00+00:00,-0.0009075602211151557,1.022971701698021,1.0239509435925869,0.010329888699368817,1,2021
2021-07-14 00:00:00+00:00,0.0007791960116017016,1.0237687971679656,1.0239475332857075,0.011103766425988613,1,2021
2021-07-15 00:00:00+00:00,-0.0009885810559024932,1.0227567187294613,1.023944425670075,0.010128233416021839,1,2021
2021-07-16 00:00:00+00:00,-0.0008227072335029728,1.0219152893788488,1.0239415696264345,0.009315983004727729,1,2021
2021-07-17 00:00:00+00:00,0.00018553312845526193,1.0221048885195034,1.0239386558289125,0.009502604395493846,1,2021
2021-07-18 00:00:00+00:00,-4.823967503320148e-05,1.0220555825118314,1.0239357559532303,0.009457658115378955,1,2021
2021-07-19 00:00:00+00:00,0.0009110540172436732,1.022986730356125,1.0219670441374527,0.032629403107900475,1,2021
2021-07-20 00:00:00+00:00,0.0010942240345659382,1.024106107023523,1.021951826179658,0.03148585049194517,1,2021
2021-07-21 00:00:00+00:00,-0.002510751466557437,1.0215348311134032,1.0219190178571702,0.034050057131533196,1,2021
2021-07-22 00:00:00+00:00,-0.00016163628044874034,1.0213697140229532,1.02191429172035,0.0342125969030909,1,2021
2021-07-23 00:00:00+00:00,-0.0014549741405215366,1.019883647501138,1.021907869918624,0.03571324545130621,1,2021
2021-07-24 00:00:00+00:00,-0.000643697486932826,1.0192271509602775,1.0218962942374274,0.03636900357267879,1,2021
2021-07-25 00:00:00+00:00,-0.0009851438848910155,1.018223065565194,1.018223065565194,0.0,0,2021
2021-07-26 00:00:00+00:00,0.0,1.018223065565194,1.018223065565194,0.0,0,2021
2021-07-27 00:00:00+00:00,0.0,1.018223065565194,1.018223065565194,0.0,0,2021
2021-07-28 00:00:00+00:00,0.0,1.018223065565194,1.018223065565194,0.0,0,2021
2021-07-29 00:00:00+00:00,0.0,1.018223065565194,1.018223065565194,0.0,0,2021
2021-07-30 00:00:00+00:00,0.0,1.018223065565194,1.018223065565194,0.0,0,2021
2021-07-31 00:00:00+00:00,0.0,1.018223065565194,1.018223065565194,0.0,0,2021
2021-08-01 00:00:00+00:00,0.0,1.018223065565194,1.018223065565194,0.0,0,2021
2021-08-02 00:00:00+00:00,0.0,1.018223065565194,1.018223065565194,0.0,0,2021
2021-08-03 00:00:00+00:00,0.0,1.018223065565194,1.018223065565194,0.0,0,2021
2021-08-04 00:00:00+00:00,0.0,1.018223065565194,1.018223065565194,0.0,0,2021
2021-08-05 00:00:00+00:00,0.0,1.018223065565194,1.018223065565194,0.0,0,2021
2021-08-06 00:00:00+00:00,0.0,1.018223065565194,1.018223065565194,0.0,0,2021
2021-08-07 00:00:00+00:00,0.0,1.018223065565194,1.018223065565194,0.0,0,2021
2021-08-08 00:00:00+00:00,0.0,1.018223065565194,1.018223065565194,0.0,0,2021
2021-08-09 00:00:00+00:00,-0.0015515013824355384,1.0166432910713419,1.0181773311825955,0.0282373683309228,1,2021
2021-08-10 00:00:00+00:00,0.00041714603308840026,1.0170673797872782,1.0181858187015578,0.027816967131603785,1,2021
2021-08-11 00:00:00+00:00,4.974389671841273e-05,1.0171179726819741,1.0181942935851167,0.02777417430599756,1,2021
2021-08-12 00:00:00+00:00,0.0007018543332126814,1.0178318413384895,1.0182025567870392,0.02706145090943298,1,2021
2021-08-13 00:00:00+00:00,-0.0020687577560883907,1.0157261938223268,1.0182114543524863,0.02919935674636846,1,2021
2021-08-14 00:00:00+00:00,0.00044166669912049095,1.0161748062575624,1.0182202199638861,0.028753620426609252,1,2021
2021-08-15 00:00:00+00:00,5.607475864510825e-05,1.0162317880145646,1.0182289711061014,0.028704547914622364,1,2021
2021-08-16 00:00:00+00:00,0.0029689561794670194,1.0192489356613612,1.018640633664181,0.04032719389921372,2,2021
2021-08-17 00:00:00+00:00,-0.0013796230918834418,1.0178427562933452,1.0203536368841744,0.024983067377094655,1,2021
2021-08-18 00:00:00+00:00,-1.072597707507672e-05,1.0178318389352752,1.0203460092208347,0.024980103286639996,1,2021
2021-08-19 00:00:00+00:00,0.0014220568447087523,1.0192792536685955,1.020337944913783,0.026372579848609367,1,2021
2021-08-20 00:00:00+00:00,0.0008056546052082059,1.0201004406933067,1.020317138789784,0.027176751963046267,1,2021
2021-08-21 00:00:00+00:00,-0.0005130926725798179,1.0195770346318915,1.0203016953352144,0.02669249416459868,1,2021
2021-08-22 00:00:00+00:00,0.00010960078423716269,1.0196887810744775,1.0202878429200135,0.026812742684339298,1,2021
2021-08-23 00:00:00+00:00,0.0046919406824947885,1.0244731003498844,1.020850198420001,0.10599266285207211,4,2021
2021-08-24 00:00:00+00:00,-0.005267730731740361,1.01907645191533,1.0207269941412103,0.10137923173130332,4,2021
2021-08-25 00:00:00+00:00,0.0032671907698529346,1.0224059690928022,1.0206763952871203,0.10435512607273953,4,2021
2021-08-26 00:00:00+00:00,-0.00321644088374351,1.0191174607340288,1.0206316383225043,0.1015089588726435,4,2021
2021-08-27 00:00:00+00:00,0.007077426219341376,1.0263301893712165,1.0214872991120107,0.10244989852261673,4,2021
2021-08-28 00:00:00+00:00,0.0007434019174250572,1.0270931652019062,1.0214309151508125,0.1031715399672006,4,2021
2021-08-29 00:00:00+00:00,-0.001031822045239994,1.0260333878315355,1.0213758530433856,0.10229888181568328,4,2021
2021-08-30 00:00:00+00:00,0.0006526139104412465,1.0267029914930115,1.028405910761027,0.08242308185901195,3,2021
2021-08-31 00:00:00+00:00,0.0018776157446893649,1.0286307451949583,1.0283400712820676,0.08420671684007518,3,2021
2021-09-01 00:00:00+00:00,0.005432183068155405,1.0342184557123906,1.0291309718204524,0.08163603996688461,3,2021
2021-09-02 00:00:00+00:00,-0.00032459264738637916,1.033882756005875,1.0290246699253378,0.08144066712062165,3,2021
2021-09-03 00:00:00+00:00,0.0015822283252893143,1.0355185945874557,1.0289259927398526,0.08298703431291556,3,2021
2021-09-04 00:00:00+00:00,-2.2719922694980355e-05,1.0354950676850374,1.028795031721951,0.08309267126547612,3,2021
2021-09-05 00:00:00+00:00,0.0019135864045147777,1.0374765769685017,1.028681499523136,0.0849533326294362,3,2021
2021-09-06 00:00:00+00:00,0.0019607244116766065,1.0395107826195065,1.0302169263217789,0.06980589423423231,3,2021
2021-09-07 00:00:00+00:00,-0.005183459324374473,1.0341225207605496,1.0309952697268019,0.016668051411720078,1,2021
2021-09-08 00:00:00+00:00,0.0018427289116793588,1.0360281282277737,1.0327805015881688,0.012213951694009729,1,2021
2021-09-09 00:00:00+00:00,-0.00020335536148186062,1.0358174463532526,1.0327741736833491,0.012019148341185669,1,2021
2021-09-10 00:00:00+00:00,-0.0012141684857749357,1.0345597894528746,1.0345597894528746,0.0,0,2021
2021-09-11 00:00:00+00:00,0.0,1.0345597894528746,1.0345597894528746,0.0,0,2021
2021-09-12 00:00:00+00:00,0.0,1.0345597894528746,1.0345597894528746,0.0,0,2021
2021-09-13 00:00:00+00:00,-0.0021634575779834186,1.032321563236506,1.0344284964987605,0.05481286126803255,3,2021
2021-09-14 00:00:00+00:00,0.0008791373339898101,1.03322911566343,1.0344173833176735,0.055653836468564526,3,2021
2021-09-15 00:00:00+00:00,0.002024385513357929,1.0353207697171585,1.0343993214208909,0.05757914062178923,3,2021
2021-09-16 00:00:00+00:00,-0.0011718582214250706,1.0341075205613532,1.0343734988056779,0.05649843220934651,3,2021
2021-09-17 00:00:00+00:00,-0.0023761425686842363,1.0316503336611509,1.0343472249704178,0.05427666599394563,3,2021
2021-09-18 00:00:00+00:00,0.0021081323091325377,1.0338251890612693,1.0343352955705123,0.05627772083549464,3,2021
2021-09-19 00:00:00+00:00,-0.0021176381754675067,1.0316359213741533,1.0343220372487363,0.05428786925406078,3,2021
2021-09-20 00:00:00+00:00,-0.0063443764078999765,1.025090834773045,1.0306691178303664,0.03788031438576314,2,2021
2021-09-21 00:00:00+00:00,-0.001701095011488074,1.0233470578676904,1.0233470578676904,0.0,0,2021
2021-09-22 00:00:00+00:00,0.0,1.0233470578676904,1.0233470578676904,0.0,0,2021
2021-09-23 00:00:00+00:00,0.0,1.0233470578676904,1.0233470578676904,0.0,0,2021
2021-09-24 00:00:00+00:00,0.0,1.0233470578676904,1.0233470578676904,0.0,0,2021
2021-09-25 00:00:00+00:00,0.0,1.0233470578676904,1.0233470578676904,0.0,0,2021
2021-09-26 00:00:00+00:00,0.0,1.0233470578676904,1.0233470578676904,0.0,0,2021
2021-09-27 00:00:00+00:00,-0.0007642273017955947,1.0225649881068557,1.023284847988692,0.025838757115894177,2,2021
2021-09-28 00:00:00+00:00,-0.0009641747229363062,1.0215790567927634,1.023281477120831,0.02490188864731158,2,2021
2021-09-29 00:00:00+00:00,0.0004647694459929408,1.022053855525027,1.023278698200502,0.025357592879445803,2,2021
2021-09-30 00:00:00+00:00,0.0012657227875791932,1.023347492380098,1.0232744781228174,0.02659378432513806,2,2021
2021-10-01 00:00:00+00:00,0.003127476008046637,1.0265479871104115,1.0232678783782037,0.029635026670879312,2,2021
2021-10-02 00:00:00+00:00,0.000933883628273291,1.027506663469211,1.0232584614171145,0.03054955399594212,2,2021
2021-10-03 00:00:00+00:00,0.0004505214005685598,1.0279695772103306,1.0232489027142921,0.03099541411259651,2,2021
2021-10-04 00:00:00+00:00,-0.0008551992648656581,1.027090458383596,1.0232125210563692,0.05680042635110402,3,2021
2021-10-05 00:00:00+00:00,0.001526734392305551,1.028658552710419,1.023210927934331,0.05823979514713222,3,2021
2021-10-06 00:00:00+00:00,-0.0008406180880287106,1.0277938437246052,1.0232307011484123,0.057428229938027146,3,2021
2021-10-07 00:00:00+00:00,0.0002969924965159354,1.0280990907841567,1.023201747915756,0.05773624547536448,3,2021
2021-10-08 00:00:00+00:00,-0.0010231052306771682,1.027047237226721,1.0231753605916194,0.05679691559536009,3,2021
2021-10-09 00:00:00+00:00,0.00010580191265385785,1.0271559007888054,1.023158871489956,0.0569127508921174,3,2021
2021-10-10 00:00:00+00:00,-0.0027144873000088943,1.024367699140985,1.0231214910783462,0.05438227573894237,3,2021
2021-10-11 00:00:00+00:00,0.000462088921188597,1.0248410481059813,1.0214026579597053,0.029838830565518396,2,2021
2021-10-12 00:00:00+00:00,0.00022542214959475615,1.0250720699780382,1.021393411861797,0.030066497043127926,2,2021
2021-10-13 00:00:00+00:00,0.00035162104828878604,1.0254325068938555,1.0213840548257032,0.0304165511656902,2,2021
2021-10-14 00:00:00+00:00,0.0009848260098261896,1.0264423794979658,1.022246089753886,0.026263694309878405,2,2021
2021-10-15 00:00:00+00:00,0.0012104385588933564,1.0276848249325923,1.0222237053927197,0.027462698672701413,2,2021
2021-10-16 00:00:00+00:00,-0.0005727069655072636,1.0270962626750073,1.0221982496113642,0.026930184839114964,2,2021
2021-10-17 00:00:00+00:00,0.00022339125133385984,1.0273257069943666,1.0221667745764695,0.027178149408276564,2,2021
2021-10-18 00:00:00+00:00,-0.00048405832126230397,1.0268284214372494,1.0220486413519103,0.062429350867592444,3,2021
2021-10-19 00:00:00+00:00,0.0017469308790574178,1.028622219714152,1.0220107723076013,0.0641011810363741,3,2021
2021-10-20 00:00:00+00:00,0.0035699161916700195,1.032294314831421,1.021949117704194,0.06749010223502734,3,2021
2021-10-21 00:00:00+00:00,-0.0015463215023624466,1.0306980559356307,1.0244977942275326,0.056989819691639104,3,2021
2021-10-22 00:00:00+00:00,-0.0008584376350502243,1.0298132659340424,1.024444708530801,0.05623115760401036,3,2021
2021-10-23 00:00:00+00:00,0.0009166393980442056,1.030757233346226,1.024403047554106,0.05713587888888942,3,2021
2021-10-24 00:00:00+00:00,-0.0003170424168216224,1.0304304395818096,1.0243333173478855,0.056904527115792136,3,2021
2021-10-25 00:00:00+00:00,0.0030614196833640417,1.0335850196118828,1.0305684202911838,0.09520582862017175,3,2021
2021-10-26 00:00:00+00:00,-0.0036636306657388262,1.0297983458383844,1.0304324419902144,0.09201085159238277,3,2021
2021-10-27 00:00:00+00:00,-0.006070566238798647,1.0235468867673672,1.0266961241848225,0.06474386372977359,2,2021
2021-10-28 00:00:00+00:00,0.0041047786516881235,1.0277483201771718,1.0266683101408138,0.06859425233559185,2,2021
2021-10-29 00:00:00+00:00,0.0019523195859385556,1.029754813352069,1.0266071589761894,0.07046849503428894,2,2021
2021-10-30 00:00:00+00:00,-0.001050031516660721,1.0286735383436163,1.0265490511387099,0.06954791983417806,2,2021
2021-10-31 00:00:00+00:00,-0.0006515784291746263,1.0280032768553689,1.0264926109202532,0.06899616480546523,2,2021
2021-11-01 00:00:00+00:00,6.186313720957237e-05,1.0280668723631368,1.026364476417281,0.09078113672517248,3,2021
2021-11-02 00:00:00+00:00,0.005024444812072204,1.033232337626445,1.0271411637582344,0.08662533364146369,3,2021
2021-11-03 00:00:00+00:00,0.0019235667259698275,1.0352198289712993,1.0279202421743807,0.08226295524499415,3,2021
2021-11-04 00:00:00+00:00,-0.001071240573215726,1.0341108594883077,1.027832549860334,0.08136358352535324,3,2021
2021-11-05 00:00:00+00:00,-0.0014957050670648675,1.0325641346358643,1.0277737022918838,0.08004450787515051,3,2021
2021-11-06 00:00:00+00:00,0.0022286485660891753,1.0348653572139157,1.0276921215241936,0.08216903847388408,3,2021
2021-11-07 00:00:00+00:00,0.0008491216644128663,1.0357440838084764,1.0276311711781396,0.0830065743428494,3,2021
2021-11-08 00:00:00+00:00,0.0033913954295032855,1.0392567015604395,1.0284076605978347,0.07656342591845124,3,2021
2021-11-09 00:00:00+00:00,-0.0015070174113445134,1.0376905236163314,1.028335295031185,0.07523942767697989,3,2021
2021-11-10 00:00:00+00:00,-0.0020610673219416675,1.0355517735878172,1.0282459624837206,0.07341576303642099,3,2021
2021-11-11 00:00:00+00:00,0.0004632347374335932,1.036031477141754,1.0282090408076354,0.07388042790249866,3,2021
2021-11-12 00:00:00+00:00,-0.0010386651738261143,1.0349553873274593,1.028169125666125,0.07295606661257578,3,2021
2021-11-13 00:00:00+00:00,0.0009874595997896307,1.0359773639600298,1.0281325275432183,0.07390590914237148,3,2021
2021-11-14 00:00:00+00:00,0.00015466971577682287,1.0361375982844647,1.028107452220623,0.07407332646599152,3,2021
2021-11-15 00:00:00+00:00,-0.002538045457675553,1.033507833959612,1.0296377522183051,0.11224158135913316,4,2021
2021-11-16 00:00:00+00:00,-0.009655386778743447,1.0235289160838705,1.022184248597838,0.017587648516041048,1,2021
2021-11-17 00:00:00+00:00,-2.8682232326993073e-06,1.023525980374454,1.0221788474181503,0.017590107762357258,1,2021
2021-11-18 00:00:00+00:00,-0.0013534181705331383,1.0221407217146026,1.0221407217146026,0.0,0,2021
2021-11-19 00:00:00+00:00,0.0,1.0221407217146026,1.0221407217146026,0.0,0,2021
2021-11-20 00:00:00+00:00,0.0,1.0221407217146026,1.0221407217146026,0.0,0,2021
2021-11-21 00:00:00+00:00,0.0,1.0221407217146026,1.0221407217146026,0.0,0,2021
2021-11-22 00:00:00+00:00,-0.005239899943468074,1.0167848066046739,1.021887111441284,0.105596806223779,4,2021
2021-11-23 00:00:00+00:00,0.004491876620693835,1.0213520785057382,1.0218563583183091,0.10962649959274207,4,2021
2021-11-24 00:00:00+00:00,-0.0022131206535973558,1.0190917031262026,1.0218201890038563,0.10768711669089341,4,2021
2021-11-25 00:00:00+00:00,0.00532045650558155,1.0245137362078847,1.021746580259091,0.11248135081747387,4,2021
2021-11-26 00:00:00+00:00,-0.010596814635222773,1.0136571540540502,1.0180708553163826,0.08660036324553644,3,2021
2021-11-27 00:00:00+00:00,0.001500569976945032,1.0151782175463393,1.0180516413031746,0.08798785642673353,3,2021
2021-11-28 00:00:00+00:00,0.0034497440349741115,1.0186803225467553,1.018025125412134,0.09114927822728162,3,2021
2021-11-29 00:00:00+00:00,0.002161725093566158,1.0208824293623266,1.0179579586918834,0.11063398506004146,4,2021
2021-11-30 00:00:00+00:00,0.00129214181589421,1.0222015542384173,1.01879762135915,0.10333726370576848,4,2021
2021-12-01 00:00:00+00:00,0.0019135330385227078,1.0241575706844819,1.0187636492103977,0.10508295134084814,4,2021
2021-12-02 00:00:00+00:00,-0.0006516308796747916,1.0234901979857711,1.0196124693478696,0.09931658074498692,4,2021
2021-12-03 00:00:00+00:00,-0.006245509114341519,1.0170979806258118,1.0158956364652718,0.03938828660169906,2,2021
2021-12-04 00:00:00+00:00,-0.004763817791733738,1.0122527111697701,1.0122527111697701,0.0,0,2021
2021-12-05 00:00:00+00:00,0.0,1.0122527111697701,1.0122527111697701,0.0,0,2021
2021-12-06 00:00:00+00:00,0.0014855810041642936,1.0137564945688977,1.0121290665632379,0.058118666503199336,3,2021
2021-12-07 00:00:00+00:00,-0.0007271424365240531,1.0130193492013948,1.012166168276838,0.05739666136489522,3,2021
2021-12-08 00:00:00+00:00,0.0020573352207184925,1.015103469587776,1.0121823293786787,0.05931601026956505,3,2021
2021-12-09 00:00:00+00:00,-0.00406482280659437,1.0109772538535426,1.0121944485428556,0.055464702805719635,3,2021
2021-12-10 00:00:00+00:00,-0.0027069399465510235,1.008240599140032,1.0122246115225915,0.052871046137747596,3,2021
2021-12-11 00:00:00+00:00,0.0018167444488941253,1.0100723146516695,1.0122381137868242,0.05457524939835392,3,2021
2021-12-12 00:00:00+00:00,0.0004712769154762153,1.0105483384165264,1.0122558902012204,0.05500300551683066,3,2021
2021-12-13 00:00:00+00:00,-0.007027790680436352,1.0034464162216723,1.0086480698903202,0.0619464936048632,3,2021
2021-12-14 00:00:00+00:00,0.0014764574929682084,1.004927962201695,1.0086509771008785,0.06332655490582353,3,2021
2021-12-15 00:00:00+00:00,0.0015798299570486396,1.006515577501057,1.0086374519034187,0.06481744319701435,3,2021
2021-12-16 00:00:00+00:00,-0.0015012823325133429,1.0050045134471552,1.0086255777521185,0.06342317424063482,3,2021
2021-12-17 00:00:00+00:00,-0.0012099359040139701,1.0037885224026395,1.0086139197446806,0.062300217561982583,3,2021
2021-12-18 00:00:00+00:00,0.001064084519284636,1.0048566382299637,1.008602490352461,0.06330832293003219,3,2021
2021-12-19 00:00:00+00:00,-0.00041081381960594854,1.004443829236256,1.0085912619320685,0.06293453763980011,3,2021
2021-12-20 00:00:00+00:00,-0.000716588987932032,1.003724055849229,1.0068025106239746,0.05480481724071071,3,2021
2021-12-21 00:00:00+00:00,0.0010132181944473295,1.00474104732482,1.0067916041894158,0.05577239180211949,3,2021
2021-12-22 00:00:00+00:00,-0.00010148462448034135,1.0046390815569322,1.0067807840932501,0.05568732762481044,3,2021
2021-12-23 00:00:00+00:00,0.0022576076653713084,1.0069071624483867,1.006770842601491,0.0578242863234652,3,2021
2021-12-24 00:00:00+00:00,-0.0005748810162522489,1.0063283106355667,1.0067596039081315,0.05729350385331902,3,2021
2021-12-25 00:00:00+00:00,0.0006643561734296366,1.0069968710612345,1.006748220449763,0.057930685291664244,3,2021
2021-12-26 00:00:00+00:00,0.0002079222229229849,1.007206248089142,1.006736758784423,0.058137901379662654,3,2021
2021-12-27 00:00:00+00:00,0.00019528605992125136,1.0074029414288594,1.006640445194483,0.0950842180383704,4,2021
2021-12-28 00:00:00+00:00,-0.00627985231091055,1.0010765997391093,1.0066221931715038,0.0893838006920408,4,2021
2021-12-29 00:00:00+00:00,-0.0029496964268925785,0.9981237276698132,1.0066029206580722,0.08670912163838666,4,2021
2021-12-30 00:00:00+00:00,0.0002548514343903019,0.9983781009335089,1.00299251365306,0.053559824124866005,3,2021
2021-12-31 00:00:00+00:00,-0.0007555250975115335,0.9976238012214477,0.9976238012214477,0.0,0,2021
2022-01-01 00:00:00+00:00,0.0,1.0,1.0,0.0,0,2022
2022-01-02 00:00:00+00:00,0.0,1.0,1.0,0.0,0,2022
2022-01-03 00:00:00+00:00,-0.003043534031164863,0.9969564659688351,0.9997872583759848,0.09696968113521802,3,2022
2022-01-04 00:00:00+00:00,-0.0005635515635907806,0.9963946295936065,0.9997671503021788,0.0964806708647941,3,2022
2022-01-05 00:00:00+00:00,-0.007348019803057548,0.9890731021236925,0.9890731021236925,0.0,0,2022
2022-01-06 00:00:00+00:00,0.0,0.9890731021236925,0.9890731021236925,0.0,0,2022
2022-01-07 00:00:00+00:00,0.0,0.9890731021236925,0.9890731021236925,0.0,0,2022
2022-01-08 00:00:00+00:00,0.0,0.9890731021236925,0.9890731021236925,0.0,0,2022
2022-01-09 00:00:00+00:00,0.0,0.9890731021236925,0.9890731021236925,0.0,0,2022
2022-01-10 00:00:00+00:00,0.0,0.9890731021236925,0.9890731021236925,0.0,0,2022
2022-01-11 00:00:00+00:00,0.0,0.9890731021236925,0.9890731021236925,0.0,0,2022
2022-01-12 00:00:00+00:00,0.0,0.9890731021236925,0.9890731021236925,0.0,0,2022
2022-01-13 00:00:00+00:00,0.0,0.9890731021236925,0.9890731021236925,0.0,0,2022
2022-01-14 00:00:00+00:00,0.0,0.9890731021236925,0.9890731021236925,0.0,0,2022
2022-01-15 00:00:00+00:00,0.0,0.9890731021236925,0.9890731021236925,0.0,0,2022
2022-01-16 00:00:00+00:00,0.0,0.9890731021236925,0.9890731021236925,0.0,0,2022
2022-01-17 00:00:00+00:00,-0.0014396311161151143,0.9876492017097627,0.9890869363641153,0.02972098163734805,1,2022
2022-01-18 00:00:00+00:00,-0.0002168212869999575,0.9874350583387435,0.9891300392796384,0.029466907474975795,1,2022
2022-01-19 00:00:00+00:00,-0.0005087411312160173,0.9869327095101619,0.9891836145174064,0.028918621462481302,1,2022
2022-01-20 00:00:00+00:00,-0.001257453929828789,0.9856916870961118,0.9856916870961118,0.0,0,2022
2022-01-21 00:00:00+00:00,0.0,0.9856916870961118,0.9856916870961118,0.0,0,2022
2022-01-22 00:00:00+00:00,0.0,0.9856916870961118,0.9856916870961118,0.0,0,2022
2022-01-23 00:00:00+00:00,0.0,0.9856916870961118,0.9856916870961118,0.0,0,2022
2022-01-24 00:00:00+00:00,-0.0003798707064730511,0.98531725169857,0.9856397980887168,0.02867951511855878,1,2022
2022-01-25 00:00:00+00:00,-0.00022142676952474627,0.9850990760825694,0.9856421100065129,0.028909689636208265,1,2022
2022-01-26 00:00:00+00:00,0.00011338567654428644,0.9852107722077742,0.9856405898890621,0.028791496305142793,1,2022
2022-01-27 00:00:00+00:00,-0.00027546358888996814,0.9849393825126488,0.9856341167946939,0.029068396915478727,1,2022
2022-01-28 00:00:00+00:00,-0.0004396617603500408,0.9845063423298952,0.9856368932196592,0.02952385806626251,1,2022
2022-01-29 00:00:00+00:00,-0.0003550846523603379,0.9841567592375824,0.9856372218001456,0.02988988991130929,1,2022
2022-01-30 00:00:00+00:00,0.00022684513005843954,0.9843800104056296,0.9856445733022964,0.02966378554472412,1,2022
2022-01-31 00:00:00+00:00,-0.0004469557839772431,0.9839400360663473,0.9856433610590319,0.030122973486979045,1,2022
2022-02-01 00:00:00+00:00,-0.0001904851807671415,0.9837526100707131,0.9856421253931263,0.03031797795869478,1,2022
2022-02-02 00:00:00+00:00,0.001404609435186721,0.9851343982687081,0.9856448698966129,0.028875599415080926,1,2022
2022-02-03 00:00:00+00:00,-0.0003137423790827709,0.984825319858879,0.9856425463585109,0.02919614326149856,1,2022
2022-02-04 00:00:00+00:00,-0.0027360585925942926,0.9821307800802747,0.9821307800802747,0.0,0,2022
2022-02-05 00:00:00+00:00,0.0,0.9821307800802747,0.9821307800802747,0.0,0,2022
2022-02-06 00:00:00+00:00,0.0,0.9821307800802747,0.9821307800802747,0.0,0,2022
2022-02-07 00:00:00+00:00,-0.0018952955869897536,0.9802693519469418,0.9820213097940625,0.05824383503406363,2,2022
2022-02-08 00:00:00+00:00,5.195417940173641e-05,0.9803202810367148,0.9820358631294069,0.05820370319073355,2,2022
2022-02-09 00:00:00+00:00,-0.0012434481244731899,0.9791013036218766,0.9820464796614552,0.059532005932977757,2,2022
2022-02-10 00:00:00+00:00,0.002031855027339269,0.9810906955279153,0.9820514338755253,0.05738860553961224,2,2022
2022-02-11 00:00:00+00:00,0.0019803062493559676,0.9830335555634542,0.9820471990709522,0.05529448285513239,2,2022
2022-02-12 00:00:00+00:00,0.0002147912956931286,0.9832447026145635,0.9820634475009912,0.055084388778328885,2,2022
2022-02-13 00:00:00+00:00,0.0004954569164656863,0.9837318580030521,0.9820717477897255,0.05457033634376023,2,2022
2022-02-14 00:00:00+00:00,-0.00128413208898992,0.9824686163572287,0.9820250577473371,0.08566416687237186,3,2022
2022-02-15 00:00:00+00:00,-0.00568361175498433,0.9768846461803976,0.9820293135298708,0.0918742881350239,3,2022
2022-02-16 00:00:00+00:00,0.001403938594113141,0.9782561322371668,0.9820459982881071,0.09036056840980317,3,2022
2022-02-17 00:00:00+00:00,0.0062909002481765786,0.9844102439822379,0.9820516844457702,0.0835498767660142,3,2022
2022-02-18 00:00:00+00:00,0.001497027388295491,0.9858839330787978,0.9820372359909599,0.08191554229750579,3,2022
2022-02-19 00:00:00+00:00,2.4586808595516985e-05,0.9859081728183579,0.9820376129430941,0.08188932444116824,3,2022
2022-02-20 00:00:00+00:00,0.0038064675646247714,0.9896610002998895,0.9828678344007941,0.07266940105924166,3,2022
2022-02-21 00:00:00+00:00,0.002967031482250748,0.9925973556445351,0.9837015627227589,0.06233589953730576,3,2022
2022-02-22 00:00:00+00:00,-0.001995767579769825,0.9906163620223745,0.9845407182044817,0.05792231378679823,3,2022
2022-02-23 00:00:00+00:00,0.0013653070326959948,0.9919688575081473,0.9845359299929384,0.056475067379441524,3,2022
2022-02-24 00:00:00+00:00,-0.00047242787444590206,0.9915002237692783,0.9845254783569587,0.05696387031992479,3,2022
2022-02-25 00:00:00+00:00,-0.0022737925672218218,0.9892457579300729,0.9845263188755994,0.05937351366531464,3,2022
2022-02-26 00:00:00+00:00,7.02488921544564e-05,0.9893152513486358,0.9845365513677237,0.059309442081672326,3,2022
2022-02-27 00:00:00+00:00,0.0025154043962525297,0.9918037792811578,0.9845409423110189,0.05665596339215095,3,2022
2022-02-28 00:00:00+00:00,-0.006470131950655933,0.9853866779600495,0.9844813565349984,0.03930043584652644,2,2022
2022-03-01 00:00:00+00:00,-0.0004959146626415389,0.9848980102580775,0.98444263029117,0.017492824689532633,1,2022
2022-03-02 00:00:00+00:00,0.00017062584127613967,0.9850660593096491,0.9844477500068384,0.017324441070044473,1,2022
2022-03-03 00:00:00+00:00,0.0006779958367906236,0.9857339299968249,0.9844526708375498,0.016640158707126415,1,2022
2022-03-04 00:00:00+00:00,0.0012540813961798847,0.9869701205800172,0.984457222176488,0.015371417510569436,1,2022
2022-03-05 00:00:00+00:00,-0.0002524872953283408,0.9867209231637021,0.9844587298150629,0.01562937856768641,1,2022
2022-03-06 00:00:00+00:00,0.0006706363282515948,0.9873826540606215,0.9844593636411431,0.014949359012171759,1,2022
2022-03-07 00:00:00+00:00,0.0007490167792900682,0.988122220236093,0.9871484682732964,0.08745802110030879,4,2022
2022-03-08 00:00:00+00:00,-0.0013750926168769606,0.9867634606664742,0.9871379683333262,0.08894479489285244,4,2022
2022-03-09 00:00:00+00:00,-0.005345245577475954,0.981488967642332,0.9871435502512598,0.09480243958557096,4,2022
2022-03-10 00:00:00+00:00,0.005190394826447786,0.9865832829021983,0.9871498827131994,0.0891557431443012,4,2022
2022-03-11 00:00:00+00:00,0.0012891515161568279,0.9878551382371668,0.987141154945391,0.08774462904833617,4,2022
2022-03-12 00:00:00+00:00,-0.0003102578229720043,0.9875486484525656,0.9871497049563145,0.08809087287998667,4,2022
2022-03-13 00:00:00+00:00,0.0024239034438253704,0.9899423710224948,0.9871499110666656,0.08546003128109084,4,2022
2022-03-14 00:00:00+00:00,-0.003207183182598272,0.98676744449841,0.9871461945781745,0.08894873510370939,4,2022
2022-03-15 00:00:00+00:00,-0.00017384262418274066,0.9865959022564004,0.9871516856123467,0.0891436393610508,4,2022
2022-03-16 00:00:00+00:00,-0.004374550160845203,0.9822799889934954,0.9871693110673492,0.09394703043711668,4,2022
2022-03-17 00:00:00+00:00,-0.000604410912040998,0.9816862882494682,0.987189320650099,0.09462900670250847,4,2022
2022-03-18 00:00:00+00:00,-0.0023235546566382492,0.9794052865030483,0.987204093891774,0.09719344448149274,4,2022
2022-03-19 00:00:00+00:00,-0.00145401646430654,0.9779812150912439,0.9837223800609304,0.0748172396621107,3,2022
2022-03-20 00:00:00+00:00,0.002019235478278647,0.9799559894578462,0.9837359034877086,0.07266510412788577,3,2022
2022-03-21 00:00:00+00:00,-9.926827183281972e-05,0.9798587109203005,0.9806639076624177,0.018100937283697445,1,2022
2022-03-22 00:00:00+00:00,-0.0003807979315166854,0.9794855827500034,0.9806693421395339,0.018494323999958057,1,2022
2022-03-23 00:00:00+00:00,-0.0008919055433032064,0.9786119741291631,0.9806750404087171,0.01940935847182145,1,2022
2022-03-24 00:00:00+00:00,-0.001458488948914094,0.9771846793796207,0.9771846793796207,0.0,0,2022
2022-03-25 00:00:00+00:00,0.0,0.9771846793796207,0.9771846793796207,0.0,0,2022
2022-03-26 00:00:00+00:00,0.0,0.9771846793796207,0.9771846793796207,0.0,0,2022
2022-03-27 00:00:00+00:00,0.0,0.9771846793796207,0.9771846793796207,0.0,0,2022
2022-03-28 00:00:00+00:00,0.00028899010806382464,0.9774670760857129,0.9771325266017055,0.02990687863070977,1,2022
2022-03-29 00:00:00+00:00,-0.0016396120212146537,0.9758644093174212,0.9771417800745408,0.03160778193838628,1,2022
2022-03-30 00:00:00+00:00,-0.0022531070169814482,0.9736656823691657,0.9736656823691657,0.0,0,2022
2022-03-31 00:00:00+00:00,0.0,0.9736656823691657,0.9736656823691657,0.0,0,2022
2022-04-01 00:00:00+00:00,0.0,0.9736656823691657,0.9736656823691657,0.0,0,2022
2022-04-02 00:00:00+00:00,0.0,0.9736656823691657,0.9736656823691657,0.0,0,2022
2022-04-03 00:00:00+00:00,0.0,0.9736656823691657,0.9736656823691657,0.0,0,2022
2022-04-04 00:00:00+00:00,0.0007081346467894267,0.9743551687732411,0.9735391514820186,0.0754036265501011,2,2022
2022-04-05 00:00:00+00:00,0.0022642716216647596,0.9765613735313167,0.9735605370102317,0.07299602050171576,2,2022
2022-04-06 00:00:00+00:00,0.004922913422022335,0.9813689006245027,0.9744196414405938,0.061310164459446835,2,2022
2022-04-07 00:00:00+00:00,-0.0010302520537248672,0.9803578432991725,0.9752634172106361,0.051634229461085285,2,2022
2022-04-08 00:00:00+00:00,0.002279236255245065,0.9825923104387339,0.9752737941985892,0.049253318155590635,2,2022
2022-04-09 00:00:00+00:00,-0.0008571183904471091,0.9817501124991449,0.9752799901748822,0.05015973512221089,2,2022
2022-04-10 00:00:00+00:00,0.0007429125098070699,0.9824794669392249,0.9752855995977742,0.04938584694612366,2,2022
2022-04-11 00:00:00+00:00,0.0036435933540690524,0.9860592225954741,0.9799777988035067,0.04767812934287313,2,2022
2022-04-12 00:00:00+00:00,-0.0021881667322323217,0.9839015606085798,0.9799752145554906,0.04997302460126773,2,2022
2022-04-13 00:00:00+00:00,-0.0010884491397183949,0.9828306338013678,0.9799704984798953,0.05111231365554624,2,2022
2022-04-14 00:00:00+00:00,0.0012299086603932974,0.9840394257095799,0.9799594186146176,0.049809869981887155,2,2022
2022-04-15 00:00:00+00:00,-0.0002864858919996438,0.9837575122969426,0.9799603620436407,0.05011167089154091,2,2022
2022-04-16 00:00:00+00:00,-9.545657766896198e-05,0.9836636061715627,0.979957291313427,0.05020879879931005,2,2022
2022-04-17 00:00:00+00:00,0.0012252802201957458,0.9848688697315312,0.9799601085971931,0.04892643405959672,2,2022
2022-04-18 00:00:00+00:00,-0.003354055106604359,0.9815655652696725,0.979784544736037,0.1282092870746912,4,2022
2022-04-19 00:00:00+00:00,-0.0024100790417126428,0.9791999146727492,0.9797976422588208,0.1309483053854749,4,2022
2022-04-20 00:00:00+00:00,0.0011840790893518083,0.9803593648160084,0.979816303502924,0.12962979201478123,4,2022
2022-04-21 00:00:00+00:00,0.0036635509345475104,0.9839509612831725,0.9798115633705095,0.12550162439012538,4,2022
2022-04-22 00:00:00+00:00,0.000987811895472257,0.9849229197472893,0.9797965512968824,0.12437569577013259,4,2022
2022-04-23 00:00:00+00:00,0.0011158606872359034,0.9860219565133929,0.9797779705894126,0.12310360347264493,4,2022
2022-04-24 00:00:00+00:00,0.00045404710748697674,0.9864696569306663,0.9797542613181852,0.12256985849686762,4,2022
2022-04-25 00:00:00+00:00,-0.00041633805621632547,0.9860589520711834,0.9822951709361062,0.010723277973053115,1,2022
2022-04-26 00:00:00+00:00,0.000562388812438197,0.9866135005942328,0.9822955752285806,0.01015558778008511,1,2022
2022-04-27 00:00:00+00:00,-0.0002812847913301608,0.9863359812215946,0.9822956517370433,0.010439886699306416,1,2022
2022-04-28 00:00:00+00:00,1.0763989509054994e-05,0.9863465981317489,0.9822936982676759,0.01042702994197114,1,2022
2022-04-29 00:00:00+00:00,0.00045195230737160585,0.9867923797526426,0.9822953264788082,0.009972221415599506,1,2022
2022-04-30 00:00:00+00:00,0.0006054677925970697,0.9873898507565629,0.9873898507565629,0.0,0,2022
2022-05-01 00:00:00+00:00,0.0,0.9873898507565629,0.9873898507565629,0.0,0,2022
2022-05-02 00:00:00+00:00,0.0005023625335174309,0.9878858784235584,0.9873411140826825,0.02222042235698096,1,2022
2022-05-03 00:00:00+00:00,0.0004155382541513042,0.9882963827967792,0.9873424175915589,0.021797146048194892,1,2022
2022-05-04 00:00:00+00:00,-0.0017504858406415247,0.9865663839723362,0.9873421083102654,0.023588610473602015,1,2022
2022-05-05 00:00:00+00:00,0.002094387332441494,0.9886326361095404,0.9873447830824931,0.02145200552588997,1,2022
2022-05-06 00:00:00+00:00,0.0007197059188439603,0.9893441608693109,0.9873408339383483,0.020713397500598214,1,2022
2022-05-07 00:00:00+00:00,0.0007166717837028269,0.990053195913777,0.9873394159484005,0.019980972655019434,1,2022
2022-05-08 00:00:00+00:00,0.0008365727702535075,0.990881447458581,0.9881946546667731,0.014315750481082,1,2022
2022-05-09 00:00:00+00:00,0.014597037508814248,1.0053453811139221,0.9914393084168899,0.07531689083498756,4,2022
2022-05-10 00:00:00+00:00,-0.003876473711709516,1.0014481861728455,0.9922835938684964,0.07312891665567924,4,2022
2022-05-11 00:00:00+00:00,0.008954979507366234,1.0104161341577125,0.999145964672652,0.05093979176461904,3,2022
2022-05-12 00:00:00+00:00,0.0028317720407697866,1.013277402315963,1.0076891651034041,0.02469642519569403,2,2022
2022-05-13 00:00:00+00:00,-0.0009448527498984172,1.0123200043759748,1.0093909106506458,0.011382963656381449,1,2022
2022-05-14 00:00:00+00:00,-0.00026114178644431885,1.0120556453215788,1.0093933909216013,0.01164959772547394,1,2022
2022-05-15 00:00:00+00:00,-0.0005019752432739999,1.0115476184428116,1.0093963805706578,0.012160631340866897,1,2022
2022-05-16 00:00:00+00:00,0.002571074047323929,1.0141483822722221,1.0092971924594034,0.051277350730799004,3,2022
2022-05-17 00:00:00+00:00,-0.0013446459693673418,1.0127847117376594,1.0092800956139563,0.05267596890204633,3,2022
2022-05-18 00:00:00+00:00,0.003360521266156047,1.0161881962994914,1.0092510287206458,0.04912167323591582,3,2022
2022-05-19 00:00:00+00:00,-0.0029556578930395316,1.0131846916362852,1.0092317422470047,0.052212674698971936,3,2022
2022-05-20 00:00:00+00:00,0.0014728357573132733,1.0146769462788896,1.0092270517596318,0.05066059475670542,3,2022
2022-05-21 00:00:00+00:00,-0.0008700221920845408,1.0137941548178304,1.0092128182142224,0.05156144889141616,3,2022
2022-05-22 00:00:00+00:00,-0.001443543361916988,1.012330698995293,1.0092111677186588,0.05307998747875536,3,2022
2022-05-23 00:00:00+00:00,0.001429460322230236,1.0137777855624823,1.0092157139171574,0.05158128458035344,3,2022
2022-05-24 00:00:00+00:00,-0.001120569807756211,1.012641776784207,1.0091928010398614,0.05273834991176629,3,2022
2022-05-25 00:00:00+00:00,0.00045112348150588844,1.0130986032680682,1.0091954408525179,0.05226625475279903,3,2022
2022-05-26 00:00:00+00:00,0.002414935180746758,1.0155451707266656,1.0091783338592817,0.04971437676194587,3,2022
2022-05-27 00:00:00+00:00,0.0008647017087324294,1.016423314371088,1.0091720840207026,0.04880132229549483,3,2022
2022-05-28 00:00:00+00:00,-0.0010107660706829558,1.0153959481714705,1.0091692494997122,0.04985969613437553,3,2022
2022-05-29 00:00:00+00:00,-0.0003529178249354059,1.0150375968419936,1.0091699697897933,0.05023105076116747,3,2022
2022-05-30 00:00:00+00:00,-0.003680729934724236,1.0113015175744267,1.0091790541010426,0.054119931275839216,3,2022
2022-05-31 00:00:00+00:00,0.00031499386885824876,1.0116200713520296,1.009188351148136,0.05379718477415656,3,2022
2022-06-01 00:00:00+00:00,0.0034330706268159705,1.0150930345044857,1.009198350081532,0.05020165240872329,3,2022
2022-06-02 00:00:00+00:00,-0.0010397271758182391,1.0140376146905277,1.009194011924035,0.051290433987544196,3,2022
2022-06-03 00:00:00+00:00,0.001473466855903327,1.0155317655064133,1.0091919848286413,0.049741675387871276,3,2022
2022-06-04 00:00:00+00:00,-0.0004572722952237429,1.0150673909651275,1.009191840083344,0.05022177017568263,3,2022
2022-06-05 00:00:00+00:00,7.188389389800598e-05,1.015140357961759,1.0091890213465675,0.050143504875204546,3,2022
2022-06-06 00:00:00+00:00,-0.0031680636857938094,1.0119243286577166,1.0131967671915316,0.08394014973907607,4,2022
2022-06-07 00:00:00+00:00,0.0022730549376026588,1.0142244882494522,1.0131831755454401,0.08146848098385995,4,2022
2022-06-08 00:00:00+00:00,0.0013125251244474612,1.0155556833721096,1.013190928803396,0.0800585215570337,4,2022
2022-06-09 00:00:00+00:00,-0.00038292781582571767,1.0151667988524264,1.0132014274925902,0.0804826062779548,4,2022
2022-06-10 00:00:00+00:00,0.0038651911649281168,1.0190906125942791,1.0131991534782734,0.07632018297600246,4,2022
2022-06-11 00:00:00+00:00,0.004369460313902618,1.0235434885822805,1.0140517348465503,0.06597797619907682,4,2022
2022-06-12 00:00:00+00:00,0.00453137472779952,1.028181547679246,1.01577906169961,0.05253951665097819,4,2022
2022-06-13 00:00:00+00:00,0.01029878605840584,1.0387705694679952,1.0252870203979478,0.05315020340065687,4,2022
2022-06-14 00:00:00+00:00,0.0009119645877153637,1.0397178914421108,1.030591766240335,0.044509354272563896,3,2022
2022-06-15 00:00:00+00:00,-0.00208588191411041,1.0375491626965747,1.0323657710523413,0.04047272795437169,3,2022
2022-06-16 00:00:00+00:00,0.0043173427143605725,1.0420286180149336,1.0323628129364932,0.03599712226556151,3,2022
2022-06-17 00:00:00+00:00,-0.0006240667609125339,1.0413783225905109,1.0323541090863628,0.03663569935495179,3,2022
2022-06-18 00:00:00+00:00,0.0028560253203684383,1.0443525254479122,1.0395082851045956,0.018487566455426305,2,2022
2022-06-19 00:00:00+00:00,-0.0015000672319926966,1.042785926445839,1.039497598273004,0.020007413178946276,2,2022
2022-06-20 00:00:00+00:00,-0.00043330095830451665,1.0423340863046036,1.0394316610634962,0.05205914251254703,4,2022
2022-06-21 00:00:00+00:00,-0.0012031250524134895,1.041080028052386,1.0411872076060844,0.031813929368097495,2,2022
2022-06-22 00:00:00+00:00,0.0015591232903349184,1.042703200171225,1.0411842814501882,0.030204902218664245,2,2022
2022-06-23 00:00:00+00:00,-0.0021204046124696507,1.040492247496145,1.0411802882545238,0.032390157413258985,2,2022
2022-06-24 00:00:00+00:00,-0.0010775592911627108,1.0393710554074729,1.0411887428726014,0.03351195341568411,2,2022
2022-06-25 00:00:00+00:00,-0.00042404759702596717,1.038930312609009,1.0411932035159794,0.03395469109345692,2,2022
2022-06-26 00:00:00+00:00,0.0009386629600929286,1.0399055180115728,1.0411978549289254,0.03298953919222103,2,2022
2022-06-27 00:00:00+00:00,0.0005775516175043904,1.040506117125552,1.0411137020244974,0.06625050760146774,4,2022
2022-06-28 00:00:00+00:00,0.0027119920026368316,1.0433279613938913,1.0411041006823567,0.06335746309646186,4,2022
2022-06-29 00:00:00+00:00,0.0017391814598013422,1.04514249804084,1.0410966224908673,0.06150414713168643,4,2022
2022-06-30 00:00:00+00:00,0.0006042317342433989,1.0457740063049625,1.0410799330452742,0.06084718101590534,4,2022
2022-07-01 00:00:00+00:00,0.0012594966173165023,1.0470911551283812,1.04106835897783,0.059501674775263164,4,2022
2022-07-02 00:00:00+00:00,-0.00037705204886728794,1.0466963472629893,1.0410593298349922,0.059892686411856244,4,2022
2022-07-03 00:00:00+00:00,-0.0002279359796311109,1.0464577675056996,1.0410561257979591,0.06013126737574863,4,2022
2022-07-04 00:00:00+00:00,-0.003971252077004772,1.0423020199229949,1.0410522280900314,0.06435436217906106,4,2022
2022-07-05 00:00:00+00:00,0.0008289154360912043,1.043166000156378,1.041048981393152,0.06346972078260162,4,2022
2022-07-06 00:00:00+00:00,-0.002236313319768257,1.040833154135499,1.0410552263299622,0.06585930266071652,4,2022
2022-07-07 00:00:00+00:00,-0.0023018566628419945,1.0384373054047453,1.04106044357298,0.06832344265948322,4,2022
2022-07-08 00:00:00+00:00,0.0004983247345107245,1.0389547843992673,1.0410649375691148,0.06779566132286442,4,2022
2022-07-09 00:00:00+00:00,-0.00021296560154437927,1.0387335227686303,1.041072388526237,0.06803028662472607,4,2022
2022-07-10 00:00:00+00:00,0.0024341545266286513,1.0412619606750384,1.0410814984318737,0.0654455976051518,4,2022
2022-07-11 00:00:00+00:00,0.003634809072471823,1.0450467490965198,1.0410873121297641,0.06159249489264159,4,2022
2022-07-12 00:00:00+00:00,0.0019345303542444015,1.0470684237542516,1.041078127565285,0.059534005533833714,4,2022
2022-07-13 00:00:00+00:00,-0.0033712361980836603,1.0435385087822209,1.0410591639295528,0.06309985507600324,4,2022
2022-07-14 00:00:00+00:00,-0.002741465582892899,1.040677683875971,1.0410556160474695,0.06601890936938896,4,2022
2022-07-15 00:00:00+00:00,-0.0007431830939937933,1.0399042698150178,1.0410632119154586,0.06681905021493549,4,2022
2022-07-16 00:00:00+00:00,-0.004381366903355444,1.0353480676645923,1.0373865271256337,0.05439050368330163,3,2022
2022-07-17 00:00:00+00:00,0.0008976149493971075,1.0362774115679574,1.0373960583498083,0.05345411333901983,3,2022
2022-07-18 00:00:00+00:00,-0.009425837404212545,1.0265096291808595,1.033358498183329,0.07387656949358187,3,2022
2022-07-19 00:00:00+00:00,-0.001900239745291743,1.0245590147845653,1.0296735445576275,0.03945827989158878,2,2022
2022-07-20 00:00:00+00:00,0.0019446033022880727,1.0265513756281044,1.0296781741641137,0.037445378815305116,2,2022
2022-07-21 00:00:00+00:00,-0.0010245620603781536,1.0254996100356069,1.0296830938807593,0.03851419352713238,2,2022
2022-07-22 00:00:00+00:00,0.0012486934476840794,1.0267801446792608,1.0296877146027954,0.03722352513276477,2,2022
2022-07-23 00:00:00+00:00,0.0004898779655189145,1.0272831416475716,1.0296912404565945,0.03671909318621088,2,2022
2022-07-24 00:00:00+00:00,-0.0005512654892415592,1.0267168359039016,1.0296893455612244,0.03728907028331215,2,2022
2022-07-25 00:00:00+00:00,0.008358459868774482,1.0352986073733994,1.0264079593037951,0.10386050879630919,4,2022
2022-07-26 00:00:00+00:00,-0.00016993417674471267,1.0351226747568705,1.0272992386116093,0.09907063739654888,4,2022
2022-07-27 00:00:00+00:00,-0.009196238341346086,1.0256034399272747,1.027267066579811,0.09156225077094805,3,2022
2022-07-28 00:00:00+00:00,-0.0034245576256671795,1.0220912018461612,1.0272841028623856,0.09532988205539958,3,2022
2022-07-29 00:00:00+00:00,-0.0007412618274744709,1.0213335646540351,1.0236258748068505,0.0558803866577124,2,2022
2022-07-30 00:00:00+00:00,-0.0007688486898052016,1.0205483136809967,1.0236432373452538,0.05670983650157642,2,2022
2022-07-31 00:00:00+00:00,0.0012825189492573497,1.0218571862319252,1.0236589322799066,0.055371681245573935,2,2022
2022-08-01 00:00:00+00:00,0.0009514468032019163,1.0228294289850945,1.0235691727788052,0.10753357016270262,4,2022
2022-08-02 00:00:00+00:00,0.0013160156153189106,1.0241754884854466,1.0235822780111825,0.10609075018867228,4,2022
2022-08-03 00:00:00+00:00,-0.0005496733045333713,1.0236125265602687,1.02357884951211,0.10669572371430534,4,2022
2022-08-04 00:00:00+00:00,-0.0013502947519895558,1.0222303479375836,1.023581287672128,0.10819449484181459,4,2022
2022-08-05 00:00:00+00:00,-0.0038487518729978243,1.0182960369713236,1.0199463308093064,0.07657413567662635,3,2022
2022-08-06 00:00:00+00:00,0.0013945003628508257,1.0197160511643697,1.0199677706581423,0.07509596859082811,3,2022
2022-08-07 00:00:00+00:00,-0.0007149030731558037,1.018987053025646,1.0199793348530384,0.07587645657895986,3,2022
2022-08-08 00:00:00+00:00,-0.002676587934029917,1.0162596445745848,1.0199965923735428,0.07878084432694639,3,2022
2022-08-09 00:00:00+00:00,0.0028688925404414256,1.0191751842880565,1.0200105752892226,0.0757085113989471,3,2022
2022-08-10 00:00:00+00:00,-0.004163324231483356,1.0149320275471836,1.0200186070147246,0.08021367176708451,3,2022
2022-08-11 00:00:00+00:00,-0.00043258522328604165,1.014492982949427,1.0200370455447956,0.08069933358571105,3,2022
2022-08-12 00:00:00+00:00,-0.003092369205479617,1.011355796089779,1.0164240228289236,0.05917643555026764,2,2022
2022-08-13 00:00:00+00:00,-0.0012960579798113603,1.0100450203398283,1.0127905935222599,0.03573212010183425,1,2022
2022-08-14 00:00:00+00:00,-0.0009112039168349684,1.009124663361115,1.009124663361115,0.0,0,2022
2022-08-15 00:00:00+00:00,0.001338683270517782,1.0104755616658234,1.008935101434073,0.09390758395328458,3,2022
2022-08-16 00:00:00+00:00,0.0011161127481968958,1.0116033663219401,1.008943074739979,0.09269590277324413,3,2022
2022-08-17 00:00:00+00:00,0.0029075331421419826,1.0145446366362236,1.008953860545231,0.08953869499702019,3,2022
2022-08-18 00:00:00+00:00,0.0006395510704586549,1.0151934897446124,1.008963908897689,0.0888522226904689,3,2022
2022-08-19 00:00:00+00:00,0.00822914793787577,1.0235476671572892,1.0115619089308596,0.0589499423069056,3,2022
2022-08-20 00:00:00+00:00,0.00019097381359478582,1.0237431379586823,1.0115566437435117,0.058742606136985974,3,2022
2022-08-21 00:00:00+00:00,-0.001444860757783717,1.0222639716725954,1.011546393959506,0.060264528681209364,3,2022
2022-08-22 00:00:00+00:00,0.0006201370197003175,1.0228979154053355,1.011468169862879,0.09208907402029712,4,2022
2022-08-23 00:00:00+00:00,-0.00065794105598449,1.0222249088707094,1.011458447833075,0.0927985666643442,4,2022
2022-08-24 00:00:00+00:00,0.0009512320185498524,1.0231972819341864,1.0114466695164548,0.09174853826256824,4,2022
2022-08-25 00:00:00+00:00,-0.0013592472428650693,1.0218065038498103,1.011443289439932,0.09323120632000803,4,2022
2022-08-26 00:00:00+00:00,0.007442058440334742,1.0294108475661747,1.014932410102838,0.0722147869574238,4,2022
2022-08-27 00:00:00+00:00,0.0006265231732591747,1.0300557973169793,1.0166491455432851,0.06612541871541458,4,2022
2022-08-28 00:00:00+00:00,0.0013022285068875483,1.0313971653399303,1.0166268098000402,0.06471722957434163,4,2022
2022-08-29 00:00:00+00:00,-0.0030961518023159273,1.0282038031475595,1.0165975465287107,0.06799553341336693,4,2022
2022-08-30 00:00:00+00:00,0.0012892403853601575,1.0295294050149584,1.0165884727451324,0.0666115897881491,4,2022
2022-08-31 00:00:00+00:00,-0.0001608366102782144,1.029363818995274,1.016584111853748,0.066778931084918,4,2022
2022-09-01 00:00:00+00:00,-0.00026480907094417194,1.0290912341187024,1.0165729663310066,0.06705066819747565,4,2022
2022-09-02 00:00:00+00:00,0.00043678711392414193,1.0295407279088178,1.0165706526507898,0.06658255040840182,4,2022
2022-09-03 00:00:00+00:00,0.00020589454046104905,1.0297527047238766,1.0165568457238712,0.06634958408760373,4,2022
2022-09-04 00:00:00+00:00,-0.0007308906904305301,1.0290000680585483,1.0165549371340892,0.06712768433279677,4,2022
2022-09-05 00:00:00+00:00,0.00013341490420626378,1.0291373520040565,1.0165506278959924,0.06698114535365131,4,2022
2022-09-06 00:00:00+00:00,0.0029761290892189596,1.0322001976141575,1.017429133703785,0.0566000186662038,4,2022
2022-09-07 00:00:00+00:00,-0.002803218472526847,1.0293067149528596,1.0173959640864125,0.059538000292704375,4,2022
2022-09-08 00:00:00+00:00,-0.00041366082461891107,1.0288809310883664,1.0173996092818252,0.059980013907704036,4,2022
2022-09-09 00:00:00+00:00,-0.003557130141363496,1.0252210677165179,1.0191435783760097,0.0512288783317008,3,2022
2022-09-10 00:00:00+00:00,-0.0006057622068221802,1.0246000275400573,1.0191521130792929,0.05187438882711888,3,2022
2022-09-11 00:00:00+00:00,-1.8914010171400264e-05,1.0245806482447148,1.019159054786462,0.0519010595354326,3,2022
2022-09-12 00:00:00+00:00,-0.0013409008574508663,1.023206787174956,1.0243958555030903,0.045986856090990014,1,2022
2022-09-13 00:00:00+00:00,0.004584109511831969,1.0278972791406158,1.0252838301291507,0.030922639686197847,1,2022
2022-09-14 00:00:00+00:00,-8.427402280997143e-05,1.0278106541018672,1.0252831219507743,0.031008837990213808,1,2022
2022-09-15 00:00:00+00:00,0.0008104492173974798,1.0286436424421168,1.025286579062991,0.030177295176715534,1,2022
2022-09-16 00:00:00+00:00,-0.00015121320995403753,1.0284880979350444,1.0252913601467413,0.030337743803838337,1,2022
2022-09-17 00:00:00+00:00,-0.000471678681686849,1.0280029820248797,1.025294157416121,0.030826682562315414,1,2022
2022-09-18 00:00:00+00:00,0.001074925791502146,1.0291080089439995,1.0252996061680932,0.029725104816001748,1,2022
2022-09-19 00:00:00+00:00,-0.0008922042444614586,1.0281898344104103,1.0270189462791683,0.045293127762267356,2,2022
2022-09-20 00:00:00+00:00,0.0016308645775595654,1.0298666727903572,1.0270261242506502,0.04359814169313382,2,2022
2022-09-21 00:00:00+00:00,-0.0007161219870713831,1.0291291626222199,1.028777837786535,0.02376475203030276,1,2022
2022-09-22 00:00:00+00:00,-0.001386642342488531,1.027702128549438,1.0287720723672051,0.025180708778766627,1,2022
2022-09-23 00:00:00+00:00,-0.0009686059161762017,1.0267066901876583,1.0287747159249843,0.02617724242643093,1,2022
2022-09-24 00:00:00+00:00,0.00024109193612997792,1.0269542208914333,1.028782706968065,0.025937680304838718,1,2022
2022-09-25 00:00:00+00:00,0.0008239202114892485,1.0278003492302998,1.0287904464945021,0.025100615577798968,1,2022
2022-09-26 00:00:00+00:00,-0.0019244546545262864,1.0258223940642999,1.0287361474931263,0.05720329152221417,2,2022
2022-09-27 00:00:00+00:00,0.0011825983840672016,1.0270355299698604,1.0287503704202525,0.055968369936460094,2,2022
2022-09-28 00:00:00+00:00,-0.0009805544514916997,1.0260284657091083,1.0287457297731688,0.05700029779630964,2,2022
2022-09-29 00:00:00+00:00,-0.0008145479005304823,1.0251927163764805,1.0287574162991275,0.057873376394246966,2,2022
2022-09-30 00:00:00+00:00,0.0008337832099809539,1.0260475048503899,1.0287720145989707,0.05700630185340108,2,2022
2022-10-01 00:00:00+00:00,0.000800742968316781,1.0268691051750578,1.0287774878990175,0.05616591877401627,2,2022
2022-10-02 00:00:00+00:00,0.000703986515545596,1.0275920071783313,1.0287777113444463,0.05542313271913248,2,2022
2022-10-03 00:00:00+00:00,-0.0015669699780560542,1.0259818013533926,1.0287891282603594,0.057090672425719524,2,2022
2022-10-04 00:00:00+00:00,-0.002055116440606519,1.0238732892856681,1.0288016269287055,0.059279797907641665,2,2022
2022-10-05 00:00:00+00:00,0.0003536758940110296,1.0242354085866103,1.028814483691316,0.05891784117952828,2,2022
2022-10-06 00:00:00+00:00,0.0008660330878167422,1.0251224303401598,1.0288278019148112,0.05801456864402687,2,2022
2022-10-07 00:00:00+00:00,0.0009909224609085943,1.026138247181565,1.028834980606704,0.056974191942037684,2,2022
2022-10-08 00:00:00+00:00,0.0005051466919090419,1.02665659752257,1.0288450629119734,0.05645035502436205,2,2022
2022-10-09 00:00:00+00:00,-0.0003029554731469597,1.0263455662873082,1.0288447025251013,0.05677015829806003,2,2022
2022-10-10 00:00:00+00:00,0.001259897725292225,1.0276386567316373,1.028859376976383,0.05545469110206604,2,2022
2022-10-11 00:00:00+00:00,0.001018332788471854,1.0286851348704884,1.0288739942419869,0.05439519003780752,2,2022
2022-10-12 00:00:00+00:00,-0.0004174569403901929,1.0282557031214605,1.0288851575086113,0.054846394962653,2,2022
2022-10-13 00:00:00+00:00,0.0001747499124380436,1.028435390715545,1.0288880405536314,0.05466489618547705,2,2022
2022-10-14 00:00:00+00:00,0.0007183032303637038,1.0291741191789163,1.0288967048809599,0.053916289476034225,2,2022
2022-10-15 00:00:00+00:00,0.0004703353455477455,1.0296581761438892,1.0288977693036137,0.05342186218981371,2,2022
2022-10-16 00:00:00+00:00,-0.000742358243676744,1.0288938009086597,1.0288958867196356,0.054202629844376106,2,2022
2022-10-17 00:00:00+00:00,-0.0025531409612862266,1.0262668900007463,1.0294459074731768,0.10681185169039796,3,2022
2022-10-18 00:00:00+00:00,0.002157648121117406,1.0284812128277214,1.0294711869628028,0.10445346222398287,3,2022
2022-10-19 00:00:00+00:00,0.0025356160488476664,1.0310890462969058,1.029495874359911,0.10168401828789274,3,2022
2022-10-20 00:00:00+00:00,0.001114617000747442,1.0322383156771928,1.0295111462539515,0.10047222465852254,3,2022
2022-10-21 00:00:00+00:00,-0.0004794363887544728,1.0317434230667906,1.0304098955986496,0.09381899742934284,3,2022
2022-10-22 00:00:00+00:00,-0.0004362180429522411,1.0312933579699515,1.030406549479705,0.09429310465623351,3,2022
2022-10-23 00:00:00+00:00,-0.003166931948723084,1.0280273220860905,1.0304189319934411,0.09778171141206131,3,2022
2022-10-24 00:00:00+00:00,0.002021375438513884,1.0301053512650764,1.029002273957642,0.12434418890354865,3,2022
2022-10-25 00:00:00+00:00,-0.00625627595162126,1.0236607279283203,1.0252704294050956,0.06215738305497912,1,2022
2022-10-26 00:00:00+00:00,-0.0020613664808318832,1.021550588016025,1.021550588016025,0.0,0,2022
2022-10-27 00:00:00+00:00,0.0,1.021550588016025,1.021550588016025,0.0,0,2022
2022-10-28 00:00:00+00:00,0.0,1.021550588016025,1.021550588016025,0.0,0,2022
2022-10-29 00:00:00+00:00,0.0,1.021550588016025,1.021550588016025,0.0,0,2022
2022-10-30 00:00:00+00:00,0.0,1.021550588016025,1.021550588016025,0.0,0,2022
2022-10-31 00:00:00+00:00,0.0009449594251920157,1.0225159118724811,1.0213027776479788,0.12853710216075456,3,2022
2022-11-01 00:00:00+00:00,0.0002235878764986765,1.0227445340339028,1.021296283131401,0.12827848126441502,3,2022
2022-11-02 00:00:00+00:00,0.0037883598502217453,1.0266190583636705,1.0213102817585271,0.12403392359349885,3,2022
2022-11-03 00:00:00+00:00,-0.0005318449062515773,1.026073056246819,1.0213049572013795,0.12462686416517,3,2022
2022-11-04 00:00:00+00:00,-0.008210674730850909,1.0176483041318862,1.0213248598933733,0.1339568116586501,3,2022
2022-11-05 00:00:00+00:00,-0.0027771955029163298,1.0148220958381007,1.0177070307120888,0.10168609512506442,2,2022
2022-11-06 00:00:00+00:00,0.0026004890468036557,1.017461129582782,1.0177298398393557,0.09885102106675894,2,2022
2022-11-07 00:00:00+00:00,0.0032990840219808693,1.0208178193383752,1.0184979265953866,0.1579317558232532,4,2022
2022-11-08 00:00:00+00:00,0.014655457825652363,1.0357783718373632,1.0325563292814086,0.016172284758909042,1,2022
2022-11-09 00:00:00+00:00,0.002024854992449754,1.0378756728446497,1.0378756728446497,0.0,0,2022
2022-11-10 00:00:00+00:00,0.0,1.0378756728446497,1.0378756728446497,0.0,0,2022
2022-11-11 00:00:00+00:00,0.0,1.0378756728446497,1.0378756728446497,0.0,0,2022
2022-11-12 00:00:00+00:00,0.0,1.0378756728446497,1.0378756728446497,0.0,0,2022
2022-11-13 00:00:00+00:00,0.0,1.0378756728446497,1.0378756728446497,0.0,0,2022
2022-11-14 00:00:00+00:00,-0.0010575601511715327,1.0367780568911789,1.0377448599654373,0.06270514130281107,3,2022
2022-11-15 00:00:00+00:00,-0.00047750900224396986,1.0362829860356844,1.0377356457725178,0.06320394342297418,3,2022
2022-11-16 00:00:00+00:00,0.0012338981306563301,1.0375616536749848,1.0377279825279657,0.061886288981774236,3,2022
2022-11-17 00:00:00+00:00,0.0004202259018868393,1.0379976639566635,1.0377214146933893,0.06143391688995638,3,2022
2022-11-18 00:00:00+00:00,-0.0005866676595061016,1.0373887042965773,1.0377155813284105,0.06205136825568028,3,2022
2022-11-19 00:00:00+00:00,3.5001196468487095e-05,1.0374250141424306,1.0377220269638419,0.06202040959784912,3,2022
2022-11-20 00:00:00+00:00,0.0022750074091302253,1.0397851637360216,1.0377225894603384,0.059610330449770994,3,2022
2022-11-21 00:00:00+00:00,0.0019594605355830463,1.041822581729847,1.0377221089778612,0.057537665032408376,3,2022
2022-11-22 00:00:00+00:00,-0.0020020982991854064,1.0397367505109127,1.0377207441706955,0.059657894281470246,3,2022
2022-11-23 00:00:00+00:00,-0.003325610697831105,1.0362789908504855,1.0377066647386104,0.06318007597273378,3,2022
2022-11-24 00:00:00+00:00,-0.0004072610678993449,1.03585695476203,1.0376481442966001,0.06355674952479465,3,2022
2022-11-25 00:00:00+00:00,8.449663419840547e-05,1.0359444811882184,1.037581899824906,0.06340294418491221,3,2022
2022-11-26 00:00:00+00:00,-0.000704855135762239,1.0352142904002883,1.0375428961754536,0.06411534102012571,3,2022
2022-11-27 00:00:00+00:00,0.00040216786939040183,1.0356306203258212,1.0375031111780115,0.06364914385614516,3,2022
2022-11-28 00:00:00+00:00,0.0006800936778494915,1.0363349461632922,1.0353616872045104,0.04277411055583183,2,2022
2022-11-29 00:00:00+00:00,-0.0010463639430715599,1.035250562642682,1.0353670175040144,0.043871523493053254,2,2022
2022-11-30 00:00:00+00:00,-0.0022620976139898774,1.0329087248150464,1.035377413696334,0.04624828143327398,2,2022
2022-12-01 00:00:00+00:00,0.0005601112162134658,1.0334872685771401,1.0353812980585946,0.04566635258630125,2,2022
2022-12-02 00:00:00+00:00,-0.00044993307365193136,1.033022268473809,1.035386143884337,0.04614173516297147,2,2022
2022-12-03 00:00:00+00:00,0.001111760912541726,1.0341707422536834,1.035390419324726,0.044984101453600704,2,2022
2022-12-04 00:00:00+00:00,-0.0009023632648915703,1.033237544566248,1.0353951092062306,0.045932447391609614,2,2022
2022-12-05 00:00:00+00:00,-0.0002565292747572778,1.0329724888882885,1.0352731674453526,0.10653114816734754,4,2022
2022-12-06 00:00:00+00:00,-0.00089922848734314,1.0320436105996385,1.0352818719453987,0.10801761366564946,4,2022
2022-12-07 00:00:00+00:00,0.0014770049034593669,1.033567944073078,1.0352883060723344,0.10475241483151976,4,2022
2022-12-08 00:00:00+00:00,-0.0007918957197100562,1.032749466042137,1.0352846462081695,0.1072974138229095,4,2022
2022-12-09 00:00:00+00:00,-3.1864647886625797e-05,1.0327165578440465,1.03528983701146,0.10616499876143688,4,2022
2022-12-10 00:00:00+00:00,0.00026241292923279147,1.0329875560210575,1.035286745996255,0.10643287771483882,4,2022
2022-12-11 00:00:00+00:00,-0.0001114410652569564,1.0328724387874173,1.0352840995363957,0.10558753544203975,4,2022
2022-12-12 00:00:00+00:00,-0.0006778616067661947,1.0321722942164764,1.0320352615689288,0.09578020453361752,2,2022
2022-12-13 00:00:00+00:00,-0.004096985111125884,1.0279434996949548,1.0282763593489666,0.023190893284891156,1,2022
2022-12-14 00:00:00+00:00,-0.0003701529623167943,1.0275630033634484,1.0282836273566696,0.02357684372075801,1,2022
2022-12-15 00:00:00+00:00,0.0001339358414120806,1.0277006308789078,1.0282908562447843,0.023446802494983765,1,2022
2022-12-16 00:00:00+00:00,0.003016775000459271,1.0308009724500995,1.028294230416537,0.020371853420778255,1,2022
2022-12-17 00:00:00+00:00,-0.000434283658656609,1.030353312432437,1.0282755132519825,0.020797010997392305,1,2022
2022-12-18 00:00:00+00:00,0.00017732781969792555,1.0305360227388494,1.0282523309889031,0.020593532037786143,1,2022
2022-12-19 00:00:00+00:00,0.0017140612326620452,1.0323024245842878,1.02811253569911,0.08075059341670798,2,2022
2022-12-20 00:00:00+00:00,-0.00223464083680458,1.0299955994303793,1.028102803496653,0.08316164299100855,2,2022
2022-12-21 00:00:00+00:00,0.000447624862927265,1.03045665106939,1.0280991942806548,0.08267350730253421,2,2022
2022-12-22 00:00:00+00:00,0.0005348947683252447,1.031007836941033,1.0280976491740141,0.08209320187125531,2,2022
2022-12-23 00:00:00+00:00,0.00023171923145359763,1.0312467412846316,1.0281148189294782,0.0818591676668506,2,2022
2022-12-24 00:00:00+00:00,0.00026619233255575914,1.0315212512601346,1.028968194052499,0.07670161701855145,2,2022
2022-12-25 00:00:00+00:00,5.9487440667194136e-05,1.031582613819366,1.0289479894842846,0.07661798461353844,2,2022
2022-12-26 00:00:00+00:00,-0.0002802533923986772,1.0312935092923037,1.028935889276142,0.07690806199929756,2,2022
2022-12-27 00:00:00+00:00,0.0010968989315180977,1.032424734040728,1.028938991565605,0.07573110185684508,2,2022
2022-12-28 00:00:00+00:00,0.0023574187225370302,1.034858591438366,1.0307364185952381,0.06925942909548757,2,2022
2022-12-29 00:00:00+00:00,-0.00021419520413534787,1.0346369296911215,1.0307484325804313,0.06950012019335751,2,2022
2022-12-30 00:00:00+00:00,-0.0001539214049118831,1.0344776769213297,1.030703410894739,0.06962124332006815,2,2022
2022-12-31 00:00:00+00:00,-6.9517735555857385e-06,1.0344704854667714,1.0344704854667714,0.0,0,2022
2023-01-01 00:00:00+00:00,0.0,1.0,1.0,0.0,0,2023
2023-01-02 00:00:00+00:00,-0.004028461888915813,0.9959715381110842,0.9962212397779006,0.07515036590949328,1,2023
2023-01-03 00:00:00+00:00,1.1347943915440695e-05,0.99598284034024,0.9962379312516639,0.07515492409841686,1,2023
2023-01-04 00:00:00+00:00,-0.0007774048121396149,0.995208558487351,0.9962491318003249,0.07600265946829453,1,2023
2023-01-05 00:00:00+00:00,9.557690520289874e-05,0.9953036774414026,0.9962620647741114,0.07591282229018953,1,2023
2023-01-06 00:00:00+00:00,-0.0005255373503684213,0.9947806081839481,0.9962779199774117,0.07649449036813658,1,2023
2023-01-07 00:00:00+00:00,4.303345022838023e-05,0.9948234170257385,0.9962879442478395,0.07645824352142845,1,2023
2023-01-08 00:00:00+00:00,-0.0008317462070673853,0.9939959764219255,0.9963057168399769,0.07737220884189831,1,2023
2023-01-09 00:00:00+00:00,-0.003795027713519472,0.9902237341442774,0.9927355712351119,0.07787104902625153,1,2023
2023-01-10 00:00:00+00:00,-0.001143617243258288,0.9890912972072264,0.9890912972072264,0.0,0,2023
2023-01-11 00:00:00+00:00,0.0,0.9890912972072264,0.9890912972072264,0.0,0,2023
2023-01-12 00:00:00+00:00,0.0,0.9890912972072264,0.9890912972072264,0.0,0,2023
2023-01-13 00:00:00+00:00,0.0,0.9890912972072264,0.9890912972072264,0.0,0,2023
2023-01-14 00:00:00+00:00,0.0,0.9890912972072264,0.9890912972072264,0.0,0,2023
2023-01-15 00:00:00+00:00,0.0,0.9890912972072264,0.9890912972072264,0.0,0,2023
2023-01-16 00:00:00+00:00,-0.0006431024187947276,0.9884552102015837,0.9888162982443028,0.13758512044741056,3,2023
2023-01-17 00:00:00+00:00,0.00029176151422216634,0.988743603390453,0.9888056206796629,0.13650661082214743,3,2023
2023-01-18 00:00:00+00:00,-0.003225107785295722,0.9855547986974971,0.98522409701107,0.07503460880499381,2,2023
2023-01-19 00:00:00+00:00,0.0009125830372129773,0.9864541992890322,0.9852127301785032,0.07697761448801325,2,2023
2023-01-20 00:00:00+00:00,0.00016941645645918157,0.9866213208639351,0.9860364943495511,0.0692501866219379,2,2023
2023-01-21 00:00:00+00:00,-2.303914507029159e-05,0.9865985899521942,0.9860340294372323,0.06752180682612983,2,2023
2023-01-22 00:00:00+00:00,0.00033947858146055054,0.9869335190419822,0.9860270380354522,0.06718088548209346,2,2023
2023-01-23 00:00:00+00:00,0.00040577216355908163,0.9873339891912929,0.9858037700704331,0.1648507074723461,4,2023
2023-01-24 00:00:00+00:00,-0.0021476786990921592,0.9852135130138171,0.9856733046818026,0.1169500507873457,3,2023
2023-01-25 00:00:00+00:00,0.0003503647985878544,0.9855586971478703,0.9856615142830633,0.12045214166348919,3,2023
2023-01-26 00:00:00+00:00,-0.00028225488177979763,0.9852805183943197,0.9856516252352464,0.11987295048073938,3,2023
2023-01-27 00:00:00+00:00,0.0005357897984283877,0.9858084216446656,0.9856419660268658,0.12052712275171597,3,2023
2023-01-28 00:00:00+00:00,-1.6689462445818037e-05,0.9857919690320338,0.9856326252170616,0.11973050212251833,3,2023
2023-01-29 00:00:00+00:00,0.0007040632919512735,0.9864860289709296,0.982113230070702,0.10130763982799265,2,2023
2023-01-30 00:00:00+00:00,-0.002599133496672623,0.9839220200890317,0.9838248745165044,0.10421913067768694,3,2023
2023-01-31 00:00:00+00:00,0.0011284841876066931,0.9850323605305402,0.9838035786096426,0.10518953599530238,3,2023
2023-02-01 00:00:00+00:00,0.0018678781562913027,0.9868722809600153,0.9837817241703203,0.10839808729662291,3,2023
2023-02-02 00:00:00+00:00,0.0003055987449858133,0.987173867890538,0.9845974703601851,0.09323442930100717,3,2023
2023-02-03 00:00:00+00:00,1.5111987378801928e-05,0.9871887860495703,0.9845787205835504,0.09377576914158829,3,2023
2023-02-04 00:00:00+00:00,0.00010739659087022346,0.9872948067597372,0.9845610149657724,0.09338657436184832,3,2023
2023-02-05 00:00:00+00:00,-0.0009208447167587952,0.9863856615530492,0.9845358969375598,0.09139507272459221,3,2023
2023-02-06 00:00:00+00:00,0.00042572417412878316,0.9868055897741864,0.9844484555950145,0.015648948148142557,1,2023
2023-02-07 00:00:00+00:00,-0.000816896005782608,0.985999472229416,0.9844487440125541,0.016479598546075943,1,2023
2023-02-08 00:00:00+00:00,0.0004230453510827292,0.9864165947223127,0.9844517477075471,0.016052808474433126,1,2023
2023-02-09 00:00:00+00:00,0.0017849731626879972,0.9881773218711221,0.9853078265433081,0.010605593960328657,1,2023
2023-02-10 00:00:00+00:00,0.00020190892446159125,0.9883768436913585,0.985305746872967,0.010399480736117201,1,2023
2023-02-11 00:00:00+00:00,-0.0003654830327934899,0.9880156087249833,0.9852996170701979,0.01076269546320356,1,2023
2023-02-12 00:00:00+00:00,-0.0003757535247922439,0.9876443583774551,0.9852870536386464,0.011129915269940095,1,2023
2023-02-13 00:00:00+00:00,-2.277894682256587e-05,0.9876218608791361,0.9876218608791361,0.0,0,2023
2023-02-14 00:00:00+00:00,0.0,0.9876218608791361,0.9876218608791361,0.0,0,2023
2023-02-15 00:00:00+00:00,0.0,0.9876218608791361,0.9876218608791361,0.0,0,2023
2023-02-16 00:00:00+00:00,0.0,0.9876218608791361,0.9876218608791361,0.0,0,2023
2023-02-17 00:00:00+00:00,0.0,0.9876218608791361,0.9876218608791361,0.0,0,2023
2023-02-18 00:00:00+00:00,0.0,0.9876218608791361,0.9876218608791361,0.0,0,2023
2023-02-19 00:00:00+00:00,0.0,0.9876218608791361,0.9876218608791361,0.0,0,2023
2023-02-20 00:00:00+00:00,0.0019097024704224363,0.9895079247867002,0.9873492054694111,0.1265691234263225,3,2023
2023-02-21 00:00:00+00:00,-0.002328719160212822,0.987203638723067,0.9873264003104232,0.12455350136072549,3,2023
2023-02-22 00:00:00+00:00,-0.0008491381380363316,0.9863653664634191,0.9873053282497863,0.12383085792836934,3,2023
2023-02-23 00:00:00+00:00,-0.000821067954048238,0.9855554934700329,0.9872891510828655,0.12312728662926374,3,2023
2023-02-24 00:00:00+00:00,-0.0032392880224727527,0.9823629953645532,0.9872780572549612,0.12028890543877122,3,2023
2023-02-25 00:00:00+00:00,-0.0003694708121301238,0.9820000409108492,0.987276149157873,0.11996570080594753,3,2023
2023-02-26 00:00:00+00:00,0.002650701100880948,0.9846030295003567,0.9872805904271188,0.12228773100637423,3,2023
2023-02-27 00:00:00+00:00,-0.0007978509348253171,0.983817463052838,0.9872648274210922,0.12160291057131128,3,2023
2023-02-28 00:00:00+00:00,-0.0017546304950915026,0.982091226930562,0.9872613750177917,0.1200624545111328,3,2023
2023-03-01 00:00:00+00:00,0.0025322229174571387,0.9845781008424291,0.9872531371442308,0.12229339139428118,3,2023
2023-03-02 00:00:00+00:00,-0.001052170947259845,0.9835421563694144,0.98724882771376,0.12137330284110387,3,2023
2023-03-03 00:00:00+00:00,-0.0049385973184816745,0.9786848377133548,0.9837033635941056,0.07162051757174737,2,2023
2023-03-04 00:00:00+00:00,-0.0001655329589058674,0.9785228331163318,0.9837102517888235,0.07145977534547528,2,2023
2023-03-05 00:00:00+00:00,-0.00015281480581319506,0.9783733003396053,0.9837084122610776,0.0713197391544822,2,2023
2023-03-06 00:00:00+00:00,-0.0002087633653260479,0.9781690518368813,0.9836272898432158,0.10976504782732915,3,2023
2023-03-07 00:00:00+00:00,-0.001068626425079544,0.9771237545398934,0.9801071994967823,0.07286756291187216,2,2023
2023-03-08 00:00:00+00:00,-0.0011213617380753105,0.9760280453481879,0.9801010924873911,0.07183300193929845,2,2023
2023-03-09 00:00:00+00:00,-0.0030253386735631382,0.9730752299561137,0.9730752299561137,0.0,0,2023
2023-03-10 00:00:00+00:00,0.0,0.9730752299561137,0.9730752299561137,0.0,0,2023
2023-03-11 00:00:00+00:00,0.0,0.9730752299561137,0.9730752299561137,0.0,0,2023
2023-03-12 00:00:00+00:00,0.0,0.9730752299561137,0.9730752299561137,0.0,0,2023
2023-03-13 00:00:00+00:00,0.009469151080450544,0.9822894263212124,0.9744480163913984,0.11588748841542951,3,2023
2023-03-14 00:00:00+00:00,0.0020341376351258322,0.9842875382118786,0.9769234395755204,0.09505410904893855,3,2023
2023-03-15 00:00:00+00:00,-0.0016256088883869202,0.982687471641033,0.9768838600498486,0.09362090247664832,3,2023
2023-03-16 00:00:00+00:00,0.003946407846799893,0.986565557190069,0.9785385494535052,0.08295728262846294,3,2023
2023-03-17 00:00:00+00:00,0.005289009049945781,0.991783511350412,0.9836616129973159,0.061771054895015665,2,2023
2023-03-18 00:00:00+00:00,-0.0011563833671333068,0.9906366293940893,0.9837376356493589,0.06060810526656484,2,2023
2023-03-19 00:00:00+00:00,0.0009454079509889635,0.9915731851400594,0.9838593971155105,0.06137257875368493,2,2023
2023-03-20 00:00:00+00:00,-0.00151163313556546,0.9900742902570635,0.9838982537040242,0.0991176531114419,3,2023
2023-03-21 00:00:00+00:00,0.0020851340155458864,0.9921387278375959,0.9839858653063475,0.1009038990471229,3,2023
2023-03-22 00:00:00+00:00,-0.003475468895520639,0.988690580548955,0.984080738847663,0.09767226178173115,3,2023
2023-03-23 00:00:00+00:00,0.0036165703512820446,0.9922662495891601,0.9840771055430312,0.10092749560998493,3,2023
2023-03-24 00:00:00+00:00,-0.002982933543803412,0.9893063853088766,0.9840757171224694,0.0982390017216766,3,2023
2023-03-25 00:00:00+00:00,-9.606410414397804e-05,0.989211348477248,0.9840816399733502,0.09814637908932973,3,2023
2023-03-26 00:00:00+00:00,0.001822788412660925,0.991014471460925,0.9840823465636369,0.099786563413877,3,2023
2023-03-27 00:00:00+00:00,-0.004042651072505121,0.9870081457450054,0.9857521010085631,0.06935350621733768,2,2023
2023-03-28 00:00:00+00:00,0.001239455159613323,0.9882314980838294,0.985746636879345,0.07051110208047659,2,2023
2023-03-29 00:00:00+00:00,0.001871625248306863,0.9900810971068151,0.985728636454035,0.07226568782891128,2,2023
2023-03-30 00:00:00+00:00,-0.0004467045732192698,0.9896388233528796,0.9857197232324846,0.07186008600137943,2,2023
2023-03-31 00:00:00+00:00,0.0011129158337239708,0.990740208069057,0.9857064182261593,0.07290530866787026,2,2023
2023-04-01 00:00:00+00:00,-5.369317195458301e-05,0.9906870120847029,0.9856864253066133,0.07287570820395871,2,2023
2023-04-02 00:00:00+00:00,-0.0008827766882966159,0.9898124566850363,0.9856761633961051,0.07206690888077652,2,2023
2023-04-03 00:00:00+00:00,-0.0009720016994841929,0.9888503572949677,0.985619478174588,0.1131464788927044,3,2023
2023-04-04 00:00:00+00:00,0.0018722184051322976,0.9907017011338171,0.9873278005547154,0.10353053448878222,3,2023
2023-04-05 00:00:00+00:00,0.0008659712057881297,0.9915596202805244,0.9873151975113889,0.10431888986977873,3,2023
2023-04-06 00:00:00+00:00,-0.0008652436520053541,0.9907016796134918,0.987311820527333,0.10354664502477527,3,2023
2023-04-07 00:00:00+00:00,-0.0005056485354588691,0.9902007327601186,0.9873296613307768,0.10307510801680617,3,2023
2023-04-08 00:00:00+00:00,-0.0001191712599059036,0.9900827292912358,0.9873288594250957,0.10296901754598714,3,2023
2023-04-09 00:00:00+00:00,0.0009557063149312484,0.9910289576079238,0.9873287359321621,0.10382562178843756,3,2023
2023-04-10 00:00:00+00:00,0.003680412689024859,0.9946763531586951,0.990524522586092,0.1282252602641451,3,2023
2023-04-11 00:00:00+00:00,0.0009118577677800221,0.9955833565177499,0.9913513277698017,0.11844190105484974,3,2023
2023-04-12 00:00:00+00:00,-1.974568662732601e-05,0.9955636980407807,0.9913426045268264,0.11843325585552526,3,2023
2023-04-13 00:00:00+00:00,0.0032925483265409117,0.9988416396287297,0.9921653139876276,0.1097109197209464,3,2023
2023-04-14 00:00:00+00:00,0.0021252294277773753,1.0009644072749582,0.9921365254953551,0.11162773647660175,3,2023
2023-04-15 00:00:00+00:00,0.00023821149012492882,1.0012028484979771,0.9921077055721134,0.11186809185774511,3,2023
2023-04-16 00:00:00+00:00,0.0020543816196119113,1.0032597012274345,0.9929033922398167,0.10256508023699831,3,2023
2023-04-17 00:00:00+00:00,-0.0034407878601341313,0.9998076974268894,0.9950958453931962,0.12774576557085826,3,2023
2023-04-18 00:00:00+00:00,0.002633760881356695,1.0024409518292516,0.9950678110763831,0.1300650060362047,3,2023
2023-04-19 00:00:00+00:00,-0.008124972016552157,0.994296147147393,0.9950522758811814,0.12295453353077393,3,2023
2023-04-20 00:00:00+00:00,-0.0009807217720018135,0.993321019268068,0.9914159257062216,0.0657753676427524,2,2023
2023-04-21 00:00:00+00:00,-0.0012378310142893145,0.9920914557032725,0.9913467732427711,0.03209170068942984,1,2023
2023-04-22 00:00:00+00:00,0.0010953000190718765,0.9931780934936254,0.9913684457034587,0.03312886943256622,1,2023
2023-04-23 00:00:00+00:00,-8.708255569522816e-05,0.9930916050069835,0.9914247458643697,0.03298797268037736,1,2023
2023-04-24 00:00:00+00:00,-0.000694030028219661,0.9924023696123357,0.9912911278176763,0.12704046064357657,3,2023
2023-04-25 00:00:00+00:00,0.002861513023722173,0.9952421419177543,0.9913596945821814,0.12946242355851645,3,2023
2023-04-26 00:00:00+00:00,-6.770139021472499e-05,0.9951747626411461,0.992242338809737,0.11520371731369812,3,2023
2023-04-27 00:00:00+00:00,0.0025558538437431277,0.9977182838834386,0.992316943220128,0.11738458716931895,3,2023
2023-04-28 00:00:00+00:00,-0.0011960854583014102,0.9965249275526042,0.992391413216512,0.1162529098215708,3,2023
2023-04-29 00:00:00+00:00,3.640817430849985e-05,0.9965612092058694,0.9923880761488902,0.11628843285095904,3,2023
2023-04-30 00:00:00+00:00,0.0006595858237901098,0.9972185268520009,0.9923809527378551,0.1168780755444907,3,2023
2023-05-01 00:00:00+00:00,-0.0037092932778146626,0.9935195508738365,0.994674234140365,0.12525657990113256,3,2023
2023-05-02 00:00:00+00:00,0.001012398788484692,0.9945253888634771,0.9948319674654206,0.1259826718100513,3,2023
2023-05-03 00:00:00+00:00,0.0019112831861507473,0.9964262085174119,0.9948765488512984,0.12760523845432978,3,2023
2023-05-04 00:00:00+00:00,-0.0012050156291375513,0.9952254993628662,0.9948551832841859,0.12657418889811364,3,2023
2023-05-05 00:00:00+00:00,0.003871285417372583,0.999078301325547,0.9948393400434552,0.1299582879377127,3,2023
2023-05-06 00:00:00+00:00,-0.003034924645247017,0.9960461739663226,0.9956837243849965,0.11620234369187443,3,2023
2023-05-07 00:00:00+00:00,-0.001134954608116412,0.9949157067712827,0.9956852399455468,0.11519661043100658,3,2023
2023-05-08 00:00:00+00:00,-0.0015905599282708405,0.9933332337160851,0.9933332337160851,0.0,0,2023
2023-05-09 00:00:00+00:00,0.0,0.9933332337160851,0.9933332337160851,0.0,0,2023
2023-05-10 00:00:00+00:00,0.0,0.9933332337160851,0.9933332337160851,0.0,0,2023
2023-05-11 00:00:00+00:00,0.0,0.9933332337160851,0.9933332337160851,0.0,0,2023
2023-05-12 00:00:00+00:00,0.0,0.9933332337160851,0.9933332337160851,0.0,0,2023
2023-05-13 00:00:00+00:00,0.0,0.9933332337160851,0.9933332337160851,0.0,0,2023
2023-05-14 00:00:00+00:00,0.0,0.9933332337160851,0.9933332337160851,0.0,0,2023
2023-05-15 00:00:00+00:00,0.0007716732958384931,0.9940997624464127,0.9930039097658692,0.1701763635337802,4,2023
2023-05-16 00:00:00+00:00,-0.0008279383763931669,0.99327670910312,0.9929941707964978,0.16949855628953972,4,2023
2023-05-17 00:00:00+00:00,0.001618045245710631,0.9948838757599595,0.9929784562636025,0.17085596974711764,4,2023
2023-05-18 00:00:00+00:00,-0.0033804651837495703,0.9915207054560792,0.992952514112918,0.16806973400408196,4,2023
2023-05-19 00:00:00+00:00,0.00028627317642393457,0.9918045512379202,0.9929401476626104,0.16832029380115715,4,2023
2023-05-20 00:00:00+00:00,0.0007517581180958022,0.9925501483608776,0.9929299581175985,0.16895531213470596,4,2023
2023-05-21 00:00:00+00:00,-0.0026262266343431984,0.989943486725331,0.9929123282531855,0.16678486253866104,4,2023
2023-05-22 00:00:00+00:00,0.00026932687959768664,0.9902101051155888,0.9899010375542022,0.08243250011054623,2,2023
2023-05-23 00:00:00+00:00,0.0013734464747907627,0.9915701056937619,0.9898801426071793,0.0837120740610918,2,2023
2023-05-24 00:00:00+00:00,-0.002625106458271742,0.988967128605476,0.9898674959628536,0.0813131775107972,2,2023
2023-05-25 00:00:00+00:00,0.00034753689265132337,0.9893108311682858,0.9898536323218483,0.08164635758517812,2,2023
2023-05-26 00:00:00+00:00,0.0008320420709360121,0.9901339794010505,0.9898352817138301,0.08242836466900065,2,2023
2023-05-27 00:00:00+00:00,0.0002703329784854436,0.9904016452688017,0.9898225451880801,0.0826892074644249,2,2023
2023-05-28 00:00:00+00:00,0.0036551829789299717,0.9940217445048926,0.9898089940339991,0.08604356794177813,2,2023
2023-05-29 00:00:00+00:00,-0.0017304277861990291,0.9923016616581153,0.9895997792150687,0.16745893618186014,3,2023
2023-05-30 00:00:00+00:00,-5.223032491397106e-05,0.9922498334199142,0.9895452415933227,0.16747041361908888,3,2023
2023-05-31 00:00:00+00:00,-0.0025812839697808565,0.9896885548308897,0.9895333734709438,0.16532784859537752,3,2023
2023-06-01 00:00:00+00:00,-0.0013895925511986373,0.9883132909870901,0.9895072189202812,0.1641928442492656,3,2023
2023-06-02 00:00:00+00:00,0.002241820809357087,0.9905289122889891,0.98948421547687,0.1660856063470822,3,2023
2023-06-03 00:00:00+00:00,-0.0007993120179380364,0.9897371706252814,0.9894560250841395,0.16544699804232318,3,2023
2023-06-04 00:00:00+00:00,-0.0004067866587215141,0.9893345587486303,0.9894237758194373,0.16513997178624557,3,2023
2023-06-05 00:00:00+00:00,-0.008896958802175337,0.9805324899378755,0.9821169721383493,0.08131494433457888,2,2023
2023-06-06 00:00:00+00:00,0.004029340828201944,0.9844833895329606,0.9821178639877398,0.08500087809804253,2,2023
2023-06-07 00:00:00+00:00,-0.0025921948571840936,0.98193141675363,0.9820989266756097,0.0826421435667324,2,2023
2023-06-08 00:00:00+00:00,0.0005454212487177035,0.9824669830131109,0.982086319728078,0.08315504921345614,2,2023
2023-06-09 00:00:00+00:00,-0.00016178798038712916,0.9823080316641322,0.9820722215329515,0.08302104283016074,2,2023
2023-06-10 00:00:00+00:00,-0.0030171040373778713,0.9793443061358496,0.9820611315613634,0.08025737334669433,2,2023
2023-06-11 00:00:00+00:00,0.00014842116703150943,0.979489661560692,0.9820516395953819,0.08040355308890448,2,2023
2023-06-12 00:00:00+00:00,-0.00014733833529700924,0.979345345184517,0.9790155772583596,0.13731592548007096,3,2023
2023-06-13 00:00:00+00:00,-0.0021546337128690585,0.9772352146872411,0.9789798912150562,0.1396905304692855,3,2023
2023-06-14 00:00:00+00:00,-0.0038227127084795587,0.9734995252128824,0.9754170187989344,0.08819495007854669,2,2023
2023-06-15 00:00:00+00:00,0.0011323352313403756,0.9746018530229741,0.9753974858957103,0.08876499146413587,2,2023
2023-06-16 00:00:00+00:00,0.0009667462789735293,0.9755440457378647,0.975383902874208,0.09060077434056274,2,2023
2023-06-17 00:00:00+00:00,-0.0005533909907361467,0.9750041884518871,0.9753701904205,0.09185986741363719,2,2023
2023-06-18 00:00:00+00:00,-0.00028500593392410956,0.9747263064725774,0.9753609267394668,0.09146775953883159,2,2023
2023-06-19 00:00:00+00:00,6.214118845981886e-05,0.9747868771236846,0.9760533865800713,0.040325430951245494,1,2023
2023-06-20 00:00:00+00:00,-0.0008147389760950752,0.973992680261506,0.9760533865800713,0.04117371575835952,1,2023
2023-06-21 00:00:00+00:00,-0.0001677306212073404,0.9738293118641943,0.9760533865800713,0.04134838176932698,1,2023
2023-06-22 00:00:00+00:00,-0.001321102224143833,0.9725427837943541,0.9725427837943541,0.0,0,2023
2023-06-23 00:00:00+00:00,0.0,0.9725427837943541,0.9725427837943541,0.0,0,2023
2023-06-24 00:00:00+00:00,0.0,0.9725427837943541,0.9725427837943541,0.0,0,2023
2023-06-25 00:00:00+00:00,0.0,0.9725427837943541,0.9725427837943541,0.0,0,2023
2023-06-26 00:00:00+00:00,-0.0012747631075533672,0.9713030221330559,0.9722715678013181,0.12487424284051638,3,2023
2023-06-27 00:00:00+00:00,0.0012948037745843521,0.9725606689523789,0.9722547148650525,0.12633856442133407,3,2023
2023-06-28 00:00:00+00:00,-0.001742707018338674,0.9708657806488354,0.972236160810457,0.12314852972737449,3,2023
2023-06-29 00:00:00+00:00,0.0008786549881456551,0.9717188367098224,0.9722179707853125,0.12456825368887611,3,2023
2023-06-30 00:00:00+00:00,0.0012008632195543711,0.9728857381205754,0.9721921637278784,0.12742224416550338,3,2023
2023-07-01 00:00:00+00:00,-0.0009887020084555775,0.9719238440372978,0.9721708830950907,0.12841075004976363,3,2023
2023-07-02 00:00:00+00:00,0.0005390993026901381,0.9724478075038863,0.9721540907343647,0.12860166720760083,3,2023
2023-07-03 00:00:00+00:00,0.0012160711895357057,0.9736303732659188,0.9711442775829786,0.0998542866859677,2,2023
2023-07-04 00:00:00+00:00,-0.0011530327176614286,0.9725077455906344,0.9711154393698918,0.09884484457003694,2,2023
2023-07-05 00:00:00+00:00,-0.0011174237406611498,0.9714210423477345,0.9710869186115503,0.09786610576371835,2,2023
2023-07-06 00:00:00+00:00,-0.002665327172159726,0.9688318874479573,0.9710675270776085,0.0954752132997256,2,2023
2023-07-07 00:00:00+00:00,0.0013690420391441194,0.9701582590307369,0.9710593208132682,0.09672031143304065,2,2023
2023-07-08 00:00:00+00:00,-0.000242262336673571,0.969923226223961,0.9710533044845079,0.09650763064947962,2,2023
2023-07-09 00:00:00+00:00,-0.0002778937424658956,0.969653690628721,0.9710401757633308,0.09627002558014694,2,2023
2023-07-10 00:00:00+00:00,-0.0020458868210790904,0.967669888922053,0.9699000317476363,0.12039398275637932,3,2023
2023-07-11 00:00:00+00:00,0.0007913204521092787,0.9684356258960473,0.9698183790845385,0.12202555532347027,3,2023
2023-07-12 00:00:00+00:00,0.0002112810251744257,0.968640237967902,0.9697407360891032,0.1206239461738469,3,2023
2023-07-13 00:00:00+00:00,0.004298270862182596,0.972803716078697,0.9669759172635072,0.07523889303546744,2,2023
2023-07-14 00:00:00+00:00,0.0006364195737100786,0.9734228274049873,0.9736822462520021,0.04901770624848661,1,2023
2023-07-15 00:00:00+00:00,-2.669830299806275e-05,0.973396838667396,0.9736828766917912,0.048991668287329815,1,2023
2023-07-16 00:00:00+00:00,-0.00010345705316583409,0.9732961338989066,0.9736760478387971,0.04890028580076197,1,2023
2023-07-17 00:00:00+00:00,-0.0012822200576252385,0.9720481540740122,0.9734308264174637,0.11480148852195224,3,2023
2023-07-18 00:00:00+00:00,-0.0008630587362558062,0.9712092194225773,0.973395028611502,0.11278731013818517,3,2023
2023-07-19 00:00:00+00:00,0.0005851152042812835,0.9717774887033995,0.9733883351308198,0.11351944389022417,3,2023
2023-07-20 00:00:00+00:00,-0.001276054832824336,0.9705374473425097,0.9733820239578648,0.11307502307671365,3,2023
2023-07-21 00:00:00+00:00,0.0001051956835795842,0.9706395436927225,0.9733918577700765,0.1135026323734058,3,2023
2023-07-22 00:00:00+00:00,-0.0004915017668141175,0.9701624726420579,0.9733947276968911,0.11210243903561011,3,2023
2023-07-23 00:00:00+00:00,0.0004154536765446082,0.9705655302081627,0.9733858551724375,0.11295532198668604,3,2023
2023-07-24 00:00:00+00:00,-0.00441860704436714,0.966276982519365,0.9689607222036128,0.1686847344579027,3,2023
2023-07-25 00:00:00+00:00,0.0005526109926494716,0.9668109578018493,0.9689342011234213,0.16874904942880303,3,2023
2023-07-26 00:00:00+00:00,0.00046948154562143074,0.967264857704642,0.9689032430075671,0.16960410303180068,3,2023
2023-07-27 00:00:00+00:00,-0.0009756712650340615,0.9663211251773023,0.9688874793541231,0.169475915538534,3,2023
2023-07-28 00:00:00+00:00,0.00040686114884236346,0.9667142837004427,0.9688656784086066,0.17021849108319212,3,2023
2023-07-29 00:00:00+00:00,0.00014126578755524477,0.9668508473550705,0.9688432611087632,0.1706173197543679,3,2023
2023-07-30 00:00:00+00:00,-0.0007835085418057552,0.9660933114575158,0.9688330394386283,0.17000670499988801,3,2023
2023-07-31 00:00:00+00:00,-0.00042950103650563065,0.9656783733788836,0.9687891683650021,0.1879793964737898,4,2023
2023-08-01 00:00:00+00:00,0.0006437424279130965,0.9663000215195456,0.9687636178068465,0.19101576724100525,4,2023
2023-08-02 00:00:00+00:00,-0.0017199043070856845,0.9646380779505972,0.9687263380837045,0.18702288819859206,4,2023
2023-08-03 00:00:00+00:00,-0.0006122968128562389,0.9640474331299083,0.9686894201701355,0.18669816606668793,4,2023
2023-08-04 00:00:00+00:00,-0.00039166316326599837,0.9636698512627101,0.9686559804826931,0.18667714593977047,4,2023
2023-08-05 00:00:00+00:00,-0.0003524618716134187,0.9633301943833166,0.9686230138708888,0.18701278194325005,4,2023
2023-08-06 00:00:00+00:00,0.0002500214198541961,0.9635710475663046,0.9685890943580545,0.1872219781615879,4,2023
2023-08-07 00:00:00+00:00,0.00035873174987588463,0.9639167110943279,0.9658467591084083,0.11115138109472894,2,2023
2023-08-08 00:00:00+00:00,0.0006600608289268894,0.9645529547576692,0.9658302580446514,0.11295155818263768,2,2023
2023-08-09 00:00:00+00:00,-0.0001934660115560094,0.9643663465445776,0.9658195213290902,0.11230202883580852,2,2023
2023-08-10 00:00:00+00:00,0.00015388502035218465,0.9645147480794427,0.9658011139569419,0.11151995151814335,2,2023
2023-08-11 00:00:00+00:00,0.00017476160180529554,0.9646833082217818,0.9657557535148974,0.11114945449357523,2,2023
2023-08-12 00:00:00+00:00,-0.00011041336721318018,0.9645767942894267,0.9657116489461153,0.11125026712931414,2,2023
2023-08-13 00:00:00+00:00,-0.00028289405320602867,0.9643039212504616,0.9656746912958248,0.11094220988181196,2,2023
2023-08-14 00:00:00+00:00,0.0012288307050773994,0.9654888875179207,0.9654394873206735,0.2955092844595651,4,2023
2023-08-15 00:00:00+00:00,-0.002105960588237865,0.9634556059724264,0.9653598956748773,0.29139803170422574,4,2023
2023-08-16 00:00:00+00:00,-0.0021466253260402635,0.9613874277681306,0.9660213849154362,0.26462593542929636,4,2023
2023-08-17 00:00:00+00:00,0.0007013167023321998,0.9620616648286365,0.9620616648286365,0.0,0,2023
2023-08-18 00:00:00+00:00,0.0,0.9620616648286365,0.9620616648286365,0.0,0,2023
2023-08-19 00:00:00+00:00,0.0,0.9620616648286365,0.9620616648286365,0.0,0,2023
2023-08-20 00:00:00+00:00,0.0,0.9620616648286365,0.9620616648286365,0.0,0,2023
2023-08-21 00:00:00+00:00,0.0015167230174986113,0.9635208458999351,0.9618875047849353,0.05757038874251584,1,2023
2023-08-22 00:00:00+00:00,0.00023444606927403022,0.96374673957492,0.9626444322230764,0.04329498509929367,1,2023
2023-08-23 00:00:00+00:00,-0.0012584026742631371,0.9625339581005266,0.9625339581005266,0.0,0,2023
2023-08-24 00:00:00+00:00,0.0,0.9625339581005266,0.9625339581005266,0.0,0,2023
2023-08-25 00:00:00+00:00,0.0,0.9625339581005266,0.9625339581005266,0.0,0,2023
2023-08-26 00:00:00+00:00,0.0,0.9625339581005266,0.9625339581005266,0.0,0,2023
2023-08-27 00:00:00+00:00,0.0,0.9625339581005266,0.9625339581005266,0.0,0,2023
2023-08-28 00:00:00+00:00,-0.00022341525934865825,0.9623189133266457,0.9624230475418051,0.05773492841768501,1,2023
2023-08-29 00:00:00+00:00,-0.003514825374187014,0.9589365303920251,0.9589365303920251,0.0,0,2023
2023-08-30 00:00:00+00:00,0.0,0.9589365303920251,0.9589365303920251,0.0,0,2023
2023-08-31 00:00:00+00:00,0.0,0.9589365303920251,0.9589365303920251,0.0,0,2023
2023-09-01 00:00:00+00:00,0.0,0.9589365303920251,0.9589365303920251,0.0,0,2023
2023-09-02 00:00:00+00:00,0.0,0.9589365303920251,0.9589365303920251,0.0,0,2023
2023-09-03 00:00:00+00:00,0.0,0.9589365303920251,0.9589365303920251,0.0,0,2023
2023-09-04 00:00:00+00:00,-0.000268080740039367,0.9586794579773068,0.9587993176590488,0.07125339452519489,2,2023
2023-09-05 00:00:00+00:00,-0.0008394397248820962,0.9578747043568522,0.9587954133907408,0.07214932671283596,2,2023
2023-09-06 00:00:00+00:00,0.0006904886255889586,0.9585361059449499,0.9587959840608266,0.07141012597445433,2,2023
2023-09-07 00:00:00+00:00,-0.000769720923629702,0.9577983006481495,0.9587953640105094,0.07223480066341305,2,2023
2023-09-08 00:00:00+00:00,0.0009171269794070458,0.9586767233105042,0.9587845625208034,0.07124105917078107,2,2023
2023-09-09 00:00:00+00:00,0.0003017959859210606,0.9589660480973953,0.9587726258888514,0.07090541306136552,2,2023
2023-09-10 00:00:00+00:00,0.0019686576090816033,0.960853923904833,0.9587472148013412,0.06877486287267146,2,2023
2023-09-11 00:00:00+00:00,0.0035381148114690397,0.9642535354046589,0.9602786169832512,0.09983108417064265,2,2023
2023-09-12 00:00:00+00:00,-0.002485150306725026,0.9618572204353872,0.9602742529406583,0.10256660207514441,2,2023
2023-09-13 00:00:00+00:00,-0.0009244576486515665,0.960968024171045,0.9602757275372878,0.10358835584393429,2,2023
2023-09-14 00:00:00+00:00,-0.0005691645349902297,0.9604210752524271,0.9602751407800856,0.10421622596899105,2,2023
2023-09-15 00:00:00+00:00,-0.0009641308296675088,0.9594951036843139,0.9602741312035871,0.10528081009232398,2,2023
2023-09-16 00:00:00+00:00,0.00010599992227700028,0.9595968100907296,0.960280529080765,0.10517033008553166,2,2023
2023-09-17 00:00:00+00:00,0.00011263731788768716,0.9597048965016719,0.9602836679653741,0.10504913136051337,2,2023
2023-09-18 00:00:00+00:00,-0.0010922752596873586,0.9586566345866223,0.9601687452537128,0.16555451700350862,3,2023
2023-09-19 00:00:00+00:00,-0.0015116418989662428,0.9572074890510592,0.9601683294205683,0.16731865101932233,3,2023
2023-09-20 00:00:00+00:00,0.0015655805564660508,0.9587060744844214,0.9601696727731716,0.16549537752557059,3,2023
2023-09-21 00:00:00+00:00,0.0034071175410359533,0.961972498767495,0.9601823628274261,0.16155107313686254,3,2023
2023-09-22 00:00:00+00:00,-0.0004139466021408911,0.9615742935202772,0.9601889607838157,0.1620389539920242,3,2023
2023-09-23 00:00:00+00:00,0.00012547715240729396,0.9616949491244562,0.9601983085814233,0.16190288307412565,3,2023
2023-09-24 00:00:00+00:00,0.0016802120632475326,0.9633108005791394,0.9602057525120311,0.15996164195850238,3,2023
2023-09-25 00:00:00+00:00,-0.0007582166064302731,0.9625804023329867,0.9602194370250152,0.16085602798567317,3,2023
2023-09-26 00:00:00+00:00,-0.0005617707043025222,0.9620396528624203,0.9602316287254787,0.1615212022132598,3,2023
2023-09-27 00:00:00+00:00,-0.0003710916287983368,0.961682648000671,0.9602522305312164,0.1619738156849261,3,2023
2023-09-28 00:00:00+00:00,-0.0040453834018711055,0.9577922729785817,0.9602576905875387,0.16669923902866396,3,2023
2023-09-29 00:00:00+00:00,-0.00029228848132034635,0.9575123213296924,0.9602568397164395,0.1670394628538491,3,2023
2023-09-30 00:00:00+00:00,-0.00015312660342692297,0.9573657007201878,0.9602589759810634,0.16722042641025514,3,2023
2023-10-01 00:00:00+00:00,-0.00507698784966959,0.952505166689941,0.9533044253635043,0.04648979561416343,1,2023
2023-10-02 00:00:00+00:00,0.0041062127443523,0.9564163555444646,0.9527388773749527,0.23991456905482128,4,2023
2023-10-03 00:00:00+00:00,0.0011968810769167337,0.9575610721820693,0.9527550924925924,0.2392510171854894,4,2023
2023-10-04 00:00:00+00:00,-0.0014320887029065643,0.9561897597882543,0.9527784432077531,0.23933416893602708,4,2023
2023-10-05 00:00:00+00:00,0.0021981678845588437,0.9582916254097648,0.9527978031216411,0.2351462069017942,4,2023
2023-10-06 00:00:00+00:00,-0.002010352152490902,0.9563651217779082,0.9528150161612301,0.24014862899859,4,2023
2023-10-07 00:00:00+00:00,0.00048042137527115614,0.9568245800249741,0.952837164525246,0.2391821135983907,4,2023
2023-10-08 00:00:00+00:00,0.0003782185817227113,0.9571864688605886,0.952871707394629,0.23848585348105175,4,2023
2023-10-09 00:00:00+00:00,0.001970113380694638,0.9590722347307107,0.951926649533247,0.15877265811843838,3,2023
2023-10-10 00:00:00+00:00,2.3509306565472343e-05,0.9590947818538954,0.9519414724351658,0.15876087191319496,3,2023
2023-10-11 00:00:00+00:00,0.0020260951671096095,0.9610379991562096,0.9527589643491415,0.13906301229597026,3,2023
2023-10-12 00:00:00+00:00,0.0011398877728450163,0.9621334746206872,0.9527729703281774,0.13778064385544303,3,2023
2023-10-13 00:00:00+00:00,-0.0006541177688685895,0.9615041260189146,0.9527791925557078,0.13853184488029496,3,2023
2023-10-14 00:00:00+00:00,-0.0001677753328293008,0.961342809344155,0.9527847497888037,0.1387286751915853,3,2023
2023-10-15 00:00:00+00:00,-0.0015327833286576942,0.9598692791128672,0.9527915031736084,0.14048381471901217,3,2023
2023-10-16 00:00:00+00:00,-0.004956126902428304,0.9551120451558415,0.9525845274712798,0.03138518788643742,1,2023
2023-10-17 00:00:00+00:00,0.0006831436925178735,0.9557645239251376,0.9525878285401564,0.030684538456141032,1,2023
2023-10-18 00:00:00+00:00,3.052910606093917e-05,0.9557937025616577,0.9525918801368568,0.030657312525749915,1,2023
2023-10-19 00:00:00+00:00,-5.954630304672026e-05,0.9557367885801948,0.9525957210874956,0.03072270685038534,1,2023
2023-10-20 00:00:00+00:00,-0.0007255431404996626,0.9550433603091173,0.9526007870203643,0.03147638802063863,1,2023
2023-10-21 00:00:00+00:00,-0.0004904729337223968,0.9545749373903544,0.9526039648862793,0.0319858766183135,1,2023
2023-10-22 00:00:00+00:00,-0.00037980087119504624,0.9542123889975126,0.9542123889975126,0.0,0,2023
2023-10-23 00:00:00+00:00,0.003295804369939148,0.9573572863590206,0.9550308497764411,0.026992968414571022,1,2023
2023-10-24 00:00:00+00:00,-0.0014841369810033589,0.9559364370063022,0.9550235212581939,0.02555441262829095,1,2023
2023-10-25 00:00:00+00:00,0.0019314026250794036,0.9577827351501451,0.9550156364850715,0.027441063729889102,1,2023
2023-10-26 00:00:00+00:00,0.00026710141464003634,0.9580385602736216,0.9550090084564742,0.027707684562440726,1,2023
2023-10-27 00:00:00+00:00,-0.0008797817224281967,0.9571956954589114,0.9550012954929615,0.026859584197349125,1,2023
2023-10-28 00:00:00+00:00,-0.0001138091840673372,0.9570867577978184,0.9549936129059711,0.02675684632847674,1,2023
2023-10-29 00:00:00+00:00,0.0010174543455063745,0.9580605498785664,0.954985635788221,0.02775439663316124,1,2023
2023-10-30 00:00:00+00:00,0.0013628464209296531,0.9593662392700022,0.9564356475216594,0.12236643151850593,3,2023
2023-10-31 00:00:00+00:00,0.0024991284303239603,0.9617638187136548,0.9614040788099815,0.10222781578641486,2,2023
2023-11-01 00:00:00+00:00,0.0006076019754750472,0.9623481883098457,0.9613974861524258,0.10366412948320097,2,2023
2023-11-02 00:00:00+00:00,-0.001585722159206271,0.9608221714627707,0.9614317855963843,0.10411403296130144,2,2023
2023-11-03 00:00:00+00:00,9.100957260810283e-05,0.960909615477948,0.9614438947734024,0.103380970717656,2,2023
2023-11-04 00:00:00+00:00,-0.0012026574922066047,0.95975397032956,0.9614559519788385,0.10571734358221138,2,2023
2023-11-05 00:00:00+00:00,-0.0011745819129193036,0.9586266606751584,0.9579840618302665,0.047250432092090296,1,2023
2023-11-06 00:00:00+00:00,0.0006577456083254329,0.9592571931512412,0.9578085590737245,0.12080973355992558,3,2023
2023-11-07 00:00:00+00:00,0.00044111006043734413,0.9596803311496871,0.9577712804424549,0.12123622707821392,3,2023
2023-11-08 00:00:00+00:00,0.000418800692984167,0.9600822459374158,0.9577346351858771,0.12164226876212669,3,2023
2023-11-09 00:00:00+00:00,0.008521804783200748,0.9682638794131113,0.9601085368717717,0.09706503921245213,3,2023
2023-11-10 00:00:00+00:00,0.003919308629732443,0.9720588043915533,0.9617198959281283,0.09340341142784413,3,2023
2023-11-11 00:00:00+00:00,0.00028142933002905934,0.972332370249622,0.9666773938022416,0.07750499820333658,2,2023
2023-11-12 00:00:00+00:00,-0.0002873710896078574,0.9720529500369224,0.9666337822852491,0.07728468897777865,2,2023
2023-11-13 00:00:00+00:00,-0.0022673754457426254,0.969848941046047,0.9665219473105358,0.09633118438427936,3,2023
2023-11-14 00:00:00+00:00,-0.0016228978884598178,0.9682749752474984,0.9664048364491079,0.060396219986456764,2,2023
2023-11-15 00:00:00+00:00,0.0047849928559475785,0.9729081640866506,0.9672198286897565,0.05879262997836271,2,2023
2023-11-16 00:00:00+00:00,-0.004074600627121505,0.9689439518711315,0.9671965306484754,0.054965940410679204,2,2023
2023-11-17 00:00:00+00:00,-0.000494317390143828,0.9684649860256469,0.967149914363245,0.0387530995447007,1,2023
2023-11-18 00:00:00+00:00,2.748671883678888e-05,0.968491605950421,0.967138643690063,0.03879115768907199,1,2023
2023-11-19 00:00:00+00:00,0.0009616087303723209,0.9694229159339953,0.9671270901578262,0.039726494484269625,1,2023
2023-11-20 00:00:00+00:00,-0.0010554450451937258,0.9683997433206756,0.966971422943952,0.10369224563011804,3,2023
2023-11-21 00:00:00+00:00,-0.005342962923969186,0.963225619396532,0.9669428419436134,0.09890725413681713,3,2023
2023-11-22 00:00:00+00:00,0.006333864838754311,0.969326560279015,0.9669124215348873,0.10461011446005053,3,2023
2023-11-23 00:00:00+00:00,-0.0004887220409426352,0.9688528290241355,0.9668821341593251,0.1042035647894285,3,2023
2023-11-24 00:00:00+00:00,0.0009561688257466727,0.9697792158959849,0.9668515596953622,0.10509080644947644,3,2023
2023-11-25 00:00:00+00:00,0.0006048271644263359,0.9703657647092548,0.9668208000388583,0.10566344369841296,3,2023
2023-11-26 00:00:00+00:00,-0.0011995313291025544,0.9692017805737976,0.966790380451719,0.10462075682307838,3,2023
2023-11-27 00:00:00+00:00,-0.0016600582209577164,0.9675928491901892,0.9667604345602272,0.10316285242220587,3,2023
2023-11-28 00:00:00+00:00,0.001971662709931765,0.969500615929334,0.9667299071804998,0.10495912096674578,3,2023
2023-11-29 00:00:00+00:00,-8.431950616072381e-05,0.9694188681161763,0.9666993951715137,0.10491511973367239,3,2023
2023-11-30 00:00:00+00:00,0.00026958773187724105,0.9696802115500708,0.9666687955796198,0.10518791497583467,3,2023
2023-12-01 00:00:00+00:00,0.0020020822103155034,0.9716215910513101,0.9666376042164666,0.1070079251719512,3,2023
2023-12-02 00:00:00+00:00,0.003466983290406178,0.9749901868720828,0.9682543740653344,0.09605332952203352,3,2023
2023-12-03 00:00:00+00:00,0.000862965159118545,0.9758315694338359,0.9690460602858141,0.08400203708733776,3,2023
2023-12-04 00:00:00+00:00,0.00243495848874975,0.9782076787974188,0.9727020420239444,0.10274471892795085,3,2023
2023-12-05 00:00:00+00:00,0.0024029261274673974,0.9805582395868904,0.9743406844001518,0.09126299433993783,3,2023
2023-12-06 00:00:00+00:00,-0.0012561763273981619,0.9793264855386861,0.9743056935826505,0.09015575412537638,3,2023
2023-12-07 00:00:00+00:00,0.003773195971628285,0.9830216762888295,0.975103481389295,0.08158508087947232,3,2023
2023-12-08 00:00:00+00:00,0.0024194396789412043,0.985400037937702,0.9758905418610974,0.07898040660625039,3,2023
2023-12-09 00:00:00+00:00,-0.0011588133353481744,0.9842581432330872,0.9758321508902104,0.07797120344904525,3,2023
2023-12-10 00:00:00+00:00,0.0006765372226580357,0.9849240305036887,0.9757824439395865,0.0786450363222626,3,2023
2023-12-11 00:00:00+00:00,-0.005081568012488713,0.9799190720555497,0.9756862945520277,0.04039346184204349,2,2023
2023-12-12 00:00:00+00:00,-0.00018422065403900234,0.9797385507231904,0.9756722169890967,0.040231018619042325,2,2023
2023-12-13 00:00:00+00:00,0.001259560289599948,0.9809725904958716,0.9756587607770325,0.04145210197986128,2,2023
2023-12-14 00:00:00+00:00,0.0010964308154117752,0.9820481590731657,0.9756462353360688,0.04251468677294348,2,2023
2023-12-15 00:00:00+00:00,-0.0013317850723228997,0.9807402819946098,0.9756290203736954,0.0412553746446211,2,2023
2023-12-16 00:00:00+00:00,0.0004270564989776737,0.9811591135058448,0.9756167528016415,0.04167714113150741,2,2023
2023-12-17 00:00:00+00:00,-0.001144420661446044,0.9800362547441827,0.9756048185069277,0.040591337500553305,2,2023
2023-12-18 00:00:00+00:00,0.002508337325435539,0.9824945162622375,0.9797106187004587,0.10867905087012077,3,2023
2023-12-19 00:00:00+00:00,-0.001598829505413013,0.980923675040731,0.9796789782302177,0.10728395433706217,3,2023
2023-12-20 00:00:00+00:00,0.004671465609742409,0.9855060262544659,0.9804733136453925,0.10546062030189884,3,2023
2023-12-21 00:00:00+00:00,0.0033984739949042275,0.9888552428565132,0.9820904775000804,0.10170428947433931,3,2023
2023-12-22 00:00:00+00:00,0.002127010170406063,0.9909585480151284,0.9819845566645629,0.10371780541950636,3,2023
2023-12-23 00:00:00+00:00,0.0005947957781777813,0.9915479659758369,0.9870530484892345,0.08886544633442199,2,2023
2023-12-24 00:00:00+00:00,-0.0016207542820008136,0.9899409103641724,0.9870075351121251,0.08743229966325507,2,2023
2023-12-25 00:00:00+00:00,0.002791684826956242,0.9927045133832193,0.9868204286907268,0.15883622938528427,4,2023
2023-12-26 00:00:00+00:00,0.0009690860514446342,0.9936665294803451,0.9875587611955992,0.14761486558752723,4,2023
2023-12-27 00:00:00+00:00,0.004970920194589112,0.9986059664984263,0.9900119874945366,0.1283244679878911,4,2023
2023-12-28 00:00:00+00:00,-0.0024529641555497417,0.9961564218570875,0.9950901744050719,0.09855430057669369,3,2023
2023-12-29 00:00:00+00:00,-0.00040002517581505526,0.9957579342092948,0.9949482210142903,0.09833611342685486,3,2023
2023-12-30 00:00:00+00:00,-0.000996977331736093,0.9947651861209917,0.9948488479441361,0.09753617386258828,3,2023
2023-12-31 00:00:00+00:00,-0.0003067560522886925,0.994460035879543,0.994460035879543,0.0,0,2023
2024-01-01 00:00:00+00:00,0.004757790609081658,1.0047577906090817,0.9996716823413396,0.14759197724619766,4,2024
2024-01-02 00:00:00+00:00,5.035061916136563e-05,1.004808380785946,1.0003385469452981,0.13505854553071964,4,2024
2024-01-03 00:00:00+00:00,-0.008130387435333453,0.9966388993518862,0.9966729536701564,0.05556525367232717,2,2024
2024-01-04 00:00:00+00:00,0.002036986883309222,0.9986690397172617,0.9966944658218093,0.05746360324954726,2,2024
2024-01-05 00:00:00+00:00,-0.0015076353811163123,0.9971634109389585,0.9967780068350157,0.055956677784505346,2,2024
2024-01-06 00:00:00+00:00,-0.002153878633520012,0.9950156419740092,0.9968817380839348,0.05381468311825772,2,2024
2024-01-07 00:00:00+00:00,-0.001287093329792821,0.9937349639781848,0.9969775944374352,0.05249882414559144,2,2024
2024-01-08 00:00:00+00:00,0.006634753402580351,1.000328150411702,0.9976929664715058,0.12909319715420703,4,2024
2024-01-09 00:00:00+00:00,-0.000527627770434469,0.9998003494999975,0.9976685890381105,0.12865782226023534,4,2024
2024-01-10 00:00:00+00:00,0.0049717927087300495,1.0047711495878273,1.0002060719031811,0.1121091735653042,4,2024
2024-01-11 00:00:00+00:00,-6.0400127484094845e-05,1.0047104612823,1.0001835987715688,0.11207790937592053,4,2024
2024-01-12 00:00:00+00:00,-0.005501518331532562,0.9991830282616728,1.0000910379954904,0.07298555466401484,3,2024
2024-01-13 00:00:00+00:00,0.0017504547100160028,1.0009320528996615,1.0000766167277437,0.07461982381112806,3,2024
2024-01-14 00:00:00+00:00,-0.0015476139933052746,0.9993829964482461,1.0000612402674607,0.07320085863291909,3,2024
2024-01-15 00:00:00+00:00,0.0030370816242124565,1.0024182041823095,0.9999687660648833,0.10752659553989533,4,2024
2024-01-16 00:00:00+00:00,0.0014159661333714713,1.0038375944109068,0.9999938139659992,0.10876356866719325,4,2024
2024-01-17 00:00:00+00:00,-0.0006503970511168022,1.0031847013997017,1.0000132561875226,0.10816415336706654,4,2024
2024-01-18 00:00:00+00:00,-0.0028463936141094326,1.0003292428718653,1.001729787086123,0.08548709877144943,3,2024
2024-01-19 00:00:00+00:00,0.00036409361817013597,1.0006934563652639,1.0017705679030737,0.08577919333817664,3,2024
2024-01-20 00:00:00+00:00,0.0002560695974709315,1.000949703535827,1.0018007067248593,0.08598312733453073,3,2024
2024-01-21 00:00:00+00:00,-0.00020338212030790448,1.0007461282628003,1.001819306081296,0.08577860934034576,3,2024
2024-01-22 00:00:00+00:00,-0.006319170451739908,0.9944222428993889,1.0017782644601516,0.11446155777958988,4,2024
2024-01-23 00:00:00+00:00,-0.0026982842765577164,0.9917390089971142,0.9946968110095358,0.06714005487187036,2,2024
2024-01-24 00:00:00+00:00,-0.0005400096323728842,0.9912034603794558,0.994704283710261,0.06662849031920703,2,2024
2024-01-25 00:00:00+00:00,-0.00020693887482392537,0.9909983418506433,0.9946952361856074,0.06644442919766463,2,2024
2024-01-26 00:00:00+00:00,0.0026336691891000186,0.9936083036500245,0.9946857690218267,0.06890617547352487,2,2024
2024-01-27 00:00:00+00:00,0.0006599241248774756,0.9942640097402818,0.9946771037521236,0.06952893678740152,2,2024
2024-01-28 00:00:00+00:00,-0.00012345448251138702,0.9941412633914797,0.9946692611421952,0.06942194060922849,2,2024
2024-01-29 00:00:00+00:00,0.00362916349846909,0.9977491645769019,0.9936289311414724,0.1346264959138983,4,2024
2024-01-30 00:00:00+00:00,-0.00041052353422954546,0.9973395650635852,0.9936061747601274,0.13429391090836462,4,2024
2024-01-31 00:00:00+00:00,-0.0032017986637628004,0.9941462845768468,0.9935831554860142,0.1315363458196406,4,2024
2024-02-01 00:00:00+00:00,0.0008282394902103807,0.9949696757887793,0.993560327421479,0.1322779899352615,4,2024
2024-02-02 00:00:00+00:00,0.0009141797165133081,0.9958792568849312,0.9935355591991818,0.1330953899902775,4,2024
2024-02-03 00:00:00+00:00,-0.0011782772782790163,0.9947058349846343,0.9935132015634361,0.13209520764076566,4,2024
2024-02-04 00:00:00+00:00,-0.00027890443358646877,0.9944284071171428,0.9934903833324796,0.13187602369226473,4,2024
2024-02-05 00:00:00+00:00,-0.000222776434730676,0.9942068719020103,0.9934661753433137,0.13170693208020876,4,2024
2024-02-06 00:00:00+00:00,0.001861434459115907,0.9960575228328584,0.9934427425740452,0.13334372524354587,4,2024
2024-02-07 00:00:00+00:00,0.0033391385660093142,0.9993834969213132,0.9934227034918608,0.1362480311527014,4,2024
2024-02-08 00:00:00+00:00,0.002591436429806304,1.0019733357225824,0.9934493382603358,0.13845402158809003,4,2024
2024-02-09 00:00:00+00:00,0.003979804606378812,1.00596099381956,0.9952453112071041,0.12378512927876867,4,2024
2024-02-10 00:00:00+00:00,0.0008548932997376468,1.0068209831329737,0.9953078191998543,0.12447147515743126,4,2024
2024-02-11 00:00:00+00:00,-0.00018247594736309214,1.0066372625202515,0.9953644254940783,0.12425545004157235,4,2024
2024-02-12 00:00:00+00:00,0.005751071912770245,1.0124265058070796,1.0006428505698841,0.14799252157278905,4,2024
2024-02-13 00:00:00+00:00,-0.0007387708318128405,1.0116785546352351,1.000672440612034,0.1473333694824293,4,2024
2024-02-14 00:00:00+00:00,0.005452616012784128,1.0171948493220295,1.0032318359408339,0.1253300530289562,4,2024
2024-02-15 00:00:00+00:00,0.0019660875572113934,1.019194743458541,1.0049297170690545,0.11478333514492582,4,2024
2024-02-16 00:00:00+00:00,-2.7714181332627597e-05,1.0191664973106076,1.0048970046889258,0.11479089859925874,4,2024
2024-02-17 00:00:00+00:00,-0.0013880854557886124,1.0177518071186638,1.0048580511911556,0.11359871880914295,4,2024
2024-02-18 00:00:00+00:00,0.0015384694500724105,1.0193175871816718,1.00482510540647,0.11499264672372676,4,2024
2024-02-19 00:00:00+00:00,3.080815007594495e-05,1.0193489904708728,1.0099330655017762,0.09329215933420501,3,2024
2024-02-20 00:00:00+00:00,8.997830420121034e-05,1.0194407097644247,1.0098720562204841,0.09343358186374968,3,2024
2024-02-21 00:00:00+00:00,0.0006852566418151795,1.0201392882817275,1.0098547217334994,0.09407137938677117,3,2024
2024-02-22 00:00:00+00:00,-0.0010819272877140573,1.0190355717484663,1.0150593798374066,0.06678518990740827,2,2024
2024-02-23 00:00:00+00:00,-0.0008614616772733008,1.0181577116556266,1.015029994280835,0.06600942945869422,2,2024
2024-02-24 00:00:00+00:00,0.0014615454187085763,1.0196457953946196,1.0149995325924221,0.0674023816732998,2,2024
2024-02-25 00:00:00+00:00,2.932962793966709e-05,1.0196757012264288,1.0149588442041269,0.06746963687584319,2,2024
2024-02-26 00:00:00+00:00,0.006536396903172648,1.0263407063221657,1.0175527669339517,0.1678763916630897,4,2024
2024-02-27 00:00:00+00:00,0.0005375464106001093,1.026892412084902,1.0226280220191568,0.13220798494126362,3,2024
2024-02-28 00:00:00+00:00,0.00744294875381013,1.0345355196837263,1.0251937350193667,0.1043618343456893,3,2024
2024-02-29 00:00:00+00:00,-0.0006825295947027188,1.033829418574771,1.0267524109188653,0.09486517659221526,3,2024
2024-03-01 00:00:00+00:00,0.002224607215335128,1.036129282958758,1.026613720885081,0.09700813057813652,3,2024
2024-03-02 00:00:00+00:00,0.00015239043293879817,1.0362871791487687,1.0264395032677514,0.09731383405444716,3,2024
2024-03-03 00:00:00+00:00,0.0009706063037089319,1.0372930060173031,1.0262813719956896,0.09834158346125894,3,2024
2024-03-04 00:00:00+00:00,0.005788689294797145,1.0432975729368035,1.0285502213438975,0.12812690024838339,4,2024
2024-03-05 00:00:00+00:00,-0.011230036163785262,1.0315813034631338,1.0315813034631338,0.0,0,2024
2024-03-06 00:00:00+00:00,0.0,1.0315813034631338,1.0315813034631338,0.0,0,2024
2024-03-07 00:00:00+00:00,0.0,1.0315813034631338,1.0315813034631338,0.0,0,2024
2024-03-08 00:00:00+00:00,0.0,1.0315813034631338,1.0315813034631338,0.0,0,2024
2024-03-09 00:00:00+00:00,0.0,1.0315813034631338,1.0315813034631338,0.0,0,2024
2024-03-10 00:00:00+00:00,0.0,1.0315813034631338,1.0315813034631338,0.0,0,2024
2024-03-11 00:00:00+00:00,0.0033549390696601122,1.0350421958816531,1.0311278725421642,0.1351960222749254,4,2024
2024-03-12 00:00:00+00:00,-1.5757911989600082e-05,1.035025885777825,1.030933735956296,0.13536996144463534,4,2024
2024-03-13 00:00:00+00:00,0.008403464574296082,1.0437236891424384,1.03424616493136,0.11630714266570479,4,2024
2024-03-14 00:00:00+00:00,-0.0023273550953926136,1.0412945734963308,1.0358606414244869,0.09523969802972551,3,2024
2024-03-15 00:00:00+00:00,-0.001371889247982927,1.0398660326669682,1.037561005849658,0.08666092666470415,3,2024
2024-03-16 00:00:00+00:00,-0.004858231012009551,1.0348141232587302,1.0338329218410074,0.05095383234789041,2,2024
2024-03-17 00:00:00+00:00,0.003268151125107144,1.038196052199935,1.0338017773839672,0.05407535371285323,2,2024
2024-03-18 00:00:00+00:00,-0.0025843734236215,1.0355129659141207,1.0336333355985596,0.10118296173858025,4,2024
2024-03-19 00:00:00+00:00,-0.00977447585527158,1.0253913694309724,1.031665782183753,0.04376444267950308,2,2024
2024-03-20 00:00:00+00:00,0.0019014470755378543,1.0273410968516588,1.0279641223420752,0.023279365537562043,1,2024
2024-03-21 00:00:00+00:00,-0.00012316222066943716,1.0272145672407855,1.0279603944474385,0.02316268476706286,1,2024
2024-03-22 00:00:00+00:00,-1.3696364488113844e-06,1.0272131603302734,1.027951258757583,0.023170240518359645,1,2024
2024-03-23 00:00:00+00:00,-9.751026939419649e-05,1.0271129964982844,1.0279438402777166,0.023082202948635076,1,2024
2024-03-24 00:00:00+00:00,0.0006676977664656913,1.0277987975519542,1.0279336218138362,0.023743995626411142,1,2024
2024-03-25 00:00:00+00:00,0.002966097751790242,1.030847349254666,1.027739348289889,0.09135630482013851,4,2024
2024-03-26 00:00:00+00:00,-0.0002045501708373143,1.0306364892532687,1.0276594702216275,0.0912479072000868,4,2024
2024-03-27 00:00:00+00:00,-0.0014395290546960204,1.0291528580821587,1.0275705580166543,0.09002423987328848,4,2024
2024-03-28 00:00:00+00:00,0.0014668852957970824,1.030662507276807,1.0274691436720846,0.09145551199930399,4,2024
2024-03-29 00:00:00+00:00,0.0006358130958175057,1.0313178159963017,1.027376188551822,0.09212294180088591,4,2024
2024-03-30 00:00:00+00:00,-0.0004900989159112301,1.030812368252722,1.027311873903569,0.09174016625956175,4,2024
2024-03-31 00:00:00+00:00,0.002470384403310044,1.0333588710499926,1.0272286097117806,0.09405896417787084,4,2024
2024-04-01 00:00:00+00:00,-0.0037970616684342984,1.029435143690992,1.0271402292535823,0.0906917921991971,4,2024
2024-04-02 00:00:00+00:00,-0.0050819706865962155,1.0242035844670025,1.0271019469979652,0.08608448798945045,4,2024
2024-04-03 00:00:00+00:00,0.0011097752968889374,1.0253402203040292,1.0270670664078745,0.08713162306890523,4,2024
2024-04-04 00:00:00+00:00,0.0018817402145019368,1.0272696442301215,1.027040913139624,0.08887163686773009,4,2024
2024-04-05 00:00:00+00:00,-0.0014959374045855345,1.0257329131447224,1.0270466809194316,0.08750098078347594,4,2024
2024-04-06 00:00:00+00:00,0.0013447485647428703,1.0271122660074832,1.027054547900974,0.08871875530947025,4,2024
2024-04-07 00:00:00+00:00,0.0008506789580451368,1.027986008799726,1.0270703210057397,0.08947796050079386,4,2024
2024-04-08 00:00:00+00:00,0.0026294525428927074,1.0306890492246226,1.0270467932823446,0.09188868331364404,4,2024
2024-04-09 00:00:00+00:00,-0.003192299275524224,1.027398781319492,1.027004804754336,0.0890213049936242,4,2024
2024-04-10 00:00:00+00:00,0.00207422659519918,1.02952983919558,1.0269540692650425,0.09095625018549136,4,2024
2024-04-11 00:00:00+00:00,-0.000866430484448566,1.0286378231582516,1.026900507372808,0.09022001465712254,4,2024
2024-04-12 00:00:00+00:00,-0.005669712716982911,1.0228057422111216,1.0232441390196543,0.07134056815273492,3,2024
2024-04-13 00:00:00+00:00,-0.005144052530592802,1.0175443757445957,1.0196403045136204,0.04824313122787402,2,2024
2024-04-14 00:00:00+00:00,0.0012216850253079503,1.0187874944710291,1.01967534712094,0.04937006317932953,2,2024
2024-04-15 00:00:00+00:00,-0.003741931280974442,1.0149752616768024,1.0192648377376863,0.09702008319818138,4,2024
2024-04-16 00:00:00+00:00,-0.0010181316535232687,1.0139418832353462,1.0193226366442485,0.0960427896254064,4,2024
2024-04-17 00:00:00+00:00,-0.002524881300242976,1.011381800334832,1.0193215465215157,0.09375570548608543,4,2024
2024-04-18 00:00:00+00:00,0.003729792912326335,1.0151540450053766,1.0193230683915073,0.09712174964166176,4,2024
2024-04-19 00:00:00+00:00,0.00022424524243080945,1.0153816884703035,1.0193207392227688,0.09732646428682191,4,2024
2024-04-20 00:00:00+00:00,0.0031897129998972318,1.0186204646418748,1.019308862332207,0.10020823873631683,4,2024
2024-04-21 00:00:00+00:00,0.00013274171121313572,1.018755678065428,1.0193076553587386,0.10032884753451965,4,2024
2024-04-22 00:00:00+00:00,0.0035249041306750772,1.0223466941631896,1.0182584520617197,0.10856017070951107,4,2024
2024-04-23 00:00:00+00:00,-0.0002001885958420324,1.0221420320140213,1.0182649359165417,0.10837533549070458,4,2024
2024-04-24 00:00:00+00:00,-0.0022953556710355594,1.019795852504234,1.0182949527848426,0.10629459709450217,4,2024
2024-04-25 00:00:00+00:00,0.00011849088650905948,1.0199166890188556,1.018305821053941,0.10638982445761204,4,2024
2024-04-26 00:00:00+00:00,-0.0019808687163318517,1.0178963679563133,1.018353326187199,0.10456951676132986,4,2024
2024-04-27 00:00:00+00:00,0.0010416665508674594,1.0189566765550628,1.0183843146749485,0.1054708741736158,4,2024
2024-04-28 00:00:00+00:00,-0.00020926942842180996,1.0187434400737736,1.018447409340061,0.10522170357940201,4,2024
2024-04-29 00:00:00+00:00,-0.000378612226458408,1.0183577313517373,1.0185095221234084,0.10482180817523509,4,2024
2024-04-30 00:00:00+00:00,-0.0058517902927403,1.0123985154648762,1.0149392859411044,0.08488802823855607,3,2024
2024-05-01 00:00:00+00:00,-0.0028110724082941463,1.009552589931855,1.0113258878494256,0.05539689218279343,2,2024
2024-05-02 00:00:00+00:00,6.0613829705902234e-05,1.0096137827806202,1.0113378203015642,0.05544232589592562,2,2024
2024-05-03 00:00:00+00:00,0.002424350923215801,1.0120614408869957,1.0113504781129306,0.05771422001588993,2,2024
2024-05-04 00:00:00+00:00,2.9935584141771443e-05,1.012091737537416,1.011362851118448,0.057730201864920706,2,2024
2024-05-05 00:00:00+00:00,0.0005754298078706199,1.0126741252914948,1.0114038750126948,0.058231589709780825,2,2024
2024-05-06 00:00:00+00:00,-0.00033717800773491735,1.0123326738474443,1.0112819026684747,0.1184127936181753,4,2024
2024-05-07 00:00:00+00:00,-0.0023718033162323238,1.0099316198544825,1.0112718673848373,0.11632680763954714,4,2024
2024-05-08 00:00:00+00:00,-0.0011873940671153216,1.0087324330408751,1.0112517837439703,0.1152962017376272,4,2024
2024-05-09 00:00:00+00:00,0.0036685753646545916,1.012433043994257,1.011232998978626,0.11854849516209126,4,2024
2024-05-10 00:00:00+00:00,-0.003997299906745577,1.0083860454819127,1.0112306745675959,0.11501323350934894,4,2024
2024-05-11 00:00:00+00:00,0.00030322252842807096,1.0086918108482552,1.01121687829934,0.11529517747683385,4,2024
2024-05-12 00:00:00+00:00,0.0003216351056956057,1.0090162415454518,1.0112037557265203,0.11559264342717804,4,2024
2024-05-13 00:00:00+00:00,0.0012608152006745588,1.0102884245605197,1.0106167386424512,0.14396113413821499,4,2024
2024-05-14 00:00:00+00:00,-0.004442461081696991,1.0058002575531206,1.0106696172231042,0.14008867144374262,4,2024
2024-05-15 00:00:00+00:00,0.008428697688299014,1.0142778438588491,1.0107859585670989,0.14716132042503396,4,2024
2024-05-16 00:00:00+00:00,-0.0024719288260489636,1.0117706212189916,1.0108044317767024,0.14502968148439963,4,2024
2024-05-17 00:00:00+00:00,0.005341504836194222,1.017174998885352,1.0116978462780628,0.14310602323743404,4,2024
2024-05-18 00:00:00+00:00,0.0006307898764679187,1.0178166225772451,1.011684589802542,0.1436592269678136,4,2024
2024-05-19 00:00:00+00:00,-0.001783276193671135,1.0160015744246804,1.0116689044092564,0.1421448451169355,4,2024
2024-05-20 00:00:00+00:00,0.012127657232964495,1.0283232932674553,1.01513012359738,0.1220105527954462,4,2024
2024-05-21 00:00:00+00:00,0.0005915985219506759,1.0289316478078399,1.020340203781522,0.09976159161915417,3,2024
2024-05-22 00:00:00+00:00,-0.0008810340507289238,1.0280251239902485,1.0202987706059912,0.09900805518789445,3,2024
2024-05-23 00:00:00+00:00,-0.0018863871232781548,1.0260858706339469,1.0202713986146783,0.09733189950649702,3,2024
2024-05-24 00:00:00+00:00,-0.0006609443401701665,1.0254076849852227,1.020256034770973,0.09674987470177834,3,2024
2024-05-25 00:00:00+00:00,0.0005380590264965068,1.0259594148459679,1.0202407665769153,0.09725049709724,3,2024
2024-05-26 00:00:00+00:00,-0.0010634491990766382,1.0248683591279648,1.0202215098151697,0.096308236331045,3,2024
2024-05-27 00:00:00+00:00,0.002037192233114604,1.0269562129891452,1.0200944930228892,0.13749112574905945,4,2024
2024-05-28 00:00:00+00:00,-0.0013268811518367674,1.0255935641463683,1.0200567842329182,0.1363819261897207,4,2024
2024-05-29 00:00:00+00:00,-0.0016966243342153575,1.0238535171484229,1.020009904372453,0.13495998823487074,4,2024
2024-05-30 00:00:00+00:00,-0.0001219912619087049,1.0237286159658563,1.019971811731301,0.13489165774357267,4,2024
2024-05-31 00:00:00+00:00,-0.0004968963609887078,1.0232199289419428,1.0199367943046505,0.13449579762603814,4,2024
2024-06-01 00:00:00+00:00,0.0013064653293244355,1.0245567303033793,1.0198757799209937,0.1356846254807522,4,2024
2024-06-02 00:00:00+00:00,-0.0006708802956973958,1.0238693753811947,1.0198107828043095,0.13516786589888236,4,2024
2024-06-03 00:00:00+00:00,0.001993967172251976,1.0259109373043789,1.0242266979384445,0.10490949050458738,3,2024
2024-06-04 00:00:00+00:00,0.005015718718806239,1.0310566179964444,1.0259195603754476,0.09604425993766873,3,2024
2024-06-05 00:00:00+00:00,0.0013466539532700494,1.0324450944671146,1.02586853997005,0.09730935547446873,3,2024
2024-06-06 00:00:00+00:00,-0.0007139985147341932,1.0317079302031205,1.025815884913424,0.0967154119658252,3,2024
2024-06-07 00:00:00+00:00,-0.003847590691025027,1.0277383403750142,1.0257840007440981,0.09325754238598362,3,2024
2024-06-08 00:00:00+00:00,-0.0008750744879060246,1.0268389927731092,1.0257638185301492,0.09248303494474984,3,2024
2024-06-09 00:00:00+00:00,0.0006215907068907178,1.02747726634849,1.025743323679473,0.09306673540053903,3,2024
2024-06-10 00:00:00+00:00,-0.004360403808100877,1.0229970505635668,1.0237481431330084,0.028106243584803837,1,2024
2024-06-11 00:00:00+00:00,-0.0017482087572979754,1.0212086381610816,1.0237400514479367,0.026412118507763392,1,2024
2024-06-12 00:00:00+00:00,0.0010408489679014643,1.0222715621181238,1.023731638361752,0.027432652589281764,1,2024
2024-06-13 00:00:00+00:00,-0.0014157433653247953,1.0208242879364948,1.0237236570634325,0.026061613194919023,1,2024
2024-06-14 00:00:00+00:00,-0.0007277918939188055,1.0200813402946192,1.0200813402946192,0.0,0,2024
2024-06-15 00:00:00+00:00,0.0,1.0200813402946192,1.0200813402946192,0.0,0,2024
2024-06-16 00:00:00+00:00,0.0,1.0200813402946192,1.0200813402946192,0.0,0,2024
2024-06-17 00:00:00+00:00,-0.002131501095625099,1.0179070358001545,1.019888010755364,0.08622344315265616,2,2024
2024-06-18 00:00:00+00:00,-0.003112588181638176,1.0147387103905166,1.0162171001945612,0.0386911324809496,1,2024
2024-06-19 00:00:00+00:00,0.0006850664408690754,1.015433873827256,1.0162171001945612,0.039349242076598435,1,2024
2024-06-20 00:00:00+00:00,-0.000762123836386408,1.014659987467738,1.0162171001945612,0.038616548832556316,1,2024
2024-06-21 00:00:00+00:00,-7.955803324810606e-05,1.0145792631147195,1.0162171001945612,0.03854005697044184,1,2024
2024-06-22 00:00:00+00:00,0.00032023012309290166,1.0149041619570343,1.0162171001945612,0.038847846842758514,1,2024
2024-06-23 00:00:00+00:00,-0.000892676165224926,1.0139981812016676,1.0162171001945612,0.03798908262613264,1,2024
2024-06-24 00:00:00+00:00,-7.532154757905474e-05,1.0139218052894172,1.0139218052894172,0.0,0,2024
2024-06-25 00:00:00+00:00,0.0,1.0139218052894172,1.0139218052894172,0.0,0,2024
2024-06-26 00:00:00+00:00,0.0,1.0139218052894172,1.0139218052894172,0.0,0,2024
2024-06-27 00:00:00+00:00,0.0,1.0139218052894172,1.0139218052894172,0.0,0,2024
2024-06-28 00:00:00+00:00,0.0,1.0139218052894172,1.0139218052894172,0.0,0,2024
2024-06-29 00:00:00+00:00,0.0,1.0139218052894172,1.0139218052894172,0.0,0,2024
2024-06-30 00:00:00+00:00,0.0,1.0139218052894172,1.0139218052894172,0.0,0,2024
2024-07-01 00:00:00+00:00,-0.0005757709196427818,1.0133380185991399,1.0138186329486476,0.05004478402604084,1,2024
2024-07-02 00:00:00+00:00,0.00026961580797602025,1.0136112305477774,1.0138168315674936,0.050302615124347916,1,2024
2024-07-03 00:00:00+00:00,-0.0020342740072401,1.0115492675680273,1.0138100001480699,0.04837348572578995,1,2024
2024-07-04 00:00:00+00:00,-0.0013674885875112341,1.0101659854889227,1.0101659854889227,0.0,0,2024
2024-07-05 00:00:00+00:00,0.0,1.0101659854889227,1.0101659854889227,0.0,0,2024
2024-07-06 00:00:00+00:00,0.0,1.0101659854889227,1.0101659854889227,0.0,0,2024
2024-07-07 00:00:00+00:00,0.0,1.0101659854889227,1.0101659854889227,0.0,0,2024
2024-07-08 00:00:00+00:00,0.0,1.0101659854889227,1.0101659854889227,0.0,0,2024
2024-07-09 00:00:00+00:00,0.0,1.0101659854889227,1.0101659854889227,0.0,0,2024
2024-07-10 00:00:00+00:00,0.0,1.0101659854889227,1.0101659854889227,0.0,0,2024
2024-07-11 00:00:00+00:00,0.0,1.0101659854889227,1.0101659854889227,0.0,0,2024
2024-07-12 00:00:00+00:00,0.0,1.0101659854889227,1.0101659854889227,0.0,0,2024
2024-07-13 00:00:00+00:00,0.0,1.0101659854889227,1.0101659854889227,0.0,0,2024
2024-07-14 00:00:00+00:00,0.0,1.0101659854889227,1.0101659854889227,0.0,0,2024
2024-07-15 00:00:00+00:00,0.004914652299746081,1.015130600072631,1.0100214530089475,0.07148440004363711,2,2024
2024-07-16 00:00:00+00:00,-0.00027300519223116826,1.0148534641480185,1.010009203586827,0.07124291137965907,2,2024
2024-07-17 00:00:00+00:00,-0.0016225878897286883,1.0132067752072427,1.009993671159296,0.06974880214548257,2,2024
2024-07-18 00:00:00+00:00,0.001117434584331889,1.0143389674989387,1.0099779507782194,0.07080263488865746,2,2024
2024-07-19 00:00:00+00:00,0.002639612632000521,1.0170164294506792,1.0116916859645797,0.05498179085723963,2,2024
2024-07-20 00:00:00+00:00,0.0007048491690782033,1.0177332726359163,1.0116832817487291,0.0556556747691051,2,2024
2024-07-21 00:00:00+00:00,0.0015857441283990692,1.019347137197275,1.011670883896034,0.057162954906399714,2,2024
2024-07-22 00:00:00+00:00,-0.0021517804701648435,1.0171537259351355,1.0115614946642508,0.09870143546855652,3,2024
2024-07-23 00:00:00+00:00,-0.0013984314434544176,1.015731306181961,1.0115398478373305,0.09746057772684265,3,2024
2024-07-24 00:00:00+00:00,-0.0011052502819438592,1.0146086688694242,1.011514680174907,0.09648674732368152,3,2024
2024-07-25 00:00:00+00:00,-0.0014823860893961038,1.0131046270925115,1.0114299241421876,0.06461769220692291,2,2024
2024-07-26 00:00:00+00:00,0.0028078101624160468,1.0159492325600525,1.0114155505199047,0.0672508624122206,2,2024
2024-07-27 00:00:00+00:00,0.00024134708357559376,1.0161944289443918,1.013152206783585,0.059344249419612215,2,2024
2024-07-28 00:00:00+00:00,0.0002835108834615685,1.0164825311247105,1.013138553991422,0.059624291384051654,2,2024
2024-07-29 00:00:00+00:00,-0.000642379119419445,1.0158295639714614,1.0130312598933011,0.09920998178047019,3,2024
2024-07-30 00:00:00+00:00,-0.0011738355499606445,1.0146371471165707,1.013008317316786,0.09817397139299852,3,2024
2024-07-31 00:00:00+00:00,-0.002238619147392318,1.01236576097138,1.0129873272312115,0.09617133051028998,3,2024
2024-08-01 00:00:00+00:00,-0.0021165971842751485,1.0102229904522515,1.011049823892446,0.03948853065417633,1,2024
2024-08-02 00:00:00+00:00,-0.002783866008578717,1.0074106650080468,1.0074106650080468,0.0,0,2024
2024-08-03 00:00:00+00:00,0.0,1.0074106650080468,1.0074106650080468,0.0,0,2024
2024-08-04 00:00:00+00:00,0.0,1.0074106650080468,1.0074106650080468,0.0,0,2024
2024-08-05 00:00:00+00:00,0.0,1.0074106650080468,1.0074106650080468,0.0,0,2024
2024-08-06 00:00:00+00:00,0.0,1.0074106650080468,1.0074106650080468,0.0,0,2024
2024-08-07 00:00:00+00:00,0.0,1.0074106650080468,1.0074106650080468,0.0,0,2024
2024-08-08 00:00:00+00:00,0.0,1.0074106650080468,1.0074106650080468,0.0,0,2024
2024-08-09 00:00:00+00:00,0.0,1.0074106650080468,1.0074106650080468,0.0,0,2024
2024-08-10 00:00:00+00:00,0.0,1.0074106650080468,1.0074106650080468,0.0,0,2024
2024-08-11 00:00:00+00:00,0.0,1.0074106650080468,1.0074106650080468,0.0,0,2024
2024-08-12 00:00:00+00:00,-0.0014782768235064303,1.0059214331702122,1.0073695929907693,0.023529720101910907,1,2024
2024-08-13 00:00:00+00:00,0.00017352511164880902,1.006095985799213,1.0073689642948498,0.02335151792045447,1,2024
2024-08-14 00:00:00+00:00,0.00035616672659677384,1.0064543237131174,1.0073690242160291,0.022987223467835657,1,2024
2024-08-15 00:00:00+00:00,0.0007902288284897807,1.0072496529342736,1.007372036312706,0.022182458201692262,1,2024
2024-08-16 00:00:00+00:00,-0.00019584555803120463,1.007052387563918,1.0073730024416028,0.022383646672706037,1,2024
2024-08-17 00:00:00+00:00,-0.00018787495514360764,1.006863187641777,1.0073722050764518,0.02257497111833296,1,2024
2024-08-18 00:00:00+00:00,2.0766593914256504e-05,1.006884096760722,1.0073712817661242,0.022552819162511367,1,2024
2024-08-19 00:00:00+00:00,-0.00021246152484166725,1.0066701726301854,1.0073702890573382,0.02276913233032088,1,2024
2024-08-20 00:00:00+00:00,0.0005499331703373578,1.007223773949704,1.0073703382657375,0.022207035656806526,1,2024
2024-08-21 00:00:00+00:00,-0.000497988059070642,1.006722188537465,1.0073721164718277,0.022718102512511048,1,2024
2024-08-22 00:00:00+00:00,6.480783974605053e-05,1.0067874320277286,1.0073731674011224,0.022652870501085654,1,2024
2024-08-23 00:00:00+00:00,-0.001202924466161992,1.005576342793518,1.0073761699907653,0.023887512187257737,1,2024
2024-08-24 00:00:00+00:00,-4.168148306704644e-05,1.0055344288802133,1.0073761813002071,0.02393020236337564,1,2024
2024-08-25 00:00:00+00:00,0.0001902949275767174,1.0057257769815329,1.0073767783362086,0.023735984348311114,1,2024
2024-08-26 00:00:00+00:00,0.0005673468959799255,1.0062963723793104,1.0073800785000577,0.02315877976594149,1,2024
2024-08-27 00:00:00+00:00,0.0019345529746483958,1.0082431060198747,1.0073847697168379,0.021187899541158045,1,2024
2024-08-28 00:00:00+00:00,-0.00061654615381046,1.0076214776107522,1.0073835824152915,0.021816719114717473,1,2024
2024-08-29 00:00:00+00:00,9.101368450004088e-06,1.007630648345078,1.0073837940252546,0.021807629276379612,1,2024
2024-08-30 00:00:00+00:00,1.3316417639019917e-05,1.0076440663756174,1.0073859914048928,0.02179620335057815,1,2024
2024-08-31 00:00:00+00:00,0.00011790145826973131,1.0077628690804599,1.0073910219285058,0.021680738063343516,1,2024
2024-09-01 00:00:00+00:00,0.0007569396759932179,1.0085256847800597,1.0073939647112706,0.02091089021918271,1,2024
2024-09-02 00:00:00+00:00,-0.0023510557507409047,1.0061545846690876,1.0073127599136846,0.06379605429946576,2,2024
2024-09-03 00:00:00+00:00,0.0021598358552905594,1.0083277134170208,1.007322621355977,0.061513161233437565,2,2024
2024-09-04 00:00:00+00:00,-0.0005659169509191209,1.0077570836719165,1.0073260827609758,0.06211766444109414,2,2024
2024-09-05 00:00:00+00:00,0.0019899709220791983,1.009762490964943,1.0073335793480758,0.06001570289844061,2,2024
2024-09-06 00:00:00+00:00,0.0028066787650899983,1.0125965699061186,1.007337429424295,0.05705270836157492,2,2024
2024-09-07 00:00:00+00:00,-0.0005679323699729899,1.0120214835363452,1.0073319438096873,0.057647963501809715,2,2024
2024-09-08 00:00:00+00:00,-0.0007006023026651098,1.0113124589546332,1.0073310659935075,0.05838860560713384,2,2024
2024-09-09 00:00:00+00:00,-0.004810604370525162,1.0064474348196195,1.0093406746998492,0.1391689998934141,4,2024
2024-09-10 00:00:00+00:00,-0.0008057544968764763,1.0056364852731439,1.0093388708989675,0.1400858369378562,4,2024
2024-09-11 00:00:00+00:00,0.0005174402470871087,1.0061568420645635,1.0093300966603467,0.13948749518684508,4,2024
2024-09-12 00:00:00+00:00,-0.0026800465685080654,1.0034602948726075,1.0093291683638093,0.1425486561760475,4,2024
2024-09-13 00:00:00+00:00,-0.0037572350582895098,0.9996900586731106,1.0057107609584133,0.10476067673293132,3,2024
2024-09-14 00:00:00+00:00,0.0010221303141881855,1.0007118721868729,1.0057096198567983,0.10363148008604396,3,2024
2024-09-15 00:00:00+00:00,0.00317817353033778,1.003892308170552,1.0057113456806641,0.10013677909115899,3,2024
2024-09-16 00:00:00+00:00,0.0009067677661136475,1.0048026053562504,1.005716155282391,0.09914490087861226,3,2024
2024-09-17 00:00:00+00:00,-0.0020995823729592633,1.0026929395177409,1.0057318560741049,0.10147316025759252,3,2024
2024-09-18 00:00:00+00:00,-0.0020600322489653378,1.0006273597265245,1.0057380600888441,0.10375311462118096,3,2024
2024-09-19 00:00:00+00:00,-0.003401757731929189,0.9972234678687949,1.002135305540598,0.06298459387879707,2,2024
2024-09-20 00:00:00+00:00,-0.0022839895461668203,0.9949458198929904,0.9949458198929904,0.0,0,2024
2024-09-21 00:00:00+00:00,0.0,0.9949458198929904,0.9949458198929904,0.0,0,2024
2024-09-22 00:00:00+00:00,0.0,0.9949458198929904,0.9949458198929904,0.0,0,2024
2024-09-23 00:00:00+00:00,0.00022663153913438094,0.995171305995508,0.9947798662223596,0.08874903467056562,2,2024
2024-09-24 00:00:00+00:00,3.254879551439771e-06,0.9951745451582421,0.9947816553044309,0.08892978040174902,2,2024
2024-09-25 00:00:00+00:00,-0.00047131297741420664,0.9947055064803167,0.9947860340161966,0.08636374680141914,2,2024
2024-09-26 00:00:00+00:00,-6.300354603139269e-06,0.9946992394829002,0.9947958091550761,0.08787092639019915,2,2024
2024-09-27 00:00:00+00:00,2.6940910236028515e-07,0.9946995074639293,0.9948050281215718,0.08968245270962771,2,2024
2024-09-28 00:00:00+00:00,-0.00022258877647285402,0.9944780985176048,0.994811509755502,0.08890060526984916,2,2024
2024-09-29 00:00:00+00:00,-0.00018086477241263665,0.994298232462647,0.9948188130436608,0.0882149137809202,2,2024
2024-09-30 00:00:00+00:00,-0.003710059967545143,0.9906093263945864,0.9946975881555635,0.14317287633505363,3,2024
2024-10-01 00:00:00+00:00,-0.0011625099027207098,0.9894577332429252,0.987527016808153,0.035871582581622145,1,2024
2024-10-02 00:00:00+00:00,0.0012385716778131606,0.9906832475677131,0.9875362232963094,0.03459946157015635,1,2024
2024-10-03 00:00:00+00:00,0.0002279164027998437,0.9909090405298128,0.9883936332408364,0.025787120798924777,1,2024
2024-10-04 00:00:00+00:00,-0.0007063054381185596,0.9902091560858057,0.9883969879610499,0.0265155398046373,1,2024
2024-10-05 00:00:00+00:00,5.756513291377274e-06,0.990214856237974,0.9884031232859684,0.026515826641515812,1,2024
2024-10-06 00:00:00+00:00,-0.00027380051361780566,0.989943734901744,0.9884077926801373,0.026801681005529106,1,2024
2024-10-07 00:00:00+00:00,0.00019110040815384366,0.9901329135535332,0.9884118053267434,0.026609548910476705,1,2024
2024-10-08 00:00:00+00:00,-0.00019207436997203953,0.9899427343979738,0.9884184330474332,0.02681346722895762,1,2024
2024-10-09 00:00:00+00:00,0.0007780830424690688,0.9907129920526243,0.9884245273528441,0.02602129367928563,1,2024
2024-10-10 00:00:00+00:00,-0.00016476371572926585,0.9905497584988324,0.9884314463443555,0.02619735761958601,1,2024
2024-10-11 00:00:00+00:00,-0.0005777049546787927,0.9899775129954917,0.9884381981850715,0.026797359797773375,1,2024
2024-10-12 00:00:00+00:00,-0.0003966157182989649,0.9895848723530752,0.9884440669885924,0.027210695924801,1,2024
2024-10-13 00:00:00+00:00,8.395792573923089e-05,0.989667955846301,0.9884477314549183,0.027128163408629353,1,2024
2024-10-14 00:00:00+00:00,-0.004284681091399456,0.9854275442691224,0.988302147315512,0.05975404571079927,1,2024
2024-10-15 00:00:00+00:00,-0.0007004604512047541,0.9847372912468341,0.9847372912468341,0.0,0,2024
2024-10-16 00:00:00+00:00,0.0,0.9847372912468341,0.9847372912468341,0.0,0,2024
2024-10-17 00:00:00+00:00,0.0,0.9847372912468341,0.9847372912468341,0.0,0,2024
2024-10-18 00:00:00+00:00,0.0,0.9847372912468341,0.9847372912468341,0.0,0,2024
2024-10-19 00:00:00+00:00,0.0,0.9847372912468341,0.9847372912468341,0.0,0,2024
2024-10-20 00:00:00+00:00,0.0,0.9847372912468341,0.9847372912468341,0.0,0,2024
2024-10-21 00:00:00+00:00,-0.001110868332872994,0.9836433777737889,0.9843975239605083,0.16265473956299706,3,2024
2024-10-22 00:00:00+00:00,0.00033901026758953456,0.9839768429785006,0.9843936014718284,0.1613800660928368,3,2024
2024-10-23 00:00:00+00:00,7.260664823216523e-05,0.9840482862390074,0.985229199140558,0.1471622233619436,3,2024
2024-10-24 00:00:00+00:00,0.002103354532652091,0.9861180886622167,0.985221375207975,0.1492613313744387,3,2024
2024-10-25 00:00:00+00:00,-0.0025780454513555373,0.9835758314092417,0.9816598426089761,0.09021855473199304,2,2024
2024-10-26 00:00:00+00:00,-0.00019362312748105737,0.9833853883806494,0.9816565282390174,0.09114218811884083,2,2024
2024-10-27 00:00:00+00:00,0.00046883710627798614,0.9838464359404937,0.9816488039571342,0.09223392673494347,2,2024
2024-10-28 00:00:00+00:00,0.0020109318887646666,0.9858248841121738,0.9815254486086221,0.15464970084743337,3,2024
2024-10-29 00:00:00+00:00,0.002047658517530193,0.9878435168329193,0.982344350694691,0.14240997968745533,3,2024
2024-10-30 00:00:00+00:00,-0.0016206909965791327,0.9862425277391591,0.9823190474317797,0.1415669288074377,3,2024
2024-10-31 00:00:00+00:00,-0.0014173207407215394,0.9848447057492128,0.9823087892362073,0.1366784546226289,3,2024
2024-11-01 00:00:00+00:00,-0.001236982862574565,0.9836264697259037,0.9822159188204894,0.09023482107194834,2,2024
2024-11-02 00:00:00+00:00,-0.00019142092313817471,0.9834381830390456,0.9822255350469977,0.08958135221044113,2,2024
2024-11-03 00:00:00+00:00,-0.001049487839981933,0.9824060766245722,0.978682259003827,0.03215290905048681,1,2024
2024-11-04 00:00:00+00:00,-0.0019391978866724058,0.9805009968369277,0.9821440214257283,0.08829846116759592,2,2024
2024-11-05 00:00:00+00:00,0.002949709820331492,0.9833931902561424,0.9821231386794855,0.09100104235635673,2,2024
2024-11-06 00:00:00+00:00,0.008216672151263094,0.9914734096962619,0.983769346494967,0.07450414485752171,2,2024
2024-11-07 00:00:00+00:00,0.001566633459056721,0.993026685113657,0.9837467130587494,0.07597458207617941,2,2024
2024-11-08 00:00:00+00:00,0.0008639308113387312,0.9938845914634082,0.9871110289415947,0.05119652709203353,2,2024
2024-11-09 00:00:00+00:00,6.75977025341723e-05,0.9939517757783753,0.9870957391675441,0.05127604250449355,2,2024
2024-11-10 00:00:00+00:00,0.0027502604738898206,0.9966854020602512,0.9921544265223348,0.019983017564091484,1,2024
2024-11-11 00:00:00+00:00,0.01039139189727134,1.0070423506713488,0.997707323732513,0.14156708957840103,3,2024
2024-11-12 00:00:00+00:00,-0.005027743059975998,1.001979200481659,0.9975397664068482,0.13739652653122067,3,2024
2024-11-13 00:00:00+00:00,8.060098678130956e-05,1.0020599609939522,0.9991870424424724,0.12231269915196806,3,2024
2024-11-14 00:00:00+00:00,-0.0025894477403159977,0.9994651790922953,0.9991526822673518,0.12006845193319934,3,2024
2024-11-15 00:00:00+00:00,0.0013792964246477357,1.0008437378403772,0.9991275062709178,0.12130562141622625,3,2024
2024-11-16 00:00:00+00:00,0.000654993508908186,1.001499283992094,0.9990882096428471,0.12192002160234897,3,2024
2024-11-17 00:00:00+00:00,-0.0013586262853227948,1.0001386207401304,0.9990555606910049,0.12075806046721295,3,2024
2024-11-18 00:00:00+00:00,0.0002188219062357888,1.0003574729796207,0.9966629006812576,0.060670667673094335,2,2024
2024-11-19 00:00:00+00:00,0.00029189374034843674,1.0006494710640943,0.9966250884714086,0.060982559683836514,2,2024
2024-11-20 00:00:00+00:00,0.0003590705469191935,1.0010087748169436,0.9966066685044651,0.061338013568149524,2,2024
2024-11-21 00:00:00+00:00,0.0031319582601625484,1.0041438925177268,1.0017550226574696,0.03217873267359632,1,2024
2024-11-22 00:00:00+00:00,3.701731623606541e-05,1.0041810632297428,1.001727969667391,0.03224149784413883,1,2024
2024-11-23 00:00:00+00:00,-0.00027521006677588833,1.0039047024922763,1.001707244450026,0.0319957322496879,1,2024
2024-11-24 00:00:00+00:00,-0.0002914917298253439,1.003612072573967,1.0016828429345817,0.03173779843100978,1,2024
2024-11-25 00:00:00+00:00,-0.005932791863590525,0.9976578510355989,1.0014722977426787,0.10399376815282085,3,2024
2024-11-26 00:00:00+00:00,-0.00214375396386024,0.9955191180628651,1.0014180915934876,0.10212327477017352,3,2024
2024-11-27 00:00:00+00:00,0.004711778935402977,1.0002097840731445,1.0013678905125016,0.10638422180879077,3,2024
2024-11-28 00:00:00+00:00,-0.000202457031673986,1.0000072845692098,1.001319484364906,0.10625167217016161,3,2024
2024-11-29 00:00:00+00:00,0.0015288765996781528,1.0015361723060954,1.001263995292083,0.10767142112224377,3,2024
2024-11-30 00:00:00+00:00,-0.0012926361278758902,1.000241550466398,1.0012146935297466,0.10656576189068194,3,2024
2024-12-01 00:00:00+00:00,0.00035215012854727945,1.000593785656973,1.0011586116035545,0.1069363227622703,3,2024
2024-12-02 00:00:00+00:00,-0.0021386196806062463,0.9984538960946748,1.0008497426816199,0.07105417111994697,2,2024
2024-12-03 00:00:00+00:00,0.0009978170790374552,0.9994501704448295,1.000800776908687,0.07202915787140794,2,2024
2024-12-04 00:00:00+00:00,0.0005593552448868166,1.000009218139671,1.0007400594296558,0.07260864996877214,2,2024
2024-12-05 00:00:00+00:00,4.988495925228875e-06,1.0000142066815807,1.0006369521498228,0.07271638204870619,2,2024
2024-12-06 00:00:00+00:00,0.0013328138008927848,1.0013470394173347,1.0005986504329465,0.07398888361714515,2,2024
2024-12-07 00:00:00+00:00,0.00013605891379442347,1.0014832816078492,1.000538401165845,0.07417501857662155,2,2024
2024-12-08 00:00:00+00:00,0.00039615582733909527,1.0018800250458408,1.0004921031952532,0.074587855389773,2,2024
2024-12-09 00:00:00+00:00,-0.01253130734008312,0.9893251585341012,0.989596136375074,0.04361152078200037,1,2024
2024-12-10 00:00:00+00:00,-0.00034749798242073027,0.9889813700375525,0.9895832918658568,0.04329204980131082,1,2024
2024-12-11 00:00:00+00:00,0.002008847036588657,0.9909680823319938,0.9895698473095843,0.045223643802418834,1,2024
2024-12-12 00:00:00+00:00,-0.0005201026609918946,0.990452677195415,0.9895565533866759,0.04474022573875554,1,2024
2024-12-13 00:00:00+00:00,0.0006081662688346423,0.9910550371045622,0.9895430747121925,0.04533442973678972,1,2024
2024-12-14 00:00:00+00:00,-8.058446340220016e-06,0.9910470507407255,0.9895310551485638,0.04533886469983104,1,2024
2024-12-15 00:00:00+00:00,0.0013639754927248227,0.9923988146300732,0.989518001956636,0.04665237860369049,1,2024
2024-12-16 00:00:00+00:00,-0.0002217517139466718,0.9921787484920103,0.9901621316752087,0.12188698796716982,4,2024
2024-12-17 00:00:00+00:00,-9.6065873997353e-05,0.9920834339733747,0.9901286216078042,0.12183640063759,4,2024
2024-12-18 00:00:00+00:00,-0.007369734284090934,0.9847720426773425,0.9901048531392231,0.115340654463787,4,2024
2024-12-19 00:00:00+00:00,-0.003955685000348486,0.9808765946793613,0.9829752940571649,0.026343602929087946,1,2024
2024-12-20 00:00:00+00:00,-0.0014510868827005696,0.979453257519274,0.979453257519274,0.0,0,2024
2024-12-21 00:00:00+00:00,0.0,0.979453257519274,0.979453257519274,0.0,0,2024
2024-12-22 00:00:00+00:00,0.0,0.979453257519274,0.979453257519274,0.0,0,2024
2024-12-23 00:00:00+00:00,0.002291251740837108,0.9816974315006337,0.9792979412137045,0.07890198590893623,3,2024
2024-12-24 00:00:00+00:00,0.0021769621275939954,0.9838345496297669,0.9792968932352739,0.0809038908469102,3,2024
2024-12-25 00:00:00+00:00,0.0005007882045873213,0.984327242367487,0.9792881554679865,0.08137280984627038,3,2024
2024-12-26 00:00:00+00:00,-0.0027124356389354176,0.9816573180749144,0.9792844613891529,0.07887807881652754,3,2024
2024-12-27 00:00:00+00:00,-0.0008721656722778803,0.9808011502601491,0.9792824941238937,0.07807601238652374,3,2024
2024-12-28 00:00:00+00:00,0.0025859547700339824,0.9833374576731192,0.9792727901206184,0.08046378540272746,3,2024
2024-12-29 00:00:00+00:00,-0.002130488798527397,0.9812424682343742,0.9792625270408775,0.07851100039757802,3,2024
2024-12-30 00:00:00+00:00,0.00015661719010684472,0.9813961476725627,0.9792542901691745,0.0786636918298952,3,2024
2024-12-31 00:00:00+00:00,-0.00017853341750517782,0.9812209356643923,0.9812209356643923,0.0,0,2024
2025-01-01 00:00:00+00:00,0.0,1.0,1.0,0.0,0,2025
2025-01-02 00:00:00+00:00,0.0,1.0,1.0,0.0,0,2025
2025-01-03 00:00:00+00:00,0.0,1.0,1.0,0.0,0,2025
2025-01-04 00:00:00+00:00,0.0,1.0,1.0,0.0,0,2025
2025-01-05 00:00:00+00:00,0.0,1.0,1.0,0.0,0,2025
2025-01-06 00:00:00+00:00,0.0037649065017117955,1.0037649065017118,0.9996764884179621,0.15214715329241976,4,2025
2025-01-07 00:00:00+00:00,-0.009277161751130025,0.9944528171039875,0.9996533532104247,0.14423109517309782,4,2025
2025-01-08 00:00:00+00:00,-0.0027199836778600828,0.9917479216730627,0.9961228786043549,0.11074393186322222,3,2025
2025-01-09 00:00:00+00:00,-0.0033754473502102256,0.9884003287787748,0.9925782119159912,0.08424406334834038,2,2025
2025-01-10 00:00:00+00:00,0.0015434672212395473,0.9899258922877072,0.9926026690800902,0.08563061832850451,2,2025
2025-01-11 00:00:00+00:00,0.00013482131667519326,0.9900593553999163,0.9925970968720869,0.08575950634990842,2,2025
2025-01-12 00:00:00+00:00,-0.00023423919627407752,0.9898274446922438,0.992592621559629,0.08554982652286346,2,2025
2025-01-13 00:00:00+00:00,-0.0029493355006289246,0.9869081114701161,0.9889750076802787,0.06851891968761367,2,2025
2025-01-14 00:00:00+00:00,0.001339434827257513,0.9882300105659221,0.988976361324732,0.0697635391994899,2,2025
2025-01-15 00:00:00+00:00,0.0037682257010074327,0.9919538842902434,0.9889778764399417,0.07325419340570678,2,2025
2025-01-16 00:00:00+00:00,0.00042191173123917736,0.9923724012708737,0.9898178395742733,0.06544446774601999,2,2025
2025-01-17 00:00:00+00:00,0.0017872401812781824,0.9941460091012164,0.9898091643253546,0.06712048942046274,2,2025
2025-01-18 00:00:00+00:00,0.00258003315509181,0.9967109387656997,0.9966749687162715,0.04066629009224646,1,2025
2025-01-19 00:00:00+00:00,-0.0015276961443495551,0.9951882673075163,0.996666465053067,0.03920702208894267,1,2025
2025-01-20 00:00:00+00:00,-9.39637138791527e-05,0.9950947557219111,0.99736128736596,0.09917164573734848,3,2025
2025-01-21 00:00:00+00:00,0.0010075439400232256,0.9960973574127876,0.997279966070501,0.06525160621841028,2,2025
2025-01-22 00:00:00+00:00,0.0009054631109677302,0.9969992868248574,0.9972710996761361,0.06610611381421264,2,2025
2025-01-23 00:00:00+00:00,-0.0007771271087101406,0.9962244916517011,0.9972655441094604,0.06538537173790533,2,2025
2025-01-24 00:00:00+00:00,-0.0005421654136066323,0.9956843731881397,0.9972556054431214,0.06488836288246323,2,2025
2025-01-25 00:00:00+00:00,0.0006770428963209785,0.9963584942199847,0.9972558394198747,0.06552081038866314,2,2025
2025-01-26 00:00:00+00:00,-0.0027932447035476926,0.99357542113317,0.9972478839616559,0.06291127680980325,2,2025
2025-01-27 00:00:00+00:00,-0.0019982086088301543,0.9915900501731396,0.9935989355365898,0.06350869597594612,2,2025
2025-01-28 00:00:00+00:00,-0.0011038792393442964,0.9904954545028131,0.9935880658557192,0.062484754229215345,2,2025
2025-01-29 00:00:00+00:00,0.0010367032817852895,0.9915223043910896,0.9935731779543518,0.06347068800237934,2,2025
2025-01-30 00:00:00+00:00,0.0014009319533263564,0.9929113596697468,0.993558822587784,0.06479532422313199,2,2025
2025-01-31 00:00:00+00:00,-0.0015669368775166337,0.991355530244175,0.9935505444881224,0.0633359680086285,2,2025
2025-02-01 00:00:00+00:00,-0.0021059982662726684,0.989267737216221,0.9900174199550121,0.03896902440999512,1,2025
2025-02-02 00:00:00+00:00,-0.001141623014184967,0.9881383664002242,0.9900142976247961,0.03787379519546039,1,2025
2025-02-03 00:00:00+00:00,-0.004456401777485519,0.9837348248277966,0.9828113098021158,0.015881472089231494,1,2025
2025-02-04 00:00:00+00:00,-0.0007057478074676826,0.9830405561320448,0.9828194328160367,0.015178178927574969,1,2025
2025-02-05 00:00:00+00:00,-0.0007653964581523232,0.9822881403721612,0.9828221604065728,0.014421045639671776,1,2025
2025-02-06 00:00:00+00:00,-0.0004841513243065698,0.9818125642681493,0.9828220716944999,0.013943735505036092,1,2025
2025-02-07 00:00:00+00:00,0.00017532428345456985,0.9819846998524664,0.9828214998522616,0.014117167141519013,1,2025
2025-02-08 00:00:00+00:00,0.0005415623327351682,0.9825165057772287,0.9828207309930438,0.014651577696218195,1,2025
2025-02-09 00:00:00+00:00,8.698791808203765e-05,0.9826019728425475,0.9828259866594183,0.01473193492506407,1,2025
2025-02-10 00:00:00+00:00,-3.10443457360865e-05,0.9825714686071816,0.9824485454480215,0.061346606171922266,2,2025
2025-02-11 00:00:00+00:00,-0.00021498875392489403,0.9823602267915036,0.9824456011078956,0.060210645897871104,2,2025
2025-02-12 00:00:00+00:00,-0.00022115156500956967,0.9821429762899455,0.9824449997070601,0.06216719631044695,2,2025
2025-02-13 00:00:00+00:00,-2.2586484294429e-05,0.9821207931330367,0.9824434476980753,0.06115206465510218,2,2025
2025-02-14 00:00:00+00:00,-3.697166560823195e-05,0.982084482491486,0.9824403141294666,0.06191896747092649,2,2025
2025-02-15 00:00:00+00:00,0.0002998674840177795,0.9823789776943437,0.9824394113693489,0.061676448971434,2,2025
2025-02-16 00:00:00+00:00,-0.00035545881390941503,0.9820297824281229,0.9824393580823212,0.06083836082477997,2,2025
2025-02-17 00:00:00+00:00,-0.00046992318871086347,0.9815683038613552,0.9820792293174105,0.06844111267077084,2,2025
2025-02-18 00:00:00+00:00,-0.0008817957006008736,0.9807027611511642,0.9820731780730408,0.067625113377843,2,2025
2025-02-19 00:00:00+00:00,0.0006190776914098972,0.9813098923524969,0.9820689810062336,0.06820624575636966,2,2025
2025-02-20 00:00:00+00:00,0.0008051273114881852,0.9820999717478633,0.9820674020551186,0.06895746255536941,2,2025
2025-02-21 00:00:00+00:00,-0.0012460744258646628,0.9808762020894259,0.9820808482691582,0.06778215845519522,2,2025
2025-02-22 00:00:00+00:00,0.0010735342122840663,0.9819292062503842,0.9820888296515683,0.06877372472846463,2,2025
2025-02-23 00:00:00+00:00,-0.0005640233618116053,0.9813753752384138,0.9820956745224199,0.06824122016961358,2,2025
2025-02-24 00:00:00+00:00,-0.0038166870619710247,0.9776297725408044,0.9821099019103047,0.06465681052338176,2,2025
2025-02-25 00:00:00+00:00,-0.0025799927513612264,0.9751074948141342,0.9751074948141342,0.0,0,2025
2025-02-26 00:00:00+00:00,0.0,0.9751074948141342,0.9751074948141342,0.0,0,2025
2025-02-27 00:00:00+00:00,0.0,0.9751074948141342,0.9751074948141342,0.0,0,2025
2025-02-28 00:00:00+00:00,0.0,0.9751074948141342,0.9751074948141342,0.0,0,2025
2025-03-01 00:00:00+00:00,0.0,0.9751074948141342,0.9751074948141342,0.0,0,2025
2025-03-02 00:00:00+00:00,0.0,0.9751074948141342,0.9751074948141342,0.0,0,2025
2025-03-03 00:00:00+00:00,0.0,0.9751074948141342,0.9751074948141342,0.0,0,2025
2025-03-04 00:00:00+00:00,0.0,0.9751074948141342,0.9751074948141342,0.0,0,2025
2025-03-05 00:00:00+00:00,0.0,0.9751074948141342,0.9751074948141342,0.0,0,2025
2025-03-06 00:00:00+00:00,0.0,0.9751074948141342,0.9751074948141342,0.0,0,2025
2025-03-07 00:00:00+00:00,0.0,0.9751074948141342,0.9751074948141342,0.0,0,2025
2025-03-08 00:00:00+00:00,0.0,0.9751074948141342,0.9751074948141342,0.0,0,2025
2025-03-09 00:00:00+00:00,0.0,0.9751074948141342,0.9751074948141342,0.0,0,2025
2025-03-10 00:00:00+00:00,0.0021633746646461116,0.9772170176637216,0.9750436513114178,0.028939924853168337,2,2025
2025-03-11 00:00:00+00:00,-0.001259836880353915,0.9759858836247594,0.9750453999634155,0.03023964817787519,2,2025
2025-03-12 00:00:00+00:00,-4.354232408854131e-06,0.9759816339553943,0.9750447193860963,0.030243436774323763,2,2025
2025-03-13 00:00:00+00:00,0.0007280717273903115,0.9766922185895295,0.9750460176560428,0.029495220630348255,2,2025
2025-03-14 00:00:00+00:00,-0.001500296191972783,0.9752268909732502,0.9750518332196847,0.031048052443412508,2,2025
2025-03-15 00:00:00+00:00,-0.0004664269244125663,0.9747720188938891,0.975055546260664,0.03153299456665071,2,2025
2025-03-16 00:00:00+00:00,0.001490154643157826,0.9762245799438641,0.9750545732541632,0.02999714135523216,2,2025
2025-03-17 00:00:00+00:00,-0.00054580624639744,0.975691750470244,0.9750540874816555,0.03055912936208625,2,2025
2025-03-18 00:00:00+00:00,0.000243319239965345,0.9759291550454089,0.9750536035740295,0.030307939653645755,2,2025
2025-03-19 00:00:00+00:00,-0.00216283198494871,0.9738183842538327,0.9750588718919364,0.032546562643832266,2,2025
2025-03-20 00:00:00+00:00,0.0014748743959192012,0.975254644055044,0.9750611401693899,0.031028254730737947,2,2025
2025-03-21 00:00:00+00:00,6.508732483556656e-05,0.9753181207708591,0.9750623617395872,0.030962404711182438,2,2025
2025-03-22 00:00:00+00:00,-0.00013601516893546606,0.9751854627118967,0.9750611118788245,0.031101368647675792,2,2025
2025-03-23 00:00:00+00:00,-0.0006878826283833739,0.9745146495726451,0.9750625874982689,0.031812647811860204,2,2025
2025-03-24 00:00:00+00:00,-0.0015372831107512974,0.9730165446606773,0.975066466396078,0.03340526460982737,2,2025
2025-03-25 00:00:00+00:00,-0.00015030842173191505,0.9728702920795304,0.9750697618882944,0.03356400486615315,2,2025
2025-03-26 00:00:00+00:00,0.0011766378860471605,0.9740150081234009,0.9750676625124726,0.032347148180502314,2,2025
2025-03-27 00:00:00+00:00,-6.952806608806483e-05,0.9739472867435454,0.9750670314152813,0.032418282293319764,2,2025
2025-03-28 00:00:00+00:00,0.0018991453890053744,0.9757969542422986,0.9750643417980452,0.030458530163741095,2,2025
2025-03-29 00:00:00+00:00,0.0011251908162710489,0.9768949120137572,0.9750641144043879,0.029300138067416583,2,2025
2025-03-30 00:00:00+00:00,0.0001400614313311621,0.977031737313394,0.9750527899706052,0.029144402355075896,2,2025
2025-03-31 00:00:00+00:00,-0.00010235531735680592,0.9769317329198536,0.9750502354113479,0.02924713666002661,2,2025
2025-04-01 00:00:00+00:00,-0.0009471199128064933,0.9760064614221526,0.9750491240725091,0.030221742606197158,2,2025
2025-04-02 00:00:00+00:00,0.0019563372216662156,0.9779158591912196,0.9750484027664452,0.028209479092373105,2,2025
2025-04-03 00:00:00+00:00,-0.0001685169148932797,0.9777510638276035,0.9750459781929053,0.028380299240383836,2,2025
2025-04-04 00:00:00+00:00,-0.0006068651727942909,0.977157700759304,0.9750429708709278,0.029001688773809868,2,2025
2025-04-05 00:00:00+00:00,0.0003647008252327666,0.9775140709791534,0.9750460953997762,0.02862974422590045,2,2025
2025-04-06 00:00:00+00:00,0.0034202226503603494,0.9808573867457624,0.9758930651544145,0.021622479881094635,2,2025
2025-04-07 00:00:00+00:00,0.0009230418501378068,0.9817627591627455,0.9814672860321826,0.08143866763286879,3,2025
2025-04-08 00:00:00+00:00,0.00154820848355941,0.983282732595324,0.9813922376988681,0.04571869483244239,2,2025
2025-04-09 00:00:00+00:00,-0.006025408981469194,0.9773580519870205,0.9813875906837846,0.05205301851795784,2,2025
2025-04-10 00:00:00+00:00,0.003763342595792585,0.9810361851754043,0.9813960003486908,0.04811719890519443,2,2025
2025-04-11 00:00:00+00:00,-0.0024519586659066395,0.9786307249995955,0.9813960341500377,0.050693490368856224,2,2025
2025-04-12 00:00:00+00:00,-0.0018122642696671853,0.9768571875034802,0.9779182994910544,0.028062904115877807,1,2025
2025-04-13 00:00:00+00:00,0.0008019729202601855,0.9776406005148194,0.9779231411792253,0.027244038607461957,1,2025
2025-04-14 00:00:00+00:00,-0.000745977183760016,0.9769113029329178,0.9777983046530657,0.09009158331356824,3,2025
2025-04-15 00:00:00+00:00,0.0014835063289377892,0.9783605570336297,0.9777924875751455,0.08847087532019143,3,2025
2025-04-16 00:00:00+00:00,-0.0009311105827970456,0.9774495951651845,0.9777799550938909,0.08947248500514908,3,2025
2025-04-17 00:00:00+00:00,-0.0012088534342556967,0.9762680018652572,0.9777867126399525,0.09079801337679122,3,2025
2025-04-18 00:00:00+00:00,-5.227183631650867e-05,0.9762169705440626,0.9777737778357182,0.090841784444939,3,2025
2025-04-19 00:00:00+00:00,-0.0014091642275300131,0.9748413205108643,0.9777411097523222,0.09234761767410551,3,2025
2025-04-20 00:00:00+00:00,0.0007068442061670677,0.9755303814501997,0.977734742964792,0.09156951698397932,3,2025
2025-04-21 00:00:00+00:00,2.3747659176676095e-05,0.9755535480132148,0.9777204240241274,0.09152891761888456,3,2025
2025-04-22 00:00:00+00:00,-0.006766659135813091,0.9689523096850763,0.9742332642306866,0.0740941517757078,2,2025
2025-04-23 00:00:00+00:00,0.0003360425343252871,0.9692779188748631,0.9707487114531016,0.04295073592302624,1,2025
2025-04-24 00:00:00+00:00,0.00029723938148062956,0.9695660264439524,0.9707487114531016,0.04264082200998547,1,2025
2025-04-25 00:00:00+00:00,0.0001198532900856808,0.969682232122177,0.9707487114531016,0.04251587305263364,1,2025
2025-04-26 00:00:00+00:00,-0.000541856555123732,0.9691568034483146,0.9707465521350314,0.043078845331884025,1,2025
2025-04-27 00:00:00+00:00,0.0002450746344668797,0.9693943191976607,0.9707399671993496,0.042816482963731965,1,2025
2025-04-28 00:00:00+00:00,-0.0004064019443850153,0.969000355461463,0.9706235603984052,0.10025434168209073,3,2025
2025-04-29 00:00:00+00:00,0.0007179853402436986,0.9696960835113754,0.9706203630286414,0.09946164468106075,3,2025
2025-04-30 00:00:00+00:00,-0.00010096034057893721,0.969598182664526,0.970599599822607,0.09955124367331498,3,2025
2025-05-01 00:00:00+00:00,-0.0013487504227154279,0.9682904367057932,0.9705860582990894,0.1010222818224283,3,2025
2025-05-02 00:00:00+00:00,0.00035158387358436016,0.9686308720082848,0.9705733718389375,0.10062221888316784,3,2025
2025-05-03 00:00:00+00:00,0.0004919582255211719,0.9691073979332631,0.9705670090463138,0.10007445935242769,3,2025
2025-05-04 00:00:00+00:00,0.0018501213184929366,0.9709003641900885,0.9705427582848305,0.09801796908757622,3,2025
2025-05-05 00:00:00+00:00,-0.000802962838794774,0.9701207672774715,0.9703499442160118,0.05730426484192803,2,2025
2025-05-06 00:00:00+00:00,1.98165037843534e-05,0.9701399916793276,0.9703502081776932,0.05728358526932812,2,2025
2025-05-07 00:00:00+00:00,2.315469712343976e-05,0.9701624549770023,0.9703585352869819,0.057267687966217014,2,2025
2025-05-08 00:00:00+00:00,-0.006488368281154955,0.9638676836765621,0.9669162216561921,0.03147884515295866,1,2025
2025-05-09 00:00:00+00:00,-0.00041100359343215764,0.9634715305949778,0.9634715305949778,0.0,0,2025
2025-05-10 00:00:00+00:00,0.0,0.9634715305949778,0.9634715305949778,0.0,0,2025
2025-05-11 00:00:00+00:00,0.0,0.9634715305949778,0.9634715305949778,0.0,0,2025
2025-05-12 00:00:00+00:00,0.0003206624710823114,0.9637804797567959,0.9638815000041399,0.19028573994908934,4,2025
2025-05-13 00:00:00+00:00,-0.004625580536308349,0.9593224355283589,0.9637871433488581,0.1453733736917993,3,2025
2025-05-14 00:00:00+00:00,0.002163845916089313,0.9613982614626899,0.9637893530608246,0.14209869623396612,3,2025
2025-05-15 00:00:00+00:00,0.0026592029328851297,0.9639548145392423,0.9637926820819934,0.13940263594212673,3,2025
2025-05-16 00:00:00+00:00,0.00035219429929944646,0.9642943139297053,0.9637923680556794,0.13861280679304377,3,2025
2025-05-17 00:00:00+00:00,0.0009690038916583266,0.9652287188726072,0.9637889837151243,0.137080183057669,3,2025
2025-05-18 00:00:00+00:00,0.00020218170659136447,0.9654238704622399,0.9637830242826231,0.1411145165369467,3,2025
2025-05-19 00:00:00+00:00,0.00041369435728433324,0.9658232608698377,0.9637685603407887,0.13950407995471517,3,2025
2025-05-20 00:00:00+00:00,0.0004854194501371367,0.9662920902660589,0.9637682664954774,0.14057713283810888,3,2025
2025-05-21 00:00:00+00:00,0.0002835072663960325,0.9665660410951102,0.9645774549361104,0.12624462387041752,3,2025
2025-05-22 00:00:00+00:00,-0.0019313270713994246,0.9646992859336478,0.9645799637017611,0.13040400252210158,3,2025
2025-05-23 00:00:00+00:00,0.0010755478183208655,0.9657368661459694,0.9645849863896921,0.12497011638705663,3,2025
2025-05-24 00:00:00+00:00,-0.00025940269686730577,0.965486351398427,0.9645859515495664,0.1256743023892891,3,2025
2025-05-25 00:00:00+00:00,0.0003440760277930721,0.9658185521071047,0.9645824737806911,0.1264927220213304,3,2025
2025-05-26 00:00:00+00:00,0.00030244459314476835,0.9661106587061484,0.9632996454167816,0.10245465892674005,2,2025
2025-05-27 00:00:00+00:00,0.0007304479621299542,0.9668163522679925,0.9632908478035154,0.10311889012268351,2,2025
2025-05-28 00:00:00+00:00,-0.0005910710069690905,0.9662448951531032,0.9632854472171736,0.1025940454299444,2,2025
2025-05-29 00:00:00+00:00,-0.0019519757872493715,0.964358808513211,0.9632783984188436,0.1008462140540451,2,2025
2025-05-30 00:00:00+00:00,-0.0022740638605943664,0.9621657949981253,0.9631750105891024,0.04865647479930686,1,2025
2025-05-31 00:00:00+00:00,0.000218631161959415,0.9623761544238834,0.9631766653742334,0.048862703197232626,1,2025
2025-06-01 00:00:00+00:00,0.00020555389908416544,0.9625739745948108,0.9631786462590931,0.04905611509354709,1,2025
2025-06-02 00:00:00+00:00,-9.297110839068257e-05,0.9624844830254846,0.96235193818576,0.06308142146262287,1,2025
2025-06-03 00:00:00+00:00,-0.00029840669909020345,0.9621972712079795,0.96234255412321,0.06281150797085004,1,2025
2025-06-04 00:00:00+00:00,-0.00041267672621592144,0.9618001947881235,0.9623404154227585,0.06242681606425805,1,2025
2025-06-05 00:00:00+00:00,-0.0019039249798771252,0.9599689993716157,0.9623356993733989,0.060643254648394714,1,2025
2025-06-06 00:00:00+00:00,0.0016684115287775025,0.9615706227174364,0.9623413910429862,0.062201958698219206,1,2025
2025-06-07 00:00:00+00:00,0.000759963589960222,0.9623013813798771,0.9623448744484967,0.06291048998580091,1,2025
2025-06-08 00:00:00+00:00,9.647214416297345e-05,0.9623942166574697,0.962340739691832,0.06300518062283794,1,2025
2025-06-09 00:00:00+00:00,0.002710349954248903,0.9650026417785568,0.9623376298193156,0.06554112258999963,1,2025
2025-06-10 00:00:00+00:00,-1.1624756697470318e-05,0.9649914238576337,0.9623221084945054,0.06554634402398653,1,2025
2025-06-11 00:00:00+00:00,-0.0009867549843407541,0.9640392137602961,0.9623082699594429,0.06463771120163982,1,2025
2025-06-12 00:00:00+00:00,-0.001786392802184844,0.9623170610478108,0.962302027823565,0.06297028304112741,1,2025
2025-06-13 00:00:00+00:00,0.0002479865990334673,0.9625557027829719,0.9623009412728519,0.06320372506179796,1,2025
2025-06-14 00:00:00+00:00,-0.00040220813695335256,0.9621685550470417,0.9622967391041606,0.06283115376303908,1,2025
2025-06-15 00:00:00+00:00,0.00010093010710021666,0.962265666822351,0.9622936102582583,0.06292898430981086,1,2025
2025-06-16 00:00:00+00:00,-0.0001257984591067629,0.9621446152842135,0.9621446152842135,0.0,0,2025
2025-06-17 00:00:00+00:00,0.0,0.9621446152842135,0.9621446152842135,0.0,0,2025
2025-06-18 00:00:00+00:00,0.0,0.9621446152842135,0.9621446152842135,0.0,0,2025
2025-06-19 00:00:00+00:00,0.0,0.9621446152842135,0.9621446152842135,0.0,0,2025
2025-06-20 00:00:00+00:00,0.0,0.9621446152842135,0.9621446152842135,0.0,0,2025
2025-06-21 00:00:00+00:00,0.0,0.9621446152842135,0.9621446152842135,0.0,0,2025
2025-06-22 00:00:00+00:00,0.0,0.9621446152842135,0.9621446152842135,0.0,0,2025
2025-06-23 00:00:00+00:00,-0.002510871786645552,0.9597287935150234,0.9618769539922214,0.1473060408348446,3,2025
2025-06-24 00:00:00+00:00,-0.00017475602705363524,0.9595610751240197,0.9618606585798247,0.14833309068149353,3,2025
2025-06-25 00:00:00+00:00,0.0008410307862090072,0.9603680955294467,0.9626766321217114,0.1335348629559805,3,2025
2025-06-26 00:00:00+00:00,0.0010833935618514978,0.961408552141151,0.9626744534721691,0.13199499488953978,3,2025
2025-06-27 00:00:00+00:00,-0.0008783170492147052,0.9605641306185445,0.962670861998026,0.1330687735478789,3,2025
2025-06-28 00:00:00+00:00,-0.0017316045517825618,0.9589008133976864,0.9592515624308582,0.10640347122431452,2,2025
2025-06-29 00:00:00+00:00,-0.00012572036211599968,0.9587802600401927,0.955759292224002,0.04608545088140933,1,2025
2025-06-30 00:00:00+00:00,-0.0005242124221390698,0.9582776555177779,0.9557553752356531,0.0455892222828426,1,2025
2025-07-01 00:00:00+00:00,-0.0006200021831866964,0.9576835212792578,0.9557525757325949,0.045000041614011235,1,2025
2025-07-02 00:00:00+00:00,0.0013426747858937826,0.9589693787961455,0.9557484300987383,0.046284899646205586,1,2025
2025-07-03 00:00:00+00:00,0.0003107444454910624,0.9592673732040025,0.9557424144032036,0.046587440387437604,1,2025
2025-07-04 00:00:00+00:00,-0.0006901414562529018,0.9586053430221235,0.9557371145815499,0.04593452511511181,1,2025
2025-07-05 00:00:00+00:00,8.903500446577617e-05,0.9586906924531204,0.9557335292265304,0.04602320262194889,1,2025
2025-07-06 00:00:00+00:00,0.0004201499848761614,0.9590934863330556,0.9557314658512243,0.04642599900874037,1,2025
2025-07-07 00:00:00+00:00,-0.0004052786463510927,0.9587047862231903,0.9557270211310324,0.046044015311547504,1,2025
2025-07-08 00:00:00+00:00,0.00028048534685343185,0.9589736888676841,0.95572291845992,0.046315789147629974,1,2025
2025-07-09 00:00:00+00:00,0.000984764205005817,0.9599180518300233,0.9557180453667418,0.04725909585797744,1,2025
2025-07-10 00:00:00+00:00,0.001607541666584833,0.9614611600948471,0.9573613208538585,0.03280743489819997,1,2025
2025-07-11 00:00:00+00:00,0.0004202226339982129,0.9618651878360291,0.957351733847109,0.033223667483783456,1,2025
2025-07-12 00:00:00+00:00,-4.12586460531994e-05,0.9618255025806933,0.9573421558725438,0.03319373607630244,1,2025
2025-07-13 00:00:00+00:00,0.0005127863764591289,0.9623187135949476,0.9623187135949476,0.0,0,2025
2025-07-14 00:00:00+00:00,0.0003703807558774752,0.9626751379274839,0.9621275329366519,0.08758163417889933,1,2025
2025-07-15 00:00:00+00:00,-0.0015447634916265773,0.961188032520117,0.9621026778132081,0.0861958416834836,1,2025
2025-07-16 00:00:00+00:00,0.0005978459783499979,0.9617626749197973,0.9620776427865365,0.08676785976589711,1,2025
2025-07-17 00:00:00+00:00,0.000402519586122585,0.9621498032336542,0.9620524840737569,0.08716145412107508,1,2025
2025-07-18 00:00:00+00:00,-0.0009621595184264864,0.9612240616423208,0.9620275956169175,0.08630820441168709,1,2025
2025-07-19 00:00:00+00:00,-8.590404420416586e-05,0.9611414886080394,0.9620027244706446,0.08625558452347468,1,2025
2025-07-20 00:00:00+00:00,-0.00046385248456481953,0.9606956607405303,0.9619779796492856,0.08585730240513327,1,2025
2025-07-21 00:00:00+00:00,0.0007561110592777531,0.9614220533542163,0.9617061872873495,0.2028533261065946,3,2025
2025-07-22 00:00:00+00:00,0.0037886475034920597,0.9650645426164589,0.9616608447810181,0.2059090188361456,3,2025
2025-07-23 00:00:00+00:00,-0.003018251493930868,0.9621517351189671,0.9623898708632603,0.1843173822089031,3,2025
2025-07-24 00:00:00+00:00,-0.0010040331111942358,0.9611857029189147,0.9622443626364091,0.12830367072657775,2,2025
2025-07-25 00:00:00+00:00,-0.0003565790350980036,0.9608429642484179,0.962207457290226,0.1280311405582438,2,2025
2025-07-26 00:00:00+00:00,0.0003635285842118474,0.9611922581308611,0.962170436049506,0.12838652692981972,2,2025
2025-07-27 00:00:00+00:00,0.0025639023430781283,0.9636566612136314,0.9621334176148645,0.13065395832173057,2,2025
2025-07-28 00:00:00+00:00,-0.003257270738769913,0.9605177705688395,0.9619792130931941,0.17996561348602697,3,2025
2025-07-29 00:00:00+00:00,-0.0013476050068614853,0.9592233720120414,0.9619377325647317,0.17890228368430772,3,2025
2025-07-30 00:00:00+00:00,-0.0011538424974685269,0.9581165793208489,0.9584352740718478,0.1294869764061898,2,2025
2025-07-31 00:00:00+00:00,-0.0028159135561833804,0.9554186058567353,0.9584087658065993,0.12705651005527493,2,2025
2025-08-01 00:00:00+00:00,-0.004166939755412491,0.9514374340849301,0.9514374340849301,0.0,0,2025
2025-08-02 00:00:00+00:00,0.0,0.9514374340849301,0.9514374340849301,0.0,0,2025
2025-08-03 00:00:00+00:00,0.0,0.9514374340849301,0.9514374340849301,0.0,0,2025
2025-08-04 00:00:00+00:00,0.0030535304297207855,0.9543426772418838,0.9511686324579876,0.13833203764009588,3,2025
2025-08-05 00:00:00+00:00,-0.0021729763395491597,0.9522689131844152,0.9511538565137306,0.1364710926055349,3,2025
2025-08-06 00:00:00+00:00,0.0018140659416459037,0.9539963917871113,0.9511325231770464,0.1380571164731759,3,2025
2025-08-07 00:00:00+00:00,0.004320591517524619,0.9581182205052157,0.9519277870325458,0.13323253695525894,3,2025
2025-08-08 00:00:00+00:00,0.0004007541784365465,0.9585021903855194,0.9519135478117111,0.1335946141871654,3,2025
2025-08-09 00:00:00+00:00,0.0017952597793164937,0.9602229508163053,0.9535350193693626,0.12577285772537725,3,2025
2025-08-10 00:00:00+00:00,0.002014943588594109,0.9621577458946735,0.9535080854022997,0.12755882717440337,3,2025
2025-08-11 00:00:00+00:00,-0.00025516648527701413,0.9619122354843715,0.955089500312941,0.09987843878488656,3,2025
2025-08-12 00:00:00+00:00,0.0032193425280135912,0.965008960452283,0.9550712429980197,0.10278585865627989,3,2025
2025-08-13 00:00:00+00:00,0.0022902797430321975,0.9672191009262515,0.9599935242943147,0.08448661164295662,2,2025
2025-08-14 00:00:00+00:00,-0.002542561200568727,0.9647598871677875,0.9599696447395277,0.08217768110433521,2,2025
2025-08-15 00:00:00+00:00,-0.0008858187856310984,0.9639052847361109,0.9599627742970955,0.081371063736991,2,2025
2025-08-16 00:00:00+00:00,0.0003951256121408342,0.9642861484017882,0.9599496120693589,0.08174754390566359,2,2025
2025-08-17 00:00:00+00:00,0.0006009689265720208,0.9648656544133014,0.959942084848792,0.08230685497295258,2,2025
2025-08-18 00:00:00+00:00,-0.0034855464499575772,0.9615025703568751,0.9598059444902723,0.14479086497582153,4,2025
2025-08-19 00:00:00+00:00,-0.004780777268205694,0.9569058407251917,0.9596884881087259,0.08961254795888281,3,2025
2025-08-20 00:00:00+00:00,0.005534998840908134,0.9622023134444639,0.9596759775818526,0.09463680612478866,3,2025
2025-08-21 00:00:00+00:00,-0.0031609320865407797,0.9591608572781536,0.9596617091875888,0.09178081585609485,3,2025
2025-08-22 00:00:00+00:00,0.010138335694890532,0.9688851520346385,0.9612907918670307,0.09044023117919628,3,2025
2025-08-23 00:00:00+00:00,-0.0003559000423430936,0.9685403257680039,0.9612580218382588,0.09015023801823108,3,2025
2025-08-24 00:00:00+00:00,0.00044383824518212656,0.9689702010065808,0.9620589495553159,0.08104745975066634,3,2025
2025-08-25 00:00:00+00:00,-0.006746613329822071,0.9624329337322695,0.9626857800338432,0.10328899253406776,3,2025
2025-08-26 00:00:00+00:00,0.0014329792400920027,0.9638120801462886,0.9621882429819506,0.08222085205169767,2,2025
2025-08-27 00:00:00+00:00,-0.0004908529200743361,0.9633389901723459,0.9621808695015955,0.0817777903286831,2,2025
2025-08-28 00:00:00+00:00,0.00113707134766039,0.9644343753361551,0.9621636026550471,0.08283859224353166,2,2025
2025-08-29 00:00:00+00:00,-0.0025808821309297736,0.9619452838903956,0.9621560382390101,0.08047324544419168,2,2025
2025-08-30 00:00:00+00:00,0.0002153529420183542,0.962152441637342,0.9621412666571907,0.08068657824226774,2,2025
2025-08-31 00:00:00+00:00,-0.00042038907216090937,0.9617479632651248,0.9621326876841524,0.08030886657847748,2,2025
2025-09-01 00:00:00+00:00,-0.00121648684452913,0.9605780095200601,0.9643085195520327,0.15616203605206883,4,2025
2025-09-02 00:00:00+00:00,0.0029681899708837722,0.963429187534169,0.9642861026194035,0.15868256295153202,4,2025
2025-09-03 00:00:00+00:00,0.0013354974164554445,0.9647158447250587,0.9642750710433157,0.1598160767341307,4,2025
2025-09-04 00:00:00+00:00,-0.003140644449214469,0.9616860152622536,0.9642622884426971,0.1571823362366391,4,2025
2025-09-05 00:00:00+00:00,0.00047770969771110394,0.9621454219978975,0.9642484028017992,0.15759919811986423,4,2025
2025-09-06 00:00:00+00:00,-0.00031687630403542943,0.9618405409126303,0.9642343312195895,0.15734680650382032,4,2025
2025-09-07 00:00:00+00:00,0.0024552002024840203,0.9642020520034362,0.9642174209030836,0.15942815986173972,4,2025
2025-09-08 00:00:00+00:00,0.001314969194653015,0.9654699479992419,0.9641890508871713,0.16056141904653146,4,2025
2025-09-09 00:00:00+00:00,0.00016886381548064655,0.965632980938393,0.9641521877206266,0.1607413210476682,4,2025
2025-09-10 00:00:00+00:00,0.0030792956870873134,0.968606450411906,0.9641194423883609,0.1633515198476412,4,2025
2025-09-11 00:00:00+00:00,0.0025470200366000117,0.9710735104486852,0.964101304373642,0.16549574479305512,4,2025
2025-09-12 00:00:00+00:00,0.00424927764481553,0.9751998714081074,0.9657235180346917,0.15048517245703336,4,2025
2025-09-13 00:00:00+00:00,-3.7880869909745485e-05,0.9751629299886425,0.9656956584939236,0.1504815599911475,4,2025
2025-09-14 00:00:00+00:00,-0.0012933018137218921,0.9739017500026138,0.9656763438667224,0.1494012856954113,4,2025
2025-09-15 00:00:00+00:00,-0.0012282406059564988,0.9727055643270485,0.9656564468866836,0.14837571634097171,4,2025
2025-09-16 00:00:00+00:00,0.0022564809188354573,0.9749004558725974,0.965639739085517,0.15031020178509424,4,2025
2025-09-17 00:00:00+00:00,0.002387329745807243,0.9772278647301031,0.9672699175798359,0.13979608019902853,4,2025
2025-09-18 00:00:00+00:00,0.00029189698534382025,0.9775131145978119,0.9672427651211967,0.1400748749373243,4,2025
2025-09-19 00:00:00+00:00,-0.002288824441750159,0.9752757586889891,0.9672310725342068,0.1381141310598339,4,2025
2025-09-20 00:00:00+00:00,0.0017122580282300515,0.9769456824365425,0.9672323666405266,0.1395860548318062,4,2025
2025-09-21 00:00:00+00:00,-0.0003701595293887916,0.9765840566824934,0.9722256191818188,0.11240090931173725,3,2025
2025-09-22 00:00:00+00:00,-0.009230076933335218,0.9675701107074454,0.96915303146464,0.14186933833338775,3,2025
2025-09-23 00:00:00+00:00,-0.0014413084417304045,0.9661755437389167,0.9691305559847938,0.1406539844536449,3,2025
2025-09-24 00:00:00+00:00,-0.0012377195006024744,0.9649796894274258,0.9655154542801693,0.04586239768280508,2,2025
2025-09-25 00:00:00+00:00,-0.0030149031035966445,0.9620703691668634,0.9620703691668634,0.0,0,2025
2025-09-26 00:00:00+00:00,0.0,0.9620703691668634,0.9620703691668634,0.0,0,2025
2025-09-27 00:00:00+00:00,0.0,0.9620703691668634,0.9620703691668634,0.0,0,2025
2025-09-28 00:00:00+00:00,0.0,0.9620703691668634,0.9620703691668634,0.0,0,2025
2025-09-29 00:00:00+00:00,0.00395590597764639,0.965876229091167,0.961659133747462,0.20994836814935122,4,2025
2025-09-30 00:00:00+00:00,-0.0024834413121292975,0.9634775321614383,0.961652336383534,0.20798849155992719,4,2025
2025-10-01 00:00:00+00:00,0.007985469296158954,0.9711713524120524,0.962429394445016,0.19151626537140873,4,2025
2025-10-02 00:00:00+00:00,0.006940841269758025,0.9779120986148808,0.9665096623581034,0.1421537050612613,4,2025
2025-10-03 00:00:00+00:00,0.003451356639718295,0.9812872220294961,0.9681358650636109,0.13260045233527704,4,2025
2025-10-04 00:00:00+00:00,-0.0015567114992757203,0.9797596409268705,0.968112583398331,0.1312718188237688,4,2025
2025-10-05 00:00:00+00:00,0.001714443297288426,0.9814393832762114,0.9730439821874194,0.08430005401600224,3,2025
2025-10-06 00:00:00+00:00,0.0035774842550979624,0.984950467217215,0.9778473217731154,0.14383422370319435,3,2025
2025-10-07 00:00:00+00:00,-0.005390510023424722,0.9796410818511038,0.9778192747782788,0.13922267041853384,3,2025
2025-10-08 00:00:00+00:00,0.0028809564485947625,0.9824633851431711,0.9778045072449757,0.1417104396944968,3,2025
2025-10-09 00:00:00+00:00,-0.0032006934279285026,0.9793188210431629,0.9777903558983994,0.13896894720555203,3,2025
2025-10-10 00:00:00+00:00,-0.005340567015811648,0.9740887032495362,0.9740887032495362,0.0,0,2025
2025-10-11 00:00:00+00:00,0.0,0.9740887032495362,0.9740887032495362,0.0,0,2025
2025-10-12 00:00:00+00:00,0.0,0.9740887032495362,0.9740887032495362,0.0,0,2025
2025-10-13 00:00:00+00:00,0.0015580763934652797,0.9756064078632106,0.9739672414448172,0.0760719981012295,3,2025
2025-10-14 00:00:00+00:00,-0.0030719918498806065,0.9726093529295635,0.9739750377857652,0.07321693680759762,3,2025
2025-10-15 00:00:00+00:00,-0.0027336639900907844,0.9699505657650345,0.9739763664828649,0.07067510870126119,3,2025
2025-10-16 00:00:00+00:00,-0.0019378017592811547,0.9680709938522792,0.9739795854450904,0.0688674397009007,3,2025
2025-10-17 00:00:00+00:00,-0.0013316798093744309,0.9667818332557251,0.9705271311713528,0.04662506835425305,2,2025
2025-10-18 00:00:00+00:00,0.0009944336569633894,0.9677432336496553,0.970527001987806,0.04757232810923695,2,2025
2025-10-19 00:00:00+00:00,0.0006998713045067717,0.9684205293690172,0.9705210092462212,0.04824462687512778,2,2025
2025-10-20 00:00:00+00:00,-0.00023466750907374934,0.9681932725356543,0.969535532753715,0.04572400854645981,2,2025
2025-10-21 00:00:00+00:00,-0.0014397446815712645,0.9667993214207881,0.9695329441778391,0.04435079129559334,2,2025
2025-10-22 00:00:00+00:00,-0.0002502173787292117,0.966557411428825,0.9695360450192234,0.044108403279101815,2,2025
2025-10-23 00:00:00+00:00,0.0012130837504857883,0.967729926518541,0.9695345658682314,0.045268103358149014,2,2025
2025-10-24 00:00:00+00:00,0.0002938569584360895,0.9680143006913352,0.9695384424581607,0.04554457086821307,2,2025
2025-10-25 00:00:00+00:00,0.00026664570217360684,0.9682724175442571,0.969540450186895,0.045796930946286014,2,2025
2025-10-26 00:00:00+00:00,0.0017966913317220001,0.9700121042036044,0.9695340569987535,0.04751485542419831,2,2025
2025-10-27 00:00:00+00:00,-0.0004510864047930774,0.9695745449309134,0.969481969415563,0.06746143059145648,3,2025
2025-10-28 00:00:00+00:00,-0.002038633152451119,0.9675979381198446,0.9694790112925472,0.06555950015903173,3,2025
2025-10-29 00:00:00+00:00,-0.0004849271370374053,0.9671287236219088,0.9694905772551111,0.06509418568583283,3,2025
2025-10-30 00:00:00+00:00,-0.0020990472553652495,0.9650986747290053,0.9694979745613095,0.06311998152473937,3,2025
2025-10-31 00:00:00+00:00,0.0007439759435128313,0.9658166849261199,0.9695075328565019,0.06380658294910427,3,2025
2025-11-01 00:00:00+00:00,0.00019270594691889187,0.9660028035449386,0.9695055577011782,0.0639890028969612,3,2025
2025-11-02 00:00:00+00:00,0.0001935458793107525,0.9661897694069673,0.9695002011088093,0.06417567294980332,3,2025
2025-11-03 00:00:00+00:00,-0.005507447768797635,0.9608685297172118,0.9626140500802063,0.015563863900732649,1,2025
2025-11-04 00:00:00+00:00,-0.0017384696973470337,0.959198088895164,0.959198088895164,0.0,0,2025
2025-11-05 00:00:00+00:00,0.0,0.959198088895164,0.959198088895164,0.0,0,2025
2025-11-06 00:00:00+00:00,0.0,0.959198088895164,0.959198088895164,0.0,0,2025
2025-11-07 00:00:00+00:00,0.0,0.959198088895164,0.959198088895164,0.0,0,2025
2025-11-08 00:00:00+00:00,0.0,0.959198088895164,0.959198088895164,0.0,0,2025
2025-11-09 00:00:00+00:00,0.0,0.959198088895164,0.959198088895164,0.0,0,2025
2025-11-10 00:00:00+00:00,-0.0006483021962500057,0.9585762386674944,0.9590969171106368,0.05534957989487592,2,2025
2025-11-11 00:00:00+00:00,0.0007633076705475528,0.959307927263274,0.9590956863823021,0.05241687221631051,2,2025
2025-11-12 00:00:00+00:00,-5.421187746046385e-06,0.959302726674894,0.9590911561705132,0.05207796989809177,2,2025
2025-11-13 00:00:00+00:00,0.0004312535427259956,0.9597164293743192,0.9590908386091564,0.049992365695421495,2,2025
2025-11-14 00:00:00+00:00,0.000427267001376741,0.9601264845352699,0.9599185749291371,0.043821027140267574,2,2025
2025-11-15 00:00:00+00:00,0.0004644835739944231,0.9605724475162937,0.9599206668900396,0.04441746892525966,2,2025
2025-11-16 00:00:00+00:00,8.324537538517696e-05,0.9606524107302717,0.9599207775779183,0.04397483808288007,2,2025
2025-11-17 00:00:00+00:00,0.0008286213867922942,0.9614484278630764,0.9598576725827184,0.08086870488195737,3,2025
2025-11-18 00:00:00+00:00,-0.0020923367898626477,0.9594367539459029,0.9564553733750006,0.053736852389341304,2,2025
2025-11-19 00:00:00+00:00,0.0009855880910092374,0.9603823633846685,0.9564629418367968,0.05270720514726439,2,2025
2025-11-20 00:00:00+00:00,0.002408242118884907,0.9626951966424057,0.9564723220405563,0.050187865651831635,2,2025
2025-11-21 00:00:00+00:00,0.001071356328312234,0.9637265862335643,0.9572974854216089,0.040174801470065934,2,2025
2025-11-22 00:00:00+00:00,0.00024575622491807003,0.9639634280412503,0.9572989435421992,0.039920747475303005,2,2025
2025-11-23 00:00:00+00:00,-0.0009781987922867774,0.9630204801801318,0.9573000510140915,0.04094014273912267,2,2025
2025-11-24 00:00:00+00:00,-0.001288122297311678,0.9617799920268439,0.95730211837927,0.042284879884051836,2,2025
2025-11-25 00:00:00+00:00,0.00022732389113078177,0.9619986275970432,0.9572984045636772,0.04204413695784321,2,2025
2025-11-26 00:00:00+00:00,-0.0013997759257232678,0.9606520450775541,0.9573009467894127,0.043507456223442154,2,2025
2025-11-27 00:00:00+00:00,-2.8890175738371937e-05,0.9606242916711484,0.9573036398342099,0.043540407640131916,2,2025
2025-11-28 00:00:00+00:00,0.0005121079943375406,0.9611162350504681,0.9573025504566227,0.04300514233775018,2,2025
2025-11-29 00:00:00+00:00,0.00018089107652929926,0.961290092400896,0.9573030506157031,0.04281702643717168,2,2025
2025-11-30 00:00:00+00:00,0.0004093005679426387,0.9616835489816733,0.9573097626294444,0.04239735490563273,2,2025
2025-12-01 00:00:00+00:00,-3.4290316192508996e-05,0.9616505725487016,0.9572442148476537,0.07372468402701739,3,2025
2025-12-02 00:00:00+00:00,-0.000807388895906036,0.9608741465546841,0.9572454500158375,0.0786863602668362,3,2025
2025-12-03 00:00:00+00:00,0.00047712097522323305,0.9613325997645551,0.9572496653744795,0.08172665627679229,3,2025
2025-12-04 00:00:00+00:00,0.00019148168230165297,0.9615166773480094,0.9572514159038078,0.07985100966669136,3,2025
2025-12-05 00:00:00+00:00,0.0008068965693546204,0.9622925218563387,0.957253914370804,0.077652431289318,3,2025
2025-12-06 00:00:00+00:00,0.0004123983006336651,0.9626893696570648,0.9572541233559807,0.07774411545555282,3,2025
2025-12-07 00:00:00+00:00,-0.00018693521051615924,0.9625094091170863,0.9572575258055147,0.07828594881234649,3,2025
2025-12-08 00:00:00+00:00,-0.00025612771502547815,0.9622628837814385,0.96051572690182,0.09025412710928467,3,2025
2025-12-09 00:00:00+00:00,-0.0020684421745781334,0.9602724986495939,0.9604622193663833,0.06313875813488525,2,2025
2025-12-10 00:00:00+00:00,0.0001724134902447716,0.9604380625826721,0.9604655046189965,0.06265692039746941,2,2025
2025-12-11 00:00:00+00:00,-0.0003487855070027912,0.9601030757060693,0.9604585542790762,0.06240737308720385,2,2025
2025-12-12 00:00:00+00:00,0.0006425095692075278,0.9607199511196362,0.9604658394913891,0.061375187251004895,2,2025
2025-12-13 00:00:00+00:00,0.00045976107393452814,0.9611616527561132,0.9604607465531957,0.062143245344902655,2,2025
2025-12-14 00:00:00+00:00,-8.000244892858444e-05,0.9610847574700765,0.9604557938658969,0.06061892045507351,2,2025
2025-12-15 00:00:00+00:00,0.0010612630305386617,0.9621047211923938,0.9603902723454454,0.07070974022269833,2,2025
2025-12-16 00:00:00+00:00,-0.001024173797240846,0.9611193587467468,0.9603929319053075,0.07181022448455436,2,2025
2025-12-17 00:00:00+00:00,0.002029756392365245,0.9630701969089891,0.9604051887325394,0.0696518444744102,2,2025
2025-12-18 00:00:00+00:00,0.0010967437763063081,0.9641264381535951,0.9604076603483804,0.068482559269639,2,2025
2025-12-19 00:00:00+00:00,-0.002675470423495807,0.9615469463838048,0.9604224499559582,0.07136430267883936,2,2025
2025-12-20 00:00:00+00:00,-9.199954243532815e-06,0.961538100195895,0.9604363661014556,0.07138863206883844,2,2025
2025-12-21 00:00:00+00:00,-0.00018772320104887275,0.9613575971857958,0.960450471766162,0.07160446698644708,2,2025
2025-12-22 00:00:00+00:00,4.925480729234266e-05,0.9614049486689843,0.9604606439312776,0.07156226843541633,2,2025
2025-12-23 00:00:00+00:00,0.0009697267918018504,0.9623372488054796,0.9604622572990862,0.07052582899326133,2,2025
2025-12-24 00:00:00+00:00,0.00021077823097814807,0.9625400885483871,0.960475389212193,0.0703138759813823,2,2025
2025-12-25 00:00:00+00:00,0.0007458237931003975,0.9632579738482394,0.9604904459006777,0.06953183635154064,2,2025
2025-12-26 00:00:00+00:00,-0.0004987211060921704,0.9627775767660697,0.9605045101113119,0.07008010855567554,2,2025
2025-12-27 00:00:00+00:00,-0.0007380112732299215,0.9620670360608033,0.9605139799397342,0.07088026621059211,2,2025
2025-12-28 00:00:00+00:00,-0.00013808311627760972,0.9619341908463961,0.9605288195050679,0.07104358391506486,2,2025
2025-12-29 00:00:00+00:00,0.0007884409482157295,0.9626926191519481,0.9605426604596276,0.07021417190953308,2,2025
2025-12-30 00:00:00+00:00,-0.0009887280252984798,0.9617407779796446,0.9605540471621126,0.0712852095925303,2,2025
2025-12-31 00:00:00+00:00,0.0003814789116909356,0.9621076618049571,0.9621076618049571,0.0,0,2025
2026-01-01 00:00:00+00:00,0.0,1.0,1.0,0.0,0,2026
2026-01-02 00:00:00+00:00,0.0,1.0,1.0,0.0,0,2026
2026-01-03 00:00:00+00:00,0.0,1.0,1.0,0.0,0,2026
2026-01-04 00:00:00+00:00,0.0,1.0,1.0,0.0,0,2026
2026-01-05 00:00:00+00:00,-0.0031366539729358323,0.9968633460270642,0.9997972558225755,0.11389620802705779,2,2026
2026-01-06 00:00:00+00:00,-0.0009293641371308503,0.9959368969836464,0.9998107447473795,0.11494593015740942,2,2026
2026-01-07 00:00:00+00:00,0.0032986977613354007,0.9992221917961577,0.9998262279001693,0.11129564801022201,2,2026
2026-01-08 00:00:00+00:00,-0.0004165088274666884,0.998806006932674,0.9998478540745377,0.11178035735174106,2,2026
2026-01-09 00:00:00+00:00,0.0011313463323241457,0.9999360024453207,0.9998638760064296,0.11053999308849698,2,2026
2026-01-10 00:00:00+00:00,0.00013691789865877269,1.0000729115815687,0.9998697323841783,0.11039381705294887,2,2026
2026-01-11 00:00:00+00:00,-0.0015875134987859418,0.9984852823346628,0.9998902163138648,0.11217990009370572,2,2026
2026-01-12 00:00:00+00:00,0.0003965846579743193,0.99888126627885,0.9998011444654269,0.17057057188742564,3,2026
2026-01-13 00:00:00+00:00,-0.00991708496444843,0.9889752758917668,0.9889752758917668,0.0,0,2026
2026-01-14 00:00:00+00:00,0.0,0.9889752758917668,0.9889752758917668,0.0,0,2026
2026-01-15 00:00:00+00:00,0.0,0.9889752758917668,0.9889752758917668,0.0,0,2026
2026-01-16 00:00:00+00:00,0.0,0.9889752758917668,0.9889752758917668,0.0,0,2026
2026-01-17 00:00:00+00:00,0.0,0.9889752758917668,0.9889752758917668,0.0,0,2026
2026-01-18 00:00:00+00:00,0.0,0.9889752758917668,0.9889752758917668,0.0,0,2026
2026-01-19 00:00:00+00:00,0.00347360548110065,0.9924105858307776,0.9886480856682418,0.16770828606832622,3,2026
2026-01-20 00:00:00+00:00,0.009029944650863264,1.0013719984917602,0.9911886482024156,0.11730419247670959,3,2026
2026-01-21 00:00:00+00:00,-0.0015537532415468291,0.9998161135031094,0.9929050388437171,0.10703668158387186,3,2026
2026-01-22 00:00:00+00:00,0.0004485634577540143,1.0002645944761006,0.9929155584353133,0.10655084483709387,3,2026
2026-01-23 00:00:00+00:00,0.00020150745350844268,1.0004661552473681,0.9929239306638494,0.10633627984449509,3,2026
2026-01-24 00:00:00+00:00,0.0003049797441823099,1.0007712771594586,0.9929321294492023,0.10600716502746801,3,2026
2026-01-25 00:00:00+00:00,0.004597514657289858,1.0053723377747938,0.9929411025394542,0.10095447685795082,3,2026
2026-01-26 00:00:00+00:00,-0.0031765283611633333,1.0021787440303231,0.9929408065263954,0.10446253900567024,3,2026
2026-01-27 00:00:00+00:00,-0.0019896272528401315,1.0001847818889833,0.9929618926391232,0.1066854708501579,3,2026
2026-01-28 00:00:00+00:00,0.0005483421534742128,1.0007332253661565,0.9929812751159864,0.10609832940625141,3,2026
2026-01-29 00:00:00+00:00,0.006145159262880728,1.006882890415688,0.9963989195296812,0.07410496207491234,3,2026
2026-01-30 00:00:00+00:00,0.0014531507443213965,1.0083460430373399,1.0015427678995776,0.050433969479834015,2,2026
2026-01-31 00:00:00+00:00,0.0034576950327211975,1.0118325961416141,1.0118325961416141,0.0,0,2026
2026-02-01 00:00:00+00:00,0.0,1.0118325961416141,1.0118325961416141,0.0,0,2026
2026-02-02 00:00:00+00:00,-0.0028644505060013703,1.0089342517496076,1.0116307665237938,0.09318138742972192,3,2026
2026-02-03 00:00:00+00:00,0.0044080319405317425,1.0133816661572164,1.0116171629279431,0.08837033310413576,3,2026
2026-02-04 00:00:00+00:00,0.0036679970386499505,1.017098747107703,1.0115972586071085,0.08437321388178705,3,2026
2026-02-05 00:00:00+00:00,0.010196764459415864,1.0274698634639272,1.0159658797956717,0.04494325316669492,3,2026
2026-02-06 00:00:00+00:00,-0.004682425299255444,1.0226588125810212,1.019429534938041,0.026163943222061017,2,2026
2026-02-07 00:00:00+00:00,-0.00019725107976809042,1.0224570920260052,1.0210191507251292,0.016021657817034365,1,2026
2026-02-08 00:00:00+00:00,-2.1434872492287482e-05,1.0224351757886088,1.0210182028289305,0.016042509481921267,1,2026
2026-02-09 00:00:00+00:00,-2.45476237744624e-05,1.0224100774345797,1.0208691293615784,0.08427696879588248,4,2026
2026-02-10 00:00:00+00:00,0.002501624146204362,1.0249677631716128,1.0208521853918422,0.0815547527339987,4,2026
2026-02-11 00:00:00+00:00,0.0024326236396747802,1.0274611239822087,1.0208426695289314,0.07892086028325296,4,2026
2026-02-12 00:00:00+00:00,0.00017679982440643727,1.0276427789285132,1.0208353109714865,0.07872298036568225,4,2026
2026-02-13 00:00:00+00:00,-0.0030673127369714726,1.024490677143649,1.0208345627993018,0.0820412111074964,4,2026
2026-02-14 00:00:00+00:00,-0.0019237862102742254,1.0225197761064055,1.0208329705278842,0.0841252821677246,4,2026
2026-02-15 00:00:00+00:00,0.0023596767050286793,1.024932592202515,1.0208297802906376,0.08157000664210977,4,2026
2026-02-16 00:00:00+00:00,-0.0007983809767800887,1.0241143055184185,1.0208225223600953,0.08242711448552253,4,2026
2026-02-17 00:00:00+00:00,0.001206191336029061,1.0253495833208384,1.020822538773019,0.08112308920859485,4,2026
2026-02-18 00:00:00+00:00,0.0018576111568260334,1.027254284146462,1.02081775522543,0.0791138499967863,4,2026
2026-02-19 00:00:00+00:00,-0.00046392940191708476,1.0267777106808011,1.02080805005528,0.07960526294034447,4,2026
2026-02-20 00:00:00+00:00,-0.0016666202634093574,1.0250664621421635,1.0208061321369897,0.08140568767218573,4,2026
2026-02-21 00:00:00+00:00,-0.00010142973299853697,1.0249624899246026,1.0208103422786339,0.08151949309455109,4,2026
2026-02-22 00:00:00+00:00,0.0011192001323994116,1.0261096280790307,1.020808330800986,0.0803084492460875,4,2026
2026-02-23 00:00:00+00:00,0.0035597342139790378,1.029762305629397,1.020790943344902,0.07645959417103824,4,2026
2026-02-24 00:00:00+00:00,0.0005459313459428294,1.0303244851509104,1.0207885717067655,0.07586993995387463,4,2026
2026-02-25 00:00:00+00:00,-0.006585643362607474,1.0235391355439443,1.0207894815056493,0.08300309512064453,4,2026
2026-02-26 00:00:00+00:00,0.0009874921268706593,1.0245498723818378,1.0207919984167344,0.08193714973121505,4,2026
2026-02-27 00:00:00+00:00,0.0026086426948979113,1.0272225569219853,1.0207836074113512,0.07911393709891945,4,2026
2026-02-28 00:00:00+00:00,-0.0012975950206300935,1.0258896380470444,1.0207715878523365,0.08050429306222903,4,2026
2026-03-01 00:00:00+00:00,0.000745330551747081,1.0266542649370016,1.0207761685422854,0.07970402175834346,4,2026
2026-03-02 00:00:00+00:00,-0.0038955649314410534,1.0226548665857986,1.0232740154452076,0.09773461251512156,4,2026
2026-03-03 00:00:00+00:00,0.0009561549003469505,1.0236326830478484,1.0232682210830408,0.09668035022444063,4,2026
2026-03-04 00:00:00+00:00,-0.006287304359171353,1.0171967928175314,1.0196098889201632,0.07107795454801019,3,2026
2026-03-05 00:00:00+00:00,0.0014796978471061095,1.0187019367219468,1.019609994767962,0.06949552837551258,3,2026
2026-03-06 00:00:00+00:00,0.0026603149955690686,1.0214120047602233,1.0196065870977664,0.0666545461810582,3,2026
2026-03-07 00:00:00+00:00,0.000878143100691009,1.0223089506651666,1.0196035684487157,0.06571573988809502,3,2026
2026-03-08 00:00:00+00:00,0.0011266189368408508,1.0234607032882879,1.0195936827318295,0.06450677640583492,3,2026
2026-03-09 00:00:00+00:00,-0.005124644165854231,1.0182158313662004,1.0230447042297195,0.13564880883267308,4,2026
2026-03-10 00:00:00+00:00,-0.0022390685073215844,1.0159359763645321,1.0230505215205103,0.13820303662666508,4,2026
2026-03-11 00:00:00+00:00,-0.0012507188505771483,1.0146653260879135,1.0230372666039091,0.13961532799988233,4,2026
2026-03-12 00:00:00+00:00,-0.0006160397097164649,1.014040251954971,1.023023414672331,0.1403041489121812,4,2026
2026-03-13 00:00:00+00:00,-0.00555254864906829,1.0084097441238775,1.0084097441238775,0.0,0,2026
2026-03-14 00:00:00+00:00,0.0,1.0084097441238775,1.0084097441238775,0.0,0,2026
2026-03-15 00:00:00+00:00,0.0,1.0084097441238775,1.0084097441238775,0.0,0,2026
2026-03-16 00:00:00+00:00,-0.005261670663691098,1.0031038241562407,1.0081445651073393,0.14709454669705688,4,2026
2026-03-17 00:00:00+00:00,0.002234663392417513,1.0053454235508765,1.0081473065070268,0.14453961882688604,4,2026
2026-03-18 00:00:00+00:00,0.0054689234506315465,1.010843580713719,1.008140985607615,0.13830801215399768,4,2026
2026-03-19 00:00:00+00:00,0.0028070284938706003,1.0136810474476285,1.0081323509005462,0.13511317504754028,4,2026
2026-03-20 00:00:00+00:00,-0.0009343497939163781,1.0127339147698489,1.0081207161487917,0.13616327124141855,4,2026
2026-03-21 00:00:00+00:00,0.0031470937536661747,1.015921083347147,1.0081190302703977,0.13259721693409104,4,2026
2026-03-22 00:00:00+00:00,0.0016737934664974308,1.0176215254189305,1.008961079983098,0.12027411711218249,4,2026
2026-03-23 00:00:00+00:00,-0.005142416693079355,1.0123884914993793,1.0089568802194857,0.12606066322528067,4,2026
2026-03-24 00:00:00+00:00,0.00037087149665393504,1.012763957534417,1.0089621782673879,0.12564842552524702,4,2026
2026-03-25 00:00:00+00:00,-0.0013229355481929606,1.011424136093066,1.0089684735731959,0.12714578271468457,4,2026
2026-03-26 00:00:00+00:00,0.00530330936520329,1.016788031186201,1.0089594209325532,0.12119081059849048,4,2026
2026-03-27 00:00:00+00:00,0.003937883196646341,1.0207920236887602,1.0097931818588144,0.10806892962457691,4,2026
2026-03-28 00:00:00+00:00,0.0004066133039901665,1.021207091306199,1.0097689823943117,0.10759486026175961,4,2026
2026-03-29 00:00:00+00:00,0.0007492630365106834,1.0219722440323373,1.0106199167342156,0.1008076981337406,4,2026
2026-03-30 00:00:00+00:00,-0.0013180904789755754,1.020625192147701,1.0106155022006,0.10225625198304025,4,2026
2026-03-31 00:00:00+00:00,-0.0021999240797456743,1.0183798942111002,1.010611084377285,0.10468214027768456,4,2026
2026-04-01 00:00:00+00:00,0.0003702781991994364,1.0187569780844297,1.0106152703993407,0.10427736091708222,4,2026
2026-04-02 00:00:00+00:00,0.0034492418833502736,1.0222709173221938,1.010601183540658,0.10046775395224235,4,2026
2026-04-03 00:00:00+00:00,-0.000531452840225044,1.0217276285397034,1.010600152203561,0.10105190224425889,4,2026
2026-04-04 00:00:00+00:00,-0.0006452784068593509,1.0210683297633152,1.0106015494185492,0.10176421440366777,4,2026
2026-04-05 00:00:00+00:00,-0.0019295704450685847,1.0190981064918083,1.010599476416711,0.1038922219814259,4,2026
2026-04-06 00:00:00+00:00,0.0006090734521648766,1.019718812093624,1.0106080051669997,0.10322864362269508,4,2026
2026-04-07 00:00:00+00:00,-0.005252790393451834,1.0143624429134366,1.0106020548994092,0.1090484072378135,4,2026
2026-04-08 00:00:00+00:00,0.001930850690913477,1.0163210253371726,1.0105653532117878,0.07812652143245366,3,2026
2026-04-09 00:00:00+00:00,-0.00026704103739527696,1.01604962591624,1.0105693089350127,0.07841839559811409,3,2026
2026-04-10 00:00:00+00:00,-0.0011984525571305804,1.014831938643889,1.0105749071739167,0.07971789608018909,3,2026
2026-04-11 00:00:00+00:00,-0.0006474182565171516,1.0141749179195143,1.0105725211931567,0.08041502538298546,3,2026
2026-04-12 00:00:00+00:00,0.002780727964802665,1.0169950624749746,1.0105727515197729,0.0774192426724574,3,2026
2026-04-13 00:00:00+00:00,-0.011121773044823646,1.0056842742024217,1.0128267761257195,0.15217920975899724,3,2026
2026-04-14 00:00:00+00:00,0.0004476542013363005,1.0061344729929862,1.0091739122987744,0.09470587652750694,2,2026
2026-04-15 00:00:00+00:00,-0.0013639859797830445,1.0047621196780474,1.0091747643834865,0.09620192747708826,2,2026
2026-04-16 00:00:00+00:00,-0.0028731629580306395,1.0018752743741561,1.0018752743741561,0.0,0,2026
2026-04-17 00:00:00+00:00,0.0,1.0018752743741561,1.0018752743741561,0.0,0,2026
2026-04-18 00:00:00+00:00,0.0,1.0018752743741561,1.0018752743741561,0.0,0,2026
2026-04-19 00:00:00+00:00,0.0,1.0018752743741561,1.0018752743741561,0.0,0,2026
2026-04-20 00:00:00+00:00,-0.004608071686573512,0.9972585612888345,1.0015069941760137,0.18604843932696166,4,2026
2026-04-21 00:00:00+00:00,-0.001124742792010136,0.9961369019102545,1.001500043527354,0.1873769632519601,4,2026
2026-04-22 00:00:00+00:00,-0.0050907337151639975,0.9910658341987809,0.9942766084308736,0.07513829327897299,2,2026
2026-04-23 00:00:00+00:00,0.001038638148479043,0.9920951929818339,0.9942795885884876,0.07402577615826,2,2026
2026-04-24 00:00:00+00:00,0.0002111923835252938,0.9923047159303238,0.9942653258626375,0.07378462465571929,2,2026
2026-04-25 00:00:00+00:00,-7.442412908964524e-05,0.9922308645160491,0.9942617674076093,0.07386095977170654,2,2026
2026-04-26 00:00:00+00:00,-0.0011292433929548373,0.9911103943680085,0.9942611023713355,0.07507431008982465,2,2026
2026-04-27 00:00:00+00:00,0.0035119084084640484,0.9945910832957057,0.9940037139516544,0.19051385284270525,4,2026
2026-04-28 00:00:00+00:00,0.001489282073736664,0.9960723099667562,0.9939897049491017,0.18872941424738085,4,2026
2026-04-29 00:00:00+00:00,0.0021431271765197657,0.9982070196040247,0.9939979551596888,0.1861955291149014,4,2026
2026-04-30 00:00:00+00:00,-0.0002883301320766307,0.9979192064422224,0.9939906918118482,0.18653036517753308,4,2026
2026-05-01 00:00:00+00:00,-0.0022278160540700753,0.9956960260134455,0.9939894434474355,0.18917838490716485,4,2026
2026-05-02 00:00:00+00:00,-0.0011602248174858998,0.9945407947733926,0.9939881156072098,0.19055836669094617,4,2026
2026-05-03 00:00:00+00:00,0.00022798554580227837,0.9947675356993116,0.9939975347269817,0.19029646712416037,4,2026
2026-05-04 00:00:00+00:00,-0.0019145460086059662,0.9928630074843477,0.9940195438483223,0.19260188318850752,4,2026
2026-05-05 00:00:00+00:00,-0.0026322758712429284,0.990249518146297,0.9940286830156649,0.19575865470549525,4,2026
2026-05-06 00:00:00+00:00,-0.0031583818781165673,0.9871219320133701,0.9940354049908381,0.19955409277697622,4,2026
2026-05-07 00:00:00+00:00,0.003383466618082087,0.990461826118314,0.9940364702968859,0.19551020311726414,4,2026
2026-05-08 00:00:00+00:00,-0.003192770601201489,0.9872995087182711,0.9904550752580092,0.16073610246596698,3,2026
2026-05-09 00:00:00+00:00,-0.0006620675698879586,0.9866458497317824,0.9904765297342732,0.16152684218356156,3,2026
2026-05-10 00:00:00+00:00,-0.0032399489839209927,0.983449167513454,0.9904992089591472,0.1653254232905431,3,2026
2026-05-11 00:00:00+00:00,-0.0003306508465810154,0.9831239892136463,0.9831239892136463,0.0,0,2026
2026-05-12 00:00:00+00:00,0.0,0.9831239892136463,0.9831239892136463,0.0,0,2026
2026-05-13 00:00:00+00:00,0.0,0.9831239892136463,0.9831239892136463,0.0,0,2026
2026-05-14 00:00:00+00:00,0.0,0.9831239892136463,0.9831239892136463,0.0,0,2026
2026-05-15 00:00:00+00:00,0.0,0.9831239892136463,0.9831239892136463,0.0,0,2026
2026-05-16 00:00:00+00:00,0.0,0.9831239892136463,0.9831239892136463,0.0,0,2026
2026-05-17 00:00:00+00:00,0.0,0.9831239892136463,0.9831239892136463,0.0,0,2026
2026-05-18 00:00:00+00:00,-0.0001758799861634186,0.9829510773800265,0.9830327249306656,0.044304099486030014,1,2026
2026-05-19 00:00:00+00:00,0.0005651803873978345,0.9835066220507334,0.9830269426907284,0.04370833347503744,1,2026
2026-05-20 00:00:00+00:00,-0.0009699279681424366,0.9825526914711531,0.983027267859243,0.04472196915343341,1,2026
2026-05-21 00:00:00+00:00,-0.0006243831874879202,0.9819392020897775,0.9830312380795758,0.045378726775010966,1,2026
2026-05-22 00:00:00+00:00,0.0015418792013313087,0.9834532337224516,0.9830347900254262,0.04377297221499557,1,2026
2026-05-23 00:00:00+00:00,-0.0007175570003540299,0.9827475499700733,0.9830180074815654,0.04450539946330058,1,2026
2026-05-24 00:00:00+00:00,0.0002502871444289845,0.98299351904805,0.9830190339076247,0.04424508278874492,1,2026
2026-05-25 00:00:00+00:00,-8.328852613670445e-05,0.9829116469666466,0.9829116469666466,0.0,0,2026
2026-05-26 00:00:00+00:00,0.0,0.9829116469666466,0.9829116469666466,0.0,0,2026
2026-05-27 00:00:00+00:00,0.0,0.9829116469666466,0.9829116469666466,0.0,0,2026
2026-05-28 00:00:00+00:00,0.0,0.9829116469666466,0.9829116469666466,0.0,0,2026
2026-05-29 00:00:00+00:00,0.0,0.9829116469666466,0.9829116469666466,0.0,0,2026
2026-05-30 00:00:00+00:00,0.0,0.9829116469666466,0.9829116469666466,0.0,0,2026
2026-05-31 00:00:00+00:00,0.0,0.9829116469666466,0.9829116469666466,0.0,0,2026
2026-06-01 00:00:00+00:00,0.0004385494734311379,0.9833427023518531,0.982747354620756,0.08911357707545586,2,2026
2026-06-02 00:00:00+00:00,0.006904789601475114,0.9901324768177385,0.9844408748899948,0.0610795015412121,2,2026
2026-06-03 00:00:00+00:00,0.0018144364852874517,0.9919290093089447,0.9844389328562467,0.05915576928203656,2,2026
2026-06-04 00:00:00+00:00,0.0017674474665272388,0.9936821917234226,0.9861366249894592,0.048387418749129864,2,2026
2026-06-05 00:00:00+00:00,0.004427242463530545,0.9980814637178747,0.9980814637178747,0.0,0,2026
2026-06-06 00:00:00+00:00,0.0,0.9980814637178747,0.9980814637178747,0.0,0,2026
2026-06-07 00:00:00+00:00,0.0,0.9980814637178747,0.9980814637178747,0.0,0,2026
2026-06-08 00:00:00+00:00,-0.0001074359208010911,0.9979742339167856,0.9977822269746274,0.1410269857199602,4,2026
2026-06-09 00:00:00+00:00,0.0032245208007577464,1.0011922225926706,0.9977749141387023,0.13735224207750196,4,2026
2026-06-10 00:00:00+00:00,0.001651867411884389,1.0028460593982036,0.9977690546641215,0.13547074246377636,4,2026
2026-06-11 00:00:00+00:00,-0.005208060428270045,0.9976231765206053,0.9977682706791998,0.14141451647931882,4,2026
2026-06-12 00:00:00+00:00,0.00031951363857740667,0.9979419307316646,0.9977628639523339,0.14104451758540812,4,2026
2026-06-13 00:00:00+00:00,-0.00215020694360335,0.9957961490628925,0.9977665805463025,0.14350701857555945,4,2026
2026-06-14 00:00:00+00:00,-0.0032347925682165712,0.9925749550804451,0.9977495608890338,0.14720088396183248,4,2026
2026-06-15 00:00:00+00:00,-0.003318542022787585,0.9892810533812442,0.994191856562425,0.11824989581696381,3,2026
2026-06-16 00:00:00+00:00,0.001257031422106314,0.9905246107506388,0.9941926262653228,0.1168467623856632,3,2026
2026-06-17 00:00:00+00:00,0.0018721489139290615,0.9923790203248756,0.994195753802445,0.11476291765532604,3,2026
2026-06-18 00:00:00+00:00,0.0032236333562587483,0.9955780864368462,0.9942016211101821,0.1111867712801503,3,2026
2026-06-19 00:00:00+00:00,-0.0005948972432129329,0.9949858197778217,0.9942080256517684,0.11185464353014177,3,2026
2026-06-20 00:00:00+00:00,-0.0014902765177376986,0.9935030157751249,0.9942187455748324,0.11352487745249472,3,2026
2026-06-21 00:00:00+00:00,0.0015808823675644845,0.9950736271748859,0.9942262503099135,0.11177484601380888,3,2026
2026-06-22 00:00:00+00:00,-0.0010950919809629145,0.9939839300252991,0.9941769293217184,0.14141029574876693,4,2026
2026-06-23 00:00:00+00:00,0.003681461431302324,0.9976432435270215,0.9941691880038489,0.13721589113443383,4,2026
2026-06-24 00:00:00+00:00,0.003437875983947958,1.001073017274491,0.9941685810281747,0.13331907230406206,4,2026
2026-06-25 00:00:00+00:00,0.002751762170688954,1.0038277321335245,0.9958715394519255,0.11197771400208875,4,2026
2026-06-26 00:00:00+00:00,-0.002285472194984761,1.0015335117631787,0.9958815673450435,0.114534942278398,4,2026
2026-06-27 00:00:00+00:00,0.0011373670205176989,1.0026726229494014,0.9958943665798806,0.11328151223893856,4,2026
2026-06-28 00:00:00+00:00,0.00019616541881517513,1.0028693126444168,0.995897178792149,0.11306597190271052,4,2026
2026-06-29 00:00:00+00:00,-0.002959246684299366,0.9999015749561883,0.9959071060788431,0.1163795131591484,4,2026
2026-06-30 00:00:00+00:00,0.00280363363310121,1.0027049326415263,0.9959244790796213,0.11327567075658677,4,2026
2026-07-01 00:00:00+00:00,-0.0030850705373659526,0.9996115171961624,0.9959436465335739,0.11674000820092958,4,2026
2026-07-02 00:00:00+00:00,-0.004493273773194195,0.995119988982562,0.9924150671626637,0.08980085079604146,3,2026
2026-07-03 00:00:00+00:00,-0.002277155900675454,0.9928539456277703,0.9924363620026171,0.09230960933692751,3,2026
2026-07-04 00:00:00+00:00,-0.0009356625255017015,0.9919249693975499,0.9923961598815478,0.05884211086807711,2,2026
2026-07-05 00:00:00+00:00,-0.0007151274279840747,0.9912156166454315,0.9924061925268689,0.05960998134745889,2,2026
2026-07-06 00:00:00+00:00,-0.0006592930771491812,0.990562115051415,0.9908368616091306,0.14434281203704707,3,2026
2026-07-07 00:00:00+00:00,0.0020337232458580434,0.9925766442512614,0.9908564319882709,0.1420399756328448,3,2026
2026-07-08 00:00:00+00:00,0.0022325551036614932,0.9947926263041597,0.9908692938744353,0.13950891726253423,3,2026
2026-07-09 00:00:00+00:00,-0.0007721852006896679,0.9940244621603723,0.9908961959071665,0.14041657291774548,3,2026
2026-07-10 00:00:00+00:00,-0.002455179128008189,0.9915839540481466,0.9909291479758198,0.1432566228748659,3,2026
2026-07-11 00:00:00+00:00,0.0005835681818233684,0.9921626108933357,0.9909541499200978,0.1426150432392625,3,2026
2026-07-12 00:00:00+00:00,-0.0003048586304841283,0.9918601415585612,0.9909758106669425,0.14298532403137046,3,2026
2026-07-13 00:00:00+00:00,0.0031671034815001775,0.9950014652660525,0.9909244310381154,0.17271173709464574,4,2026
2026-07-14 00:00:00+00:00,-0.007214567250224291,0.9878229602808188,0.9909485410894301,0.18125823524436535,4,2026
2026-07-15 00:00:00+00:00,-0.0006113980695626742,0.9872190072298335,0.9874339732382785,0.13896301379551343,3,2026
2026-07-16 00:00:00+00:00,0.0023772708597493697,0.9895658942079117,0.987459527341914,0.1362876352507899,3,2026
2026-07-17 00:00:00+00:00,0.000435152730450028,0.9899965065087365,0.9874699882005987,0.13580395821639513,3,2026
2026-07-18 00:00:00+00:00,-0.0011423404314999663,0.9888655934723078,0.9874862406474058,0.13711935229883432,3,2026
2026-07-19 00:00:00+00:00,-0.00031549395219998555,0.9885536123580286,0.9875042028833708,0.13749639001727898,3,2026
2026-07-20 00:00:00+00:00,-0.001930105752029676,0.9866455993446267,0.987431711656126,0.185086452619401,4,2026
2026-07-21 00:00:00+00:00,-0.0020309623031954382,0.984641759325744,0.9874657381590055,0.1875327739740056,4,2026
2026-07-22 00:00:00+00:00,0.0006337199839212548,0.9852657464856321,0.9874932921726589,0.18680865340876968,4,2026
2026-07-23 00:00:00+00:00,0.0034384357848533664,0.9886535194859386,0.9874936112445181,0.18274219416753873,4,2026
2026-07-24 00:00:00+00:00,0.002244570587186079,0.9908726220966948,0.987504915462397,0.18010479959756875,4,2026
2026-07-25 00:00:00+00:00,-0.00109872942152911,0.9897839211938094,0.9875187857357373,0.18141685509408065,4,2026
2026-07-26 00:00:00+00:00,-0.004297902280929078,0.9855299266212836,0.9875449046626313,0.18654288899715485,4,2026
2026-07-27 00:00:00+00:00,0.004843056674686874,0.9903029039105103,0.9875727879035753,0.18085224727664717,4,2026
2026-07-28 00:00:00+00:00,-0.0011477872990197646,0.9891662468152195,0.987577170865787,0.18221360291520083,4,2026
2026-07-29 00:00:00+00:00,0.00023618114501777754,0.9893998692320053,0.987601219638045,0.1819587587064506,4,2026
2026-07-30 00:00:00+00:00,-0.0029485111855157564,0.9864826126506269,0.9876362831031371,0.18548962725717688,4,2026
2026-07-31 00:00:00+00:00,0.004087602192344608,0.9905149611408075,0.9876638989651488,0.1806914246726245,4,2026
2026-08-01 00:00:00+00:00,0.001978413791555722,0.9924746096006707,0.9876916854652164,0.17838813790865823,4,2026
2026-08-02 00:00:00+00:00,-0.003501108787346774,0.9889998480237793,0.9877203914978703,0.18255732344004408,4,2026
2026-08-03 00:00:00+00:00,9.883937379617791e-05,0.9890976001494424,0.9874421823662085,0.2310664207856473,4,2026
2026-08-04 00:00:00+00:00,-0.0014450500019843604,0.9876683046603837,0.987486379915727,0.23289269710024385,4,2026
2026-08-05 00:00:00+00:00,-0.0017631058462385107,0.9859269408982925,0.9875020031668057,0.23508610294671115,4,2026
2026-08-06 00:00:00+00:00,0.0013119691452885274,0.9872204466242597,0.9875104739298531,0.233476411627401,4,2026
2026-08-07 00:00:00+00:00,-0.0013375515141008654,0.985899988421126,0.9875279989640736,0.23514623523999897,4,2026
2026-08-08 00:00:00+00:00,-0.002270285100364866,0.9836617143669637,0.987568650808768,0.23799807706240197,4,2026
2026-08-09 00:00:00+00:00,-4.1132584383873905e-05,0.9836212538184923,0.9876138676241488,0.23809497095953497,4,2026
2026-08-10 00:00:00+00:00,0.00246240932740438,0.9860433319685282,0.9877647322226509,0.2590090944277559,4,2026
2026-08-11 00:00:00+00:00,-0.0022044815928718986,0.9838696175934295,0.9841709520634789,0.17537117096734425,3,2026
2026-08-12 00:00:00+00:00,0.0007533588463475294,0.984610824473496,0.9842040720087109,0.17451999887732672,3,2026
2026-08-13 00:00:00+00:00,-0.0006221542941239333,0.9839982446210089,0.9842276164957386,0.17527511381655042,3,2026
2026-08-14 00:00:00+00:00,0.0012593779454030951,0.9852374703086,0.9842400561848242,0.17380948602075613,3,2026
2026-08-15 00:00:00+00:00,1.3284255500289888e-05,0.985250558454884,0.9842525101230235,0.17380653341947278,3,2026
2026-08-16 00:00:00+00:00,0.0009133295271701591,0.9861504168815817,0.9842555561519444,0.17273852832262362,3,2026
2026-08-17 00:00:00+00:00,-0.005069353174684932,0.9811512721350462,0.9838007788951961,0.286337101879334,4,2026
2026-08-18 00:00:00+00:00,-0.0008857696438926421,0.9802821981221223,0.9838291092371604,0.2875064105654075,4,2026
2026-08-19 00:00:00+00:00,-0.011013379124305223,0.969485978625396,0.969485978625396,0.0,0,2026
2026-08-20 00:00:00+00:00,0.0,0.969485978625396,0.969485978625396,0.0,0,2026
2026-08-21 00:00:00+00:00,0.0,0.969485978625396,0.969485978625396,0.0,0,2026
2026-08-22 00:00:00+00:00,0.0,0.969485978625396,0.969485978625396,0.0,0,2026
2026-08-23 00:00:00+00:00,0.0,0.969485978625396,0.969485978625396,0.0,0,2026
2026-08-24 00:00:00+00:00,0.0027994624624392284,0.972200018230419,0.9689635218452801,0.2419714113089661,4,2026
2026-08-25 00:00:00+00:00,-0.002680492003480639,0.9695940438557686,0.9697406083242316,0.22800394822127976,4,2026
2026-08-26 00:00:00+00:00,0.0026340059258433968,0.9721479603129471,0.9696440942645835,0.1968330646318389,3,2026
2026-08-27 00:00:00+00:00,0.0015984399813557815,0.9737018804805049,0.969610320260968,0.19814951613316187,3,2026
2026-08-28 00:00:00+00:00,-0.005705458279658071,0.9681464650245988,0.9695894527209123,0.19356989394631516,3,2026
2026-08-29 00:00:00+00:00,0.0007556858957113999,0.9688780796532007,0.9695632618461834,0.19420587379785992,3,2026
2026-08-30 00:00:00+00:00,-0.0022081713553923077,0.966738630830843,0.9695381703650838,0.19244855929827662,3,2026
2026-08-31 00:00:00+00:00,0.0017994509239505074,0.9684782295533102,0.9684782295533102,0.0,0,2026
