dataset,symbol,month,status,bytes,sha256,path
fundingRate,BNBUSDT,2020-02,DOWNLOADED_VERIFIED,695,98babcb280ea039fa506f7ad791889dfa3d4ca0ec968131e73a321d349370b22,C:\Users\vntfadmin\OneDrive - THG\Documents\Build Signal Bot\core4_portfolio_allocator\data\binance_usdm\fundingRate\BNBUSDT\BNBUSDT-fundingRate-2020-02.zip
fundingRate,BNBUSDT,2020-03,DOWNLOADED_VERIFIED,854,59a4380336d1625bfd5b4065279fbadbaa0ae5c973773392876f97451433e903,C:\Users\vntfadmin\OneDrive - THG\Documents\Build Signal Bot\core4_portfolio_allocator\data\binance_usdm\fundingRate\BNBUSDT\BNBUSDT-fundingRate-2020-03.zip
fundingRate,BNBUSDT,2020-04,DOWNLOADED_VERIFIED,811,8a89bb0860dbf13684c71afc86453ade0e4288b64c308491e621a48d61418bc9,C:\Users\vntfadmin\OneDrive - THG\Documents\Build Signal Bot\core4_portfolio_allocator\data\binance_usdm\fundingRate\BNBUSDT\BNBUSDT-fundingRate-2020-04.zip
fundingRate,BNBUSDT,2020-05,DOWNLOADED_VERIFIED,772,b5130658f9e7e79fc09518ceeaa888f18a5e4192128466e5fa67fef5e73fd253,C:\Users\vntfadmin\OneDrive - THG\Documents\Build Signal Bot\core4_portfolio_allocator\data\binance_usdm\fundingRate\BNBUSDT\BNBUSDT-fundingRate-2020-05.zip
fundingRate,BNBUSDT,2020-06,DOWNLOADED_VERIFIED,754,854819c6762a1f54f01421a3af1afbdbaf90c8d5c66a69b2dde645d5eaa97ed8,C:\Users\vntfadmin\OneDrive - THG\Documents\Build Signal Bot\core4_portfolio_allocator\data\binance_usdm\fundingRate\BNBUSDT\BNBUSDT-fundingRate-2020-06.zip
fundingRate,BNBUSDT,2020-07,DOWNLOADED_VERIFIED,894,57c05c478122ad7ccc7b0792759919d5610560f0bc20fd33cbf77e70613d7989,C:\Users\vntfadmin\OneDrive - THG\Documents\Build Signal Bot\core4_portfolio_allocator\data\binance_usdm\fundingRate\BNBUSDT\BNBUSDT-fundingRate-2020-07.zip
fundingRate,BNBUSDT,2020-08,DOWNLOADED_VERIFIED,949,24bbf156cf48214abb8a07c72f6bf75e7478f1015ec76525aa963b280226645d,C:\Users\vntfadmin\OneDrive - THG\Documents\Build Signal Bot\core4_portfolio_allocator\data\binance_usdm\fundingRate\BNBUSDT\BNBUSDT-fundingRate-2020-08.zip
fundingRate,BNBUSDT,2020-09,DOWNLOADED_VERIFIED,948,96c54d80d6b4e2315fc21efbfbf0ab314b9b73c211215b7c7bf1612364048384,C:\Users\vntfadmin\OneDrive - THG\Documents\Build Signal Bot\core4_portfolio_allocator\data\binance_usdm\fundingRate\BNBUSDT\BNBUSDT-fundingRate-2020-09.zip
fundingRate,BNBUSDT,2020-10,DOWNLOADED_VERIFIED,901,943d597fef613cfe4dc71fea17554bbdfd03ee801f02ae942f7bd5cca75b77db,C:\Users\vntfadmin\OneDrive - THG\Documents\Build Signal Bot\core4_portfolio_allocator\data\binance_usdm\fundingRate\BNBUSDT\BNBUSDT-fundingRate-2020-10.zip
fundingRate,BNBUSDT,2020-11,DOWNLOADED_VERIFIED,938,2ddee7f807390da4b7037247ad251ac3b357093d143ff8e166da89f4f39ab943,C:\Users\vntfadmin\OneDrive - THG\Documents\Build Signal Bot\core4_portfolio_allocator\data\binance_usdm\fundingRate\BNBUSDT\BNBUSDT-fundingRate-2020-11.zip
fundingRate,BNBUSDT,2020-12,DOWNLOADED_VERIFIED,925,469bf2f16286fd6a0511930ca5ed394717824e263ff880ca7e25c62bc728786a,C:\Users\vntfadmin\OneDrive - THG\Documents\Build Signal Bot\core4_portfolio_allocator\data\binance_usdm\fundingRate\BNBUSDT\BNBUSDT-fundingRate-2020-12.zip
fundingRate,BNBUSDT,2021-01,DOWNLOADED_VERIFIED,976,43cbedd92154495a5434b42ba1a53b22319b039564c84b4c73209944c2409051,C:\Users\vntfadmin\OneDrive - THG\Documents\Build Signal Bot\core4_portfolio_allocator\data\binance_usdm\fundingRate\BNBUSDT\BNBUSDT-fundingRate-2021-01.zip
fundingRate,BNBUSDT,2021-02,DOWNLOADED_VERIFIED,951,61ce56989aad647a6a45b73c91f1452eab7259ac7edf3f15eb68a1b1881e06a7,C:\Users\vntfadmin\OneDrive - THG\Documents\Build Signal Bot\core4_portfolio_allocator\data\binance_usdm\fundingRate\BNBUSDT\BNBUSDT-fundingRate-2021-02.zip
fundingRate,BNBUSDT,2021-03,DOWNLOADED_VERIFIED,987,f14f70cbb79e5fc11a4aa5156d381a4536086b86518da10a42b65ded61d15a1e,C:\Users\vntfadmin\OneDrive - THG\Documents\Build Signal Bot\core4_portfolio_allocator\data\binance_usdm\fundingRate\BNBUSDT\BNBUSDT-fundingRate-2021-03.zip
fundingRate,BNBUSDT,2021-04,DOWNLOADED_VERIFIED,991,c5abc4309a82a971b3cbc8ed66d8c66170315dfc5bc2a7ef7c42e40e5ef527ed,C:\Users\vntfadmin\OneDrive - THG\Documents\Build Signal Bot\core4_portfolio_allocator\data\binance_usdm\fundingRate\BNBUSDT\BNBUSDT-fundingRate-2021-04.zip
fundingRate,BNBUSDT,2021-05,DOWNLOADED_VERIFIED,991,e08391c3ac416df2bcebba182792fb8632a828b1f7bd3de02f0eba11607b6cb7,C:\Users\vntfadmin\OneDrive - THG\Documents\Build Signal Bot\core4_portfolio_allocator\data\binance_usdm\fundingRate\BNBUSDT\BNBUSDT-fundingRate-2021-05.zip
fundingRate,BNBUSDT,2021-06,DOWNLOADED_VERIFIED,818,e51d259f86fb4ef4ae53127feb94a1f75b3535b3668ec8ef6ae644d833124f56,C:\Users\vntfadmin\OneDrive - THG\Documents\Build Signal Bot\core4_portfolio_allocator\data\binance_usdm\fundingRate\BNBUSDT\BNBUSDT-fundingRate-2021-06.zip
fundingRate,BNBUSDT,2021-07,DOWNLOADED_VERIFIED,951,76880b69f8ed2ad5399471493080f9daa311004b0e48012fbe524c6ebe3d0869,C:\Users\vntfadmin\OneDrive - THG\Documents\Build Signal Bot\core4_portfolio_allocator\data\binance_usdm\fundingRate\BNBUSDT\BNBUSDT-fundingRate-2021-07.zip
fundingRate,BNBUSDT,2021-08,DOWNLOADED_VERIFIED,915,61df9c44a8a08b5a596fe33e49150ebf7b55bb733e389119b2538b18d2584f63,C:\Users\vntfadmin\OneDrive - THG\Documents\Build Signal Bot\core4_portfolio_allocator\data\binance_usdm\fundingRate\BNBUSDT\BNBUSDT-fundingRate-2021-08.zip
fundingRate,BNBUSDT,2021-09,DOWNLOADED_VERIFIED,869,0afa14d51d0fabe16495b3e2b5ed3558b5bf4f23c5b9c92164a4f7d5f907ecad,C:\Users\vntfadmin\OneDrive - THG\Documents\Build Signal Bot\core4_portfolio_allocator\data\binance_usdm\fundingRate\BNBUSDT\BNBUSDT-fundingRate-2021-09.zip
fundingRate,BNBUSDT,2021-10,DOWNLOADED_VERIFIED,1003,a8556a173a1f7ab33d82b5538176aa396cfa0b7fab8f7b904009e9f9e2a1efe2,C:\Users\vntfadmin\OneDrive - THG\Documents\Build Signal Bot\core4_portfolio_allocator\data\binance_usdm\fundingRate\BNBUSDT\BNBUSDT-fundingRate-2021-10.zip
fundingRate,BNBUSDT,2021-11,DOWNLOADED_VERIFIED,891,a9c846afb0ee66c67f14be211b9b7838dc97be156af549da477c28e805210393,C:\Users\vntfadmin\OneDrive - THG\Documents\Build Signal Bot\core4_portfolio_allocator\data\binance_usdm\fundingRate\BNBUSDT\BNBUSDT-fundingRate-2021-11.zip
fundingRate,BNBUSDT,2021-12,DOWNLOADED_VERIFIED,833,d53711d34c24fef4df6147359811ecd0a747b5cc64dae1e30b92e3578cc41408,C:\Users\vntfadmin\OneDrive - THG\Documents\Build Signal Bot\core4_portfolio_allocator\data\binance_usdm\fundingRate\BNBUSDT\BNBUSDT-fundingRate-2021-12.zip
fundingRate,BNBUSDT,2022-01,DOWNLOADED_VERIFIED,927,687891d67f99c3a622c44ed34413d65918fd96ea3a59d5e376af84d6d83f743b,C:\Users\vntfadmin\OneDrive - THG\Documents\Build Signal Bot\core4_portfolio_allocator\data\binance_usdm\fundingRate\BNBUSDT\BNBUSDT-fundingRate-2022-01.zip
fundingRate,BNBUSDT,2022-02,DOWNLOADED_VERIFIED,833,4f7641f27333f9a55a8fdeb827387504984a8734a37ef73ab6e620db41fe0303,C:\Users\vntfadmin\OneDrive - THG\Documents\Build Signal Bot\core4_portfolio_allocator\data\binance_usdm\fundingRate\BNBUSDT\BNBUSDT-fundingRate-2022-02.zip
fundingRate,BNBUSDT,2022-03,DOWNLOADED_VERIFIED,840,96888f6eb25414b7095aaedbc7ad7410c315c4fd3cf92cbc41b02e5c4a942d84,C:\Users\vntfadmin\OneDrive - THG\Documents\Build Signal Bot\core4_portfolio_allocator\data\binance_usdm\fundingRate\BNBUSDT\BNBUSDT-fundingRate-2022-03.zip
fundingRate,BNBUSDT,2022-04,DOWNLOADED_VERIFIED,812,697cb449545afb1281b9fa6c03d902515f7d909d96668f345f6dd053dfed7430,C:\Users\vntfadmin\OneDrive - THG\Documents\Build Signal Bot\core4_portfolio_allocator\data\binance_usdm\fundingRate\BNBUSDT\BNBUSDT-fundingRate-2022-04.zip
fundingRate,BNBUSDT,2022-05,DOWNLOADED_VERIFIED,990,b14eb3bf91a3cfaea1be24a2b9bf0d8991194f125b85f7bedc3c5ff4294845b2,C:\Users\vntfadmin\OneDrive - THG\Documents\Build Signal Bot\core4_portfolio_allocator\data\binance_usdm\fundingRate\BNBUSDT\BNBUSDT-fundingRate-2022-05.zip
fundingRate,BNBUSDT,2022-06,DOWNLOADED_VERIFIED,960,168a18066b384a4718ee9f6f659edb7edf713e6be5f8d798bcdf0525c42825f4,C:\Users\vntfadmin\OneDrive - THG\Documents\Build Signal Bot\core4_portfolio_allocator\data\binance_usdm\fundingRate\BNBUSDT\BNBUSDT-fundingRate-2022-06.zip
fundingRate,BNBUSDT,2022-07,DOWNLOADED_VERIFIED,875,7bda335d67fa74ce7d034989298137161181dd5e54f4085e13f52f677c14fce7,C:\Users\vntfadmin\OneDrive - THG\Documents\Build Signal Bot\core4_portfolio_allocator\data\binance_usdm\fundingRate\BNBUSDT\BNBUSDT-fundingRate-2022-07.zip
fundingRate,BNBUSDT,2022-08,DOWNLOADED_VERIFIED,862,9b5f26943c0b41dbabd37421aa7857851a7e3656646f5a1999568c1aee9a9111,C:\Users\vntfadmin\OneDrive - THG\Documents\Build Signal Bot\core4_portfolio_allocator\data\binance_usdm\fundingRate\BNBUSDT\BNBUSDT-fundingRate-2022-08.zip
fundingRate,BNBUSDT,2022-09,DOWNLOADED_VERIFIED,918,a61885f7b9705d335c4fabb6d2bf1bbd35af15615adfac0d49fdac3a95cba3ba,C:\Users\vntfadmin\OneDrive - THG\Documents\Build Signal Bot\core4_portfolio_allocator\data\binance_usdm\fundingRate\BNBUSDT\BNBUSDT-fundingRate-2022-09.zip
fundingRate,BNBUSDT,2022-10,DOWNLOADED_VERIFIED,841,a899a77f378d0133a5837b4d7755fb1db9b8c8ca4e51ce94bc2f97e3a5928c25,C:\Users\vntfadmin\OneDrive - THG\Documents\Build Signal Bot\core4_portfolio_allocator\data\binance_usdm\fundingRate\BNBUSDT\BNBUSDT-fundingRate-2022-10.zip
fundingRate,BNBUSDT,2022-11,DOWNLOADED_VERIFIED,920,1abb39471f3908ae91f4379500cbb24f5e7a487d004979719d19abff6f2ec2a9,C:\Users\vntfadmin\OneDrive - THG\Documents\Build Signal Bot\core4_portfolio_allocator\data\binance_usdm\fundingRate\BNBUSDT\BNBUSDT-fundingRate-2022-11.zip
fundingRate,BNBUSDT,2022-12,DOWNLOADED_VERIFIED,886,3291256d57eef23bcd663a547e537e762ee54d54b8959a983e6bc4738fe7ef4b,C:\Users\vntfadmin\OneDrive - THG\Documents\Build Signal Bot\core4_portfolio_allocator\data\binance_usdm\fundingRate\BNBUSDT\BNBUSDT-fundingRate-2022-12.zip
fundingRate,BNBUSDT,2023-01,DOWNLOADED_VERIFIED,882,57926f802a5d97b17bb08f10539bf10e86bdb55caa1efed7b1e485ec0e4a3a27,C:\Users\vntfadmin\OneDrive - THG\Documents\Build Signal Bot\core4_portfolio_allocator\data\binance_usdm\fundingRate\BNBUSDT\BNBUSDT-fundingRate-2023-01.zip
fundingRate,BNBUSDT,2023-02,DOWNLOADED_VERIFIED,854,f5e3ce986788bef656363c2741e8f515f93e409c61e9b335bc714e528f4f8609,C:\Users\vntfadmin\OneDrive - THG\Documents\Build Signal Bot\core4_portfolio_allocator\data\binance_usdm\fundingRate\BNBUSDT\BNBUSDT-fundingRate-2023-02.zip
fundingRate,BNBUSDT,2023-03,DOWNLOADED_VERIFIED,986,0309e5d4202275f5657b2d5a400c77618f51090962e2945ab2305820f8fbf239,C:\Users\vntfadmin\OneDrive - THG\Documents\Build Signal Bot\core4_portfolio_allocator\data\binance_usdm\fundingRate\BNBUSDT\BNBUSDT-fundingRate-2023-03.zip
fundingRate,BNBUSDT,2023-04,DOWNLOADED_VERIFIED,944,7bbc666c3748ff43b5042acc77f9b158344d6b1e11f93c7de0c36c83affd7066,C:\Users\vntfadmin\OneDrive - THG\Documents\Build Signal Bot\core4_portfolio_allocator\data\binance_usdm\fundingRate\BNBUSDT\BNBUSDT-fundingRate-2023-04.zip
fundingRate,BNBUSDT,2023-05,DOWNLOADED_VERIFIED,905,bcf038a86d9f483fa4d1a9db6fa734cae54745409bcc083d3067670f76b4fb84,C:\Users\vntfadmin\OneDrive - THG\Documents\Build Signal Bot\core4_portfolio_allocator\data\binance_usdm\fundingRate\BNBUSDT\BNBUSDT-fundingRate-2023-05.zip
fundingRate,BNBUSDT,2023-06,DOWNLOADED_VERIFIED,774,7a92bc9a9f03229509e2e34835c8cb4e05b8218cc82fe080443389d2ccbb1e98,C:\Users\vntfadmin\OneDrive - THG\Documents\Build Signal Bot\core4_portfolio_allocator\data\binance_usdm\fundingRate\BNBUSDT\BNBUSDT-fundingRate-2023-06.zip
fundingRate,BNBUSDT,2023-07,DOWNLOADED_VERIFIED,887,38d044d00f3c81a8d201b9117f5f1f6559568db16561cf9ce8f0eccc02cddbc9,C:\Users\vntfadmin\OneDrive - THG\Documents\Build Signal Bot\core4_portfolio_allocator\data\binance_usdm\fundingRate\BNBUSDT\BNBUSDT-fundingRate-2023-07.zip
fundingRate,BNBUSDT,2023-08,DOWNLOADED_VERIFIED,799,27621b8cfc274cba9882e08c61315433ea23f58d59eb83781b4e63f9ad685c13,C:\Users\vntfadmin\OneDrive - THG\Documents\Build Signal Bot\core4_portfolio_allocator\data\binance_usdm\fundingRate\BNBUSDT\BNBUSDT-fundingRate-2023-08.zip
fundingRate,BNBUSDT,2023-09,DOWNLOADED_VERIFIED,654,a0b6b5a900f40ebff05d1ec293685fd644f0ac26552c25a2801490d8d7178a21,C:\Users\vntfadmin\OneDrive - THG\Documents\Build Signal Bot\core4_portfolio_allocator\data\binance_usdm\fundingRate\BNBUSDT\BNBUSDT-fundingRate-2023-09.zip
fundingRate,BNBUSDT,2023-10,DOWNLOADED_VERIFIED,804,db8ae79ac84f006fdd9cd17d57f8ed28fc1a10f716c8483030693d87c830d411,C:\Users\vntfadmin\OneDrive - THG\Documents\Build Signal Bot\core4_portfolio_allocator\data\binance_usdm\fundingRate\BNBUSDT\BNBUSDT-fundingRate-2023-10.zip
fundingRate,BNBUSDT,2023-11,DOWNLOADED_VERIFIED,899,65c9092766c696eddb155142379b696b78b6c48490d984b02976412380dc6df6,C:\Users\vntfadmin\OneDrive - THG\Documents\Build Signal Bot\core4_portfolio_allocator\data\binance_usdm\fundingRate\BNBUSDT\BNBUSDT-fundingRate-2023-11.zip
fundingRate,BNBUSDT,2023-12,DOWNLOADED_VERIFIED,950,3292f306a22f3190315e71780b68b88a3ac5c8dda5a05e6f3d768ac21b3d6cf5,C:\Users\vntfadmin\OneDrive - THG\Documents\Build Signal Bot\core4_portfolio_allocator\data\binance_usdm\fundingRate\BNBUSDT\BNBUSDT-fundingRate-2023-12.zip
fundingRate,BNBUSDT,2024-01,DOWNLOADED_VERIFIED,870,6ce71612fdc2c2d227b1431ea6c9aec07d6a46ebd7d7650aee5da1a09cd19f90,C:\Users\vntfadmin\OneDrive - THG\Documents\Build Signal Bot\core4_portfolio_allocator\data\binance_usdm\fundingRate\BNBUSDT\BNBUSDT-fundingRate-2024-01.zip
fundingRate,BNBUSDT,2024-02,DOWNLOADED_VERIFIED,844,1d99928f6340abc95946545f51fadb59f2183f984b8117d5ce39456d26884250,C:\Users\vntfadmin\OneDrive - THG\Documents\Build Signal Bot\core4_portfolio_allocator\data\binance_usdm\fundingRate\BNBUSDT\BNBUSDT-fundingRate-2024-02.zip
fundingRate,BNBUSDT,2024-03,DOWNLOADED_VERIFIED,931,ae596433406d0e00bf66f4430c7f51f8d03b4d2a395949ce29d8765554ad7195,C:\Users\vntfadmin\OneDrive - THG\Documents\Build Signal Bot\core4_portfolio_allocator\data\binance_usdm\fundingRate\BNBUSDT\BNBUSDT-fundingRate-2024-03.zip
fundingRate,BNBUSDT,2024-04,DOWNLOADED_VERIFIED,905,97e66b580deae706cbf1b56b21a71668d5587a7db68bf69d01ef1db5045125bd,C:\Users\vntfadmin\OneDrive - THG\Documents\Build Signal Bot\core4_portfolio_allocator\data\binance_usdm\fundingRate\BNBUSDT\BNBUSDT-fundingRate-2024-04.zip
fundingRate,BNBUSDT,2024-05,DOWNLOADED_VERIFIED,867,4ebe1a295be42c705739ff3717b113661513eee0560a17936697568cd2c06ae0,C:\Users\vntfadmin\OneDrive - THG\Documents\Build Signal Bot\core4_portfolio_allocator\data\binance_usdm\fundingRate\BNBUSDT\BNBUSDT-fundingRate-2024-05.zip
fundingRate,BNBUSDT,2024-06,DOWNLOADED_VERIFIED,702,bc5d4b47ffa9c6e6b30147dbb3c93f63a27b071428445ed6e57339a86745a9e0,C:\Users\vntfadmin\OneDrive - THG\Documents\Build Signal Bot\core4_portfolio_allocator\data\binance_usdm\fundingRate\BNBUSDT\BNBUSDT-fundingRate-2024-06.zip
fundingRate,BNBUSDT,2024-07,DOWNLOADED_VERIFIED,667,ba2e909430ca421202cc86b658d242bdcb03cf15f729fd5bdaf6b11bc7117243,C:\Users\vntfadmin\OneDrive - THG\Documents\Build Signal Bot\core4_portfolio_allocator\data\binance_usdm\fundingRate\BNBUSDT\BNBUSDT-fundingRate-2024-07.zip
fundingRate,BNBUSDT,2024-08,DOWNLOADED_VERIFIED,706,5b1c28afa6becb9c4303fb2438c39461b199a48a0992bccb5e1e4be344b7a931,C:\Users\vntfadmin\OneDrive - THG\Documents\Build Signal Bot\core4_portfolio_allocator\data\binance_usdm\fundingRate\BNBUSDT\BNBUSDT-fundingRate-2024-08.zip
fundingRate,BNBUSDT,2024-09,DOWNLOADED_VERIFIED,704,2c9e13fa39b3956ea76d29074e26e0ccc6abbd3e235d752aa63b383de29a4d80,C:\Users\vntfadmin\OneDrive - THG\Documents\Build Signal Bot\core4_portfolio_allocator\data\binance_usdm\fundingRate\BNBUSDT\BNBUSDT-fundingRate-2024-09.zip
fundingRate,BNBUSDT,2024-10,DOWNLOADED_VERIFIED,727,ac53012800835002672b559455766f73eb30cce3b4b75a30e8d834f03cc3ba1c,C:\Users\vntfadmin\OneDrive - THG\Documents\Build Signal Bot\core4_portfolio_allocator\data\binance_usdm\fundingRate\BNBUSDT\BNBUSDT-fundingRate-2024-10.zip
fundingRate,BNBUSDT,2024-11,DOWNLOADED_VERIFIED,863,ca02937135f8d51991e96290cd527ba8cfba3e6ca6bdf08247c88bdc88fdfc09,C:\Users\vntfadmin\OneDrive - THG\Documents\Build Signal Bot\core4_portfolio_allocator\data\binance_usdm\fundingRate\BNBUSDT\BNBUSDT-fundingRate-2024-11.zip
fundingRate,BNBUSDT,2024-12,DOWNLOADED_VERIFIED,873,9bad523573121ac9a255adac4574e4ea8545ab77807d6ccd8ac132771b6f0c7b,C:\Users\vntfadmin\OneDrive - THG\Documents\Build Signal Bot\core4_portfolio_allocator\data\binance_usdm\fundingRate\BNBUSDT\BNBUSDT-fundingRate-2024-12.zip
fundingRate,BNBUSDT,2025-01,DOWNLOADED_VERIFIED,776,74544eee335ba817f34c28bad187eabc9c19b730a84e875eb636499944198479,C:\Users\vntfadmin\OneDrive - THG\Documents\Build Signal Bot\core4_portfolio_allocator\data\binance_usdm\fundingRate\BNBUSDT\BNBUSDT-fundingRate-2025-01.zip
fundingRate,BNBUSDT,2025-02,DOWNLOADED_VERIFIED,750,b5094d4dfe17e0b07b4a4cfeca6baef32a96711b824ea45e1c9bcf80db0d2b06,C:\Users\vntfadmin\OneDrive - THG\Documents\Build Signal Bot\core4_portfolio_allocator\data\binance_usdm\fundingRate\BNBUSDT\BNBUSDT-fundingRate-2025-02.zip
fundingRate,BNBUSDT,2025-03,DOWNLOADED_VERIFIED,843,8bd05f64e15a3f1731d75ad21dea232b6ae9e93cff351a0699a4c1ab0dc0d2ea,C:\Users\vntfadmin\OneDrive - THG\Documents\Build Signal Bot\core4_portfolio_allocator\data\binance_usdm\fundingRate\BNBUSDT\BNBUSDT-fundingRate-2025-03.zip
fundingRate,BNBUSDT,2025-04,DOWNLOADED_VERIFIED,751,d5b35805679bb3a410fce7ddb370ce4b6f69bc37233e4ffde4eec40f524e3ff2,C:\Users\vntfadmin\OneDrive - THG\Documents\Build Signal Bot\core4_portfolio_allocator\data\binance_usdm\fundingRate\BNBUSDT\BNBUSDT-fundingRate-2025-04.zip
fundingRate,BNBUSDT,2025-05,DOWNLOADED_VERIFIED,745,fc9a418d195865c4a61e0c858c56dfa62dab80c4d5f0df37cd71aed1173fd37b,C:\Users\vntfadmin\OneDrive - THG\Documents\Build Signal Bot\core4_portfolio_allocator\data\binance_usdm\fundingRate\BNBUSDT\BNBUSDT-fundingRate-2025-05.zip
fundingRate,BNBUSDT,2025-06,DOWNLOADED_VERIFIED,762,2ea8b6a079ab89270eeeecee1bd47128cbf585ada1bc65a1b657b76061e12c04,C:\Users\vntfadmin\OneDrive - THG\Documents\Build Signal Bot\core4_portfolio_allocator\data\binance_usdm\fundingRate\BNBUSDT\BNBUSDT-fundingRate-2025-06.zip
fundingRate,BNBUSDT,2025-07,DOWNLOADED_VERIFIED,808,014c717df6ca0fbc5c8850a22741cf07b425af5aeec07de42265f7a70aa9fd39,C:\Users\vntfadmin\OneDrive - THG\Documents\Build Signal Bot\core4_portfolio_allocator\data\binance_usdm\fundingRate\BNBUSDT\BNBUSDT-fundingRate-2025-07.zip
fundingRate,BNBUSDT,2025-08,DOWNLOADED_VERIFIED,836,1ca07a28c070cd092a04c4e002f5d7ae123c45a149f385c3b316ba1b9cd0a7b6,C:\Users\vntfadmin\OneDrive - THG\Documents\Build Signal Bot\core4_portfolio_allocator\data\binance_usdm\fundingRate\BNBUSDT\BNBUSDT-fundingRate-2025-08.zip
fundingRate,BNBUSDT,2025-09,DOWNLOADED_VERIFIED,809,e87adf5d21d31f7c49739eb0cffb7347284bdb2d981d4ab8d2cde6cdfe94d4af,C:\Users\vntfadmin\OneDrive - THG\Documents\Build Signal Bot\core4_portfolio_allocator\data\binance_usdm\fundingRate\BNBUSDT\BNBUSDT-fundingRate-2025-09.zip
fundingRate,BNBUSDT,2025-10,DOWNLOADED_VERIFIED,836,6c45db6d53c47e1413c842bffba176aa58d8fe5bef0b1326ce5a4acb5b9abaef,C:\Users\vntfadmin\OneDrive - THG\Documents\Build Signal Bot\core4_portfolio_allocator\data\binance_usdm\fundingRate\BNBUSDT\BNBUSDT-fundingRate-2025-10.zip
fundingRate,BNBUSDT,2025-11,DOWNLOADED_VERIFIED,787,e1bb556f0d0b00f4615c41048dc71377b91ea43351100c90a3750efd519d7682,C:\Users\vntfadmin\OneDrive - THG\Documents\Build Signal Bot\core4_portfolio_allocator\data\binance_usdm\fundingRate\BNBUSDT\BNBUSDT-fundingRate-2025-11.zip
fundingRate,BNBUSDT,2025-12,DOWNLOADED_VERIFIED,791,18000c78612678f3daf1b493828f2c61f0e680f2a23f6bde34a4624504f228e5,C:\Users\vntfadmin\OneDrive - THG\Documents\Build Signal Bot\core4_portfolio_allocator\data\binance_usdm\fundingRate\BNBUSDT\BNBUSDT-fundingRate-2025-12.zip
fundingRate,BNBUSDT,2026-01,DOWNLOADED_VERIFIED,856,b7fc86f2e15ed637796db819d03ec7fba66f2651ad1077cb143e2cd4bafc7e1d,C:\Users\vntfadmin\OneDrive - THG\Documents\Build Signal Bot\core4_portfolio_allocator\data\binance_usdm\fundingRate\BNBUSDT\BNBUSDT-fundingRate-2026-01.zip
fundingRate,BNBUSDT,2026-02,DOWNLOADED_VERIFIED,663,1b474640f9646c08f2dac80db4b4716303972dbf35613f5c7da948e2f858b646,C:\Users\vntfadmin\OneDrive - THG\Documents\Build Signal Bot\core4_portfolio_allocator\data\binance_usdm\fundingRate\BNBUSDT\BNBUSDT-fundingRate-2026-02.zip
fundingRate,BNBUSDT,2026-03,DOWNLOADED_VERIFIED,708,19e6e88c1a0c318fee6b8c570ed39fbfd4e3dcbcd917e0738347c3b03fad52c3,C:\Users\vntfadmin\OneDrive - THG\Documents\Build Signal Bot\core4_portfolio_allocator\data\binance_usdm\fundingRate\BNBUSDT\BNBUSDT-fundingRate-2026-03.zip
fundingRate,BNBUSDT,2026-04,DOWNLOADED_VERIFIED,818,64ad28743203161c89a5c64582ed14a599a5d47addcffc3f7e2f07063ef9bb2b,C:\Users\vntfadmin\OneDrive - THG\Documents\Build Signal Bot\core4_portfolio_allocator\data\binance_usdm\fundingRate\BNBUSDT\BNBUSDT-fundingRate-2026-04.zip
fundingRate,BNBUSDT,2026-05,DOWNLOADED_VERIFIED,908,b62dd555a8c1ecc25644f529e4cd351a835aeabaa70258909d9f1c328f427cd8,C:\Users\vntfadmin\OneDrive - THG\Documents\Build Signal Bot\core4_portfolio_allocator\data\binance_usdm\fundingRate\BNBUSDT\BNBUSDT-fundingRate-2026-05.zip
fundingRate,BNBUSDT,2026-06,DOWNLOADED_VERIFIED,777,fffa72378e35dd0fc6faf22e8e7b5b22794201124e4727da92d6cb2b591459be,C:\Users\vntfadmin\OneDrive - THG\Documents\Build Signal Bot\core4_portfolio_allocator\data\binance_usdm\fundingRate\BNBUSDT\BNBUSDT-fundingRate-2026-06.zip
fundingRate,BNBUSDT,2026-07,DOWNLOADED_VERIFIED,937,0ff2884392a6efe9a33063971dd583090124e916a3c8b59dca6949cb6ed81124,C:\Users\vntfadmin\OneDrive - THG\Documents\Build Signal Bot\core4_portfolio_allocator\data\binance_usdm\fundingRate\BNBUSDT\BNBUSDT-fundingRate-2026-07.zip
fundingRate,BNBUSDT,2026-08,DOWNLOADED_VERIFIED,888,153df2d91fbf1fb06106fcba4660640f6299f9debf661c4f29664bc52eb74136,C:\Users\vntfadmin\OneDrive - THG\Documents\Build Signal Bot\core4_portfolio_allocator\data\binance_usdm\fundingRate\BNBUSDT\BNBUSDT-fundingRate-2026-08.zip
fundingRate,BTCUSDT,2019-09,NOT_PUBLISHED,0,,C:\Users\vntfadmin\OneDrive - THG\Documents\Build Signal Bot\core4_portfolio_allocator\data\binance_usdm\fundingRate\BTCUSDT\BTCUSDT-fundingRate-2019-09.zip
fundingRate,BTCUSDT,2019-10,NOT_PUBLISHED,0,,C:\Users\vntfadmin\OneDrive - THG\Documents\Build Signal Bot\core4_portfolio_allocator\data\binance_usdm\fundingRate\BTCUSDT\BTCUSDT-fundingRate-2019-10.zip
fundingRate,BTCUSDT,2019-11,NOT_PUBLISHED,0,,C:\Users\vntfadmin\OneDrive - THG\Documents\Build Signal Bot\core4_portfolio_allocator\data\binance_usdm\fundingRate\BTCUSDT\BTCUSDT-fundingRate-2019-11.zip
fundingRate,BTCUSDT,2019-12,NOT_PUBLISHED,0,,C:\Users\vntfadmin\OneDrive - THG\Documents\Build Signal Bot\core4_portfolio_allocator\data\binance_usdm\fundingRate\BTCUSDT\BTCUSDT-fundingRate-2019-12.zip
fundingRate,BTCUSDT,2020-01,DOWNLOADED_VERIFIED,825,7f81b2f3694d13779e7e896b69d60cd61e9444d7b9f9e90df761935e1c1b76e2,C:\Users\vntfadmin\OneDrive - THG\Documents\Build Signal Bot\core4_portfolio_allocator\data\binance_usdm\fundingRate\BTCUSDT\BTCUSDT-fundingRate-2020-01.zip
fundingRate,BTCUSDT,2020-02,DOWNLOADED_VERIFIED,885,6599466d108d120c64a078824326c063ed2d4335b3292e52c5e572f79166533a,C:\Users\vntfadmin\OneDrive - THG\Documents\Build Signal Bot\core4_portfolio_allocator\data\binance_usdm\fundingRate\BTCUSDT\BTCUSDT-fundingRate-2020-02.zip
fundingRate,BTCUSDT,2020-03,DOWNLOADED_VERIFIED,928,eee845fde6336e29d25889563cba3d2cff2d4d640e51fb1f82ae9b28cedaee77,C:\Users\vntfadmin\OneDrive - THG\Documents\Build Signal Bot\core4_portfolio_allocator\data\binance_usdm\fundingRate\BTCUSDT\BTCUSDT-fundingRate-2020-03.zip
fundingRate,BTCUSDT,2020-04,DOWNLOADED_VERIFIED,867,d009ce034d08c3dcf3e7f874b0f8b0ec76ba507bc6bb4e007e541df537bafbce,C:\Users\vntfadmin\OneDrive - THG\Documents\Build Signal Bot\core4_portfolio_allocator\data\binance_usdm\fundingRate\BTCUSDT\BTCUSDT-fundingRate-2020-04.zip
fundingRate,BTCUSDT,2020-05,DOWNLOADED_VERIFIED,839,3f2b56dd6b9a42457009bb367d0adadd3cf7e2216cd325172d0089e3883125a8,C:\Users\vntfadmin\OneDrive - THG\Documents\Build Signal Bot\core4_portfolio_allocator\data\binance_usdm\fundingRate\BTCUSDT\BTCUSDT-fundingRate-2020-05.zip
fundingRate,BTCUSDT,2020-06,DOWNLOADED_VERIFIED,791,30b3470ff98576578973d75e3c157a5cbf1778b11e4c26b4b4ff70a3cbb348ec,C:\Users\vntfadmin\OneDrive - THG\Documents\Build Signal Bot\core4_portfolio_allocator\data\binance_usdm\fundingRate\BTCUSDT\BTCUSDT-fundingRate-2020-06.zip
fundingRate,BTCUSDT,2020-07,DOWNLOADED_VERIFIED,712,18dae7b11075fc0fba79ad47df46683415cba5d027caa69c66bc2a5c9d9b459a,C:\Users\vntfadmin\OneDrive - THG\Documents\Build Signal Bot\core4_portfolio_allocator\data\binance_usdm\fundingRate\BTCUSDT\BTCUSDT-fundingRate-2020-07.zip
fundingRate,BTCUSDT,2020-08,DOWNLOADED_VERIFIED,854,e6f6d1749f674c85d4766e0eb36af6ea40d91a0674234d30df80eb9876b094e3,C:\Users\vntfadmin\OneDrive - THG\Documents\Build Signal Bot\core4_portfolio_allocator\data\binance_usdm\fundingRate\BTCUSDT\BTCUSDT-fundingRate-2020-08.zip
fundingRate,BTCUSDT,2020-09,DOWNLOADED_VERIFIED,838,7ae9a3b6afb2dc06e46080582908ec8c27063b707a14c7f1e679dc991ff48032,C:\Users\vntfadmin\OneDrive - THG\Documents\Build Signal Bot\core4_portfolio_allocator\data\binance_usdm\fundingRate\BTCUSDT\BTCUSDT-fundingRate-2020-09.zip
fundingRate,BTCUSDT,2020-10,DOWNLOADED_VERIFIED,828,4c55b191c101f39c7fb193a6529665dd9e83302ca21876521e4c93b3902e9fb1,C:\Users\vntfadmin\OneDrive - THG\Documents\Build Signal Bot\core4_portfolio_allocator\data\binance_usdm\fundingRate\BTCUSDT\BTCUSDT-fundingRate-2020-10.zip
fundingRate,BTCUSDT,2020-11,DOWNLOADED_VERIFIED,854,676356a2d075caa51b4f8ada026e9430dc320ffd23d2343b13b7aa25324ed6d1,C:\Users\vntfadmin\OneDrive - THG\Documents\Build Signal Bot\core4_portfolio_allocator\data\binance_usdm\fundingRate\BTCUSDT\BTCUSDT-fundingRate-2020-11.zip
fundingRate,BTCUSDT,2020-12,DOWNLOADED_VERIFIED,852,d7390f90edf54cc4ad9bbe78e2f6b291ae06ad9539f591a2d0fce445873bbd63,C:\Users\vntfadmin\OneDrive - THG\Documents\Build Signal Bot\core4_portfolio_allocator\data\binance_usdm\fundingRate\BTCUSDT\BTCUSDT-fundingRate-2020-12.zip
fundingRate,BTCUSDT,2021-01,DOWNLOADED_VERIFIED,981,cff916dc4b638ec3de97828e8911cd91cf7d7a3d0836ec0175869c374e66823d,C:\Users\vntfadmin\OneDrive - THG\Documents\Build Signal Bot\core4_portfolio_allocator\data\binance_usdm\fundingRate\BTCUSDT\BTCUSDT-fundingRate-2021-01.zip
fundingRate,BTCUSDT,2021-02,DOWNLOADED_VERIFIED,956,819a7b107443686adb313fc5fc223302a29f3981e1d1bd9828ad0ade65a8a8af,C:\Users\vntfadmin\OneDrive - THG\Documents\Build Signal Bot\core4_portfolio_allocator\data\binance_usdm\fundingRate\BTCUSDT\BTCUSDT-fundingRate-2021-02.zip
fundingRate,BTCUSDT,2021-03,DOWNLOADED_VERIFIED,918,2125fd300848938c7b992b8f7b7b5007d5b277a4ff1ebda7da083b40242729da,C:\Users\vntfadmin\OneDrive - THG\Documents\Build Signal Bot\core4_portfolio_allocator\data\binance_usdm\fundingRate\BTCUSDT\BTCUSDT-fundingRate-2021-03.zip
fundingRate,BTCUSDT,2021-04,DOWNLOADED_VERIFIED,914,9cd888e3b0a1954813d0062c2e60426fdc8e34a7f258f6838371ec67f535b028,C:\Users\vntfadmin\OneDrive - THG\Documents\Build Signal Bot\core4_portfolio_allocator\data\binance_usdm\fundingRate\BTCUSDT\BTCUSDT-fundingRate-2021-04.zip
fundingRate,BTCUSDT,2021-05,DOWNLOADED_VERIFIED,960,ed934afb9cf84df6ecae742e755147333a84244836a66b51523abc66dd5f63af,C:\Users\vntfadmin\OneDrive - THG\Documents\Build Signal Bot\core4_portfolio_allocator\data\binance_usdm\fundingRate\BTCUSDT\BTCUSDT-fundingRate-2021-05.zip
fundingRate,BTCUSDT,2021-06,DOWNLOADED_VERIFIED,883,7b8d9bfb8816636b800764dafb2aa2307d19166c695bfa245adbf7d01d61f766,C:\Users\vntfadmin\OneDrive - THG\Documents\Build Signal Bot\core4_portfolio_allocator\data\binance_usdm\fundingRate\BTCUSDT\BTCUSDT-fundingRate-2021-06.zip
fundingRate,BTCUSDT,2021-07,DOWNLOADED_VERIFIED,973,8ab3df641d3bcf40527491f8e26d046ad2b662d1950ead9555ad32975571b7fe,C:\Users\vntfadmin\OneDrive - THG\Documents\Build Signal Bot\core4_portfolio_allocator\data\binance_usdm\fundingRate\BTCUSDT\BTCUSDT-fundingRate-2021-07.zip
fundingRate,BTCUSDT,2021-08,DOWNLOADED_VERIFIED,781,7eb681cc45b94176f4b9192a62c3a1925d79031ba001cea2d8dec6ff6e5b9c35,C:\Users\vntfadmin\OneDrive - THG\Documents\Build Signal Bot\core4_portfolio_allocator\data\binance_usdm\fundingRate\BTCUSDT\BTCUSDT-fundingRate-2021-08.zip
fundingRate,BTCUSDT,2021-09,DOWNLOADED_VERIFIED,828,03f25a7c25eef18d5f5b5b7bb0b664cab7a210b409f37e95a54e141808a0752d,C:\Users\vntfadmin\OneDrive - THG\Documents\Build Signal Bot\core4_portfolio_allocator\data\binance_usdm\fundingRate\BTCUSDT\BTCUSDT-fundingRate-2021-09.zip
fundingRate,BTCUSDT,2021-10,DOWNLOADED_VERIFIED,951,f25820d6add687addbca3ef43bee58f70853a6da53832a0c1bc22d00dc8ec64a,C:\Users\vntfadmin\OneDrive - THG\Documents\Build Signal Bot\core4_portfolio_allocator\data\binance_usdm\fundingRate\BTCUSDT\BTCUSDT-fundingRate-2021-10.zip
fundingRate,BTCUSDT,2021-11,DOWNLOADED_VERIFIED,919,e2e6b2d7218607e7e4a38137d50f553c2cfb901275c19edf567024c1cc6de85f,C:\Users\vntfadmin\OneDrive - THG\Documents\Build Signal Bot\core4_portfolio_allocator\data\binance_usdm\fundingRate\BTCUSDT\BTCUSDT-fundingRate-2021-11.zip
fundingRate,BTCUSDT,2021-12,DOWNLOADED_VERIFIED,815,bf3ce484faf41d7dccfd38c5cc3d8de34d8297df30ab10784e874cc10fd1b310,C:\Users\vntfadmin\OneDrive - THG\Documents\Build Signal Bot\core4_portfolio_allocator\data\binance_usdm\fundingRate\BTCUSDT\BTCUSDT-fundingRate-2021-12.zip
fundingRate,BTCUSDT,2022-01,DOWNLOADED_VERIFIED,906,22ee19079b620f5c6d820e7d7f8bafa7fde866d89bd664863b8bd527749c12cb,C:\Users\vntfadmin\OneDrive - THG\Documents\Build Signal Bot\core4_portfolio_allocator\data\binance_usdm\fundingRate\BTCUSDT\BTCUSDT-fundingRate-2022-01.zip
fundingRate,BTCUSDT,2022-02,DOWNLOADED_VERIFIED,890,fa95088258a905c79ab79e8984d2f6f66933ec2e814dbab4ef9da89b01ab484a,C:\Users\vntfadmin\OneDrive - THG\Documents\Build Signal Bot\core4_portfolio_allocator\data\binance_usdm\fundingRate\BTCUSDT\BTCUSDT-fundingRate-2022-02.zip
fundingRate,BTCUSDT,2022-03,DOWNLOADED_VERIFIED,904,4cf0883bc07f4ed4cdd3b0d8c0d166b4d15d21e666ab752f9f44401af4d6172f,C:\Users\vntfadmin\OneDrive - THG\Documents\Build Signal Bot\core4_portfolio_allocator\data\binance_usdm\fundingRate\BTCUSDT\BTCUSDT-fundingRate-2022-03.zip
fundingRate,BTCUSDT,2022-04,DOWNLOADED_VERIFIED,926,57e2776cc68b3169fc9f8632dad67278f470cd453407a8ebe6c87963c8a31357,C:\Users\vntfadmin\OneDrive - THG\Documents\Build Signal Bot\core4_portfolio_allocator\data\binance_usdm\fundingRate\BTCUSDT\BTCUSDT-fundingRate-2022-04.zip
fundingRate,BTCUSDT,2022-05,DOWNLOADED_VERIFIED,915,bced8a5013d09742b96682e6fd01ad4456213515a03d7586ec2b1f2689af5255,C:\Users\vntfadmin\OneDrive - THG\Documents\Build Signal Bot\core4_portfolio_allocator\data\binance_usdm\fundingRate\BTCUSDT\BTCUSDT-fundingRate-2022-05.zip
fundingRate,BTCUSDT,2022-06,DOWNLOADED_VERIFIED,966,0cd0708f8903829eb46f98cf60f4b2516c986e1ccddf6620a5912b48e16baf93,C:\Users\vntfadmin\OneDrive - THG\Documents\Build Signal Bot\core4_portfolio_allocator\data\binance_usdm\fundingRate\BTCUSDT\BTCUSDT-fundingRate-2022-06.zip
fundingRate,BTCUSDT,2022-07,DOWNLOADED_VERIFIED,917,29d58cce0cd45f74c6a112039835c6d9ee5a7e60e7c38c2503beb7930453a4fe,C:\Users\vntfadmin\OneDrive - THG\Documents\Build Signal Bot\core4_portfolio_allocator\data\binance_usdm\fundingRate\BTCUSDT\BTCUSDT-fundingRate-2022-07.zip
fundingRate,BTCUSDT,2022-08,DOWNLOADED_VERIFIED,997,6f4f0c6c84c05694b4b4a5c085776730fd4059723eecd98ee6ffeb3fde4da811,C:\Users\vntfadmin\OneDrive - THG\Documents\Build Signal Bot\core4_portfolio_allocator\data\binance_usdm\fundingRate\BTCUSDT\BTCUSDT-fundingRate-2022-08.zip
fundingRate,BTCUSDT,2022-09,DOWNLOADED_VERIFIED,960,d62cd4e13009de37add446dc4f63ead4c56dcc4955a1e60f6726bcadc5a68fa9,C:\Users\vntfadmin\OneDrive - THG\Documents\Build Signal Bot\core4_portfolio_allocator\data\binance_usdm\fundingRate\BTCUSDT\BTCUSDT-fundingRate-2022-09.zip
fundingRate,BTCUSDT,2022-10,DOWNLOADED_VERIFIED,950,ad9efed10d4ca1567b865d7a158790977cec1b925395634217069df6696c8bc9,C:\Users\vntfadmin\OneDrive - THG\Documents\Build Signal Bot\core4_portfolio_allocator\data\binance_usdm\fundingRate\BTCUSDT\BTCUSDT-fundingRate-2022-10.zip
fundingRate,BTCUSDT,2022-11,DOWNLOADED_VERIFIED,1000,8febe5bec1a029e993bbf27490761f8c47c32849bf7dd13441b2b2f6ec1ffb51,C:\Users\vntfadmin\OneDrive - THG\Documents\Build Signal Bot\core4_portfolio_allocator\data\binance_usdm\fundingRate\BTCUSDT\BTCUSDT-fundingRate-2022-11.zip
fundingRate,BTCUSDT,2022-12,DOWNLOADED_VERIFIED,982,4218c78331bcc4dbeb5768fa112242a880971c1f2cfd1d3f32aaa26ca34069af,C:\Users\vntfadmin\OneDrive - THG\Documents\Build Signal Bot\core4_portfolio_allocator\data\binance_usdm\fundingRate\BTCUSDT\BTCUSDT-fundingRate-2022-12.zip
fundingRate,BTCUSDT,2023-01,DOWNLOADED_VERIFIED,863,05e3df32f28d0d50f4c5a280adee9368b4a66fc68c6ddca1b3277087ac0d19f5,C:\Users\vntfadmin\OneDrive - THG\Documents\Build Signal Bot\core4_portfolio_allocator\data\binance_usdm\fundingRate\BTCUSDT\BTCUSDT-fundingRate-2023-01.zip
fundingRate,BTCUSDT,2023-02,DOWNLOADED_VERIFIED,808,5227accd9aaa59f71f5e682abffb58be5f99573ed208ab968b1704c81ac11345,C:\Users\vntfadmin\OneDrive - THG\Documents\Build Signal Bot\core4_portfolio_allocator\data\binance_usdm\fundingRate\BTCUSDT\BTCUSDT-fundingRate-2023-02.zip
fundingRate,BTCUSDT,2023-03,DOWNLOADED_VERIFIED,956,ab022adff9b853d2f33cf80154e77c770f57c3392f0bbc36564b2e2cdbd0e872,C:\Users\vntfadmin\OneDrive - THG\Documents\Build Signal Bot\core4_portfolio_allocator\data\binance_usdm\fundingRate\BTCUSDT\BTCUSDT-fundingRate-2023-03.zip
fundingRate,BTCUSDT,2023-04,DOWNLOADED_VERIFIED,952,2931039d26818edc65d4faefba84945fd1ba52989dd58fb127dc3cd7a12c7fbf,C:\Users\vntfadmin\OneDrive - THG\Documents\Build Signal Bot\core4_portfolio_allocator\data\binance_usdm\fundingRate\BTCUSDT\BTCUSDT-fundingRate-2023-04.zip
fundingRate,BTCUSDT,2023-05,DOWNLOADED_VERIFIED,983,5d026fece46df86293054c8c56c2c8de575d30161b82979b11831831217a246e,C:\Users\vntfadmin\OneDrive - THG\Documents\Build Signal Bot\core4_portfolio_allocator\data\binance_usdm\fundingRate\BTCUSDT\BTCUSDT-fundingRate-2023-05.zip
fundingRate,BTCUSDT,2023-06,DOWNLOADED_VERIFIED,845,3ffdde6f1dc9c3c065d77ae43f3ba64d19d4cb76512d4bc1d541933d4fb2e6f7,C:\Users\vntfadmin\OneDrive - THG\Documents\Build Signal Bot\core4_portfolio_allocator\data\binance_usdm\fundingRate\BTCUSDT\BTCUSDT-fundingRate-2023-06.zip
fundingRate,BTCUSDT,2023-07,DOWNLOADED_VERIFIED,861,0304baed9fd407293a8a8040b30a1b68bd344803b630d33530375b421733a930,C:\Users\vntfadmin\OneDrive - THG\Documents\Build Signal Bot\core4_portfolio_allocator\data\binance_usdm\fundingRate\BTCUSDT\BTCUSDT-fundingRate-2023-07.zip
fundingRate,BTCUSDT,2023-08,DOWNLOADED_VERIFIED,846,516a8f50631c6ede6a9642f6d1590b6a22c33ba09935501d2ace8dc1396501fd,C:\Users\vntfadmin\OneDrive - THG\Documents\Build Signal Bot\core4_portfolio_allocator\data\binance_usdm\fundingRate\BTCUSDT\BTCUSDT-fundingRate-2023-08.zip
fundingRate,BTCUSDT,2023-09,DOWNLOADED_VERIFIED,914,3fd9df6fd1eef33cf5fe625c27012359bc6d64a68c109305d7b44a0354f533c2,C:\Users\vntfadmin\OneDrive - THG\Documents\Build Signal Bot\core4_portfolio_allocator\data\binance_usdm\fundingRate\BTCUSDT\BTCUSDT-fundingRate-2023-09.zip
fundingRate,BTCUSDT,2023-10,DOWNLOADED_VERIFIED,865,03105cc140150bffca834bcccbddc6cfee245e079d2df1759653243bd6e92448,C:\Users\vntfadmin\OneDrive - THG\Documents\Build Signal Bot\core4_portfolio_allocator\data\binance_usdm\fundingRate\BTCUSDT\BTCUSDT-fundingRate-2023-10.zip
fundingRate,BTCUSDT,2023-11,DOWNLOADED_VERIFIED,696,8015d2997f8d5e757ff3707ee87800ca30a74da0129daa747b64117f07bcc186,C:\Users\vntfadmin\OneDrive - THG\Documents\Build Signal Bot\core4_portfolio_allocator\data\binance_usdm\fundingRate\BTCUSDT\BTCUSDT-fundingRate-2023-11.zip
fundingRate,BTCUSDT,2023-12,DOWNLOADED_VERIFIED,810,8f02fdd2a2da261bbf13ab301c74bdb57fae005f19d5088e9ece5f8824c1a2a7,C:\Users\vntfadmin\OneDrive - THG\Documents\Build Signal Bot\core4_portfolio_allocator\data\binance_usdm\fundingRate\BTCUSDT\BTCUSDT-fundingRate-2023-12.zip
fundingRate,BTCUSDT,2024-01,DOWNLOADED_VERIFIED,696,3e0d30870672aa8f0f937881056e3cfd55913ae5c780cd50b33f2763aa0ba58e,C:\Users\vntfadmin\OneDrive - THG\Documents\Build Signal Bot\core4_portfolio_allocator\data\binance_usdm\fundingRate\BTCUSDT\BTCUSDT-fundingRate-2024-01.zip
fundingRate,BTCUSDT,2024-02,DOWNLOADED_VERIFIED,776,daf1e4901e3d6436d82ad60f90d007eb5300be8047cfef121007203a7212cde6,C:\Users\vntfadmin\OneDrive - THG\Documents\Build Signal Bot\core4_portfolio_allocator\data\binance_usdm\fundingRate\BTCUSDT\BTCUSDT-fundingRate-2024-02.zip
fundingRate,BTCUSDT,2024-03,DOWNLOADED_VERIFIED,939,711dcaf2a341aedfd06447b4117b540f60adb0784c5e64a313c718e4cf092bc3,C:\Users\vntfadmin\OneDrive - THG\Documents\Build Signal Bot\core4_portfolio_allocator\data\binance_usdm\fundingRate\BTCUSDT\BTCUSDT-fundingRate-2024-03.zip
fundingRate,BTCUSDT,2024-04,DOWNLOADED_VERIFIED,842,6d220b8e2815362a11d294d35dbca28568370d8295351937eceec10f2b359b85,C:\Users\vntfadmin\OneDrive - THG\Documents\Build Signal Bot\core4_portfolio_allocator\data\binance_usdm\fundingRate\BTCUSDT\BTCUSDT-fundingRate-2024-04.zip
fundingRate,BTCUSDT,2024-05,DOWNLOADED_VERIFIED,830,aef8c5fdce1493fd570b5829a72f2f17c7e459483390f25544d16c2a30be592e,C:\Users\vntfadmin\OneDrive - THG\Documents\Build Signal Bot\core4_portfolio_allocator\data\binance_usdm\fundingRate\BTCUSDT\BTCUSDT-fundingRate-2024-05.zip
fundingRate,BTCUSDT,2024-06,DOWNLOADED_VERIFIED,721,43fc4473820d1fb4fe340d1b1951a87555f6841aa352e684fa95d6adffce04c6,C:\Users\vntfadmin\OneDrive - THG\Documents\Build Signal Bot\core4_portfolio_allocator\data\binance_usdm\fundingRate\BTCUSDT\BTCUSDT-fundingRate-2024-06.zip
fundingRate,BTCUSDT,2024-07,DOWNLOADED_VERIFIED,847,acab0593c1452660ce74a6c239fb215c1192b0a9c6e8c1689e6495de40a0174b,C:\Users\vntfadmin\OneDrive - THG\Documents\Build Signal Bot\core4_portfolio_allocator\data\binance_usdm\fundingRate\BTCUSDT\BTCUSDT-fundingRate-2024-07.zip
fundingRate,BTCUSDT,2024-08,DOWNLOADED_VERIFIED,904,7003d29a43dd5f9357f838da8766834954939e22c1d80af682d9f33984f67b71,C:\Users\vntfadmin\OneDrive - THG\Documents\Build Signal Bot\core4_portfolio_allocator\data\binance_usdm\fundingRate\BTCUSDT\BTCUSDT-fundingRate-2024-08.zip
fundingRate,BTCUSDT,2024-09,DOWNLOADED_VERIFIED,924,6ef23b02392b481ef9c3855434bf3644289fb6e228b4f7d9a0dfc6d3cdff1116,C:\Users\vntfadmin\OneDrive - THG\Documents\Build Signal Bot\core4_portfolio_allocator\data\binance_usdm\fundingRate\BTCUSDT\BTCUSDT-fundingRate-2024-09.zip
fundingRate,BTCUSDT,2024-10,DOWNLOADED_VERIFIED,801,26db65ac8020d80ece35df79c254c5f7e24427529bcceeb2972748c4fe2d2707,C:\Users\vntfadmin\OneDrive - THG\Documents\Build Signal Bot\core4_portfolio_allocator\data\binance_usdm\fundingRate\BTCUSDT\BTCUSDT-fundingRate-2024-10.zip
fundingRate,BTCUSDT,2024-11,DOWNLOADED_VERIFIED,746,e1b19cccfe2cdcba48b022790789b7b01edd86c075f39bc152e44c267d43bd51,C:\Users\vntfadmin\OneDrive - THG\Documents\Build Signal Bot\core4_portfolio_allocator\data\binance_usdm\fundingRate\BTCUSDT\BTCUSDT-fundingRate-2024-11.zip
fundingRate,BTCUSDT,2024-12,DOWNLOADED_VERIFIED,808,069409f525ebf6370ee1c7defe475167de4b97284c5ac8e68768652968cd3dc9,C:\Users\vntfadmin\OneDrive - THG\Documents\Build Signal Bot\core4_portfolio_allocator\data\binance_usdm\fundingRate\BTCUSDT\BTCUSDT-fundingRate-2024-12.zip
fundingRate,BTCUSDT,2025-01,DOWNLOADED_VERIFIED,825,df725010d55458866eb5a47e9ee708c6796c9d7e77b14c38342cea11f381815e,C:\Users\vntfadmin\OneDrive - THG\Documents\Build Signal Bot\core4_portfolio_allocator\data\binance_usdm\fundingRate\BTCUSDT\BTCUSDT-fundingRate-2025-01.zip
fundingRate,BTCUSDT,2025-02,DOWNLOADED_VERIFIED,854,e918b90fb33df3a3317feea13807a892047f1ec86eeac100bdb7b3dd83285d46,C:\Users\vntfadmin\OneDrive - THG\Documents\Build Signal Bot\core4_portfolio_allocator\data\binance_usdm\fundingRate\BTCUSDT\BTCUSDT-fundingRate-2025-02.zip
fundingRate,BTCUSDT,2025-03,DOWNLOADED_VERIFIED,938,a3b95cfb315641fbfddc61eb32adf2a2588afb7a3973a61f464aca007ad43e3f,C:\Users\vntfadmin\OneDrive - THG\Documents\Build Signal Bot\core4_portfolio_allocator\data\binance_usdm\fundingRate\BTCUSDT\BTCUSDT-fundingRate-2025-03.zip
fundingRate,BTCUSDT,2025-04,DOWNLOADED_VERIFIED,929,01dbb7bd0135f98bd63bdde6b943cde1accc1770cabf92f68a1ec0653ced3888,C:\Users\vntfadmin\OneDrive - THG\Documents\Build Signal Bot\core4_portfolio_allocator\data\binance_usdm\fundingRate\BTCUSDT\BTCUSDT-fundingRate-2025-04.zip
fundingRate,BTCUSDT,2025-05,DOWNLOADED_VERIFIED,943,e7355e2775b88009c984db1783bb8ed6b5f24ede2b52bb764151b5722d6a5e42,C:\Users\vntfadmin\OneDrive - THG\Documents\Build Signal Bot\core4_portfolio_allocator\data\binance_usdm\fundingRate\BTCUSDT\BTCUSDT-fundingRate-2025-05.zip
fundingRate,BTCUSDT,2025-06,DOWNLOADED_VERIFIED,946,a1f4a40953740fa83ee9ad97776ff8325d1958654a67f1325614071a983819d4,C:\Users\vntfadmin\OneDrive - THG\Documents\Build Signal Bot\core4_portfolio_allocator\data\binance_usdm\fundingRate\BTCUSDT\BTCUSDT-fundingRate-2025-06.zip
fundingRate,BTCUSDT,2025-07,DOWNLOADED_VERIFIED,796,b097dff828f6e43fece23db0d3cb98042a9d7bc19693b8cbfd051d88eb973b7b,C:\Users\vntfadmin\OneDrive - THG\Documents\Build Signal Bot\core4_portfolio_allocator\data\binance_usdm\fundingRate\BTCUSDT\BTCUSDT-fundingRate-2025-07.zip
fundingRate,BTCUSDT,2025-08,DOWNLOADED_VERIFIED,927,1180129860b6e196e8d70bb9719e81573aa6b4acb423ba5ee7f82f10c836f7ab,C:\Users\vntfadmin\OneDrive - THG\Documents\Build Signal Bot\core4_portfolio_allocator\data\binance_usdm\fundingRate\BTCUSDT\BTCUSDT-fundingRate-2025-08.zip
fundingRate,BTCUSDT,2025-09,DOWNLOADED_VERIFIED,941,21dc6570fc6bffad0e7b5f9e99211b82ad07c95ab4f18c3a2daa3b95ec98344c,C:\Users\vntfadmin\OneDrive - THG\Documents\Build Signal Bot\core4_portfolio_allocator\data\binance_usdm\fundingRate\BTCUSDT\BTCUSDT-fundingRate-2025-09.zip
fundingRate,BTCUSDT,2025-10,DOWNLOADED_VERIFIED,944,9ecdedab6344fc4cdb154763266b8e09627a71c3cc5574cf868158b541c259c2,C:\Users\vntfadmin\OneDrive - THG\Documents\Build Signal Bot\core4_portfolio_allocator\data\binance_usdm\fundingRate\BTCUSDT\BTCUSDT-fundingRate-2025-10.zip
fundingRate,BTCUSDT,2025-11,DOWNLOADED_VERIFIED,941,23735400405627d610123e3a43db3e98ae7addb93459cd670e65a7659a5f081b,C:\Users\vntfadmin\OneDrive - THG\Documents\Build Signal Bot\core4_portfolio_allocator\data\binance_usdm\fundingRate\BTCUSDT\BTCUSDT-fundingRate-2025-11.zip
fundingRate,BTCUSDT,2025-12,DOWNLOADED_VERIFIED,963,35318b789f020b0e04c9043112480743855554e52e1d188437cbdaa67246d51d,C:\Users\vntfadmin\OneDrive - THG\Documents\Build Signal Bot\core4_portfolio_allocator\data\binance_usdm\fundingRate\BTCUSDT\BTCUSDT-fundingRate-2025-12.zip
fundingRate,BTCUSDT,2026-01,DOWNLOADED_VERIFIED,965,fcdc796484f395830d418588a34a26baed8849dbef0ff2b56173247e493ff51f,C:\Users\vntfadmin\OneDrive - THG\Documents\Build Signal Bot\core4_portfolio_allocator\data\binance_usdm\fundingRate\BTCUSDT\BTCUSDT-fundingRate-2026-01.zip
fundingRate,BTCUSDT,2026-02,DOWNLOADED_VERIFIED,937,80df1dd669dc1e3afc360c9da8b9a949a127fce088eedbf5bf708bd37b0a1f58,C:\Users\vntfadmin\OneDrive - THG\Documents\Build Signal Bot\core4_portfolio_allocator\data\binance_usdm\fundingRate\BTCUSDT\BTCUSDT-fundingRate-2026-02.zip
fundingRate,BTCUSDT,2026-03,DOWNLOADED_VERIFIED,1008,5c069d5e9597a44fd0e213395082e59ff223fb99c9eab3a2a5a2a5622ba7867c,C:\Users\vntfadmin\OneDrive - THG\Documents\Build Signal Bot\core4_portfolio_allocator\data\binance_usdm\fundingRate\BTCUSDT\BTCUSDT-fundingRate-2026-03.zip
fundingRate,BTCUSDT,2026-04,DOWNLOADED_VERIFIED,960,51cdeb4de7d5ef1d4eece80b6115e391bdf7a2d0803bf9ad8371ab23340b22d3,C:\Users\vntfadmin\OneDrive - THG\Documents\Build Signal Bot\core4_portfolio_allocator\data\binance_usdm\fundingRate\BTCUSDT\BTCUSDT-fundingRate-2026-04.zip
fundingRate,BTCUSDT,2026-05,DOWNLOADED_VERIFIED,980,445b65fd6b17bfcfb5e4d035db29fad34f729fa078f0449024db42621be84e6e,C:\Users\vntfadmin\OneDrive - THG\Documents\Build Signal Bot\core4_portfolio_allocator\data\binance_usdm\fundingRate\BTCUSDT\BTCUSDT-fundingRate-2026-05.zip
fundingRate,BTCUSDT,2026-06,DOWNLOADED_VERIFIED,964,cff97ce688329592bccbbf5873b5c7021649e093f5f5806e332c5b4fb7fd6a00,C:\Users\vntfadmin\OneDrive - THG\Documents\Build Signal Bot\core4_portfolio_allocator\data\binance_usdm\fundingRate\BTCUSDT\BTCUSDT-fundingRate-2026-06.zip
fundingRate,BTCUSDT,2026-07,DOWNLOADED_VERIFIED,914,e36fcc66f493d7d9ec348c852fc22e9f318c79cf7adae17398a3994ae0adc41e,C:\Users\vntfadmin\OneDrive - THG\Documents\Build Signal Bot\core4_portfolio_allocator\data\binance_usdm\fundingRate\BTCUSDT\BTCUSDT-fundingRate-2026-07.zip
fundingRate,BTCUSDT,2026-08,DOWNLOADED_VERIFIED,896,7c108b3a02bd6dc7345ca7323e3a49664edcea0afdcf780ffb3b44762c45a964,C:\Users\vntfadmin\OneDrive - THG\Documents\Build Signal Bot\core4_portfolio_allocator\data\binance_usdm\fundingRate\BTCUSDT\BTCUSDT-fundingRate-2026-08.zip
fundingRate,ETHUSDT,2019-11,NOT_PUBLISHED,0,,C:\Users\vntfadmin\OneDrive - THG\Documents\Build Signal Bot\core4_portfolio_allocator\data\binance_usdm\fundingRate\ETHUSDT\ETHUSDT-fundingRate-2019-11.zip
fundingRate,ETHUSDT,2019-12,NOT_PUBLISHED,0,,C:\Users\vntfadmin\OneDrive - THG\Documents\Build Signal Bot\core4_portfolio_allocator\data\binance_usdm\fundingRate\ETHUSDT\ETHUSDT-fundingRate-2019-12.zip
fundingRate,ETHUSDT,2020-01,DOWNLOADED_VERIFIED,795,0ce8da3b2ee7eceb6616efa215a2a1b1aab7b5b04becebe73634a95ec0abfa90,C:\Users\vntfadmin\OneDrive - THG\Documents\Build Signal Bot\core4_portfolio_allocator\data\binance_usdm\fundingRate\ETHUSDT\ETHUSDT-fundingRate-2020-01.zip
fundingRate,ETHUSDT,2020-02,DOWNLOADED_VERIFIED,911,5a1de843dc3f098e86ca3c0979b38591d57d18664a1079588e61def93224fa06,C:\Users\vntfadmin\OneDrive - THG\Documents\Build Signal Bot\core4_portfolio_allocator\data\binance_usdm\fundingRate\ETHUSDT\ETHUSDT-fundingRate-2020-02.zip
fundingRate,ETHUSDT,2020-03,DOWNLOADED_VERIFIED,785,0b9edb31ec6aedad0248d54e89b7ea5ff3cc4ab719519751db3de334caf54303,C:\Users\vntfadmin\OneDrive - THG\Documents\Build Signal Bot\core4_portfolio_allocator\data\binance_usdm\fundingRate\ETHUSDT\ETHUSDT-fundingRate-2020-03.zip
fundingRate,ETHUSDT,2020-04,DOWNLOADED_VERIFIED,698,ce2208113358208182eaae41971fb5762e1794a04b4a606368416d08eea2d41b,C:\Users\vntfadmin\OneDrive - THG\Documents\Build Signal Bot\core4_portfolio_allocator\data\binance_usdm\fundingRate\ETHUSDT\ETHUSDT-fundingRate-2020-04.zip
fundingRate,ETHUSDT,2020-05,DOWNLOADED_VERIFIED,769,77f5790ae26f95caee52b58317ee65d13b0eeb61f73d83482fd5d3aa153ab300,C:\Users\vntfadmin\OneDrive - THG\Documents\Build Signal Bot\core4_portfolio_allocator\data\binance_usdm\fundingRate\ETHUSDT\ETHUSDT-fundingRate-2020-05.zip
fundingRate,ETHUSDT,2020-06,DOWNLOADED_VERIFIED,700,2e6af078edbe3e0df30d12d0d381652949572ce514222a257efe1f4eb145dae0,C:\Users\vntfadmin\OneDrive - THG\Documents\Build Signal Bot\core4_portfolio_allocator\data\binance_usdm\fundingRate\ETHUSDT\ETHUSDT-fundingRate-2020-06.zip
fundingRate,ETHUSDT,2020-07,DOWNLOADED_VERIFIED,774,1983ad90e1d1f98eefd2c23b9eb209d26e4e2efba2f4e8b5e662e8a7d563bc56,C:\Users\vntfadmin\OneDrive - THG\Documents\Build Signal Bot\core4_portfolio_allocator\data\binance_usdm\fundingRate\ETHUSDT\ETHUSDT-fundingRate-2020-07.zip
fundingRate,ETHUSDT,2020-08,DOWNLOADED_VERIFIED,918,d4e766270a078741387ba564103d285ad9a2c05c7e6df9ad0b03619248bb041f,C:\Users\vntfadmin\OneDrive - THG\Documents\Build Signal Bot\core4_portfolio_allocator\data\binance_usdm\fundingRate\ETHUSDT\ETHUSDT-fundingRate-2020-08.zip
fundingRate,ETHUSDT,2020-09,DOWNLOADED_VERIFIED,807,cdee5c299c22dda85a5d5449e19250f7bc66c0d52759f9de0a49cc233520510d,C:\Users\vntfadmin\OneDrive - THG\Documents\Build Signal Bot\core4_portfolio_allocator\data\binance_usdm\fundingRate\ETHUSDT\ETHUSDT-fundingRate-2020-09.zip
fundingRate,ETHUSDT,2020-10,DOWNLOADED_VERIFIED,852,47749a38b41b185d786af96bf41c796edf8ea517cf76d6d61402974c629e0239,C:\Users\vntfadmin\OneDrive - THG\Documents\Build Signal Bot\core4_portfolio_allocator\data\binance_usdm\fundingRate\ETHUSDT\ETHUSDT-fundingRate-2020-10.zip
fundingRate,ETHUSDT,2020-11,DOWNLOADED_VERIFIED,889,9b02376eaa04be4ec2e201b492ef2a3c34dc61542492c715b5cea5dec5f01d36,C:\Users\vntfadmin\OneDrive - THG\Documents\Build Signal Bot\core4_portfolio_allocator\data\binance_usdm\fundingRate\ETHUSDT\ETHUSDT-fundingRate-2020-11.zip
fundingRate,ETHUSDT,2020-12,DOWNLOADED_VERIFIED,901,f99267a3fef35dd201e76c8338be877fb52883376b4cd0acb890a1387de0b0d4,C:\Users\vntfadmin\OneDrive - THG\Documents\Build Signal Bot\core4_portfolio_allocator\data\binance_usdm\fundingRate\ETHUSDT\ETHUSDT-fundingRate-2020-12.zip
fundingRate,ETHUSDT,2021-01,DOWNLOADED_VERIFIED,1017,4c18c1df8904dea9770aeba5326d26b3fa9a3ffac4891f5f7125d4be2da847c0,C:\Users\vntfadmin\OneDrive - THG\Documents\Build Signal Bot\core4_portfolio_allocator\data\binance_usdm\fundingRate\ETHUSDT\ETHUSDT-fundingRate-2021-01.zip
fundingRate,ETHUSDT,2021-02,DOWNLOADED_VERIFIED,950,15e9a939f253a11fc1af2858bb3844f3d39019ccf7efa66a9456f0f60afba3dd,C:\Users\vntfadmin\OneDrive - THG\Documents\Build Signal Bot\core4_portfolio_allocator\data\binance_usdm\fundingRate\ETHUSDT\ETHUSDT-fundingRate-2021-02.zip
fundingRate,ETHUSDT,2021-03,DOWNLOADED_VERIFIED,997,2bcaadc8206cb8d76a26f0f3cbf97020b747545b0e75c3dd8a3b195b435478a5,C:\Users\vntfadmin\OneDrive - THG\Documents\Build Signal Bot\core4_portfolio_allocator\data\binance_usdm\fundingRate\ETHUSDT\ETHUSDT-fundingRate-2021-03.zip
fundingRate,ETHUSDT,2021-04,DOWNLOADED_VERIFIED,954,2fee34e8b9b6e828d01bab0df1c67104f7a98f3c063668c8db627b802ffa5a95,C:\Users\vntfadmin\OneDrive - THG\Documents\Build Signal Bot\core4_portfolio_allocator\data\binance_usdm\fundingRate\ETHUSDT\ETHUSDT-fundingRate-2021-04.zip
fundingRate,ETHUSDT,2021-05,DOWNLOADED_VERIFIED,913,21809ef6691a1441bd55ba4af4494a038d1a399ae0ae432e80cb41b47d71f3bd,C:\Users\vntfadmin\OneDrive - THG\Documents\Build Signal Bot\core4_portfolio_allocator\data\binance_usdm\fundingRate\ETHUSDT\ETHUSDT-fundingRate-2021-05.zip
fundingRate,ETHUSDT,2021-06,DOWNLOADED_VERIFIED,827,8e58ccf8f52c69c55754492daafadab92d4ca8c8bd027f4532582d06e9f36063,C:\Users\vntfadmin\OneDrive - THG\Documents\Build Signal Bot\core4_portfolio_allocator\data\binance_usdm\fundingRate\ETHUSDT\ETHUSDT-fundingRate-2021-06.zip
fundingRate,ETHUSDT,2021-07,DOWNLOADED_VERIFIED,892,f8f538bedf642052e428cd25f3134784de6e62a136e76f6a07ea6e79dfc9c39d,C:\Users\vntfadmin\OneDrive - THG\Documents\Build Signal Bot\core4_portfolio_allocator\data\binance_usdm\fundingRate\ETHUSDT\ETHUSDT-fundingRate-2021-07.zip
fundingRate,ETHUSDT,2021-08,DOWNLOADED_VERIFIED,857,0120b284bde23d077e1e26e5e4b56fd3e2d1d82a3a7fe0e9de26825b9fc9c0db,C:\Users\vntfadmin\OneDrive - THG\Documents\Build Signal Bot\core4_portfolio_allocator\data\binance_usdm\fundingRate\ETHUSDT\ETHUSDT-fundingRate-2021-08.zip
fundingRate,ETHUSDT,2021-09,DOWNLOADED_VERIFIED,826,4b4a94cdafbb8fea7762c266aa79b183700b7c9dcf7e981f7fdbe9372f2eec66,C:\Users\vntfadmin\OneDrive - THG\Documents\Build Signal Bot\core4_portfolio_allocator\data\binance_usdm\fundingRate\ETHUSDT\ETHUSDT-fundingRate-2021-09.zip
fundingRate,ETHUSDT,2021-10,DOWNLOADED_VERIFIED,935,4dfb8698f6951b2c66229e1c687977eae0778bb703d6268232da2ceb3e9b5e6d,C:\Users\vntfadmin\OneDrive - THG\Documents\Build Signal Bot\core4_portfolio_allocator\data\binance_usdm\fundingRate\ETHUSDT\ETHUSDT-fundingRate-2021-10.zip
fundingRate,ETHUSDT,2021-11,DOWNLOADED_VERIFIED,838,d9a7e22a237717f23d4b0505f14613359b7ea7831b23a78653a891cbbe3d521c,C:\Users\vntfadmin\OneDrive - THG\Documents\Build Signal Bot\core4_portfolio_allocator\data\binance_usdm\fundingRate\ETHUSDT\ETHUSDT-fundingRate-2021-11.zip
fundingRate,ETHUSDT,2021-12,DOWNLOADED_VERIFIED,806,788d5c57e7cbc8e6b94ed4d7672618a85311edf1d7f0888083410d0d3389d811,C:\Users\vntfadmin\OneDrive - THG\Documents\Build Signal Bot\core4_portfolio_allocator\data\binance_usdm\fundingRate\ETHUSDT\ETHUSDT-fundingRate-2021-12.zip
fundingRate,ETHUSDT,2022-01,DOWNLOADED_VERIFIED,950,9f5bd01450b05a8c5e48cdc99fa147e85c82ecf7ee7919fa543a4e6039a2b98d,C:\Users\vntfadmin\OneDrive - THG\Documents\Build Signal Bot\core4_portfolio_allocator\data\binance_usdm\fundingRate\ETHUSDT\ETHUSDT-fundingRate-2022-01.zip
fundingRate,ETHUSDT,2022-02,DOWNLOADED_VERIFIED,898,9c35e30327ac8915cc1333415b7d5018425781c81918e349d26b734525fcdfe5,C:\Users\vntfadmin\OneDrive - THG\Documents\Build Signal Bot\core4_portfolio_allocator\data\binance_usdm\fundingRate\ETHUSDT\ETHUSDT-fundingRate-2022-02.zip
fundingRate,ETHUSDT,2022-03,DOWNLOADED_VERIFIED,866,3de0714a2b2582029b32147815298b6e67e972e776ca3f68a4208823b4109404,C:\Users\vntfadmin\OneDrive - THG\Documents\Build Signal Bot\core4_portfolio_allocator\data\binance_usdm\fundingRate\ETHUSDT\ETHUSDT-fundingRate-2022-03.zip
fundingRate,ETHUSDT,2022-04,DOWNLOADED_VERIFIED,941,7c306ac8b6275a857b064916080e0b6ec502b25a4501c84c3fd2c0b077425de3,C:\Users\vntfadmin\OneDrive - THG\Documents\Build Signal Bot\core4_portfolio_allocator\data\binance_usdm\fundingRate\ETHUSDT\ETHUSDT-fundingRate-2022-04.zip
fundingRate,ETHUSDT,2022-05,DOWNLOADED_VERIFIED,972,c458330243c9d8e048ffc7168c9e3c077c01bb82b1644097a4893fee34069b78,C:\Users\vntfadmin\OneDrive - THG\Documents\Build Signal Bot\core4_portfolio_allocator\data\binance_usdm\fundingRate\ETHUSDT\ETHUSDT-fundingRate-2022-05.zip
fundingRate,ETHUSDT,2022-06,DOWNLOADED_VERIFIED,980,f6f3a69b656b91500b41501a230e663ccc3c1a65f46273595b00682d8f6fabb1,C:\Users\vntfadmin\OneDrive - THG\Documents\Build Signal Bot\core4_portfolio_allocator\data\binance_usdm\fundingRate\ETHUSDT\ETHUSDT-fundingRate-2022-06.zip
fundingRate,ETHUSDT,2022-07,DOWNLOADED_VERIFIED,953,17826e5591af8660a7fed74d60e24eee77c822cf0d901dd8af355a10a36699aa,C:\Users\vntfadmin\OneDrive - THG\Documents\Build Signal Bot\core4_portfolio_allocator\data\binance_usdm\fundingRate\ETHUSDT\ETHUSDT-fundingRate-2022-07.zip
fundingRate,ETHUSDT,2022-08,DOWNLOADED_VERIFIED,1000,a2680549de5e087566f4d323b3a812c2b9863528c6bc49b0e551cb42c381bb4d,C:\Users\vntfadmin\OneDrive - THG\Documents\Build Signal Bot\core4_portfolio_allocator\data\binance_usdm\fundingRate\ETHUSDT\ETHUSDT-fundingRate-2022-08.zip
fundingRate,ETHUSDT,2022-09,DOWNLOADED_VERIFIED,1016,816e4de946d9f854cc457c86ca396b9cb49b46e80cf44941b59b9ad2124f2ef8,C:\Users\vntfadmin\OneDrive - THG\Documents\Build Signal Bot\core4_portfolio_allocator\data\binance_usdm\fundingRate\ETHUSDT\ETHUSDT-fundingRate-2022-09.zip
fundingRate,ETHUSDT,2022-10,DOWNLOADED_VERIFIED,1004,e434c29eb544cc57ff574e38685535bb7d04703aee54bc5d52f53cea372810e6,C:\Users\vntfadmin\OneDrive - THG\Documents\Build Signal Bot\core4_portfolio_allocator\data\binance_usdm\fundingRate\ETHUSDT\ETHUSDT-fundingRate-2022-10.zip
fundingRate,ETHUSDT,2022-11,DOWNLOADED_VERIFIED,987,4f4e52f176f69e99353959d287874a4d4a135b5bb4ea85514dd5a3e65958b2d7,C:\Users\vntfadmin\OneDrive - THG\Documents\Build Signal Bot\core4_portfolio_allocator\data\binance_usdm\fundingRate\ETHUSDT\ETHUSDT-fundingRate-2022-11.zip
fundingRate,ETHUSDT,2022-12,DOWNLOADED_VERIFIED,964,8cd0e885d63b85ee602d80eaae956f9ee3e0e25db264eb5c74026a9ae0d71f4e,C:\Users\vntfadmin\OneDrive - THG\Documents\Build Signal Bot\core4_portfolio_allocator\data\binance_usdm\fundingRate\ETHUSDT\ETHUSDT-fundingRate-2022-12.zip
fundingRate,ETHUSDT,2023-01,DOWNLOADED_VERIFIED,819,5647d5978092d220eb14e11c7854d86815d0eb6204197e37b4808cc599e986f3,C:\Users\vntfadmin\OneDrive - THG\Documents\Build Signal Bot\core4_portfolio_allocator\data\binance_usdm\fundingRate\ETHUSDT\ETHUSDT-fundingRate-2023-01.zip
fundingRate,ETHUSDT,2023-02,DOWNLOADED_VERIFIED,821,7da37820c15fb08600ae668551d0b724326b8f71d761582990721059280a221b,C:\Users\vntfadmin\OneDrive - THG\Documents\Build Signal Bot\core4_portfolio_allocator\data\binance_usdm\fundingRate\ETHUSDT\ETHUSDT-fundingRate-2023-02.zip
fundingRate,ETHUSDT,2023-03,DOWNLOADED_VERIFIED,963,5110b60cbbc5f26048ce02575c26444ea2ed497baed9a5609e118359e1ca3b51,C:\Users\vntfadmin\OneDrive - THG\Documents\Build Signal Bot\core4_portfolio_allocator\data\binance_usdm\fundingRate\ETHUSDT\ETHUSDT-fundingRate-2023-03.zip
fundingRate,ETHUSDT,2023-04,DOWNLOADED_VERIFIED,945,fa3a3cf7c3b8285687ae8c8014eed8bc58ad3ceb33ccb62ff4298048213c0e6c,C:\Users\vntfadmin\OneDrive - THG\Documents\Build Signal Bot\core4_portfolio_allocator\data\binance_usdm\fundingRate\ETHUSDT\ETHUSDT-fundingRate-2023-04.zip
fundingRate,ETHUSDT,2023-05,DOWNLOADED_VERIFIED,990,bf890ea68d979942ed296b058390eb98b0b495547fee2117d3b76d5e7f629b24,C:\Users\vntfadmin\OneDrive - THG\Documents\Build Signal Bot\core4_portfolio_allocator\data\binance_usdm\fundingRate\ETHUSDT\ETHUSDT-fundingRate-2023-05.zip
fundingRate,ETHUSDT,2023-06,DOWNLOADED_VERIFIED,888,b3ddac1309f9a684f4e811776a6c09fb2239bb8d1ae0ff4bd342a1c32a5e171f,C:\Users\vntfadmin\OneDrive - THG\Documents\Build Signal Bot\core4_portfolio_allocator\data\binance_usdm\fundingRate\ETHUSDT\ETHUSDT-fundingRate-2023-06.zip
fundingRate,ETHUSDT,2023-07,DOWNLOADED_VERIFIED,861,82577976d8acd886fda84179ee38c9e7ef445732c3b6a062d6ffd2a9e3cc30bf,C:\Users\vntfadmin\OneDrive - THG\Documents\Build Signal Bot\core4_portfolio_allocator\data\binance_usdm\fundingRate\ETHUSDT\ETHUSDT-fundingRate-2023-07.zip
fundingRate,ETHUSDT,2023-08,DOWNLOADED_VERIFIED,897,cf749429c366cef3302a804b3e702937e5f1a77aeddc5b628dca7da547a8935a,C:\Users\vntfadmin\OneDrive - THG\Documents\Build Signal Bot\core4_portfolio_allocator\data\binance_usdm\fundingRate\ETHUSDT\ETHUSDT-fundingRate-2023-08.zip
fundingRate,ETHUSDT,2023-09,DOWNLOADED_VERIFIED,902,41ac7eb67a46d14d97daec4c37e8229df5ac6b165639ad4b2c54bc7374930341,C:\Users\vntfadmin\OneDrive - THG\Documents\Build Signal Bot\core4_portfolio_allocator\data\binance_usdm\fundingRate\ETHUSDT\ETHUSDT-fundingRate-2023-09.zip
fundingRate,ETHUSDT,2023-10,DOWNLOADED_VERIFIED,849,ccaf4474f0dc94adedd4330c14995f338186caa2cc9fd0d2e2c55f74cf263a5c,C:\Users\vntfadmin\OneDrive - THG\Documents\Build Signal Bot\core4_portfolio_allocator\data\binance_usdm\fundingRate\ETHUSDT\ETHUSDT-fundingRate-2023-10.zip
fundingRate,ETHUSDT,2023-11,DOWNLOADED_VERIFIED,699,153ec1450eb5d999ce253e2c7ca2e81b79a523ff52dd18b14faefab8212b999b,C:\Users\vntfadmin\OneDrive - THG\Documents\Build Signal Bot\core4_portfolio_allocator\data\binance_usdm\fundingRate\ETHUSDT\ETHUSDT-fundingRate-2023-11.zip
fundingRate,ETHUSDT,2023-12,DOWNLOADED_VERIFIED,801,91bdf41566cebb86c6f0e3646b0037de9c22e14ee2f592c5722c7e4a19c91119,C:\Users\vntfadmin\OneDrive - THG\Documents\Build Signal Bot\core4_portfolio_allocator\data\binance_usdm\fundingRate\ETHUSDT\ETHUSDT-fundingRate-2023-12.zip
fundingRate,ETHUSDT,2024-01,DOWNLOADED_VERIFIED,685,5a71469b0b363886df904e784dddefc484dd943334b1fb7454713ce4ed715a4b,C:\Users\vntfadmin\OneDrive - THG\Documents\Build Signal Bot\core4_portfolio_allocator\data\binance_usdm\fundingRate\ETHUSDT\ETHUSDT-fundingRate-2024-01.zip
fundingRate,ETHUSDT,2024-02,DOWNLOADED_VERIFIED,770,915fad950c48935f3875d88992b8d78290bc8a6fada44408e3ed14aef9a56670,C:\Users\vntfadmin\OneDrive - THG\Documents\Build Signal Bot\core4_portfolio_allocator\data\binance_usdm\fundingRate\ETHUSDT\ETHUSDT-fundingRate-2024-02.zip
fundingRate,ETHUSDT,2024-03,DOWNLOADED_VERIFIED,941,e9c1d0f3e7e3b493277c7f826afb223482d56bdc7611144d398ac10e47307907,C:\Users\vntfadmin\OneDrive - THG\Documents\Build Signal Bot\core4_portfolio_allocator\data\binance_usdm\fundingRate\ETHUSDT\ETHUSDT-fundingRate-2024-03.zip
fundingRate,ETHUSDT,2024-04,DOWNLOADED_VERIFIED,834,b54c9f05af116ccd921b32b25960ae26954c4983992d44f2390bf1de08b2c724,C:\Users\vntfadmin\OneDrive - THG\Documents\Build Signal Bot\core4_portfolio_allocator\data\binance_usdm\fundingRate\ETHUSDT\ETHUSDT-fundingRate-2024-04.zip
fundingRate,ETHUSDT,2024-05,DOWNLOADED_VERIFIED,836,8350ab4d61b12ec61539611e30809039f54814213bc4c937609360b1ff28b5e0,C:\Users\vntfadmin\OneDrive - THG\Documents\Build Signal Bot\core4_portfolio_allocator\data\binance_usdm\fundingRate\ETHUSDT\ETHUSDT-fundingRate-2024-05.zip
fundingRate,ETHUSDT,2024-06,DOWNLOADED_VERIFIED,758,def13f4a478c28b0111fb24c57f95fcee80e71982ed74f12e465d20d328e2275,C:\Users\vntfadmin\OneDrive - THG\Documents\Build Signal Bot\core4_portfolio_allocator\data\binance_usdm\fundingRate\ETHUSDT\ETHUSDT-fundingRate-2024-06.zip
fundingRate,ETHUSDT,2024-07,DOWNLOADED_VERIFIED,831,9d236281ab6430250ad2b472cbbf03812a40aed42e73c8339fc6be55a2417a82,C:\Users\vntfadmin\OneDrive - THG\Documents\Build Signal Bot\core4_portfolio_allocator\data\binance_usdm\fundingRate\ETHUSDT\ETHUSDT-fundingRate-2024-07.zip
fundingRate,ETHUSDT,2024-08,DOWNLOADED_VERIFIED,944,e17684bc761924eb5e1912c52cfa997eddeb99da303e68e28f6f37369f672b9d,C:\Users\vntfadmin\OneDrive - THG\Documents\Build Signal Bot\core4_portfolio_allocator\data\binance_usdm\fundingRate\ETHUSDT\ETHUSDT-fundingRate-2024-08.zip
fundingRate,ETHUSDT,2024-09,DOWNLOADED_VERIFIED,908,ffb6e7441053137cb7ca81cc83bcdd996612f7dbb15aa2e168a7ee521f8cbbca,C:\Users\vntfadmin\OneDrive - THG\Documents\Build Signal Bot\core4_portfolio_allocator\data\binance_usdm\fundingRate\ETHUSDT\ETHUSDT-fundingRate-2024-09.zip
fundingRate,ETHUSDT,2024-10,DOWNLOADED_VERIFIED,748,2124978c335473a5d9c0f0e9f238193d56c21ac7e250e065a36e9d1201beb049,C:\Users\vntfadmin\OneDrive - THG\Documents\Build Signal Bot\core4_portfolio_allocator\data\binance_usdm\fundingRate\ETHUSDT\ETHUSDT-fundingRate-2024-10.zip
fundingRate,ETHUSDT,2024-11,DOWNLOADED_VERIFIED,809,636a4c7c86445c2774b4eae8598c480fcbc57de7dde5d40f6937c7fac510797c,C:\Users\vntfadmin\OneDrive - THG\Documents\Build Signal Bot\core4_portfolio_allocator\data\binance_usdm\fundingRate\ETHUSDT\ETHUSDT-fundingRate-2024-11.zip
fundingRate,ETHUSDT,2024-12,DOWNLOADED_VERIFIED,837,11a0847e8aacb32eeb725611fda4fe6a8419c03eb0c16e14dfc3b9287e78ecc9,C:\Users\vntfadmin\OneDrive - THG\Documents\Build Signal Bot\core4_portfolio_allocator\data\binance_usdm\fundingRate\ETHUSDT\ETHUSDT-fundingRate-2024-12.zip
fundingRate,ETHUSDT,2025-01,DOWNLOADED_VERIFIED,768,88c95b99d2784a7baac529fe578563d7e05038a1b8a498b2f59bf81b216fee20,C:\Users\vntfadmin\OneDrive - THG\Documents\Build Signal Bot\core4_portfolio_allocator\data\binance_usdm\fundingRate\ETHUSDT\ETHUSDT-fundingRate-2025-01.zip
fundingRate,ETHUSDT,2025-02,DOWNLOADED_VERIFIED,868,9e116dd6754484a19ecc41ced40b8dfa7f62c33d41cdc3317336b1e1f043767f,C:\Users\vntfadmin\OneDrive - THG\Documents\Build Signal Bot\core4_portfolio_allocator\data\binance_usdm\fundingRate\ETHUSDT\ETHUSDT-fundingRate-2025-02.zip
fundingRate,ETHUSDT,2025-03,DOWNLOADED_VERIFIED,934,62464a8bfb7ba515628acb76d3e2172d33b88805faa2e701a22537c51a17d139,C:\Users\vntfadmin\OneDrive - THG\Documents\Build Signal Bot\core4_portfolio_allocator\data\binance_usdm\fundingRate\ETHUSDT\ETHUSDT-fundingRate-2025-03.zip
fundingRate,ETHUSDT,2025-04,DOWNLOADED_VERIFIED,940,7db62cb5e9f32397dacabb3d571b96397024bda3810bde0799c90f61cb773679,C:\Users\vntfadmin\OneDrive - THG\Documents\Build Signal Bot\core4_portfolio_allocator\data\binance_usdm\fundingRate\ETHUSDT\ETHUSDT-fundingRate-2025-04.zip
fundingRate,ETHUSDT,2025-05,DOWNLOADED_VERIFIED,919,996aff38f046b50510301532ac5cbdca115afca971c49cb548f50e5d70e18d99,C:\Users\vntfadmin\OneDrive - THG\Documents\Build Signal Bot\core4_portfolio_allocator\data\binance_usdm\fundingRate\ETHUSDT\ETHUSDT-fundingRate-2025-05.zip
fundingRate,ETHUSDT,2025-06,DOWNLOADED_VERIFIED,928,ae7ca242249ca3df06d1222a0c264fe83b18c4b2c19fe656e864f7d081d5e198,C:\Users\vntfadmin\OneDrive - THG\Documents\Build Signal Bot\core4_portfolio_allocator\data\binance_usdm\fundingRate\ETHUSDT\ETHUSDT-fundingRate-2025-06.zip
fundingRate,ETHUSDT,2025-07,DOWNLOADED_VERIFIED,854,5f2d840c5669ca946529c33f6df32433c5d0cd973eb4adfd40459270c460e7f8,C:\Users\vntfadmin\OneDrive - THG\Documents\Build Signal Bot\core4_portfolio_allocator\data\binance_usdm\fundingRate\ETHUSDT\ETHUSDT-fundingRate-2025-07.zip
fundingRate,ETHUSDT,2025-08,DOWNLOADED_VERIFIED,922,c3fca21c71afb4962e89f8e3d84afe5832019ed8f570ee7c7c299f2436a28b62,C:\Users\vntfadmin\OneDrive - THG\Documents\Build Signal Bot\core4_portfolio_allocator\data\binance_usdm\fundingRate\ETHUSDT\ETHUSDT-fundingRate-2025-08.zip
fundingRate,ETHUSDT,2025-09,DOWNLOADED_VERIFIED,934,2fa09df245aadc73cf43f837a72c3009fcd7d10c8c4e3db48b2d1021c331841a,C:\Users\vntfadmin\OneDrive - THG\Documents\Build Signal Bot\core4_portfolio_allocator\data\binance_usdm\fundingRate\ETHUSDT\ETHUSDT-fundingRate-2025-09.zip
fundingRate,ETHUSDT,2025-10,DOWNLOADED_VERIFIED,953,1ae86c5fb1f15d8792906b746cc7598ebe7e6e7194b74501db79c874e37d7e14,C:\Users\vntfadmin\OneDrive - THG\Documents\Build Signal Bot\core4_portfolio_allocator\data\binance_usdm\fundingRate\ETHUSDT\ETHUSDT-fundingRate-2025-10.zip
fundingRate,ETHUSDT,2025-11,DOWNLOADED_VERIFIED,956,a3a8abb219373ec1e02e8d1a47015665d180d6130cfe1df71d2fa8fc9de59e59,C:\Users\vntfadmin\OneDrive - THG\Documents\Build Signal Bot\core4_portfolio_allocator\data\binance_usdm\fundingRate\ETHUSDT\ETHUSDT-fundingRate-2025-11.zip
fundingRate,ETHUSDT,2025-12,DOWNLOADED_VERIFIED,985,ef9e84f53a5fa07702958c8700077c8be0a90ec8b3e25110f5611109c3c0090c,C:\Users\vntfadmin\OneDrive - THG\Documents\Build Signal Bot\core4_portfolio_allocator\data\binance_usdm\fundingRate\ETHUSDT\ETHUSDT-fundingRate-2025-12.zip
fundingRate,ETHUSDT,2026-01,DOWNLOADED_VERIFIED,979,830cf7797ea6ecdc554ac2d9047a141df1a6a544f4ea58e7028227930462b139,C:\Users\vntfadmin\OneDrive - THG\Documents\Build Signal Bot\core4_portfolio_allocator\data\binance_usdm\fundingRate\ETHUSDT\ETHUSDT-fundingRate-2026-01.zip
fundingRate,ETHUSDT,2026-02,DOWNLOADED_VERIFIED,939,e445f00c81a7fa8361d99b3660f24b4f58e5d952fe301d70bbc72c319bc01a77,C:\Users\vntfadmin\OneDrive - THG\Documents\Build Signal Bot\core4_portfolio_allocator\data\binance_usdm\fundingRate\ETHUSDT\ETHUSDT-fundingRate-2026-02.zip
fundingRate,ETHUSDT,2026-03,DOWNLOADED_VERIFIED,1002,9f5625846c503a1e94fcdecd2deb37dc8852e341add353fa48c2b9a0cc70df6a,C:\Users\vntfadmin\OneDrive - THG\Documents\Build Signal Bot\core4_portfolio_allocator\data\binance_usdm\fundingRate\ETHUSDT\ETHUSDT-fundingRate-2026-03.zip
fundingRate,ETHUSDT,2026-04,DOWNLOADED_VERIFIED,963,86160f455478a8b262d96d1516f583355e6e0cec7beeb5784e69dda76f599e98,C:\Users\vntfadmin\OneDrive - THG\Documents\Build Signal Bot\core4_portfolio_allocator\data\binance_usdm\fundingRate\ETHUSDT\ETHUSDT-fundingRate-2026-04.zip
fundingRate,ETHUSDT,2026-05,DOWNLOADED_VERIFIED,980,ff926ad3fc48493c26c85af16620b19c695cc1854faa1e7f0ea2ab9fdafc2084,C:\Users\vntfadmin\OneDrive - THG\Documents\Build Signal Bot\core4_portfolio_allocator\data\binance_usdm\fundingRate\ETHUSDT\ETHUSDT-fundingRate-2026-05.zip
fundingRate,ETHUSDT,2026-06,DOWNLOADED_VERIFIED,967,cc6fb028a811bc423b711f6b89de067bf92a2eda61303e1ce0b219b5d3210e47,C:\Users\vntfadmin\OneDrive - THG\Documents\Build Signal Bot\core4_portfolio_allocator\data\binance_usdm\fundingRate\ETHUSDT\ETHUSDT-fundingRate-2026-06.zip
fundingRate,ETHUSDT,2026-07,DOWNLOADED_VERIFIED,941,ece7f6c64d0e45fbd64929dec40bae525fe365381046e367de5ca0827bc623d3,C:\Users\vntfadmin\OneDrive - THG\Documents\Build Signal Bot\core4_portfolio_allocator\data\binance_usdm\fundingRate\ETHUSDT\ETHUSDT-fundingRate-2026-07.zip
fundingRate,ETHUSDT,2026-08,DOWNLOADED_VERIFIED,925,8b843307038b3aedf725b1342003cce39f9526451ed92f407ca80bc637487839,C:\Users\vntfadmin\OneDrive - THG\Documents\Build Signal Bot\core4_portfolio_allocator\data\binance_usdm\fundingRate\ETHUSDT\ETHUSDT-fundingRate-2026-08.zip
fundingRate,SOLUSDT,2020-09,DOWNLOADED_VERIFIED,554,14fcf2b6183131263ea740f60641948076853ab273b030463934f6a81e01797b,C:\Users\vntfadmin\OneDrive - THG\Documents\Build Signal Bot\core4_portfolio_allocator\data\binance_usdm\fundingRate\SOLUSDT\SOLUSDT-fundingRate-2020-09.zip
fundingRate,SOLUSDT,2020-10,DOWNLOADED_VERIFIED,767,a7712335a1ad285ef1a2a4a25309fb44c5562819f666ffd60e16b2112ca5ee2a,C:\Users\vntfadmin\OneDrive - THG\Documents\Build Signal Bot\core4_portfolio_allocator\data\binance_usdm\fundingRate\SOLUSDT\SOLUSDT-fundingRate-2020-10.zip
fundingRate,SOLUSDT,2020-11,DOWNLOADED_VERIFIED,865,f359a0f2355b4c9d4523ac28d4b006e5ff3c1c192baeba471bbaa3cb8928db40,C:\Users\vntfadmin\OneDrive - THG\Documents\Build Signal Bot\core4_portfolio_allocator\data\binance_usdm\fundingRate\SOLUSDT\SOLUSDT-fundingRate-2020-11.zip
fundingRate,SOLUSDT,2020-12,DOWNLOADED_VERIFIED,935,925301315c1928ded7c81a816c82a8b01c52712fcd4fd842ff68199950856b17,C:\Users\vntfadmin\OneDrive - THG\Documents\Build Signal Bot\core4_portfolio_allocator\data\binance_usdm\fundingRate\SOLUSDT\SOLUSDT-fundingRate-2020-12.zip
fundingRate,SOLUSDT,2021-01,DOWNLOADED_VERIFIED,965,69ceaed5037e3560bd6f31651ba0214de913af8f0c4c25712c95cbbe1308cb97,C:\Users\vntfadmin\OneDrive - THG\Documents\Build Signal Bot\core4_portfolio_allocator\data\binance_usdm\fundingRate\SOLUSDT\SOLUSDT-fundingRate-2021-01.zip
fundingRate,SOLUSDT,2021-02,DOWNLOADED_VERIFIED,931,88363d90b2bb922736556118610a8b1ddadc679b474950b69b07eb3ca9eb0253,C:\Users\vntfadmin\OneDrive - THG\Documents\Build Signal Bot\core4_portfolio_allocator\data\binance_usdm\fundingRate\SOLUSDT\SOLUSDT-fundingRate-2021-02.zip
fundingRate,SOLUSDT,2021-03,DOWNLOADED_VERIFIED,987,256b24b3655ef98daa5080a509c0674fc11e7c83774869b0ae2a794cbbf2a05a,C:\Users\vntfadmin\OneDrive - THG\Documents\Build Signal Bot\core4_portfolio_allocator\data\binance_usdm\fundingRate\SOLUSDT\SOLUSDT-fundingRate-2021-03.zip
fundingRate,SOLUSDT,2021-04,DOWNLOADED_VERIFIED,960,3a7fa828be00e3e352cef39ca5856c0d86077724f8d1ce576be79f302c21dd71,C:\Users\vntfadmin\OneDrive - THG\Documents\Build Signal Bot\core4_portfolio_allocator\data\binance_usdm\fundingRate\SOLUSDT\SOLUSDT-fundingRate-2021-04.zip
fundingRate,SOLUSDT,2021-05,DOWNLOADED_VERIFIED,916,f9a657f15d4753cb73bf8ffd0d62405d480044162c19e1f7437608e2c1bb6694,C:\Users\vntfadmin\OneDrive - THG\Documents\Build Signal Bot\core4_portfolio_allocator\data\binance_usdm\fundingRate\SOLUSDT\SOLUSDT-fundingRate-2021-05.zip
fundingRate,SOLUSDT,2021-06,DOWNLOADED_VERIFIED,825,5d97dc076126d6df30eb68185be0613a08391b18d6046da006c790b3674b0d40,C:\Users\vntfadmin\OneDrive - THG\Documents\Build Signal Bot\core4_portfolio_allocator\data\binance_usdm\fundingRate\SOLUSDT\SOLUSDT-fundingRate-2021-06.zip
fundingRate,SOLUSDT,2021-07,DOWNLOADED_VERIFIED,761,d5cc6efda2474a0ea47626b8ec17b40f8b2cc21aa1338e55796f402c9173e125,C:\Users\vntfadmin\OneDrive - THG\Documents\Build Signal Bot\core4_portfolio_allocator\data\binance_usdm\fundingRate\SOLUSDT\SOLUSDT-fundingRate-2021-07.zip
fundingRate,SOLUSDT,2021-08,DOWNLOADED_VERIFIED,885,36028dd0bcfa30c6be842f0ee066ffa1ae3d93082cf4aafd302d1c0a3a386ecd,C:\Users\vntfadmin\OneDrive - THG\Documents\Build Signal Bot\core4_portfolio_allocator\data\binance_usdm\fundingRate\SOLUSDT\SOLUSDT-fundingRate-2021-08.zip
fundingRate,SOLUSDT,2021-09,DOWNLOADED_VERIFIED,848,2b1bbc144fed66818841e7af5f5e310adf8e2cb3b1d7643e0c1b2bb30bf421e8,C:\Users\vntfadmin\OneDrive - THG\Documents\Build Signal Bot\core4_portfolio_allocator\data\binance_usdm\fundingRate\SOLUSDT\SOLUSDT-fundingRate-2021-09.zip
fundingRate,SOLUSDT,2021-10,DOWNLOADED_VERIFIED,922,0ac3fe161fe23ac8479a4a6e5fbfc38e91ae1515663d93a3fe767c351ee81187,C:\Users\vntfadmin\OneDrive - THG\Documents\Build Signal Bot\core4_portfolio_allocator\data\binance_usdm\fundingRate\SOLUSDT\SOLUSDT-fundingRate-2021-10.zip
fundingRate,SOLUSDT,2021-11,DOWNLOADED_VERIFIED,813,16996f42bf6d48a5569bfecd8af6027de2298b30dca1d95381c595893de8e2e8,C:\Users\vntfadmin\OneDrive - THG\Documents\Build Signal Bot\core4_portfolio_allocator\data\binance_usdm\fundingRate\SOLUSDT\SOLUSDT-fundingRate-2021-11.zip
fundingRate,SOLUSDT,2021-12,DOWNLOADED_VERIFIED,737,0ea2c59cde9362715dea398bd66d3325d5bdb40c39db0370977bcad0b0f67533,C:\Users\vntfadmin\OneDrive - THG\Documents\Build Signal Bot\core4_portfolio_allocator\data\binance_usdm\fundingRate\SOLUSDT\SOLUSDT-fundingRate-2021-12.zip
fundingRate,SOLUSDT,2022-01,DOWNLOADED_VERIFIED,840,f3be14b01356f33f6cbde6d12ee30311ae91fc521dc78d72a0aa39db8c295053,C:\Users\vntfadmin\OneDrive - THG\Documents\Build Signal Bot\core4_portfolio_allocator\data\binance_usdm\fundingRate\SOLUSDT\SOLUSDT-fundingRate-2022-01.zip
fundingRate,SOLUSDT,2022-02,DOWNLOADED_VERIFIED,931,d622a4a5cfb461e81d9cb13ebdd34b02e2d221c2ddb8d708dc4047d2f499fa96,C:\Users\vntfadmin\OneDrive - THG\Documents\Build Signal Bot\core4_portfolio_allocator\data\binance_usdm\fundingRate\SOLUSDT\SOLUSDT-fundingRate-2022-02.zip
fundingRate,SOLUSDT,2022-03,DOWNLOADED_VERIFIED,827,10d3d16d74340850c2148553261dfdad7ffeb0b705f014c869fa807a1e7ddc84,C:\Users\vntfadmin\OneDrive - THG\Documents\Build Signal Bot\core4_portfolio_allocator\data\binance_usdm\fundingRate\SOLUSDT\SOLUSDT-fundingRate-2022-03.zip
fundingRate,SOLUSDT,2022-04,DOWNLOADED_VERIFIED,911,f07052472753f04eb8e7fb818cf60e90e187e712f63a577741ca7ae59c63bc9e,C:\Users\vntfadmin\OneDrive - THG\Documents\Build Signal Bot\core4_portfolio_allocator\data\binance_usdm\fundingRate\SOLUSDT\SOLUSDT-fundingRate-2022-04.zip
fundingRate,SOLUSDT,2022-05,DOWNLOADED_VERIFIED,1024,ed42b50666e40e1489f01730f85e5efe919b9a94344e043369a459c66492a940,C:\Users\vntfadmin\OneDrive - THG\Documents\Build Signal Bot\core4_portfolio_allocator\data\binance_usdm\fundingRate\SOLUSDT\SOLUSDT-fundingRate-2022-05.zip
fundingRate,SOLUSDT,2022-06,DOWNLOADED_VERIFIED,995,78249fec5212753b19ce01c2fb23ffdc3deecd29bd3ab61fb7cf70ba6c395edc,C:\Users\vntfadmin\OneDrive - THG\Documents\Build Signal Bot\core4_portfolio_allocator\data\binance_usdm\fundingRate\SOLUSDT\SOLUSDT-fundingRate-2022-06.zip
fundingRate,SOLUSDT,2022-07,DOWNLOADED_VERIFIED,924,ce4c96d62e020d4b3c53bc31c248e5800a4a6eb3a6809c36509238122aa02a3a,C:\Users\vntfadmin\OneDrive - THG\Documents\Build Signal Bot\core4_portfolio_allocator\data\binance_usdm\fundingRate\SOLUSDT\SOLUSDT-fundingRate-2022-07.zip
fundingRate,SOLUSDT,2022-08,DOWNLOADED_VERIFIED,964,1604d1993d0c6a7e37e2ff81a6944d7b5c0e81475e3fe475bdbdf0deaff4d847,C:\Users\vntfadmin\OneDrive - THG\Documents\Build Signal Bot\core4_portfolio_allocator\data\binance_usdm\fundingRate\SOLUSDT\SOLUSDT-fundingRate-2022-08.zip
fundingRate,SOLUSDT,2022-09,DOWNLOADED_VERIFIED,939,673b50b2daec4a34da7d8a8095995ddbafa6f66bf8c2d499ba48f8050cf68565,C:\Users\vntfadmin\OneDrive - THG\Documents\Build Signal Bot\core4_portfolio_allocator\data\binance_usdm\fundingRate\SOLUSDT\SOLUSDT-fundingRate-2022-09.zip
fundingRate,SOLUSDT,2022-10,DOWNLOADED_VERIFIED,977,d0436ed57e674ae3c00eeff3aa46f6e65c596892b80e5b6e8183d487c6ef3168,C:\Users\vntfadmin\OneDrive - THG\Documents\Build Signal Bot\core4_portfolio_allocator\data\binance_usdm\fundingRate\SOLUSDT\SOLUSDT-fundingRate-2022-10.zip
fundingRate,SOLUSDT,2022-11,DOWNLOADED_VERIFIED,1620,73fbada102584d8e19cb9594f04471f589ff37404b0cf64c0bd7cb4ac4d4a157,C:\Users\vntfadmin\OneDrive - THG\Documents\Build Signal Bot\core4_portfolio_allocator\data\binance_usdm\fundingRate\SOLUSDT\SOLUSDT-fundingRate-2022-11.zip
fundingRate,SOLUSDT,2022-12,DOWNLOADED_VERIFIED,1015,b9b8d803d985679959d21a55d08b14db331cf961442f8446eb18d723ea154567,C:\Users\vntfadmin\OneDrive - THG\Documents\Build Signal Bot\core4_portfolio_allocator\data\binance_usdm\fundingRate\SOLUSDT\SOLUSDT-fundingRate-2022-12.zip
fundingRate,SOLUSDT,2023-01,DOWNLOADED_VERIFIED,910,12a401fc459341834a0d3c2f207d55e7aced058b62838f296028885ee2e52612,C:\Users\vntfadmin\OneDrive - THG\Documents\Build Signal Bot\core4_portfolio_allocator\data\binance_usdm\fundingRate\SOLUSDT\SOLUSDT-fundingRate-2023-01.zip
fundingRate,SOLUSDT,2023-02,DOWNLOADED_VERIFIED,859,1173c36ad296e152ed9f954ce49fd65b7ffd8a03f270906a1e816fdbb7929f57,C:\Users\vntfadmin\OneDrive - THG\Documents\Build Signal Bot\core4_portfolio_allocator\data\binance_usdm\fundingRate\SOLUSDT\SOLUSDT-fundingRate-2023-02.zip
fundingRate,SOLUSDT,2023-03,DOWNLOADED_VERIFIED,941,6a950dfbe4e75ce7e28a174d1432fed82fe08964053c618bec2be70f83ae6b61,C:\Users\vntfadmin\OneDrive - THG\Documents\Build Signal Bot\core4_portfolio_allocator\data\binance_usdm\fundingRate\SOLUSDT\SOLUSDT-fundingRate-2023-03.zip
fundingRate,SOLUSDT,2023-04,DOWNLOADED_VERIFIED,890,88d1b03da4cd68774d846d5a9b7a9ba3d165a7b03855cad84a181820a2f7b297,C:\Users\vntfadmin\OneDrive - THG\Documents\Build Signal Bot\core4_portfolio_allocator\data\binance_usdm\fundingRate\SOLUSDT\SOLUSDT-fundingRate-2023-04.zip
fundingRate,SOLUSDT,2023-05,DOWNLOADED_VERIFIED,916,b644431236540c0fa4573e96b9357077755d53440427fb2419e68272ea653137,C:\Users\vntfadmin\OneDrive - THG\Documents\Build Signal Bot\core4_portfolio_allocator\data\binance_usdm\fundingRate\SOLUSDT\SOLUSDT-fundingRate-2023-05.zip
fundingRate,SOLUSDT,2023-06,DOWNLOADED_VERIFIED,881,63de6ffcbab1fec0b83807efde188fdafb06d4ed0f947c4df86d757f894d88c9,C:\Users\vntfadmin\OneDrive - THG\Documents\Build Signal Bot\core4_portfolio_allocator\data\binance_usdm\fundingRate\SOLUSDT\SOLUSDT-fundingRate-2023-06.zip
fundingRate,SOLUSDT,2023-07,DOWNLOADED_VERIFIED,818,7323f1cf79a8dfeb78dd7bd8cd2940a7db00ee023739430435b1cc25cecadcae,C:\Users\vntfadmin\OneDrive - THG\Documents\Build Signal Bot\core4_portfolio_allocator\data\binance_usdm\fundingRate\SOLUSDT\SOLUSDT-fundingRate-2023-07.zip
fundingRate,SOLUSDT,2023-08,DOWNLOADED_VERIFIED,897,87ce0395cf9d1fa9ea4849b4811d366c1867d4159f3c1a2b4a3e0656972be2a0,C:\Users\vntfadmin\OneDrive - THG\Documents\Build Signal Bot\core4_portfolio_allocator\data\binance_usdm\fundingRate\SOLUSDT\SOLUSDT-fundingRate-2023-08.zip
fundingRate,SOLUSDT,2023-09,DOWNLOADED_VERIFIED,927,7a8c1135aa165e9399a274acf1f330bbf6bae594266582fc1cfc91b950f73e75,C:\Users\vntfadmin\OneDrive - THG\Documents\Build Signal Bot\core4_portfolio_allocator\data\binance_usdm\fundingRate\SOLUSDT\SOLUSDT-fundingRate-2023-09.zip
fundingRate,SOLUSDT,2023-10,DOWNLOADED_VERIFIED,902,a56852237de6b69483565853858901ce7e4c611d3950d485a064bf90069958ba,C:\Users\vntfadmin\OneDrive - THG\Documents\Build Signal Bot\core4_portfolio_allocator\data\binance_usdm\fundingRate\SOLUSDT\SOLUSDT-fundingRate-2023-10.zip
fundingRate,SOLUSDT,2023-11,DOWNLOADED_VERIFIED,735,1cbd9c6b802cdf035ba408c03e82aab678c2a994c2c6860386a4226ba104e252,C:\Users\vntfadmin\OneDrive - THG\Documents\Build Signal Bot\core4_portfolio_allocator\data\binance_usdm\fundingRate\SOLUSDT\SOLUSDT-fundingRate-2023-11.zip
fundingRate,SOLUSDT,2023-12,DOWNLOADED_VERIFIED,841,debe51eb20a3b7d6093baec3b609e7a9f746c64635cfa77aa761e88e84454902,C:\Users\vntfadmin\OneDrive - THG\Documents\Build Signal Bot\core4_portfolio_allocator\data\binance_usdm\fundingRate\SOLUSDT\SOLUSDT-fundingRate-2023-12.zip
fundingRate,SOLUSDT,2024-01,DOWNLOADED_VERIFIED,697,6b514b6c2bb67ff04df97d747efb9c6e4bb1bb27e889f1dc51a42ab1419a3d24,C:\Users\vntfadmin\OneDrive - THG\Documents\Build Signal Bot\core4_portfolio_allocator\data\binance_usdm\fundingRate\SOLUSDT\SOLUSDT-fundingRate-2024-01.zip
fundingRate,SOLUSDT,2024-02,DOWNLOADED_VERIFIED,802,7ccaf8d60ddf07e03eba0589ec4f75abfc2a842217722aaefe996ee1bc095706,C:\Users\vntfadmin\OneDrive - THG\Documents\Build Signal Bot\core4_portfolio_allocator\data\binance_usdm\fundingRate\SOLUSDT\SOLUSDT-fundingRate-2024-02.zip
fundingRate,SOLUSDT,2024-03,DOWNLOADED_VERIFIED,946,ff3041b6119af926fc55fc722332240037f1aee9b3a2db25f9cb801ba8e2992c,C:\Users\vntfadmin\OneDrive - THG\Documents\Build Signal Bot\core4_portfolio_allocator\data\binance_usdm\fundingRate\SOLUSDT\SOLUSDT-fundingRate-2024-03.zip
fundingRate,SOLUSDT,2024-04,DOWNLOADED_VERIFIED,869,591e7c4993e59b60966213efd938f48420cd9b63db815240ffc070ec40470e53,C:\Users\vntfadmin\OneDrive - THG\Documents\Build Signal Bot\core4_portfolio_allocator\data\binance_usdm\fundingRate\SOLUSDT\SOLUSDT-fundingRate-2024-04.zip
fundingRate,SOLUSDT,2024-05,DOWNLOADED_VERIFIED,810,cdd788722e8b85fd6c9d992e7c1c767be87afc91db5b8c07751f898b373cbf29,C:\Users\vntfadmin\OneDrive - THG\Documents\Build Signal Bot\core4_portfolio_allocator\data\binance_usdm\fundingRate\SOLUSDT\SOLUSDT-fundingRate-2024-05.zip
fundingRate,SOLUSDT,2024-06,DOWNLOADED_VERIFIED,803,8da6c97d67718422a5df9a0d50e37849521fb54de87cbb3b3397e441439dfcc9,C:\Users\vntfadmin\OneDrive - THG\Documents\Build Signal Bot\core4_portfolio_allocator\data\binance_usdm\fundingRate\SOLUSDT\SOLUSDT-fundingRate-2024-06.zip
fundingRate,SOLUSDT,2024-07,DOWNLOADED_VERIFIED,850,2585a0db933c70b62c87cac509de42ac09b98d370238c0d8c68249a20bd2b9a3,C:\Users\vntfadmin\OneDrive - THG\Documents\Build Signal Bot\core4_portfolio_allocator\data\binance_usdm\fundingRate\SOLUSDT\SOLUSDT-fundingRate-2024-07.zip
fundingRate,SOLUSDT,2024-08,DOWNLOADED_VERIFIED,940,ef076200aab768d33f71449957f6cd9c96c0da696708a5f561b97e7a0995e8d2,C:\Users\vntfadmin\OneDrive - THG\Documents\Build Signal Bot\core4_portfolio_allocator\data\binance_usdm\fundingRate\SOLUSDT\SOLUSDT-fundingRate-2024-08.zip
fundingRate,SOLUSDT,2024-09,DOWNLOADED_VERIFIED,880,7666e4d3e6ea6dd28011c508cf01421007521e98e96ea551f809836441b43ca0,C:\Users\vntfadmin\OneDrive - THG\Documents\Build Signal Bot\core4_portfolio_allocator\data\binance_usdm\fundingRate\SOLUSDT\SOLUSDT-fundingRate-2024-09.zip
fundingRate,SOLUSDT,2024-10,DOWNLOADED_VERIFIED,839,dbece64e8c5bc69c487cc03c00f6a4d4da2cad9152c73860386fcdc7d2ec9d05,C:\Users\vntfadmin\OneDrive - THG\Documents\Build Signal Bot\core4_portfolio_allocator\data\binance_usdm\fundingRate\SOLUSDT\SOLUSDT-fundingRate-2024-10.zip
fundingRate,SOLUSDT,2024-11,DOWNLOADED_VERIFIED,790,f53a9b637d695a251200e48929a573b4bf04cc2d99d5a3a09fe7bdca622918aa,C:\Users\vntfadmin\OneDrive - THG\Documents\Build Signal Bot\core4_portfolio_allocator\data\binance_usdm\fundingRate\SOLUSDT\SOLUSDT-fundingRate-2024-11.zip
fundingRate,SOLUSDT,2024-12,DOWNLOADED_VERIFIED,893,bae83020ac2ccfa6dd8d1362d373a92b4d5a7e396cef52e78dc2e7d81e63f621,C:\Users\vntfadmin\OneDrive - THG\Documents\Build Signal Bot\core4_portfolio_allocator\data\binance_usdm\fundingRate\SOLUSDT\SOLUSDT-fundingRate-2024-12.zip
fundingRate,SOLUSDT,2025-01,DOWNLOADED_VERIFIED,916,314888152c16bc2d846f9aaa9ea3ebeec7c67d235ef2671f1a5e6fe0a8b4dbf2,C:\Users\vntfadmin\OneDrive - THG\Documents\Build Signal Bot\core4_portfolio_allocator\data\binance_usdm\fundingRate\SOLUSDT\SOLUSDT-fundingRate-2025-01.zip
fundingRate,SOLUSDT,2025-02,DOWNLOADED_VERIFIED,872,eeade74c1ca2a6dc9d78ba0d7a1ff145c323be72cfa2c09fcef9edab88baef9f,C:\Users\vntfadmin\OneDrive - THG\Documents\Build Signal Bot\core4_portfolio_allocator\data\binance_usdm\fundingRate\SOLUSDT\SOLUSDT-fundingRate-2025-02.zip
fundingRate,SOLUSDT,2025-03,DOWNLOADED_VERIFIED,938,3f77a33779c946da6f3082d14fb9a5497e7e4a4e3fff4d68967e6ddf96cf99ea,C:\Users\vntfadmin\OneDrive - THG\Documents\Build Signal Bot\core4_portfolio_allocator\data\binance_usdm\fundingRate\SOLUSDT\SOLUSDT-fundingRate-2025-03.zip
fundingRate,SOLUSDT,2025-04,DOWNLOADED_VERIFIED,920,6cd3fb27bae9313e15734d7214f4a83dc37a7a199cfc12c23f7777a5e27f7fd7,C:\Users\vntfadmin\OneDrive - THG\Documents\Build Signal Bot\core4_portfolio_allocator\data\binance_usdm\fundingRate\SOLUSDT\SOLUSDT-fundingRate-2025-04.zip
fundingRate,SOLUSDT,2025-05,DOWNLOADED_VERIFIED,940,eb03fd0d0b31eef9ee05544ea8dcce097a807d3475f67d0a5f0859c487c5f5c3,C:\Users\vntfadmin\OneDrive - THG\Documents\Build Signal Bot\core4_portfolio_allocator\data\binance_usdm\fundingRate\SOLUSDT\SOLUSDT-fundingRate-2025-05.zip
fundingRate,SOLUSDT,2025-06,DOWNLOADED_VERIFIED,939,4ccee0a6fd67cb775be49d124b9eb038f26acd09426fcb9aaf9d3de74cf3a24e,C:\Users\vntfadmin\OneDrive - THG\Documents\Build Signal Bot\core4_portfolio_allocator\data\binance_usdm\fundingRate\SOLUSDT\SOLUSDT-fundingRate-2025-06.zip
fundingRate,SOLUSDT,2025-07,DOWNLOADED_VERIFIED,876,66ce38d1a8bc4bdd53af29d8ea5c72493ed48fe9894ee5e9ff4600ccec864c4f,C:\Users\vntfadmin\OneDrive - THG\Documents\Build Signal Bot\core4_portfolio_allocator\data\binance_usdm\fundingRate\SOLUSDT\SOLUSDT-fundingRate-2025-07.zip
fundingRate,SOLUSDT,2025-08,DOWNLOADED_VERIFIED,917,fe9efc3abe1e4be2a2fa9a4008e6957856387f6783a06b97cac3ee271746915f,C:\Users\vntfadmin\OneDrive - THG\Documents\Build Signal Bot\core4_portfolio_allocator\data\binance_usdm\fundingRate\SOLUSDT\SOLUSDT-fundingRate-2025-08.zip
fundingRate,SOLUSDT,2025-09,DOWNLOADED_VERIFIED,947,f953315124d20dab98ba710d108103fb4cf054d1535787fd76d35d6b9c18e534,C:\Users\vntfadmin\OneDrive - THG\Documents\Build Signal Bot\core4_portfolio_allocator\data\binance_usdm\fundingRate\SOLUSDT\SOLUSDT-fundingRate-2025-09.zip
fundingRate,SOLUSDT,2025-10,DOWNLOADED_VERIFIED,976,d80c5be7660a950ad673a0e82488877c6ca0eb81f084d4c844320f892ad2c020,C:\Users\vntfadmin\OneDrive - THG\Documents\Build Signal Bot\core4_portfolio_allocator\data\binance_usdm\fundingRate\SOLUSDT\SOLUSDT-fundingRate-2025-10.zip
fundingRate,SOLUSDT,2025-11,DOWNLOADED_VERIFIED,963,5134fdf4319d629473f8cff1e66dc74180844ae2846ab41a8128466ab3682c2f,C:\Users\vntfadmin\OneDrive - THG\Documents\Build Signal Bot\core4_portfolio_allocator\data\binance_usdm\fundingRate\SOLUSDT\SOLUSDT-fundingRate-2025-11.zip
fundingRate,SOLUSDT,2025-12,DOWNLOADED_VERIFIED,957,01db13c460b0190736e1da019c7fcd7ea0abbf3b047e16d3aa8a9e9acec3101f,C:\Users\vntfadmin\OneDrive - THG\Documents\Build Signal Bot\core4_portfolio_allocator\data\binance_usdm\fundingRate\SOLUSDT\SOLUSDT-fundingRate-2025-12.zip
fundingRate,SOLUSDT,2026-01,DOWNLOADED_VERIFIED,962,c53be79aae38a1f35e94880f106df4eceab57bfa74a0b5fc5852fdfabf57ab8e,C:\Users\vntfadmin\OneDrive - THG\Documents\Build Signal Bot\core4_portfolio_allocator\data\binance_usdm\fundingRate\SOLUSDT\SOLUSDT-fundingRate-2026-01.zip
fundingRate,SOLUSDT,2026-02,DOWNLOADED_VERIFIED,942,84cb9bcf44ba1364b37db876e7c852aa1b831371556b610e2387115addec9d5f,C:\Users\vntfadmin\OneDrive - THG\Documents\Build Signal Bot\core4_portfolio_allocator\data\binance_usdm\fundingRate\SOLUSDT\SOLUSDT-fundingRate-2026-02.zip
fundingRate,SOLUSDT,2026-03,DOWNLOADED_VERIFIED,1010,75cfaea075d97779a577c3744ea63e3d83704f281806fb5f76f2d3e0f089fd2c,C:\Users\vntfadmin\OneDrive - THG\Documents\Build Signal Bot\core4_portfolio_allocator\data\binance_usdm\fundingRate\SOLUSDT\SOLUSDT-fundingRate-2026-03.zip
fundingRate,SOLUSDT,2026-04,DOWNLOADED_VERIFIED,944,951a280e98b6d20fe4be25bf2b71f3cda1c07c7583a88cb874151e2b1fe941f1,C:\Users\vntfadmin\OneDrive - THG\Documents\Build Signal Bot\core4_portfolio_allocator\data\binance_usdm\fundingRate\SOLUSDT\SOLUSDT-fundingRate-2026-04.zip
fundingRate,SOLUSDT,2026-05,DOWNLOADED_VERIFIED,979,c13066e5f7c5d161dbebd488cbeaab1205688c6dc7f9fafcc8f94296f2c1e47b,C:\Users\vntfadmin\OneDrive - THG\Documents\Build Signal Bot\core4_portfolio_allocator\data\binance_usdm\fundingRate\SOLUSDT\SOLUSDT-fundingRate-2026-05.zip
fundingRate,SOLUSDT,2026-06,DOWNLOADED_VERIFIED,973,8d32fa3153d54c58667650e8b2c65e489b3a433b775052a93208bf60541a40d3,C:\Users\vntfadmin\OneDrive - THG\Documents\Build Signal Bot\core4_portfolio_allocator\data\binance_usdm\fundingRate\SOLUSDT\SOLUSDT-fundingRate-2026-06.zip
fundingRate,SOLUSDT,2026-07,DOWNLOADED_VERIFIED,964,13f655eaa29865b16acc7bd97be74e212bc4c2139fc2f9ead4d150852c2a9ebb,C:\Users\vntfadmin\OneDrive - THG\Documents\Build Signal Bot\core4_portfolio_allocator\data\binance_usdm\fundingRate\SOLUSDT\SOLUSDT-fundingRate-2026-07.zip
fundingRate,SOLUSDT,2026-08,DOWNLOADED_VERIFIED,899,593e99bb628c0b178a5a2c8f415e1ed489dfd7dea497366f1fee91b8768c704d,C:\Users\vntfadmin\OneDrive - THG\Documents\Build Signal Bot\core4_portfolio_allocator\data\binance_usdm\fundingRate\SOLUSDT\SOLUSDT-fundingRate-2026-08.zip
klines,BNBUSDT,2020-02,DOWNLOADED_VERIFIED,1244,6129badd07f8c9a23bdc4ebb73c15f13482c58a06ac4695d8ffb47bd2f363d18,C:\Users\vntfadmin\OneDrive - THG\Documents\Build Signal Bot\core4_portfolio_allocator\data\binance_usdm\klines\BNBUSDT\BNBUSDT-1d-2020-02.zip
klines,BNBUSDT,2020-03,DOWNLOADED_VERIFIED,1838,050f96bcee1169c1dfe16af5e230fd2b69ba47c0a32198da4722b78f54310c8a,C:\Users\vntfadmin\OneDrive - THG\Documents\Build Signal Bot\core4_portfolio_allocator\data\binance_usdm\klines\BNBUSDT\BNBUSDT-1d-2020-03.zip
klines,BNBUSDT,2020-04,DOWNLOADED_VERIFIED,1791,f630a2d66187529e5d6f1f2f07e143948fccf5013853047117a0889a09a578d2,C:\Users\vntfadmin\OneDrive - THG\Documents\Build Signal Bot\core4_portfolio_allocator\data\binance_usdm\klines\BNBUSDT\BNBUSDT-1d-2020-04.zip
klines,BNBUSDT,2020-05,DOWNLOADED_VERIFIED,1789,e7c7798642a3db8d538dc8e45fe79b4e0756c59ba1b0f2fc5c18375f7070f85b,C:\Users\vntfadmin\OneDrive - THG\Documents\Build Signal Bot\core4_portfolio_allocator\data\binance_usdm\klines\BNBUSDT\BNBUSDT-1d-2020-05.zip
klines,BNBUSDT,2020-06,DOWNLOADED_VERIFIED,1726,fc17e1eb3131591e8e52e7bc311ebb27f4fc85ffbf79fe27a3e53542b13d46f0,C:\Users\vntfadmin\OneDrive - THG\Documents\Build Signal Bot\core4_portfolio_allocator\data\binance_usdm\klines\BNBUSDT\BNBUSDT-1d-2020-06.zip
klines,BNBUSDT,2020-07,DOWNLOADED_VERIFIED,1824,7ed1afc4a3e3b68217e78c2793d6ab183c9053d011851f537d45d933194fc120,C:\Users\vntfadmin\OneDrive - THG\Documents\Build Signal Bot\core4_portfolio_allocator\data\binance_usdm\klines\BNBUSDT\BNBUSDT-1d-2020-07.zip
klines,BNBUSDT,2020-08,DOWNLOADED_VERIFIED,1829,59b1c1079d3757017447cb1a84d2ca0797c89e796ac40792e1b441e8ea866515,C:\Users\vntfadmin\OneDrive - THG\Documents\Build Signal Bot\core4_portfolio_allocator\data\binance_usdm\klines\BNBUSDT\BNBUSDT-1d-2020-08.zip
klines,BNBUSDT,2020-09,DOWNLOADED_VERIFIED,1818,ac197db65aee3f47bc653403db4b679b87ce00f5632f58fa4cbf81e6287ee64c,C:\Users\vntfadmin\OneDrive - THG\Documents\Build Signal Bot\core4_portfolio_allocator\data\binance_usdm\klines\BNBUSDT\BNBUSDT-1d-2020-09.zip
klines,BNBUSDT,2020-10,DOWNLOADED_VERIFIED,1834,c3da86bf5aa119b8e807b3791da2907614c3bf92f51b12077f4c9971b7e8de09,C:\Users\vntfadmin\OneDrive - THG\Documents\Build Signal Bot\core4_portfolio_allocator\data\binance_usdm\klines\BNBUSDT\BNBUSDT-1d-2020-10.zip
klines,BNBUSDT,2020-11,DOWNLOADED_VERIFIED,1791,6702c519606dc1c5107dc0be766d145270d6cd76284b4589efa8199e5b78d255,C:\Users\vntfadmin\OneDrive - THG\Documents\Build Signal Bot\core4_portfolio_allocator\data\binance_usdm\klines\BNBUSDT\BNBUSDT-1d-2020-11.zip
klines,BNBUSDT,2020-12,DOWNLOADED_VERIFIED,1855,3a4f52e6ee1b2d3191d06d4cec45c6b71e1ff227cba52744f618f04a1452b99d,C:\Users\vntfadmin\OneDrive - THG\Documents\Build Signal Bot\core4_portfolio_allocator\data\binance_usdm\klines\BNBUSDT\BNBUSDT-1d-2020-12.zip
klines,BNBUSDT,2021-01,DOWNLOADED_VERIFIED,1884,02b8c4989090d14ee122b05cdf169567497d7851e5dd3c161c3cc3ad78825e2f,C:\Users\vntfadmin\OneDrive - THG\Documents\Build Signal Bot\core4_portfolio_allocator\data\binance_usdm\klines\BNBUSDT\BNBUSDT-1d-2021-01.zip
klines,BNBUSDT,2021-02,DOWNLOADED_VERIFIED,1833,7e0c34f6fe1d94e0935e12e391d96eecc377f42e61d76c22312e2be109207006,C:\Users\vntfadmin\OneDrive - THG\Documents\Build Signal Bot\core4_portfolio_allocator\data\binance_usdm\klines\BNBUSDT\BNBUSDT-1d-2021-02.zip
klines,BNBUSDT,2021-03,DOWNLOADED_VERIFIED,2002,32475ee17b3cddde3f122dbd5c7185409d453f878aff7171c7b6f582a22a2c23,C:\Users\vntfadmin\OneDrive - THG\Documents\Build Signal Bot\core4_portfolio_allocator\data\binance_usdm\klines\BNBUSDT\BNBUSDT-1d-2021-03.zip
klines,BNBUSDT,2021-04,DOWNLOADED_VERIFIED,1991,3dd37958d6f458fe07e2512a1d5e62b03cca61af027879ab69ca6c8b8e5df77a,C:\Users\vntfadmin\OneDrive - THG\Documents\Build Signal Bot\core4_portfolio_allocator\data\binance_usdm\klines\BNBUSDT\BNBUSDT-1d-2021-04.zip
klines,BNBUSDT,2021-05,DOWNLOADED_VERIFIED,1997,0d40fa86ddde27b9fc1fc9aa869adf33aa05451f6d0d5957932bc4a2b7fec741,C:\Users\vntfadmin\OneDrive - THG\Documents\Build Signal Bot\core4_portfolio_allocator\data\binance_usdm\klines\BNBUSDT\BNBUSDT-1d-2021-05.zip
klines,BNBUSDT,2021-06,DOWNLOADED_VERIFIED,1937,08cef56910bce470bcbc998a35fb4ccdec0bde174f9f158a586119fb39cdbbe7,C:\Users\vntfadmin\OneDrive - THG\Documents\Build Signal Bot\core4_portfolio_allocator\data\binance_usdm\klines\BNBUSDT\BNBUSDT-1d-2021-06.zip
klines,BNBUSDT,2021-07,DOWNLOADED_VERIFIED,1949,adb5818b09ebc8e984131a0ca3613a54762b65c400cdd492b28d6e07eff5be6c,C:\Users\vntfadmin\OneDrive - THG\Documents\Build Signal Bot\core4_portfolio_allocator\data\binance_usdm\klines\BNBUSDT\BNBUSDT-1d-2021-07.zip
klines,BNBUSDT,2021-08,DOWNLOADED_VERIFIED,1973,2bf599f7ad8029e4e833e3089842b495f85c46c0a23ca7f9320a8271af36d125,C:\Users\vntfadmin\OneDrive - THG\Documents\Build Signal Bot\core4_portfolio_allocator\data\binance_usdm\klines\BNBUSDT\BNBUSDT-1d-2021-08.zip
klines,BNBUSDT,2021-09,DOWNLOADED_VERIFIED,1894,015c9b7ca858034e3b49a9e0bc7bfdf540468a066272267325347e3c64164b9e,C:\Users\vntfadmin\OneDrive - THG\Documents\Build Signal Bot\core4_portfolio_allocator\data\binance_usdm\klines\BNBUSDT\BNBUSDT-1d-2021-09.zip
klines,BNBUSDT,2021-10,DOWNLOADED_VERIFIED,1951,d087b43b29e49d3f4387506d2cd21a52d8a6a0b622ded3028f943ab0fb1a0b53,C:\Users\vntfadmin\OneDrive - THG\Documents\Build Signal Bot\core4_portfolio_allocator\data\binance_usdm\klines\BNBUSDT\BNBUSDT-1d-2021-10.zip
klines,BNBUSDT,2021-11,DOWNLOADED_VERIFIED,1897,13b7829fc41faac01bb98fc4f6d2efdd0b4c41f66f4be956b4ed25508ca4e896,C:\Users\vntfadmin\OneDrive - THG\Documents\Build Signal Bot\core4_portfolio_allocator\data\binance_usdm\klines\BNBUSDT\BNBUSDT-1d-2021-11.zip
klines,BNBUSDT,2021-12,DOWNLOADED_VERIFIED,1920,92742014c372df2815cddbf24e9fbd6e840b995617015165eb8dfc3a7481742c,C:\Users\vntfadmin\OneDrive - THG\Documents\Build Signal Bot\core4_portfolio_allocator\data\binance_usdm\klines\BNBUSDT\BNBUSDT-1d-2021-12.zip
klines,BNBUSDT,2022-01,DOWNLOADED_VERIFIED,2041,d8fb48bafbe95db590985dc654587640cee072d8589e8745b0758e5dcadff841,C:\Users\vntfadmin\OneDrive - THG\Documents\Build Signal Bot\core4_portfolio_allocator\data\binance_usdm\klines\BNBUSDT\BNBUSDT-1d-2022-01.zip
klines,BNBUSDT,2022-02,DOWNLOADED_VERIFIED,1858,4b2bf6353f6c480c4d88bd94939f47a232364d60385edd8015fe5e42e6e64185,C:\Users\vntfadmin\OneDrive - THG\Documents\Build Signal Bot\core4_portfolio_allocator\data\binance_usdm\klines\BNBUSDT\BNBUSDT-1d-2022-02.zip
klines,BNBUSDT,2022-03,DOWNLOADED_VERIFIED,2022,c832b7977974e2ea90547af922ab03a4e29a534b7b6142aaac32cb4c594aef29,C:\Users\vntfadmin\OneDrive - THG\Documents\Build Signal Bot\core4_portfolio_allocator\data\binance_usdm\klines\BNBUSDT\BNBUSDT-1d-2022-03.zip
klines,BNBUSDT,2022-04,DOWNLOADED_VERIFIED,1932,5cb27d152a3e5b45f3a3cfd66cd90969469d0febbd20f8aa0c778043b040daf0,C:\Users\vntfadmin\OneDrive - THG\Documents\Build Signal Bot\core4_portfolio_allocator\data\binance_usdm\klines\BNBUSDT\BNBUSDT-1d-2022-04.zip
klines,BNBUSDT,2022-05,DOWNLOADED_VERIFIED,2040,cf9e41bbcd31a8f97d2aa6c0bfd4a2827a75d1bb2742d3fe50b0fc7dc635ea8e,C:\Users\vntfadmin\OneDrive - THG\Documents\Build Signal Bot\core4_portfolio_allocator\data\binance_usdm\klines\BNBUSDT\BNBUSDT-1d-2022-05.zip
klines,BNBUSDT,2022-06,DOWNLOADED_VERIFIED,1968,23156a872593043eae562f23389aff62e4e83058828f2bead6d17169b3e6cef8,C:\Users\vntfadmin\OneDrive - THG\Documents\Build Signal Bot\core4_portfolio_allocator\data\binance_usdm\klines\BNBUSDT\BNBUSDT-1d-2022-06.zip
klines,BNBUSDT,2022-07,DOWNLOADED_VERIFIED,2006,6614d8967253ae6b4570a0c0b9d35d16dc68272aa0b2b0732d95d7b7df64c7b7,C:\Users\vntfadmin\OneDrive - THG\Documents\Build Signal Bot\core4_portfolio_allocator\data\binance_usdm\klines\BNBUSDT\BNBUSDT-1d-2022-07.zip
klines,BNBUSDT,2022-08,DOWNLOADED_VERIFIED,2019,639174b72dbb2bc5b853282b925b56b5cf0dc97750255ac7d2023439fa4d53a7,C:\Users\vntfadmin\OneDrive - THG\Documents\Build Signal Bot\core4_portfolio_allocator\data\binance_usdm\klines\BNBUSDT\BNBUSDT-1d-2022-08.zip
klines,BNBUSDT,2022-09,DOWNLOADED_VERIFIED,1926,44f2c8c0f504e7f27beb3c54a86e6cd1b007ba1e3307e3e2bc89cd5368c8b05e,C:\Users\vntfadmin\OneDrive - THG\Documents\Build Signal Bot\core4_portfolio_allocator\data\binance_usdm\klines\BNBUSDT\BNBUSDT-1d-2022-09.zip
klines,BNBUSDT,2022-10,DOWNLOADED_VERIFIED,1981,ebc0dae6aaa4a0e4c3a51afd46ee45648dd9f4d743124cc8a58aac027c827497,C:\Users\vntfadmin\OneDrive - THG\Documents\Build Signal Bot\core4_portfolio_allocator\data\binance_usdm\klines\BNBUSDT\BNBUSDT-1d-2022-10.zip
klines,BNBUSDT,2022-11,DOWNLOADED_VERIFIED,1985,5699244c7945f746a60207436f8df1a76e2db7e57a887736a0510da9558315b1,C:\Users\vntfadmin\OneDrive - THG\Documents\Build Signal Bot\core4_portfolio_allocator\data\binance_usdm\klines\BNBUSDT\BNBUSDT-1d-2022-11.zip
klines,BNBUSDT,2022-12,DOWNLOADED_VERIFIED,2000,5d781246b43e7a1aa77eda7fe4b166d08dc6ddfe29f5e984c76d3d517b5c9cea,C:\Users\vntfadmin\OneDrive - THG\Documents\Build Signal Bot\core4_portfolio_allocator\data\binance_usdm\klines\BNBUSDT\BNBUSDT-1d-2022-12.zip
klines,BNBUSDT,2023-01,DOWNLOADED_VERIFIED,2001,7d90a8bec3408221fc16ad231b6c866f1a60bedf0eaa27d94f836a9f552c64d8,C:\Users\vntfadmin\OneDrive - THG\Documents\Build Signal Bot\core4_portfolio_allocator\data\binance_usdm\klines\BNBUSDT\BNBUSDT-1d-2023-01.zip
klines,BNBUSDT,2023-02,DOWNLOADED_VERIFIED,1842,393ed752cf9d8dc80ea5bd8f04a0d4d2d3325e9bf3d823740bb4d4d401bfa702,C:\Users\vntfadmin\OneDrive - THG\Documents\Build Signal Bot\core4_portfolio_allocator\data\binance_usdm\klines\BNBUSDT\BNBUSDT-1d-2023-02.zip
klines,BNBUSDT,2023-03,DOWNLOADED_VERIFIED,2004,9aab322a8bd7c72244a9cad6f04b9089ac030fcd8cfc845b665201c2c2d917d6,C:\Users\vntfadmin\OneDrive - THG\Documents\Build Signal Bot\core4_portfolio_allocator\data\binance_usdm\klines\BNBUSDT\BNBUSDT-1d-2023-03.zip
klines,BNBUSDT,2023-04,DOWNLOADED_VERIFIED,1920,b932afb360be47ff19b1df93de640ac0ff254ec576520575015b6f8cb2ed1876,C:\Users\vntfadmin\OneDrive - THG\Documents\Build Signal Bot\core4_portfolio_allocator\data\binance_usdm\klines\BNBUSDT\BNBUSDT-1d-2023-04.zip
klines,BNBUSDT,2023-05,DOWNLOADED_VERIFIED,1957,21311530eb24af3c83b662fbaad1b1d1691e20d4ef891abbda991138ce7817d6,C:\Users\vntfadmin\OneDrive - THG\Documents\Build Signal Bot\core4_portfolio_allocator\data\binance_usdm\klines\BNBUSDT\BNBUSDT-1d-2023-05.zip
klines,BNBUSDT,2023-06,DOWNLOADED_VERIFIED,1959,8328ba61fd3a671af42b9faae3ce032c784b37bbd9a399e1f735f1101648a11a,C:\Users\vntfadmin\OneDrive - THG\Documents\Build Signal Bot\core4_portfolio_allocator\data\binance_usdm\klines\BNBUSDT\BNBUSDT-1d-2023-06.zip
klines,BNBUSDT,2023-07,DOWNLOADED_VERIFIED,1979,87d9e82a1183f64c78015efc477d5e2267b86ea99a6d2b162f3da3598e88216b,C:\Users\vntfadmin\OneDrive - THG\Documents\Build Signal Bot\core4_portfolio_allocator\data\binance_usdm\klines\BNBUSDT\BNBUSDT-1d-2023-07.zip
klines,BNBUSDT,2023-08,DOWNLOADED_VERIFIED,1936,000374a9a7735060e86bc9fdebe1e34f582c5c269160cbc9bb2b50e1f157dab1,C:\Users\vntfadmin\OneDrive - THG\Documents\Build Signal Bot\core4_portfolio_allocator\data\binance_usdm\klines\BNBUSDT\BNBUSDT-1d-2023-08.zip
klines,BNBUSDT,2023-09,DOWNLOADED_VERIFIED,1868,be216d02a1acbd0cee1be8587310ed88c10edf377e3d2d4a2a9b9d559697e4a2,C:\Users\vntfadmin\OneDrive - THG\Documents\Build Signal Bot\core4_portfolio_allocator\data\binance_usdm\klines\BNBUSDT\BNBUSDT-1d-2023-09.zip
klines,BNBUSDT,2023-10,DOWNLOADED_VERIFIED,1924,4eab7396108837d86c471a932f04176ee68cc57a9ac5bebf759c97e48379bf22,C:\Users\vntfadmin\OneDrive - THG\Documents\Build Signal Bot\core4_portfolio_allocator\data\binance_usdm\klines\BNBUSDT\BNBUSDT-1d-2023-10.zip
klines,BNBUSDT,2023-11,DOWNLOADED_VERIFIED,1913,b62b37668d553712413032faa0bd443164cbdbf4c550d1dd073a6dca2fdd7a1a,C:\Users\vntfadmin\OneDrive - THG\Documents\Build Signal Bot\core4_portfolio_allocator\data\binance_usdm\klines\BNBUSDT\BNBUSDT-1d-2023-11.zip
klines,BNBUSDT,2023-12,DOWNLOADED_VERIFIED,1999,a27f70add22f836f9775ec8d6e8b0f805a5622715da692b81a485c770975c953,C:\Users\vntfadmin\OneDrive - THG\Documents\Build Signal Bot\core4_portfolio_allocator\data\binance_usdm\klines\BNBUSDT\BNBUSDT-1d-2023-12.zip
klines,BNBUSDT,2024-01,DOWNLOADED_VERIFIED,1993,b3162fe78333c6c1c0a6e23f3c8b4d7e54652ba446f7c59265f40f5ebff1ec3b,C:\Users\vntfadmin\OneDrive - THG\Documents\Build Signal Bot\core4_portfolio_allocator\data\binance_usdm\klines\BNBUSDT\BNBUSDT-1d-2024-01.zip
klines,BNBUSDT,2024-02,DOWNLOADED_VERIFIED,1896,0cf446ef9f3507fda21c97f6e7a9ea915d5299f5da108db836c40b342d98c04a,C:\Users\vntfadmin\OneDrive - THG\Documents\Build Signal Bot\core4_portfolio_allocator\data\binance_usdm\klines\BNBUSDT\BNBUSDT-1d-2024-02.zip
klines,BNBUSDT,2024-03,DOWNLOADED_VERIFIED,2062,73090e73201a4d13fc1d5610060d9d852dc2f987af23192756ec3e73b9d48529,C:\Users\vntfadmin\OneDrive - THG\Documents\Build Signal Bot\core4_portfolio_allocator\data\binance_usdm\klines\BNBUSDT\BNBUSDT-1d-2024-03.zip
klines,BNBUSDT,2024-04,DOWNLOADED_VERIFIED,1971,0d5f83abf65b0e91315bea9e4d63a3b57fb75addeb445b257accbfbcc97a8242,C:\Users\vntfadmin\OneDrive - THG\Documents\Build Signal Bot\core4_portfolio_allocator\data\binance_usdm\klines\BNBUSDT\BNBUSDT-1d-2024-04.zip
klines,BNBUSDT,2024-05,DOWNLOADED_VERIFIED,1989,88d8edc208319e515bd39c5a24237ef938e24d931919555354470917c104613d,C:\Users\vntfadmin\OneDrive - THG\Documents\Build Signal Bot\core4_portfolio_allocator\data\binance_usdm\klines\BNBUSDT\BNBUSDT-1d-2024-05.zip
klines,BNBUSDT,2024-06,DOWNLOADED_VERIFIED,1941,3dee35cac3e6447e04808f27c79f3305278f7c1efa883060efcfb088d705d78a,C:\Users\vntfadmin\OneDrive - THG\Documents\Build Signal Bot\core4_portfolio_allocator\data\binance_usdm\klines\BNBUSDT\BNBUSDT-1d-2024-06.zip
klines,BNBUSDT,2024-07,DOWNLOADED_VERIFIED,1973,2250e81821681497bbfce8c8f81a7f7e6d46a62fc2ce03163f19c9070b37ecad,C:\Users\vntfadmin\OneDrive - THG\Documents\Build Signal Bot\core4_portfolio_allocator\data\binance_usdm\klines\BNBUSDT\BNBUSDT-1d-2024-07.zip
klines,BNBUSDT,2024-08,DOWNLOADED_VERIFIED,2008,63daf86fab255eee95810672895b94f327aadddf628c6363584466fef3478c0e,C:\Users\vntfadmin\OneDrive - THG\Documents\Build Signal Bot\core4_portfolio_allocator\data\binance_usdm\klines\BNBUSDT\BNBUSDT-1d-2024-08.zip
klines,BNBUSDT,2024-09,DOWNLOADED_VERIFIED,1939,a1ea2db0add5f5dfe28b7e879a4d3862e79ea2d77f0f9f12c03022cacc17b4a0,C:\Users\vntfadmin\OneDrive - THG\Documents\Build Signal Bot\core4_portfolio_allocator\data\binance_usdm\klines\BNBUSDT\BNBUSDT-1d-2024-09.zip
klines,BNBUSDT,2024-10,DOWNLOADED_VERIFIED,1971,2b62e172b6826e4fe712eb5aa4eca6882f03b32efa9033776bfffd809a8fce48,C:\Users\vntfadmin\OneDrive - THG\Documents\Build Signal Bot\core4_portfolio_allocator\data\binance_usdm\klines\BNBUSDT\BNBUSDT-1d-2024-10.zip
klines,BNBUSDT,2024-11,DOWNLOADED_VERIFIED,1975,955347addb703c9303909cee1075e5cbb2f0d9625b34cd1b5d8c6f5546e5654d,C:\Users\vntfadmin\OneDrive - THG\Documents\Build Signal Bot\core4_portfolio_allocator\data\binance_usdm\klines\BNBUSDT\BNBUSDT-1d-2024-11.zip
klines,BNBUSDT,2024-12,DOWNLOADED_VERIFIED,2027,e414d3a86502536230750bdeaca3430b2463b4c75ea1a7e5bc932fac5aff50cf,C:\Users\vntfadmin\OneDrive - THG\Documents\Build Signal Bot\core4_portfolio_allocator\data\binance_usdm\klines\BNBUSDT\BNBUSDT-1d-2024-12.zip
klines,BNBUSDT,2025-01,DOWNLOADED_VERIFIED,1987,a8754c08a56ecbd4a13f15d09050de41fd0fdb8ce56f24bef55e9c6f0b87fc94,C:\Users\vntfadmin\OneDrive - THG\Documents\Build Signal Bot\core4_portfolio_allocator\data\binance_usdm\klines\BNBUSDT\BNBUSDT-1d-2025-01.zip
klines,BNBUSDT,2025-02,DOWNLOADED_VERIFIED,1848,8011f25a71515f529e6de9244e8ce79ba7d12f50f30e7f8290cb8841ed7d2c47,C:\Users\vntfadmin\OneDrive - THG\Documents\Build Signal Bot\core4_portfolio_allocator\data\binance_usdm\klines\BNBUSDT\BNBUSDT-1d-2025-02.zip
klines,BNBUSDT,2025-03,DOWNLOADED_VERIFIED,2018,23ad15bc557a7102a83113988a5723bf86d4790c212c6b65c7ad86054ecf27a7,C:\Users\vntfadmin\OneDrive - THG\Documents\Build Signal Bot\core4_portfolio_allocator\data\binance_usdm\klines\BNBUSDT\BNBUSDT-1d-2025-03.zip
klines,BNBUSDT,2025-04,DOWNLOADED_VERIFIED,1931,0d0116d23526ec8afc963d1b9cc9e25f103ff36d8eee6536cdf520bff4fcf9b3,C:\Users\vntfadmin\OneDrive - THG\Documents\Build Signal Bot\core4_portfolio_allocator\data\binance_usdm\klines\BNBUSDT\BNBUSDT-1d-2025-04.zip
klines,BNBUSDT,2025-05,DOWNLOADED_VERIFIED,1987,3b457deec52da8a195f4b2a1e8ebaa8468a3331a40ab61d652a310fd5715b4b2,C:\Users\vntfadmin\OneDrive - THG\Documents\Build Signal Bot\core4_portfolio_allocator\data\binance_usdm\klines\BNBUSDT\BNBUSDT-1d-2025-05.zip
klines,BNBUSDT,2025-06,DOWNLOADED_VERIFIED,1906,b4e12bfe46ed13bba028666c827cd7bd968978cf964252f8ffdd60c190790d43,C:\Users\vntfadmin\OneDrive - THG\Documents\Build Signal Bot\core4_portfolio_allocator\data\binance_usdm\klines\BNBUSDT\BNBUSDT-1d-2025-06.zip
klines,BNBUSDT,2025-07,DOWNLOADED_VERIFIED,1981,9d9eb90361d2a5821c056cf0247edb4aeec08ec62960b5df093e3c36051fe821,C:\Users\vntfadmin\OneDrive - THG\Documents\Build Signal Bot\core4_portfolio_allocator\data\binance_usdm\klines\BNBUSDT\BNBUSDT-1d-2025-07.zip
klines,BNBUSDT,2025-08,DOWNLOADED_VERIFIED,1990,1da9cf8c42aff4a83a6455fcd82749c9ec6c8a26996ff08e80e7282b112d2ab1,C:\Users\vntfadmin\OneDrive - THG\Documents\Build Signal Bot\core4_portfolio_allocator\data\binance_usdm\klines\BNBUSDT\BNBUSDT-1d-2025-08.zip
klines,BNBUSDT,2025-09,DOWNLOADED_VERIFIED,1954,3865163cfa54bc0d77e138d4691817baa27bd3be85a5435ba806d65e50e459ee,C:\Users\vntfadmin\OneDrive - THG\Documents\Build Signal Bot\core4_portfolio_allocator\data\binance_usdm\klines\BNBUSDT\BNBUSDT-1d-2025-09.zip
klines,BNBUSDT,2025-10,DOWNLOADED_VERIFIED,2083,d1671c0108c3ab10725491f92cd5d5ec0a7d557265d6b190a9c76f5d0cba9e32,C:\Users\vntfadmin\OneDrive - THG\Documents\Build Signal Bot\core4_portfolio_allocator\data\binance_usdm\klines\BNBUSDT\BNBUSDT-1d-2025-10.zip
klines,BNBUSDT,2025-11,DOWNLOADED_VERIFIED,1974,2860e06ec33559b66114315fb89e00a631d71e389aab407b4edcd2168a55d6f8,C:\Users\vntfadmin\OneDrive - THG\Documents\Build Signal Bot\core4_portfolio_allocator\data\binance_usdm\klines\BNBUSDT\BNBUSDT-1d-2025-11.zip
klines,BNBUSDT,2025-12,DOWNLOADED_VERIFIED,1977,f015a05494f21933023c5922eaf15c811f919320fd3b27dc4163e6a44f4b6dbe,C:\Users\vntfadmin\OneDrive - THG\Documents\Build Signal Bot\core4_portfolio_allocator\data\binance_usdm\klines\BNBUSDT\BNBUSDT-1d-2025-12.zip
klines,BNBUSDT,2026-01,DOWNLOADED_VERIFIED,1983,9161383f4d293a7c8fb3a0c30a45c4af00bf2ffe4001469a17c3403c563d52fc,C:\Users\vntfadmin\OneDrive - THG\Documents\Build Signal Bot\core4_portfolio_allocator\data\binance_usdm\klines\BNBUSDT\BNBUSDT-1d-2026-01.zip
klines,BNBUSDT,2026-02,DOWNLOADED_VERIFIED,1835,5dcf8b983d3c36d2ba3234e4fd43da6acd414c4d2281a069d12c8c4f1fdda0a8,C:\Users\vntfadmin\OneDrive - THG\Documents\Build Signal Bot\core4_portfolio_allocator\data\binance_usdm\klines\BNBUSDT\BNBUSDT-1d-2026-02.zip
klines,BNBUSDT,2026-03,DOWNLOADED_VERIFIED,1984,7e95cbc7cf88dc415bba6ee95abc5b553d8ea212666123974048e8b91019f07a,C:\Users\vntfadmin\OneDrive - THG\Documents\Build Signal Bot\core4_portfolio_allocator\data\binance_usdm\klines\BNBUSDT\BNBUSDT-1d-2026-03.zip
klines,BNBUSDT,2026-04,DOWNLOADED_VERIFIED,1913,42e3cf7908a65a0b2b926870d07b1eb0f781b5933e7cd968df2198ba7fb1e118,C:\Users\vntfadmin\OneDrive - THG\Documents\Build Signal Bot\core4_portfolio_allocator\data\binance_usdm\klines\BNBUSDT\BNBUSDT-1d-2026-04.zip
klines,BNBUSDT,2026-05,DOWNLOADED_VERIFIED,1993,4956b4ccfab5ad898125ce44cd494e413dfb0ce3c1a42cc7ba7c393b6a140c1d,C:\Users\vntfadmin\OneDrive - THG\Documents\Build Signal Bot\core4_portfolio_allocator\data\binance_usdm\klines\BNBUSDT\BNBUSDT-1d-2026-05.zip
klines,BNBUSDT,2026-06,DOWNLOADED_VERIFIED,1942,fcd78664f9ca4891a12e15455aa73a33589897e7f3bbffdcd14e1fba4c5ec989,C:\Users\vntfadmin\OneDrive - THG\Documents\Build Signal Bot\core4_portfolio_allocator\data\binance_usdm\klines\BNBUSDT\BNBUSDT-1d-2026-06.zip
klines,BNBUSDT,2026-07,DOWNLOADED_VERIFIED,1941,b3246dfab81d09f8de33f6ec6fe27a43e3acba8bed2662a61e24f8f2a64b517c,C:\Users\vntfadmin\OneDrive - THG\Documents\Build Signal Bot\core4_portfolio_allocator\data\binance_usdm\klines\BNBUSDT\BNBUSDT-1d-2026-07.zip
klines,BNBUSDT,2026-08,DOWNLOADED_VERIFIED,1981,98ed6ffaec8b65b6320759b96d28ef8b16230fcf70ce5718c8fc48fdcc0ab4b1,C:\Users\vntfadmin\OneDrive - THG\Documents\Build Signal Bot\core4_portfolio_allocator\data\binance_usdm\klines\BNBUSDT\BNBUSDT-1d-2026-08.zip
klines,BTCUSDT,2019-09,NOT_PUBLISHED,0,,C:\Users\vntfadmin\OneDrive - THG\Documents\Build Signal Bot\core4_portfolio_allocator\data\binance_usdm\klines\BTCUSDT\BTCUSDT-1d-2019-09.zip
klines,BTCUSDT,2019-10,NOT_PUBLISHED,0,,C:\Users\vntfadmin\OneDrive - THG\Documents\Build Signal Bot\core4_portfolio_allocator\data\binance_usdm\klines\BTCUSDT\BTCUSDT-1d-2019-10.zip
klines,BTCUSDT,2019-11,NOT_PUBLISHED,0,,C:\Users\vntfadmin\OneDrive - THG\Documents\Build Signal Bot\core4_portfolio_allocator\data\binance_usdm\klines\BTCUSDT\BTCUSDT-1d-2019-11.zip
klines,BTCUSDT,2019-12,NOT_PUBLISHED,0,,C:\Users\vntfadmin\OneDrive - THG\Documents\Build Signal Bot\core4_portfolio_allocator\data\binance_usdm\klines\BTCUSDT\BTCUSDT-1d-2019-12.zip
klines,BTCUSDT,2020-01,DOWNLOADED_VERIFIED,1978,83f80bb879d556dc26e10bd8dca5d6a1d4484247dd1a536431fad767f7978268,C:\Users\vntfadmin\OneDrive - THG\Documents\Build Signal Bot\core4_portfolio_allocator\data\binance_usdm\klines\BTCUSDT\BTCUSDT-1d-2020-01.zip
klines,BTCUSDT,2020-02,DOWNLOADED_VERIFIED,1866,222261bba40db8b35ace2cf48e4b031acc262959afe51606d6006f85e80b7afb,C:\Users\vntfadmin\OneDrive - THG\Documents\Build Signal Bot\core4_portfolio_allocator\data\binance_usdm\klines\BTCUSDT\BTCUSDT-1d-2020-02.zip
klines,BTCUSDT,2020-03,DOWNLOADED_VERIFIED,2025,5995a21df99508a3d3605c9aa7a54acf8bfa08d8dd5f1d1ed79031baf41e953a,C:\Users\vntfadmin\OneDrive - THG\Documents\Build Signal Bot\core4_portfolio_allocator\data\binance_usdm\klines\BTCUSDT\BTCUSDT-1d-2020-03.zip
klines,BTCUSDT,2020-04,DOWNLOADED_VERIFIED,1945,ece152d49d8dadf02e6d3f3193071ba94a71bf571a4565374255f91624122c3d,C:\Users\vntfadmin\OneDrive - THG\Documents\Build Signal Bot\core4_portfolio_allocator\data\binance_usdm\klines\BTCUSDT\BTCUSDT-1d-2020-04.zip
klines,BTCUSDT,2020-05,DOWNLOADED_VERIFIED,2014,2b9c8f3955539dc29dcb25d6915e35f434c82eddca4483e9c062310e6cd85acd,C:\Users\vntfadmin\OneDrive - THG\Documents\Build Signal Bot\core4_portfolio_allocator\data\binance_usdm\klines\BTCUSDT\BTCUSDT-1d-2020-05.zip
klines,BTCUSDT,2020-06,DOWNLOADED_VERIFIED,1922,d52e253535b75f5af2442d620d3eb3d1e06e1e565c8ed92fb93a96b449bce7b5,C:\Users\vntfadmin\OneDrive - THG\Documents\Build Signal Bot\core4_portfolio_allocator\data\binance_usdm\klines\BTCUSDT\BTCUSDT-1d-2020-06.zip
klines,BTCUSDT,2020-07,DOWNLOADED_VERIFIED,1983,03a84112408f3ce5beedd98af8195cd53482b5271b434e1c48e5ea3c629ddb23,C:\Users\vntfadmin\OneDrive - THG\Documents\Build Signal Bot\core4_portfolio_allocator\data\binance_usdm\klines\BTCUSDT\BTCUSDT-1d-2020-07.zip
klines,BTCUSDT,2020-08,DOWNLOADED_VERIFIED,2008,92cca88204659005d28e1c6b49ab0a06051adea7d2ba7e918b4d8e4b178d86f5,C:\Users\vntfadmin\OneDrive - THG\Documents\Build Signal Bot\core4_portfolio_allocator\data\binance_usdm\klines\BTCUSDT\BTCUSDT-1d-2020-08.zip
klines,BTCUSDT,2020-09,DOWNLOADED_VERIFIED,1953,33dfb6af799a004f676b8cf9c81f6db3cbdb4e9183d256a626c24a8e4adf80e5,C:\Users\vntfadmin\OneDrive - THG\Documents\Build Signal Bot\core4_portfolio_allocator\data\binance_usdm\klines\BTCUSDT\BTCUSDT-1d-2020-09.zip
klines,BTCUSDT,2020-10,DOWNLOADED_VERIFIED,2006,22fefc0b40cec702ff683c2ef9d25c1e249677ca8055cef4d07d83839e480ad8,C:\Users\vntfadmin\OneDrive - THG\Documents\Build Signal Bot\core4_portfolio_allocator\data\binance_usdm\klines\BTCUSDT\BTCUSDT-1d-2020-10.zip
klines,BTCUSDT,2020-11,DOWNLOADED_VERIFIED,1998,15297014b7d6ee07dd90d97e4192e0949817da3c53ed26ef467857a53f29e0c4,C:\Users\vntfadmin\OneDrive - THG\Documents\Build Signal Bot\core4_portfolio_allocator\data\binance_usdm\klines\BTCUSDT\BTCUSDT-1d-2020-11.zip
klines,BTCUSDT,2020-12,DOWNLOADED_VERIFIED,2068,6cba4bb0135c45c8be87a88d0ea712455aa805b36faa431ebf30937b12d52c1d,C:\Users\vntfadmin\OneDrive - THG\Documents\Build Signal Bot\core4_portfolio_allocator\data\binance_usdm\klines\BTCUSDT\BTCUSDT-1d-2020-12.zip
klines,BTCUSDT,2021-01,DOWNLOADED_VERIFIED,2115,6a4dbacb435eac93e60896bd62a2320d313e6578f295a62f77cbee0d706a9981,C:\Users\vntfadmin\OneDrive - THG\Documents\Build Signal Bot\core4_portfolio_allocator\data\binance_usdm\klines\BTCUSDT\BTCUSDT-1d-2021-01.zip
klines,BTCUSDT,2021-02,DOWNLOADED_VERIFIED,1934,294d0696237dc225217df26103e78ac640850c34b0b6c2d44aa64a2f84a67884,C:\Users\vntfadmin\OneDrive - THG\Documents\Build Signal Bot\core4_portfolio_allocator\data\binance_usdm\klines\BTCUSDT\BTCUSDT-1d-2021-02.zip
klines,BTCUSDT,2021-03,DOWNLOADED_VERIFIED,2098,80d5f940649faa70cf374a2a7646d032eeb22582966125db4d24cf973c7cf899,C:\Users\vntfadmin\OneDrive - THG\Documents\Build Signal Bot\core4_portfolio_allocator\data\binance_usdm\klines\BTCUSDT\BTCUSDT-1d-2021-03.zip
klines,BTCUSDT,2021-04,DOWNLOADED_VERIFIED,2032,ec58d64320061a7a5b57238490b787e7376e72131d3d06e768120e2f5cd0c8c8,C:\Users\vntfadmin\OneDrive - THG\Documents\Build Signal Bot\core4_portfolio_allocator\data\binance_usdm\klines\BTCUSDT\BTCUSDT-1d-2021-04.zip
klines,BTCUSDT,2021-05,DOWNLOADED_VERIFIED,2123,12f232d27edb5c507bd8686108bfbe4cb6c6959960f1ff3b39a5ac831ffaf2b1,C:\Users\vntfadmin\OneDrive - THG\Documents\Build Signal Bot\core4_portfolio_allocator\data\binance_usdm\klines\BTCUSDT\BTCUSDT-1d-2021-05.zip
klines,BTCUSDT,2021-06,DOWNLOADED_VERIFIED,2047,10000897f2df8f86b2b6a8b218b7b5b9132fc0f25bd930c2444d458d843a00d9,C:\Users\vntfadmin\OneDrive - THG\Documents\Build Signal Bot\core4_portfolio_allocator\data\binance_usdm\klines\BTCUSDT\BTCUSDT-1d-2021-06.zip
klines,BTCUSDT,2021-07,DOWNLOADED_VERIFIED,2104,c3a7cd0aeda605a8b5ff327a0c596c9d60d2457d8673c3607757c9837c282178,C:\Users\vntfadmin\OneDrive - THG\Documents\Build Signal Bot\core4_portfolio_allocator\data\binance_usdm\klines\BTCUSDT\BTCUSDT-1d-2021-07.zip
klines,BTCUSDT,2021-08,DOWNLOADED_VERIFIED,2085,baf5fe9492f95a56f91bf80e17548294c992983e495017358be23b4c1174d214,C:\Users\vntfadmin\OneDrive - THG\Documents\Build Signal Bot\core4_portfolio_allocator\data\binance_usdm\klines\BTCUSDT\BTCUSDT-1d-2021-08.zip
klines,BTCUSDT,2021-09,DOWNLOADED_VERIFIED,2024,5ed176eb237c35110cd48dd219fe2d5acc59dbee1c7eb431643b1a3e14709976,C:\Users\vntfadmin\OneDrive - THG\Documents\Build Signal Bot\core4_portfolio_allocator\data\binance_usdm\klines\BTCUSDT\BTCUSDT-1d-2021-09.zip
klines,BTCUSDT,2021-10,DOWNLOADED_VERIFIED,2094,04be35f0945d02265243f1d7b42efc9bf3814d6c576bb629a8eac4a20ab1e032,C:\Users\vntfadmin\OneDrive - THG\Documents\Build Signal Bot\core4_portfolio_allocator\data\binance_usdm\klines\BTCUSDT\BTCUSDT-1d-2021-10.zip
klines,BTCUSDT,2021-11,DOWNLOADED_VERIFIED,2029,17814825202c6e1bf932c9d0b3e0fc682c73eb5dd0df23be323d3fa72909722c,C:\Users\vntfadmin\OneDrive - THG\Documents\Build Signal Bot\core4_portfolio_allocator\data\binance_usdm\klines\BTCUSDT\BTCUSDT-1d-2021-11.zip
klines,BTCUSDT,2021-12,DOWNLOADED_VERIFIED,2093,fa6f4fa8893ae41c856eab979d83baea8c09ac94a2d84d7942bef4c047c995d8,C:\Users\vntfadmin\OneDrive - THG\Documents\Build Signal Bot\core4_portfolio_allocator\data\binance_usdm\klines\BTCUSDT\BTCUSDT-1d-2021-12.zip
klines,BTCUSDT,2022-01,DOWNLOADED_VERIFIED,2173,6a345421a9e4146b8d352356c38c0c2cc21628c34e6a3f6668cf04d37de79f45,C:\Users\vntfadmin\OneDrive - THG\Documents\Build Signal Bot\core4_portfolio_allocator\data\binance_usdm\klines\BTCUSDT\BTCUSDT-1d-2022-01.zip
klines,BTCUSDT,2022-02,DOWNLOADED_VERIFIED,1997,2741e3ec53804c9d4b3c57f22845923e72249f63f075525c8be875f7c0db286f,C:\Users\vntfadmin\OneDrive - THG\Documents\Build Signal Bot\core4_portfolio_allocator\data\binance_usdm\klines\BTCUSDT\BTCUSDT-1d-2022-02.zip
klines,BTCUSDT,2022-03,DOWNLOADED_VERIFIED,2148,191cf0aba3059eacf6454b83ff803f485838be410e35910de0d38457590e9d19,C:\Users\vntfadmin\OneDrive - THG\Documents\Build Signal Bot\core4_portfolio_allocator\data\binance_usdm\klines\BTCUSDT\BTCUSDT-1d-2022-03.zip
klines,BTCUSDT,2022-04,DOWNLOADED_VERIFIED,2064,4bcb1a9e65a403b34f198b588a74de469863b33ddd1236133683df32e9ffe843,C:\Users\vntfadmin\OneDrive - THG\Documents\Build Signal Bot\core4_portfolio_allocator\data\binance_usdm\klines\BTCUSDT\BTCUSDT-1d-2022-04.zip
klines,BTCUSDT,2022-05,DOWNLOADED_VERIFIED,2153,aa39198db26d5807ff161bd10f0d3b16e5d4b9be69625d578f7634cbad55b37d,C:\Users\vntfadmin\OneDrive - THG\Documents\Build Signal Bot\core4_portfolio_allocator\data\binance_usdm\klines\BTCUSDT\BTCUSDT-1d-2022-05.zip
klines,BTCUSDT,2022-06,DOWNLOADED_VERIFIED,2087,9119db08b2dc695ee1d5a2921783268d06f2ac10afba2f05cba9593b42a3236b,C:\Users\vntfadmin\OneDrive - THG\Documents\Build Signal Bot\core4_portfolio_allocator\data\binance_usdm\klines\BTCUSDT\BTCUSDT-1d-2022-06.zip
klines,BTCUSDT,2022-07,DOWNLOADED_VERIFIED,2149,2232be04f9d396322450c5767efd273a3f87baf14760810bcfe2349c204a5f3a,C:\Users\vntfadmin\OneDrive - THG\Documents\Build Signal Bot\core4_portfolio_allocator\data\binance_usdm\klines\BTCUSDT\BTCUSDT-1d-2022-07.zip
klines,BTCUSDT,2022-08,DOWNLOADED_VERIFIED,2145,44418c0424e55351148f9fdc5d63523dfeb8ca1a7ec52d44cba7b90501720d8c,C:\Users\vntfadmin\OneDrive - THG\Documents\Build Signal Bot\core4_portfolio_allocator\data\binance_usdm\klines\BTCUSDT\BTCUSDT-1d-2022-08.zip
klines,BTCUSDT,2022-09,DOWNLOADED_VERIFIED,2083,d37049af761f66e66db0b0548f0fce7e31c24a10f9fc119ccead302884af6e76,C:\Users\vntfadmin\OneDrive - THG\Documents\Build Signal Bot\core4_portfolio_allocator\data\binance_usdm\klines\BTCUSDT\BTCUSDT-1d-2022-09.zip
klines,BTCUSDT,2022-10,DOWNLOADED_VERIFIED,2108,2682556173f1e1182dadc6b3cbcb8d8f84a9b717d650afbaca93cc1b93799918,C:\Users\vntfadmin\OneDrive - THG\Documents\Build Signal Bot\core4_portfolio_allocator\data\binance_usdm\klines\BTCUSDT\BTCUSDT-1d-2022-10.zip
klines,BTCUSDT,2022-11,DOWNLOADED_VERIFIED,2067,62f762325984c36ab67cb12112a329b935dd8a646198bc0d44700b1553e9cfe1,C:\Users\vntfadmin\OneDrive - THG\Documents\Build Signal Bot\core4_portfolio_allocator\data\binance_usdm\klines\BTCUSDT\BTCUSDT-1d-2022-11.zip
klines,BTCUSDT,2022-12,DOWNLOADED_VERIFIED,2071,2f8916fa91c619ab58450ad358fba3b2349c879c5f9f029aaffba0e3acf2cbd0,C:\Users\vntfadmin\OneDrive - THG\Documents\Build Signal Bot\core4_portfolio_allocator\data\binance_usdm\klines\BTCUSDT\BTCUSDT-1d-2022-12.zip
klines,BTCUSDT,2023-01,DOWNLOADED_VERIFIED,2133,3de9bef6b4cc6efcd32e4620aff1f27921432003184ca65f43cb03f943b085a1,C:\Users\vntfadmin\OneDrive - THG\Documents\Build Signal Bot\core4_portfolio_allocator\data\binance_usdm\klines\BTCUSDT\BTCUSDT-1d-2023-01.zip
klines,BTCUSDT,2023-02,DOWNLOADED_VERIFIED,1954,c2567987f8ceaa7fbaf9b5889eb7052d858e7e33707aa1e353a8c777111cee4a,C:\Users\vntfadmin\OneDrive - THG\Documents\Build Signal Bot\core4_portfolio_allocator\data\binance_usdm\klines\BTCUSDT\BTCUSDT-1d-2023-02.zip
klines,BTCUSDT,2023-03,DOWNLOADED_VERIFIED,2158,73c38a0c2ca448fe651c9242f62835d5fc2b3392d9b3878974cf469c6a9f147b,C:\Users\vntfadmin\OneDrive - THG\Documents\Build Signal Bot\core4_portfolio_allocator\data\binance_usdm\klines\BTCUSDT\BTCUSDT-1d-2023-03.zip
klines,BTCUSDT,2023-04,DOWNLOADED_VERIFIED,2075,7af72bedeca7eb147f40c909c5085c30bf5003c033e680b94efca0240f8486bf,C:\Users\vntfadmin\OneDrive - THG\Documents\Build Signal Bot\core4_portfolio_allocator\data\binance_usdm\klines\BTCUSDT\BTCUSDT-1d-2023-04.zip
klines,BTCUSDT,2023-05,DOWNLOADED_VERIFIED,2139,14c96d7ddea968e43e220b8e1e3f358265b89253442d98557904149c6f7d7002,C:\Users\vntfadmin\OneDrive - THG\Documents\Build Signal Bot\core4_portfolio_allocator\data\binance_usdm\klines\BTCUSDT\BTCUSDT-1d-2023-05.zip
klines,BTCUSDT,2023-06,DOWNLOADED_VERIFIED,2082,cda8a12d152f6c772c809ead7c780e2349239f2561f2758c50081b255784dcdb,C:\Users\vntfadmin\OneDrive - THG\Documents\Build Signal Bot\core4_portfolio_allocator\data\binance_usdm\klines\BTCUSDT\BTCUSDT-1d-2023-06.zip
klines,BTCUSDT,2023-07,DOWNLOADED_VERIFIED,2118,3ee0f86ac09a7bf062831a8ec84d70ec509e77ba403a73ffca049b7285223c13,C:\Users\vntfadmin\OneDrive - THG\Documents\Build Signal Bot\core4_portfolio_allocator\data\binance_usdm\klines\BTCUSDT\BTCUSDT-1d-2023-07.zip
klines,BTCUSDT,2023-08,DOWNLOADED_VERIFIED,2106,41b24c62e3d1faffb51c0ac9be01d771a6bfb2e3867b8dbe05786d3f700ed8c4,C:\Users\vntfadmin\OneDrive - THG\Documents\Build Signal Bot\core4_portfolio_allocator\data\binance_usdm\klines\BTCUSDT\BTCUSDT-1d-2023-08.zip
klines,BTCUSDT,2023-09,DOWNLOADED_VERIFIED,2033,1e96a90b3df6f41b55ab34fdfadc77d1837eae039155e1f0a4e7629fdbe019de,C:\Users\vntfadmin\OneDrive - THG\Documents\Build Signal Bot\core4_portfolio_allocator\data\binance_usdm\klines\BTCUSDT\BTCUSDT-1d-2023-09.zip
klines,BTCUSDT,2023-10,DOWNLOADED_VERIFIED,2091,35af8f19a76011935111104919ed535c63a225b1334f36eaa9e488e7a228dd67,C:\Users\vntfadmin\OneDrive - THG\Documents\Build Signal Bot\core4_portfolio_allocator\data\binance_usdm\klines\BTCUSDT\BTCUSDT-1d-2023-10.zip
klines,BTCUSDT,2023-11,DOWNLOADED_VERIFIED,2042,eae4a133704d6b3a2c2c796bffce6aff605d72cb9a0e974e0fc16adf23c150f6,C:\Users\vntfadmin\OneDrive - THG\Documents\Build Signal Bot\core4_portfolio_allocator\data\binance_usdm\klines\BTCUSDT\BTCUSDT-1d-2023-11.zip
klines,BTCUSDT,2023-12,DOWNLOADED_VERIFIED,2129,417fd4410cdeede8bb0f473bdece4c856a27c737e95ef3370c8333fbe9fa0023,C:\Users\vntfadmin\OneDrive - THG\Documents\Build Signal Bot\core4_portfolio_allocator\data\binance_usdm\klines\BTCUSDT\BTCUSDT-1d-2023-12.zip
klines,BTCUSDT,2024-01,DOWNLOADED_VERIFIED,2139,26b06a00b615b9a85c6c7404971a8756c1006ef8192f8b1a02aadb9fef7e61f5,C:\Users\vntfadmin\OneDrive - THG\Documents\Build Signal Bot\core4_portfolio_allocator\data\binance_usdm\klines\BTCUSDT\BTCUSDT-1d-2024-01.zip
klines,BTCUSDT,2024-02,DOWNLOADED_VERIFIED,2036,082bc500af56b944e9f68707e7f32aef98d6793ccd542ecfc2ffbaf9dda2377a,C:\Users\vntfadmin\OneDrive - THG\Documents\Build Signal Bot\core4_portfolio_allocator\data\binance_usdm\klines\BTCUSDT\BTCUSDT-1d-2024-02.zip
klines,BTCUSDT,2024-03,DOWNLOADED_VERIFIED,2159,44dcb588ee5f82601710d37492246575585ab70d7c938b79e0d7163434d25436,C:\Users\vntfadmin\OneDrive - THG\Documents\Build Signal Bot\core4_portfolio_allocator\data\binance_usdm\klines\BTCUSDT\BTCUSDT-1d-2024-03.zip
klines,BTCUSDT,2024-04,DOWNLOADED_VERIFIED,2099,e09120d5e8c029f132670d03e173420bd599ac582c5ab38bc02136bfc7b2fabc,C:\Users\vntfadmin\OneDrive - THG\Documents\Build Signal Bot\core4_portfolio_allocator\data\binance_usdm\klines\BTCUSDT\BTCUSDT-1d-2024-04.zip
klines,BTCUSDT,2024-05,DOWNLOADED_VERIFIED,2133,03ea4f510206bdc5ff623acd6fab27ff46a464d700dcb00d637d6cb6c844ccde,C:\Users\vntfadmin\OneDrive - THG\Documents\Build Signal Bot\core4_portfolio_allocator\data\binance_usdm\klines\BTCUSDT\BTCUSDT-1d-2024-05.zip
klines,BTCUSDT,2024-06,DOWNLOADED_VERIFIED,2068,a92b43b86ff23ad4e9ea0b931c6a88ecdb4d3265052ab96e81a078344c99328c,C:\Users\vntfadmin\OneDrive - THG\Documents\Build Signal Bot\core4_portfolio_allocator\data\binance_usdm\klines\BTCUSDT\BTCUSDT-1d-2024-06.zip
klines,BTCUSDT,2024-07,DOWNLOADED_VERIFIED,2137,f3ea230291b5d2243f06fbf8b0ce213ab8aaa82ea3a94bdbb5661edda43b4cbe,C:\Users\vntfadmin\OneDrive - THG\Documents\Build Signal Bot\core4_portfolio_allocator\data\binance_usdm\klines\BTCUSDT\BTCUSDT-1d-2024-07.zip
klines,BTCUSDT,2024-08,DOWNLOADED_VERIFIED,2153,cd84abb28fffe93471c77859b9d8c57059fb88b4522545ab80c6fb3d6c834140,C:\Users\vntfadmin\OneDrive - THG\Documents\Build Signal Bot\core4_portfolio_allocator\data\binance_usdm\klines\BTCUSDT\BTCUSDT-1d-2024-08.zip
klines,BTCUSDT,2024-09,DOWNLOADED_VERIFIED,2069,2516eb3105e5a9458350a12dade88224f7a71e67d1a593fdeabb75f8bbdf3ff2,C:\Users\vntfadmin\OneDrive - THG\Documents\Build Signal Bot\core4_portfolio_allocator\data\binance_usdm\klines\BTCUSDT\BTCUSDT-1d-2024-09.zip
klines,BTCUSDT,2024-10,DOWNLOADED_VERIFIED,2125,c0d3d077c5e41ec2201e8bc8382e1ad4f7b4dfecac8f4f827a1d20ab1d87baeb,C:\Users\vntfadmin\OneDrive - THG\Documents\Build Signal Bot\core4_portfolio_allocator\data\binance_usdm\klines\BTCUSDT\BTCUSDT-1d-2024-10.zip
klines,BTCUSDT,2024-11,DOWNLOADED_VERIFIED,2094,98bcbfe0e6687f237c0c7913e7c39c625129a8e4cf6d1f358235f1ed5cc0e9ef,C:\Users\vntfadmin\OneDrive - THG\Documents\Build Signal Bot\core4_portfolio_allocator\data\binance_usdm\klines\BTCUSDT\BTCUSDT-1d-2024-11.zip
klines,BTCUSDT,2024-12,DOWNLOADED_VERIFIED,2122,9374dc7b5f2790965f6b87223746e8537e59e7f9403eb24241615b6745ec1be2,C:\Users\vntfadmin\OneDrive - THG\Documents\Build Signal Bot\core4_portfolio_allocator\data\binance_usdm\klines\BTCUSDT\BTCUSDT-1d-2024-12.zip
klines,BTCUSDT,2025-01,DOWNLOADED_VERIFIED,2141,d0e4cddb95124cd770325a418e170692b6325ad57d04980c9f0a56f91aeb8abe,C:\Users\vntfadmin\OneDrive - THG\Documents\Build Signal Bot\core4_portfolio_allocator\data\binance_usdm\klines\BTCUSDT\BTCUSDT-1d-2025-01.zip
klines,BTCUSDT,2025-02,DOWNLOADED_VERIFIED,1942,9d7f03443771d9a88f72179995bfa490cbddb291e6570da5303aa3dd1318773d,C:\Users\vntfadmin\OneDrive - THG\Documents\Build Signal Bot\core4_portfolio_allocator\data\binance_usdm\klines\BTCUSDT\BTCUSDT-1d-2025-02.zip
klines,BTCUSDT,2025-03,DOWNLOADED_VERIFIED,2141,630d36287b1e90438c4bda4d5966c97c129bdadfc5c20dd666e21d7c72e1ec54,C:\Users\vntfadmin\OneDrive - THG\Documents\Build Signal Bot\core4_portfolio_allocator\data\binance_usdm\klines\BTCUSDT\BTCUSDT-1d-2025-03.zip
klines,BTCUSDT,2025-04,DOWNLOADED_VERIFIED,2070,7ecc8db32272da5151d96da48014ab657c492b49468fcd2e13186efc54d54815,C:\Users\vntfadmin\OneDrive - THG\Documents\Build Signal Bot\core4_portfolio_allocator\data\binance_usdm\klines\BTCUSDT\BTCUSDT-1d-2025-04.zip
klines,BTCUSDT,2025-05,DOWNLOADED_VERIFIED,2127,4881cc91121ea7faabeaf1d46807044dfa0af6fdef5c8d512bebbe047456b4f6,C:\Users\vntfadmin\OneDrive - THG\Documents\Build Signal Bot\core4_portfolio_allocator\data\binance_usdm\klines\BTCUSDT\BTCUSDT-1d-2025-05.zip
klines,BTCUSDT,2025-06,DOWNLOADED_VERIFIED,2055,c11054f2eaacd83b4327c7eef2001221e33beb3caf6dab2b44d2cef0da6ab98b,C:\Users\vntfadmin\OneDrive - THG\Documents\Build Signal Bot\core4_portfolio_allocator\data\binance_usdm\klines\BTCUSDT\BTCUSDT-1d-2025-06.zip
klines,BTCUSDT,2025-07,DOWNLOADED_VERIFIED,2125,bce326227436ff4ebf119379859c1ac1c8df5fcb8a4bfe9f07c7f8ade18f9d7d,C:\Users\vntfadmin\OneDrive - THG\Documents\Build Signal Bot\core4_portfolio_allocator\data\binance_usdm\klines\BTCUSDT\BTCUSDT-1d-2025-07.zip
klines,BTCUSDT,2025-08,DOWNLOADED_VERIFIED,2130,cb26a985295a658b1c69a253bf617e35e2cfa3b9ad694dfc2b20977baf918f21,C:\Users\vntfadmin\OneDrive - THG\Documents\Build Signal Bot\core4_portfolio_allocator\data\binance_usdm\klines\BTCUSDT\BTCUSDT-1d-2025-08.zip
klines,BTCUSDT,2025-09,DOWNLOADED_VERIFIED,2059,a4f711e5efb64e87c66d945db3440d2161a6d68eeaee026732c085bf77c9784b,C:\Users\vntfadmin\OneDrive - THG\Documents\Build Signal Bot\core4_portfolio_allocator\data\binance_usdm\klines\BTCUSDT\BTCUSDT-1d-2025-09.zip
klines,BTCUSDT,2025-10,DOWNLOADED_VERIFIED,2140,f3db8b3c74aa33a09f5a7af1521652039e031cdd52e2d9dae542911cb6ce8e68,C:\Users\vntfadmin\OneDrive - THG\Documents\Build Signal Bot\core4_portfolio_allocator\data\binance_usdm\klines\BTCUSDT\BTCUSDT-1d-2025-10.zip
klines,BTCUSDT,2025-11,DOWNLOADED_VERIFIED,2076,606b497e9d4ad7b67d2c44482c4a8c136f528a82b4585b1f1a0ecc79a4989165,C:\Users\vntfadmin\OneDrive - THG\Documents\Build Signal Bot\core4_portfolio_allocator\data\binance_usdm\klines\BTCUSDT\BTCUSDT-1d-2025-11.zip
klines,BTCUSDT,2025-12,DOWNLOADED_VERIFIED,2123,40484d66317a3c7c73e438f8243faf23e041863debdb9e4f523b00156f9dd8d2,C:\Users\vntfadmin\OneDrive - THG\Documents\Build Signal Bot\core4_portfolio_allocator\data\binance_usdm\klines\BTCUSDT\BTCUSDT-1d-2025-12.zip
klines,BTCUSDT,2026-01,DOWNLOADED_VERIFIED,2111,6ea7e8767031806d4ecc17581af562e49f4f223b7db45cbb4e44c078f4f39635,C:\Users\vntfadmin\OneDrive - THG\Documents\Build Signal Bot\core4_portfolio_allocator\data\binance_usdm\klines\BTCUSDT\BTCUSDT-1d-2026-01.zip
klines,BTCUSDT,2026-02,DOWNLOADED_VERIFIED,1961,dc4ac6372ec3684e39887b4fd9f9b005da82b285badf56b28ebcc5455590fe37,C:\Users\vntfadmin\OneDrive - THG\Documents\Build Signal Bot\core4_portfolio_allocator\data\binance_usdm\klines\BTCUSDT\BTCUSDT-1d-2026-02.zip
klines,BTCUSDT,2026-03,DOWNLOADED_VERIFIED,2130,6e6f14c60e723f9c9d1e87d00df0553e6f2e8813c67154101884e1d93e017e48,C:\Users\vntfadmin\OneDrive - THG\Documents\Build Signal Bot\core4_portfolio_allocator\data\binance_usdm\klines\BTCUSDT\BTCUSDT-1d-2026-03.zip
klines,BTCUSDT,2026-04,DOWNLOADED_VERIFIED,2049,3860febfca089675b86fd50df54a2da0a7980de1331e5b42e1df0210240ae12d,C:\Users\vntfadmin\OneDrive - THG\Documents\Build Signal Bot\core4_portfolio_allocator\data\binance_usdm\klines\BTCUSDT\BTCUSDT-1d-2026-04.zip
klines,BTCUSDT,2026-05,DOWNLOADED_VERIFIED,2106,91d2e45e3bb4994c849ac56a089da18575b4d01ba1a9f4cff5d3fbbc27b7e9cc,C:\Users\vntfadmin\OneDrive - THG\Documents\Build Signal Bot\core4_portfolio_allocator\data\binance_usdm\klines\BTCUSDT\BTCUSDT-1d-2026-05.zip
klines,BTCUSDT,2026-06,DOWNLOADED_VERIFIED,2068,916bc1d543aceb81184584da93d202cccaab5e21eb4e789996af35e6846de668,C:\Users\vntfadmin\OneDrive - THG\Documents\Build Signal Bot\core4_portfolio_allocator\data\binance_usdm\klines\BTCUSDT\BTCUSDT-1d-2026-06.zip
klines,BTCUSDT,2026-07,DOWNLOADED_VERIFIED,2111,c8aa635aee3c6fdc48347adc975b60c2342ef4253f4269494f9e08e85be61480,C:\Users\vntfadmin\OneDrive - THG\Documents\Build Signal Bot\core4_portfolio_allocator\data\binance_usdm\klines\BTCUSDT\BTCUSDT-1d-2026-07.zip
klines,BTCUSDT,2026-08,DOWNLOADED_VERIFIED,2115,0c7a739c1eae50cb60a31cedb4cb59b14b3a806523f044e9e8abbdf5e2a4512b,C:\Users\vntfadmin\OneDrive - THG\Documents\Build Signal Bot\core4_portfolio_allocator\data\binance_usdm\klines\BTCUSDT\BTCUSDT-1d-2026-08.zip
klines,ETHUSDT,2019-11,NOT_PUBLISHED,0,,C:\Users\vntfadmin\OneDrive - THG\Documents\Build Signal Bot\core4_portfolio_allocator\data\binance_usdm\klines\ETHUSDT\ETHUSDT-1d-2019-11.zip
klines,ETHUSDT,2019-12,NOT_PUBLISHED,0,,C:\Users\vntfadmin\OneDrive - THG\Documents\Build Signal Bot\core4_portfolio_allocator\data\binance_usdm\klines\ETHUSDT\ETHUSDT-1d-2019-12.zip
klines,ETHUSDT,2020-01,DOWNLOADED_VERIFIED,1867,1c447c2d1ee892420395690ae6365ecc3ae24f091e17807ccb3be93fe850f58c,C:\Users\vntfadmin\OneDrive - THG\Documents\Build Signal Bot\core4_portfolio_allocator\data\binance_usdm\klines\ETHUSDT\ETHUSDT-1d-2020-01.zip
klines,ETHUSDT,2020-02,DOWNLOADED_VERIFIED,1809,1403c48c73b5f8c8e21c16f6ad2074941ebecd665fccb6ec5bbf8a959c7c6b23,C:\Users\vntfadmin\OneDrive - THG\Documents\Build Signal Bot\core4_portfolio_allocator\data\binance_usdm\klines\ETHUSDT\ETHUSDT-1d-2020-02.zip
klines,ETHUSDT,2020-03,DOWNLOADED_VERIFIED,1913,37d8680fd6388dd6e5016094a93a0408279422747a442a24f8a0446e0c69fc79,C:\Users\vntfadmin\OneDrive - THG\Documents\Build Signal Bot\core4_portfolio_allocator\data\binance_usdm\klines\ETHUSDT\ETHUSDT-1d-2020-03.zip
klines,ETHUSDT,2020-04,DOWNLOADED_VERIFIED,1870,8b563aa55b8b7ad384ef7686866a603425a0e7ebd553930a1cfd72ee1a5e5617,C:\Users\vntfadmin\OneDrive - THG\Documents\Build Signal Bot\core4_portfolio_allocator\data\binance_usdm\klines\ETHUSDT\ETHUSDT-1d-2020-04.zip
klines,ETHUSDT,2020-05,DOWNLOADED_VERIFIED,1914,a2168590a401c001e536907d2493a68ea0f82e9e9fab99b07bc6dd188398ebb5,C:\Users\vntfadmin\OneDrive - THG\Documents\Build Signal Bot\core4_portfolio_allocator\data\binance_usdm\klines\ETHUSDT\ETHUSDT-1d-2020-05.zip
klines,ETHUSDT,2020-06,DOWNLOADED_VERIFIED,1858,797f29c89d00ffd397fca4000e69269abbbb5a039834e636bfc14333566d3d6d,C:\Users\vntfadmin\OneDrive - THG\Documents\Build Signal Bot\core4_portfolio_allocator\data\binance_usdm\klines\ETHUSDT\ETHUSDT-1d-2020-06.zip
klines,ETHUSDT,2020-07,DOWNLOADED_VERIFIED,1904,ec32dd63bdccebc9bd4ace7cafddd024c41b17fc03f528b2f3d1f08030438af4,C:\Users\vntfadmin\OneDrive - THG\Documents\Build Signal Bot\core4_portfolio_allocator\data\binance_usdm\klines\ETHUSDT\ETHUSDT-1d-2020-07.zip
klines,ETHUSDT,2020-08,DOWNLOADED_VERIFIED,1958,50a82930975079187ddb0836b9a4014691f4caa47f3618ebc9d9b2a050d9c3a6,C:\Users\vntfadmin\OneDrive - THG\Documents\Build Signal Bot\core4_portfolio_allocator\data\binance_usdm\klines\ETHUSDT\ETHUSDT-1d-2020-08.zip
klines,ETHUSDT,2020-09,DOWNLOADED_VERIFIED,1900,671c9b85dd6e525f6c98239d8b63b0c64c1478210d238ba47de86b54c64eaa1a,C:\Users\vntfadmin\OneDrive - THG\Documents\Build Signal Bot\core4_portfolio_allocator\data\binance_usdm\klines\ETHUSDT\ETHUSDT-1d-2020-09.zip
klines,ETHUSDT,2020-10,DOWNLOADED_VERIFIED,1924,f140c378b5e55560ac01fc48e1d2885a8e23e7e15b258ed778c003684532953e,C:\Users\vntfadmin\OneDrive - THG\Documents\Build Signal Bot\core4_portfolio_allocator\data\binance_usdm\klines\ETHUSDT\ETHUSDT-1d-2020-10.zip
klines,ETHUSDT,2020-11,DOWNLOADED_VERIFIED,1932,764d33511032c34be8b563591d7730bd09858dcde8588ffb5ef548c4c728a894,C:\Users\vntfadmin\OneDrive - THG\Documents\Build Signal Bot\core4_portfolio_allocator\data\binance_usdm\klines\ETHUSDT\ETHUSDT-1d-2020-11.zip
klines,ETHUSDT,2020-12,DOWNLOADED_VERIFIED,1985,1a53353c7ad246ccccdb37df0162f0add0cd9529c974edf077b3f4aa64bcbe88,C:\Users\vntfadmin\OneDrive - THG\Documents\Build Signal Bot\core4_portfolio_allocator\data\binance_usdm\klines\ETHUSDT\ETHUSDT-1d-2020-12.zip
klines,ETHUSDT,2021-01,DOWNLOADED_VERIFIED,2059,2e2ccf271a78446c410d6617c093b8b0693f5e2cb7341518c6d7567fffca4e15,C:\Users\vntfadmin\OneDrive - THG\Documents\Build Signal Bot\core4_portfolio_allocator\data\binance_usdm\klines\ETHUSDT\ETHUSDT-1d-2021-01.zip
klines,ETHUSDT,2021-02,DOWNLOADED_VERIFIED,1866,f5e4db8529bc89c792a0a78e791d0e90d613be6eff4041a5a024106a88a2d0a3,C:\Users\vntfadmin\OneDrive - THG\Documents\Build Signal Bot\core4_portfolio_allocator\data\binance_usdm\klines\ETHUSDT\ETHUSDT-1d-2021-02.zip
klines,ETHUSDT,2021-03,DOWNLOADED_VERIFIED,2033,fdf66b48c460eeb873b7c567b129c9f93fe14c50e1dbe5afb769881b01846e95,C:\Users\vntfadmin\OneDrive - THG\Documents\Build Signal Bot\core4_portfolio_allocator\data\binance_usdm\klines\ETHUSDT\ETHUSDT-1d-2021-03.zip
klines,ETHUSDT,2021-04,DOWNLOADED_VERIFIED,1984,ab57d26d80cfb3e29deb5204cd04c812dd5f53a1c07b669266cf93ee74f8114f,C:\Users\vntfadmin\OneDrive - THG\Documents\Build Signal Bot\core4_portfolio_allocator\data\binance_usdm\klines\ETHUSDT\ETHUSDT-1d-2021-04.zip
klines,ETHUSDT,2021-05,DOWNLOADED_VERIFIED,2090,5e438213128dd75c42a40ab6fb637c6d261ff10cf2d453177d9a13a7178b25e5,C:\Users\vntfadmin\OneDrive - THG\Documents\Build Signal Bot\core4_portfolio_allocator\data\binance_usdm\klines\ETHUSDT\ETHUSDT-1d-2021-05.zip
klines,ETHUSDT,2021-06,DOWNLOADED_VERIFIED,2008,99dbca88b4fb842ed40d312ac82cbfa33e8e3e147dc02896ca6f910c77a39269,C:\Users\vntfadmin\OneDrive - THG\Documents\Build Signal Bot\core4_portfolio_allocator\data\binance_usdm\klines\ETHUSDT\ETHUSDT-1d-2021-06.zip
klines,ETHUSDT,2021-07,DOWNLOADED_VERIFIED,2040,c36924e39814cdcab057c2abd9efedccb7dfd0b4ac2e5ed86346b52d8ce24489,C:\Users\vntfadmin\OneDrive - THG\Documents\Build Signal Bot\core4_portfolio_allocator\data\binance_usdm\klines\ETHUSDT\ETHUSDT-1d-2021-07.zip
klines,ETHUSDT,2021-08,DOWNLOADED_VERIFIED,2063,5caa2fca456e28deff2e39cd7ee2c85946fe3d8be3d23624c67b91fd2da9257b,C:\Users\vntfadmin\OneDrive - THG\Documents\Build Signal Bot\core4_portfolio_allocator\data\binance_usdm\klines\ETHUSDT\ETHUSDT-1d-2021-08.zip
klines,ETHUSDT,2021-09,DOWNLOADED_VERIFIED,1992,cdca161399a79cb2eb5958cd11a6b976f3a0fd7cadd561dd423a30a17d9af050,C:\Users\vntfadmin\OneDrive - THG\Documents\Build Signal Bot\core4_portfolio_allocator\data\binance_usdm\klines\ETHUSDT\ETHUSDT-1d-2021-09.zip
klines,ETHUSDT,2021-10,DOWNLOADED_VERIFIED,2047,0c8f6b52c608751b9f56aa7663d53364d2f87d51ded005380b2fb2cb6a28c3af,C:\Users\vntfadmin\OneDrive - THG\Documents\Build Signal Bot\core4_portfolio_allocator\data\binance_usdm\klines\ETHUSDT\ETHUSDT-1d-2021-10.zip
klines,ETHUSDT,2021-11,DOWNLOADED_VERIFIED,1988,dccb3f8867a5672fc18b285b963f61e43ef1a3c9c0cf2bea654d1f214ec95aa4,C:\Users\vntfadmin\OneDrive - THG\Documents\Build Signal Bot\core4_portfolio_allocator\data\binance_usdm\klines\ETHUSDT\ETHUSDT-1d-2021-11.zip
klines,ETHUSDT,2021-12,DOWNLOADED_VERIFIED,2065,fb0cc2d6b5b61c303cf766274a44bc77e0851dde0492f275f557c4fbc22fa021,C:\Users\vntfadmin\OneDrive - THG\Documents\Build Signal Bot\core4_portfolio_allocator\data\binance_usdm\klines\ETHUSDT\ETHUSDT-1d-2021-12.zip
klines,ETHUSDT,2022-01,DOWNLOADED_VERIFIED,2158,c41822818408e353b1dccb10eb9660f946a28c9aea5c007fa33df7b002423a5d,C:\Users\vntfadmin\OneDrive - THG\Documents\Build Signal Bot\core4_portfolio_allocator\data\binance_usdm\klines\ETHUSDT\ETHUSDT-1d-2022-01.zip
klines,ETHUSDT,2022-02,DOWNLOADED_VERIFIED,1950,a294d9cfd32f2f269ebbd00b1ee1ffa5c2aa86186853afcf6aa89a839d45b407,C:\Users\vntfadmin\OneDrive - THG\Documents\Build Signal Bot\core4_portfolio_allocator\data\binance_usdm\klines\ETHUSDT\ETHUSDT-1d-2022-02.zip
klines,ETHUSDT,2022-03,DOWNLOADED_VERIFIED,2134,3f381d3b20087be90992ee6095df84410f316caaeb3507d354b5d622621b327c,C:\Users\vntfadmin\OneDrive - THG\Documents\Build Signal Bot\core4_portfolio_allocator\data\binance_usdm\klines\ETHUSDT\ETHUSDT-1d-2022-03.zip
klines,ETHUSDT,2022-04,DOWNLOADED_VERIFIED,2073,981a55b337e8e4fcc4d4709d241d09ee9c49467e36fa506f66b82a8254ba09b2,C:\Users\vntfadmin\OneDrive - THG\Documents\Build Signal Bot\core4_portfolio_allocator\data\binance_usdm\klines\ETHUSDT\ETHUSDT-1d-2022-04.zip
klines,ETHUSDT,2022-05,DOWNLOADED_VERIFIED,2162,feecae43defd8555f7dc07ce6748857933f60b388c41700a766ba9fda50820a7,C:\Users\vntfadmin\OneDrive - THG\Documents\Build Signal Bot\core4_portfolio_allocator\data\binance_usdm\klines\ETHUSDT\ETHUSDT-1d-2022-05.zip
klines,ETHUSDT,2022-06,DOWNLOADED_VERIFIED,2104,b11ed08bd062f5c1110bc3c0e39be6101e53f258be0910d58d2f8b7ca3aa5c00,C:\Users\vntfadmin\OneDrive - THG\Documents\Build Signal Bot\core4_portfolio_allocator\data\binance_usdm\klines\ETHUSDT\ETHUSDT-1d-2022-06.zip
klines,ETHUSDT,2022-07,DOWNLOADED_VERIFIED,2162,27722df479d5f0b4a01744afc961482ff3f423d01832f41c96cb669b4f09ba98,C:\Users\vntfadmin\OneDrive - THG\Documents\Build Signal Bot\core4_portfolio_allocator\data\binance_usdm\klines\ETHUSDT\ETHUSDT-1d-2022-07.zip
klines,ETHUSDT,2022-08,DOWNLOADED_VERIFIED,2166,d9dca0a01cc50266277c8add1e23d47543d8663d4263c983aaf5149aa7f3617b,C:\Users\vntfadmin\OneDrive - THG\Documents\Build Signal Bot\core4_portfolio_allocator\data\binance_usdm\klines\ETHUSDT\ETHUSDT-1d-2022-08.zip
klines,ETHUSDT,2022-09,DOWNLOADED_VERIFIED,2101,63b81d8592a90989c55beacee91ed69d1b417c750bc7e4fa2ca733607e38290b,C:\Users\vntfadmin\OneDrive - THG\Documents\Build Signal Bot\core4_portfolio_allocator\data\binance_usdm\klines\ETHUSDT\ETHUSDT-1d-2022-09.zip
klines,ETHUSDT,2022-10,DOWNLOADED_VERIFIED,2138,cbf3d0d9e2a8a2178bc700109a68287a6642d210539bff51bc591ee86be01796,C:\Users\vntfadmin\OneDrive - THG\Documents\Build Signal Bot\core4_portfolio_allocator\data\binance_usdm\klines\ETHUSDT\ETHUSDT-1d-2022-10.zip
klines,ETHUSDT,2022-11,DOWNLOADED_VERIFIED,2101,f95a3203f726f6dde1caeb5ed1bd2cab4749c52b808fee48054caafc3696f62c,C:\Users\vntfadmin\OneDrive - THG\Documents\Build Signal Bot\core4_portfolio_allocator\data\binance_usdm\klines\ETHUSDT\ETHUSDT-1d-2022-11.zip
klines,ETHUSDT,2022-12,DOWNLOADED_VERIFIED,2128,3edd3c381d1ee51d4c58921645c12d2a5862910f5294c5703055b116ed33481f,C:\Users\vntfadmin\OneDrive - THG\Documents\Build Signal Bot\core4_portfolio_allocator\data\binance_usdm\klines\ETHUSDT\ETHUSDT-1d-2022-12.zip
klines,ETHUSDT,2023-01,DOWNLOADED_VERIFIED,2115,3d3fcbf5ffbca73de14355c7214252d0a7b5e36a504f51635c2cfd6c276c13ee,C:\Users\vntfadmin\OneDrive - THG\Documents\Build Signal Bot\core4_portfolio_allocator\data\binance_usdm\klines\ETHUSDT\ETHUSDT-1d-2023-01.zip
klines,ETHUSDT,2023-02,DOWNLOADED_VERIFIED,1966,11d6ed63254c4134a4951e765bd8b136c3c5424fe8868bb50fb0f398ca96b998,C:\Users\vntfadmin\OneDrive - THG\Documents\Build Signal Bot\core4_portfolio_allocator\data\binance_usdm\klines\ETHUSDT\ETHUSDT-1d-2023-02.zip
klines,ETHUSDT,2023-03,DOWNLOADED_VERIFIED,2147,e52713b6f21b7da1f9208b44b4917a4bf06baff3501b18e6e95ce3ca0abc60e7,C:\Users\vntfadmin\OneDrive - THG\Documents\Build Signal Bot\core4_portfolio_allocator\data\binance_usdm\klines\ETHUSDT\ETHUSDT-1d-2023-03.zip
klines,ETHUSDT,2023-04,DOWNLOADED_VERIFIED,2084,62dba6202277441943d2e7e0dd5c80c0366d6f20a528fbe870e1900d6dc583ea,C:\Users\vntfadmin\OneDrive - THG\Documents\Build Signal Bot\core4_portfolio_allocator\data\binance_usdm\klines\ETHUSDT\ETHUSDT-1d-2023-04.zip
klines,ETHUSDT,2023-05,DOWNLOADED_VERIFIED,2129,74fff9b141ccabc48377e9247607f7e2fc6427ed9ccbfc31a82f61ab7ad983ff,C:\Users\vntfadmin\OneDrive - THG\Documents\Build Signal Bot\core4_portfolio_allocator\data\binance_usdm\klines\ETHUSDT\ETHUSDT-1d-2023-05.zip
klines,ETHUSDT,2023-06,DOWNLOADED_VERIFIED,2064,92de632c4c78c77201b0eb9325ad8deb0cfb22fda6c6fa8e51c8414662fa10ae,C:\Users\vntfadmin\OneDrive - THG\Documents\Build Signal Bot\core4_portfolio_allocator\data\binance_usdm\klines\ETHUSDT\ETHUSDT-1d-2023-06.zip
klines,ETHUSDT,2023-07,DOWNLOADED_VERIFIED,2093,94d6cba75f179498ae673a748186ce36533c1dedfa04ae5ac53e5a8bf2a30051,C:\Users\vntfadmin\OneDrive - THG\Documents\Build Signal Bot\core4_portfolio_allocator\data\binance_usdm\klines\ETHUSDT\ETHUSDT-1d-2023-07.zip
klines,ETHUSDT,2023-08,DOWNLOADED_VERIFIED,2096,a280e5e94456ab8798b0a0e5525dba985221fd3624a17a96b2d2e19591e6426f,C:\Users\vntfadmin\OneDrive - THG\Documents\Build Signal Bot\core4_portfolio_allocator\data\binance_usdm\klines\ETHUSDT\ETHUSDT-1d-2023-08.zip
klines,ETHUSDT,2023-09,DOWNLOADED_VERIFIED,2031,4b5e61f95fe3af03d3cc765f0e2187e8bd49596dfc23be9f961100ab1af14695,C:\Users\vntfadmin\OneDrive - THG\Documents\Build Signal Bot\core4_portfolio_allocator\data\binance_usdm\klines\ETHUSDT\ETHUSDT-1d-2023-09.zip
klines,ETHUSDT,2023-10,DOWNLOADED_VERIFIED,2113,bbc7261b0100b34f6d0ceb8cbe8938b46ea35cafad5270168e97565283e1e77d,C:\Users\vntfadmin\OneDrive - THG\Documents\Build Signal Bot\core4_portfolio_allocator\data\binance_usdm\klines\ETHUSDT\ETHUSDT-1d-2023-10.zip
klines,ETHUSDT,2023-11,DOWNLOADED_VERIFIED,2059,ee9dfe21148fa778f8144bec8633109ef597e70c3ff304318eef3a575845d0fc,C:\Users\vntfadmin\OneDrive - THG\Documents\Build Signal Bot\core4_portfolio_allocator\data\binance_usdm\klines\ETHUSDT\ETHUSDT-1d-2023-11.zip
klines,ETHUSDT,2023-12,DOWNLOADED_VERIFIED,2143,3b6125b2a9ca673ab1f121112bd3951726c496287d52320d19ae6ad153f2ec11,C:\Users\vntfadmin\OneDrive - THG\Documents\Build Signal Bot\core4_portfolio_allocator\data\binance_usdm\klines\ETHUSDT\ETHUSDT-1d-2023-12.zip
klines,ETHUSDT,2024-01,DOWNLOADED_VERIFIED,2148,8aad2a309ca1e4d2f8220ba7cf6f4eca7b8bf9a05524f4dd9ce51ee75a22f315,C:\Users\vntfadmin\OneDrive - THG\Documents\Build Signal Bot\core4_portfolio_allocator\data\binance_usdm\klines\ETHUSDT\ETHUSDT-1d-2024-01.zip
klines,ETHUSDT,2024-02,DOWNLOADED_VERIFIED,2029,7941d26996140a7e2788f5c56eb0e8c2d1a5e9afddb2dae37a2f3a438b42314d,C:\Users\vntfadmin\OneDrive - THG\Documents\Build Signal Bot\core4_portfolio_allocator\data\binance_usdm\klines\ETHUSDT\ETHUSDT-1d-2024-02.zip
klines,ETHUSDT,2024-03,DOWNLOADED_VERIFIED,2159,43c489e116da4f928638fe7daf47754daf41ab97037c0bf5b7362870a8224b19,C:\Users\vntfadmin\OneDrive - THG\Documents\Build Signal Bot\core4_portfolio_allocator\data\binance_usdm\klines\ETHUSDT\ETHUSDT-1d-2024-03.zip
klines,ETHUSDT,2024-04,DOWNLOADED_VERIFIED,2108,42be54149c2cdf2786d609fdf2121deb19a5868dd4778ccaf6c73f69231eb741,C:\Users\vntfadmin\OneDrive - THG\Documents\Build Signal Bot\core4_portfolio_allocator\data\binance_usdm\klines\ETHUSDT\ETHUSDT-1d-2024-04.zip
klines,ETHUSDT,2024-05,DOWNLOADED_VERIFIED,2157,5d62f1f430ac7df56f6658d3e75b02e189f609ef6de54667fc89eff5cac679c7,C:\Users\vntfadmin\OneDrive - THG\Documents\Build Signal Bot\core4_portfolio_allocator\data\binance_usdm\klines\ETHUSDT\ETHUSDT-1d-2024-05.zip
klines,ETHUSDT,2024-06,DOWNLOADED_VERIFIED,2076,b14d786dbc20dd9182fd792cfbc3ecb52a1bcdf5463db03af4a34aa5dcfcabb1,C:\Users\vntfadmin\OneDrive - THG\Documents\Build Signal Bot\core4_portfolio_allocator\data\binance_usdm\klines\ETHUSDT\ETHUSDT-1d-2024-06.zip
klines,ETHUSDT,2024-07,DOWNLOADED_VERIFIED,2160,f859af807b50b6a370b62b9472101cb57864eea4a946a9ee91556baad9cc342d,C:\Users\vntfadmin\OneDrive - THG\Documents\Build Signal Bot\core4_portfolio_allocator\data\binance_usdm\klines\ETHUSDT\ETHUSDT-1d-2024-07.zip
klines,ETHUSDT,2024-08,DOWNLOADED_VERIFIED,2152,f6d8434f1a502d71fea21fda8d6a3e9d8980437a16411092b9a4b0ca36e26ddf,C:\Users\vntfadmin\OneDrive - THG\Documents\Build Signal Bot\core4_portfolio_allocator\data\binance_usdm\klines\ETHUSDT\ETHUSDT-1d-2024-08.zip
klines,ETHUSDT,2024-09,DOWNLOADED_VERIFIED,2073,af56726f6d7969ddcfe04e5766370fc2561062717c06688feece19fae9a6a11d,C:\Users\vntfadmin\OneDrive - THG\Documents\Build Signal Bot\core4_portfolio_allocator\data\binance_usdm\klines\ETHUSDT\ETHUSDT-1d-2024-09.zip
klines,ETHUSDT,2024-10,DOWNLOADED_VERIFIED,2127,253269eac2be0291effbf44d12bd3877e8b9787e5d3fdaccca0c91f0909cb5db,C:\Users\vntfadmin\OneDrive - THG\Documents\Build Signal Bot\core4_portfolio_allocator\data\binance_usdm\klines\ETHUSDT\ETHUSDT-1d-2024-10.zip
klines,ETHUSDT,2024-11,DOWNLOADED_VERIFIED,2123,e07192147089623e71b0447d3c13169e6902fcfcf3b5a6c79c1ff3efa77171e5,C:\Users\vntfadmin\OneDrive - THG\Documents\Build Signal Bot\core4_portfolio_allocator\data\binance_usdm\klines\ETHUSDT\ETHUSDT-1d-2024-11.zip
klines,ETHUSDT,2024-12,DOWNLOADED_VERIFIED,2169,e8744526d254035c4c31c7074466b414da6bfcad0a37da328ff4c9607cab08fe,C:\Users\vntfadmin\OneDrive - THG\Documents\Build Signal Bot\core4_portfolio_allocator\data\binance_usdm\klines\ETHUSDT\ETHUSDT-1d-2024-12.zip
klines,ETHUSDT,2025-01,DOWNLOADED_VERIFIED,2171,09f4b9efc9bb54315f094d57d137847f2c7bde665fbccf2d90aa5e588053e66a,C:\Users\vntfadmin\OneDrive - THG\Documents\Build Signal Bot\core4_portfolio_allocator\data\binance_usdm\klines\ETHUSDT\ETHUSDT-1d-2025-01.zip
klines,ETHUSDT,2025-02,DOWNLOADED_VERIFIED,1998,679a3b93c38856b6bffe74f6c6fd1438e4c9b3f81c602bcf5bbd7b93b64e02de,C:\Users\vntfadmin\OneDrive - THG\Documents\Build Signal Bot\core4_portfolio_allocator\data\binance_usdm\klines\ETHUSDT\ETHUSDT-1d-2025-02.zip
klines,ETHUSDT,2025-03,DOWNLOADED_VERIFIED,2168,a2622a2d96ad1a6b953e7857ac05e531cbb0be44feb6d7dfe21063accc1a7c18,C:\Users\vntfadmin\OneDrive - THG\Documents\Build Signal Bot\core4_portfolio_allocator\data\binance_usdm\klines\ETHUSDT\ETHUSDT-1d-2025-03.zip
klines,ETHUSDT,2025-04,DOWNLOADED_VERIFIED,2124,724d206e1232ed89ebd4ebe2e0ab1897d152002a508e7c33d7f3e4a27b1235ce,C:\Users\vntfadmin\OneDrive - THG\Documents\Build Signal Bot\core4_portfolio_allocator\data\binance_usdm\klines\ETHUSDT\ETHUSDT-1d-2025-04.zip
klines,ETHUSDT,2025-05,DOWNLOADED_VERIFIED,2173,80bf183cac6a633141fed3ca00efb6a3640342a65eee290e78266cdd57ffe9bb,C:\Users\vntfadmin\OneDrive - THG\Documents\Build Signal Bot\core4_portfolio_allocator\data\binance_usdm\klines\ETHUSDT\ETHUSDT-1d-2025-05.zip
klines,ETHUSDT,2025-06,DOWNLOADED_VERIFIED,2120,9f00b661b8b62239a1376ad2c3f8116ecb0bb2174d9f9adbb308acea356fe651,C:\Users\vntfadmin\OneDrive - THG\Documents\Build Signal Bot\core4_portfolio_allocator\data\binance_usdm\klines\ETHUSDT\ETHUSDT-1d-2025-06.zip
klines,ETHUSDT,2025-07,DOWNLOADED_VERIFIED,2192,a6a1cd065ea434b535a546672921c2615d714df2e22b236507a14a60cd4278f8,C:\Users\vntfadmin\OneDrive - THG\Documents\Build Signal Bot\core4_portfolio_allocator\data\binance_usdm\klines\ETHUSDT\ETHUSDT-1d-2025-07.zip
klines,ETHUSDT,2025-08,DOWNLOADED_VERIFIED,2200,0f95ef11fa3a632d372c8caf58c8c3780721a4f9b1aadd5c40d80d8185a0b31a,C:\Users\vntfadmin\OneDrive - THG\Documents\Build Signal Bot\core4_portfolio_allocator\data\binance_usdm\klines\ETHUSDT\ETHUSDT-1d-2025-08.zip
klines,ETHUSDT,2025-09,DOWNLOADED_VERIFIED,2106,b6022feb2a41a512022fd009bbc7ba6f48706ff7e025c84b0fe91be3f4966a3c,C:\Users\vntfadmin\OneDrive - THG\Documents\Build Signal Bot\core4_portfolio_allocator\data\binance_usdm\klines\ETHUSDT\ETHUSDT-1d-2025-09.zip
klines,ETHUSDT,2025-10,DOWNLOADED_VERIFIED,2182,8299e253e94c33fb9b45952be8afcd6c36446e33e5f9f4192851791b67c5cd60,C:\Users\vntfadmin\OneDrive - THG\Documents\Build Signal Bot\core4_portfolio_allocator\data\binance_usdm\klines\ETHUSDT\ETHUSDT-1d-2025-10.zip
klines,ETHUSDT,2025-11,DOWNLOADED_VERIFIED,2123,15660f70140bbad8eb741f69a1e97d1c825ccbfe9af2549a936948a5d250e9ba,C:\Users\vntfadmin\OneDrive - THG\Documents\Build Signal Bot\core4_portfolio_allocator\data\binance_usdm\klines\ETHUSDT\ETHUSDT-1d-2025-11.zip
klines,ETHUSDT,2025-12,DOWNLOADED_VERIFIED,2169,630c6ea5bf8efc68de1ea50a09dcb6c12de035f00736e69868ae0717c8217ef9,C:\Users\vntfadmin\OneDrive - THG\Documents\Build Signal Bot\core4_portfolio_allocator\data\binance_usdm\klines\ETHUSDT\ETHUSDT-1d-2025-12.zip
klines,ETHUSDT,2026-01,DOWNLOADED_VERIFIED,2175,936d63a1c93143de22a1b6a47ccbb01c8fa84fb4fa3071d8aa76fbf179f4553d,C:\Users\vntfadmin\OneDrive - THG\Documents\Build Signal Bot\core4_portfolio_allocator\data\binance_usdm\klines\ETHUSDT\ETHUSDT-1d-2026-01.zip
klines,ETHUSDT,2026-02,DOWNLOADED_VERIFIED,2005,a47616d0592c4847b2e21b5a59a55292f11eca4989efe7e6acca438bde3d3ce4,C:\Users\vntfadmin\OneDrive - THG\Documents\Build Signal Bot\core4_portfolio_allocator\data\binance_usdm\klines\ETHUSDT\ETHUSDT-1d-2026-02.zip
klines,ETHUSDT,2026-03,DOWNLOADED_VERIFIED,2186,0cc00d4e8bc3bd466cb3640b179409098a3a435947b283e57c0dd9e311331fa6,C:\Users\vntfadmin\OneDrive - THG\Documents\Build Signal Bot\core4_portfolio_allocator\data\binance_usdm\klines\ETHUSDT\ETHUSDT-1d-2026-03.zip
klines,ETHUSDT,2026-04,DOWNLOADED_VERIFIED,2089,b01214ecc10d42fef261ae34096918c95910fe67e01e3345a67379f891d07e00,C:\Users\vntfadmin\OneDrive - THG\Documents\Build Signal Bot\core4_portfolio_allocator\data\binance_usdm\klines\ETHUSDT\ETHUSDT-1d-2026-04.zip
klines,ETHUSDT,2026-05,DOWNLOADED_VERIFIED,2141,59386141efa6f41ec83fea5293513c80e82eb9fdc539d96eeac6fe25e6be27d3,C:\Users\vntfadmin\OneDrive - THG\Documents\Build Signal Bot\core4_portfolio_allocator\data\binance_usdm\klines\ETHUSDT\ETHUSDT-1d-2026-05.zip
klines,ETHUSDT,2026-06,DOWNLOADED_VERIFIED,2097,34adb4f2892b81194ad60e414d01176e598fb98757920ea073d27320c36dd098,C:\Users\vntfadmin\OneDrive - THG\Documents\Build Signal Bot\core4_portfolio_allocator\data\binance_usdm\klines\ETHUSDT\ETHUSDT-1d-2026-06.zip
klines,ETHUSDT,2026-07,DOWNLOADED_VERIFIED,2136,f3c34fd95aefc44250c04af7808a2949f7a7520a20cc4a79a8b07491176b2bda,C:\Users\vntfadmin\OneDrive - THG\Documents\Build Signal Bot\core4_portfolio_allocator\data\binance_usdm\klines\ETHUSDT\ETHUSDT-1d-2026-07.zip
klines,ETHUSDT,2026-08,DOWNLOADED_VERIFIED,2161,aee0f70d0b75739b4412150a731a0d19020d75e0472384fba9c541eecc889915,C:\Users\vntfadmin\OneDrive - THG\Documents\Build Signal Bot\core4_portfolio_allocator\data\binance_usdm\klines\ETHUSDT\ETHUSDT-1d-2026-08.zip
klines,SOLUSDT,2020-09,DOWNLOADED_VERIFIED,1010,6861639415400dcd4f092ead7cfd52dc28c29dc2211a0d0320e9620c2a7f3b5e,C:\Users\vntfadmin\OneDrive - THG\Documents\Build Signal Bot\core4_portfolio_allocator\data\binance_usdm\klines\SOLUSDT\SOLUSDT-1d-2020-09.zip
klines,SOLUSDT,2020-10,DOWNLOADED_VERIFIED,1697,906008ffddc290b36df435b260e1e3719d37ff48881f39cfd0886907173d7d55,C:\Users\vntfadmin\OneDrive - THG\Documents\Build Signal Bot\core4_portfolio_allocator\data\binance_usdm\klines\SOLUSDT\SOLUSDT-1d-2020-10.zip
klines,SOLUSDT,2020-11,DOWNLOADED_VERIFIED,1664,da84f9524a5975ffbd14fd8dfe1dd2cbd8b41ef225dace30c8622a90d041472f,C:\Users\vntfadmin\OneDrive - THG\Documents\Build Signal Bot\core4_portfolio_allocator\data\binance_usdm\klines\SOLUSDT\SOLUSDT-1d-2020-11.zip
klines,SOLUSDT,2020-12,DOWNLOADED_VERIFIED,1708,2f065d3c0bedaec97394e9a86b63d676e03d574bd03ef10f6df4c09d31020e09,C:\Users\vntfadmin\OneDrive - THG\Documents\Build Signal Bot\core4_portfolio_allocator\data\binance_usdm\klines\SOLUSDT\SOLUSDT-1d-2020-12.zip
klines,SOLUSDT,2021-01,DOWNLOADED_VERIFIED,1773,6a2e5e1de776ddc49f65aba7bf7b4e9be797efb9fc80597b3c7312d922d3a6d2,C:\Users\vntfadmin\OneDrive - THG\Documents\Build Signal Bot\core4_portfolio_allocator\data\binance_usdm\klines\SOLUSDT\SOLUSDT-1d-2021-01.zip
klines,SOLUSDT,2021-02,DOWNLOADED_VERIFIED,1635,b91615ed64e9eed76f500d2aad01f9bc5ae13b637ab4d49c0ed345638368d9ea,C:\Users\vntfadmin\OneDrive - THG\Documents\Build Signal Bot\core4_portfolio_allocator\data\binance_usdm\klines\SOLUSDT\SOLUSDT-1d-2021-02.zip
klines,SOLUSDT,2021-03,DOWNLOADED_VERIFIED,1820,423cb46d4df1785c3dbec5687be2304c0e81f0bb678d5e68d7b5100fe3e84937,C:\Users\vntfadmin\OneDrive - THG\Documents\Build Signal Bot\core4_portfolio_allocator\data\binance_usdm\klines\SOLUSDT\SOLUSDT-1d-2021-03.zip
klines,SOLUSDT,2021-04,DOWNLOADED_VERIFIED,1810,f4bc5eafa7a8a39f9538f5aca6010bc69f6db843280042c4c69ffcdd5869ef22,C:\Users\vntfadmin\OneDrive - THG\Documents\Build Signal Bot\core4_portfolio_allocator\data\binance_usdm\klines\SOLUSDT\SOLUSDT-1d-2021-04.zip
klines,SOLUSDT,2021-05,DOWNLOADED_VERIFIED,1842,88e2c1f54b71cee950cab1ba7a1613640717152e2d1e9ab2575c3ca04c117116,C:\Users\vntfadmin\OneDrive - THG\Documents\Build Signal Bot\core4_portfolio_allocator\data\binance_usdm\klines\SOLUSDT\SOLUSDT-1d-2021-05.zip
klines,SOLUSDT,2021-06,DOWNLOADED_VERIFIED,1779,2ffcec73e63dc090ed0c760a5362e46439caf0aeec72b10be6774e2d5dd288c5,C:\Users\vntfadmin\OneDrive - THG\Documents\Build Signal Bot\core4_portfolio_allocator\data\binance_usdm\klines\SOLUSDT\SOLUSDT-1d-2021-06.zip
klines,SOLUSDT,2021-07,DOWNLOADED_VERIFIED,1780,7e63ae66eafec9eea56b1f18aa55fb4cc3be51042c0737c1c534269e23a582ab,C:\Users\vntfadmin\OneDrive - THG\Documents\Build Signal Bot\core4_portfolio_allocator\data\binance_usdm\klines\SOLUSDT\SOLUSDT-1d-2021-07.zip
klines,SOLUSDT,2021-08,DOWNLOADED_VERIFIED,1840,31c7fb7fa0c41fee9d90b3020df40bfeb66e1838b80e75b7c523b157e9f9c937,C:\Users\vntfadmin\OneDrive - THG\Documents\Build Signal Bot\core4_portfolio_allocator\data\binance_usdm\klines\SOLUSDT\SOLUSDT-1d-2021-08.zip
klines,SOLUSDT,2021-09,DOWNLOADED_VERIFIED,1853,ae275ed46f010297d0fa893e159589d70a26da28ab1b0e8469127a44ead1b0cb,C:\Users\vntfadmin\OneDrive - THG\Documents\Build Signal Bot\core4_portfolio_allocator\data\binance_usdm\klines\SOLUSDT\SOLUSDT-1d-2021-09.zip
klines,SOLUSDT,2021-10,DOWNLOADED_VERIFIED,1858,1b340af6575c47080916008450c87709aa99e59419cbbfcb9cb177122535a6c7,C:\Users\vntfadmin\OneDrive - THG\Documents\Build Signal Bot\core4_portfolio_allocator\data\binance_usdm\klines\SOLUSDT\SOLUSDT-1d-2021-10.zip
klines,SOLUSDT,2021-11,DOWNLOADED_VERIFIED,1812,237f6c0d5c0d7f1a695fff66968212642d8472767d87a70b453c2ebb13592ce3,C:\Users\vntfadmin\OneDrive - THG\Documents\Build Signal Bot\core4_portfolio_allocator\data\binance_usdm\klines\SOLUSDT\SOLUSDT-1d-2021-11.zip
klines,SOLUSDT,2021-12,DOWNLOADED_VERIFIED,1829,f8ecb54e26be8e3fdee22e03f46f5af838b068e2fe97727cf3aae9c4cf16c635,C:\Users\vntfadmin\OneDrive - THG\Documents\Build Signal Bot\core4_portfolio_allocator\data\binance_usdm\klines\SOLUSDT\SOLUSDT-1d-2021-12.zip
klines,SOLUSDT,2022-01,DOWNLOADED_VERIFIED,1911,10eddb9c49c622b8b02f428f4a9fd6103f7220adb679f4613ec748119b0816a9,C:\Users\vntfadmin\OneDrive - THG\Documents\Build Signal Bot\core4_portfolio_allocator\data\binance_usdm\klines\SOLUSDT\SOLUSDT-1d-2022-01.zip
klines,SOLUSDT,2022-02,DOWNLOADED_VERIFIED,1574,da808ec7a636e7010b47079c4565cdc9640f9b7f4f4314b785f135a10551184b,C:\Users\vntfadmin\OneDrive - THG\Documents\Build Signal Bot\core4_portfolio_allocator\data\binance_usdm\klines\SOLUSDT\SOLUSDT-1d-2022-02.zip
klines,SOLUSDT,2022-03,DOWNLOADED_VERIFIED,1731,5d7541aad646061c18988b2945141b29c91955cd018e069542fcbf199ccf7605,C:\Users\vntfadmin\OneDrive - THG\Documents\Build Signal Bot\core4_portfolio_allocator\data\binance_usdm\klines\SOLUSDT\SOLUSDT-1d-2022-03.zip
klines,SOLUSDT,2022-04,DOWNLOADED_VERIFIED,1692,44cb227457e39eea8b025e04a6d8e9f9ff2e766a4e101bb848c7befa8251de0c,C:\Users\vntfadmin\OneDrive - THG\Documents\Build Signal Bot\core4_portfolio_allocator\data\binance_usdm\klines\SOLUSDT\SOLUSDT-1d-2022-04.zip
klines,SOLUSDT,2022-05,DOWNLOADED_VERIFIED,1864,c32baca074778909bda6f84db05336fce93904c331e3a5394309a587cc0c6f95,C:\Users\vntfadmin\OneDrive - THG\Documents\Build Signal Bot\core4_portfolio_allocator\data\binance_usdm\klines\SOLUSDT\SOLUSDT-1d-2022-05.zip
klines,SOLUSDT,2022-06,DOWNLOADED_VERIFIED,1806,1e39b5a375af9279ed17c18ac5d9005571892f1510775f1865f1a12bd8259408,C:\Users\vntfadmin\OneDrive - THG\Documents\Build Signal Bot\core4_portfolio_allocator\data\binance_usdm\klines\SOLUSDT\SOLUSDT-1d-2022-06.zip
klines,SOLUSDT,2022-07,DOWNLOADED_VERIFIED,1832,c8b1996b853236c0fb95b71708be47478a5b96197acf33aba3a8ad56c276fc55,C:\Users\vntfadmin\OneDrive - THG\Documents\Build Signal Bot\core4_portfolio_allocator\data\binance_usdm\klines\SOLUSDT\SOLUSDT-1d-2022-07.zip
klines,SOLUSDT,2022-08,DOWNLOADED_VERIFIED,1821,76a3bd2881484326be2be87df70784e8076e8fdc64b8dfa66a5c8b76ad7a409d,C:\Users\vntfadmin\OneDrive - THG\Documents\Build Signal Bot\core4_portfolio_allocator\data\binance_usdm\klines\SOLUSDT\SOLUSDT-1d-2022-08.zip
klines,SOLUSDT,2022-09,DOWNLOADED_VERIFIED,1737,f9e2ea178252991aaeff0ba5775b9f70ec66f1af311f4081d671b334c95b179b,C:\Users\vntfadmin\OneDrive - THG\Documents\Build Signal Bot\core4_portfolio_allocator\data\binance_usdm\klines\SOLUSDT\SOLUSDT-1d-2022-09.zip
klines,SOLUSDT,2022-10,DOWNLOADED_VERIFIED,1781,3ce57cd2c35103f332cc47ef81dcd957bd5a0230dc8d202cfdce06c59912979f,C:\Users\vntfadmin\OneDrive - THG\Documents\Build Signal Bot\core4_portfolio_allocator\data\binance_usdm\klines\SOLUSDT\SOLUSDT-1d-2022-10.zip
klines,SOLUSDT,2022-11,DOWNLOADED_VERIFIED,1844,fcf21ba1c36283f43eb863185c305ff340a613f5c6f2401c5421468ad22c9014,C:\Users\vntfadmin\OneDrive - THG\Documents\Build Signal Bot\core4_portfolio_allocator\data\binance_usdm\klines\SOLUSDT\SOLUSDT-1d-2022-11.zip
klines,SOLUSDT,2022-12,DOWNLOADED_VERIFIED,1839,c6a3047de97783dd1e7202ba4fc9922325681bfa29b7c031c33d43e5baf2de82,C:\Users\vntfadmin\OneDrive - THG\Documents\Build Signal Bot\core4_portfolio_allocator\data\binance_usdm\klines\SOLUSDT\SOLUSDT-1d-2022-12.zip
klines,SOLUSDT,2023-01,DOWNLOADED_VERIFIED,1905,10d1fe109d45c9d0b4d7e36b6b08cd5652182637a746bbac0345d145a988759b,C:\Users\vntfadmin\OneDrive - THG\Documents\Build Signal Bot\core4_portfolio_allocator\data\binance_usdm\klines\SOLUSDT\SOLUSDT-1d-2023-01.zip
klines,SOLUSDT,2023-02,DOWNLOADED_VERIFIED,1734,a7d003a503fb0dd1534e579fa0d8a481da37b28049dd5c839c86105dc66d0866,C:\Users\vntfadmin\OneDrive - THG\Documents\Build Signal Bot\core4_portfolio_allocator\data\binance_usdm\klines\SOLUSDT\SOLUSDT-1d-2023-02.zip
klines,SOLUSDT,2023-03,DOWNLOADED_VERIFIED,1898,100fbd533c7f2b391de5d8f81da11bc64b08d230c1f85406956b7205907f7589,C:\Users\vntfadmin\OneDrive - THG\Documents\Build Signal Bot\core4_portfolio_allocator\data\binance_usdm\klines\SOLUSDT\SOLUSDT-1d-2023-03.zip
klines,SOLUSDT,2023-04,DOWNLOADED_VERIFIED,1823,d826c0610ad0e51efd6edc0a4ee8e6bae5214c920d4f9ac89234dae667a07d06,C:\Users\vntfadmin\OneDrive - THG\Documents\Build Signal Bot\core4_portfolio_allocator\data\binance_usdm\klines\SOLUSDT\SOLUSDT-1d-2023-04.zip
klines,SOLUSDT,2023-05,DOWNLOADED_VERIFIED,1850,1271af8bfc473b791e580c681bc6fc55eed672873bd2d05ad98be1db5818b781,C:\Users\vntfadmin\OneDrive - THG\Documents\Build Signal Bot\core4_portfolio_allocator\data\binance_usdm\klines\SOLUSDT\SOLUSDT-1d-2023-05.zip
klines,SOLUSDT,2023-06,DOWNLOADED_VERIFIED,1833,bb37ab01500f7b0f29aed2b5f2176ca2853cb8f7d2c18bb153a12406eccc5989,C:\Users\vntfadmin\OneDrive - THG\Documents\Build Signal Bot\core4_portfolio_allocator\data\binance_usdm\klines\SOLUSDT\SOLUSDT-1d-2023-06.zip
klines,SOLUSDT,2023-07,DOWNLOADED_VERIFIED,1910,977e080f5a6e823a84b3f153fab3dae933de075e26d077c7124e9d98f61535ae,C:\Users\vntfadmin\OneDrive - THG\Documents\Build Signal Bot\core4_portfolio_allocator\data\binance_usdm\klines\SOLUSDT\SOLUSDT-1d-2023-07.zip
klines,SOLUSDT,2023-08,DOWNLOADED_VERIFIED,1885,925f728cd2f2b98f7536e5826e5f3298077b023bded1fceadc79663ad3e21c16,C:\Users\vntfadmin\OneDrive - THG\Documents\Build Signal Bot\core4_portfolio_allocator\data\binance_usdm\klines\SOLUSDT\SOLUSDT-1d-2023-08.zip
klines,SOLUSDT,2023-09,DOWNLOADED_VERIFIED,1829,92ca1592631e5cce1aa7a0c6ee0c37bebcca72cd7fd0f07151e1662f6b51f679,C:\Users\vntfadmin\OneDrive - THG\Documents\Build Signal Bot\core4_portfolio_allocator\data\binance_usdm\klines\SOLUSDT\SOLUSDT-1d-2023-09.zip
klines,SOLUSDT,2023-10,DOWNLOADED_VERIFIED,1913,bf8cd3ca2e13fe1310fb72814a3abfdb46f865626b60418bb454813b67299bfc,C:\Users\vntfadmin\OneDrive - THG\Documents\Build Signal Bot\core4_portfolio_allocator\data\binance_usdm\klines\SOLUSDT\SOLUSDT-1d-2023-10.zip
klines,SOLUSDT,2023-11,DOWNLOADED_VERIFIED,1896,5784081017ef244acf6109420504ca9b46c1050c40e485c3f5da8bea2f14afde,C:\Users\vntfadmin\OneDrive - THG\Documents\Build Signal Bot\core4_portfolio_allocator\data\binance_usdm\klines\SOLUSDT\SOLUSDT-1d-2023-11.zip
klines,SOLUSDT,2023-12,DOWNLOADED_VERIFIED,1985,a3fe7c78e0be0af5aecbd26a7707836a1d24d076dc5ec31bb449e3ced3872579,C:\Users\vntfadmin\OneDrive - THG\Documents\Build Signal Bot\core4_portfolio_allocator\data\binance_usdm\klines\SOLUSDT\SOLUSDT-1d-2023-12.zip
klines,SOLUSDT,2024-01,DOWNLOADED_VERIFIED,1955,dd550c636636399d4c1d023dfc3a06a7f23b0b0460335ac077fbce323a7bd6a2,C:\Users\vntfadmin\OneDrive - THG\Documents\Build Signal Bot\core4_portfolio_allocator\data\binance_usdm\klines\SOLUSDT\SOLUSDT-1d-2024-01.zip
klines,SOLUSDT,2024-02,DOWNLOADED_VERIFIED,1856,3c67265fbbdea847dc08a8ee431cede6bedafcc214e8125421e2ba92fcddb4d7,C:\Users\vntfadmin\OneDrive - THG\Documents\Build Signal Bot\core4_portfolio_allocator\data\binance_usdm\klines\SOLUSDT\SOLUSDT-1d-2024-02.zip
klines,SOLUSDT,2024-03,DOWNLOADED_VERIFIED,2009,520dd3a1ad1af1db594bc2f7fd6e52993c444a36178845b2c5d53e9d3a69fea9,C:\Users\vntfadmin\OneDrive - THG\Documents\Build Signal Bot\core4_portfolio_allocator\data\binance_usdm\klines\SOLUSDT\SOLUSDT-1d-2024-03.zip
klines,SOLUSDT,2024-04,DOWNLOADED_VERIFIED,1944,976757b8cf07ff4c6ca800ea41657c49bfbb3f06506749d2e8406af9ca10a3c3,C:\Users\vntfadmin\OneDrive - THG\Documents\Build Signal Bot\core4_portfolio_allocator\data\binance_usdm\klines\SOLUSDT\SOLUSDT-1d-2024-04.zip
klines,SOLUSDT,2024-05,DOWNLOADED_VERIFIED,1970,644b194eda5d48fdc82cfc69c2c61e252af83c5580117de7dc43ae9f2ce9fc9f,C:\Users\vntfadmin\OneDrive - THG\Documents\Build Signal Bot\core4_portfolio_allocator\data\binance_usdm\klines\SOLUSDT\SOLUSDT-1d-2024-05.zip
klines,SOLUSDT,2024-06,DOWNLOADED_VERIFIED,1893,0a36de62d41b1765e82d621877e551c070d83a1e39651b2c52125a036e1c1ea3,C:\Users\vntfadmin\OneDrive - THG\Documents\Build Signal Bot\core4_portfolio_allocator\data\binance_usdm\klines\SOLUSDT\SOLUSDT-1d-2024-06.zip
klines,SOLUSDT,2024-07,DOWNLOADED_VERIFIED,1960,0a664901a02541db6e13ae050270ee9c225c0e1dbd8a1dbfebadc54f675144cd,C:\Users\vntfadmin\OneDrive - THG\Documents\Build Signal Bot\core4_portfolio_allocator\data\binance_usdm\klines\SOLUSDT\SOLUSDT-1d-2024-07.zip
klines,SOLUSDT,2024-08,DOWNLOADED_VERIFIED,1971,8411fac3e01bfac671bc845f9278e06141d963e4a5a06712128063e7327d6114,C:\Users\vntfadmin\OneDrive - THG\Documents\Build Signal Bot\core4_portfolio_allocator\data\binance_usdm\klines\SOLUSDT\SOLUSDT-1d-2024-08.zip
klines,SOLUSDT,2024-09,DOWNLOADED_VERIFIED,1890,4f208342910b89079461bd764330e0ade72c47349c2d8564b909f1628ed14712,C:\Users\vntfadmin\OneDrive - THG\Documents\Build Signal Bot\core4_portfolio_allocator\data\binance_usdm\klines\SOLUSDT\SOLUSDT-1d-2024-09.zip
klines,SOLUSDT,2024-10,DOWNLOADED_VERIFIED,1924,6aec69b5afaf1314588ca1992d5337aea282143f354fb03af5f150e2a4d7600e,C:\Users\vntfadmin\OneDrive - THG\Documents\Build Signal Bot\core4_portfolio_allocator\data\binance_usdm\klines\SOLUSDT\SOLUSDT-1d-2024-10.zip
klines,SOLUSDT,2024-11,DOWNLOADED_VERIFIED,1908,64e011852687bc69a5a2777b5e88114d22121dac35007bf7ddb684a816bc55fc,C:\Users\vntfadmin\OneDrive - THG\Documents\Build Signal Bot\core4_portfolio_allocator\data\binance_usdm\klines\SOLUSDT\SOLUSDT-1d-2024-11.zip
klines,SOLUSDT,2024-12,DOWNLOADED_VERIFIED,1950,eb78c2ecdde60e6067873157dad77c90ab055aaa560deace1a808c96eef562cf,C:\Users\vntfadmin\OneDrive - THG\Documents\Build Signal Bot\core4_portfolio_allocator\data\binance_usdm\klines\SOLUSDT\SOLUSDT-1d-2024-12.zip
klines,SOLUSDT,2025-01,DOWNLOADED_VERIFIED,1964,ab16273b20350d6629a1ecd6e1a00afb2f0d40c55948f5127bf8ff7953bba4fe,C:\Users\vntfadmin\OneDrive - THG\Documents\Build Signal Bot\core4_portfolio_allocator\data\binance_usdm\klines\SOLUSDT\SOLUSDT-1d-2025-01.zip
klines,SOLUSDT,2025-02,DOWNLOADED_VERIFIED,1792,69c9944e1f08fbc1dff99047557365af629236c2c63748d48ab5cf85362cc379,C:\Users\vntfadmin\OneDrive - THG\Documents\Build Signal Bot\core4_portfolio_allocator\data\binance_usdm\klines\SOLUSDT\SOLUSDT-1d-2025-02.zip
klines,SOLUSDT,2025-03,DOWNLOADED_VERIFIED,1949,f04a5dc28fbf77e2df33b7a53e29f2f6c6715ba83a5268a6373f7fa8c656b7ba,C:\Users\vntfadmin\OneDrive - THG\Documents\Build Signal Bot\core4_portfolio_allocator\data\binance_usdm\klines\SOLUSDT\SOLUSDT-1d-2025-03.zip
klines,SOLUSDT,2025-04,DOWNLOADED_VERIFIED,2019,35b292bea05299f58338300060c948e412ee2aa3df7ce9761a71bfebba45253d,C:\Users\vntfadmin\OneDrive - THG\Documents\Build Signal Bot\core4_portfolio_allocator\data\binance_usdm\klines\SOLUSDT\SOLUSDT-1d-2025-04.zip
klines,SOLUSDT,2025-05,DOWNLOADED_VERIFIED,2113,72b0d3823547843433fc5fe9c4deeb07895a298569296fb2014617f7044f7e81,C:\Users\vntfadmin\OneDrive - THG\Documents\Build Signal Bot\core4_portfolio_allocator\data\binance_usdm\klines\SOLUSDT\SOLUSDT-1d-2025-05.zip
klines,SOLUSDT,2025-06,DOWNLOADED_VERIFIED,2048,2de04241baece5a81ea280d2f485715369540d873455ed86078cfe2153ff1b35,C:\Users\vntfadmin\OneDrive - THG\Documents\Build Signal Bot\core4_portfolio_allocator\data\binance_usdm\klines\SOLUSDT\SOLUSDT-1d-2025-06.zip
klines,SOLUSDT,2025-07,DOWNLOADED_VERIFIED,2121,39c0e0ce04dc99b84f8f356b535b46456feecaae417a0e5a3362b8801c7a5589,C:\Users\vntfadmin\OneDrive - THG\Documents\Build Signal Bot\core4_portfolio_allocator\data\binance_usdm\klines\SOLUSDT\SOLUSDT-1d-2025-07.zip
klines,SOLUSDT,2025-08,DOWNLOADED_VERIFIED,2140,d7c6ab662c412d0b2bfb5397d86c07211173781af8d6fd4598d3b5405a8da6c6,C:\Users\vntfadmin\OneDrive - THG\Documents\Build Signal Bot\core4_portfolio_allocator\data\binance_usdm\klines\SOLUSDT\SOLUSDT-1d-2025-08.zip
klines,SOLUSDT,2025-09,DOWNLOADED_VERIFIED,2079,4b7bf42c137870d09d94169ae95dfc312e5aefa3fab6acdfb26b47a44da95be0,C:\Users\vntfadmin\OneDrive - THG\Documents\Build Signal Bot\core4_portfolio_allocator\data\binance_usdm\klines\SOLUSDT\SOLUSDT-1d-2025-09.zip
klines,SOLUSDT,2025-10,DOWNLOADED_VERIFIED,2128,f856a3d845047f7463d6fa9cfe9e7f6c1022f1d924e798ad6b50c3b83acdc5cc,C:\Users\vntfadmin\OneDrive - THG\Documents\Build Signal Bot\core4_portfolio_allocator\data\binance_usdm\klines\SOLUSDT\SOLUSDT-1d-2025-10.zip
klines,SOLUSDT,2025-11,DOWNLOADED_VERIFIED,2054,ac75b047f609fefa9f7d115ce50aa98835f7d856d119ed453fe4d1f87c1a58f9,C:\Users\vntfadmin\OneDrive - THG\Documents\Build Signal Bot\core4_portfolio_allocator\data\binance_usdm\klines\SOLUSDT\SOLUSDT-1d-2025-11.zip
klines,SOLUSDT,2025-12,DOWNLOADED_VERIFIED,2080,ef927b949c0eac27b2b5a7b2b8874891cf5e5b8e6508ba47ed9903311a7191d9,C:\Users\vntfadmin\OneDrive - THG\Documents\Build Signal Bot\core4_portfolio_allocator\data\binance_usdm\klines\SOLUSDT\SOLUSDT-1d-2025-12.zip
klines,SOLUSDT,2026-01,DOWNLOADED_VERIFIED,2078,69be2e5619118974cc61dd50f4cd4f9ae776673c9af278a26579a5916276f446,C:\Users\vntfadmin\OneDrive - THG\Documents\Build Signal Bot\core4_portfolio_allocator\data\binance_usdm\klines\SOLUSDT\SOLUSDT-1d-2026-01.zip
klines,SOLUSDT,2026-02,DOWNLOADED_VERIFIED,1899,334fe09bc64e00684e067346fd343974b4bdebe4d61c38e1283998a9d9748bc7,C:\Users\vntfadmin\OneDrive - THG\Documents\Build Signal Bot\core4_portfolio_allocator\data\binance_usdm\klines\SOLUSDT\SOLUSDT-1d-2026-02.zip
klines,SOLUSDT,2026-03,DOWNLOADED_VERIFIED,2054,dc8c11c03b914e7839599c4fba9299a31b429040b152424be491c301b3a6e242,C:\Users\vntfadmin\OneDrive - THG\Documents\Build Signal Bot\core4_portfolio_allocator\data\binance_usdm\klines\SOLUSDT\SOLUSDT-1d-2026-03.zip
klines,SOLUSDT,2026-04,DOWNLOADED_VERIFIED,1967,05d60595e4e4d12172849a6bde4af65334ea2941b773fd805790c75862137db1,C:\Users\vntfadmin\OneDrive - THG\Documents\Build Signal Bot\core4_portfolio_allocator\data\binance_usdm\klines\SOLUSDT\SOLUSDT-1d-2026-04.zip
klines,SOLUSDT,2026-05,DOWNLOADED_VERIFIED,2024,b16eca8b0b73c72ab46a86fb611406d9a175d5f2e89aae2b029832d0eaf104b7,C:\Users\vntfadmin\OneDrive - THG\Documents\Build Signal Bot\core4_portfolio_allocator\data\binance_usdm\klines\SOLUSDT\SOLUSDT-1d-2026-05.zip
klines,SOLUSDT,2026-06,DOWNLOADED_VERIFIED,1997,47d6fcfde2816d105116c6d6b16f3f87be10edf904f9b020ab54348152098a61,C:\Users\vntfadmin\OneDrive - THG\Documents\Build Signal Bot\core4_portfolio_allocator\data\binance_usdm\klines\SOLUSDT\SOLUSDT-1d-2026-06.zip
klines,SOLUSDT,2026-07,DOWNLOADED_VERIFIED,2002,3fcb32f964b330e9c3b52bc34e38fc7842aa63b8a6f9537e933bc47bee7aebcc,C:\Users\vntfadmin\OneDrive - THG\Documents\Build Signal Bot\core4_portfolio_allocator\data\binance_usdm\klines\SOLUSDT\SOLUSDT-1d-2026-07.zip
klines,SOLUSDT,2026-08,DOWNLOADED_VERIFIED,2027,5b26cf25c7c7395e8d10a494378948229f66443f84a178a38859a10a94cfe4e4,C:\Users\vntfadmin\OneDrive - THG\Documents\Build Signal Bot\core4_portfolio_allocator\data\binance_usdm\klines\SOLUSDT\SOLUSDT-1d-2026-08.zip
