date,return,gross_return,fee,turnover,gross_exposure,cash_weight,weight_BTCUSDT,weight_ETHUSDT,weight_SOLUSDT,weight_BNBUSDT,equity
2017-08-18 00:00:00+00:00,0.0,0.0,0.0,0.0,0.0,1.0,0.0,0.0,0.0,0.0,1.0
2017-08-19 00:00:00+00:00,0.0,0.0,0.0,0.0,0.0,1.0,0.0,0.0,0.0,0.0,1.0
2017-08-20 00:00:00+00:00,0.0,0.0,0.0,0.0,0.0,1.0,0.0,0.0,0.0,0.0,1.0
2017-08-21 00:00:00+00:00,0.0,0.0,0.0,0.0,0.0,1.0,0.0,0.0,0.0,0.0,1.0
2017-08-22 00:00:00+00:00,0.0,0.0,0.0,0.0,0.0,1.0,0.0,0.0,0.0,0.0,1.0
2017-08-23 00:00:00+00:00,0.0,0.0,0.0,0.0,0.0,1.0,0.0,0.0,0.0,0.0,1.0
2017-08-24 00:00:00+00:00,0.0,0.0,0.0,0.0,0.0,1.0,0.0,0.0,0.0,0.0,1.0
2017-08-25 00:00:00+00:00,0.0,0.0,0.0,0.0,0.0,1.0,0.0,0.0,0.0,0.0,1.0
2017-08-26 00:00:00+00:00,0.0,0.0,0.0,0.0,0.0,1.0,0.0,0.0,0.0,0.0,1.0
2017-08-27 00:00:00+00:00,0.0,0.0,0.0,0.0,0.0,1.0,0.0,0.0,0.0,0.0,1.0
2017-08-28 00:00:00+00:00,0.0,0.0,0.0,0.0,0.0,1.0,0.0,0.0,0.0,0.0,1.0
2017-08-29 00:00:00+00:00,0.0,0.0,0.0,0.0,0.0,1.0,0.0,0.0,0.0,0.0,1.0
2017-08-30 00:00:00+00:00,0.0,0.0,0.0,0.0,0.0,1.0,0.0,0.0,0.0,0.0,1.0
2017-08-31 00:00:00+00:00,0.0,0.0,0.0,0.0,0.0,1.0,0.0,0.0,0.0,0.0,1.0
2017-09-01 00:00:00+00:00,0.0,0.0,0.0,0.0,0.0,1.0,0.0,0.0,0.0,0.0,1.0
2017-09-02 00:00:00+00:00,0.0,0.0,0.0,0.0,0.0,1.0,0.0,0.0,0.0,0.0,1.0
2017-09-03 00:00:00+00:00,0.0,0.0,0.0,0.0,0.0,1.0,0.0,0.0,0.0,0.0,1.0
2017-09-04 00:00:00+00:00,0.0,0.0,0.0,0.0,0.0,1.0,0.0,0.0,0.0,0.0,1.0
2017-09-05 00:00:00+00:00,0.0,0.0,0.0,0.0,0.0,1.0,0.0,0.0,0.0,0.0,1.0
2017-09-06 00:00:00+00:00,0.0,0.0,0.0,0.0,0.0,1.0,0.0,0.0,0.0,0.0,1.0
2017-09-07 00:00:00+00:00,0.0,0.0,0.0,0.0,0.0,1.0,0.0,0.0,0.0,0.0,1.0
2017-09-08 00:00:00+00:00,0.0,0.0,0.0,0.0,0.0,1.0,0.0,0.0,0.0,0.0,1.0
2017-09-09 00:00:00+00:00,0.0,0.0,0.0,0.0,0.0,1.0,0.0,0.0,0.0,0.0,1.0
2017-09-10 00:00:00+00:00,0.0,0.0,0.0,0.0,0.0,1.0,0.0,0.0,0.0,0.0,1.0
2017-09-11 00:00:00+00:00,0.0,0.0,0.0,0.0,0.0,1.0,0.0,0.0,0.0,0.0,1.0
2017-09-12 00:00:00+00:00,0.0,0.0,0.0,0.0,0.0,1.0,0.0,0.0,0.0,0.0,1.0
2017-09-13 00:00:00+00:00,0.0,0.0,0.0,0.0,0.0,1.0,0.0,0.0,0.0,0.0,1.0
2017-09-14 00:00:00+00:00,0.0,0.0,0.0,0.0,0.0,1.0,0.0,0.0,0.0,0.0,1.0
2017-09-15 00:00:00+00:00,0.0,0.0,0.0,0.0,0.0,1.0,0.0,0.0,0.0,0.0,1.0
2017-09-16 00:00:00+00:00,0.0,0.0,0.0,0.0,0.0,1.0,0.0,0.0,0.0,0.0,1.0
2017-09-17 00:00:00+00:00,0.0,0.0,0.0,0.0,0.0,1.0,0.0,0.0,0.0,0.0,1.0
2017-09-18 00:00:00+00:00,0.0,0.0,0.0,0.0,0.0,1.0,0.0,0.0,0.0,0.0,1.0
2017-09-19 00:00:00+00:00,0.0,0.0,0.0,0.0,0.0,1.0,0.0,0.0,0.0,0.0,1.0
2017-09-20 00:00:00+00:00,0.0,0.0,0.0,0.0,0.0,1.0,0.0,0.0,0.0,0.0,1.0
2017-09-21 00:00:00+00:00,0.0,0.0,0.0,0.0,0.0,1.0,0.0,0.0,0.0,0.0,1.0
2017-09-22 00:00:00+00:00,0.0,0.0,0.0,0.0,0.0,1.0,0.0,0.0,0.0,0.0,1.0
2017-09-23 00:00:00+00:00,0.0,0.0,0.0,0.0,0.0,1.0,0.0,0.0,0.0,0.0,1.0
2017-09-24 00:00:00+00:00,0.0,0.0,0.0,0.0,0.0,1.0,0.0,0.0,0.0,0.0,1.0
2017-09-25 00:00:00+00:00,0.0,0.0,0.0,0.0,0.0,1.0,0.0,0.0,0.0,0.0,1.0
2017-09-26 00:00:00+00:00,0.0,0.0,0.0,0.0,0.0,1.0,0.0,0.0,0.0,0.0,1.0
2017-09-27 00:00:00+00:00,0.0,0.0,0.0,0.0,0.0,1.0,0.0,0.0,0.0,0.0,1.0
2017-09-28 00:00:00+00:00,0.0,0.0,0.0,0.0,0.0,1.0,0.0,0.0,0.0,0.0,1.0
2017-09-29 00:00:00+00:00,0.0,0.0,0.0,0.0,0.0,1.0,0.0,0.0,0.0,0.0,1.0
2017-09-30 00:00:00+00:00,0.0,0.0,0.0,0.0,0.0,1.0,0.0,0.0,0.0,0.0,1.0
2017-10-01 00:00:00+00:00,0.0,0.0,0.0,0.0,0.0,1.0,0.0,0.0,0.0,0.0,1.0
2017-10-02 00:00:00+00:00,0.0,0.0,0.0,0.0,0.0,1.0,0.0,0.0,0.0,0.0,1.0
2017-10-03 00:00:00+00:00,0.0,0.0,0.0,0.0,0.0,1.0,0.0,0.0,0.0,0.0,1.0
2017-10-04 00:00:00+00:00,0.0,0.0,0.0,0.0,0.0,1.0,0.0,0.0,0.0,0.0,1.0
2017-10-05 00:00:00+00:00,0.0,0.0,0.0,0.0,0.0,1.0,0.0,0.0,0.0,0.0,1.0
2017-10-06 00:00:00+00:00,0.0,0.0,0.0,0.0,0.0,1.0,0.0,0.0,0.0,0.0,1.0
2017-10-07 00:00:00+00:00,0.0,0.0,0.0,0.0,0.0,1.0,0.0,0.0,0.0,0.0,1.0
2017-10-08 00:00:00+00:00,0.0,0.0,0.0,0.0,0.0,1.0,0.0,0.0,0.0,0.0,1.0
2017-10-09 00:00:00+00:00,0.0,0.0,0.0,0.0,0.0,1.0,0.0,0.0,0.0,0.0,1.0
2017-10-10 00:00:00+00:00,0.0,0.0,0.0,0.0,0.0,1.0,0.0,0.0,0.0,0.0,1.0
2017-10-11 00:00:00+00:00,0.0,0.0,0.0,0.0,0.0,1.0,0.0,0.0,0.0,0.0,1.0
2017-10-12 00:00:00+00:00,0.0,0.0,0.0,0.0,0.0,1.0,0.0,0.0,0.0,0.0,1.0
2017-10-13 00:00:00+00:00,0.0,0.0,0.0,0.0,0.0,1.0,0.0,0.0,0.0,0.0,1.0
2017-10-14 00:00:00+00:00,0.0,0.0,0.0,0.0,0.0,1.0,0.0,0.0,0.0,0.0,1.0
2017-10-15 00:00:00+00:00,0.0,0.0,0.0,0.0,0.0,1.0,0.0,0.0,0.0,0.0,1.0
2017-10-16 00:00:00+00:00,0.0,0.0,0.0,0.0,0.0,1.0,0.0,0.0,0.0,0.0,1.0
2017-10-17 00:00:00+00:00,0.0,0.0,0.0,0.0,0.0,1.0,0.0,0.0,0.0,0.0,1.0
2017-10-18 00:00:00+00:00,0.0,0.0,0.0,0.0,0.0,1.0,0.0,0.0,0.0,0.0,1.0
2017-10-19 00:00:00+00:00,0.0,0.0,0.0,0.0,0.0,1.0,0.0,0.0,0.0,0.0,1.0
2017-10-20 00:00:00+00:00,0.0,0.0,0.0,0.0,0.0,1.0,0.0,0.0,0.0,0.0,1.0
2017-10-21 00:00:00+00:00,0.0,0.0,0.0,0.0,0.0,1.0,0.0,0.0,0.0,0.0,1.0
2017-10-22 00:00:00+00:00,0.0,0.0,0.0,0.0,0.0,1.0,0.0,0.0,0.0,0.0,1.0
2017-10-23 00:00:00+00:00,0.0,0.0,0.0,0.0,0.0,1.0,0.0,0.0,0.0,0.0,1.0
2017-10-24 00:00:00+00:00,0.0,0.0,0.0,0.0,0.0,1.0,0.0,0.0,0.0,0.0,1.0
2017-10-25 00:00:00+00:00,0.0,0.0,0.0,0.0,0.0,1.0,0.0,0.0,0.0,0.0,1.0
2017-10-26 00:00:00+00:00,0.0,0.0,0.0,0.0,0.0,1.0,0.0,0.0,0.0,0.0,1.0
2017-10-27 00:00:00+00:00,0.0,0.0,0.0,0.0,0.0,1.0,0.0,0.0,0.0,0.0,1.0
2017-10-28 00:00:00+00:00,0.0,0.0,0.0,0.0,0.0,1.0,0.0,0.0,0.0,0.0,1.0
2017-10-29 00:00:00+00:00,0.0,0.0,0.0,0.0,0.0,1.0,0.0,0.0,0.0,0.0,1.0
2017-10-30 00:00:00+00:00,0.0,0.0,0.0,0.0,0.0,1.0,0.0,0.0,0.0,0.0,1.0
2017-10-31 00:00:00+00:00,0.0,0.0,0.0,0.0,0.0,1.0,0.0,0.0,0.0,0.0,1.0
2017-11-01 00:00:00+00:00,0.0,0.0,0.0,0.0,0.0,1.0,0.0,0.0,0.0,0.0,1.0
2017-11-02 00:00:00+00:00,0.0,0.0,0.0,0.0,0.0,1.0,0.0,0.0,0.0,0.0,1.0
2017-11-03 00:00:00+00:00,0.0,0.0,0.0,0.0,0.0,1.0,0.0,0.0,0.0,0.0,1.0
2017-11-04 00:00:00+00:00,0.0,0.0,0.0,0.0,0.0,1.0,0.0,0.0,0.0,0.0,1.0
2017-11-05 00:00:00+00:00,0.0,0.0,0.0,0.0,0.0,1.0,0.0,0.0,0.0,0.0,1.0
2017-11-06 00:00:00+00:00,0.0,0.0,0.0,0.0,0.0,1.0,0.0,0.0,0.0,0.0,1.0
2017-11-07 00:00:00+00:00,0.0,0.0,0.0,0.0,0.0,1.0,0.0,0.0,0.0,0.0,1.0
2017-11-08 00:00:00+00:00,0.0,0.0,0.0,0.0,0.0,1.0,0.0,0.0,0.0,0.0,1.0
2017-11-09 00:00:00+00:00,0.0,0.0,0.0,0.0,0.0,1.0,0.0,0.0,0.0,0.0,1.0
2017-11-10 00:00:00+00:00,0.0,0.0,0.0,0.0,0.0,1.0,0.0,0.0,0.0,0.0,1.0
2017-11-11 00:00:00+00:00,0.0,0.0,0.0,0.0,0.0,1.0,0.0,0.0,0.0,0.0,1.0
2017-11-12 00:00:00+00:00,0.0,0.0,0.0,0.0,0.0,1.0,0.0,0.0,0.0,0.0,1.0
2017-11-13 00:00:00+00:00,0.0,0.0,0.0,0.0,0.0,1.0,0.0,0.0,0.0,0.0,1.0
2017-11-14 00:00:00+00:00,0.0,0.0,0.0,0.0,0.0,1.0,0.0,0.0,0.0,0.0,1.0
2017-11-15 00:00:00+00:00,0.0,0.0,0.0,0.0,0.0,1.0,0.0,0.0,0.0,0.0,1.0
2017-11-16 00:00:00+00:00,0.0,0.0,0.0,0.0,0.0,1.0,0.0,0.0,0.0,0.0,1.0
2017-11-17 00:00:00+00:00,0.0,0.0,0.0,0.0,0.0,1.0,0.0,0.0,0.0,0.0,1.0
2017-11-18 00:00:00+00:00,0.0,0.0,0.0,0.0,0.0,1.0,0.0,0.0,0.0,0.0,1.0
2017-11-19 00:00:00+00:00,0.0,0.0,0.0,0.0,0.0,1.0,0.0,0.0,0.0,0.0,1.0
2017-11-20 00:00:00+00:00,0.0,0.0,0.0,0.0,0.0,1.0,0.0,0.0,0.0,0.0,1.0
2017-11-21 00:00:00+00:00,0.0,0.0,0.0,0.0,0.0,1.0,0.0,0.0,0.0,0.0,1.0
2017-11-22 00:00:00+00:00,0.0,0.0,0.0,0.0,0.0,1.0,0.0,0.0,0.0,0.0,1.0
2017-11-23 00:00:00+00:00,0.0,0.0,0.0,0.0,0.0,1.0,0.0,0.0,0.0,0.0,1.0
2017-11-24 00:00:00+00:00,0.0,0.0,0.0,0.0,0.0,1.0,0.0,0.0,0.0,0.0,1.0
2017-11-25 00:00:00+00:00,0.0,0.0,0.0,0.0,0.0,1.0,0.0,0.0,0.0,0.0,1.0
2017-11-26 00:00:00+00:00,0.0,0.0,0.0,0.0,0.0,1.0,0.0,0.0,0.0,0.0,1.0
2017-11-27 00:00:00+00:00,0.0,0.0,0.0,0.0,0.0,1.0,0.0,0.0,0.0,0.0,1.0
2017-11-28 00:00:00+00:00,0.0,0.0,0.0,0.0,0.0,1.0,0.0,0.0,0.0,0.0,1.0
2017-11-29 00:00:00+00:00,0.0,0.0,0.0,0.0,0.0,1.0,0.0,0.0,0.0,0.0,1.0
2017-11-30 00:00:00+00:00,0.0,0.0,0.0,0.0,0.0,1.0,0.0,0.0,0.0,0.0,1.0
2017-12-01 00:00:00+00:00,0.0,0.0,0.0,0.0,0.0,1.0,0.0,0.0,0.0,0.0,1.0
2017-12-02 00:00:00+00:00,0.0,0.0,0.0,0.0,0.0,1.0,0.0,0.0,0.0,0.0,1.0
2017-12-03 00:00:00+00:00,0.0,0.0,0.0,0.0,0.0,1.0,0.0,0.0,0.0,0.0,1.0
2017-12-04 00:00:00+00:00,0.0,0.0,0.0,0.0,0.0,1.0,0.0,0.0,0.0,0.0,1.0
2017-12-05 00:00:00+00:00,0.0,0.0,0.0,0.0,0.0,1.0,0.0,0.0,0.0,0.0,1.0
2017-12-06 00:00:00+00:00,0.0,0.0,0.0,0.0,0.0,1.0,0.0,0.0,0.0,0.0,1.0
2017-12-07 00:00:00+00:00,0.0,0.0,0.0,0.0,0.0,1.0,0.0,0.0,0.0,0.0,1.0
2017-12-08 00:00:00+00:00,0.0,0.0,0.0,0.0,0.0,1.0,0.0,0.0,0.0,0.0,1.0
2017-12-09 00:00:00+00:00,0.0,0.0,0.0,0.0,0.0,1.0,0.0,0.0,0.0,0.0,1.0
2017-12-10 00:00:00+00:00,0.0,0.0,0.0,0.0,0.0,1.0,0.0,0.0,0.0,0.0,1.0
2017-12-11 00:00:00+00:00,0.0,0.0,0.0,0.0,0.0,1.0,0.0,0.0,0.0,0.0,1.0
2017-12-12 00:00:00+00:00,0.0,0.0,0.0,0.0,0.0,1.0,0.0,0.0,0.0,0.0,1.0
2017-12-13 00:00:00+00:00,0.0,0.0,0.0,0.0,0.0,1.0,0.0,0.0,0.0,0.0,1.0
2017-12-14 00:00:00+00:00,0.0,0.0,0.0,0.0,0.0,1.0,0.0,0.0,0.0,0.0,1.0
2017-12-15 00:00:00+00:00,0.0,0.0,0.0,0.0,0.0,1.0,0.0,0.0,0.0,0.0,1.0
2017-12-16 00:00:00+00:00,0.0,0.0,0.0,0.0,0.0,1.0,0.0,0.0,0.0,0.0,1.0
2017-12-17 00:00:00+00:00,0.0,0.0,0.0,0.0,0.0,1.0,0.0,0.0,0.0,0.0,1.0
2017-12-18 00:00:00+00:00,0.0,0.0,0.0,0.0,0.0,1.0,0.0,0.0,0.0,0.0,1.0
2017-12-19 00:00:00+00:00,0.0,0.0,0.0,0.0,0.0,1.0,0.0,0.0,0.0,0.0,1.0
2017-12-20 00:00:00+00:00,0.0,0.0,0.0,0.0,0.0,1.0,0.0,0.0,0.0,0.0,1.0
2017-12-21 00:00:00+00:00,0.0,0.0,0.0,0.0,0.0,1.0,0.0,0.0,0.0,0.0,1.0
2017-12-22 00:00:00+00:00,0.0,0.0,0.0,0.0,0.0,1.0,0.0,0.0,0.0,0.0,1.0
2017-12-23 00:00:00+00:00,0.0,0.0,0.0,0.0,0.0,1.0,0.0,0.0,0.0,0.0,1.0
2017-12-24 00:00:00+00:00,0.0,0.0,0.0,0.0,0.0,1.0,0.0,0.0,0.0,0.0,1.0
2017-12-25 00:00:00+00:00,0.0,0.0,0.0,0.0,0.0,1.0,0.0,0.0,0.0,0.0,1.0
2017-12-26 00:00:00+00:00,0.0,0.0,0.0,0.0,0.0,1.0,0.0,0.0,0.0,0.0,1.0
2017-12-27 00:00:00+00:00,0.0,0.0,0.0,0.0,0.0,1.0,0.0,0.0,0.0,0.0,1.0
2017-12-28 00:00:00+00:00,0.0,0.0,0.0,0.0,0.0,1.0,0.0,0.0,0.0,0.0,1.0
2017-12-29 00:00:00+00:00,0.0,0.0,0.0,0.0,0.0,1.0,0.0,0.0,0.0,0.0,1.0
2017-12-30 00:00:00+00:00,0.0,0.0,0.0,0.0,0.0,1.0,0.0,0.0,0.0,0.0,1.0
2017-12-31 00:00:00+00:00,0.0,0.0,0.0,0.0,0.0,1.0,0.0,0.0,0.0,0.0,1.0
2018-01-01 00:00:00+00:00,0.0,0.0,0.0,0.0,0.0,1.0,0.0,0.0,0.0,0.0,1.0
2018-01-02 00:00:00+00:00,0.0,0.0,0.0,0.0,0.0,1.0,0.0,0.0,0.0,0.0,1.0
2018-01-03 00:00:00+00:00,0.0,0.0,0.0,0.0,0.0,1.0,0.0,0.0,0.0,0.0,1.0
2018-01-04 00:00:00+00:00,0.0,0.0,0.0,0.0,0.0,1.0,0.0,0.0,0.0,0.0,1.0
2018-01-05 00:00:00+00:00,0.0,0.0,0.0,0.0,0.0,1.0,0.0,0.0,0.0,0.0,1.0
2018-01-06 00:00:00+00:00,0.0,0.0,0.0,0.0,0.0,1.0,0.0,0.0,0.0,0.0,1.0
2018-01-07 00:00:00+00:00,0.0,0.0,0.0,0.0,0.0,1.0,0.0,0.0,0.0,0.0,1.0
2018-01-08 00:00:00+00:00,0.0,0.0,0.0,0.0,0.0,1.0,0.0,0.0,0.0,0.0,1.0
2018-01-09 00:00:00+00:00,0.0,0.0,0.0,0.0,0.0,1.0,0.0,0.0,0.0,0.0,1.0
2018-01-10 00:00:00+00:00,0.0,0.0,0.0,0.0,0.0,1.0,0.0,0.0,0.0,0.0,1.0
2018-01-11 00:00:00+00:00,0.0,0.0,0.0,0.0,0.0,1.0,0.0,0.0,0.0,0.0,1.0
2018-01-12 00:00:00+00:00,0.0,0.0,0.0,0.0,0.0,1.0,0.0,0.0,0.0,0.0,1.0
2018-01-13 00:00:00+00:00,0.0,0.0,0.0,0.0,0.0,1.0,0.0,0.0,0.0,0.0,1.0
2018-01-14 00:00:00+00:00,0.0,0.0,0.0,0.0,0.0,1.0,0.0,0.0,0.0,0.0,1.0
2018-01-15 00:00:00+00:00,0.0,0.0,0.0,0.0,0.0,1.0,0.0,0.0,0.0,0.0,1.0
2018-01-16 00:00:00+00:00,0.0,0.0,0.0,0.0,0.0,1.0,0.0,0.0,0.0,0.0,1.0
2018-01-17 00:00:00+00:00,0.0,0.0,0.0,0.0,0.0,1.0,0.0,0.0,0.0,0.0,1.0
2018-01-18 00:00:00+00:00,0.0,0.0,0.0,0.0,0.0,1.0,0.0,0.0,0.0,0.0,1.0
2018-01-19 00:00:00+00:00,0.0,0.0,0.0,0.0,0.0,1.0,0.0,0.0,0.0,0.0,1.0
2018-01-20 00:00:00+00:00,0.0,0.0,0.0,0.0,0.0,1.0,0.0,0.0,0.0,0.0,1.0
2018-01-21 00:00:00+00:00,0.0,0.0,0.0,0.0,0.0,1.0,0.0,0.0,0.0,0.0,1.0
2018-01-22 00:00:00+00:00,0.0,0.0,0.0,0.0,0.0,1.0,0.0,0.0,0.0,0.0,1.0
2018-01-23 00:00:00+00:00,0.0,0.0,0.0,0.0,0.0,1.0,0.0,0.0,0.0,0.0,1.0
2018-01-24 00:00:00+00:00,0.0,0.0,0.0,0.0,0.0,1.0,0.0,0.0,0.0,0.0,1.0
2018-01-25 00:00:00+00:00,0.0,0.0,0.0,0.0,0.0,1.0,0.0,0.0,0.0,0.0,1.0
2018-01-26 00:00:00+00:00,0.0,0.0,0.0,0.0,0.0,1.0,0.0,0.0,0.0,0.0,1.0
2018-01-27 00:00:00+00:00,0.0,0.0,0.0,0.0,0.0,1.0,0.0,0.0,0.0,0.0,1.0
2018-01-28 00:00:00+00:00,0.0,0.0,0.0,0.0,0.0,1.0,0.0,0.0,0.0,0.0,1.0
2018-01-29 00:00:00+00:00,0.0,0.0,0.0,0.0,0.0,1.0,0.0,0.0,0.0,0.0,1.0
2018-01-30 00:00:00+00:00,0.0,0.0,0.0,0.0,0.0,1.0,0.0,0.0,0.0,0.0,1.0
2018-01-31 00:00:00+00:00,0.0,0.0,0.0,0.0,0.0,1.0,0.0,0.0,0.0,0.0,1.0
2018-02-01 00:00:00+00:00,0.0,0.0,0.0,0.0,0.0,1.0,0.0,0.0,0.0,0.0,1.0
2018-02-02 00:00:00+00:00,0.0,0.0,0.0,0.0,0.0,1.0,0.0,0.0,0.0,0.0,1.0
2018-02-03 00:00:00+00:00,0.0,0.0,0.0,0.0,0.0,1.0,0.0,0.0,0.0,0.0,1.0
2018-02-04 00:00:00+00:00,0.0,0.0,0.0,0.0,0.0,1.0,0.0,0.0,0.0,0.0,1.0
2018-02-05 00:00:00+00:00,0.0,0.0,0.0,0.0,0.0,1.0,0.0,0.0,0.0,0.0,1.0
2018-02-06 00:00:00+00:00,0.0,0.0,0.0,0.0,0.0,1.0,0.0,0.0,0.0,0.0,1.0
2018-02-07 00:00:00+00:00,0.0,0.0,0.0,0.0,0.0,1.0,0.0,0.0,0.0,0.0,1.0
2018-02-08 00:00:00+00:00,0.0,0.0,0.0,0.0,0.0,1.0,0.0,0.0,0.0,0.0,1.0
2018-02-09 00:00:00+00:00,0.0,0.0,0.0,0.0,0.0,1.0,0.0,0.0,0.0,0.0,1.0
2018-02-10 00:00:00+00:00,0.0,0.0,0.0,0.0,0.0,1.0,0.0,0.0,0.0,0.0,1.0
2018-02-11 00:00:00+00:00,0.0,0.0,0.0,0.0,0.0,1.0,0.0,0.0,0.0,0.0,1.0
2018-02-12 00:00:00+00:00,0.0,0.0,0.0,0.0,0.0,1.0,0.0,0.0,0.0,0.0,1.0
2018-02-13 00:00:00+00:00,0.0,0.0,0.0,0.0,0.0,1.0,0.0,0.0,0.0,0.0,1.0
2018-02-14 00:00:00+00:00,0.0,0.0,0.0,0.0,0.0,1.0,0.0,0.0,0.0,0.0,1.0
2018-02-15 00:00:00+00:00,0.0,0.0,0.0,0.0,0.0,1.0,0.0,0.0,0.0,0.0,1.0
2018-02-16 00:00:00+00:00,0.0,0.0,0.0,0.0,0.0,1.0,0.0,0.0,0.0,0.0,1.0
2018-02-17 00:00:00+00:00,0.0,0.0,0.0,0.0,0.0,1.0,0.0,0.0,0.0,0.0,1.0
2018-02-18 00:00:00+00:00,0.0,0.0,0.0,0.0,0.0,1.0,0.0,0.0,0.0,0.0,1.0
2018-02-19 00:00:00+00:00,0.0,0.0,0.0,0.0,0.0,1.0,0.0,0.0,0.0,0.0,1.0
2018-02-20 00:00:00+00:00,0.0,0.0,0.0,0.0,0.0,1.0,0.0,0.0,0.0,0.0,1.0
2018-02-21 00:00:00+00:00,0.0,0.0,0.0,0.0,0.0,1.0,0.0,0.0,0.0,0.0,1.0
2018-02-22 00:00:00+00:00,0.0,0.0,0.0,0.0,0.0,1.0,0.0,0.0,0.0,0.0,1.0
2018-02-23 00:00:00+00:00,0.0,0.0,0.0,0.0,0.0,1.0,0.0,0.0,0.0,0.0,1.0
2018-02-24 00:00:00+00:00,0.0,0.0,0.0,0.0,0.0,1.0,0.0,0.0,0.0,0.0,1.0
2018-02-25 00:00:00+00:00,0.0,0.0,0.0,0.0,0.0,1.0,0.0,0.0,0.0,0.0,1.0
2018-02-26 00:00:00+00:00,0.0,0.0,0.0,0.0,0.0,1.0,0.0,0.0,0.0,0.0,1.0
2018-02-27 00:00:00+00:00,0.0,0.0,0.0,0.0,0.0,1.0,0.0,0.0,0.0,0.0,1.0
2018-02-28 00:00:00+00:00,0.0,0.0,0.0,0.0,0.0,1.0,0.0,0.0,0.0,0.0,1.0
2018-03-01 00:00:00+00:00,0.0,0.0,0.0,0.0,0.0,1.0,0.0,0.0,0.0,0.0,1.0
2018-03-02 00:00:00+00:00,0.0,0.0,0.0,0.0,0.0,1.0,0.0,0.0,0.0,0.0,1.0
2018-03-03 00:00:00+00:00,0.0,0.0,0.0,0.0,0.0,1.0,0.0,0.0,0.0,0.0,1.0
2018-03-04 00:00:00+00:00,0.0,0.0,0.0,0.0,0.0,1.0,0.0,0.0,0.0,0.0,1.0
2018-03-05 00:00:00+00:00,-0.014273642421881894,-0.012298238899681346,0.002,1.0,0.9999999999999999,0.0,0.5035879474465739,0.496412052553426,0.0,0.0,0.9857263575781181
2018-03-06 00:00:00+00:00,-0.053788308447524025,-0.05378830844752401,0.0,0.0,0.9999999999999999,0.0,0.49790224184489584,0.502097758155104,0.0,0.0,0.9327058042118519
2018-03-07 00:00:00+00:00,-0.07715965519394241,-0.07715965519394245,0.0,0.0,0.9999999999999998,0.0,0.49892929619343207,0.5010707038065677,0.0,0.0,0.8607385459614767
2018-03-08 00:00:00+00:00,-0.06818554970297452,-0.06818554970297455,0.0,0.0,0.9999999999999997,0.0,0.5007008787702711,0.4992991212297285,0.0,0.0,0.8020486150545544
2018-03-09 00:00:00+00:00,0.018220914798647625,0.01822091479864757,0.0,0.0,0.9999999999999997,0.0,0.48977385464725554,0.5102261453527441,0.0,0.0,0.8166626745338368
2018-03-10 00:00:00+00:00,-0.05476492214264783,-0.054764922142647825,0.0,0.0,0.9999999999999997,0.0,0.4923393572850173,0.5076606427149823,0.0,0.0,0.7719382067461846
2018-03-11 00:00:00+00:00,0.073002888634635,0.07300288863463493,0.0,0.0,0.9999999999999998,0.0,0.4987796604369607,0.501220339563039,0.0,0.0,0.8282919256860962
2018-03-12 00:00:00+00:00,-0.03807657247500984,-0.03807187695922842,4.881358252156631e-06,0.0024406791260783156,1.0,0.0,0.49785897013127345,0.5021410298687266,0.0,0.0,0.7967534081472442
2018-03-13 00:00:00+00:00,-0.003463041573619652,-0.0034630415736196137,0.0,0.0,1.0,0.0,0.500715029970755,0.499284970029245,0.0,0.0,0.7939942179709071
2018-03-14 00:00:00+00:00,-0.11087388073306159,-0.11087388073306165,0.0,0.0,1.0,0.0,0.5035947519736708,0.4964052480263292,0.0,0.0,0.7059609977448602
2018-03-15 00:00:00+00:00,0.002472261096635231,0.0024722610966351442,0.0,0.0,0.9999999999999998,0.0,0.5058497504639309,0.4941502495360689,0.0,0.0,0.7077063176553267
2018-03-16 00:00:00+00:00,-0.0067865733797740635,-0.006786573379774048,0.0,0.0,0.9999999999999998,0.0,0.5104816617829756,0.4895183382170241,0.0,0.0,0.7029034167992291
2018-03-17 00:00:00+00:00,-0.06866219801728557,-0.0686621980172856,0.0,0.0,0.9999999999999997,0.0,0.5191851524116022,0.48081484758839743,0.0,0.0,0.6546405232079338
2018-03-18 00:00:00+00:00,0.014927984633462232,0.014927984633462312,0.0,0.0,0.9999999999999998,0.0,0.5354125057011307,0.46458749429886903,0.0,0.0,0.6644129868788234
2018-03-19 00:00:00+00:00,0.042776175640096836,0.04292390583514183,0.00014165002280452343,0.07082501140226172,1.0,0.0,0.5031910374363353,0.49680896256366464,0.0,0.0,0.6928340335031133
2018-03-20 00:00:00+00:00,0.018545663177518934,0.01854566317751888,0.0,0.0,0.9999999999999998,0.0,0.512131820846383,0.48786817915361685,0.0,0.0,0.7056831001263839
2018-03-21 00:00:00+00:00,0.00043814223109328587,0.00043814223109336805,0.0,0.0,0.9999999999999999,0.0,0.5104631539584855,0.4895368460415144,0.0,0.0,0.7059922896943182
2018-03-22 00:00:00+00:00,-0.026427940437193986,-0.02642794043719404,0.0,0.0,0.9999999999999998,0.0,0.5145933256517786,0.4854066743482211,0.0,0.0,0.6873343675131585
2018-03-23 00:00:00+00:00,0.013582169069116024,0.013582169069116124,0.0,0.0,1.0,0.0,0.518063572441032,0.481936427558968,0.0,0.0,0.6966698590997361
2018-03-24 00:00:00+00:00,-0.04090072190948901,-0.040900721909489,0.0,0.0,1.0,0.0,0.5178903358596606,0.48210966414033934,0.0,0.0,0.6681755589299749
2018-03-25 00:00:00+00:00,-0.0011380420822891812,-0.001138042082289144,0.0,0.0,1.0,0.0,0.5147664734555236,0.4852335265444763,0.0,0.0,0.6674151470255555
2018-03-26 00:00:00+00:00,-0.057054936863281225,-0.05699923768037979,5.90658938220946e-05,0.029532946911047298,1.0,0.0,0.509194009969007,0.49080599003099307,0.0,0.0,0.6293358179504148
2018-03-27 00:00:00+00:00,-0.058139851773454265,-0.05813985177345428,0.0,0.0,1.0,0.0,0.5181141858012702,0.4818858141987299,0.0,0.0,0.5927463267790521
2018-03-28 00:00:00+00:00,0.0076104821846054715,0.007610482184605383,0.0,0.0,1.0,0.0,0.524345035783635,0.47565496421636505,0.0,0.0,0.5972574121389944
2018-03-29 00:00:00+00:00,-0.12299519691096161,-0.12299519691096161,0.0,0.0,1.0,0.0,0.5332640877024518,0.46673591229754824,0.0,0.0,0.5237976191264274
2018-03-30 00:00:00+00:00,-0.008425578091387442,-0.00842557809138747,0.0,0.0,1.0,0.0,0.5188386564522108,0.48116134354778917,0.0,0.0,0.5193843213823949
2018-03-31 00:00:00+00:00,0.008077660932262365,0.008077660932262469,0.0,0.0,1.0000000000000002,0.0,0.5208331162616073,0.47916688373839283,0.0,0.0,0.523579731824055
2018-04-01 00:00:00+00:00,-0.026872118581865445,-0.02687211858186548,0.0,0.0,1.0000000000000002,0.0,0.5267882820218869,0.47321171797811334,0.0,0.0,0.5095100351834178
2018-04-02 00:00:00+00:00,0.026786721880280195,0.026896757080024147,0.00010715312808754707,0.053576564043773534,0.9999999999999998,0.0,0.5048391673274816,0.49516083267251826,0.0,0.0,0.5231581387910877
2018-04-03 00:00:00+00:00,0.06297128390345375,0.06297128390345386,0.0,0.0,0.9999999999999998,0.0,0.4978746822774324,0.5021253177225674,0.0,0.0,0.5561020784753038
2018-04-04 00:00:00+00:00,-0.08553861727763412,-0.08553861727763414,0.0,0.0,0.9999999999999998,0.0,0.49966284193679994,0.5003371580631998,0.0,0.0,0.5085338756173079
2018-04-05 00:00:00+00:00,0.0025929090442879943,0.002592909044287957,0.0,0.0,0.9999999999999997,0.0,0.4964566508821311,0.5035433491178686,0.0,0.0,0.5098524577027228
2018-04-06 00:00:00+00:00,-0.02908503696587006,-0.02908503696587008,0.0,0.0,0.9999999999999996,0.0,0.4985937856841484,0.5014062143158512,0.0,0.0,0.49502338012329944
2018-04-07 00:00:00+00:00,0.043468298893151625,0.04346829889315172,0.0,0.0,0.9999999999999998,0.0,0.49913439485807737,0.5008656051419224,0.0,0.0,0.5165412043695973
2018-04-08 00:00:00+00:00,0.02903904218031661,0.02903904218031654,0.0,0.0,0.9999999999999997,0.0,0.49315427622813135,0.5068457237718683,0.0,0.0,0.5315410661911576
2018-04-09 00:00:00+00:00,-0.017829290165443323,-0.017802394751463557,2.7382895087473934e-05,0.013691447543736968,1.0,0.0,0.49239956053672224,0.5076004394632778,0.0,0.0,0.5220640662871864
2018-04-10 00:00:00+00:00,0.024910177864233773,0.024910177864233884,0.0,0.0,1.0000000000000002,0.0,0.4845415746814117,0.5154584253185885,0.0,0.0,0.5350687750349253
2018-04-11 00:00:00+00:00,0.025917556949421883,0.025917556949421803,0.0,0.0,1.0000000000000002,0.0,0.480188071108925,0.5198119288910752,0.0,0.0,0.5489364504837504
2018-04-12 00:00:00+00:00,0.14479708274445047,0.14479708274445044,0.0,0.0,1.0000000000000002,0.0,0.47791538796609484,0.5220846120339053,0.0,0.0,0.628420847125891
2018-04-13 00:00:00+00:00,-0.0023332449183178783,-0.0023332449183178744,0.0,0.0,1.0,0.0,0.47628150253613044,0.5237184974638697,0.0,0.0,0.6269545873777694
2018-04-14 00:00:00+00:00,0.016108399365903248,0.01610839936590318,0.0,0.0,1.0,0.0,0.4762592727099112,0.5237407272900888,0.0,0.0,0.6370538222555356
2018-04-15 00:00:00+00:00,0.053396780942404076,0.05339678094240413,0.0,0.0,1.0,0.0,0.47194834820446174,0.5280516517955383,0.0,0.0,0.6710704456510357
2018-04-16 00:00:00+00:00,-0.0378788845757736,-0.03777091611493888,0.00011220660718215303,0.056103303591076514,1.0,0.0,0.5015814836406564,0.49841851635934364,0.0,0.0,0.6456510456980071
2018-04-17 00:00:00+00:00,-0.02009466598001375,-0.02009466598001378,0.0,0.0,1.0,0.0,0.500826329009373,0.49917367099062704,0.0,0.0,0.6326769035950591
2018-04-18 00:00:00+00:00,0.04173220719264514,0.041732207192645226,0.0,0.0,1.0,0.0,0.4980068550789174,0.5019931449210827,0.0,0.0,0.6590799072218894
2018-04-19 00:00:00+00:00,0.045795523650198344,0.04579552365019828,0.0,0.0,1.0000000000000002,0.0,0.4820161154885672,0.517983884511433,0.0,0.0,0.6892628167004399
2018-04-20 00:00:00+00:00,0.07805358236002613,0.07805358236002607,0.0,0.0,1.0,0.0,0.4783671910520889,0.5216328089479112,0.0,0.0,0.7430622487314712
2018-04-21 00:00:00+00:00,-0.006674520861924882,-0.0066745208619249045,0.0,0.0,1.0,0.0,0.4850192398807416,0.5149807601192585,0.0,0.0,0.7381026642506042
2018-04-22 00:00:00+00:00,0.006400807370588568,0.006400807370588532,0.0,0.0,1.0,0.0,0.47492814883492296,0.5250718511650772,0.0,0.0,0.7428271172241906
2018-04-23 00:00:00+00:00,0.027598228905165056,0.027701294400746312,0.00010028740466030839,0.050143702330154194,0.9999999999999999,0.0,0.4947350498552995,0.5052649501447004,0.0,0.0,0.7633278300423076
2018-04-24 00:00:00+00:00,0.08228198597479319,0.08228198597479319,0.0,0.0,0.9999999999999998,0.0,0.4921691864475049,0.5078308135524949,0.0,0.0,0.8261359598480181
2018-04-25 00:00:00+00:00,-0.09874826930617797,-0.09874826930617799,0.0,0.0,0.9999999999999998,0.0,0.5035740241573176,0.4964259758426822,0.0,0.0,0.7445564636014282
2018-04-26 00:00:00+00:00,0.05772396024205517,0.05772396024205509,0.0,0.0,0.9999999999999997,0.0,0.4974030181731278,0.5025969818268718,0.0,0.0,0.7875352113043222
2018-04-27 00:00:00+00:00,-0.03262812003332449,-0.03262812003332453,0.0,0.0,0.9999999999999998,0.0,0.4946668255394299,0.5053331744605698,0.0,0.0,0.7618394178994152
2018-04-28 00:00:00+00:00,0.055492140031759174,0.055492140031759285,0.0,0.0,0.9999999999999998,0.0,0.4914033223666331,0.5085966776333667,0.0,0.0,0.8041155175592035
2018-04-29 00:00:00+00:00,0.0090984589628762,0.009098458962876307,0.0,0.0,1.0,0.0,0.49056917627363555,0.5094308237263644,0.0,0.0,0.8114317295971278
2018-04-30 00:00:00+00:00,-0.02364329612367777,-0.023606463342350614,3.772329490545767e-05,0.018861647452728836,1.0,0.0,0.5027881716250678,0.4972118283749322,0.0,0.0,0.7922468089301149
2018-05-01 00:00:00+00:00,-0.008593849866690983,-0.008593849866690931,0.0,0.0,1.0,0.0,0.49757348805114615,0.5024265119488539,0.0,0.0,0.7854383587968045
2018-05-02 00:00:00+00:00,0.02205316412722924,0.022053164127229206,0.0,0.0,1.0,0.0,0.4963002522531539,0.5036997477468462,0.0,0.0,0.802759759835172
2018-05-03 00:00:00+00:00,0.09311843852229962,0.09311843852229956,0.0,0.0,1.0,0.0,0.478677476956904,0.521322523043096,0.0,0.0,0.8775114951795595
2018-05-04 00:00:00+00:00,0.002783272718340779,0.0027832727183407487,0.0,0.0,0.9999999999999999,0.0,0.47558636586926284,0.524413634130737,0.0,0.0,0.8799538489841232
2018-05-05 00:00:00+00:00,0.029833463448221353,0.029833463448221402,0.0,0.0,1.0,0.0,0.46893961248940097,0.531060387510599,0.0,0.0,0.9062059199739128
2018-05-06 00:00:00+00:00,-0.02597965747374975,-0.025979657473749748,0.0,0.0,1.0,0.0,0.4715407727024795,0.5284592272975205,0.0,0.0,0.8826630005723062
2018-05-07 00:00:00+00:00,-0.041427195737721134,-0.041318062349042506,0.00011383690919008194,0.05691845459504097,1.0,0.0,0.5055687944765787,0.49443120552342135,0.0,0.0,0.846096747677153
2018-05-08 00:00:00+00:00,-0.012728207151510795,-0.012728207151510833,0.0,0.0,0.9999999999999999,0.0,0.5018614100521382,0.49813858994786164,0.0,0.0,0.8353274530024987
2018-05-09 00:00:00+00:00,0.009485804640217532,0.009485804640217631,0.0,0.0,1.0,0.0,0.504295640505309,0.49570435949469105,0.0,0.0,0.8432512060322909
2018-05-10 00:00:00+00:00,-0.03635795661719876,-0.03635795661719879,0.0,0.0,1.0,0.0,0.5060214569763919,0.49397854302360805,0.0,0.0,0.8125923152659683
2018-05-11 00:00:00+00:00,-0.06466565929661194,-0.06466565929661192,0.0,0.0,0.9999999999999999,0.0,0.5051719162204243,0.49482808377957554,0.0,0.0,0.7600454974599341
2018-05-12 00:00:00+00:00,0.009732009493001348,0.009732009493001362,0.0,0.0,1.0,0.0,0.504439449368376,0.4955605506316239,0.0,0.0,0.7674422674563272
2018-05-13 00:00:00+00:00,0.044386218845308356,0.04438621884530841,0.0,0.0,1.0,0.0,0.49464186600712745,0.5053581339928725,0.0,0.0,0.8015061278907833
2018-05-14 00:00:00+00:00,-0.0020530799973978997,-0.00203169100571704,2.1432535971490196e-05,0.010716267985745098,1.0,0.0,0.5000747216263326,0.49992527837366735,0.0,0.0,0.7998605716918189
2018-05-15 00:00:00+00:00,-0.027140452055488207,-0.027140452055488203,0.0,0.0,1.0,0.0,0.5020776791889716,0.49792232081102833,0.0,0.0,0.7781519941947417
2018-05-16 00:00:00+00:00,-0.00649695858388466,-0.0064969585838846825,0.0,0.0,0.9999999999999999,0.0,0.4974777871724454,0.5025222128275545,0.0,0.0,0.7730963729164911
2018-05-17 00:00:00+00:00,-0.04524590795460459,-0.04524590795460465,0.0,0.0,0.9999999999999998,0.0,0.5028395955291435,0.49716040447085635,0.0,0.0,0.7381169255874729
2018-05-18 00:00:00+00:00,0.03155310255898991,0.031553102558989854,0.0,0.0,0.9999999999999998,0.0,0.4995372621516992,0.5004627378483006,0.0,0.0,0.7614068046410607
2018-05-19 00:00:00+00:00,0.0024258128599905504,0.002425812859990661,0.0,0.0,1.0,0.0,0.49805498974718815,0.5019450102528118,0.0,0.0,0.7632538350594433
2018-05-20 00:00:00+00:00,0.03155109034678838,0.031551090346788296,0.0,0.0,0.9999999999999999,0.0,0.5000314558036787,0.4999685441963212,0.0,0.0,0.7873353257669365
2018-05-21 00:00:00+00:00,-0.021521142990616138,-0.02152101987524535,1.258232147149929e-07,6.291160735749646e-05,1.0,0.0,0.502602582508535,0.49739741749146504,0.0,0.0,0.770390969639543
2018-05-22 00:00:00+00:00,-0.06468493305360923,-0.06468493305360927,0.0,0.0,1.0,0.0,0.5111071583960051,0.4888928416039949,0.0,0.0,0.720558281343304
2018-05-23 00:00:00+00:00,-0.07901685128869107,-0.0790168512886911,0.0,0.0,0.9999999999999999,0.0,0.5219012291783482,0.47809877082165164,0.0,0.0,0.6636220347815653
2018-05-24 00:00:00+00:00,0.025976493079346685,0.025976493079346668,0.0,0.0,0.9999999999999999,0.0,0.5139111945267031,0.4860888054732968,0.0,0.0,0.6808606079753706
2018-05-25 00:00:00+00:00,-0.021609904928322154,-0.021609904928322137,0.0,0.0,0.9999999999999998,0.0,0.516806845148679,0.4831931548513208,0.0,0.0,0.6661472749675832
2018-05-26 00:00:00+00:00,-0.008135989271504496,-0.008135989271504494,0.0,0.0,0.9999999999999998,0.0,0.5124523273090791,0.48754767269092075,0.0,0.0,0.660727507885205
2018-05-27 00:00:00+00:00,-0.012313610550276688,-0.01231361055027671,0.0,0.0,0.9999999999999998,0.0,0.5191941506990497,0.48080584930095005,0.0,0.0,0.6525915666732517
2018-05-28 00:00:00+00:00,-0.06541325306190571,-0.06416547369349708,0.001333333333333333,0.6666666666666665,1.0,0.0,0.34454072375595524,0.3191785861256562,0.0,0.3362806901183885,0.6099034293763888
2018-05-29 00:00:00+00:00,0.07246727965212241,0.07246727965212249,0.0,0.0,1.0,0.0,0.33795780496681416,0.32995601255218426,0.0,0.3320861824810016,0.654101471753796
2018-05-30 00:00:00+00:00,-0.00890168012623227,-0.008901680126232225,0.0,0.0,1.0,0.0,0.33707050651127823,0.32750680258186216,0.0,0.3354226909068596,0.6482788696821459
2018-05-31 00:00:00+00:00,0.05854442691963313,0.0585444269196332,0.0,0.0,1.0,0.0,0.32286865869450326,0.32045221766221427,0.0,0.3566791236432825,0.6862319845917947
2018-06-01 00:00:00+00:00,0.0036805876743828403,0.003680587674382855,0.0,0.0,1.0,0.0,0.3232318487736504,0.31993464167488533,0.0,0.3568335095514644,0.6887577215760505
2018-06-02 00:00:00+00:00,0.022246951557281625,0.022246951557281694,0.0,0.0,1.0000000000000002,0.0,0.3210658701012763,0.31937735429875785,0.0,0.35955677559996607,0.7040804812426565
2018-06-03 00:00:00+00:00,0.018522873461117806,0.018522873461117806,0.0,0.0,1.0000000000000002,0.0,0.3184238885210918,0.32885886617265875,0.0,0.3527172453062497,0.7171220749031572
2018-06-04 00:00:00+00:00,-0.03444922086145319,-0.03437435045109464,7.75356478916649e-05,0.03876782394583245,1.0,0.0,0.33502985780071465,0.32924460468134154,0.0,0.3357255375179437,0.6924177781601947
2018-06-05 00:00:00+00:00,0.04825136924214646,0.04825136924214654,0.0,0.0,1.0,0.0,0.32556933197197335,0.32379870037623243,0.0,0.3506319676517941,0.7258278840440289
2018-06-06 00:00:00+00:00,0.036711072530327016,0.03671107253032694,0.0,0.0,0.9999999999999999,0.0,0.31536439982724324,0.31099470305894084,0.0,0.37364089711381576,0.752473804139703
2018-06-07 00:00:00+00:00,-0.02046413580669193,-0.02046413580669196,0.0,0.0,0.9999999999999998,0.0,0.323310263569772,0.3167173767691355,0.0,0.3599723596610923,0.73707507802081
2018-06-08 00:00:00+00:00,-0.007900243118807104,-0.0079002431188071,0.0,0.0,0.9999999999999998,0.0,0.32217136923112727,0.3161219557117518,0.0,0.36170667505712073,0.7312520057076318
2018-06-09 00:00:00+00:00,-0.013027041565451869,-0.013027041565451897,0.0,0.0,0.9999999999999998,0.0,0.32162787618978883,0.31663341763037556,0.0,0.3617387061798354,0.7217259554344585
2018-06-10 00:00:00+00:00,-0.10896746348914299,-0.108967463489143,0.0,0.0,0.9999999999999997,0.0,0.32594611122280265,0.31468802141015856,0.0,0.35936586736703846,0.6430813087364873
2018-06-11 00:00:00+00:00,0.03958006683973392,0.03968832972704635,0.00010413013613482114,0.05206506806741057,1.0,0.0,0.32567987750978805,0.32454440269062473,0.0,0.34977571979958727,0.668534509919661
2018-06-12 00:00:00+00:00,-0.04498447520636317,-0.04498447520636315,0.0,0.0,1.0,0.0,0.32404888012609717,0.31546462380100154,0.0,0.3604864960729013,0.6384608358335818
2018-06-13 00:00:00+00:00,-0.03830924196744834,-0.038309241967448296,0.0,0.0,1.0,0.0,0.32471656934404947,0.31636717969481487,0.0,0.3589162509611358,0.6140018851868938
2018-06-14 00:00:00+00:00,0.054092082350742254,0.05409208235074231,0.0,0.0,1.0000000000000002,0.0,0.3249858342028498,0.32779933953547036,0.0,0.3472148262616801,0.6472145257239342
2018-06-15 00:00:00+00:00,-0.030115364805668565,-0.030115364805668596,0.0,0.0,1.0000000000000002,0.0,0.32202132311044396,0.31726164057699074,0.0,0.3607170363125656,0.6277234241742302
2018-06-16 00:00:00+00:00,0.030481299417278507,0.030481299417278545,0.0,0.0,1.0000000000000002,0.0,0.3175160485855531,0.31354874905330626,0.0,0.3689352023611409,0.6468572498177243
2018-06-17 00:00:00+00:00,0.01777216501352674,0.017772165013526808,0.0,0.0,1.0000000000000004,0.0,0.3101217043151797,0.30850800115858723,0.0,0.38137029452623344,0.658353303601681
2018-06-18 00:00:00+00:00,0.031442920617034575,0.03164114824024655,0.00019214784477159964,0.09607392238579981,1.0,0.0,0.3365138862913555,0.33651120429013265,0.0,0.32697490941851187,0.6790538542647911
2018-06-19 00:00:00+00:00,0.013018700625556878,0.013018700625556896,0.0,0.0,1.0,0.0,0.33360530453107984,0.3449602588994404,0.0,0.3214344365694798,0.687894253102095
2018-06-20 00:00:00+00:00,-0.01243616273963144,-0.012436162739631457,0.0,0.0,1.0,0.0,0.33896959554322736,0.34843373144141465,0.0,0.312596673015358,0.67933948822286
2018-06-21 00:00:00+00:00,0.010571349355493087,0.010571349355493014,0.0,0.0,1.0,0.0,0.33316613430082825,0.33834744102359,0.0,0.3284864246755817,0.6865210232838458
2018-06-22 00:00:00+00:00,-0.10370363453762765,-0.10370363453762763,0.0,0.0,1.0,0.0,0.3345427727141568,0.3316493976667436,0.0,0.33380782961909955,0.6153262979828197
2018-06-23 00:00:00+00:00,0.0147724594585672,0.01477245945856725,0.0,0.0,1.0,0.0,0.3353468931153961,0.3345961726926527,0.0,0.3300569341919512,0.6244161807735611
2018-06-24 00:00:00+00:00,-0.03923057831757093,-0.039230578317570916,0.0,0.0,1.0,0.0,0.34835717310440556,0.3342002112285929,0.0,0.31744261566700155,0.5999199728909653
2018-06-25 00:00:00+00:00,0.020730312405868645,0.020795197078956308,6.356287066532717e-05,0.03178143533266359,0.9999999999999999,0.0,0.332610343150911,0.3299571024282125,0.0,0.3374325544208764,0.6123565013475153
2018-06-26 00:00:00+00:00,-0.05006608151523251,-0.05006608151523251,0.0,0.0,0.9999999999999998,0.0,0.33971749770305393,0.3252296044114909,0.0,0.33505289788545506,0.581698210834668
2018-06-27 00:00:00+00:00,0.013374698142035513,0.013374698142035544,0.0,0.0,1.0,0.0,0.33903831644119936,0.3295614990062634,0.0,0.33140018455253717,0.5894782488143439
2018-06-28 00:00:00+00:00,-0.030188600723869197,-0.03018860072386918,0.0,0.0,1.0,0.0,0.33342402138573907,0.32374387274882827,0.0,0.3428321058654327,0.571682725325482
2018-06-29 00:00:00+00:00,0.03934748200093208,0.03934748200093215,0.0,0.0,1.0,0.0,0.3398218053665645,0.32207351651493216,0.0,0.3381046781185034,0.5941770010704702
2018-06-30 00:00:00+00:00,0.030812753173756535,0.030812753173756563,0.0,0.0,1.0,0.0,0.3399380254221765,0.3264095018923531,0.0,0.3336524726854705,0.6124852303459775
2018-07-01 00:00:00+00:00,-0.01138911884021332,-0.011389118840213274,0.0,0.0,1.0,0.0,0.3422261671755461,0.32867237768486324,0.0,0.32910145513959077,0.6055095632696917
2018-07-02 00:00:00+00:00,0.03643520003421963,0.03647206872977682,3.557133536885082e-05,0.01778566768442541,1.0,0.0,0.33446981019537786,0.3388028301997194,0.0,0.32672735960490273,0.6275714253300559
2018-07-03 00:00:00+00:00,-0.025167875619061753,-0.025167875619061794,0.0,0.0,0.9999999999999999,0.0,0.3376965052486082,0.3369407197853265,0.0,0.32536277496606514,0.6117767857552718
2018-07-04 00:00:00+00:00,0.004395801229067242,0.004395801229067178,0.0,0.0,0.9999999999999999,0.0,0.3400666536451763,0.3393962423424031,0.0,0.3205371040124204,0.6144660349020097
2018-07-05 00:00:00+00:00,-0.008444181224373515,-0.008444181224373525,0.0,0.0,0.9999999999999999,0.0,0.34002912653563466,0.34272616195578004,0.0,0.31724471150858513,0.6092773723470749
2018-07-06 00:00:00+00:00,-0.0012883615831787987,-0.0012883615831788108,0.0,0.0,0.9999999999999998,0.0,0.3446701702460787,0.3451416566630196,0.0,0.3101881730909016,0.6084924027870429
2018-07-07 00:00:00+00:00,0.03513797559310472,0.03513797559310468,0.0,0.0,0.9999999999999999,0.0,0.340208698412857,0.3441199239108005,0.0,0.31567137767634235,0.6298735939847636
2018-07-08 00:00:00+00:00,-0.004623755551688591,-0.004623755551688641,0.0,0.0,0.9999999999999998,0.0,0.3396948336526948,0.34641618654183637,0.0,0.3138889798054686,0.6269612124577145
2018-07-09 00:00:00+00:00,-0.023894470204967266,-0.023818545335719955,7.777741411145855e-05,0.03888870705572928,1.0,0.0,0.33895749994648056,0.3310657182543102,0.0,0.32997678179920914,0.6119803064469735
2018-07-10 00:00:00+00:00,-0.06483391719048115,-0.06483391719048115,0.0,0.0,0.9999999999999999,0.0,0.34255358205926906,0.32461477631378016,0.0,0.33283164162695067,0.5723032259365852
2018-07-11 00:00:00+00:00,0.011663251997295898,0.011663251997295893,0.0,0.0,1.0,0.0,0.3429685787266984,0.3301005478421027,0.0,0.3269308734311988,0.578978142679549
2018-07-12 00:00:00+00:00,-0.03162368950963412,-0.031623689509634165,0.0,0.0,0.9999999999999998,0.0,0.34713482439577525,0.3302707816894293,0.0,0.3225943939147953,0.5606687176625862
2018-07-13 00:00:00+00:00,0.000315841889489743,0.000315841889489761,0.0,0.0,0.9999999999999998,0.0,0.3449807270488152,0.33115438174970424,0.0,0.3238648912014804,0.5608458003297505
2018-07-14 00:00:00+00:00,-0.0003058611857683635,-0.000305861185768344,0.0,0.0,0.9999999999999998,0.0,0.34710362902212544,0.33184554550961487,0.0,0.3210508254682595,0.5606742593682285
2018-07-15 00:00:00+00:00,0.02518064534434905,0.02518064534434897,0.0,0.0,0.9999999999999998,0.0,0.3441705195829769,0.336091045471543,0.0,0.3197384349454799,0.5747923990470853
2018-07-16 00:00:00+00:00,0.06900364322467789,0.0690617783696669,5.437959355141342e-05,0.02718979677570671,0.9999999999999998,0.0,0.3299156428000687,0.3316950670081724,0.0,0.33838929019175873,0.6144551686791871
2018-07-17 00:00:00+00:00,0.05260994511913597,0.05260994511913589,0.0,0.0,0.9999999999999998,0.0,0.34112235470597896,0.3285515169673221,0.0,0.33032612832669866,0.6467816213815686
2018-07-18 00:00:00+00:00,-0.03104324915185419,-0.031043249151854198,0.0,0.0,0.9999999999999998,0.0,0.35515145557875144,0.3258309350740217,0.0,0.3190176093472265,0.6267034183621804
2018-07-19 00:00:00+00:00,-0.0006685391222764903,-0.0006685391222764777,0.0,0.0,0.9999999999999998,0.0,0.35957656288467027,0.31877164128655977,0.0,0.3216517958287697,0.6262844426089408
2018-07-20 00:00:00+00:00,-0.041667342155575327,-0.04166734215557535,0.0,0.0,0.9999999999999998,0.0,0.36860999601552624,0.31867901492034967,0.0,0.3127109890641238,0.6001888344520403
2018-07-21 00:00:00+00:00,0.013516661507567251,0.013516661507567218,0.0,0.0,0.9999999999999996,0.0,0.36675629624548095,0.3222645012881866,0.0,0.3109792024663321,0.6083013837679498
2018-07-22 00:00:00+00:00,-0.002310114333080704,-0.0023101143330806566,0.0,0.0,0.9999999999999997,0.0,0.3673834308916052,0.32107359730992563,0.0,0.3115429717984689,0.6068961380224747
2018-07-23 00:00:00+00:00,0.005774975580225661,0.005911981184603231,0.00013620039023308795,0.06810019511654397,1.0,0.0,0.3460219257248053,0.3259994829180951,0.0,0.3279785913570997,0.6104009483992877
2018-07-24 00:00:00+00:00,0.05447363944844685,0.054473639448446805,0.0,0.0,1.0,0.0,0.3568571024446446,0.3292103475830622,0.0,0.31393254997229325,0.6436517095813805
2018-07-25 00:00:00+00:00,0.008890274027004708,0.008890274027004777,0.0,0.0,1.0,0.0,0.3443777405030968,0.3214546274772155,0.0,0.3341676320196879,0.649373949657509
2018-07-26 00:00:00+00:00,-0.009884031792509518,-0.009884031792509573,0.0,0.0,1.0,0.0,0.33694030180524426,0.31782801041465075,0.0,0.34523168778010505,0.6429555168938668
2018-07-27 00:00:00+00:00,0.03360408272559279,0.033604082725592746,0.0,0.0,1.0,0.0,0.33704014175440816,0.3127643281227667,0.0,0.35019553012282517,0.6645614472724445
2018-07-28 00:00:00+00:00,0.016706315200761823,0.01670631520076177,0.0,0.0,1.0,0.0,0.3329783986388944,0.30654529361139865,0.0,0.3604763077497069,0.6756638202808524
2018-07-29 00:00:00+00:00,-0.019290529469600415,-0.01929052946960042,0.0,0.0,0.9999999999999999,0.0,0.33894809366746054,0.31121380470580373,0.0,0.3498381016267357,0.6626299074441818
2018-07-30 00:00:00+00:00,-0.026442450712703458,-0.026356304554325763,8.847811451011834e-05,0.044239057255059167,0.9999999999999999,0.0,0.3407058858652005,0.3348620321642358,0.0,0.3244320819705636,0.6451083487758258
2018-07-31 00:00:00+00:00,-0.020233457620138173,-0.02023345762013819,0.0,0.0,1.0,0.0,0.3291989913292949,0.32380407145311174,0.0,0.34699693721759334,0.6320555763404728
2018-08-01 00:00:00+00:00,-0.019404955785955802,-0.019404955785955844,0.0,0.0,1.0,0.0,0.3298291464693434,0.3211733956079043,0.0,0.3489974579227522,0.6197905658273192
2018-08-02 00:00:00+00:00,0.001651079606457051,0.0016510796064570597,0.0,0.0,1.0,0.0,0.3260632722315289,0.3132070173527191,0.0,0.3607297104157519,0.6208138893908312
2018-08-03 00:00:00+00:00,0.00026368706613477677,0.00026368706613468483,0.0,0.0,0.9999999999999998,0.0,0.3210636447282171,0.3184319030576718,0.0,0.360504452214111,0.6209775899839404
2018-08-04 00:00:00+00:00,-0.03194427873740424,-0.03194427873740422,0.0,0.0,0.9999999999999999,0.0,0.3136517032072831,0.3207708987510036,0.0,0.3655773980417132,0.6011409087598119
2018-08-05 00:00:00+00:00,-0.004076880552015494,-0.004076880552015542,0.0,0.0,0.9999999999999998,0.0,0.3155803700864452,0.3233178835114867,0.0,0.3611017464020679,0.5986901290798681
2018-08-06 00:00:00+00:00,-0.00584250981127854,-0.005732072841269198,0.0001110736522749386,0.0555368261374693,1.0,0.0,0.3309981221906075,0.3323188822861749,0.0,0.33668299552321757,0.5951922761268034
2018-08-07 00:00:00+00:00,-0.04589016079296382,-0.04589016079296377,0.0,0.0,1.0,0.0,0.33619455573713075,0.32510185681252346,0.0,0.3387035874503458,0.5678788068726143
2018-08-08 00:00:00+00:00,-0.0671607328848256,-0.06716073288482559,0.0,0.0,1.0,0.0,0.3369454477329943,0.3275716270656094,0.0,0.3354829252013964,0.5297396500132892
2018-08-09 00:00:00+00:00,0.03748865660271705,0.03748865660271714,0.0,0.0,1.0000000000000002,0.0,0.3375123962691982,0.3226008790596636,0.0,0.3398867246711383,0.5495988778414809
2018-08-10 00:00:00+00:00,-0.06435203098351483,-0.06435203098351477,0.0,0.0,1.0000000000000002,0.0,0.33964175524853923,0.3150477276646011,0.0,0.3453105170868599,0.5142310738261209
2018-08-11 00:00:00+00:00,-0.02231318013961925,-0.02231318013961925,0.0,0.0,1.0000000000000002,0.0,0.3515982211330587,0.3082659526581919,0.0,0.34013582620874955,0.5027569432424488
2018-08-12 00:00:00+00:00,0.008513927944580946,0.008513927944580918,0.0,0.0,1.0,0.0,0.3534488815784847,0.30611604775953327,0.0,0.34043507066198214,0.5070373796308528
2018-08-13 00:00:00+00:00,-0.08165597202021313,-0.08155598180770629,0.0001088691422952005,0.05443457114760025,1.0,0.0,0.35946301716263956,0.3239524439687209,0.0,0.3165845388686394,0.46563474954651374
2018-08-14 00:00:00+00:00,-0.03702620219085928,-0.037026202190859274,0.0,0.0,1.0,0.0,0.3696896284905157,0.3300787086461509,0.0,0.3002316628633334,0.4483940631627144
2018-08-15 00:00:00+00:00,0.011506130336733422,0.011506130336733339,0.0,0.0,0.9999999999999999,0.0,0.3700433631824216,0.3298278022002187,0.0,0.3001288346173596,0.45355334369568207
2018-08-16 00:00:00+00:00,0.017924336552032738,0.017924336552032738,0.0,0.0,0.9999999999999998,0.0,0.36647086362459375,0.3302134767065766,0.0,0.3033156596688295,0.46168298647238326
2018-08-17 00:00:00+00:00,0.08465218177703115,0.08465218177703107,0.0,0.0,0.9999999999999997,0.0,0.35194059425123286,0.3369938643464456,0.0,0.31106554140232123,0.500765458566606
2018-08-18 00:00:00+00:00,-0.06355048173894529,-0.0635504817389453,0.0,0.0,0.9999999999999997,0.0,0.3649090661897568,0.33333064270523644,0.0,0.30176029110500646,0.4689415724364744
2018-08-19 00:00:00+00:00,0.01863621331543963,0.018636213315439618,0.0,0.0,0.9999999999999998,0.0,0.3632559921306546,0.3330180859980684,0.0,0.3037259218712766,0.4776808676128782
2018-08-20 00:00:00+00:00,-0.06004537239539676,-0.05993285516171049,0.0001196906351892858,0.0598453175946429,1.0,0.0,0.34218418748672164,0.32047671359312524,0.0,0.33733909892015307,0.4489983420309067
2018-08-21 00:00:00+00:00,0.02863549887477146,0.028635498874771365,0.0,0.0,0.9999999999999999,0.0,0.344843937420364,0.32374050622982103,0.0,0.3314155563498148,0.461855633548907
2018-08-22 00:00:00+00:00,-0.026033454205778295,-0.026033454205778326,0.0,0.0,0.9999999999999998,0.0,0.34764618137911957,0.3200838587235177,0.0,0.3322699598973625,0.44983193606323085
2018-08-23 00:00:00+00:00,0.023517110646845252,0.023517110646845175,0.0,0.0,0.9999999999999998,0.0,0.3483295338481921,0.3189451352708417,0.0,0.33272533088096595,0.46041068347611447
2018-08-24 00:00:00+00:00,0.02998442192111872,0.029984421921118675,0.0,0.0,0.9999999999999998,0.0,0.34658451147800284,0.31525750356741,0.0,0.33815798495458693,0.4742158316664529
2018-08-25 00:00:00+00:00,-0.004965472324012787,-0.00496547232401275,0.0,0.0,0.9999999999999999,0.0,0.3507444997880425,0.31287385660253125,0.0,0.33638164360942613,0.47186112607870445
2018-08-26 00:00:00+00:00,-0.001937579087400887,-0.001937579087400906,0.0,0.0,0.9999999999999998,0.0,0.3496697589943639,0.3096748384889904,0.0,0.34065540251664556,0.4709468578286569
2018-08-27 00:00:00+00:00,0.058046583087145054,0.05814671972199736,9.46339793773715e-05,0.04731698968868575,1.0,0.0,0.3247609898650798,0.33057338150679494,0.0,0.3446656286281253,0.4982837137412379
2018-08-28 00:00:00+00:00,0.027656871781303716,0.027656871781303667,0.0,0.0,1.0,0.0,0.32378678354983975,0.3303194047704025,0.0,0.3458938116797577,0.5120646825228912
2018-08-29 00:00:00+00:00,-0.020863944017875613,-0.020863944017875655,0.0,0.0,0.9999999999999999,0.0,0.32864003143299403,0.32926207057677853,0.0,0.3420978979902273,0.5013809936532023
2018-08-30 00:00:00+00:00,-0.018529428868405695,-0.018529428868405667,0.0,0.0,0.9999999999999999,0.0,0.3325416587658383,0.33030097804521064,0.0,0.33715736318895095,0.49209069019533475
2018-08-31 00:00:00+00:00,0.004659903984537195,0.004659903984537089,0.0,0.0,0.9999999999999997,0.0,0.33224886185306446,0.32594331677302185,0.0,0.3418078213739134,0.4943837855633296
2018-09-01 00:00:00+00:00,0.04087677405750889,0.040876774057508794,0.0,0.0,0.9999999999999996,0.0,0.3278675196051219,0.32909724679888586,0.0,0.3430352335959919,0.5145925998634978
2018-09-02 00:00:00+00:00,0.0008432077103868174,0.0008432077103868174,0.0,0.0,0.9999999999999997,0.0,0.33215973946335264,0.3284976107210754,0.0,0.3393426498155716,0.5150265083114107
2018-09-03 00:00:00+00:00,-0.010104559936298996,-0.010080764984398766,2.403726592895372e-05,0.01201863296447686,1.0,0.0,0.3349293431732155,0.3294123440482753,0.0,0.33565831277850916,0.5098223920893953
2018-09-04 00:00:00+00:00,0.0032327737254693734,0.003232773725469475,0.0,0.0,1.0,0.0,0.3382651027867298,0.3239098490406389,0.0,0.33782504817263137,0.5114705325231979
2018-09-05 00:00:00+00:00,-0.13763260858689208,-0.13763260858689205,0.0,0.0,1.0000000000000002,0.0,0.3569775658917324,0.30066344316960475,0.0,0.342358990938663,0.44107550891670333
2018-09-06 00:00:00+00:00,0.0016101354480599905,0.001610135448060046,0.0,0.0,1.0000000000000002,0.0,0.34680189661612537,0.30208681115923064,0.0,0.3511112922246442,0.4417857002288812
2018-09-07 00:00:00+00:00,-0.036579959091859626,-0.03657995909185957,0.0,0.0,1.0000000000000002,0.0,0.35326934150495043,0.2937111688204956,0.0,0.35301948967455427,0.42562519738714016
2018-09-08 00:00:00+00:00,-0.0521386651747523,-0.052138665174752324,0.0,0.0,1.0000000000000002,0.0,0.36043573193958783,0.28348697478849877,0.0,0.3560772932719136,0.4034336677306342
2018-09-09 00:00:00+00:00,0.002434949654027241,0.002434949654027246,0.0,0.0,1.0000000000000002,0.0,0.36346680335353904,0.2817353852057191,0.0,0.35479781144074213,0.40441600840029784
2018-09-10 00:00:00+00:00,0.005106668601926101,0.0053141571928652835,0.00020639179251045748,0.10319589625522874,1.0,0.0,0.33473892656243076,0.33341403154851407,0.0,0.3318470418890552,0.40648122693251193
2018-09-11 00:00:00+00:00,-0.02590367114015779,-0.025903671140157757,0.0,0.0,1.0000000000000002,0.0,0.34260661349766236,0.32131520049564705,0.0,0.33607818600669076,0.3959518709054043
2018-09-12 00:00:00+00:00,-0.007080293916244762,-0.0070802939162448114,0.0,0.0,1.0,0.0,0.3475510436045394,0.32016306375284814,0.0,0.33228589264261255,0.393148415282707
2018-09-13 00:00:00+00:00,0.07046498202042661,0.07046498202042659,0.0,0.0,1.0,0.0,0.33229317586955853,0.3443829077797063,0.0,0.3233239163507352,0.42085161129696214
2018-09-14 00:00:00+00:00,0.005475991898569621,0.005475991898569637,0.0,0.0,1.0,0.0,0.3299353105548558,0.3386748178455606,0.0,0.3313898715995836,0.42315619131092425
2018-09-15 00:00:00+00:00,0.029158911201545124,0.029158911201545044,0.0,0.0,0.9999999999999999,0.0,0.32248463334671607,0.3497028916236272,0.0,0.3278124750296566,0.43549496511774355
2018-09-16 00:00:00+00:00,-0.007295751357626612,-0.00729575135762656,0.0,0.0,1.0,0.0,0.3241127327013094,0.3500794279512737,0.0,0.3258078393474168,0.43231770213474624
2018-09-17 00:00:00+00:00,-0.06824944131368682,-0.06818702440066438,6.698437847176164e-05,0.03349218923588082,0.9999999999999999,0.0,0.3438905719484367,0.3187597360680712,0.0,0.3373496919834921,0.40281226049403296
2018-09-18 00:00:00+00:00,0.030661374052112667,0.03066137405211264,0.0,0.0,0.9999999999999999,0.0,0.33834299495875,0.3284559884173513,0.0,0.33320101662389867,0.41516303788581754
2018-09-19 00:00:00+00:00,0.00825382313786771,0.008253823137867636,0.0,0.0,0.9999999999999999,0.0,0.3385183210543424,0.3279085179289734,0.0,0.3335731610166841,0.41858972017390694
2018-09-20 00:00:00+00:00,0.04110561152907688,0.04110561152907692,0.0,0.0,0.9999999999999999,0.0,0.3302395895040504,0.33629556993903736,0.0,0.33346484055691217,0.4357961066014406
2018-09-21 00:00:00+00:00,0.06455532909563444,0.06455532909563443,0.0,0.0,0.9999999999999998,0.0,0.32297244797505753,0.34928367981100134,0.0,0.327743872213941,0.4639290676816928
2018-09-22 00:00:00+00:00,-0.01807791711477047,-0.018077917114770515,0.0,0.0,0.9999999999999999,0.0,0.3271686637782181,0.3461488755832406,0.0,0.3266824606385411,0.4555421964490104
2018-09-23 00:00:00+00:00,0.0057643556724982226,0.005764355672498207,0.0,0.0,0.9999999999999998,0.0,0.3245077865660402,0.34920586582958585,0.0,0.3262863476043738,0.45816810369317357
2018-09-24 00:00:00+00:00,-0.03751107781386065,-0.037449965387045994,6.349012998501036e-05,0.03174506499250518,1.0,0.0,0.33982790234620086,0.3229643927510562,0.0,0.33720770490274293,0.44098172430370997
2018-09-25 00:00:00+00:00,-0.025202228763146595,-0.025202228763146636,0.0,0.0,1.0,0.0,0.3413934893457264,0.31887870707821653,0.0,0.3397278035760571,0.429868002007441
2018-09-26 00:00:00+00:00,-0.010414376795660152,-0.010414376795660114,0.0,0.0,1.0,0.0,0.3462029715772883,0.31471821928376165,0.0,0.33907880913895005,0.42539119466213793
2018-09-27 00:00:00+00:00,0.04500102065336087,0.04500102065336084,0.0,0.0,1.0,0.0,0.34262874525838266,0.32184442692817716,0.0,0.3355268278134402,0.44453423259888664
2018-09-28 00:00:00+00:00,-0.016231001759229202,-0.016231001759229202,0.0,0.0,1.0,0.0,0.3454419778117273,0.3168586020652753,0.0,0.3376994201229974,0.4373189966875365
2018-09-29 00:00:00+00:00,0.013304511342002945,0.013304511342002869,0.0,0.0,1.0,0.0,0.33900931478813606,0.32641029860374066,0.0,0.3345803866081232,0.4431373122390392
2018-09-30 00:00:00+00:00,0.00406210232488724,0.004062102324887176,0.0,0.0,0.9999999999999999,0.0,0.3391172759158952,0.32708278870456786,0.0,0.3337999353795368,0.4449373813453297
2018-10-01 00:00:00+00:00,-0.004090805683446996,-0.004065905161418544,2.500217851506159e-05,0.012501089257530795,1.0,0.0,0.33385725209286427,0.3326547511603874,0.0,0.3334879967467483,0.44311722897694417
2018-10-02 00:00:00+00:00,-0.0021005582386114385,-0.002100558238611437,0.0,0.0,1.0,0.0,0.3302977911586817,0.3248347275664296,0.0,0.34486748127488864,0.442186435430946
2018-10-03 00:00:00+00:00,-0.008536916821360596,-0.008536916821360636,0.0,0.0,1.0,0.0,0.33233622543092106,0.3203300198892959,0.0,0.34733375467978295,0.43841152661213806
2018-10-04 00:00:00+00:00,0.00666676114021203,0.0066667611402121095,0.0,0.0,1.0,0.0,0.33427744425223294,0.3210782013426305,0.0,0.3446443544051365,0.4413343115411769
2018-10-05 00:00:00+00:00,0.02348845130032995,0.02348845130032992,0.0,0.0,0.9999999999999999,0.0,0.3287841119103278,0.32174047928490374,0.0,0.34947540880476835,0.4517005710249765
2018-10-06 00:00:00+00:00,-0.01444280485939442,-0.014442804859394405,0.0,0.0,1.0,0.0,0.331631011342456,0.3222096037128915,0.0,0.3461593849446524,0.44517674782278577
2018-10-07 00:00:00+00:00,0.008066460673794351,0.008066460673794257,0.0,0.0,0.9999999999999998,0.0,0.32991591876525356,0.32086507951804727,0.0,0.34921900171669895,0.4487677485519859
2018-10-08 00:00:00+00:00,0.008549962099006825,0.008614052132442632,6.354267353346289e-05,0.03177133676673144,0.9999999999999999,0.0,0.3333715915998682,0.3359639401348463,0.0,0.3306644682652854,0.45260469579336204
2018-10-09 00:00:00+00:00,-0.00877535537864138,-0.008775355378641405,0.0,0.0,0.9999999999999999,0.0,0.3354994010278664,0.33656577911941393,0.0,0.32793481985271955,0.44863292874173344
2018-10-10 00:00:00+00:00,-0.004582035751318214,-0.004582035751318255,0.0,0.0,0.9999999999999999,0.0,0.3357040119613765,0.33559841626352055,0.0,0.32869757177510284,0.4465772766230202
2018-10-11 00:00:00+00:00,-0.10361105428055806,-0.10361105428055807,0.0,0.0,0.9999999999999999,0.0,0.35318401702890984,0.31633995367299866,0.0,0.3304760292980914,0.4003069341743687
2018-10-12 00:00:00+00:00,0.01813976113793392,0.018139761137933978,0.0,0.0,1.0,0.0,0.3494041132970828,0.31947915552105266,0.0,0.3311167311818645,0.40756840634215036
2018-10-13 00:00:00+00:00,0.013280116184524404,0.013280116184524435,0.0,0.0,1.0,0.0,0.34673672145556017,0.3223835502356442,0.0,0.33087972830879564,0.4129809621315156
2018-10-14 00:00:00+00:00,-0.009727640442167229,-0.009727640442167212,0.0,0.0,1.0,0.0,0.35049774194503447,0.3181952343507282,0.0,0.33130702370423726,0.40896363182243994
2018-10-15 00:00:00+00:00,0.08483413681098506,0.08490862407070457,6.865763444680461e-05,0.03432881722340231,0.9999999999999998,0.0,0.3272699511181133,0.334639152525463,0.0,0.3380908963564236,0.44365770851518216
2018-10-16 00:00:00+00:00,-0.007422165335016717,-0.007422165335016717,0.0,0.0,0.9999999999999998,0.0,0.3302181509843933,0.33841524713540105,0.0,0.33136660188020556,0.44036480765042785
2018-10-17 00:00:00+00:00,-0.005761222019285306,-0.005761222019285276,0.0,0.0,1.0,0.0,0.33096522870512735,0.33673838012387175,0.0,0.33229639117100085,0.4378277682240739
2018-10-18 00:00:00+00:00,-0.0265383043409394,-0.026538304340939442,0.0,0.0,0.9999999999999999,0.0,0.3339313225273358,0.3351135950502686,0.0,0.33095508242239546,0.42620856166202914
2018-10-19 00:00:00+00:00,-0.006699972232559692,-0.006699972232559731,0.0,0.0,0.9999999999999998,0.0,0.33160848899956497,0.3354928758362522,0.0,0.33289863516418267,0.42335297613361433
2018-10-20 00:00:00+00:00,0.007809159268196142,0.007809159268196126,0.0,0.0,0.9999999999999998,0.0,0.33190356291672674,0.3374541080079171,0.0,0.330642329075356,0.4266590069509066
2018-10-21 00:00:00+00:00,-0.0008684972367331012,-0.0008684972367330525,0.0,0.0,1.0,0.0,0.3324140123937095,0.33701642082248623,0.0,0.33056956678380417,0.42628845478234245
2018-10-22 00:00:00+00:00,-0.0028180222481211104,-0.002803331197820687,1.4732349956611769e-05,0.007366174978305884,1.0,0.0,0.3338179551674745,0.3329975146613751,0.0,0.3331845301711504,0.42508716443264866
2018-10-23 00:00:00+00:00,-0.0013498558993060294,-0.0013498558993059935,0.0,0.0,1.0,0.0,0.3328627531105145,0.33212460812974115,0.0,0.3350126387597444,0.42451335801601997
2018-10-24 00:00:00+00:00,-0.0014582848568954754,-0.0014582848568955127,0.0,0.0,1.0,0.0,0.33402538452489233,0.3318017545002746,0.0,0.3341728609748331,0.42389429661447536
2018-10-25 00:00:00+00:00,-0.006997757713740116,-0.006997757713740102,0.0,0.0,1.0,0.0,0.3343979349949975,0.33168295385823215,0.0,0.33391911114677036,0.42092798703053097
2018-10-26 00:00:00+00:00,0.0031363837836551056,0.0031363837836552153,0.0,0.0,1.0,0.0,0.3338885858634044,0.33239777376141993,0.0,0.33371364037517576,0.42224817874314013
2018-10-27 00:00:00+00:00,-0.005884715925115636,-0.005884715925115691,0.0,0.0,1.0,0.0,0.3341684282982125,0.33359852610553914,0.0,0.33223304559624833,0.4197633681613393
2018-10-28 00:00:00+00:00,-0.0001901720350618863,-0.00019017203506192462,0.0,0.0,0.9999999999999999,0.0,0.3334269272711763,0.3345432581719512,0.0,0.3320298145568724,0.41968354090737164
2018-10-29 00:00:00+00:00,-0.029776118567555576,-0.029771059720991068,5.214075105843485e-06,0.0026070375529217427,1.0,0.0,0.33586280420611925,0.33008655128631165,0.0,0.334050644507569,0.40718699403246217
2018-10-30 00:00:00+00:00,-0.00029163169787849164,-0.00029163169787853755,0.0,0.0,0.9999999999999999,0.0,0.33519349096993717,0.33066902242710133,0.0,0.3341374866029614,0.40706824539803843
2018-10-31 00:00:00+00:00,0.005685294230028504,0.005685294230028558,0.0,0.0,0.9999999999999998,0.0,0.3353789389957763,0.33123352397814737,0.0,0.3333875370260762,0.4093825481448277
2018-11-01 00:00:00+00:00,0.008642846332071796,0.008642846332071824,0.0,0.0,0.9999999999999999,0.0,0.3346183070775153,0.3304280985610578,0.0,0.3349535943614268,0.41292077859947546
2018-11-02 00:00:00+00:00,0.0068698001640215,0.0068698001640214515,0.0,0.0,0.9999999999999999,0.0,0.333517327688391,0.3320802447291068,0.0,0.33440242758250205,0.415757461832026
2018-11-03 00:00:00+00:00,-0.008187750353542467,-0.008187750353542501,0.0,0.0,0.9999999999999998,0.0,0.33392873544275914,0.3314454948703216,0.0,0.3346257696869191,0.41235334352692293
2018-11-04 00:00:00+00:00,0.03243533281462008,0.03243533281462012,0.0,0.0,0.9999999999999998,0.0,0.3283922708652665,0.3400442656901086,0.0,0.3315634634446248,0.42572816146144005
2018-11-05 00:00:00+00:00,-0.005188645792997271,-0.0051619406293077486,2.6843729427101227e-05,0.013421864713550613,0.9999999999999999,0.0,0.33419191044168295,0.33270942807445836,0.0,0.3330986614838586,0.4235192088275127
2018-11-06 00:00:00+00:00,0.022906788490986818,0.02290678849098671,0.0,0.0,0.9999999999999998,0.0,0.32942214767163924,0.34090098690342424,0.0,0.3296768654249363,0.4332206737659946
2018-11-07 00:00:00+00:00,0.0010156584709621885,0.0010156584709620912,0.0,0.0,0.9999999999999997,0.0,0.3318996234779276,0.337917289657902,0.0,0.3301830868641701,0.433660678013101
2018-11-08 00:00:00+00:00,-0.021660271125032327,-0.0216602711250323,0.0,0.0,0.9999999999999998,0.0,0.3341620402636927,0.3355126154355255,0.0,0.3303253443007816,0.42426747015107186
2018-11-09 00:00:00+00:00,-0.008765465013900742,-0.008765465013900704,0.0,0.0,0.9999999999999999,0.0,0.33400330056811334,0.33528229107262336,0.0,0.33071440835926313,0.42054856848492644
2018-11-10 00:00:00+00:00,0.0039449961740272155,0.003944996174027243,0.0,0.0,0.9999999999999999,0.0,0.3334769623244845,0.3379100159121816,0.0,0.32861302176333373,0.4222076309785921
2018-11-11 00:00:00+00:00,-0.001324874219882033,-0.0013248742198819928,0.0,0.0,0.9999999999999999,0.0,0.3347262503494014,0.3372953259986079,0.0,0.3279784236519906,0.4216482589728711
2018-11-12 00:00:00+00:00,-0.002009984569274592,-0.0019886075258039497,2.1419638725370784e-05,0.010709819362685391,1.0,0.0,0.33404774687822913,0.3344845375844157,0.0,0.3314677155373552,0.42080075247867416
2018-11-13 00:00:00+00:00,-0.007911297088705749,-0.007911297088705756,0.0,0.0,1.0,0.0,0.3370925573404342,0.33229037323324384,0.0,0.3306170694263221,0.41747167271066443
2018-11-14 00:00:00+00:00,-0.0883254737364646,-0.08832547373646464,0.0,0.0,1.0,0.0,0.33873623227956057,0.3255582963125301,0.0,0.3357054714079094,0.3805982894469407
2018-11-15 00:00:00+00:00,-0.026503322807625462,-0.026503322807625428,0.0,0.0,1.0,0.0,0.3385430864840447,0.32892609592694944,0.0,0.33253081758900593,0.3705111701216983
2018-11-16 00:00:00+00:00,-0.03417048078708995,-0.034170480787089896,0.0,0.0,1.0000000000000002,0.0,0.3440350695575424,0.32685579639856505,0.0,0.3291091340438927,0.3578506253016526
2018-11-17 00:00:00+00:00,-0.00916180085472551,-0.009161800854725542,0.0,0.0,1.0,0.0,0.34598231945862945,0.32851702125715315,0.0,0.32550065928421745,0.35457206913689987
2018-11-18 00:00:00+00:00,0.016931279939428112,0.016931279939428178,0.0,0.0,1.0,0.0,0.34212229061479926,0.32825430867568883,0.0,0.32962340070951196,0.36057542809815896
2018-11-19 00:00:00+00:00,-0.1536280407048466,-0.15359828475077358,3.515582912586357e-05,0.017577914562931785,1.0,0.0,0.34175829878786274,0.33161813312827537,0.0,0.3266235680838618,0.30518093155312753
2018-11-20 00:00:00+00:00,-0.09928742563374948,-0.09928742563374948,0.0,0.0,0.9999999999999998,0.0,0.3521332158491056,0.32646178616507715,0.0,0.32140499798581706,0.274880302506708
2018-11-21 00:00:00+00:00,0.03804935617217753,0.03804935617217746,0.0,0.0,0.9999999999999998,0.0,0.34675224017341305,0.32550560068117823,0.0,0.32774215914540844,0.2853393210415016
2018-11-22 00:00:00+00:00,-0.07609003311434859,-0.07609003311434853,0.0,0.0,0.9999999999999998,0.0,0.3519443008305373,0.3223171032628422,0.0,0.3257385959066203,0.263627842654628
2018-11-23 00:00:00+00:00,-0.0073587891368945835,-0.007358789136894599,0.0,0.0,0.9999999999999998,0.0,0.3581817385127591,0.32065349018195266,0.0,0.32116477130528803,0.2616878609499182
2018-11-24 00:00:00+00:00,-0.09094965101547181,-0.0909496510154718,0.0,0.0,0.9999999999999997,0.0,0.35101191166737167,0.3240360916750084,0.0,0.32495199665761965,0.23788744132153783
2018-11-25 00:00:00+00:00,0.02967421690515759,0.0296742169051577,0.0,0.0,0.9999999999999998,0.0,0.3543293869627179,0.32516659623643046,0.0,0.3205040168008515,0.2449465648543261
2018-11-26 00:00:00+00:00,-0.05450720498817074,-0.054427791848999554,8.398421451753846e-05,0.04199210725876923,0.9999999999999998,0.0,0.33318662139969346,0.3287811948828306,0.0,0.33803218371747584,0.23159521223266308
2018-11-27 00:00:00+00:00,-0.0021713416877783276,-0.002171341687778334,0.0,0.0,0.9999999999999998,0.0,0.3348776767560659,0.3316404869405271,0.0,0.33348183630340683,0.23109233989365244
2018-11-28 00:00:00+00:00,0.09210764849659614,0.09210764849659607,0.0,0.0,0.9999999999999999,0.0,0.3372081011823977,0.3350241273231567,0.0,0.32776777149444547,0.2523777119068329
2018-11-29 00:00:00+00:00,-0.00819392914482786,-0.00819392914482789,0.0,0.0,0.9999999999999998,0.0,0.3426791207523864,0.3243495657096724,0.0,0.33297131353794107,0.25030974681773455
2018-11-30 00:00:00+00:00,-0.04923660438705091,-0.049236604387050895,0.0,0.0,0.9999999999999999,0.0,0.3390760318177783,0.3287716234159684,0.0,0.3321523447662532,0.2379853448394469
2018-12-01 00:00:00+00:00,0.036043054507679084,0.0360430545076791,0.0,0.0,0.9999999999999998,0.0,0.3394040417668971,0.32955733753788297,0.0,0.3310386206952198,0.24656306359552388
2018-12-02 00:00:00+00:00,-0.0062628883283113446,-0.006262888328311351,0.0,0.0,0.9999999999999998,0.0,0.3390632011417953,0.32753418134573004,0.0,0.3334026175124745,0.2450188666623388
2018-12-03 00:00:00+00:00,-0.054307946365110715,-0.0542860090084285,2.3196607950412895e-05,0.011598303975206448,1.0,0.0,0.3291034074824007,0.32868346333884124,0.0,0.342213129178758,0.23171239519320028
2018-12-04 00:00:00+00:00,0.06066035701521799,0.06066035701521791,0.0,0.0,0.9999999999999999,0.0,0.31557070482830524,0.3131908303415104,0.0,0.3712384648301842,0.2457681518104711
2018-12-05 00:00:00+00:00,-0.024567849113080853,-0.024567849113080863,0.0,0.0,0.9999999999999998,0.0,0.3085719090544497,0.3000768833391369,0.0,0.3913512076064132,0.2397301569399907
2018-12-06 00:00:00+00:00,-0.13052656701213805,-0.1305265670121381,0.0,0.0,0.9999999999999997,0.0,0.33043868981853375,0.30632223614967313,0.0,0.3632390740317928,0.20843900254533262
2018-12-07 00:00:00+00:00,-0.03220983320064008,-0.032209833200640095,0.0,0.0,0.9999999999999997,0.0,0.3312012351523341,0.32304333033105426,0.0,0.3457554345166113,0.20172521704083968
2018-12-08 00:00:00+00:00,0.0003943776342765215,0.00039437763427641395,0.0,0.0,0.9999999999999996,0.0,0.3318284139776979,0.3136511431999872,0.0,0.35452044282231443,0.20180477295471017
2018-12-09 00:00:00+00:00,0.03412174236421195,0.03412174236421186,0.0,0.0,0.9999999999999994,0.0,0.3337781743515277,0.31293218338001977,0.0,0.35328964226845205,0.20869070342533907
2018-12-10 00:00:00+00:00,-0.03267058326724448,-0.0325916382950316,8.16045998132533e-05,0.04080229990662665,1.0,0.0,0.33344704898856115,0.33207529036003974,0.0,0.3344776606513991,0.2018726564219817
2018-12-11 00:00:00+00:00,0.005950811997221139,0.005950811997221226,0.0,0.0,1.0,0.0,0.32618676027797466,0.3223612640993355,0.0,0.3514519756226899,0.20307396264772853
2018-12-12 00:00:00+00:00,0.01878048617479,0.018780486174790056,0.0,0.0,1.0000000000000002,0.0,0.32653603930005803,0.322259011947317,0.0,0.35120494875262515,0.20688779039569402
2018-12-13 00:00:00+00:00,-0.04874970079852925,-0.048749700798529236,0.0,0.0,1.0000000000000002,0.0,0.328895637742081,0.32725302481974494,0.0,0.3438513374381742,0.1968020725150351
2018-12-14 00:00:00+00:00,-0.026515647582017965,-0.026515647582017986,0.0,0.0,1.0000000000000002,0.0,0.3299890146164317,0.32631723236733523,0.0,0.3436937530162332,0.19158373811681567
2018-12-15 00:00:00+00:00,0.0008680345955527358,0.0008680345955526629,0.0,0.0,1.0,0.0,0.3283247956716719,0.3257619447417243,0.0,0.3459132595866039,0.19175003942944638
2018-12-16 00:00:00+00:00,0.01083810194884216,0.01083810194884224,0.0,0.0,1.0000000000000002,0.0,0.3265753407871622,0.32584778940258097,0.0,0.34757686981025704,0.19382824590547723
2018-12-17 00:00:00+00:00,0.09778797450480003,0.09785052360071647,5.697414590769434e-05,0.02848707295384717,1.0,0.0,0.3299324101162399,0.3371484121923831,0.0,0.33291917769137686,0.21278231747439216
2018-12-18 00:00:00+00:00,0.06722687320282184,0.06722687320282184,0.0,0.0,0.9999999999999999,0.0,0.32183318122124827,0.3372782877257322,0.0,0.3408885310530194,0.2270870073510457
2018-12-19 00:00:00+00:00,-0.015565093135246677,-0.015565093135246729,0.0,0.0,0.9999999999999999,0.0,0.32754910194737547,0.3369458116586104,0.0,0.335505086394014,0.22355237693182223
2018-12-20 00:00:00+00:00,0.10579915178381483,0.10579915178381481,0.0,0.0,0.9999999999999998,0.0,0.3279233332225443,0.3509403722169899,0.0,0.3211362945604656,0.24720402879046466
2018-12-21 00:00:00+00:00,-0.047054126636870475,-0.04705412663687049,0.0,0.0,0.9999999999999998,0.0,0.32614381929891884,0.34870739070946066,0.0,0.32514878999162034,0.23557205911461357
2018-12-22 00:00:00+00:00,0.055119970461812606,0.055119970461812676,0.0,0.0,0.9999999999999999,0.0,0.31785207253855974,0.3535425338645295,0.0,0.32860539359691066,0.24855678405463943
2018-12-23 00:00:00+00:00,0.04765723364560226,0.047657233645602204,0.0,0.0,0.9999999999999999,0.0,0.30191806388676773,0.3780385400858186,0.0,0.3200433960274135,0.26040231278653087
2018-12-24 00:00:00+00:00,0.03759183763820739,0.03777741385360496,0.0001788208270099414,0.0894104135049707,1.0,0.0,0.32777084031723114,0.34355350953407726,0.0,0.32867565014869154,0.27019131424941584
2018-12-25 00:00:00+00:00,-0.08278136324881269,-0.0827813632488127,0.0,0.0,1.0,0.0,0.3337781603722597,0.3463344329304453,0.0,0.319887406697295,0.24782450891786084
2018-12-26 00:00:00+00:00,0.017169255929956106,0.017169255929956,0.0,0.0,0.9999999999999999,0.0,0.330963421642015,0.3451311598922232,0.0,0.3239054184657617,0.2520794713371873
2018-12-27 00:00:00+00:00,-0.0845288297609903,-0.08452882976099027,0.0,0.0,1.0,0.0,0.34144025131010475,0.331531250004869,0.0,0.3270284986850262,0.23077148861828575
2018-12-28 00:00:00+00:00,0.1328365086857335,0.1328365086857334,0.0,0.0,0.9999999999999998,0.0,0.3243053672262085,0.3480996811585943,0.0,0.3275949516151971,0.2614263674705483
2018-12-29 00:00:00+00:00,-0.029653537564921062,-0.02965353756492102,0.0,0.0,0.9999999999999999,0.0,0.32182855817732764,0.35263924495594734,0.0,0.32553219686672497,0.25367415086229955
2018-12-30 00:00:00+00:00,0.03522220656099373,0.03522220656099374,0.0,0.0,1.0,0.0,0.31982738466041494,0.35296054002924826,0.0,0.32721207531033675,0.26260911420315614
2018-12-31 00:00:00+00:00,-0.012306688969523694,-0.01222914023819277,7.850882678365978e-05,0.03925441339182989,0.9999999999999999,0.0,0.3284192311879358,0.3218862261128192,0.0,0.34969454269924494,0.2593772655140958
2019-01-01 00:00:00+00:00,0.020152460727695498,0.020152460727695578,0.0,0.0,1.0,0.0,0.33021371676824224,0.33389033755105,0.0,0.33589594568070774,0.26460435567102564
2019-01-02 00:00:00+00:00,0.03930443679742068,0.03930443679742063,0.0,0.0,1.0,0.0,0.32284083303364086,0.351080007461728,0.0,0.32607915950463107,0.2750044808448197
2019-01-03 00:00:00+00:00,-0.03422663077018384,-0.03422663077018386,0.0,0.0,0.9999999999999999,0.0,0.3264510692088933,0.34986704768664445,0.0,0.3236818831044622,0.26559200401879796
2019-01-04 00:00:00+00:00,0.025530981718923096,0.025530981718923113,0.0,0.0,1.0,0.0,0.32025812429290135,0.3546353573948283,0.0,0.3251065183122703,0.27237282861809403
2019-01-05 00:00:00+00:00,-0.0001917169860875534,-0.00019171698608752482,0.0,0.0,1.0,0.0,0.31871628504513505,0.356452620443508,0.0,0.32483109451135694,0.27232061012029923
2019-01-06 00:00:00+00:00,0.03741284830148728,0.03741284830148735,0.0,0.0,1.0,0.0,0.324859854578596,0.34598078195037796,0.0,0.3291593634710261,0.28250889979609844
2019-01-07 00:00:00+00:00,-0.014654676271833034,-0.014604825332476607,5.058979446817835e-05,0.025294897234089175,1.0,0.0,0.33735249797073913,0.32816225882825245,0.0,0.3344852432010084,0.2783688233256749
2019-01-08 00:00:00+00:00,0.011888081458507838,0.011888081458507935,0.0,0.0,1.0,0.0,0.3316026304368088,0.3206790842708338,0.0,0.34771828529235743,0.2816780945728795
2019-01-09 00:00:00+00:00,0.0036285946437280003,0.0036285946437279847,0.0,0.0,1.0,0.0,0.33128999592166186,0.32058026922572386,0.0,0.34812973485261434,0.28270019019810216
2019-01-10 00:00:00+00:00,-0.11944024816626941,-0.11944024816626937,0.0,0.0,1.0,0.0,0.3401621300667099,0.3071599532473607,0.0,0.35267791668592946,0.24893440932418928
2019-01-11 00:00:00+00:00,0.007461652102592753,0.007461652102592835,0.0,0.0,1.0000000000000002,0.0,0.3390956301407325,0.30417744775468275,0.0,0.35672692210458495,0.2507918712829308
2019-01-12 00:00:00+00:00,-0.010370023943444218,-0.010370023943444238,0.0,0.0,1.0,0.0,0.34101145122958565,0.30411046427541455,0.0,0.3548780844949999,0.2481911535729056
2019-01-13 00:00:00+00:00,-0.05662409287344228,-0.05662409287344225,0.0,0.0,1.0000000000000002,0.0,0.350734668277103,0.2983729381124228,0.0,0.35089239361047436,0.23413755464262662
2019-01-14 00:00:00+00:00,0.08721814162464558,0.08737020119258616,0.0001398415808836424,0.0699207904418212,1.0,0.0,0.319642168030628,0.34086469549722037,0.0,0.3394931364721516,0.2545585970430954
2019-01-15 00:00:00+00:00,-0.04230942829857787,-0.04230942829857782,0.0,0.0,1.0,0.0,0.32704236579414064,0.333438331417603,0.0,0.3395193027882564,0.243788368333714
2019-01-16 00:00:00+00:00,0.027919785759160876,0.027919785759160855,0.0,0.0,1.0,0.0,0.32163198523036785,0.3313640667649557,0.0,0.34700394800467643,0.2505948873481667
2019-01-17 00:00:00+00:00,0.014704003514498742,0.014704003514498729,0.0,0.0,1.0,0.0,0.31886679734286416,0.3267504520229197,0.0,0.35438275063421615,0.2542796354524496
2019-01-18 00:00:00+00:00,0.0016567859007221575,0.0016567859007220551,0.0,0.0,1.0,0.0,0.3167139021009416,0.31976951822734334,0.0,0.36351657967171497,0.25470092236730796
2019-01-19 00:00:00+00:00,0.017373993278817945,0.017373993278817976,0.0,0.0,1.0,0.0,0.3174432879938711,0.32340879687949264,0.0,0.3591479151266362,0.2591260944806263
2019-01-20 00:00:00+00:00,-0.030617705326104083,-0.030617705326104104,0.0,0.0,1.0,0.0,0.3161700224771325,0.31988246238164375,0.0,0.3639475151412237,0.2511922480775143
2019-01-21 00:00:00+00:00,-0.003604669069977473,-0.0034826388152974226,0.00012245672723156155,0.06122836361578077,1.0,0.0,0.333328226372063,0.3289783087485683,0.0,0.3376934648793687,0.25028678315025116
2019-01-22 00:00:00+00:00,0.0108337676366137,0.010833767636613669,0.0,0.0,1.0,0.0,0.3338256912307605,0.33158879583044415,0.0,0.3345855129387953,0.2529983320014165
2019-01-23 00:00:00+00:00,-0.004626200318208484,-0.004626200318208494,0.0,0.0,1.0,0.0,0.33373903218435275,0.32917082234187195,0.0,0.3370901454737753,0.25182791103740537
2019-01-24 00:00:00+00:00,-0.0006047822388507429,-0.0006047822388507301,0.0,0.0,1.0,0.0,0.3354542207283359,0.32937001947966316,0.0,0.3351757597920009,0.25167560998956306
2019-01-25 00:00:00+00:00,0.00830620786525893,0.008306207865259013,0.0,0.0,1.0000000000000002,0.0,0.3324689699348201,0.32309270236892546,0.0,0.34443832769625454,0.25376607992075223
2019-01-26 00:00:00+00:00,0.013631181694259364,0.013631181694259255,0.0,0.0,1.0,0.0,0.327899571262989,0.3192738254278985,0.0,0.35282660330911253,0.25722521146399197
2019-01-27 00:00:00+00:00,-0.00570706262021492,-0.005707062620214953,0.0,0.0,1.0,0.0,0.3283415976063594,0.31197330063308015,0.0,0.3596851017605605,0.2557572110746689
2019-01-28 00:00:00+00:00,-0.07194513910085765,-0.07184730524134804,0.00010540707370890857,0.05270353685445428,1.0,0.0,0.34739625819308895,0.3381407468414034,0.0,0.31446299496550767,0.23735672294785445
2019-01-29 00:00:00+00:00,-0.007451889014247537,-0.007451889014247528,0.0,0.0,1.0,0.0,0.34756237137389717,0.33719159745596233,0.0,0.31524603117014044,0.23558796699166154
2019-01-30 00:00:00+00:00,0.017619566444432078,0.017619566444432026,0.0,0.0,0.9999999999999999,0.0,0.3462980278734373,0.34366677931377015,0.0,0.31003519281279246,0.23973892482957979
2019-01-31 00:00:00+00:00,-0.003745672390457422,-0.003745672390457374,0.0,0.0,1.0,0.0,0.3452475029174034,0.33916125400142194,0.0,0.31559124308117464,0.2388409413579277
2019-02-01 00:00:00+00:00,0.018469241541543502,0.01846924154154352,0.0,0.0,1.0,0.0,0.34176048165508044,0.333761455472735,0.0,0.3244780628721846,0.24325215239387687
2019-02-02 00:00:00+00:00,0.03314197347135206,0.03314197347135198,0.0,0.0,1.0,0.0,0.3347967388619384,0.3342561946355045,0.0,0.33094706650255706,0.25131400877536403
2019-02-03 00:00:00+00:00,-0.017569225403555433,-0.017569225403555457,0.0,0.0,0.9999999999999999,0.0,0.3363152267468631,0.33074266832802185,0.0,0.332942104925115,0.24689861630811855
2019-02-04 00:00:00+00:00,0.016891802891884966,0.016903932088434177,1.1927573654119117e-05,0.005963786827059558,1.0,0.0,0.32827672775052547,0.3287696531279613,0.0,0.3429536191215132,0.25106917906907444
2019-02-05 00:00:00+00:00,0.03607266868353287,0.036072668683532864,0.0,0.0,1.0,0.0,0.3176111383163675,0.3162323073542195,0.0,0.3661565543294129,0.2601259143822798
2019-02-06 00:00:00+00:00,-0.0011852551152986557,-0.0011852551152986644,0.0,0.0,0.9999999999999998,0.0,0.3120735679064038,0.3083736464403976,0.0,0.3795527856531984,0.25981759881163646
2019-02-07 00:00:00+00:00,-0.016107238844589977,-0.01610723884458993,0.0,0.0,0.9999999999999998,0.0,0.31638186544425534,0.31339201420113155,0.0,0.37022612035461294,0.25563265469154955
2019-02-08 00:00:00+00:00,0.10636569844889587,0.10636569844889579,0.0,0.0,0.9999999999999998,0.0,0.3080005607184205,0.323496289658858,0.0,0.36850314962272124,0.28282320055416166
2019-02-09 00:00:00+00:00,0.013043960818996725,0.013043960818996782,0.0,0.0,0.9999999999999998,0.0,0.304442585096707,0.31898303589750054,0.0,0.37657437900579227,0.2865123353008934
2019-02-10 00:00:00+00:00,0.028479088486843995,0.02847908848684399,0.0,0.0,0.9999999999999998,0.0,0.29718914398968477,0.32558098834311144,0.0,0.37722986766720357,0.29467194545049985
2019-02-11 00:00:00+00:00,-0.0029591732901315115,-0.002784075997946611,0.00017558613733548135,0.08779306866774067,1.0,0.0,0.3298401016630368,0.3229365906673722,0.0,0.347223307669591,0.2937999601001716
2019-02-12 00:00:00+00:00,-0.004963545446552753,-0.004963545446552705,0.0,0.0,1.0,0.0,0.33152743900572895,0.328628504489987,0.0,0.33984405650428406,0.292341670646019
2019-02-13 00:00:00+00:00,-0.016746601889143564,-0.016746601889143543,0.0,0.0,1.0,0.0,0.3350226974771172,0.3327511234450303,0.0,0.3322261790778525,0.28744594107210303
2019-02-14 00:00:00+00:00,-0.011142432615402265,-0.011142432615402306,0.0,0.0,1.0,0.0,0.3371292504112806,0.3326622538257431,0.0,0.33020849576297623,0.28424309404313625
2019-02-15 00:00:00+00:00,0.024066423174852636,0.024066423174852657,0.0,0.0,1.0,0.0,0.3302993310360747,0.32805321668712545,0.0,0.3416474522767999,0.2910838086289078
2019-02-16 00:00:00+00:00,-0.0028506588579192416,-0.002850658857919238,0.0,0.0,1.0,0.0,0.33259799509580146,0.33172228407065824,0.0,0.3356797208335403,0.29025402799144295
2019-02-17 00:00:00+00:00,0.03906010893630052,0.039060108936300554,0.0,0.0,1.0,0.0,0.32455504467898155,0.3481403302144786,0.0,0.32730462510653985,0.3015913819439887
2019-02-18 00:00:00+00:00,0.06484059721733404,0.0649036693185753,5.922798752458103e-05,0.029613993762290514,0.9999999999999999,0.0,0.3326239362515738,0.3409097624256588,0.0,0.3264663013227672,0.32114674726483805
2019-02-19 00:00:00+00:00,0.02468338894099209,0.024683388940991993,0.0,0.0,0.9999999999999998,0.0,0.32544432910189036,0.32758239318275295,0.0,0.34697327771535647,0.3290737373347105
2019-02-20 00:00:00+00:00,0.0315004886150112,0.0315004886150112,0.0,0.0,0.9999999999999998,0.0,0.3205435326259449,0.3285814093105456,0.0,0.3508750580635092,0.33943972085112173
2019-02-21 00:00:00+00:00,-0.02315672071577335,-0.023156720715773398,0.0,0.0,0.9999999999999996,0.0,0.32546153804131905,0.3301608702869912,0.0,0.3443775916716894,0.33157941003553226
2019-02-22 00:00:00+00:00,0.01540244256428891,0.015402442564288962,0.0,0.0,0.9999999999999998,0.0,0.3225346144734937,0.32899170467195615,0.0,0.34847368085454994,0.3366865428541054
2019-02-23 00:00:00+00:00,0.03481230637149868,0.03481230637149865,0.0,0.0,0.9999999999999998,0.0,0.3239564388420715,0.3402477383820505,0.0,0.3357958227758778,0.34840737793510324
2019-02-24 00:00:00+00:00,-0.10927645715013412,-0.10927645715013413,0.0,0.0,0.9999999999999998,0.0,0.3306299114381219,0.3198790263715711,0.0,0.3494910621903067,0.31033465402938737
2019-02-25 00:00:00+00:00,0.013780959546232152,0.01384648537268518,6.46309154278939e-05,0.03231545771394695,1.0,0.0,0.3362355213728613,0.34316659255058535,0.0,0.3205978860765533,0.3146113633423603
2019-02-26 00:00:00+00:00,-0.014834421885380755,-0.014834421885380807,0.0,0.0,0.9999999999999999,0.0,0.339593082291926,0.3441401744758362,0.0,0.3162667432322377,0.3099442856486049
2019-02-27 00:00:00+00:00,0.012082066063105579,0.012082066063105596,0.0,0.0,1.0,0.0,0.3363080498928228,0.3370614129256186,0.0,0.3266305371815585,0.3136890529836934
2019-02-28 00:00:00+00:00,0.01456674873221031,0.0145667487322102,0.0,0.0,0.9999999999999998,0.0,0.3311512948519872,0.3329355218192423,0.0,0.3359131833287703,0.31825848259855183
2019-03-01 00:00:00+00:00,0.03525301335096387,0.03525301335096392,0.0,0.0,0.9999999999999998,0.0,0.32053810136482713,0.321598215629992,0.0,0.3578636830051807,0.32947805313465606
2019-03-02 00:00:00+00:00,0.006503055360706167,0.006503055360706212,0.0,0.0,0.9999999999999999,0.0,0.31828378599567453,0.31295616408972476,0.0,0.36876004991460054,0.3316206671543284
2019-03-03 00:00:00+00:00,-0.015211047143858458,-0.015211047143858486,0.0,0.0,0.9999999999999998,0.0,0.32212970526152246,0.3131385617595578,0.0,0.36473173297891953,0.32657636955236613
2019-03-04 00:00:00+00:00,-0.022008580302207426,-0.021885735411893092,0.0001255935985823452,0.0627967992911726,1.0,0.0,0.33262674413119653,0.3279534075802581,0.0,0.3394198482885453,0.31938888729826953
2019-03-05 00:00:00+00:00,0.1074549079017022,0.10745490790170226,0.0,0.0,1.0,0.0,0.311787472724966,0.3221218665000236,0.0,0.3660906607750104,0.3537087907677322
2019-03-06 00:00:00+00:00,0.026246356236369506,0.02624635623636959,0.0,0.0,1.0,0.0,0.3041489830859307,0.31539891407416226,0.0,0.38045210283990716,0.3629923576941576
2019-03-07 00:00:00+00:00,0.01461518050664301,0.014615180506643012,0.0,0.0,1.0,0.0,0.30068299808284515,0.30961110235987965,0.0,0.38970589955727525,0.36829755652438967
2019-03-08 00:00:00+00:00,-0.02920594332963189,-0.02920594332963193,0.0,0.0,0.9999999999999999,0.0,0.30902928822261777,0.31121005952092956,0.0,0.3797606522564526,0.35754107896009646
2019-03-09 00:00:00+00:00,0.01983850221974026,0.01983850221974019,0.0,0.0,1.0,0.0,0.3091764167494227,0.3137502354797313,0.0,0.37707334777084595,0.3646341584486947
2019-03-10 00:00:00+00:00,-0.008866267931636806,-0.008866267931636834,0.0,0.0,0.9999999999999999,0.0,0.30977155832840764,0.3121753437300276,0.0,0.3780530979415647,0.36140121430286165
2019-03-11 00:00:00+00:00,-0.009694253164175604,-0.009517076511428042,0.00017887905843292563,0.08943952921646281,0.9999999999999999,0.0,0.3327222020573144,0.32982384711907353,0.0,0.33745395082361196,0.3578976994375692
2019-03-12 00:00:00+00:00,0.025148611891754546,0.025148611891754536,0.0,0.0,0.9999999999999998,0.0,0.3254888140605948,0.3240365229545938,0.0,0.3504746629848113,0.36689832977767645
2019-03-13 00:00:00+00:00,-0.013269006040980025,-0.013269006040980077,0.0,0.0,0.9999999999999999,0.0,0.3284478554236823,0.3236506798982114,0.0,0.3479014646781061,0.362029953623431
2019-03-14 00:00:00+00:00,-0.0007541167505425994,-0.0007541167505425591,0.0,0.0,0.9999999999999999,0.0,0.3296411769710567,0.3252476736081003,0.0,0.34511114942084287,0.3617569407712054
2019-03-15 00:00:00+00:00,0.01575838456442158,0.0157583845644216,0.0,0.0,1.0,0.0,0.3284896603645029,0.3307589783180988,0.0,0.3407513613173982,0.3674576457627267
2019-03-16 00:00:00+00:00,0.04050064130303066,0.04050064130303065,0.0,0.0,0.9999999999999998,0.0,0.32226134974414916,0.3279841504857605,0.0,0.34975449977009015,0.38233991606781903
2019-03-17 00:00:00+00:00,-0.015448756797172392,-0.015448756797172357,0.0,0.0,0.9999999999999999,0.0,0.3253464076826252,0.32776515453692273,0.0,0.346888437780452,0.37643323969063597
2019-03-18 00:00:00+00:00,-0.0030934539758139534,-0.0030393983554741393,5.4220417788474754e-05,0.027110208894237375,0.9999999999999999,0.0,0.3348516858242946,0.33181788227002634,0.0,0.333330431905679,0.37526876078868643
2019-03-19 00:00:00+00:00,0.004191840365907806,0.004191840365907861,0.0,0.0,1.0,0.0,0.33593317052046806,0.3326897496598487,0.0,0.3313770798196833,0.37684182752822465
2019-03-20 00:00:00+00:00,-0.004850537650699871,-0.00485053765069992,0.0,0.0,1.0,0.0,0.33971825980657255,0.33546946182151693,0.0,0.32481227837191057,0.3750139420554405
2019-03-21 00:00:00+00:00,-0.03191181740692339,-0.03191181740692339,0.0,0.0,1.0,0.0,0.3455188515025993,0.33608510466524,0.0,0.31839604383216075,0.3630465656115167
2019-03-22 00:00:00+00:00,0.020924442240708885,0.020924442240708913,0.0,0.0,1.0,0.0,0.3390357559355761,0.3318089364382793,0.0,0.32915530762614464,0.3706431125043426
2019-03-23 00:00:00+00:00,0.004584656288608269,0.0045846562886082695,0.0,0.0,1.0,0.0,0.3390219526339565,0.33359953954190125,0.0,0.32737850782414235,0.372342383780915
2019-03-24 00:00:00+00:00,0.03857187942578033,0.03857187942578034,0.0,0.0,1.0,0.0,0.32523632494556387,0.3184956851486523,0.0,0.35626798990578395,0.3867043293132201
2019-03-25 00:00:00+00:00,-0.01654983763135598,-0.016459608986983953,9.173862628980223e-05,0.045869313144901114,0.9999999999999998,0.0,0.3341668301622314,0.33355861542936327,0.0,0.3322745544084052,0.38030443545174386
2019-03-26 00:00:00+00:00,-0.010000497623210536,-0.010000497623210518,0.0,0.0,1.0,0.0,0.3386831537584223,0.3373556054991941,0.0,0.32396124074238364,0.3765012018489123
2019-03-27 00:00:00+00:00,0.02931489709265156,0.029314897092651608,0.0,0.0,1.0,0.0,0.3366043403386478,0.34074620790740734,0.0,0.32264945175394494,0.3875382958363728
2019-03-28 00:00:00+00:00,-0.0038346490529737043,-0.0038346490529737043,0.0,0.0,1.0,0.0,0.3369498348835938,0.33810898275413753,0.0,0.3249411823622687,0.3860522224772528
2019-03-29 00:00:00+00:00,0.016503235021770646,0.016503235021770667,0.0,0.0,1.0,0.0,0.33773498483934117,0.3456493974766996,0.0,0.3166156176839593,0.3924233330354718
2019-03-30 00:00:00+00:00,0.007326005675800884,0.007326005675800821,0.0,0.0,1.0,0.0,0.3355033807083186,0.3411953411448692,0.0,0.3233012781468122,0.39529822860060637
2019-03-31 00:00:00+00:00,0.0077081151452100816,0.007708115145210183,0.0,0.0,1.0,0.0,0.3325682133949701,0.3361371347060358,0.0,0.3312946518989942,0.39834523286335743
2019-04-01 00:00:00+00:00,0.010023474851745151,0.010034802599609241,1.1215205490809566e-05,0.005607602745404783,1.0,0.0,0.33340837458633926,0.3296248866426933,0.0,0.33696673877096733,0.4023380362872759
2019-04-02 00:00:00+00:00,0.14312847180536448,0.14312847180536448,0.0,0.0,1.0,0.0,0.34181429329025714,0.33330899560464916,0.0,0.3248767111050936,0.45992406457024493
2019-04-03 00:00:00+00:00,-0.02082105753925434,-0.020821057539254357,0.0,0.0,0.9999999999999998,0.0,0.3545015022000637,0.33351592278977504,0.0,0.3119825750101611,0.45034795915814013
2019-04-04 00:00:00+00:00,-0.0006501664491912473,-0.0006501664491912482,0.0,0.0,0.9999999999999998,0.0,0.3522905889705978,0.3282457983293635,0.0,0.3194636127000386,0.45005515802463375
2019-04-05 00:00:00+00:00,0.029962879293791378,0.02996287929379143,0.0,0.0,1.0,0.0,0.34946569940756156,0.33390941614046515,0.0,0.3166248844519732,0.46354010640007404
2019-04-06 00:00:00+00:00,-0.0012394881472275188,-0.0012394881472275422,0.0,0.0,0.9999999999999998,0.0,0.3524937752502842,0.33578409008796756,0.0,0.3117221346617481,0.46296555393242655
2019-04-07 00:00:00+00:00,0.02516897726202294,0.025168977262022874,0.0,0.0,0.9999999999999998,0.0,0.35258217224676164,0.34481147595748546,0.0,0.3026063517957527,0.4746179234324516
2019-04-08 00:00:00+00:00,-0.004478669197979124,-0.0043562966952212685,0.0001229079261503222,0.0614539630751611,1.0,0.0,0.33920212953782725,0.3432821161247888,0.0,0.31751575433738394,0.4724922667579659
2019-04-09 00:00:00+00:00,-0.007903965380771982,-0.007903965380771984,0.0,0.0,1.0,0.0,0.336136044968817,0.3380205462581773,0.0,0.3258434087730057,0.46875770423882845
2019-04-10 00:00:00+00:00,0.014181374531982316,0.01418137453198232,0.0,0.0,1.0,0.0,0.34159514196478963,0.3381431415398313,0.0,0.320261716495379,0.4754053328073915
2019-04-11 00:00:00+00:00,-0.05564659792094773,-0.05564659792094775,0.0,0.0,1.0,0.0,0.3419273227427339,0.33166614094986735,0.0,0.3264065363073987,0.44895064340318425
2019-04-12 00:00:00+00:00,0.013875739482037464,0.013875739482037564,0.0,0.0,1.0,0.0,0.33923937204656357,0.3254122169863035,0.0,0.3353484109671329,0.45518016557133995
2019-04-13 00:00:00+00:00,0.005560487980603934,0.005560487980603927,0.0,0.0,1.0,0.0,0.33739354650610287,0.32319635856345563,0.0,0.33941009493044155,0.4577111894110087
2019-04-14 00:00:00+00:00,0.02787353384585156,0.02787353384585149,0.0,0.0,1.0,0.0,0.33369582697237493,0.32257303641231766,0.0,0.3437311366153074,0.4704692177406814
2019-04-15 00:00:00+00:00,-0.023336035581315473,-0.02329399699492799,4.304118768406273e-05,0.021520593842031366,1.0,0.0,0.3342111382044424,0.32638355215771664,0.0,0.3394053096378408,0.4594903313355712
2019-04-16 00:00:00+00:00,0.027693048478184767,0.027693048478184733,0.0,0.0,0.9999999999999998,0.0,0.3348333261087874,0.3285118078271864,0.0,0.336654866064026,0.47221501935650434
2019-04-17 00:00:00+00:00,-0.0002825957764529541,-0.0002825957764529051,0.0,0.0,0.9999999999999998,0.0,0.33678526247820684,0.3292801165119298,0.0,0.3339346210098632,0.47208157338645657
2019-04-18 00:00:00+00:00,0.06008106908031996,0.06008106908031986,0.0,0.0,0.9999999999999998,0.0,0.32111925450970114,0.3248416314305334,0.0,0.3540391140597651,0.5004447390086344
2019-04-19 00:00:00+00:00,0.03804421920950274,0.038044219209502766,0.0,0.0,0.9999999999999996,0.0,0.309364384236015,0.31170859174159166,0.0,0.37892702402239303,0.5194837683617213
2019-04-20 00:00:00+00:00,0.011006650931631778,0.011006650931631671,0.0,0.0,0.9999999999999996,0.0,0.307988192138282,0.30872578115304566,0.0,0.3832860267086719,0.5252015448647274
2019-04-21 00:00:00+00:00,-0.023143322260698707,-0.0231433222606987,0.0,0.0,0.9999999999999996,0.0,0.31317028993811885,0.3081796693503303,0.0,0.37865004071155034,0.5130466362601062
2019-04-22 00:00:00+00:00,0.0069190358427437815,0.007101589954952321,0.00018126682951286898,0.0906334147564345,1.0,0.0,0.33726138013721074,0.3347718844594575,0.0,0.32796673540333177,0.516596424325389
2019-04-23 00:00:00+00:00,-0.011651650775651334,-0.011651650775651324,0.0,0.0,1.0,0.0,0.34975819655749507,0.33599716569159094,0.0,0.31424463775091405,0.5105772231971993
2019-04-24 00:00:00+00:00,-0.006999469579774709,-0.00699946957977466,0.0,0.0,1.0,0.0,0.34735420126979977,0.32962385167122765,0.0,0.3230219470589727,0.5070034534553047
2019-04-25 00:00:00+00:00,-0.039679572243560335,-0.03967957224356032,0.0,0.0,1.0,0.0,0.34871251353037863,0.3222465510075758,0.0,0.32904093546204566,0.48688577329619037
2019-04-26 00:00:00+00:00,0.02136263337831945,0.021362633378319496,0.0,0.0,1.0,0.0,0.34760117165319077,0.3220939996706228,0.0,0.3303048286761866,0.49728693556823644
2019-04-27 00:00:00+00:00,-0.00735198936795467,-0.007351989367954701,0.0,0.0,1.0,0.0,0.34890343134726315,0.32733543402463555,0.0,0.3237611346281014,0.493630887305116
2019-04-28 00:00:00+00:00,0.0063592520300752575,0.006359252030075341,0.0,0.0,1.0000000000000002,0.0,0.34762309638878974,0.3222862500402252,0.0,0.3300906535709853,0.4967700105273189
2019-04-29 00:00:00+00:00,-0.02958715314906979,-0.029531682099807277,5.715905222182505e-05,0.028579526110912523,0.9999999999999999,0.0,0.33884064827113786,0.3375585183996993,0.0,0.3236008333291628,0.4820720001459821
2019-04-30 00:00:00+00:00,0.02517353096274011,0.025173530962740054,0.0,0.0,1.0,0.0,0.3358079640655344,0.3435109647016945,0.0,0.32068107123277095,0.49420745456792703
2019-05-01 00:00:00+00:00,-0.001805461401456987,-0.0018054614014569445,0.0,0.0,1.0,0.0,0.3402877722595731,0.3406239828059243,0.0,0.31908824493450255,0.49331518208439235
2019-05-02 00:00:00+00:00,0.035812688549701654,0.03581268854970174,0.0,0.0,1.0,0.0,0.3353337622844942,0.3321725045416768,0.0,0.332493733173829,0.5109821250572201
2019-05-03 00:00:00+00:00,0.03089303061731563,0.03089303061731569,0.0,0.0,1.0,0.0,0.34161228052161363,0.33472302988344554,0.0,0.3236646895949409,0.5267679114915138
2019-05-04 00:00:00+00:00,-0.01631467532892683,-0.016314675328926824,0.0,0.0,1.0,0.0,0.35084128779404816,0.33138809066700325,0.0,0.3177706215389487,0.5181738640418329
2019-05-05 00:00:00+00:00,-0.0035096015796937108,-0.0035096015796937177,0.0,0.0,1.0,0.0,0.34865571284963925,0.3312145242510203,0.0,0.32012976289934053,0.5163552802300356
2019-05-06 00:00:00+00:00,0.007639927165188576,0.007701688716043487,6.128951806522343e-05,0.030644759032611713,1.0,0.0,0.32945299711452414,0.35093109260975275,0.0,0.31961591027572306,0.5203001969623536
2019-05-07 00:00:00+00:00,-0.024600581627935436,-0.024600581627935464,0.0,0.0,0.9999999999999998,0.0,0.34342605163487433,0.35164950964609354,0.0,0.304924438719032,0.5075005094959504
2019-05-08 00:00:00+00:00,0.01210915080234698,0.012109150802347016,0.0,0.0,1.0,0.0,0.3474612764177388,0.35116186540458266,0.0,0.3013768581776785,0.5136459096977047
2019-05-09 00:00:00+00:00,-0.013553139188804297,-0.01355313918880428,0.0,0.0,1.0,0.0,0.3653728098442967,0.35615326175609,0.0,0.2784739283996132,0.5066843951898118
2019-05-10 00:00:00+00:00,0.025507128511920163,0.0255071285119202,0.0,0.0,1.0,0.0,0.3657636368295342,0.3512763893989437,0.0,0.28295997377152204,0.5196084591729029
2019-05-11 00:00:00+00:00,0.0920148721501477,0.09201487215014778,0.0,0.0,1.0,0.0,0.3717777880259528,0.3538227005214819,0.0,0.2743995114525653,0.5674201651118328
2019-05-12 00:00:00+00:00,-0.008111913391280146,-0.008111913391280194,0.0,0.0,1.0,0.0,0.36909767639583596,0.35272157964493195,0.0,0.27818074395923204,0.5628173018759798
2019-05-13 00:00:00+00:00,0.09484634898812483,0.09508793672933676,0.00022061035749640514,0.11030517874820256,1.0,0.0,0.3405315156021926,0.3169490466155949,0.0,0.3425194377822126,0.6161984681062638
2019-05-14 00:00:00+00:00,0.04178470626217723,0.0417847062621772,0.0,0.0,1.0,0.0,0.33314767460307476,0.33619364880040725,0.0,0.3306586765965181,0.6419461400952876
2019-05-15 00:00:00+00:00,0.10301475087937506,0.10301475087937514,0.0,0.0,1.0000000000000002,0.0,0.3105421113054922,0.3493877445824936,0.0,0.3400701441120144,0.70807606179518
2019-05-16 00:00:00+00:00,0.004604956921707037,0.00460495692170693,0.0,0.0,1.0000000000000002,0.0,0.2977510951551111,0.37062518363471325,0.0,0.33162372121017575,0.7113367215570388
2019-05-17 00:00:00+00:00,-0.053706985748498304,-0.05370698574849829,0.0,0.0,1.0,0.0,0.2941207139416636,0.361968869008781,0.0,0.3439104170495555,0.6731329703899913
2019-05-18 00:00:00+00:00,0.020400828412991956,0.020400828412992005,0.0,0.0,1.0000000000000002,0.0,0.2844014930050841,0.33913782871185794,0.0,0.3764606782830581,0.6868654406180451
2019-05-19 00:00:00+00:00,0.07622582004813294,0.07622582004813289,0.0,0.0,1.0000000000000002,0.0,0.2966880226166786,0.34992543366378703,0.0,0.35338654371953454,0.7392223220918778
2019-05-20 00:00:00+00:00,-0.01842418719406347,-0.018280285498165218,0.00014658124286661932,0.07329062143330967,0.9999999999999998,0.0,0.33075662032197195,0.32790236228984687,0.0,0.34134101738818107,0.7256027516516267
2019-05-21 00:00:00+00:00,0.038836808615619,0.038836808615618994,0.0,0.0,0.9999999999999999,0.0,0.3170803917981856,0.31926041223779644,0.0,0.36365919596401786,0.7537828468484874
2019-05-22 00:00:00+00:00,-0.04077407684967138,-0.040774076849671353,0.0,0.0,0.9999999999999998,0.0,0.3189880924352981,0.320127615944379,0.0,0.3608842916203228,0.7230480471231231
2019-05-23 00:00:00+00:00,0.017154638126975152,0.017154638126975253,0.0,0.0,1.0,0.0,0.32274169897286054,0.31595554812436705,0.0,0.36130275290277236,0.7354516747199363
2019-05-24 00:00:00+00:00,0.040082135095522275,0.040082135095522387,0.0,0.0,1.0000000000000002,0.0,0.31483293692640957,0.3090073619832631,0.0,0.3761597010903274,0.7649301481022889
2019-05-25 00:00:00+00:00,0.016245984175749406,0.016245984175749496,0.0,0.0,1.0,0.0,0.312074658044661,0.3056926662729411,0.0,0.38223267568239805,0.7773571911839123
2019-05-26 00:00:00+00:00,0.017838759161888262,0.01783875916188818,0.0,0.0,1.0,0.0,0.3291349325434943,0.3173584901975209,0.0,0.3535065772589849,0.7912242789002041
2019-05-27 00:00:00+00:00,0.0179839322210944,0.018066083002793665,8.069297570260604e-05,0.040346487851303015,1.0,0.0,0.3327397117422066,0.3352831416129547,0.0,0.3319771466448386,0.8054536027036296
2019-05-28 00:00:00+00:00,-0.004871007288693052,-0.004871007288693062,0.0,0.0,1.0,0.0,0.33300650251145886,0.337397265902459,0.0,0.3295962315860821,0.8015302323341562
2019-05-29 00:00:00+00:00,-0.0005077443335005372,-0.0005077443335005727,0.0,0.0,0.9999999999999998,0.0,0.33048599274575347,0.3348788743238043,0.0,0.33463513293044206,0.8011232599005592
2019-05-30 00:00:00+00:00,-0.051580042082497446,-0.05158004208249749,0.0,0.0,0.9999999999999999,0.0,0.3331694852843651,0.334276083537148,0.0,0.3325544311784868,0.7598012884416209
2019-05-31 00:00:00+00:00,0.042199431026999745,0.04219943102699968,0.0,0.0,0.9999999999999998,0.0,0.33081196507779786,0.337509379111988,0.0,0.331678655810214,0.7918644705074386
2019-06-01 00:00:00+00:00,-0.00048605759060116327,-0.0004860575906011893,0.0,0.0,0.9999999999999998,0.0,0.33058982921267216,0.33317371533737394,0.0,0.3362364554499537,0.7914795787708211
2019-06-02 00:00:00+00:00,0.010525288151227219,0.010525288151227243,0.0,0.0,0.9999999999999998,0.0,0.33407221854779134,0.3353663135064191,0.0,0.33056146794578933,0.799810129403196
2019-06-03 00:00:00+00:00,-0.07082378459867833,-0.0708134822788902,1.1087461550175592e-05,0.005543730775087796,0.9999999999999999,0.0,0.33364489270429193,0.3335863329632813,0.0,0.3327687743324267,0.7431645490785029
2019-06-04 00:00:00+00:00,-0.045180535715273806,-0.045180535715273806,0.0,0.0,1.0,0.0,0.33097753279104497,0.33740959695511347,0.0,0.3316128702538415,0.7095879766265363
2019-06-05 00:00:00+00:00,0.027691731796907426,0.027691731796907385,0.0,0.0,1.0,0.0,0.3258734035237268,0.33397433929466847,0.0,0.34015225718160463,0.7292376965615885
2019-06-06 00:00:00+00:00,0.0075472209319757955,0.0075472209319756975,0.0,0.0,0.9999999999999998,0.0,0.32382700622021476,0.335723675427027,0.0,0.340449318352758,0.734741414569464
2019-06-07 00:00:00+00:00,0.010807422215283191,0.010807422215283226,0.0,0.0,0.9999999999999999,0.0,0.3282372598480728,0.3321475123672285,0.0,0.33961522778469855,0.7426820752557706
2019-06-08 00:00:00+00:00,-0.0068567655278429784,-0.006856765527842951,0.0,0.0,0.9999999999999998,0.0,0.32703808213604035,0.32711413304651504,0.0,0.34584778481744444,0.7375896784040099
2019-06-09 00:00:00+00:00,-0.044947427529551054,-0.044947427529551054,0.0,0.0,0.9999999999999999,0.0,0.33081844351724893,0.32518159207722985,0.0,0.34399996440552105,0.7044369197874008
2019-06-10 00:00:00+00:00,0.05901965247975771,0.059064839095438165,4.2666524288751175e-05,0.021333262144375587,0.9999999999999998,0.0,0.3293269745538227,0.3359829966243181,0.0,0.33469002882185905,0.746012541987164
2019-06-11 00:00:00+00:00,-0.008464686272385613,-0.00846468627238562,0.0,0.0,0.9999999999999998,0.0,0.3281391109364391,0.3357596830207731,0.0,0.33610120604278765,0.7396977798639778
2019-06-12 00:00:00+00:00,0.06476271492745989,0.06476271492745994,0.0,0.0,0.9999999999999999,0.0,0.3176679726706905,0.3369786325133845,0.0,0.34535339481592486,0.7876026163137836
2019-06-13 00:00:00+00:00,-0.001214026326781581,-0.001214026326781555,0.0,0.0,0.9999999999999999,0.0,0.3215290562679878,0.32904170610178063,0.0,0.3494292376302315,0.7866464460025366
2019-06-14 00:00:00+00:00,-0.0013424100340516665,-0.0013424100340516248,0.0,0.0,1.0,0.0,0.3389847948083927,0.3395883402614499,0.0,0.3214268649301573,0.7855904439201717
2019-06-15 00:00:00+00:00,0.016097491746284165,0.01609749174628416,0.0,0.0,1.0,0.0,0.33978047225676195,0.34095676429696964,0.0,0.3192627634462684,0.7982364796071364
2019-06-16 00:00:00+00:00,0.0006072588049912397,0.0006072588049911816,0.0,0.0,1.0,0.0,0.34505592301355936,0.34068621599478277,0.0,0.3142578609916578,0.798721215737843
2019-06-17 00:00:00+00:00,0.03719955117806406,0.03727869750248332,7.630188936670202e-05,0.03815094468335101,1.0,0.0,0.33424408626549834,0.3278472562688713,0.0,0.33790865746563037,0.8284332864796885
2019-06-18 00:00:00+00:00,-0.012707380793208989,-0.012707380793209015,0.0,0.0,1.0,0.0,0.33017856410476104,0.32178180538775203,0.0,0.348039630507487,0.8179060692466215
2019-06-19 00:00:00+00:00,0.018061617713603262,0.01806161771360318,0.0,0.0,1.0,0.0,0.3304554957696183,0.32022872832610944,0.0,0.34931577590427226,0.8326787759949899
2019-06-20 00:00:00+00:00,0.0293744332146193,0.029374433214619217,0.0,0.0,1.0,0.0,0.3301944795079594,0.31469850789599363,0.0,0.3551070125960469,0.8571382430896857
2019-06-21 00:00:00+00:00,0.06713841005760268,0.06713841005760263,0.0,0.0,0.9999999999999998,0.0,0.3302846128450716,0.31988114060710315,0.0,0.3498342465478251,0.9146851419302942
2019-06-22 00:00:00+00:00,0.03007496792205777,0.030074967922057688,0.0,0.0,0.9999999999999996,0.0,0.338603177899251,0.3279023915855576,0.0,0.33349443051519106,0.9421942682326306
2019-06-23 00:00:00+00:00,-0.003259941562174684,-0.0032599415621747275,0.0,0.0,0.9999999999999996,0.0,0.3453133542598351,0.3265607246975467,0.0,0.3281259210426178,0.9391227699779763
2019-06-24 00:00:00+00:00,0.009509186555279214,0.00955756463828276,4.7920083706007866e-05,0.023960041853003933,0.9999999999999998,0.0,0.3347382652453302,0.3336355011286194,0.0,0.33162623362605026,0.9480530635960074
2019-06-25 00:00:00+00:00,0.01842346527918637,0.01842346527918639,0.0,0.0,0.9999999999999998,0.0,0.3514149736371022,0.3345798037667248,0.0,0.31400522259617275,0.9655194862959947
2019-06-26 00:00:00+00:00,0.06050407593001239,0.060504075930012495,0.0,0.0,0.9999999999999999,0.0,0.36716476897699213,0.336544532441742,0.0,0.2962906985812658,1.0239373506067542
2019-06-27 00:00:00+00:00,-0.10496135045198007,-0.10496135045198003,0.0,0.0,1.0,0.0,0.3548388422353896,0.33040654270953423,0.0,0.3147546150550761,0.9164635035088466
2019-06-28 00:00:00+00:00,0.050005826491902994,0.050005826491902904,0.0,0.0,0.9999999999999999,0.0,0.37006567159115417,0.32796043110379397,0.0,0.30197389730505175,0.9622920184514716
2019-06-29 00:00:00+00:00,2.0828322440546998e-05,2.08283224405071e-05,0.0,0.0,0.9999999999999998,0.0,0.35502754495354166,0.33500942796221,0.0,0.30996302708424817,0.9623120613799139
2019-06-30 00:00:00+00:00,-0.08704332341087673,-0.08704332341087667,0.0,0.0,0.9999999999999999,0.0,0.3546047280962556,0.3383578190282516,0.0,0.30703745287549267,0.8785492213990346
2019-07-01 00:00:00+00:00,0.007311401002511708,0.007417364708885727,0.00010518352183136249,0.05259176091568124,0.9999999999999998,0.0,0.3238920927295003,0.33329664963335726,0.0,0.3428112576371423,0.8849726470571273
2019-07-02 00:00:00+00:00,-0.010904799868198922,-0.010904799868198903,0.0,0.0,0.9999999999999998,0.0,0.3342459513631894,0.33290516666352554,0.0,0.33284888197328494,0.8753221974521391
2019-07-03 00:00:00+00:00,0.05068543527550218,0.05068543527550211,0.0,0.0,0.9999999999999998,0.0,0.3502426375612101,0.3273249734124922,0.0,0.3224323890262975,0.9196882840363099
2019-07-04 00:00:00+00:00,-0.03800377193265159,-0.038003771932651594,0.0,0.0,0.9999999999999998,0.0,0.33985800140075567,0.31963338215612025,0.0,0.34050861644312386,0.8847366602406622
2019-07-05 00:00:00+00:00,-0.004980047379962493,-0.004980047379962452,0.0,0.0,0.9999999999999998,0.0,0.3365558797216163,0.3262981875367233,0.0,0.33714593274166016,0.880330629753874
2019-07-06 00:00:00+00:00,0.009462258110781052,0.009462258110780945,0.0,0.0,0.9999999999999998,0.0,0.3417203871519985,0.32433087647323994,0.0,0.33394873637476125,0.8886605453954316
2019-07-07 00:00:00+00:00,0.027100858183662035,0.027100858183662018,0.0,0.0,0.9999999999999996,0.0,0.3372422634385224,0.3337694515686136,0.0,0.32898828499286364,0.9127440088096089
2019-07-08 00:00:00+00:00,0.036726167998071935,0.036744186812505644,1.7380193361878128e-05,0.008690096680939063,1.0,0.0,0.3448682654698799,0.3291585105100841,0.0,0.32597322402003603,0.9462655986163843
2019-07-09 00:00:00+00:00,-0.0048741173915364255,-0.004874117391536405,0.0,0.0,1.0,0.0,0.3553330723235763,0.3259993825239678,0.0,0.3186675451524559,0.9416533890051555
2019-07-10 00:00:00+00:00,-0.044155624267488425,-0.044155624267488425,0.0,0.0,1.0,0.0,0.3587010422523283,0.320836893866909,0.0,0.32046206388076265,0.9000740957700367
2019-07-11 00:00:00+00:00,-0.06395896907459253,-0.06395896907459259,0.0,0.0,1.0,0.0,0.3589919681751616,0.31839427827624905,0.0,0.3226137535485893,0.8425062845138391
2019-07-12 00:00:00+00:00,0.04693839985179937,0.04693839985179939,0.0,0.0,1.0,0.0,0.35542249403264436,0.31075259223012436,0.0,0.3338249137372313,0.8820521813740035
2019-07-13 00:00:00+00:00,-0.02283833892250997,-0.022838338922509947,0.0,0.0,1.0,0.0,0.35131024611379924,0.3113779071635511,0.0,0.3373118467226497,0.8619075747084448
2019-07-14 00:00:00+00:00,-0.11768709975452307,-0.11768709975452311,0.0,0.0,1.0,0.0,0.3567390356249545,0.2964951109099567,0.0,0.3467658534650888,0.760472171984553
2019-07-15 00:00:00+00:00,0.02615185462769598,0.026303083352729347,0.00014735288969350657,0.07367644484675329,1.0,0.0,0.34584675644372476,0.3281988970047396,0.0,0.3259543465515356,0.7803599296747012
2019-07-16 00:00:00+00:00,-0.12775798748670508,-0.12775798748670508,0.0,0.0,0.9999999999999999,0.0,0.34513278472991493,0.32802473217008415,0.0,0.32684248310000086,0.6806627155441947
2019-07-17 00:00:00+00:00,0.061825789976590384,0.061825789976590356,0.0,0.0,0.9999999999999998,0.0,0.33326422524110544,0.32734206145323136,0.0,0.33939371330566304,0.7227452256403257
2019-07-18 00:00:00+00:00,0.07256986082606631,0.07256986082606638,0.0,0.0,1.0,0.0,0.3415588420275459,0.3268386262171241,0.0,0.3316025317553299,0.7751947460777481
2019-07-19 00:00:00+00:00,-0.01047268220372688,-0.01047268220372687,0.0,0.0,1.0,0.0,0.3411837583574339,0.3231138452001918,0.0,0.33570239644237415,0.7670763778560771
2019-07-20 00:00:00+00:00,0.04300475620340949,0.0430047562034095,0.0,0.0,1.0,0.0,0.3344174702305906,0.320185991048207,0.0,0.3453965387212023,0.8000643104751721
2019-07-21 00:00:00+00:00,-0.01612925974773949,-0.01612925974773951,0.0,0.0,0.9999999999999999,0.0,0.3351489201600733,0.3214998553169332,0.0,0.3433512245229934,0.787159865396622
2019-07-22 00:00:00+00:00,-0.014204708054857407,-0.014158044298415755,4.733391206560034e-05,0.023666956032800168,0.9999999999999999,0.0,0.33023204998697975,0.32627447071862625,0.0,0.3434934792943939,0.7759784893161621
2019-07-23 00:00:00+00:00,-0.03931859609341393,-0.03931859609341393,0.0,0.0,0.9999999999999999,0.0,0.3278516373129627,0.3317614243321822,0.0,0.340386938354855,0.7454681045175624
2019-07-24 00:00:00+00:00,-0.004560722323378785,-0.004560722323378835,0.0,0.0,0.9999999999999998,0.0,0.32596897143573633,0.3391771619545265,0.0,0.334853866609737,0.7420682314919222
2019-07-25 00:00:00+00:00,0.009507988480663032,0.009507988480662949,0.0,0.0,0.9999999999999997,0.0,0.32682619771936006,0.34037832904434834,0.0,0.33279547323629133,0.7491238076888135
2019-07-26 00:00:00+00:00,-0.002696924691400482,-0.0026969246914005287,0.0,0.0,0.9999999999999998,0.0,0.32578164752277644,0.3407848288829073,0.0,0.33343352359431594,0.7471034771949415
2019-07-27 00:00:00+00:00,-0.04277163633324488,-0.042771636333244926,0.0,0.0,0.9999999999999997,0.0,0.3283836763963873,0.33728484655825747,0.0,0.3343314770453548,0.7151486389650568
2019-07-28 00:00:00+00:00,0.009340412544096788,0.00934041254409683,0.0,0.0,0.9999999999999997,0.0,0.32749412681568174,0.34106289832302333,0.0,0.3314429748612946,0.7218284222833398
2019-07-29 00:00:00+00:00,-0.011958806405403144,-0.011928256946393543,3.091825995876063e-05,0.015459129979380315,1.0,0.0,0.336209387087737,0.3361775134138203,0.0,0.3276130994984427,0.7131962159233357
2019-07-30 00:00:00+00:00,0.000719349375702949,0.0007193493757029295,0.0,0.0,1.0,0.0,0.33829710086970327,0.3339123401414532,0.0,0.3277905589888435,0.7137092531760139
2019-07-31 00:00:00+00:00,0.04103364386279962,0.04103364386279972,0.0,0.0,1.0,0.0,0.34211970953732723,0.33429585633436076,0.0,0.3235844341283121,0.7429953444924231
2019-08-01 00:00:00+00:00,0.01889222514943789,0.01889222514943798,0.0,0.0,1.0000000000000002,0.0,0.3455847624612657,0.3256639005900982,0.0,0.32875133694863634,0.7570321798255581
2019-08-02 00:00:00+00:00,-0.00023525966959048183,-0.00023525966959050872,0.0,0.0,1.0000000000000002,0.0,0.35062201916753666,0.32707775318319626,0.0,0.32230022764926725,0.756854080685063
2019-08-03 00:00:00+00:00,0.01179358297831623,0.011793582978316185,0.0,0.0,1.0,0.0,0.35618690758775534,0.3298734580960456,0.0,0.3139396343161992,0.7657801020880995
2019-08-04 00:00:00+00:00,-0.000755351986480135,-0.0007553519864801376,0.0,0.0,1.0,0.0,0.360184215790425,0.329602681134578,0.0,0.31021310307499717,0.7652016685667803
2019-08-05 00:00:00+00:00,0.05263933016498146,0.05275239948872187,0.00010740352982836621,0.0537017649141831,1.0,0.0,0.3427026678728737,0.3333905025556678,0.0,0.32390682957145844,0.8054813718412618
2019-08-06 00:00:00+00:00,-0.024546294620180764,-0.024546294620180813,0.0,0.0,0.9999999999999999,0.0,0.34098234634493074,0.3312131920955162,0.0,0.3278044615595529,0.7857097887769788
2019-08-07 00:00:00+00:00,0.03824540342899274,0.03824540342899266,0.0,0.0,0.9999999999999997,0.0,0.3425334853566005,0.31873050772437894,0.0,0.3387360069190203,0.815759576626863
2019-08-08 00:00:00+00:00,0.010704004439676229,0.010704004439676238,0.0,0.0,0.9999999999999998,0.0,0.3394472342811368,0.30875802998824964,0.0,0.35179473573061326,0.8244914707567854
2019-08-09 00:00:00+00:00,-0.03357947288527663,-0.03357947288527663,0.0,0.0,0.9999999999999997,0.0,0.34789776445837195,0.3038135179579607,0.0,0.348288717583667,0.7968054817703661
2019-08-10 00:00:00+00:00,-0.024067164325189183,-0.024067164325189162,0.0,0.0,0.9999999999999997,0.0,0.3393512231155951,0.30533162810493686,0.0,0.35531714877946763,0.7776286333053872
2019-08-11 00:00:00+00:00,0.028469835414375533,0.028469835414375585,0.0,0.0,0.9999999999999996,0.0,0.3366631821175621,0.31115699486056514,0.0,0.35217982302187234,0.7997675925090973
2019-08-12 00:00:00+00:00,-0.012211979230034475,-0.012124349370845054,8.870535389107192e-05,0.04435267694553596,1.0,0.0,0.33330917478450256,0.3298934950480788,0.0,0.3367973301674186,0.7900008472805216
2019-08-13 00:00:00+00:00,-0.026500323174408313,-0.026500323174408327,0.0,0.0,1.0,0.0,0.3272135838827093,0.33523804959980164,0.0,0.337548366517489,0.7690655695195313
2019-08-14 00:00:00+00:00,-0.08880147413123973,-0.08880147413123975,0.0,0.0,0.9999999999999999,0.0,0.3314709289550658,0.32883473067314933,0.0,0.3396943403717848,0.7007714132426155
2019-08-15 00:00:00+00:00,0.02336640233857068,0.023366402338570576,0.0,0.0,0.9999999999999998,0.0,0.3316853707646932,0.32287231649772613,0.0,0.3454423127375805,0.7171459200318112
2019-08-16 00:00:00+00:00,-0.011854555113510634,-0.011854555113510596,0.0,0.0,0.9999999999999999,0.0,0.3367852783862623,0.321270430237114,0.0,0.34194429137662363,0.7086444741983648
2019-08-17 00:00:00+00:00,-0.002131606482259407,-0.002131606482259422,0.0,0.0,1.0,0.0,0.33374454418831173,0.3234199173403709,0.0,0.34283553847131737,0.7071339230435463
2019-08-18 00:00:00+00:00,0.022992638078644045,0.022992638078643938,0.0,0.0,0.9999999999999999,0.0,0.3291212763789036,0.330879619628819,0.0,0.3399991039922773,0.7233927974092182
2019-08-19 00:00:00+00:00,0.04392164573960544,0.043949480650875554,2.666308263577599e-05,0.013331541317887996,1.0,0.0,0.3381543338474761,0.3323141373760431,0.0,0.3295315287764808,0.7551653995876081
2019-08-20 00:00:00+00:00,-0.022823194810738467,-0.022823194810738495,0.0,0.0,1.0,0.0,0.3411627971791358,0.3305077588956497,0.0,0.3283294439252145,0.737930112558491
2019-08-21 00:00:00+00:00,-0.0478858263138221,-0.047885826313822065,0.0,0.0,1.0,0.0,0.3376858437279653,0.3310587154143342,0.0,0.3312554408577006,0.7025937193567758
2019-08-22 00:00:00+00:00,0.004342548999530349,0.0043425489995303716,0.0,0.0,1.0,0.0,0.3348690364994203,0.3347444729087751,0.0,0.3303864905918047,0.7056447670098449
2019-08-23 00:00:00+00:00,0.015517121574011972,0.015517121574011958,0.0,0.0,1.0,0.0,0.33916364878973465,0.33596726898304796,0.0,0.32486908222721744,0.716594342647602
2019-08-24 00:00:00+00:00,-0.021938560367769533,-0.021938560367769568,0.0,0.0,1.0,0.0,0.3383074584798324,0.3374482871707342,0.0,0.3242442543494333,0.7008732944022255
2019-08-25 00:00:00+00:00,-0.009502584275468795,-0.009502584275468786,0.0,0.0,1.0,0.0,0.34182540490000374,0.33342868331748365,0.0,0.3247459117825126,0.6942131868557428
2019-08-26 00:00:00+00:00,0.011834250049062245,0.011869007431946224,3.4349686203282936e-05,0.017174843101641468,1.0,0.0,0.33692310707426915,0.3330789553028738,0.0,0.329997937622857,0.7024286792963501
2019-08-27 00:00:00+00:00,-0.015089949358839339,-0.01508994935883934,0.0,0.0,1.0,0.0,0.3358885381872511,0.3358332457640509,0.0,0.32827821604869795,0.6918290660975718
2019-08-28 00:00:00+00:00,-0.06975271818981132,-0.06975271818981132,0.0,0.0,1.0,0.0,0.34460157922830237,0.33351003624063374,0.0,0.32188838453106383,0.6435721082145475
2019-08-29 00:00:00+00:00,-0.03716857015250319,-0.03716857015250317,0.0,0.0,1.0,0.0,0.3497312229614141,0.3383771534696259,0.0,0.31189162356895994,0.6196514531621807
2019-08-30 00:00:00+00:00,0.007071043040682623,0.007071043040682602,0.0,0.0,1.0,0.0,0.3503374499390167,0.334907972806174,0.0,0.3147545772548092,0.624033035257712
2019-08-31 00:00:00+00:00,-0.009155689983070925,-0.00915568998307087,0.0,0.0,1.0,0.0,0.3537953137977717,0.344101432715142,0.0,0.30210325348708633,0.6183195822476977
2019-09-01 00:00:00+00:00,0.008544733444938668,0.00854473344493864,0.0,0.0,1.0,0.0,0.35573123963629616,0.3396146274214365,0.0,0.30465413294226734,0.6236029582617901
2019-09-02 00:00:00+00:00,0.05582996546579877,0.05595110079869059,0.00011471680156426401,0.057358400782132,1.0,0.0,0.335682606293412,0.32911304750172427,0.0,0.33520434620486367,0.6584186898859158
2019-09-03 00:00:00+00:00,0.004497222206672147,0.0044972222066722144,0.0,0.0,1.0,0.0,0.34296567923900884,0.3290937102270172,0.0,0.327940610533974,0.6613797450393587
2019-09-04 00:00:00+00:00,-0.018842723151019092,-0.018842723151019092,0.0,0.0,1.0,0.0,0.34803926954809505,0.327740893507113,0.0,0.324219836944792,0.6489175496058904
2019-09-05 00:00:00+00:00,0.012493727134515353,0.012493727134515397,0.0,0.0,1.0,0.0,0.34365385008029337,0.32191795808280765,0.0,0.3344281918368991,0.6570249484034647
2019-09-06 00:00:00+00:00,-0.026795765323387233,-0.02679576532338726,0.0,0.0,1.0,0.0,0.3442765389037613,0.3219665001202033,0.0,0.33375696097603547,0.6394194620744349
2019-09-07 00:00:00+00:00,0.027494844038678634,0.027494844038678624,0.0,0.0,1.0,0.0,0.34017811391418756,0.32904538009489437,0.0,0.3307765059909181,0.6570002004594673
2019-09-08 00:00:00+00:00,0.003925494944661656,0.003925494944661681,0.0,0.0,1.0,0.0,0.3364284354846556,0.33440327172054946,0.0,0.329168292794795,0.6595792514250126
2019-09-09 00:00:00+00:00,-0.0077893313095585,-0.007772800643523443,1.666016215415356e-05,0.008330081077076779,1.0,0.0,0.33339906798538915,0.3347207892395048,0.0,0.33188014277510597,0.6544415701107527
2019-09-10 00:00:00+00:00,-0.012828274628547853,-0.012828274628547881,0.0,0.0,0.9999999999999999,0.0,0.3310314191799709,0.3378495843108943,0.0,0.3311189965091347,0.6460462139210339
2019-09-11 00:00:00+00:00,-0.01676494531923911,-0.01676494531923912,0.0,0.0,0.9999999999999999,0.0,0.33869485314188713,0.3406109798288037,0.0,0.3206941670293091,0.6352152844709463
2019-09-12 00:00:00+00:00,0.01457233442224437,0.014572334422244388,0.0,0.0,0.9999999999999998,0.0,0.34225121604874287,0.34025653154869684,0.0,0.3174922524025601,0.6444718540263781
2019-09-13 00:00:00+00:00,-0.0023875524858211206,-0.0023875524858211483,0.0,0.0,0.9999999999999998,0.0,0.34073552801320367,0.34154270446187823,0.0,0.3177217675249179,0.6429331436492557
2019-09-14 00:00:00+00:00,0.015545977751766804,0.015545977751766837,0.0,0.0,0.9999999999999999,0.0,0.335152375958067,0.3496584070507431,0.0,0.31518921699118974,0.6529281679963005
2019-09-15 00:00:00+00:00,-0.009102362975365486,-0.009102362975365538,0.0,0.0,0.9999999999999998,0.0,0.3372664159310073,0.3545771328666964,0.0,0.3081564512022961,0.6469849788143578
2019-09-16 00:00:00+00:00,0.011860582016427701,0.011962494258183446,0.00010070752852414856,0.050353764262074274,0.9999999999999998,0.0,0.32767748663965823,0.34364546854279054,0.0,0.32867704481755106,0.6546585972189822
2019-09-17 00:00:00+00:00,0.029246185389896207,0.02924618538989627,0.0,0.0,0.9999999999999998,0.0,0.3164344801934738,0.3518587937692228,0.0,0.3317067260373033,0.673804863920338
2019-09-18 00:00:00+00:00,0.021611128182538852,0.021611128182538887,0.0,0.0,1.0,0.0,0.3087959818282027,0.3484256191353451,0.0,0.34277839903645213,0.6883665472045386
2019-09-19 00:00:00+00:00,0.008806390138004883,0.008806390138004959,0.0,0.0,1.0,0.0,0.3087311443137701,0.3617933467436359,0.0,0.32947550894259403,0.6944285715771731
2019-09-20 00:00:00+00:00,-0.009867024992430196,-0.009867024992430235,0.0,0.0,1.0,0.0,0.30950109351202254,0.3616661239530973,0.0,0.3288327825348802,0.6875766275059635
2019-09-21 00:00:00+00:00,-0.015141389609562461,-0.01514138960956251,0.0,0.0,1.0,0.0,0.30861055413487704,0.36222363293292875,0.0,0.32916581293219416,0.6771657619024667
2019-09-22 00:00:00+00:00,-0.01470351623867483,-0.01470351623867478,0.0,0.0,1.0,0.0,0.3145616243373769,0.36106426810266495,0.0,0.32437410755995816,0.6672090441260592
2019-09-23 00:00:00+00:00,-0.04384974304912592,-0.04374367152165477,0.00011092373907732645,0.05546186953866322,1.0,0.0,0.33725481214229625,0.33215928588661053,0.0,0.3305859019710932,0.6379520989810786
2019-09-24 00:00:00+00:00,-0.16023396791408873,-0.16023396791408867,0.0,0.0,1.0000000000000002,0.0,0.35174129417963,0.32570702817017794,0.0,0.32255167765019216,0.5357305028222189
2019-09-25 00:00:00+00:00,0.009408101389247303,0.009408101389247366,0.0,0.0,1.0000000000000002,0.0,0.3456949163256262,0.33092695389010435,0.0,0.32337812978426966,0.5407707097100828
2019-09-26 00:00:00+00:00,-0.039103383308852546,-0.0391033833088526,0.0,0.0,1.0,0.0,0.3441194578004095,0.33620757495906695,0.0,0.31967296724052374,0.5196247453660892
2019-09-27 00:00:00+00:00,0.03046081000881795,0.030460810008818028,0.0,0.0,1.0000000000000002,0.0,0.3386676063520538,0.3418235700588254,0.0,0.319508823589121,0.535452936010566
2019-09-28 00:00:00+00:00,0.0016228528305364254,0.0016228528305364067,0.0,0.0,1.0000000000000002,0.0,0.3390248154216041,0.3406218708081153,0.0,0.32035331377028076,0.5363218973233898
2019-09-29 00:00:00+00:00,-0.025915826077917092,-0.025915826077917092,0.0,0.0,1.0000000000000002,0.0,0.34140841011924294,0.3411386291686307,0.0,0.31745296071212653,0.5224226723105783
2019-09-30 00:00:00+00:00,0.04760731799256779,0.04767386779819219,6.352149048482758e-05,0.03176074524241379,0.9999999999999999,0.0,0.3279331828601157,0.34002657120752633,0.0,0.3320402459323578,0.547293814597795
2019-10-01 00:00:00+00:00,-0.009332426336839061,-0.00933242633683901,0.0,0.0,0.9999999999999998,0.0,0.3311302375374463,0.3332870992475863,0.0,0.33558266321496727,0.5421862353884535
2019-10-02 00:00:00+00:00,0.011844020175048708,0.01184402017504871,0.0,0.0,0.9999999999999998,0.0,0.32991128043931217,0.337993196683364,0.0,0.33209552287732375,0.548607900099028
2019-10-03 00:00:00+00:00,-0.020758990873288585,-0.0207589908732886,0.0,0.0,1.0,0.0,0.3314416663184153,0.33456842421718147,0.0,0.33398990946440316,0.5372193537078583
2019-10-04 00:00:00+00:00,-0.0028950763502370025,-0.002895076350236973,0.0,0.0,1.0,0.0,0.32887401008770656,0.33715310229652523,0.0,0.3339728876157681,0.5356640626620491
2019-10-05 00:00:00+00:00,0.002714113078061242,0.002714113078061263,0.0,0.0,1.0,0.0,0.32759929361222856,0.33754294869472445,0.0,0.3348577576930469,0.5371179154999676
2019-10-06 00:00:00+00:00,-0.03601154300506182,-0.036011543005061784,0.0,0.0,1.0,0.0,0.3284537683233698,0.33793300664327525,0.0,0.33361322503335494,0.5177754705871513
2019-10-07 00:00:00+00:00,0.05466416619329051,0.05468475180453636,1.951826003985413e-05,0.009759130019927065,1.0,0.0,0.32954952074798094,0.3342610012917494,0.0,0.3361894779602696,0.5460792349621366
2019-10-08 00:00:00+00:00,0.0004478370186173919,0.00044783701861740046,0.0,0.0,1.0,0.0,0.32859647589347746,0.3354672850293768,0.0,0.3359362390771457,0.5463237894586509
2019-10-09 00:00:00+00:00,0.07342987590675598,0.0734298759067559,0.0,0.0,0.9999999999999998,0.0,0.32078053413250396,0.3332832856154456,0.0,0.34593618025205025,0.5864402775235084
2019-10-10 00:00:00+00:00,-0.0060766700759657954,-0.006076670075965756,0.0,0.0,0.9999999999999999,0.0,0.322578514096447,0.33283138740002827,0.0,0.3445900985035246,0.5828766734377402
2019-10-11 00:00:00+00:00,-0.04862503525834849,-0.04862503525834852,0.0,0.0,0.9999999999999998,0.0,0.32718457412162033,0.3305735221912492,0.0,0.3422419036871303,0.5545342746405612
2019-10-12 00:00:00+00:00,0.012309710433201948,0.012309710433202007,0.0,0.0,0.9999999999999998,0.0,0.32492928185117936,0.32474608042313813,0.0,0.3503246377256824,0.5613604309866721
2019-10-13 00:00:00+00:00,0.02358937268839867,0.023589372688398717,0.0,0.0,1.0,0.0,0.3164185949911974,0.3196108485166286,0.0,0.363970556492174,0.5746025714057368
2019-10-14 00:00:00+00:00,0.016635083953781438,0.016759686727466118,0.00012254889263536273,0.061274446317681364,0.9999999999999998,0.0,0.33067621485770393,0.3382004341025303,0.0,0.3311233510397656,0.58416113342113
2019-10-15 00:00:00+00:00,-0.01645068752704959,-0.016450687527049594,0.0,0.0,0.9999999999999999,0.0,0.32865223563163554,0.3324750258578216,0.0,0.33887273851054267,0.5745512811497718
2019-10-16 00:00:00+00:00,-0.03244954997898264,-0.03244954997898266,0.0,0.0,0.9999999999999998,0.0,0.33283548695338716,0.3322043298909581,0.0,0.3349601831556545,0.5559073506366138
2019-10-17 00:00:00+00:00,0.0227275866272858,0.022727586627285697,0.0,0.0,0.9999999999999997,0.0,0.3285200209672711,0.3297541720450676,0.0,0.341725806987661,0.5685417831049524
2019-10-18 00:00:00+00:00,-0.01877765413532162,-0.018777654135321654,0.0,0.0,0.9999999999999996,0.0,0.32967033625865216,0.32773751269370327,0.0,0.3425921510476442,0.5578659021403286
2019-10-19 00:00:00+00:00,-0.0016575344132037095,-0.001657534413203735,0.0,0.0,0.9999999999999996,0.0,0.33034151158400804,0.326495652726828,0.0,0.34316283568916356,0.556941220209578
2019-10-20 00:00:00+00:00,0.02281059154355214,0.022810591543552094,0.0,0.0,0.9999999999999996,0.0,0.3340847740852523,0.32541865398038944,0.0,0.34049657193435784,0.5696453788975463
2019-10-21 00:00:00+00:00,-0.007593505301836778,-0.007562085990368412,3.165871741177473e-05,0.015829358705887364,1.0,0.0,0.334808436574817,0.3336108174357695,0.0,0.3315807459894135,0.5653197736927209
2019-10-22 00:00:00+00:00,-0.012540591751731611,-0.012540591751731585,0.0,0.0,1.0,0.0,0.33173018310065716,0.3323915815909816,0.0,0.3358782353083613,0.5582303292016592
2019-10-23 00:00:00+00:00,-0.06901398454231367,-0.06901398454231367,0.0,0.0,1.0,0.0,0.3318148775108773,0.33859517071537787,0.0,0.3295899517737449,0.5197046298910852
2019-10-24 00:00:00+00:00,-0.0018439739954178025,-0.001843973995417779,0.0,0.0,1.0000000000000002,0.0,0.3299325882157339,0.33512538121955276,0.0,0.33494203056471344,0.5187463080682678
2019-10-25 00:00:00+00:00,0.13316253103236164,0.13316253103236153,0.0,0.0,1.0,0.0,0.3400046071532737,0.33472352426286595,0.0,0.32527186858386037,0.5878238794143316
2019-10-26 00:00:00+00:00,0.024115038001798483,0.02411503800179848,0.0,0.0,1.0,0.0,0.3540189686963212,0.3230427040264469,0.0,0.3229383272772319,0.6019992746047728
2019-10-27 00:00:00+00:00,0.025583981810921363,0.025583981810921398,0.0,0.0,1.0,0.0,0.3563410327648442,0.3227437692523443,0.0,0.32091519798281154,0.6174008130964491
2019-10-28 00:00:00+00:00,-0.00422534661233942,-0.004133696241976088,9.203079772604327e-05,0.04601539886302164,1.0,0.0,0.3233428920779869,0.33076603887029066,0.0,0.34589106905172246,0.6147920806623765
2019-10-29 00:00:00+00:00,0.03686455790656984,0.03686455790656979,0.0,0.0,0.9999999999999999,0.0,0.3187301980452526,0.3344233888653095,0.0,0.34684641308943787,0.6374561189204552
2019-10-30 00:00:00+00:00,-0.032805566764220084,-0.03280556676422006,0.0,0.0,1.0,0.0,0.3206575829154152,0.3324949764440818,0.0,0.346847440640503,0.6165440096519496
2019-10-31 00:00:00+00:00,-0.004630097267413147,-0.004630097267413164,0.0,0.0,1.0,0.0,0.3216860368795845,0.3323088514101658,0.0,0.34600511171024967,0.6136893509176201
2019-11-01 00:00:00+00:00,0.005993370440406931,0.005993370440406999,0.0,0.0,1.0000000000000002,0.0,0.32293684922617155,0.3315438453346161,0.0,0.34551930543921244,0.6173674185330023
2019-11-02 00:00:00+00:00,0.0053098617462523645,0.005309861746252328,0.0,0.0,1.0,0.0,0.32326507966371015,0.32986483276068435,0.0,0.34687008757560556,0.6206455541720532
2019-11-03 00:00:00+00:00,-0.005930238517685593,-0.005930238517685595,0.0,0.0,1.0,0.0,0.3219244143770996,0.3293471095998215,0.0,0.348728476023079,0.6169649780008718
2019-11-04 00:00:00+00:00,0.02200832536278874,0.022071265094649663,6.158057075898238e-05,0.03079028537949119,0.9999999999999998,0.0,0.3330837614276597,0.3336448680034078,0.0,0.33327137056893236,0.6305433439741608
2019-11-05 00:00:00+00:00,0.003058579334060063,0.0030585793340600718,0.0,0.0,1.0,0.0,0.3290745987127065,0.33789337112353823,0.0,0.3330320301637552,0.6324719108152693
2019-11-06 00:00:00+00:00,0.006206489482800004,0.0062064894827999866,0.0,0.0,0.9999999999999999,0.0,0.32814915144552464,0.34027713699988155,0.0,0.3315737115545937,0.6363973410779107
2019-11-07 00:00:00+00:00,-0.016636754089460193,-0.016636754089460228,0.0,0.0,1.0,0.0,0.3292287139202554,0.3379063114348575,0.0,0.332864974644887,0.6258097550112112
2019-11-08 00:00:00+00:00,-0.033928683641474056,-0.033928683641474056,0.0,0.0,1.0,0.0,0.3245077478565289,0.3442273596493329,0.0,0.33126489249413815,0.6045768538136874
2019-11-09 00:00:00+00:00,0.004446960649798326,0.004446960649798318,0.0,0.0,1.0,0.0,0.32437605304031464,0.3448486484565652,0.0,0.33077529850312015,0.6072653832923758
2019-11-10 00:00:00+00:00,0.028376288972677077,0.028376288972677154,0.0,0.0,1.0,0.0,0.3236960227978024,0.34277047406466593,0.0,0.3335335031375318,0.6244973212917837
2019-11-11 00:00:00+00:00,-0.02382967983176687,-0.023792047755034736,3.8549242142123965e-05,0.01927462107106198,1.0,0.0,0.3298691108261977,0.3342653031337563,0.0,0.33586558604004596,0.6096157500696044
2019-11-12 00:00:00+00:00,0.021897148499016472,0.021897148499016417,0.0,0.0,0.9999999999999999,0.0,0.3260736633418973,0.33083382914301146,0.0,0.3430925075150911,0.6229645966762178
2019-11-13 00:00:00+00:00,0.0067750117642273455,0.006775011764227382,0.0,0.0,1.0,0.0,0.32225041795201204,0.3303287951950785,0.0,0.3474207868529094,0.6271851891473964
2019-11-14 00:00:00+00:00,-0.011496709206878175,-0.01149670920687821,0.0,0.0,0.9999999999999998,0.0,0.321127036180392,0.3285913744780069,0.0,0.350281589341601,0.6199746234089079
2019-11-15 00:00:00+00:00,-0.0321837239240963,-0.03218372392409624,0.0,0.0,1.0,0.0,0.32509934767180076,0.33044885000040675,0.0,0.34445180232779243,0.60002153128917
2019-11-16 00:00:00+00:00,0.003014843369792297,0.003014843369792388,0.0,0.0,1.0,0.0,0.32485369675732817,0.33381197007405916,0.0,0.3413343331686127,0.6018305022245098
2019-11-17 00:00:00+00:00,0.003537996234399543,0.003537996234399595,0.0,0.0,1.0000000000000002,0.0,0.32417087235206693,0.3352798465217544,0.0,0.3405492811261788,0.603959776275127
2019-11-18 00:00:00+00:00,-0.040909432199725426,-0.04087428039179726,3.6649843925065987e-05,0.018324921962532992,1.0,0.0,0.3346077034179873,0.33691329272488374,0.0,0.32847900385712897,0.5792521247562383
2019-11-19 00:00:00+00:00,-0.01645986233019414,-0.016459862330194086,0.0,0.0,1.0,0.0,0.33801865735398334,0.33818805286076536,0.0,0.32379328978525135,0.5697177145282782
2019-11-20 00:00:00+00:00,-0.01103603514125362,-0.011036035141253668,0.0,0.0,1.0,0.0,0.3403085948752543,0.3396683453189788,0.0,0.32002305980576695,0.5634302898101494
2019-11-21 00:00:00+00:00,-0.0691953789190376,-0.06919537891903758,0.0,0.0,1.0000000000000002,0.0,0.344354141866805,0.3362475919121572,0.0,0.3193982662210379,0.5244435174122729
2019-11-22 00:00:00+00:00,-0.06511272658454037,-0.06511272658454041,0.0,0.0,1.0000000000000002,0.0,0.3509748500222596,0.3340461956188476,0.0,0.314978954358893,0.49029557005397295
2019-11-23 00:00:00+00:00,0.022328657481210934,0.022328657481211017,0.0,0.0,1.0000000000000002,0.0,0.3453341473802229,0.33175369819531514,0.0,0.32291215442446214,0.5012432119022632
2019-11-24 00:00:00+00:00,-0.0695063885180478,-0.06950638851804783,0.0,0.0,1.0000000000000002,0.0,0.3502732496522626,0.32871021130572015,0.0,0.32101653904201743,0.4664036064737503
2019-11-25 00:00:00+00:00,0.026838589398569868,0.026908172352597532,6.775966527571664e-05,0.03387983263785832,1.0,0.0,0.3344664480693369,0.33809397510363587,0.0,0.32743957682702723,0.47892122136191145
2019-11-26 00:00:00+00:00,0.010492303921093349,0.010492303921093387,0.0,0.0,1.0,0.0,0.3330772891309264,0.3383925489099089,0.0,0.3285301619591647,0.48394620837070185
2019-11-27 00:00:00+00:00,0.043901322021713485,0.04390132202171354,0.0,0.0,1.0,0.0,0.3348186106369955,0.3354599332496051,0.0,0.3297214561133994,0.5051920867055713
2019-11-28 00:00:00+00:00,-0.01975058353518533,-0.019750583535185294,0.0,0.0,1.0,0.0,0.337498455618796,0.33791347017690326,0.0,0.3245880742043008,0.49521424819577825
2019-11-29 00:00:00+00:00,0.03799295963211158,0.03799295963211155,0.0,0.0,1.0,0.0,0.3392787165502625,0.3338624464915513,0.0,0.3268588369581863,0.5140289031367269
2019-11-30 00:00:00+00:00,-0.02607659677390428,-0.026076596773904254,0.0,0.0,1.0,0.0,0.3393461604587684,0.33590292369488933,0.0,0.3247509158463423,0.5006247786994982
2019-12-01 00:00:00+00:00,-0.01395887735923218,-0.013958877359232139,0.0,0.0,1.0,0.0,0.3373439003567455,0.3390609071055216,0.0,0.323595192537733,0.49363661881063914
2019-12-02 00:00:00+00:00,-0.015222528828807813,-0.015184167727878263,3.895256318240159e-05,0.019476281591200795,1.0,0.0,0.33402725747778217,0.33384660679367417,0.0,0.3321261357285436,0.486122221149839
2019-12-03 00:00:00+00:00,-0.000854443518083392,-0.0008544435180834302,0.0,0.0,1.0,0.0,0.3342345374159157,0.33082809336004204,0.0,0.3349373692240422,0.4857068571689812
2019-12-04 00:00:00+00:00,-0.01124243934952518,-0.011242439349525131,0.0,0.0,1.0,0.0,0.3334867729584308,0.3306343606009295,0.0,0.3358788664406397,0.48024632728561045
2019-12-05 00:00:00+00:00,0.026778516468954017,0.026778516468954034,0.0,0.0,1.0,0.0,0.3335657540156182,0.32790034075364777,0.0,0.3385339052307341,0.49310661146998286
2019-12-06 00:00:00+00:00,0.007122973128853349,0.007122973128853315,0.0,0.0,1.0,0.0,0.33742818802407254,0.32635061815249455,0.0,0.33622119382343296,0.49661899661314346
2019-12-07 00:00:00+00:00,-0.005754944679814744,-0.0057549446798147216,0.0,0.0,1.0,0.0,0.33755586842099233,0.3253653666460416,0.0,0.33707876493296607,0.4937609817606897
2019-12-08 00:00:00+00:00,0.008022846995160204,0.008022846995160203,0.0,0.0,1.0,0.0,0.3358889914969863,0.32997002739262005,0.0,0.3341409811103937,0.49772235056953584
2019-12-09 00:00:00+00:00,-0.020051715414223348,-0.020038531773312235,1.3453223762853295e-05,0.006726611881426647,1.0,0.0,0.332383174373968,0.3332758957423942,0.0,0.3343409298836377,0.4877421636406172
2019-12-10 00:00:00+00:00,-0.020930293983052684,-0.020930293983052628,0.0,0.0,1.0,0.0,0.33419241552912665,0.3360820651325112,0.0,0.3297255193383621,0.47753357676768887
2019-12-11 00:00:00+00:00,-0.006004915956795642,-0.006004915956795648,0.0,0.0,0.9999999999999998,0.0,0.33555279653195347,0.3331869685024555,0.0,0.3312602349655909,0.4746660277726509
2019-12-12 00:00:00+00:00,0.0013991863111804115,0.0013991863111804377,0.0,0.0,1.0,0.0,0.3345150990090097,0.33610873337297886,0.0,0.3293761676180113,0.47533017398109273
2019-12-13 00:00:00+00:00,0.005718980538299778,0.005718980538299697,0.0,0.0,0.9999999999999998,0.0,0.33536750691331957,0.3340359830935735,0.0,0.3305965099931067,0.47804857799535727
2019-12-14 00:00:00+00:00,-0.026261217026036343,-0.02626121702603638,0.0,0.0,0.9999999999999997,0.0,0.335242095853185,0.33591378408732014,0.0,0.3288441200594946,0.4654944405396331
2019-12-15 00:00:00+00:00,0.004354092249706065,0.0043540922497060834,0.0,0.0,0.9999999999999998,0.0,0.3364092977069818,0.3360379366358249,0.0,0.3275527656571931,0.467521246275468
2019-12-16 00:00:00+00:00,-0.05485630285374987,-0.05483444848000696,2.3122270704560523e-05,0.01156113535228026,1.0,0.0,0.34136991635812647,0.32855970036520227,0.0,0.3300703832766712,0.4418747591992183
2019-12-17 00:00:00+00:00,-0.06675712458873995,-0.06675712458873995,0.0,0.0,1.0,0.0,0.3515850636667075,0.3233074284117937,0.0,0.32510750792149873,0.4123764708467366
2019-12-18 00:00:00+00:00,0.09625991644141663,0.09625991644141668,0.0,0.0,1.0,0.0,0.35237813708080784,0.32134221120190287,0.0,0.3262796517172893,0.45207179547284976
2019-12-19 00:00:00+00:00,-0.024031573392585326,-0.02403157339258528,0.0,0.0,1.0,0.0,0.35477816641154014,0.3176018799274903,0.0,0.32761995366096963,0.44120779894122614
2019-12-20 00:00:00+00:00,0.005510959590006914,0.0055109595900068595,0.0,0.0,1.0,0.0,0.35464443089191394,0.31608309824009917,0.0,0.3292724708679869,0.44363927729198716
2019-12-21 00:00:00+00:00,-0.010740003846457458,-0.010740003846457482,0.0,0.0,1.0,0.0,0.35568077503680917,0.3165486018849823,0.0,0.32777062307820853,0.4388745897474316
2019-12-22 00:00:00+00:00,0.0432435379901106,0.04324353799011051,0.0,0.0,1.0,0.0,0.3585838251651688,0.31565999147416113,0.0,0.3257561833606701,0.45785307974206885
2019-12-23 00:00:00+00:00,-0.030715632447816055,-0.03061772293073983,0.0001010019673273418,0.050500983663670895,1.0,0.0,0.33545336765228617,0.3326181614820138,0.0,0.33192847086570004,0.4437898328296108
2019-12-24 00:00:00+00:00,-0.0021999688681718643,-0.0021999688681718387,0.0,0.0,1.0,0.0,0.33336598897980174,0.33309068601943603,0.0,0.3335433250007622,0.44281350901337446
2019-12-25 00:00:00+00:00,-0.015831427290712963,-0.015831427290712997,0.0,0.0,1.0,0.0,0.3363588642265595,0.33153141831713795,0.0,0.3321097174563025,0.43580313914208374
2019-12-26 00:00:00+00:00,0.0028966640842300606,0.002896664084230163,0.0,0.0,1.0,0.0,0.3352472466537347,0.3318687740773483,0.0,0.33288397926891705,0.4370655144430313
2019-12-27 00:00:00+00:00,0.008206642740617998,0.00820664274061801,0.0,0.0,1.0,0.0,0.33495479294553604,0.3310022386422865,0.0,0.3340429684121775,0.4406523549743097
2019-12-28 00:00:00+00:00,0.017397712052100944,0.017397712052100903,0.0,0.0,1.0,0.0,0.3319766168787308,0.33005676018045144,0.0,0.3379666229408178,0.4483186977612329
2019-12-29 00:00:00+00:00,0.029785382825578965,0.029785382825578945,0.0,0.0,1.0,0.0,0.32559462855819105,0.33614671644774835,0.0,0.3382586549940606,0.46167204180191623
2019-12-30 00:00:00+00:00,-0.018922316057790822,-0.018891946035462327,3.0954819100569187e-05,0.015477409550284593,0.9999999999999999,0.0,0.3332023617599736,0.3327980694989447,0.0,0.3339995687410816,0.45293613751189477
2019-12-31 00:00:00+00:00,-0.011994782693440675,-0.011994782693440675,0.0,0.0,0.9999999999999999,0.0,0.33488507148332347,0.330567921909767,0.0,0.3345470066069094,0.44750326696843323
2020-01-01 00:00:00+00:00,0.004037790706045152,0.004037790706045051,0.0,0.0,0.9999999999999998,0.0,0.3337946590081843,0.3332150826345267,0.0,0.3329902583572888,0.4493101915007232
2020-01-02 00:00:00+00:00,-0.036832161893957105,-0.036832161893957126,0.0,0.0,0.9999999999999996,0.0,0.33523560996632734,0.33661511015456547,0.0,0.32814927987910686,0.4327611257867637
2020-01-03 00:00:00+00:00,0.053351454378166796,0.05335145437816671,0.0,0.0,0.9999999999999997,0.0,0.33559615208580545,0.3376056122014916,0.0,0.3267982357127026,0.4558495612458203
2020-01-04 00:00:00+00:00,0.0035772746991835636,0.003577274699183481,0.0,0.0,0.9999999999999997,0.0,0.3348183099979292,0.33597660534271034,0.0,0.32920508465936005,0.4574802603478989
2020-01-05 00:00:00+00:00,0.009074895663154336,0.009074895663154335,0.0,0.0,0.9999999999999997,0.0,0.33196285182781826,0.33585788527921623,0.0,0.3321792628929652,0.46163184597850876
2020-01-06 00:00:00+00:00,0.06097266003527735,0.06098337406584364,1.0098207783532209e-05,0.005049103891766105,1.0,0.0,0.3313078962925237,0.33452783175706924,0.0,0.334164271950407,0.48977876758481387
2020-01-07 00:00:00+00:00,0.015171452235557714,0.015171452235557742,0.0,0.0,1.0,0.0,0.3426355149166725,0.3264649407352651,0.0,0.3308995443480624,0.49720942276321717
2020-01-08 00:00:00+00:00,-0.019245525706456545,-0.019245525706456545,0.0,0.0,1.0,0.0,0.34544776387198756,0.3281159192257757,0.0,0.32643631690223673,0.48764036603593525
2020-01-09 00:00:00+00:00,-0.020658589654325654,-0.020658589654325602,0.0,0.0,1.0,0.0,0.34235686588908926,0.32782530381897507,0.0,0.32981783029193573,0.4775664038151137
2020-01-10 00:00:00+00:00,0.0492701632710737,0.04927016327107359,0.0,0.0,1.0,0.0,0.3421873625063809,0.3285376391433075,0.0,0.3292749983503116,0.5010961785038639
2020-01-11 00:00:00+00:00,-0.016268588426605612,-0.016268588426605612,0.0,0.0,1.0,0.0,0.3402584085517098,0.3283674130655122,0.0,0.33137417838277794,0.49294405101363964
2020-01-12 00:00:00+00:00,0.025996871211686035,0.025996871211685924,0.0,0.0,0.9999999999999999,0.0,0.33845817796692323,0.32939688066854794,0.0,0.33214494136452866,0.5057590540224081
2020-01-13 00:00:00+00:00,-0.013390690517762094,-0.013370465225455597,2.0499378534359902e-05,0.010249689267179951,1.0,0.0,0.33477005402776483,0.33098104744098983,0.0,0.3342488985312453,0.4989865910534379
2020-01-14 00:00:00+00:00,0.11191858284140865,0.11191858284140868,0.0,0.0,1.0,0.0,0.3272194670106937,0.34331795825643074,0.0,0.32946257473287555,0.5548324631810042
2020-01-15 00:00:00+00:00,0.02237042496380237,0.022370424963802434,0.0,0.0,1.0,0.0,0.32025458250610706,0.33742808936378127,0.0,0.34231732813011173,0.5672443011660765
2020-01-16 00:00:00+00:00,-0.020126764469091674,-0.0201267644690917,0.0,0.0,1.0,0.0,0.3231322728340853,0.3398888765681214,0.0,0.33697885059779326,0.5558275087200724
2020-01-17 00:00:00+00:00,0.03940439247774141,0.03940439247774131,0.0,0.0,0.9999999999999999,0.0,0.3177670735152685,0.3383124397104708,0.0,0.34392048677426057,0.5777295540236034
2020-01-18 00:00:00+00:00,0.003042891263891123,0.003042891263891105,0.0,0.0,1.0,0.0,0.31686776420107643,0.34558328964202606,0.0,0.3375489461568974,0.5794875222364335
2020-01-19 00:00:00+00:00,-0.03015165534260711,-0.030151655342607102,0.0,0.0,1.0,0.0,0.31889932753083094,0.341365905540804,0.0,0.33973476692836496,0.5620150141906192
2020-01-20 00:00:00+00:00,-0.003038187946008075,-0.002980624012175211,5.773602321000937e-05,0.028868011605004684,1.0,0.0,0.3320487828895624,0.3344701595989975,0.0,0.3334810575114401,0.5603075069490296
2020-01-21 00:00:00+00:00,0.023944856653971947,0.023944856653971967,0.0,0.0,1.0,0.0,0.3277993493688727,0.3317775720409105,0.0,0.34042307859021675,0.5737239898850686
2020-01-22 00:00:00+00:00,-0.009952630650098993,-0.009952630650099006,0.0,0.0,0.9999999999999999,0.0,0.3290756867028201,0.33232483304153876,0.0,0.338599480255641,0.5680139269186414
2020-01-23 00:00:00+00:00,-0.03516530933193407,-0.03516530933193404,0.0,0.0,1.0,0.0,0.3301395112811461,0.3337393747046989,0.0,0.33612111401415495,0.5480395414737008
2020-01-24 00:00:00+00:00,0.001286924960216096,0.0012869249602161983,0.0,0.0,1.0,0.0,0.3310674747572562,0.332614540057081,0.0,0.33631798518566286,0.5487448272388087
2020-01-25 00:00:00+00:00,-0.011651957041274752,-0.011651957041274702,0.0,0.0,1.0000000000000002,0.0,0.3310417039040707,0.3320834871597775,0.0,0.3368748089361519,0.5423508760852004
2020-01-26 00:00:00+00:00,0.03746229879497642,0.03746229879497639,0.0,0.0,1.0,0.0,0.3295856872499328,0.3351625387638298,0.0,0.33525177398623746,0.5626685866568214
2020-01-27 00:00:00+00:00,0.018951716178131184,0.018966991088744223,1.499058433360223e-05,0.007495292166801115,1.0,0.0,0.33826210254978434,0.33127843394905476,0.0,0.33045946350116084,0.5733321220134917
2020-01-28 00:00:00+00:00,0.03587650988047297,0.035876509880472904,0.0,0.0,1.0,0.0,0.3436949426731235,0.3302243758341904,0.0,0.32608068149268604,0.5939012775537013
2020-01-29 00:00:00+00:00,-0.008657336886796041,-0.008657336886796046,0.0,0.0,0.9999999999999999,0.0,0.3439684245161113,0.3295035492759132,0.0,0.3265280262079754,0.5887596741164203
2020-01-30 00:00:00+00:00,0.04009217759386274,0.040092177593862695,0.0,0.0,0.9999999999999998,0.0,0.3381741552015433,0.3369216079994927,0.0,0.3249042367989638,0.6123643315312005
2020-01-31 00:00:00+00:00,-0.019483231787840394,-0.019483231787840387,0.0,0.0,0.9999999999999999,0.0,0.339098988216829,0.3347427251928992,0.0,0.3261582865902717,0.6004334953213722
2020-02-01 00:00:00+00:00,0.008244884763125793,0.008244884763125787,0.0,0.0,0.9999999999999999,0.0,0.3375020456658284,0.3388137588329604,0.0,0.3236841955012111,0.6053840002982178
2020-02-02 00:00:00+00:00,0.009847486121795646,0.009847486121795573,0.0,0.0,0.9999999999999998,0.0,0.33232980768794973,0.344371251103888,0.0,0.32329894120816205,0.6113455108395116
2020-02-03 00:00:00+00:00,0.00124763815251705,0.0012918468607969746,4.415167108221907e-05,0.022075835541109534,1.0,0.0,0.33146771645932216,0.33512875144872833,0.0,0.3334035320919495,0.612108248823205
2020-02-04 00:00:00+00:00,-0.00994575956106214,-0.009945759561062108,0.0,0.0,1.0,0.0,0.3313985157963828,0.33701462832644313,0.0,0.3315868558771741,0.6060203673550666
2020-02-05 00:00:00+00:00,0.061379794166198653,0.0613797941661987,0.0,0.0,1.0,0.0,0.3263230339899177,0.3425189045749354,0.0,0.331158061435147,0.6432177727638446
2020-02-06 00:00:00+00:00,0.04522193082132486,0.04522193082132487,0.0,0.0,1.0,0.0,0.3174004640493111,0.3427837192092213,0.0,0.3398158167414676,0.6723053223868178
2020-02-07 00:00:00+00:00,0.040281097004016164,0.0402810970040162,0.0,0.0,1.0,0.0,0.3064175902689763,0.3452782079678076,0.0,0.34830420176321614,0.6993865182941976
2020-02-08 00:00:00+00:00,-0.0019408287292779214,-0.0019408287292779465,0.0,0.0,1.0,0.0,0.3095527428170675,0.3454075418110649,0.0,0.34503971537186756,0.6980291288466226
2020-02-09 00:00:00+00:00,0.057194762032581004,0.05719476203258108,0.0,0.0,1.0,0.0,0.3004012464502581,0.3348078986733884,0.0,0.36479085487635354,0.737952738762815
2020-02-10 00:00:00+00:00,-0.0073482324168522295,-0.007217454812715886,0.00013172834753230102,0.0658641737661505,0.9999999999999998,0.0,0.32583514296380595,0.3274703446971866,0.0,0.34669451233900733,0.7325300905257331
2020-02-11 00:00:00+00:00,0.039833838770750196,0.03983383877075017,0.0,0.0,0.9999999999999998,0.0,0.3251642524966825,0.33442393757141864,0.0,0.34041180993189873,0.7617095760464583
2020-02-12 00:00:00+00:00,0.05412030063565876,0.054120300635658695,0.0,0.0,0.9999999999999998,0.0,0.31155505260230093,0.3561920317934419,0.0,0.3322529156042569,0.8029335272991528
2020-02-13 00:00:00+00:00,-0.01142726042728981,-0.011427260427289754,0.0,0.0,0.9999999999999998,0.0,0.31217894272533314,0.36383464768966955,0.0,0.3239864095849972,0.793758196776903
2020-02-14 00:00:00+00:00,0.037800305600925954,0.03780030560092594,0.0,0.0,0.9999999999999999,0.0,0.3042370208260006,0.3724922957183389,0.0,0.32327068345566035,0.8237624991883098
2020-02-15 00:00:00+00:00,-0.06541250495684603,-0.06541250495684607,0.0,0.0,0.9999999999999999,0.0,0.31168741708884456,0.3703251704463108,0.0,0.3179874124648445,0.7698781306268906
2020-02-16 00:00:00+00:00,-0.02028202616667618,-0.02028202616667614,0.0,0.0,1.0,0.0,0.31834037394127696,0.36940186063613656,0.0,0.3122577654225864,0.7542634422363642
2020-02-17 00:00:00+00:00,0.006521931334003694,0.006667167342844189,0.00014427410921121308,0.07213705460560654,0.9999999999999999,0.0,0.3242864465979861,0.3426496394275254,0.0,0.3330639139744883,0.7591826966143791
2020-02-18 00:00:00+00:00,0.04277607139978268,0.042776071399782616,0.0,0.0,0.9999999999999998,0.0,0.3256832607576464,0.34667309130377055,0.0,0.3276436479385828,0.7916575498502353
2020-02-19 00:00:00+00:00,-0.0709750105773772,-0.07097501057737718,0.0,0.0,0.9999999999999998,0.0,0.3309018497814345,0.34120771707024067,0.0,0.3278904331483246,0.7354696468759543
2020-02-20 00:00:00+00:00,-0.004908572468194317,-0.0049085724681942645,0.0,0.0,0.9999999999999998,0.0,0.3326228428063131,0.3409404674394518,0.0,0.32643668975423495,0.7318595408161064
2020-02-21 00:00:00+00:00,0.01440539053545109,0.014405390535451174,0.0,0.0,0.9999999999999998,0.0,0.3306271471331021,0.34702004996139985,0.0,0.3223528029054979,0.7424022633186583
2020-02-22 00:00:00+00:00,-0.009512827547023983,-0.009512827547023931,0.0,0.0,0.9999999999999999,0.0,0.33289880398471056,0.34537464238743754,0.0,0.32172655362785185,0.7353399186171876
2020-02-23 00:00:00+00:00,0.0398642408319092,0.039864240831909314,0.0,0.0,1.0000000000000002,0.0,0.3296090227614374,0.34857916789832677,0.0,0.32181180934023595,0.7646536862262597
2020-02-24 00:00:00+00:00,-0.031110027455212075,-0.031050937706789572,6.098333825997349e-05,0.030491669129986743,0.9999999999999999,0.0,0.33429078118915195,0.33269854346033034,0.0,0.33301067535051765,0.7408652890540317
2020-02-25 00:00:00+00:00,-0.06189748218379243,-0.061897482183792416,0.0,0.0,0.9999999999999998,0.0,0.3438351615213672,0.32953494995497057,0.0,0.3266298885236621,0.6950075930242195
2020-02-26 00:00:00+00:00,-0.07555918489003022,-0.07555918489003022,0.0,0.0,1.0,0.0,0.3507603686725154,0.32367956116790897,0.0,0.3255600701595755,0.6424933858029277
2020-02-27 00:00:00+00:00,0.014815172330033377,0.014815172330033363,0.0,0.0,1.0,0.0,0.34710506587237433,0.32429431156935024,0.0,0.3286006225582754,0.6520120360345046
2020-02-28 00:00:00+00:00,-0.010104106277792124,-0.010104106277792103,0.0,0.0,1.0,0.0,0.34538430646674606,0.32620905358736046,0.0,0.3284066399458934,0.6454240371280123
2020-02-29 00:00:00+00:00,-0.015695365002699635,-0.01569536500269968,0.0,0.0,0.9999999999999999,0.0,0.3441413710930189,0.31757022131185386,0.0,0.3382884075951271,0.6352938712837722
2020-03-01 00:00:00+00:00,-0.00476619590522831,-0.004766195905228272,0.0,0.0,0.9999999999999999,0.0,0.34606087424936527,0.3198546935636313,0.0,0.33408443218700334,0.6322659362358429
2020-03-02 00:00:00+00:00,0.054516259719626925,0.0545731165642227,5.391455907880805e-05,0.026957279539404022,1.0,0.0,0.3301968763028509,0.336821165818479,0.0,0.3329819578786701,0.6667347102275493
2020-03-03 00:00:00+00:00,-0.02191341919581724,-0.021913419195817213,0.0,0.0,1.0,0.0,0.33187001908143393,0.3321120481300007,0.0,0.33601793278856523,0.6521242730299313
2020-03-04 00:00:00+00:00,0.0050502105239054185,0.0050502105239053335,0.0,0.0,0.9999999999999998,0.0,0.32986016542655977,0.3310632641504115,0.0,0.3390765704230286,0.6554176378964812
2020-03-05 00:00:00+00:00,0.031062103958358733,0.031062103958358647,0.0,0.0,0.9999999999999998,0.0,0.3310236689954918,0.32698845448048874,0.0,0.3419878765240192,0.6757762887009636
2020-03-06 00:00:00+00:00,0.036252021416460334,0.03625202141646035,0.0,0.0,0.9999999999999998,0.0,0.3221332691843583,0.3384160419395861,0.0,0.33945068887605534,0.7002745451916871
2020-03-07 00:00:00+00:00,-0.03662681559134384,-0.03662681559134383,0.0,0.0,0.9999999999999998,0.0,0.3253850293161824,0.3402389383379986,0.0,0.33437603234581864,0.674625718561639
2020-03-08 00:00:00+00:00,-0.14077623009484652,-0.1407762300948465,0.0,0.0,0.9999999999999997,0.0,0.3424479269562888,0.33288836180913356,0.0,0.32466371123457727,0.5796544531775045
2020-03-09 00:00:00+00:00,-0.004700953858777668,-0.0046646655504093415,3.6458374491822544e-05,0.01822918724591127,0.9999999999999999,0.0,0.33052360605358455,0.34053783405245436,0.0,0.32893855989396104,0.5769295243390821
2020-03-10 00:00:00+00:00,0.0002323460187676485,0.00023234601876755308,0.0,0.0,0.9999999999999999,0.0,0.3289758363388319,0.33701703942242417,0.0,0.3340071242387438,0.5770635716171718
2020-03-11 00:00:00+00:00,-0.014236929969184131,-0.014236929969184114,0.0,0.0,0.9999999999999998,0.0,0.3354184278481439,0.33144429490619853,0.0,0.3331372772456574,0.5688479579602909
2020-03-12 00:00:00+00:00,-0.4276114873778909,-0.4276114873778909,0.0,0.0,0.9999999999999997,0.0,0.35449834230014116,0.3203680509983899,0.0,0.3251336067014686,0.3256020365650149
2020-03-13 00:00:00+00:00,0.19435042183569773,0.1943504218356978,0.0,0.0,0.9999999999999998,0.0,0.34479976300058696,0.3339811331488435,0.0,0.32121910385056934,0.38888292972198785
2020-03-14 00:00:00+00:00,-0.07644384242488989,-0.07644384242488991,0.0,0.0,0.9999999999999998,0.0,0.3463185951905224,0.3305500952250775,0.0,0.3231313095843999,0.35915522432059066
2020-03-15 00:00:00+00:00,0.02345918067258501,0.023459180672584942,0.0,0.0,0.9999999999999997,0.0,0.35066949838247524,0.32634704470096493,0.0,0.3229834569165595,0.3675807116174302
2020-03-16 00:00:00+00:00,-0.08569739999649306,-0.08563399359648372,6.934466019656826e-05,0.03467233009828413,1.0,0.0,0.3420083360804891,0.32686550955341953,0.0,0.33112615436609133,0.33608000034295576
2020-03-17 00:00:00+00:00,0.061814902137294236,0.06181490213729419,0.0,0.0,1.0,0.0,0.3402739620859408,0.3207301542782562,0.0,0.33899588363580296,0.3568547526744574
2020-03-18 00:00:00+00:00,0.016622458933870154,0.016622458933870148,0.0,0.0,1.0,0.0,0.33978952608343227,0.3221410184084349,0.0,0.3380694555081328,0.3627865561461449
2020-03-19 00:00:00+00:00,0.15881936961343968,0.15881936961343973,0.0,0.0,1.0,0.0,0.3350179697865562,0.3208037733105773,0.0,0.3441782569028665,0.42040408829750636
2020-03-20 00:00:00+00:00,-0.01449290340224152,-0.01449290340224157,0.0,0.0,1.0,0.0,0.342290477455889,0.318810479946039,0.0,0.338899042598072,0.4143112124559032
2020-03-21 00:00:00+00:00,0.002912802567873074,0.0029128025678730306,0.0,0.0,1.0,0.0,0.34033207143922173,0.3158365960516191,0.0,0.3438313325091591,0.41551801921944337
2020-03-22 00:00:00+00:00,-0.0721254627412441,-0.07212546274124412,0.0,0.0,1.0,0.0,0.34479330770678274,0.31390149923454413,0.0,0.3413051930586731,0.38554858980591583
2020-03-23 00:00:00+00:00,0.10520318186553235,0.105289093042681,7.772733639515672e-05,0.03886366819757836,0.9999999999999999,0.0,0.3352432577896691,0.3350644818147289,0.0,0.32969226039560184,0.4261095282172671
2020-03-24 00:00:00+00:00,0.02714949568965852,0.027149495689658527,0.0,0.0,0.9999999999999999,0.0,0.34048898398100025,0.3322814387974564,0.0,0.3272295772215432,0.43767818701692424
2020-03-25 00:00:00+00:00,-0.011595657605127041,-0.011595657605127067,0.0,0.0,1.0,0.0,0.34104769681926006,0.33056938260122953,0.0,0.3283829205795103,0.4326030206190432
2020-03-26 00:00:00+00:00,0.03189385309150028,0.031893853091500335,0.0,0.0,1.0,0.0,0.33346891332645034,0.32574192413328396,0.0,0.34078916254026564,0.44640039780560625
2020-03-27 00:00:00+00:00,-0.05759853154606742,-0.0575985315460674,0.0,0.0,0.9999999999999999,0.0,0.33398870918445644,0.32799374181876134,0.0,0.33801754899678216,0.420688390410423
2020-03-28 00:00:00+00:00,-0.01147979341142924,-0.011479793411429273,0.0,0.0,0.9999999999999998,0.0,0.3313609058159851,0.3308174414135154,0.0,0.3378216527704994,0.41585897459792465
2020-03-29 00:00:00+00:00,-0.059883373428069264,-0.059883373428069306,0.0,0.0,0.9999999999999998,0.0,0.33233984833897134,0.3345022303646201,0.0,0.3331579212964083,0.39095593632866316
2020-03-30 00:00:00+00:00,0.07419670043498994,0.07420172295980983,4.675588125147567e-06,0.0023377940625737836,1.0,0.0,0.33742856282725486,0.3293048683807482,0.0,0.33326656879199695,0.41996357681972196
2020-03-31 00:00:00+00:00,0.013841989779535657,0.013841989779535657,0.0,0.0,1.0,0.0,0.33374238725571526,0.3263580352473018,0.0,0.33989957749698296,0.4257767083578378
2020-04-01 00:00:00+00:00,0.02382488707588637,0.023824887075886262,0.0,0.0,0.9999999999999998,0.0,0.3377306510736606,0.3258007298312254,0.0,0.33646861909511383,0.4359207903540059
2020-04-02 00:00:00+00:00,0.029071968425020245,0.029071968425020217,0.0,0.0,0.9999999999999998,0.0,0.3356244063348625,0.3297132889780342,0.0,0.3346623046871031,0.4485938658069874
2020-04-03 00:00:00+00:00,0.006051605546673722,0.006051605546673728,0.0,0.0,0.9999999999999998,0.0,0.3306156158288358,0.3277995928310505,0.0,0.34158479134011355,0.4513085789335088
2020-04-04 00:00:00+00:00,0.022637905195646235,0.022637905195646225,0.0,0.0,1.0,0.0,0.3292720847077508,0.3268950485878261,0.0,0.343832866704423,0.4615252597573874
2020-04-05 00:00:00+00:00,-0.009061323550105027,-0.009061323550105046,0.0,0.0,0.9999999999999999,0.0,0.3281821729639688,0.3266563614863108,0.0,0.34516146554972027,0.4573432300521794
2020-04-06 00:00:00+00:00,0.13087612506583146,0.13092963220670017,4.7312528865548045e-05,0.02365626443277402,1.0,0.0,0.3189879245166109,0.35388136160156847,0.0,0.32713071388182063,0.5171985398264998
2020-04-07 00:00:00+00:00,-0.029649560578632772,-0.029649560578632786,0.0,0.0,1.0,0.0,0.32278875634089943,0.3504318846812496,0.0,0.32677935897785093,0.5018638303887335
2020-04-08 00:00:00+00:00,0.033524951292850824,0.03352495129285078,0.0,0.0,1.0,0.0,0.3193888690016594,0.3566338377837171,0.0,0.32397729321462343,0.5186887908581593
2020-04-09 00:00:00+00:00,-0.012447446268956552,-0.012447446268956589,0.0,0.0,1.0,0.0,0.3200434281865598,0.35364151524728116,0.0,0.326315056566159,0.5122324400036423
2020-04-10 00:00:00+00:00,-0.07126387020120428,-0.0712638702012043,0.0,0.0,1.0,0.0,0.3245112824245657,0.35439045298933114,0.0,0.3210982645861031,0.4757287738863766
2020-04-11 00:00:00+00:00,0.004164499540420419,0.004164499540420504,0.0,0.0,0.9999999999999998,0.0,0.3240097802640283,0.3540836244836312,0.0,0.3219065952523404,0.4777099461465912
2020-04-12 00:00:00+00:00,0.012784853685061881,0.012784853685061855,0.0,0.0,0.9999999999999998,0.0,0.32117340378879006,0.3501217332354817,0.0,0.32870486297572815,0.48381739791197415
2020-04-13 00:00:00+00:00,0.009351471959403224,0.009419258096098485,6.715359960859357e-05,0.033576799804296786,1.0,0.0,0.32707791723217955,0.32547446708001876,0.0,0.34744761568780164,0.4883418027420194
2020-04-14 00:00:00+00:00,0.019622549385574173,0.019622549385574072,0.0,0.0,0.9999999999999999,0.0,0.3222155413374788,0.323663511889924,0.0,0.3541209467725971,0.497924313883365
2020-04-15 00:00:00+00:00,-0.04685540997010296,-0.04685540997010296,0.0,0.0,1.0,0.0,0.32588273603999723,0.3273166439300398,0.0,0.34680062002996287,0.4745938660222777
2020-04-16 00:00:00+00:00,0.09329189854412356,0.09329189854412359,0.0,0.0,1.0,0.0,0.31971667996581565,0.3377455656915028,0.0,0.3425377543426815,0.5188696288208914
2020-04-17 00:00:00+00:00,-0.00877893682625508,-0.008778936826255114,0.0,0.0,1.0,0.0,0.3191325279629943,0.3373751838690134,0.0,0.34349228816799227,0.5143145051284104
2020-04-18 00:00:00+00:00,0.06468506253672524,0.06468506253672524,0.0,0.0,1.0,0.0,0.30920584125134476,0.348062373062921,0.0,0.3427317856857342,0.5475829710561865
2020-04-19 00:00:00+00:00,-0.030518405116077174,-0.030518405116077167,0.0,0.0,1.0,0.0,0.31334254502571346,0.3448805314091279,0.0,0.3417769235651586,0.5308716121108286
2020-04-20 00:00:00+00:00,-0.05440960693014896,-0.05433398849396608,7.996315323047942e-05,0.03998157661523971,1.0,0.0,0.33801146057620807,0.3332769509808266,0.0,0.32871158844296533,0.5019870963655039
2020-04-21 00:00:00+00:00,0.0050115155047771864,0.005011515504777091,0.0,0.0,0.9999999999999998,0.0,0.3369356704541843,0.3326281574431079,0.0,0.3304361721027076,0.5045028124821377
2020-04-22 00:00:00+00:00,0.04978596582420569,0.04978596582420573,0.0,0.0,0.9999999999999999,0.0,0.3342688962911328,0.33906811708033796,0.0,0.3266629866285291,0.5296199722625891
2020-04-23 00:00:00+00:00,0.02922854133305708,0.029228541333057023,0.0,0.0,0.9999999999999999,0.0,0.3411327544372456,0.3346141897979498,0.0,0.32425305576480445,0.5450999915126787
2020-04-24 00:00:00+00:00,0.002229528954005522,0.0022295289540054993,0.0,0.0,0.9999999999999998,0.0,0.34133078971728853,0.3375221088496053,0.0,0.32114710143310604,0.5463153077265844
2020-04-25 00:00:00+00:00,0.01931806038467654,0.0193180603846766,0.0,0.0,1.0,0.0,0.3363802750222256,0.34279246018209253,0.0,0.3208272647956818,0.5568690598303198
2020-04-26 00:00:00+00:00,0.015275607640673039,0.015275607640673004,0.0,0.0,1.0,0.0,0.33809011667539374,0.34316332524917115,0.0,0.3187465580754351,0.5653755730955182
2020-04-27 00:00:00+00:00,0.002763995135840025,0.002822506921967949,5.834710103159291e-05,0.029173550515796454,0.9999999999999999,0.0,0.3358694140609315,0.3306101573630464,0.0,0.33352042857602193,0.566938268429477
2020-04-28 00:00:00+00:00,-0.0033771342982705788,-0.0033771342982706135,0.0,0.0,0.9999999999999998,0.0,0.3354932019923743,0.3315783864882472,0.0,0.3329284115193783,0.5650236417581617
2020-04-29 00:00:00+00:00,0.09865732443679698,0.0986573244367969,0.0,0.0,0.9999999999999998,0.0,0.3464052487696088,0.3312700110989983,0.0,0.3223247401313927,0.6207673624975572
2020-04-30 00:00:00+00:00,-0.028479384123392792,-0.02847938412339282,0.0,0.0,0.9999999999999998,0.0,0.35011880507274495,0.32621142961201044,0.0,0.3236697653152444,0.6030882903297238
2020-05-01 00:00:00+00:00,0.027599981395696416,0.027599981395696433,0.0,0.0,1.0,0.0,0.3488444105462141,0.32660036122898883,0.0,0.32455522822479693,0.6197335159227865
2020-05-02 00:00:00+00:00,0.009951594097294736,0.00995159409729476,0.0,0.0,1.0,0.0,0.3511566233081309,0.3262497865235316,0.0,0.3225935901683374,0.6259008523217394
2020-05-03 00:00:00+00:00,-0.01714625792155533,-0.0171462579215553,0.0,0.0,0.9999999999999999,0.0,0.35415964941481737,0.3256870786897187,0.0,0.32015327189546383,0.6151689948745096
2020-05-04 00:00:00+00:00,-0.008068066072367208,-0.007985426036067889,8.330526432593633e-05,0.04165263216296816,1.0,0.0,0.33517673043315577,0.33058868273198116,0.0,0.334234586834863,0.6102057707781904
2020-05-05 00:00:00+00:00,0.0012065309191124918,0.001206530919112434,0.0,0.0,0.9999999999999998,0.0,0.34041178205786915,0.32831921424268967,0.0,0.33126900369944107,0.6109420029076551
2020-05-06 00:00:00+00:00,-0.015688256686909874,-0.015688256686909888,0.0,0.0,0.9999999999999999,0.0,0.35051581862885195,0.32318644276889613,0.0,0.32629773860225175,0.601357387945225
2020-05-07 00:00:00+00:00,0.06620182765654237,0.06620182765654235,0.0,0.0,0.9999999999999998,0.0,0.35905839794376543,0.3230662623670095,0.0,0.3178753396892248,0.6411683461019633
2020-05-08 00:00:00+00:00,-0.00519123894403517,-0.005191238944035144,0.0,0.0,0.9999999999999998,0.0,0.3541994160388452,0.3236952018509086,0.0,0.32210538211024603,0.6378398880139962
2020-05-09 00:00:00+00:00,-0.018114763567062653,-0.018114763567062618,0.0,0.0,0.9999999999999999,0.0,0.35112968782271536,0.3277481967324527,0.0,0.3211221154448318,0.6262855692489809
2020-05-10 00:00:00+00:00,-0.09237514815189007,-0.09237514815189007,0.0,0.0,0.9999999999999998,0.0,0.35375956496195904,0.3224836365415488,0.0,0.323756798496492,0.5684323470042155
2020-05-11 00:00:00+00:00,-0.015110627145057065,-0.0150301502558647,8.1704926514503e-05,0.0408524632572515,1.0,0.0,0.3321839459259093,0.3351370067770573,0.0,0.33267904729703335,0.5598429777514451
2020-05-12 00:00:00+00:00,0.03233768088073985,0.03233768088073987,0.0,0.0,1.0,0.0,0.33113441223429624,0.3315755165224587,0.0,0.337290071243245,0.5779470013092944
2020-05-13 00:00:00+00:00,0.044989810356883764,0.04498981035688379,0.0,0.0,1.0,0.0,0.33480112646628535,0.33375296778219504,0.0,0.3314459057515196,0.6039487272945292
2020-05-14 00:00:00+00:00,0.026646912502733322,0.026646912502733287,0.0,0.0,1.0,0.0,0.3430176922466134,0.331083663432291,0.0,0.3258986443210956,0.6200420961868837
2020-05-15 00:00:00+00:00,-0.0435276090379102,-0.043527609037910156,0.0,0.0,1.0,0.0,0.3411941868768727,0.33181367674880535,0.0,0.32699213637432195,0.5930531462370147
2020-05-16 00:00:00+00:00,0.019058086899187865,0.019058086899187872,0.0,0.0,1.0,0.0,0.3371439790503188,0.3349151180746779,0.0,0.3279409028750033,0.6043556046338364
2020-05-17 00:00:00+00:00,0.02672737526540714,0.02672737526540715,0.0,0.0,1.0,0.0,0.3388793313286541,0.33690504982118125,0.0,0.32421561885016464,0.620508443672637
2020-05-18 00:00:00+00:00,0.021248065549751116,0.02128531270129937,3.6470857932674794e-05,0.018235428966337397,1.0,0.0,0.3281668610560504,0.33884118090721105,0.0,0.33299195803673853,0.6336930477579673
2020-05-19 00:00:00+00:00,0.012494300359061183,0.012494300359061275,0.0,0.0,1.0,0.0,0.3254891071043167,0.3341615565689,0.0,0.3403493363267833,0.6416105990321043
2020-05-20 00:00:00+00:00,-0.02209373433878281,-0.02209373433878286,0.0,0.0,1.0,0.0,0.32386387242359427,0.33437065229874985,0.0,0.3417654752776559,0.6274350249081416
2020-05-21 00:00:00+00:00,-0.049454065126084856,-0.04945406512608489,0.0,0.0,1.0,0.0,0.32481166873494366,0.33288789926519274,0.0,0.3423004319998636,0.5964058123239477
2020-05-22 00:00:00+00:00,0.0287740690312972,0.028774069031297242,0.0,0.0,1.0,0.0,0.3192955796296221,0.3376458414400402,0.0,0.34305857893033775,0.6135668343384238
2020-05-23 00:00:00+00:00,-0.0031883183394505465,-0.003188318339450598,0.0,0.0,0.9999999999999999,0.0,0.3206315796214243,0.33748433524181937,0.0,0.3418840851367563,0.611610587948024
2020-05-24 00:00:00+00:00,-0.03810536606263171,-0.03810536606263169,0.0,0.0,1.0,0.0,0.3165969950646773,0.33947562321548846,0.0,0.3439273817198342,0.5883049426064831
2020-05-25 00:00:00+00:00,0.02319515972981878,0.023263662476991815,6.694535307462412e-05,0.03347267653731206,1.0,0.0,0.33256339093792997,0.3327949067495503,0.0,0.3346417023125197,0.6019507697200824
2020-05-26 00:00:00+00:00,-0.011088635425781423,-0.011088635425781371,0.0,0.0,1.0,0.0,0.3340499239174207,0.33108857970648586,0.0,0.3348614963760935,0.5952759570903879
2020-05-27 00:00:00+00:00,0.031240351790432497,0.031240351790432448,0.0,0.0,1.0,0.0,0.3372329496954793,0.33283543204111327,0.0,0.3299316182634075,0.613872587402278
2020-05-28 00:00:00+00:00,0.04487558507713829,0.04487558507713821,0.0,0.0,1.0,0.0,0.3357868994666076,0.33681602795107274,0.0,0.32739707258231965,0.6414204789247719
2020-05-29 00:00:00+00:00,-0.006054666189721836,-0.006054666189721832,0.0,0.0,1.0,0.0,0.3325661835715787,0.3394678246164933,0.0,0.327965991811928,0.637536892037631
2020-05-30 00:00:00+00:00,0.05905509011441401,0.05905509011441405,0.0,0.0,0.9999999999999999,0.0,0.32305323652680473,0.35406977103528975,0.0,0.32287699243790546,0.6751866906481767
2020-05-31 00:00:00+00:00,-0.03752882512121525,-0.03752882512121528,0.0,0.0,0.9999999999999999,0.0,0.32701601318596535,0.349535515257562,0.0,0.3234484715564726,0.6498477274106692
2020-06-01 00:00:00+00:00,0.0672042356987963,0.06727340433023572,6.480872769691471e-05,0.03240436384845735,0.9999999999999999,0.0,0.33726114108828426,0.33480642562286067,0.0,0.327932433288855,0.693520247251903
2020-06-02 00:00:00+00:00,-0.04907935721314216,-0.049079357213142195,0.0,0.0,0.9999999999999999,0.0,0.330866730805394,0.3371651617223989,0.0,0.33196810747220695,0.6594827193024801
2020-06-03 00:00:00+00:00,0.02064396512538269,0.02064396512538269,0.0,0.0,0.9999999999999999,0.0,0.3292254375150554,0.3398371694057166,0.0,0.33093739307922787,0.673097057560553
2020-06-04 00:00:00+00:00,0.001185059165473401,0.0011850591654733638,0.0,0.0,0.9999999999999999,0.0,0.33297990708726155,0.33760268661791604,0.0,0.3294174062948223,0.6738947173978683
2020-06-05 00:00:00+00:00,-0.006831535949965883,-0.006831535949965922,0.0,0.0,1.0,0.0,0.32955114337444114,0.33548051960816466,0.0,0.3349683370173941,0.6692909814094727
2020-06-06 00:00:00+00:00,0.0015599016983296465,0.0015599016983297363,0.0,0.0,1.0,0.0,0.3306001034924834,0.3376093271181736,0.0,0.331790569389343,0.6703350095480501
2020-06-07 00:00:00+00:00,0.0038094657423379807,0.0038094657423379413,0.0,0.0,1.0,0.0,0.33207580895291394,0.33998413913973596,0.0,0.32794005190735004,0.6728886278028132
2020-06-08 00:00:00+00:00,0.004303412936175199,0.004330131354851829,2.6603223225610596e-05,0.013301611612805297,0.9999999999999998,0.0,0.33308830990136507,0.33433888739186673,0.0,0.3325728027067681,0.675784345428305
2020-06-09 00:00:00+00:00,-0.0052657599330371285,-0.0052657599330371545,0.0,0.0,0.9999999999999999,0.0,0.3345243056310888,0.3325890062963004,0.0,0.3328866880726107,0.6722258272987749
2020-06-10 00:00:00+00:00,0.009974575125325957,0.00997457512532589,0.0,0.0,0.9999999999999998,0.0,0.3350430112717394,0.3346939096806835,0.0,0.3302630790475769,0.6789309943143509
2020-06-11 00:00:00+00:00,-0.06615803221963557,-0.06615803221963562,0.0,0.0,0.9999999999999998,0.0,0.33677232461738177,0.3333525111286006,0.0,0.3298751642540174,0.6340142557175928
2020-06-12 00:00:00+00:00,0.025224716677179737,0.02522471667717968,0.0,0.0,0.9999999999999998,0.0,0.335073862226715,0.33515379423572766,0.0,0.3297723435375571,0.6500070856873621
2020-06-13 00:00:00+00:00,0.004465802635989391,0.004465802635989498,0.0,0.0,0.9999999999999998,0.0,0.33387948697520453,0.33447838833679383,0.0,0.3316421246880014,0.6529098890440365
2020-06-14 00:00:00+00:00,-0.01830193780660183,-0.01830193780660187,0.0,0.0,0.9999999999999998,0.0,0.3353923797620603,0.3315713662862356,0.0,0.33303625395170383,0.6409603728614373
2020-06-15 00:00:00+00:00,-0.002240919180344969,-0.0022327013835733434,8.236185714908362e-06,0.004118092857454181,1.0,0.0,0.3370813360472854,0.332810613681185,0.0,0.3301080502715296,0.639524032468051
2020-06-16 00:00:00+00:00,0.011179205622346533,0.011179205622346516,0.0,0.0,1.0,0.0,0.3369237572555971,0.3354754394606448,0.0,0.327600803283758,0.6466734031274436
2020-06-17 00:00:00+00:00,-0.005004995149950564,-0.0050049951499505155,0.0,0.0,1.0,0.0,0.3364205529024368,0.3350279981332159,0.0,0.3285514489643473,0.6434368058811887
2020-06-18 00:00:00+00:00,-0.011113516650051114,-0.011113516650051104,0.0,0.0,0.9999999999999999,0.0,0.33736875032885477,0.3350838731634817,0.0,0.3275473765076634,0.6362859602257723
2020-06-19 00:00:00+00:00,-0.010171079479163181,-0.010171079479163132,0.0,0.0,0.9999999999999999,0.0,0.33807243950546184,0.33521878604854777,0.0,0.32670877444599034,0.6298142451528403
2020-06-20 00:00:00+00:00,0.0035973781796194704,0.0035973781796193793,0.0,0.0,0.9999999999999999,0.0,0.3386234004051772,0.3338421690150567,0.0,0.32753443057976594,0.6320799251755667
2020-06-21 00:00:00+00:00,-0.00519241882394017,-0.00519241882394017,0.0,0.0,0.9999999999999999,0.0,0.33805367597036295,0.33433839214243355,0.0,0.3276079318872034,0.6287979014738504
2020-06-22 00:00:00+00:00,0.047012759180553365,0.0470367380031691,2.2901605784519606e-05,0.011450802892259804,1.0,0.0,0.3317511830759577,0.33941236591743407,0.0,0.3288364510066082,0.6583594257890778
2020-06-23 00:00:00+00:00,-0.00434299742708788,-0.0043429974270878455,0.0,0.0,1.0,0.0,0.33108741158652855,0.34094895140479187,0.0,0.32796363700867953,0.6555001724967768
2020-06-24 00:00:00+00:00,-0.03087767320383017,-0.03087767320383014,0.0,0.0,1.0,0.0,0.33006427408579253,0.33939774619517526,0.0,0.3305379797190322,0.6352598523853671
2020-06-25 00:00:00+00:00,-0.006865811205769012,-0.006865811205769027,0.0,0.0,1.0,0.0,0.33060043312657034,0.3387137529463596,0.0,0.3306858139270701,0.6308982781722845
2020-06-26 00:00:00+00:00,-0.010070137906202259,-0.010070137906202252,0.0,0.0,1.0,0.0,0.33081214659849917,0.33799438733514153,0.0,0.3311934660663593,0.6245450455063041
2020-06-27 00:00:00+00:00,-0.031836778655855436,-0.03183677865585547,0.0,0.0,1.0,0.0,0.3360886205324258,0.3358535143661509,0.0,0.3280578651014233,0.6046615431319087
2020-06-28 00:00:00+00:00,0.015277381099223053,0.015277381099223001,0.0,0.0,1.0,0.0,0.33485736329929033,0.3367138503995279,0.0,0.3284287863011817,0.6138991879623792
2020-06-29 00:00:00+00:00,0.0094491041930449,0.009468908143994703,1.9618188128606383e-05,0.009809094064303192,1.0,0.0,0.3329874091338709,0.33474369295015644,0.0,0.33226889791597264,0.6196999853534614
2020-06-30 00:00:00+00:00,-0.0070319818939642564,-0.007031981893964311,0.0,0.0,1.0,0.0,0.33334469977183195,0.33358017881978047,0.0,0.3330751214083876,0.6153422662767659
2020-07-01 00:00:00+00:00,0.020419098221734933,0.020419098221734967,0.0,0.0,1.0,0.0,0.33003146366447483,0.3347302743541987,0.0,0.3352382619813265,0.6279070004518562
2020-07-02 00:00:00+00:00,-0.021268577098087826,-0.021268577098087778,0.0,0.0,1.0000000000000002,0.0,0.3318906601352471,0.335297091116477,0.0,0.33281224874827603,0.6145523120023169
2020-07-03 00:00:00+00:00,-0.00511735875202024,-0.00511735875202025,0.0,0.0,1.0,0.0,0.332542289435494,0.3346406042082956,0.0,0.33281710635621053,0.6114074273499175
2020-07-04 00:00:00+00:00,0.015281889267570126,0.015281889267570029,0.0,0.0,1.0,0.0,0.33032888184323866,0.3360239169031493,0.0,0.33364720125361214,0.6207508879520488
2020-07-05 00:00:00+00:00,-0.006394885669074646,-0.0063948856690746025,0.0,0.0,1.0000000000000002,0.0,0.33006784126698685,0.33567865441334027,0.0,0.334253504319673,0.6167812569946188
2020-07-06 00:00:00+00:00,0.048387514597027836,0.04840120878034618,1.3061968265386192e-05,0.006530984132693096,0.9999999999999998,0.0,0.32751704637298223,0.3375906489803848,0.0,0.33489230464663283,0.6466257690706191
2020-07-07 00:00:00+00:00,0.003938240922439551,0.003938240922439445,0.0,0.0,0.9999999999999998,0.0,0.3232616825194473,0.33319040473518685,0.0,0.3435479127453656,0.649172337135877
2020-07-08 00:00:00+00:00,0.026612027400120253,0.026612027400120267,0.0,0.0,0.9999999999999998,0.0,0.3209589904745307,0.3347893060212003,0.0,0.3442517035042688,0.666448129159137
2020-07-09 00:00:00+00:00,-0.022710288390223043,-0.022710288390223057,0.0,0.0,0.9999999999999998,0.0,0.3213298549389082,0.335674484805276,0.0,0.34299566025581557,0.6513128999488084
2020-07-10 00:00:00+00:00,0.010870979643385015,0.010870979643385105,0.0,0.0,0.9999999999999999,0.0,0.319799588327823,0.3311039805376654,0.0,0.3490964311345115,0.6583933092256259
2020-07-11 00:00:00+00:00,0.0014695094861965075,0.0014695094861965985,0.0,0.0,1.0,0.0,0.3174628241534582,0.32776785959391747,0.0,0.35476931625262426,0.6593608244391812
2020-07-12 00:00:00+00:00,0.02102769134631055,0.02102769134631049,0.0,0.0,0.9999999999999998,0.0,0.3132579029716243,0.325808908043578,0.0,0.36093318898479754,0.6732256603413371
2020-07-13 00:00:00+00:00,-0.004992691421478956,-0.0048828310606029435,0.00011039942260585711,0.055199711302928556,1.0,0.0,0.3327834053016981,0.33047066543910636,0.0,0.33674592925919555,0.6698644523622315
2020-07-14 00:00:00+00:00,-0.0040997845585764026,-0.0040997845585764095,0.0,0.0,1.0,0.0,0.3346320353833548,0.3331473417421574,0.0,0.3322206228744879,0.6671181524240976
2020-07-15 00:00:00+00:00,-0.012840134416360338,-0.012840134416360342,0.0,0.0,1.0,0.0,0.3368513058855053,0.3348700583927666,0.0,0.3282786357217281,0.6585522656753782
2020-07-16 00:00:00+00:00,-0.018127783200126757,-0.01812778320012673,0.0,0.0,1.0,0.0,0.34068768840817737,0.33389103891208244,0.0,0.32542127267974025,0.6466141729772626
2020-07-17 00:00:00+00:00,-0.002389878171149773,-0.0023898781711497587,0.0,0.0,1.0000000000000002,0.0,0.3422736876705289,0.33337266454089415,0.0,0.32435364778857706,0.6450688438801082
2020-07-18 00:00:00+00:00,0.006558470426192509,0.006558470426192536,0.0,0.0,1.0,0.0,0.3406374824994223,0.335485347136873,0.0,0.3238771703637048,0.6492995088155541
2020-07-19 00:00:00+00:00,0.022630783842726432,0.022630783842726473,0.0,0.0,1.0000000000000002,0.0,0.3345045505918267,0.33286359139804966,0.0,0.3326318580101238,0.6639936656487473
2020-07-20 00:00:00+00:00,-0.01631357698160074,-0.01630896851794842,4.684869033973138e-06,0.002342434516986569,1.0,0.0,0.337085821454479,0.33443839794065566,0.0,0.3284757806048652,0.6531615538688912
2020-07-21 00:00:00+00:00,0.02687298968011409,0.026872989680114187,0.0,0.0,0.9999999999999999,0.0,0.3364781703164244,0.3388378868877276,0.0,0.3246839427958479,0.6707139575654572
2020-07-22 00:00:00+00:00,0.03648047322434911,0.03648047322434922,0.0,0.0,1.0,0.0,0.32906612560259973,0.35117108103997924,0.0,0.319762793357421,0.6951819201356211
2020-07-23 00:00:00+00:00,0.029922934478388452,0.029922934478388473,0.0,0.0,1.0,0.0,0.32236255339199354,0.35591273957432573,0.0,0.3217247070336807,0.7159838031823995
2020-07-24 00:00:00+00:00,0.010274624145151678,0.010274624145151592,0.0,0.0,0.9999999999999999,0.0,0.3169187063346276,0.3572068138402451,0.0,0.3258744798251272,0.723340267654115
2020-07-25 00:00:00+00:00,0.049598410837682794,0.04959841083768272,0.0,0.0,0.9999999999999998,0.0,0.30708130458160277,0.37222022488754125,0.0,0.3206984705308558,0.7592167954246632
2020-07-26 00:00:00+00:00,0.009954294765862404,0.009954294765862327,0.0,0.0,0.9999999999999998,0.0,0.3112989919549748,0.3754443167617165,0.0,0.31325669128330846,0.7667742631975139
2020-07-27 00:00:00+00:00,0.05175331321380883,0.05193050452598443,0.00016844393371353317,0.08422196685676658,1.0,0.0,0.35192412334075257,0.3280135681068826,0.0,0.32006230855236484,0.8064573718050623
2020-07-28 00:00:00+00:00,-0.002412408114261466,-0.0024124081142614766,0.0,0.0,1.0,0.0,0.34881913943274556,0.3235164623402358,0.0,0.32766439822701865,0.8045118674975138
2020-07-29 00:00:00+00:00,0.002730269095066573,0.0027302690950664838,0.0,0.0,0.9999999999999999,0.0,0.35406521344245256,0.32364391206079934,0.0,0.322290874496748,0.8067084013859566
2020-07-30 00:00:00+00:00,0.01860661272653541,0.01860661272653534,0.0,0.0,0.9999999999999999,0.0,0.34757474057200527,0.3347904923679266,0.0,0.317634767060068,0.8217185121937876
2020-07-31 00:00:00+00:00,0.029912382650703062,0.029912382650703083,0.0,0.0,0.9999999999999998,0.0,0.34464526325832545,0.33623197925201,0.0,0.31912275748966434,0.8462980707616945
2020-08-01 00:00:00+00:00,0.0684391907542381,0.06843919075423802,0.0,0.0,0.9999999999999997,0.0,0.33582144196957786,0.3516687854596298,0.0,0.31250977257079204,0.9042180258614978
2020-08-02 00:00:00+00:00,-0.04311182406867009,-0.04311182406867006,0.0,0.0,0.9999999999999998,0.0,0.3292479958369715,0.3536864525104033,0.0,0.3170655516526249,0.8652355374108367
2020-08-03 00:00:00+00:00,0.03345661759663998,0.03354076070974813,8.141247670828045e-05,0.04070623835414022,0.9999999999999998,0.0,0.3268365624459936,0.33417133232993596,0.0,0.3389921052240703,0.8941833919170143
2020-08-04 00:00:00+00:00,0.0059831580001323825,0.005983158000132368,0.0,0.0,0.9999999999999998,0.0,0.3240908480189841,0.3353514964685373,0.0,0.34055765551247846,0.8995334324319482
2020-08-05 00:00:00+00:00,0.04043478899150332,0.04043478899150331,0.0,0.0,1.0,0.0,0.3268844651436099,0.33152676909366674,0.0,0.3415887657627233,0.9359058769631367
2020-08-06 00:00:00+00:00,-0.012063226389258497,-0.012063226389258535,0.0,0.0,1.0,0.0,0.3313705937491493,0.3305921773614459,0.0,0.33803722888940474,0.9246158324902928
2020-08-07 00:00:00+00:00,-0.02384652090191086,-0.02384652090191083,0.0,0.0,1.0,0.0,0.3346140031032467,0.3254310328804483,0.0,0.33995496401630504,0.9025669617145753
2020-08-08 00:00:00+00:00,0.028994976959634045,0.028994976959633975,0.0,0.0,1.0,0.0,0.3298595517197316,0.33102612510421187,0.0,0.3391143231760565,0.9287368699740163
2020-08-09 00:00:00+00:00,-0.015391609871834522,-0.015391609871834563,0.0,0.0,1.0,0.0,0.3327562495663676,0.3303497765700549,0.0,0.33689397386357745,0.9144421143977876
2020-08-10 00:00:00+00:00,0.013720892989002254,0.013735331177430789,1.4242562120976521e-05,0.00712128106048826,0.9999999999999999,0.0,0.3347620759726455,0.3332754299780698,0.0,0.3319624940492846,0.9269890767940766
2020-08-11 00:00:00+00:00,-0.04756820688367047,-0.04756820688367043,0.0,0.0,0.9999999999999999,0.0,0.3366805348223867,0.33537257804880705,0.0,0.32794688712880615,0.8828938686102332
2020-08-12 00:00:00+00:00,0.0153035578087648,0.015303557808764832,0.0,0.0,0.9999999999999999,0.0,0.33661971254103495,0.33745572929545786,0.0,0.32592455816350707,0.8964052859675139
2020-08-13 00:00:00+00:00,0.04312753086616716,0.04312753086616713,0.0,0.0,1.0,0.0,0.3287139205775823,0.35471952834952775,0.0,0.3165665510728899,0.9350650326066733
2020-08-14 00:00:00+00:00,0.030022256017297577,0.030022256017297647,0.0,0.0,1.0,0.0,0.31861213238469016,0.3553963416564433,0.0,0.3259915259588666,0.9631377944084135
2020-08-15 00:00:00+00:00,-0.002121230018169551,-0.002121230018169602,0.0,0.0,1.0,0.0,0.3217830718811,0.3514206894777108,0.0,0.3267962386411892,0.9610947576072808
2020-08-16 00:00:00+00:00,0.008661238450980546,0.00866123845098054,0.0,0.0,1.0,0.0,0.32059697612722554,0.34945885419297446,0.0,0.3299441696798,0.9694190284769049
2020-08-17 00:00:00+00:00,0.007603833188097209,0.007668829927043615,6.450208343856445e-05,0.032251041719282225,1.0,0.0,0.34107673441888414,0.32872145173989986,0.0,0.330201813841216,0.9767903290588105
2020-08-18 00:00:00+00:00,-0.023298334838700363,-0.02329833483870042,0.0,0.0,1.0,0.0,0.3396572758908505,0.3295564495367806,0.0,0.33078627457236887,0.954032740905194
2020-08-19 00:00:00+00:00,-0.025332673198563804,-0.025332673198563804,0.0,0.0,1.0,0.0,0.3429212919388887,0.3265339004805185,0.0,0.33054480758059274,0.9298645412591126
2020-08-20 00:00:00+00:00,0.020162504393589353,0.02016250439358928,0.0,0.0,0.9999999999999998,0.0,0.3389795017326944,0.3267417460315032,0.0,0.3342787522358022,0.9486129391576924
2020-08-21 00:00:00+00:00,-0.04557405681397608,-0.045574056813976103,0.0,0.0,0.9999999999999998,0.0,0.3455085239373743,0.31928981749190793,0.0,0.33520165857071754,0.9053807991740469
2020-08-22 00:00:00+00:00,0.01151288617565882,0.011512886175658888,0.0,0.0,0.9999999999999998,0.0,0.3454943724557168,0.32159566407138096,0.0,0.3329099634729021,0.9158043452605648
2020-08-23 00:00:00+00:00,-0.009276507543439116,-0.009276507543439148,0.0,0.0,0.9999999999999998,0.0,0.3482692146711092,0.3209027681044855,0.0,0.33082801722440514,0.9073088793434408
2020-08-24 00:00:00+00:00,0.028618997649245026,0.028680454646065348,5.9743525351103834e-05,0.029871762675551916,1.0,0.0,0.32682357979038473,0.33810533312992225,0.0,0.3350710870796931,0.9332751500285099
2020-08-25 00:00:00+00:00,-0.050488813093262475,-0.0504888130932625,0.0,0.0,1.0,0.0,0.3316103986418029,0.3344484884345599,0.0,0.33394111292363726,0.886155195414134
2020-08-26 00:00:00+00:00,0.019406960817890395,0.01940696081789029,0.0,0.0,1.0,0.0,0.3294072609019302,0.330566176405548,0.0,0.3400265626925218,0.9033527745701061
2020-08-27 00:00:00+00:00,0.008063221640328022,0.008063221640328124,0.0,0.0,1.0,0.0,0.32303638813485563,0.32579717456648505,0.0,0.3511664372986593,0.9106367082108702
2020-08-28 00:00:00+00:00,0.015101247076319657,0.015101247076319595,0.0,0.0,0.9999999999999999,0.0,0.32375026639397037,0.3308223424900597,0.0,0.3454273911159699,0.9243884581383289
2020-08-29 00:00:00+00:00,-0.0007511562705670993,-0.0007511562705671199,0.0,0.0,0.9999999999999999,0.0,0.3222773854382917,0.3340457239663392,0.0,0.343676890595369,0.9236940979515584
2020-08-30 00:00:00+00:00,0.0424760332753511,0.0424760332753511,0.0,0.0,1.0,0.0,0.3157607613578863,0.3447820254293951,0.0,0.33945721321271854,0.9629289591923943
2020-08-31 00:00:00+00:00,-0.004776974870506878,-0.004707015440075457,7.029028790178815e-05,0.035145143950894076,1.0,0.0,0.333146439128169,0.33870437203541087,0.0,0.3281491888364201,0.9583290717522489
2020-09-01 00:00:00+00:00,0.062415333800066586,0.06241533380006658,0.0,0.0,1.0,0.0,0.320908493350958,0.3493784406064362,0.0,0.32971306604260575,1.0181435006559736
2020-09-02 00:00:00+00:00,-0.04000544096926095,-0.0400054409692609,0.0,0.0,0.9999999999999999,0.0,0.3193246661523611,0.3364550355260058,0.0,0.34422029832163303,0.9774122209422443
2020-09-03 00:00:00+00:00,-0.1402091707225701,-0.14020917072257016,0.0,0.0,0.9999999999999998,0.0,0.3306254774845819,0.3395463726663852,0.0,0.3298281498490328,0.8403700639898268
2020-09-04 00:00:00+00:00,0.02320787062601304,0.023207870626013004,0.0,0.0,0.9999999999999998,0.0,0.3329416671205473,0.33528218761523115,0.0,0.3317761452642214,0.859873263712877
2020-09-05 00:00:00+00:00,-0.07675207059185407,-0.07675207059185413,0.0,0.0,0.9999999999999998,0.0,0.35096917408420786,0.3157837589935048,0.0,0.33324706692228706,0.7938762102763383
2020-09-06 00:00:00+00:00,0.08296867885376757,0.0829686788537676,0.0,0.0,0.9999999999999998,0.0,0.32692403475118864,0.30709118875260605,0.0,0.3659847764962051,0.8597430706164019
2020-09-07 00:00:00+00:00,-0.005949012843884605,-0.005819167088046824,0.00013060577265148744,0.06530288632574371,1.0,0.0,0.33912766771076064,0.3359875706281638,0.0,0.32488476166107544,0.8546284480468641
2020-09-08 00:00:00+00:00,-0.011402765230184464,-0.011402765230184518,0.0,0.0,0.9999999999999999,0.0,0.33487817381714624,0.32431108712493234,0.0,0.34081073905792125,0.8448833204947488
2020-09-09 00:00:00+00:00,0.033702486192292325,0.033702486192292234,0.0,0.0,0.9999999999999998,0.0,0.32692322659452844,0.32623440948652627,0.0,0.3468423639189451,0.8733579889378211
2020-09-10 00:00:00+00:00,0.02067975495001817,0.020679754950018208,0.0,0.0,0.9999999999999998,0.0,0.3239844651893497,0.3351845446544045,0.0,0.34083099015624563,0.891418818132696
2020-09-11 00:00:00+00:00,0.0184702377163366,0.018470237716336498,0.0,0.0,0.9999999999999998,0.0,0.31967932686676254,0.3341954697504885,0.0,0.34612520338274866,0.9078835356084227
2020-09-12 00:00:00+00:00,0.05659368099197315,0.05659368099197322,0.0,0.0,0.9999999999999998,0.0,0.3040938030968946,0.32828258126759086,0.0,0.3676236156355143,0.9592640068005105
2020-09-13 00:00:00+00:00,0.013106821719919504,0.013106821719919441,0.0,0.0,0.9999999999999998,0.0,0.29705965052797123,0.3061950857198251,0.0,0.39674526375220337,0.9718369091199804
2020-09-14 00:00:00+00:00,0.0213509814781776,0.021610110555160485,0.0002536477216754807,0.12682386083774033,1.0,0.0,0.3369848023048505,0.33580109310100864,0.0,0.3272141045941408,0.9925865809664105
2020-09-15 00:00:00+00:00,-0.051396093508901064,-0.05139609350890103,0.0,0.0,1.0,0.0,0.3590197669132041,0.34172650661729054,0.0,0.29925372646950543,0.9415715082353805
2020-09-16 00:00:00+00:00,0.01470476896073003,0.014704768960729975,0.0,0.0,1.0,0.0,0.3593539153815743,0.33769014440656425,0.0,0.3029559402118615,0.9554170997239879
2020-09-17 00:00:00+00:00,0.013944434073472456,0.013944434073472366,0.0,0.0,1.0,0.0,0.35395855584244507,0.35522535219089585,0.0,0.2908160919666591,0.9687398504837573
2020-09-18 00:00:00+00:00,0.0009642087326429127,0.0009642087326428607,0.0,0.0,1.0,0.0,0.35340426047176726,0.3503713646639745,0.0,0.2962243748642582,0.969673917907253
2020-09-19 00:00:00+00:00,0.0008412070931007598,0.0008412070931007737,0.0,0.0,1.0,0.0,0.3578625159995019,0.3508509809086841,0.0,0.29128650309181386,0.9704896144849914
2020-09-20 00:00:00+00:00,-0.027615780164854997,-0.027615780164854963,0.0,0.0,0.9999999999999999,0.0,0.362699734210675,0.3475064554055592,0.0,0.2897938103837657,0.9436887866390989
2020-09-21 00:00:00+00:00,-0.08351992364347094,-0.08336028341956483,0.00017415809179827023,0.08707904589913512,1.0,0.0,0.34689507715761214,0.3335293479165922,0.0,0.3195755749257955,0.8648719712358016
2020-09-22 00:00:00+00:00,0.020241247470655033,0.020241247470655026,0.0,0.0,1.0,0.0,0.34368114682779205,0.33062987727988585,0.0,0.32568897589232204,0.8823780588360187
2020-09-23 00:00:00+00:00,-0.048221310587243105,-0.04822131058724312,0.0,0.0,0.9999999999999999,0.0,0.3512119784035549,0.32370285685492217,0.0,0.3250851647415228,0.8398286324055184
2020-09-24 00:00:00+00:00,0.07010299317603486,0.07010299317603477,0.0,0.0,0.9999999999999998,0.0,0.3440628000489389,0.3291417725859739,0.0,0.32679542736508704,0.8987031332920812
2020-09-25 00:00:00+00:00,0.002761013603144402,0.002761013603144377,0.0,0.0,0.9999999999999998,0.0,0.34152520583182716,0.3310196377666352,0.0,0.3274551564015375,0.9011844648682891
2020-09-26 00:00:00+00:00,0.023081804741134304,0.02308180474113427,0.0,0.0,0.9999999999999998,0.0,0.335132630012214,0.32540859918626336,0.0,0.3394587708015224,0.9219854287221225
2020-09-27 00:00:00+00:00,0.0054768149594701665,0.005476814959470115,0.0,0.0,0.9999999999999997,0.0,0.33472600699764027,0.32695521433737185,0.0,0.3383187786649876,0.9270349723105613
2020-09-28 00:00:00+00:00,0.0037048007233981828,0.0037304083713359058,2.551247598384543e-05,0.012756237991922714,1.0,0.0,0.3296856716846901,0.32868605427411585,0.0,0.341628274041194,0.9304694521465929
2020-09-29 00:00:00+00:00,0.0337517500979545,0.033751750097954496,0.0,0.0,1.0,0.0,0.3232291150627265,0.32322817001745097,0.0,0.3535427149198225,0.9618744245692253
2020-09-30 00:00:00+00:00,0.002888986835272833,0.002888986835272895,0.0,0.0,1.0,0.0,0.32039553307507324,0.32234184891214307,0.0,0.3572626180127837,0.9646532671189915
2020-10-01 00:00:00+00:00,-0.03306071154479728,-0.033060711544797304,0.0,0.0,1.0,0.0,0.3265087490796757,0.3268779470847512,0.0,0.34661330383557304,0.9327611437140242
2020-10-02 00:00:00+00:00,-0.009768112884047442,-0.00976811288404749,0.0,0.0,0.9999999999999999,0.0,0.32821649269568526,0.3233381459132449,0.0,0.34844536139106974,0.9236498275683724
2020-10-03 00:00:00+00:00,0.010317395772580396,0.01031739577258041,0.0,0.0,0.9999999999999999,0.0,0.3239940563528051,0.3203510561511699,0.0,0.3556548874960249,0.933179488394671
2020-10-04 00:00:00+00:00,0.019798057779344402,0.019798057779344472,0.0,0.0,1.0,0.0,0.3214576685786655,0.3199433947381958,0.0,0.35859893668313875,0.9516546298244077
2020-10-05 00:00:00+00:00,0.0010160083538857112,0.0011171836725630824,0.00010106241339922162,0.05053120669961081,0.9999999999999998,0.0,0.33688136713958994,0.3341804045436336,0.0,0.32893822831677627,0.9526215188783234
2020-10-06 00:00:00+00:00,-0.028960069865148874,-0.02896006986514888,0.0,0.0,0.9999999999999998,0.0,0.34073868424717657,0.3316609776490025,0.0,0.3276003381038208,0.9250335331365629
2020-10-07 00:00:00+00:00,0.002933237107768827,0.002933237107768825,0.0,0.0,0.9999999999999998,0.0,0.3418816245860399,0.33144784575204495,0.0,0.326670529661915,0.9277468758218895
2020-10-08 00:00:00+00:00,0.017869980435498922,0.01786998043549885,0.0,0.0,0.9999999999999998,0.0,0.3440365018519899,0.33455177013750453,0.0,0.3214117280105053,0.9443256943419219
2020-10-09 00:00:00+00:00,0.025048221786599045,0.025048221786599007,0.0,0.0,0.9999999999999997,0.0,0.3394757224488165,0.33946181314105145,0.0,0.32106246441013175,0.9679793737725825
2020-10-10 00:00:00+00:00,0.012702766571943025,0.012702766571943098,0.0,0.0,0.9999999999999998,0.0,0.34257611695530504,0.34025467529399084,0.0,0.3171692077507039,0.9802753898040711
2020-10-11 00:00:00+00:00,0.006888537517347748,0.006888537517347654,0.0,0.0,0.9999999999999998,0.0,0.34251605037877714,0.34126498817500295,0.0,0.3162189614462196,0.9870280536040692
2020-10-12 00:00:00+00:00,0.04048854511993283,0.04055977922806282,6.845748754845438e-05,0.03422874377422719,1.0,0.0,0.32482667674433974,0.3309051154553994,0.0,0.3442682078002609,1.026991383487057
2020-10-13 00:00:00+00:00,-0.006862498070922318,-0.006862498070922354,0.0,0.0,1.0,0.0,0.32401646393134476,0.32848483961349073,0.0,0.3474986964551645,1.0199436570990232
2020-10-14 00:00:00+00:00,-0.0008392620289636721,-0.0008392620289636968,0.0,0.0,1.0,0.0,0.3242125281006312,0.3267246049127446,0.0,0.3490628669866242,1.0190876571159377
2020-10-15 00:00:00+00:00,0.007081912825048109,0.0070819128250480005,0.0,0.0,0.9999999999999998,0.0,0.3243924009742586,0.32351892960387957,0.0,0.35208866942186173,1.0263047470647153
2020-10-16 00:00:00+00:00,-0.029959184212680068,-0.029959184212680012,0.0,0.0,1.0,0.0,0.3290079574317496,0.3227978114227939,0.0,0.3481942311454565,0.9955574940890555
2020-10-17 00:00:00+00:00,0.005892003022113679,0.005892003022113572,0.0,0.0,0.9999999999999999,0.0,0.32826755524646056,0.32337419107993476,0.0,0.3483582536736046,1.001423321852916
2020-10-18 00:00:00+00:00,0.017514930299007414,0.017514930299007313,0.0,0.0,0.9999999999999998,0.0,0.32667311456559134,0.3262726749445828,0.0,0.3470542104898257,1.0189631815349702
2020-10-19 00:00:00+00:00,-9.162031954224048e-07,5.397026750816013e-05,5.48835086259698e-05,0.0274417543129849,0.9999999999999999,0.0,0.3405106722972415,0.33435552221719356,0.0,0.3251338054855648,1.0189622479576472
2020-10-20 00:00:00+00:00,-0.016764014634306768,-0.016764014634306792,0.0,0.0,0.9999999999999998,0.0,0.35098850879086474,0.3304005335603912,0.0,0.318610957648744,1.001880349921079
2020-10-21 00:00:00+00:00,0.05538738436512469,0.05538738436512469,0.0,0.0,0.9999999999999999,0.0,0.3568827674103886,0.3315627038979083,0.0,0.31155452869170297,1.0573718819500235
2020-10-22 00:00:00+00:00,0.034733239394082904,0.034733239394083015,0.0,0.0,1.0,0.0,0.34997898714684506,0.33983256165845716,0.0,0.3101884511946978,1.0940978326543656
2020-10-23 00:00:00+00:00,-0.0050064379576896245,-0.0050064379576896315,0.0,0.0,1.0,0.0,0.3504983095033482,0.33762324121628245,0.0,0.3118784492803693,1.0886202997355388
2020-10-24 00:00:00+00:00,0.007613221702575057,0.007613221702574966,0.0,0.0,0.9999999999999998,0.0,0.3529284809852089,0.3374879199848131,0.0,0.30958359902997784,1.096908207427349
2020-10-25 00:00:00+00:00,-0.012592030185907488,-0.012592030185907516,0.0,0.0,0.9999999999999998,0.0,0.35519144558065996,0.3365754131787907,0.0,0.3082331412405491,1.0830959061682541
2020-10-26 00:00:00+00:00,-0.00041327332711804665,-0.0003129039745463826,0.00010040076837113643,0.050200384185568214,1.0,0.0,0.33401371406355,0.32248602481320543,0.0,0.34350026112324455,1.0826482915195241
2020-10-27 00:00:00+00:00,0.02864356820736713,0.028643568207367204,0.0,0.0,1.0,0.0,0.33924184450132,0.32220394489357695,0.0,0.3385542106051031,1.113659201702253
2020-10-28 00:00:00+00:00,-0.03363179459371213,-0.033631794593712155,0.0,0.0,1.0,0.0,0.3415291540980339,0.3208628718636388,0.0,0.3376079740383273,1.0762048441832055
2020-10-29 00:00:00+00:00,-0.0011553836995442657,-0.0011553836995442362,0.0,0.0,1.0,0.0,0.3468029113426004,0.32032382150040273,0.0,0.33287326715699694,1.0749614146488657
2020-10-30 00:00:00+00:00,-0.016354997626853884,-0.016354997626853936,0.0,0.0,1.0,0.0,0.3553049550089431,0.3218391351731571,0.0,0.3228559098178998,1.0573804232633242
2020-10-31 00:00:00+00:00,0.009389593729889789,0.009389593729889768,0.0,0.0,1.0,0.0,0.35799363674347495,0.32205384496043654,0.0,0.3199525182960885,1.0673087958557057
2020-11-01 00:00:00+00:00,0.0082471115216749,0.008247111521674894,0.0,0.0,1.0,0.0,0.3543056036609802,0.32788362896266976,0.0,0.31781076737635006,1.0761110105231924
2020-11-02 00:00:00+00:00,-0.025458675948502707,-0.025376915713337812,8.388908131058737e-05,0.04194454065529368,0.9999999999999999,0.0,0.336747227589523,0.3302264533666954,0.0,0.33302631904378144,1.0487146490216666
2020-11-03 00:00:00+00:00,0.004880704125403312,0.004880704125403371,0.0,0.0,1.0,0.0,0.34683221845502465,0.33280100350244346,0.0,0.32036677804253183,1.0538331149355176
2020-11-04 00:00:00+00:00,0.01657877470078084,0.0165787747007808,0.0,0.0,1.0,0.0,0.34410707567527155,0.33971293786693874,0.0,0.31617998645778966,1.0713043767202557
2020-11-05 00:00:00+00:00,0.05569585320296877,0.05569585320296874,0.0,0.0,0.9999999999999998,0.0,0.3592765774049248,0.33316713394797576,0.0,0.30755628864709933,1.130971588021765
2020-11-06 00:00:00+00:00,0.04612230581285326,0.046122305812853204,0.0,0.0,0.9999999999999998,0.0,0.34321421922120215,0.34842077515527475,0.0,0.3083650056235229,1.183134605470153
2020-11-07 00:00:00+00:00,-0.04615835101891175,-0.04615835101891177,0.0,0.0,0.9999999999999998,0.0,0.34223298975311744,0.3486884238168928,0.0,0.3090785864299896,1.1285230630482401
2020-11-08 00:00:00+00:00,0.03767045022670579,0.03767045022670583,0.0,0.0,1.0,0.0,0.3444272490732665,0.35076994144896123,0.0,0.3048028094777722,1.1710350349244885
2020-11-09 00:00:00+00:00,-0.014418430908398117,-0.014305941436989562,0.00011412209542224438,0.05706104771112219,1.0,0.0,0.3349656324948396,0.33074957273802685,0.0,0.33428479476713346,1.154150547182116
2020-11-10 00:00:00+00:00,0.005402818012397281,0.005402818012397314,0.0,0.0,1.0,0.0,0.33248746208482055,0.33342937223475133,0.0,0.3340831656804281,1.1603862125474498
2020-11-11 00:00:00+00:00,0.015335391361056772,0.015335391361056858,0.0,0.0,1.0,0.0,0.33575096981553865,0.33769078496549815,0.0,0.3265582452189633,1.1781811892468392
2020-11-12 00:00:00+00:00,0.009019569491870216,0.009019569491870265,0.0,0.0,1.0000000000000002,0.0,0.34564026803245557,0.33423134282269856,0.0,0.32012838914484604,1.1888078763572654
2020-11-13 00:00:00+00:00,0.016398506435466143,0.01639850643546625,0.0,0.0,1.0000000000000002,0.0,0.3406521474525029,0.33875068649596646,0.0,0.32059716605153094,1.208302549968243
2020-11-14 00:00:00+00:00,-0.019236760651082263,-0.01923676065108224,0.0,0.0,1.0000000000000002,0.0,0.34200284461283403,0.3341432773587203,0.0,0.32385387802844595,1.1850587230204115
2020-11-15 00:00:00+00:00,-0.014638148951815144,-0.014638148951815168,0.0,0.0,1.0000000000000002,0.0,0.34465234167845654,0.3296675061474791,0.0,0.3256801521740646,1.167711656916191
2020-11-16 00:00:00+00:00,0.028332718911409538,0.02837927984601155,4.527603338049235e-05,0.022638016690246177,0.9999999999999999,0.0,0.33949288314316883,0.33313374395190554,0.0,0.3273733729049255,1.2007961030611736
2020-11-17 00:00:00+00:00,0.04183100324713118,0.04183100324713112,0.0,0.0,0.9999999999999999,0.0,0.3443121571254766,0.3347560409080871,0.0,0.3209318019664362,1.251026608747468
2020-11-18 00:00:00+00:00,-0.005308242559381671,-0.005308242559381712,0.0,0.0,0.9999999999999999,0.0,0.34846982781677127,0.3339736232965859,0.0,0.31755654888664264,1.2443858560599956
2020-11-19 00:00:00+00:00,-0.004268701556404686,-0.004268701556404684,0.0,0.0,0.9999999999999998,0.0,0.3504570368640416,0.33037880998500513,0.0,0.3191641531509531,1.2390739442194643
2020-11-20 00:00:00+00:00,0.053627109560757,0.053627109560756975,0.0,0.0,0.9999999999999998,0.0,0.3485538703520577,0.33941968044126775,0.0,0.3120264492066744,1.3055218983800008
2020-11-21 00:00:00+00:00,0.045679792105313144,0.04567979210531316,0.0,0.0,0.9999999999999999,0.0,0.33418767280896156,0.35150810833177437,0.0,0.31430421885926396,1.365157867286933
2020-11-22 00:00:00+00:00,-0.005360828527806616,-0.005360828527806653,0.0,0.0,0.9999999999999999,0.0,0.33078082483486687,0.3582710258086841,0.0,0.3109481493564489,1.3578394900470214
2020-11-23 00:00:00+00:00,0.03873394828923038,0.03883757313695331,9.97507699014033e-05,0.04987538495070165,1.0,0.0,0.32007215569085834,0.3486883841674553,0.0,0.33123946014168637,1.4104339746395778
2020-11-24 00:00:00+00:00,0.04321404177573207,0.0432140417757321,0.0,0.0,1.0,0.0,0.32004265778875784,0.3322671433252943,0.0,0.347690198885948,1.4713845273415642
2020-11-25 00:00:00+00:00,-0.054065635291435155,-0.054065635291435175,0.0,0.0,1.0,0.0,0.3305445953947751,0.33058838050581507,0.0,0.3388670240994099,1.3918331881128545
2020-11-26 00:00:00+00:00,-0.08961148466392577,-0.08961148466392581,0.0,0.0,0.9999999999999999,0.0,0.3326406287226906,0.33152779565860874,0.0,0.3358315756187006,1.2671089497215364
2020-11-27 00:00:00+00:00,0.001694900058612836,0.00169490005861285,0.0,0.0,1.0,0.0,0.33188531453235814,0.33017735322244046,0.0,0.33793733224520134,1.2692565727546883
2020-11-28 00:00:00+00:00,0.03152422832608148,0.03152422832608145,0.0,0.0,1.0,0.0,0.33263618447948823,0.331758592092388,0.0,0.3356052234281237,1.3092689067585868
2020-11-29 00:00:00+00:00,0.043571688970831524,0.043571688970831524,0.0,0.0,1.0,0.0,0.3271151895856901,0.34086712155670235,0.0,0.3320176888576076,1.3663159643430525
2020-11-30 00:00:00+00:00,0.06641687825153242,0.0664490158556783,3.0135152893476016e-05,0.015067576446738007,1.0,0.0,0.33853261128526657,0.3344365172853412,0.0,0.3270308714293922,1.4570624053999501
2020-12-01 00:00:00+00:00,-0.046453349710266933,-0.04645334971026698,0.0,0.0,0.9999999999999998,0.0,0.33824473109394215,0.33287551737877374,0.0,0.32887975152728394,1.3893769759322234
2020-12-02 00:00:00+00:00,0.015309502995746183,0.015309502995746157,0.0,0.0,0.9999999999999998,0.0,0.3409403892441581,0.3343655978104754,0.0,0.3246940129453663,1.4106476469074787
2020-12-03 00:00:00+00:00,0.019188583537064874,0.019188583537064915,0.0,0.0,0.9999999999999999,0.0,0.338323331230689,0.3384916063873492,0.0,0.32318506238196176,1.4377159771215269
2020-12-04 00:00:00+00:00,-0.05782049399508227,-0.057820493995082274,0.0,0.0,1.0,0.0,0.3448160358157228,0.3309125247526578,0.0,0.3242714394316194,1.3545865290997379
2020-12-05 00:00:00+00:00,0.0342451544757012,0.034245154475701235,0.0,0.0,1.0,0.0,0.342285857092599,0.3366403969596785,0.0,0.32107374594772253,1.4009745540394622
2020-12-06 00:00:00+00:00,0.0038879186236986385,0.0038879186236985635,0.0,0.0,1.0,0.0,0.3447176628336801,0.3380167663551789,0.0,0.3172655708111409,1.4064214290994401
2020-12-07 00:00:00+00:00,-0.01044808446915435,-0.010384480840553842,6.427105008876966e-05,0.03213552504438483,1.0,0.0,0.3334944481259493,0.3310529663638268,0.0,0.3354525855102239,1.3917270192089803
2020-12-08 00:00:00+00:00,-0.05443294392984399,-0.05443294392984402,0.0,0.0,1.0,0.0,0.33718425649881256,0.32858647564673593,0.0,0.33422926785445145,1.315971220406729
2020-12-09 00:00:00+00:00,0.020539909079202445,0.020539909079202362,0.0,0.0,1.0,0.0,0.33431383721779756,0.3325795149193256,0.0,0.33310664786287675,1.3430011496247305
2020-12-10 00:00:00+00:00,-0.01872459106392621,-0.018724591063926217,0.0,0.0,0.9999999999999998,0.0,0.33542915440358617,0.33052357161988644,0.0,0.3340472739765273,1.3178540022996246
2020-12-11 00:00:00+00:00,-0.01677559018932917,-0.016775590189329156,0.0,0.0,0.9999999999999999,0.0,0.3370728917243115,0.32742491638657034,0.0,0.335502191889118,1.2957462236276789
2020-12-12 00:00:00+00:00,0.03859346923561824,0.03859346923561831,0.0,0.0,1.0,0.0,0.3384416467663506,0.32894046619502715,0.0,0.3326178870386222,1.3457535656464221
2020-12-13 00:00:00+00:00,0.0315535632001116,0.03155356320011169,0.0,0.0,1.0,0.0,0.33447881318213324,0.331631834296534,0.0,0.33388935252133284,1.388216885831822
2020-12-14 00:00:00+00:00,0.00914848329574025,0.009155351603175266,6.805996147197568e-06,0.003402998073598784,1.0,0.0,0.33200944675716854,0.3277822008018867,0.0,0.3402083524409448,1.4009169648227189
2020-12-15 00:00:00+00:00,-0.0019565839112309913,-0.001956583911231006,0.0,0.0,1.0,0.0,0.3352965887458466,0.32981962632607315,0.0,0.33488378492808024,1.3981759532283762
2020-12-16 00:00:00+00:00,0.07194047789677471,0.07194047789677477,0.0,0.0,1.0,0.0,0.34353318737325894,0.33297751732380493,0.0,0.32348929530293624,1.498761399487404
2020-12-17 00:00:00+00:00,0.02296197447592263,0.022961974475922534,0.0,0.0,1.0,0.0,0.35882817235700787,0.328328318200157,0.0,0.3128435094428352,1.5331759204879318
2020-12-18 00:00:00+00:00,0.01839848982911607,0.0183984898291161,0.0,0.0,1.0,0.0,0.35714051780799944,0.3279396155523084,0.0,0.3149198666396922,1.5613840420672747
2020-12-19 00:00:00+00:00,0.03672890103709925,0.03672890103709933,0.0,0.0,1.0,0.0,0.3551353893060549,0.3183971899142778,0.0,0.3264674207796674,1.6187319620292695
2020-12-20 00:00:00+00:00,-0.005253832202463338,-0.005253832202463357,0.0,0.0,1.0,0.0,0.3515249743169384,0.3103750500203605,0.0,0.3380999756627012,1.6102274159200034
2020-12-21 00:00:00+00:00,-0.04836425528662591,-0.04827685556828446,9.183313325189168e-05,0.04591656662594584,0.9999999999999999,0.0,0.339256917575131,0.33354490641893936,0.0,0.3271981760059296,1.5323499661069244
2020-12-22 00:00:00+00:00,0.04697641631402805,0.046976416314028005,0.0,0.0,1.0,0.0,0.339593668342834,0.3336410397333598,0.0,0.32676529192380616,1.6043342760535502
2020-12-23 00:00:00+00:00,-0.05778036510114681,-0.05778036510114683,0.0,0.0,0.9999999999999999,0.0,0.35166368190447883,0.32576347170257525,0.0,0.3225728463929458,1.511635255838892
2020-12-24 00:00:00+00:00,0.03615649416626754,0.03615649416626753,0.0,0.0,0.9999999999999998,0.0,0.34664706647303367,0.32880341491719667,0.0,0.3245495186097695,1.5662906871481552
2020-12-25 00:00:00+00:00,0.02917785608670398,0.02917785608670407,0.0,0.0,0.9999999999999999,0.0,0.35077933286343405,0.3270315584446382,0.0,0.32218910869192763,1.6119916914077088
2020-12-26 00:00:00+00:00,0.035221949316543544,0.03522194931654352,0.0,0.0,0.9999999999999998,0.0,0.36326375484274076,0.3212775466377477,0.0,0.3154586985195114,1.6687691810611605
2020-12-27 00:00:00+00:00,0.021332856956890245,0.02133285695689033,0.0,0.0,1.0,0.0,0.3528319274079381,0.338086419599308,0.0,0.3090816529927538,1.704368795294805
2020-12-28 00:00:00+00:00,0.054593534327795235,0.05469584691393892,9.700672136231802e-05,0.04850336068115901,1.0,0.0,0.3256417334542901,0.33694444933197765,0.0,0.3374138172137322,1.797416311627955
2020-12-29 00:00:00+00:00,0.03373207061325911,0.033732070613259044,0.0,0.0,0.9999999999999999,0.0,0.31857042500221744,0.3266635164692432,0.0,0.35476605852853926,1.8580468855732128
2020-12-30 00:00:00+00:00,0.017998736718393138,0.017998736718393103,0.0,0.0,0.9999999999999999,0.0,0.3299709716972383,0.32972989212105713,0.0,0.3402991361817044,1.8914893822770755
2020-12-31 00:00:00+00:00,-0.013455972361200552,-0.01345597236120058,0.0,0.0,0.9999999999999998,0.0,0.33502853329521787,0.32722872160959826,0.0,0.3377427450951837,1.866037553427651
2021-01-01 00:00:00+00:00,0.005042881086186224,0.005042881086186316,0.0,0.0,1.0,0.0,0.33805054584446165,0.32226649644593836,0.0,0.33968295770959994,1.8754477589119445
2021-01-02 00:00:00+00:00,0.057138014017757977,0.05713801401775789,0.0,0.0,0.9999999999999998,0.0,0.35079293986441046,0.3238898478049571,0.0,0.32531721233063227,1.982607119250228
2021-01-03 00:00:00+00:00,0.11997203804144352,0.11997203804144362,0.0,0.0,1.0,0.0,0.32123298622046526,0.3653320302604538,0.0,0.3134349835190809,2.220464535982153
2021-01-04 00:00:00+00:00,0.010153656058381477,0.010282967012269644,0.00012799478770848195,0.06399739385424097,0.9999999999999998,0.0,0.31983940028807073,0.35122770621225025,0.0,0.32893289349967886,2.2430103691703493
2021-01-05 00:00:00+00:00,0.044969099196330076,0.04496909919633017,0.0,0.0,1.0,0.0,0.3248264864493124,0.3550608150593326,0.0,0.32011269849135493,2.343876524959968
2021-01-06 00:00:00+00:00,0.06521641102253084,0.06521641102253074,0.0,0.0,0.9999999999999998,0.0,0.3302675389867168,0.36622293042095144,0.0,0.30350953059233154,2.4967357397978183
2021-01-07 00:00:00+00:00,0.03834846913221113,0.038348469132211196,0.0,0.0,0.9999999999999999,0.0,0.3411071197917558,0.35739820880450895,0.0,0.3014946714037351,2.592481733246743
2021-01-08 00:00:00+00:00,-0.0008839766097791246,-0.0008839766097791576,0.0,0.0,0.9999999999999998,0.0,0.35140447848201095,0.35533717247999985,0.0,0.293258349037989,2.5901900400332734
2021-01-09 00:00:00+00:00,0.023402578560502096,0.023402578560502048,0.0,0.0,0.9999999999999997,0.0,0.33914938572992875,0.36412807301879824,0.0,0.29672254125127273,2.650807165931782
2021-01-10 00:00:00+00:00,-0.032382634841669145,-0.03238263484166909,0.0,0.0,0.9999999999999998,0.0,0.33355340463434585,0.3698967212877401,0.0,0.29654987407791383,2.5649670454417333
2021-01-11 00:00:00+00:00,-0.10185485252831161,-0.10172268554032556,0.00014713383702167758,0.0735669185108388,1.0,0.0,0.3444324081189728,0.3216008665888762,0.0,0.333966725292151,2.3037127052882864
2021-01-12 00:00:00+00:00,-0.023135636944831006,-0.023135636944831044,0.0,0.0,1.0,0.0,0.33903579401392386,0.3181204399136032,0.0,0.34284376607247286,2.2504148445135423
2021-01-13 00:00:00+00:00,0.07363053012367904,0.07363053012367897,0.0,0.0,0.9999999999999999,0.0,0.3465960104643757,0.3187104279498526,0.0,0.33469356158577157,2.416114082513271
2021-01-14 00:00:00+00:00,0.05994472307788423,0.05994472307788422,0.0,0.0,0.9999999999999998,0.0,0.342515188321741,0.32785911317257244,0.0,0.3296256985056864,2.5609473721141054
2021-01-15 00:00:00+00:00,-0.04563502445848955,-0.04563502445848955,0.0,0.0,0.9999999999999998,0.0,0.33681814992951786,0.32585329779859673,0.0,0.33732855227188524,2.4440784761507737
2021-01-16 00:00:00+00:00,0.028271999438370665,0.028271999438370655,0.0,0.0,0.9999999999999998,0.0,0.3209376300309274,0.33298990532185396,0.0,0.34607246464721847,2.513177461455842
2021-01-17 00:00:00+00:00,0.021595917920030017,0.021595917920030044,0.0,0.0,0.9999999999999999,0.0,0.31266958238402665,0.3271904405864846,0.0,0.36013997702948863,2.567451835631912
2021-01-18 00:00:00+00:00,0.01067644568872006,0.010784828683744047,0.0001072265747846214,0.05361328739231069,1.0,0.0,0.3371176306860011,0.3367388498156194,0.0,0.3261435194983795,2.5948630957134404
2021-01-19 00:00:00+00:00,0.001569304433732821,0.0015693044337327516,0.0,0.0,1.0,0.0,0.3299672698276222,0.36475333548620664,0.0,0.3052793946861711,2.5989352258744733
2021-01-20 00:00:00+00:00,-0.0003662496634314616,-0.00036624966343147384,0.0,0.0,1.0,0.0,0.3261005655684387,0.3679228895838625,0.0,0.3059765448476988,2.597983366722717
2021-01-21 00:00:00+00:00,-0.14153175774339555,-0.14153175774339552,0.0,0.0,1.0,0.0,0.33042354338316365,0.346165616201069,0.0,0.32341084041576734,2.230286214242346
2021-01-22 00:00:00+00:00,0.07871282569642224,0.07871282569642214,0.0,0.0,1.0,0.0,0.3271428092320273,0.35571878189251804,0.0,0.3171384088754546,2.405838344277137
2021-01-23 00:00:00+00:00,-0.008276601606223677,-0.008276601606223667,0.0,0.0,1.0,0.0,0.3211431647630468,0.3589348440037602,0.0,0.3199219912331929,2.3859261787725785
2021-01-24 00:00:00+00:00,0.055167400899867935,0.05516740089986784,0.0,0.0,0.9999999999999998,0.0,0.3060743904124409,0.38394383130694687,0.0,0.309981778280612,2.517551524794415
2021-01-25 00:00:00+00:00,-0.018050967463007495,-0.01785213949379168,0.00020244199189445455,0.10122099594722728,1.0,0.0,0.33933687149977626,0.32120843882313194,0.0,0.33945468967709175,2.4721072841339065
2021-01-26 00:00:00+00:00,0.01417876408018337,0.014178764080183268,0.0,0.0,0.9999999999999998,0.0,0.3367693529657401,0.3284817125766934,0.0,0.3347489344575663,2.507158710096544
2021-01-27 00:00:00+00:00,-0.0600304141812652,-0.060030414181265215,0.0,0.0,0.9999999999999998,0.0,0.33508091380957594,0.3168267304201713,0.0,0.34809235577025255,2.3566529343112816
2021-01-28 00:00:00+00:00,0.07021136059689681,0.0702113605968967,0.0,0.0,0.9999999999999998,0.0,0.3440959493952463,0.3176685575973831,0.0,0.33823549300737027,2.522116743283946
2021-01-29 00:00:00+00:00,0.023716218402463962,0.023716218402464063,0.0,0.0,0.9999999999999998,0.0,0.34496962780212503,0.32200787977700346,0.0,0.33302249242087134,2.581931814804179
2021-01-30 00:00:00+00:00,0.014860392804831202,0.014860392804831198,0.0,0.0,0.9999999999999998,0.0,0.3400831741007259,0.31694319099519647,0.0,0.34297363490407745,2.62030033576746
2021-01-31 00:00:00+00:00,-0.030319404769438396,-0.030319404769438382,0.0,0.0,0.9999999999999998,0.0,0.3387413345582003,0.311296089132876,0.0,0.3499625763089235,2.540854389269831
2021-02-01 00:00:00+00:00,0.0735752874673894,0.07366993037317478,8.814897680182909e-05,0.04407448840091455,1.0,0.0,0.31444052663079863,0.32504266257619185,0.0,0.3605168107930095,2.727798481373137
2021-02-02 00:00:00+00:00,0.04782087237500665,0.0478208723750067,0.0,0.0,1.0,0.0,0.31759929710332574,0.34132635819511725,0.0,0.34107434470155706,2.858244184415619
2021-02-03 00:00:00+00:00,0.06100179795213845,0.06100179795213835,0.0,0.0,0.9999999999999999,0.0,0.3174613341184171,0.3542013202427846,0.0,0.32833734563879824,3.032602218651215
2021-02-04 00:00:00+00:00,0.0037062108274246164,0.0037062108274247066,0.0,0.0,1.0,0.0,0.3105417077572179,0.33823643299220674,0.0,0.3512218592505754,3.043841681829252
2021-02-05 00:00:00+00:00,0.11073392459321552,0.11073392459321563,0.0,0.0,1.0000000000000002,0.0,0.28982113295024214,0.328071586644088,0.0,0.38210728040567005,3.380898217098619
2021-02-06 00:00:00+00:00,0.02827136709450384,0.028271367094503813,0.0,0.0,1.0,0.0,0.28841661834559007,0.31114464486089216,0.0,0.4004387367935179,3.4764808317033675
2021-02-07 00:00:00+00:00,-0.03968795818931825,-0.03968795818931829,0.0,0.0,1.0,0.0,0.29738274041814194,0.3114617984844212,0.0,0.39115546109743693,3.338506405808758
2021-02-08 00:00:00+00:00,0.14961498098077963,0.1498809352301811,0.00023128851105641424,0.11564425552820712,1.0,0.0,0.346517364701056,0.3147494424707853,0.0,0.33873319282815867,3.837996978218046
2021-02-09 00:00:00+00:00,0.12036424238334043,0.1203642423833404,0.0,0.0,0.9999999999999999,0.0,0.30959377337540434,0.2840594909684228,0.0,0.40634673565617274,4.299954576770811
2021-02-10 00:00:00+00:00,0.06643586245971589,0.06643586245971594,0.0,0.0,1.0,0.0,0.28022049735206767,0.26209048830838366,0.0,0.4576890143395486,4.5856257676161825
2021-02-11 00:00:00+00:00,0.00939881267649545,0.009398812676495557,0.0,0.0,1.0,0.0,0.29719616964121875,0.26637268360223715,0.0,0.43643114675654415,4.628725205210517
2021-02-12 00:00:00+00:00,0.04833572025438726,0.04833572025438716,0.0,0.0,0.9999999999999999,0.0,0.27953062239586796,0.2618325613819172,0.0,0.45863681622221475,4.852457971864004
2021-02-13 00:00:00+00:00,-0.01573627141678957,-0.015736271416789557,0.0,0.0,0.9999999999999998,0.0,0.28315086893767083,0.26240623628984394,0.0,0.45444289477248506,4.776098376180188
2021-02-14 00:00:00+00:00,0.014910686225158454,0.014910686225158364,0.0,0.0,0.9999999999999998,0.0,0.28741381741298566,0.2563832359586578,0.0,0.4562029466283563,4.847313280447899
2021-02-15 00:00:00+00:00,-0.02341367306934561,-0.02293346592052218,0.0004914784531800924,0.24573922659004616,0.9999999999999999,0.0,0.33645658829599834,0.33723400852968055,0.0,0.326309403174321,4.733819872034795
2021-02-16 00:00:00+00:00,0.009674954515768164,0.009674954515768103,0.0,0.0,0.9999999999999998,0.0,0.3417343000310844,0.33450186440869617,0.0,0.32376383556021926,4.7796193639825715
2021-02-17 00:00:00+00:00,0.12084534681924652,0.1208453468192465,0.0,0.0,0.9999999999999998,0.0,0.3234078891422857,0.309776795966625,0.0,0.36681531489108915,5.357214123687032
2021-02-18 00:00:00+00:00,0.07852607110161824,0.07852607110161822,0.0,0.0,0.9999999999999998,0.0,0.2966098901111749,0.3010749270424726,0.0,0.4023151828463523,5.777895100870273
2021-02-19 00:00:00+00:00,0.31083822657916427,0.3108382265791643,0.0,0.0,0.9999999999999998,0.0,0.24538289889194656,0.23164171845905893,0.0,0.5229753826489943,7.57388576738523
2021-02-20 00:00:00+00:00,-0.13121387455293354,-0.13121387455293354,0.0,0.0,0.9999999999999998,0.0,0.2821159631030562,0.260823808464648,0.0,0.4570602284322956,6.580086870425295
2021-02-21 00:00:00+00:00,0.08645600615725924,0.08645600615725917,0.0,0.0,0.9999999999999998,0.0,0.2669722825662056,0.24265876374287523,0.0,0.49036895369091893,7.148974901410085
2021-02-22 00:00:00+00:00,-0.07815539501765967,-0.07757598130562604,0.0006281424814303429,0.31407124071517145,1.0,0.0,0.3404403997952913,0.33218884460584164,0.0,0.3273707555988671,6.590243944019045
2021-02-23 00:00:00+00:00,-0.11389423939086996,-0.11389423939086998,0.0,0.0,1.0,0.0,0.3472851226587064,0.3327810752837055,0.0,0.3199338020575881,5.839653122614709
2021-02-24 00:00:00+00:00,0.04697637384718467,0.04697637384718459,0.0,0.0,1.0,0.0,0.33703021046482273,0.32698954861324914,0.0,0.3359802409219281,6.113978850840537
2021-02-25 00:00:00+00:00,-0.07199376887167042,-0.07199376887167044,0.0,0.0,0.9999999999999999,0.0,0.34415025601656296,0.3217312856666809,0.0,0.334118458316756,5.673810470566842
2021-02-26 00:00:00+00:00,-0.03218975747642183,-0.03218975747642182,0.0,0.0,0.9999999999999999,0.0,0.3495773951455854,0.32401641962179917,0.0,0.32640618523261533,5.491171887552112
2021-02-27 00:00:00+00:00,0.006910046028094641,0.00691004602809458,0.0,0.0,0.9999999999999998,0.0,0.3458789206432759,0.32484688101743237,0.0,0.32927419833929156,5.5291161380432765
2021-02-28 00:00:00+00:00,-0.03849744856603232,-0.038497448566032336,0.0,0.0,0.9999999999999998,0.0,0.3521624438627899,0.3286788084193434,0.0,0.3191587477178665,5.316259273903336
2021-03-01 00:00:00+00:00,0.14025592539778375,0.14139732272050426,0.0009999999999999996,0.4999999999999998,1.0,0.0,0.24068156449121297,0.242393755014655,0.25116251592241473,0.26576216457171725,6.061896138019199
2021-03-02 00:00:00+00:00,-0.05183338439806684,-0.05183338439806684,0.0,0.0,1.0,0.0,0.247906181574342,0.24209551593751583,0.24644961689529077,0.26354868559285133,5.747687545316093
2021-03-03 00:00:00+00:00,0.026251274373526368,0.02625127437352646,0.0,0.0,1.0,0.0,0.25110418303084786,0.24873724655296145,0.2425375504755286,0.25762101994066205,5.898571668081486
2021-03-04 00:00:00+00:00,-0.04368585321785745,-0.04368585321785743,0.0,0.0,1.0,0.0,0.2522737916354359,0.25537802393282405,0.23510537349047528,0.2572428109412648,5.640887531994665
2021-03-05 00:00:00+00:00,-0.013748070151928804,-0.013748070151928846,0.0,0.0,0.9999999999999998,0.0,0.2577612688814857,0.2570638750518326,0.22900056196691188,0.2561742940997697,5.563336214485663
2021-03-06 00:00:00+00:00,0.03130323246225131,0.03130323246225136,0.0,0.0,1.0,0.0,0.25063159904734683,0.26925976888347736,0.23078256650127738,0.24932606556789844,5.737486621273368
2021-03-07 00:00:00+00:00,0.051801539697334587,0.05180153969733469,0.0,0.0,1.0,0.0,0.2484123101090175,0.26775112105455295,0.2324206697454134,0.2514158990910162,6.034697262248187
2021-03-08 00:00:00+00:00,0.0192489981856383,0.019327148041563935,7.666808058227653e-05,0.038334040291138266,1.0,0.0,0.2520751949290444,0.26042608579392384,0.24154296220817353,0.24595575706885817,6.150859138900079
2021-03-09 00:00:00+00:00,0.09284064323442198,0.09284064323442187,0.0,0.0,0.9999999999999999,0.0,0.2416682885295668,0.24314803892547138,0.24119577878127943,0.27398789376368227,6.7219088577998845
2021-03-10 00:00:00+00:00,-0.02982829986937885,-0.029828299869378898,0.0,0.0,0.9999999999999998,0.0,0.2535331101515714,0.2405451745954863,0.2377478688708215,0.2681738463821206,6.521405744694795
2021-03-11 00:00:00+00:00,0.054810258304596626,0.05481025830459656,0.0,0.0,0.9999999999999998,0.0,0.24862846317516912,0.23192018947820592,0.25476909702386735,0.2646822503227574,6.878845678070597
2021-03-12 00:00:00+00:00,-0.05802709658987881,-0.05802709658987876,0.0,0.0,0.9999999999999998,0.0,0.26142510781004485,0.23816304223967977,0.24521124926589957,0.2552006006843756,6.479686235482324
2021-03-13 00:00:00+00:00,0.06430598165856027,0.06430598165856025,0.0,0.0,0.9999999999999998,0.0,0.2626569156062458,0.2435665589846983,0.24206308020585543,0.2517134452032002,6.896368819694477
2021-03-14 00:00:00+00:00,-0.04381971229212622,-0.04381971229212627,0.0,0.0,0.9999999999999998,0.0,0.2647622123243279,0.24488990314554906,0.23942744391083368,0.25092044061928903,6.594171922155074
2021-03-15 00:00:00+00:00,-0.03540359077984756,-0.035343077260931666,6.273061177446837e-05,0.031365305887234185,1.0,0.0,0.24434678427057116,0.25157163610033983,0.25374010179326095,0.250341477835828,6.360714557891135
2021-03-16 00:00:00+00:00,0.002012061520408226,0.0020120615204081375,0.0,0.0,0.9999999999999999,0.0,0.24953771036283642,0.2526087090073474,0.24391771874037424,0.25393586188944184,6.373512706895368
2021-03-17 00:00:00+00:00,0.03254815172947367,0.03254815172947363,0.0,0.0,0.9999999999999998,0.0,0.2502181883207093,0.24716286109468125,0.2459428025219574,0.2566761480626519,6.580958765529127
2021-03-18 00:00:00+00:00,-0.019509156820821216,-0.019509156820821202,0.0,0.0,0.9999999999999998,0.0,0.24968699482493753,0.24549251178040443,0.2511296675117388,0.2536908258829191,6.452569808941061
2021-03-19 00:00:00+00:00,0.006806070655629437,0.006806070655629426,0.0,0.0,0.9999999999999998,0.0,0.24967280216269824,0.24837620856420659,0.248440625405984,0.25351036386711107,6.4964864549710954
2021-03-20 00:00:00+00:00,0.0013895390190261647,0.0013895390190262658,0.0,0.0,1.0,0.0,0.24962715193236468,0.24769701306561015,0.24844633410896816,0.25422950089305707,6.505513576386853
2021-03-21 00:00:00+00:00,-0.003165120100699692,-0.003165120100699714,0.0,0.0,1.0,0.0,0.2471937862047958,0.24527320807705327,0.2520195513892103,0.2555134543289406,6.484922844600856
2021-03-22 00:00:00+00:00,-0.02978522377151771,-0.029755988356766877,3.0132022872603692e-05,0.015066011436301846,1.0,0.0,0.2429833882930441,0.2429200195587038,0.2659162558406699,0.24818033630758213,6.291767966533392
2021-03-23 00:00:00+00:00,-0.011906319346943972,-0.011906319346943958,0.0,0.0,1.0,0.0,0.24709143525165672,0.243950476622572,0.25724522722365734,0.2517128609021139,6.216856167866974
2021-03-24 00:00:00+00:00,-0.038940943471083456,-0.03894094347108349,0.0,0.0,0.9999999999999999,0.0,0.24745582703150934,0.24070051178446766,0.2570910499192569,0.254752611264766,5.974765923266209
2021-03-25 00:00:00+00:00,-0.030531892980384834,-0.030531892980384855,0.0,0.0,0.9999999999999999,0.0,0.2503207106589716,0.2489009655499077,0.2533674710129194,0.24741085277820118,5.792345009514195
2021-03-26 00:00:00+00:00,0.09334127435482165,0.09334127435482163,0.0,0.0,0.9999999999999998,0.0,0.24560717107116956,0.24387466552539883,0.2638078143873611,0.2467103490160703,6.333009874205041
2021-03-27 00:00:00+00:00,0.04912995372657192,0.04912995372657182,0.0,0.0,0.9999999999999998,0.0,0.23747321300477803,0.23432605126308242,0.2799858489755038,0.24821488675663547,6.644150356274658
2021-03-28 00:00:00+00:00,0.02320039189717993,0.023200391897179835,0.0,0.0,0.9999999999999997,0.0,0.23192446489609198,0.2256215063711713,0.300464514162434,0.2419895145703024,6.798297248364018
2021-03-29 00:00:00+00:00,0.045792230754209795,0.04600337496272883,0.00020185805664973673,0.10092902832486836,1.0,0.0,0.24696560537777967,0.2573642453434853,0.25072599232317794,0.24494415695555707,7.109606444696813
2021-03-30 00:00:00+00:00,0.04164946511354772,0.04164946511354782,0.0,0.0,1.0,0.0,0.2416615906151732,0.25029008262343816,0.24215018317471845,0.2658981435866703,7.405717750286267
2021-03-31 00:00:00+00:00,0.007190958468486386,0.007190958468486445,0.0,0.0,1.0000000000000002,0.0,0.2399071801446811,0.2591647560469774,0.2444227756469233,0.2565052881614183,7.458971959057908
2021-04-01 00:00:00+00:00,0.029556707088688405,0.029556707088688364,0.0,0.0,1.0,0.0,0.23294446699821558,0.2581089680856127,0.23327183507252996,0.27567472984364183,7.679434608434523
2021-04-02 00:00:00+00:00,0.034278268737192086,0.03427826873719215,0.0,0.0,1.0,0.0,0.22610465704852406,0.2705583169475138,0.23391365624175756,0.26942336976220466,7.942672331692135
2021-04-03 00:00:00+00:00,-0.003987180399235957,-0.003987180399235958,0.0,0.0,1.0,0.0,0.21970057276320135,0.2557148414511834,0.26714307147731253,0.25744151430830287,7.911003464253659
2021-04-04 00:00:00+00:00,0.05004681049826609,0.050046810498266106,0.0,0.0,1.0,0.0,0.21344698238495033,0.25166369215649803,0.26922535757428945,0.2656639678842623,8.306923955480288
2021-04-05 00:00:00+00:00,0.013190768212272053,0.013338930595392456,0.00014621207046019885,0.07310603523009943,1.0,0.0,0.25064272481248023,0.2504804608679941,0.23853343016689418,0.2603433841526316,8.416498663933998
2021-04-06 00:00:00+00:00,0.042016392714699036,0.04201639271469912,0.0,0.0,1.0,0.0,0.23589898915083804,0.2409269012651927,0.24950083941406856,0.27367327016990084,8.770129577080588
2021-04-07 00:00:00+00:00,-0.029296019703376253,-0.029296019703376253,0.0,0.0,1.0000000000000002,0.0,0.23448373761198288,0.23071795419710617,0.2722363320969361,0.26256197609397497,8.513199688189273
2021-04-08 00:00:00+00:00,0.05680121020931761,0.05680121020931772,0.0,0.0,1.0000000000000002,0.0,0.2303035843268262,0.23131872483683497,0.26138123929361645,0.27699645154272257,8.99675973323201
2021-04-09 00:00:00+00:00,0.028863330780113383,0.028863330780113397,0.0,0.0,1.0,0.0,0.22409337638463997,0.22340286502648116,0.26058985796330414,0.2919139006255749,9.256436185361489
2021-04-10 00:00:00+00:00,0.016825328609623158,0.016825328609623068,0.0,0.0,1.0,0.0,0.22655076011115657,0.2267527688320512,0.24866826487461094,0.2980282061821813,9.412178765934202
2021-04-11 00:00:00+00:00,0.047162203149650805,0.047162203149650764,0.0,0.0,1.0,0.0,0.21717868320976394,0.21836007292871382,0.24686581223851708,0.31759543162300513,9.856077852974021
2021-04-12 00:00:00+00:00,0.03723249304126264,0.037513017602220006,0.0002703817264920206,0.1351908632460103,1.0,0.0,0.24040343835270928,0.23944210077023512,0.24672801929639404,0.27342644158066154,10.22304420304902
2021-04-13 00:00:00+00:00,0.0029416708533098745,0.002941670853309833,0.0,0.0,1.0,0.0,0.2545743543091453,0.2567559037944508,0.23678132648617836,0.2518884154102255,10.253117034213227
2021-04-14 00:00:00+00:00,0.0028441452747467455,0.002844145274746708,0.0,0.0,1.0,0.0,0.251394775365303,0.2708825632183909,0.22717606049897113,0.250546600917335,10.28227838857751
2021-04-15 00:00:00+00:00,0.01797372627966287,0.017973726279662827,0.0,0.0,0.9999999999999999,0.0,0.24773744750953805,0.27500953226164493,0.23479194833775302,0.24246107189106395,10.467089245865095
2021-04-16 00:00:00+00:00,-0.05333991055882126,-0.05333991055882131,0.0,0.0,1.0,0.0,0.2541389069136332,0.27991345081083835,0.22569512535360078,0.2402525169219276,9.908775641679451
2021-04-17 00:00:00+00:00,-0.018440116564891973,-0.018440116564891917,0.0,0.0,1.0,0.0,0.2533068065358846,0.2728428311799127,0.22592693227735403,0.24792343000684866,9.72605666383152
2021-04-18 00:00:00+00:00,0.02603393142507482,0.026033931425074874,0.0,0.0,1.0,0.0,0.2310124827382238,0.25651146819210824,0.286475919925596,0.22600012914407197,9.979264156054102
2021-04-19 00:00:00+00:00,-0.005315729623044718,-0.005144664693365608,0.00017194955247081694,0.08597477623540847,1.0,0.0,0.24897962591633843,0.24291545335382853,0.24505876201068721,0.26304615871914583,9.926217085963577
2021-04-20 00:00:00+00:00,0.06687626056900431,0.0668762605690044,0.0,0.0,1.0,0.0,0.2366942749339308,0.24550853234507655,0.23088927709918136,0.2869079156218114,10.59004536626898
2021-04-21 00:00:00+00:00,-0.02261919064093787,-0.022619190640937842,0.0,0.0,1.0000000000000002,0.0,0.23085256601312693,0.25407915712698054,0.24296026020422343,0.27210801665566925,10.35050711123316
2021-04-22 00:00:00+00:00,0.02293517174028925,0.0229351717402893,0.0,0.0,1.0000000000000002,0.0,0.21687963860098025,0.25269031869276043,0.2832375398031433,0.2471925029031162,10.587897769428377
2021-04-23 00:00:00+00:00,-0.006719859510144199,-0.006719859510144234,0.0,0.0,1.0000000000000002,0.0,0.21589528315143275,0.2511587699268605,0.2736366083162778,0.2593093386054292,10.516748583910049
2021-04-24 00:00:00+00:00,-0.009208267229463107,-0.009208267229463054,0.0,0.0,1.0000000000000002,0.0,0.21337104250522693,0.23707702750608992,0.3024688632006322,0.24708306678805123,10.419907552564327
2021-04-25 00:00:00+00:00,0.059627445215438835,0.05962744521543883,0.0,0.0,1.0000000000000002,0.0,0.19741689797643092,0.23448405149184506,0.33116266178481923,0.23693638874690504,11.041220019304793
2021-04-26 00:00:00+00:00,0.044097821009671634,0.04443689812454396,0.00032465064713927647,0.16232532356963822,1.0,0.0,0.26343609455068795,0.26119295071499055,0.2216314976536441,0.25373945708067736,11.5281137634445
2021-04-27 00:00:00+00:00,0.030892608285447487,0.03089260828544757,0.0,0.0,1.0,0.0,0.26032399043889365,0.26678128198440915,0.21137929926037466,0.2615154283163225,11.884247266208666
2021-04-28 00:00:00+00:00,0.01292217940723761,0.012922179407237716,0.0,0.0,1.0,0.0,0.2562286539835949,0.2714882442102458,0.21682741625430768,0.25545568555185166,12.037817641502588
2021-04-29 00:00:00+00:00,7.231000585949943e-05,7.231000585941269e-05,0.0,0.0,0.9999999999999999,0.0,0.2501782415016442,0.2723388611600698,0.2053064158034999,0.27217648153478613,12.038688096166782
2021-04-30 00:00:00+00:00,0.03291500475795783,0.032915004757957805,0.0,0.0,1.0,0.0,0.2609396284454691,0.2651312912018623,0.20032791282003976,0.27360116753262886,12.434941572131681
2021-05-01 00:00:00+00:00,0.04789964084607479,0.04789964084607487,0.0,0.0,1.0000000000000002,0.0,0.2494440565927564,0.2687463044626695,0.22182186420879296,0.2599877747357812,13.030570807378712
2021-05-02 00:00:00+00:00,-0.01626187081374786,-0.016261870813747834,0.0,0.0,1.0,0.0,0.24821894913197579,0.2736063269142028,0.2131346790845477,0.26504004486927385,12.818669348279725
2021-05-03 00:00:00+00:00,0.05986592379089117,0.060029789012202045,0.0001545854871339063,0.07729274356695315,1.0,0.0,0.23830672247149215,0.27436224728235914,0.23086182425844484,0.2564692059877038,13.586070830584472
2021-05-04 00:00:00+00:00,-0.073775975067085,-0.07377597506708505,0.0,0.0,0.9999999999999998,0.0,0.23944708218244173,0.2796371178534011,0.23134963260265054,0.24956616736150644,12.58374520772762
2021-05-05 00:00:00+00:00,0.07338501016531396,0.07338501016531385,0.0,0.0,0.9999999999999997,0.0,0.2408164700518653,0.2834676929517625,0.2273062788237824,0.2484095581725895,13.507203477714432
2021-05-06 00:00:00+00:00,-0.021091460319475286,-0.0210914603194753,0.0,0.0,0.9999999999999997,0.0,0.24154023582940362,0.28673318358601996,0.22461773178300629,0.2471088488015698,13.222316831537139
2021-05-07 00:00:00+00:00,-0.0024276493617959582,-0.0024276493617959418,0.0,0.0,0.9999999999999997,0.0,0.2460858580177984,0.28661143762625574,0.2233939314178168,0.24390877293812874,13.190217682519593
2021-05-08 00:00:00+00:00,0.06344805894170658,0.06344805894170655,0.0,0.0,0.9999999999999998,0.0,0.237665859549361,0.30285157337944635,0.22212811689950848,0.23735445017168383,14.027111391494037
2021-05-09 00:00:00+00:00,-0.0020469036735268897,-0.002046903673526927,0.0,0.0,0.9999999999999997,0.0,0.2356219737152869,0.30453522492942614,0.21623283003384614,0.2436099713214405,13.998399245657817
2021-05-10 00:00:00+00:00,-0.02897278433764905,-0.02876091737032313,0.00021814089971770523,0.10907044985885261,1.0,0.0,0.2466869084571607,0.25889091268817704,0.24891401458002557,0.2455081642746367,13.592826643241064
2021-05-11 00:00:00+00:00,0.044435400689327276,0.04443540068932735,0.0,0.0,1.0,0.0,0.23980491789799072,0.26212296120242495,0.24783627089620644,0.250235850003378,14.196829341634045
2021-05-12 00:00:00+00:00,-0.08852772734446412,-0.08852772734446414,0.0,0.0,1.0,0.0,0.22998116759374118,0.2625472186659807,0.2646797809423027,0.24279183279797553,12.940016304521977
2021-05-13 00:00:00+00:00,-0.029459390082155257,-0.029459390082155205,0.0,0.0,1.0000000000000002,0.0,0.23760659618526325,0.26396824005602854,0.25798895343739264,0.2404362103213158,12.558811316537616
2021-05-14 00:00:00+00:00,0.049787948268376736,0.04978794826837682,0.0,0.0,1.0000000000000002,0.0,0.22712254410160665,0.27560037116206876,0.25560723860276463,0.24166984613356018,13.184088764677695
2021-05-15 00:00:00+00:00,-0.05417592540670346,-0.05417592540670345,0.0,0.0,1.0000000000000002,0.0,0.22528790197018242,0.2607263593595703,0.27509020717581023,0.2388955314944373,12.469828555207158
2021-05-16 00:00:00+00:00,0.01574331694493014,0.015743316944930228,0.0,0.0,1.0000000000000002,0.0,0.22020169436308773,0.25214958657273606,0.29193827972558206,0.23571043933859445,12.666145018400725
2021-05-17 00:00:00+00:00,-0.06046783170124015,-0.060302114602311246,0.0001763514651932719,0.08817573259663594,1.0,0.0,0.24948900004452743,0.24379279783967012,0.26545805562495334,0.24126014649084915,11.900250693124569
2021-05-18 00:00:00+00:00,0.05335932888750472,0.05335932888750476,0.0,0.0,1.0,0.0,0.23310671191379248,0.23798892103421268,0.30172629882156454,0.22717806823043038,12.535240083702758
2021-05-19 00:00:00+00:00,-0.29016256963649245,-0.29016256963649245,0.0,0.0,1.0,0.0,0.28104299347883155,0.24227652023078364,0.26571338172178477,0.2109671045686002,8.897982610005206
2021-05-20 00:00:00+00:00,0.16909886477065972,0.16909886477065977,0.0,0.0,1.0000000000000002,0.0,0.26565821476194995,0.23518424338763544,0.28821431435262523,0.21094322749778957,10.402621368106159
2021-05-21 00:00:00+00:00,-0.1204707585674264,-0.12047075856742641,0.0,0.0,1.0,0.0,0.277733111461935,0.23485166118732195,0.2874973336365166,0.19991789371422664,9.14940968080069
2021-05-22 00:00:00+00:00,-0.0847597816516028,-0.08475978165160282,0.0,0.0,1.0000000000000002,0.0,0.3050430721756591,0.2422953011122262,0.2519595495956434,0.2007020771164715,8.373907714014964
2021-05-23 00:00:00+00:00,-0.12373854332151435,-0.12373854332151432,0.0,0.0,1.0000000000000002,0.0,0.32231022261281034,0.25256039088131677,0.22590921317183343,0.1992201733340397,7.33773257157396
2021-05-24 00:00:00+00:00,0.2467779652358857,0.24715146521716924,0.0002994824539765079,0.14974122698825396,1.0,0.0,0.22432537733135047,0.2531651207874094,0.2567612255100291,0.26574827637121096,9.148523285032065
2021-05-25 00:00:00+00:00,-0.010961762544633435,-0.01096176254463345,0.0,0.0,1.0,0.0,0.22396986811624567,0.2614985311813673,0.247750323401937,0.2667812773004499,9.048239345147493
2021-05-26 00:00:00+00:00,0.0956679466973569,0.09566794669735681,0.0,0.0,0.9999999999999999,0.0,0.2093061045548932,0.2545222143560854,0.2671564091518794,0.2690152719371418,9.913865824523992
2021-05-27 00:00:00+00:00,-0.035560731669740164,-0.03556073166974012,0.0,0.0,0.9999999999999999,0.0,0.21308636374241485,0.2508626268045469,0.2639803724029943,0.27207063705004375,9.561321502128287
2021-05-28 00:00:00+00:00,-0.1134626386324209,-0.11346263863242094,0.0,0.0,0.9999999999999998,0.0,0.22246559602357188,0.24892789297451315,0.2557127884080048,0.2728937225939099,8.476468735683909
2021-05-29 00:00:00+00:00,-0.0540159353303431,-0.05401593533034313,0.0,0.0,0.9999999999999998,0.0,0.2282005225978442,0.24856844767047764,0.2555271032014092,0.2677039265302687,8.018604348627532
2021-05-30 00:00:00+00:00,0.04725266307663345,0.04725266307663334,0.0,0.0,0.9999999999999998,0.0,0.22442822471847945,0.24850631291995537,0.2543781705201397,0.2726872918414251,8.397504758258057
2021-05-31 00:00:00+00:00,0.1027470085798643,0.10286640693677124,0.00010826184944626,0.05413092472313,1.0,0.0,0.23693807906590483,0.2571172952857969,0.25989139191790134,0.24605323373039686,9.260323251704248
2021-06-01 00:00:00+00:00,-0.018623321794168257,-0.018623321794168257,0.0,0.0,0.9999999999999999,0.0,0.23781181912542007,0.2550413348849752,0.25004575560051134,0.25710109038909323,9.087865271869742
2021-06-02 00:00:00+00:00,0.06517011721161103,0.06517011721161108,0.0,0.0,0.9999999999999999,0.0,0.22857844839227667,0.2459723060772526,0.25799353432510996,0.2674557112053607,9.680122516840822
2021-06-03 00:00:00+00:00,0.08442178282841684,0.08442178282841678,0.0,0.0,0.9999999999999998,0.0,0.22019889863585643,0.2394830204520164,0.2771357407385639,0.2631823401735632,10.497335717710024
2021-06-04 00:00:00+00:00,-0.06652536908182782,-0.06652536908182784,0.0,0.0,0.9999999999999999,0.0,0.2213605818127575,0.24149156928136695,0.2800697259537244,0.25707812295215093,9.79899658471351
2021-06-05 00:00:00+00:00,0.003430671682423947,0.003430671682423991,0.0,0.0,0.9999999999999998,0.0,0.21273851499192237,0.2351260812627953,0.2963493559710292,0.255786047774253,9.832613724812855
2021-06-06 00:00:00+00:00,0.030649010394947274,0.030649010394947274,0.0,0.0,0.9999999999999998,0.0,0.2080408837299126,0.23545215920186136,0.3059286062696951,0.2505783507985308,10.133973605074146
2021-06-07 00:00:00+00:00,-0.07337289657676238,-0.07316340571419205,0.00022602782827290386,0.11301391413645193,1.0,0.0,0.2528606125858168,0.25781212392682207,0.2441674389323476,0.24515982455501356,9.390414607837402
2021-06-08 00:00:00+00:00,0.005993186386749727,0.0059931863867497825,0.0,0.0,1.0,0.0,0.2500346956308033,0.24790982593064542,0.26205994992701637,0.23999552851153502,9.446693112831028
2021-06-09 00:00:00+00:00,0.060877207828237134,0.06087720782823723,0.0,0.0,1.0000000000000002,0.0,0.263980126146637,0.24326161691318146,0.25173539431398223,0.2410228626261995,10.02178141275042
2021-06-10 00:00:00+00:00,-0.038768101467439364,-0.038768101467439406,0.0,0.0,1.0000000000000002,0.0,0.26941010182457414,0.23957755711665657,0.25602522871213884,0.23498711234663064,9.633255974056413
2021-06-11 00:00:00+00:00,-0.04157474364852565,-0.04157474364852566,0.0,0.0,1.0000000000000002,0.0,0.2861099869796829,0.23814224424454883,0.23488635274151876,0.24086141603424974,9.232755826434389
2021-06-12 00:00:00+00:00,-0.01111461491979393,-0.01111461491979391,0.0,0.0,1.0000000000000002,0.0,0.2754851780053191,0.24251188604612517,0.23989959256062807,0.24210334338792788,9.130137300775086
2021-06-13 00:00:00+00:00,0.071305171022638,0.07130517102263792,0.0,0.0,1.0000000000000002,0.0,0.2822840445353459,0.23961389499143418,0.23756117821516126,0.24054088225805875,9.78116330246702
2021-06-14 00:00:00+00:00,0.025922923571295442,0.0260554244473698,0.0001291361781413834,0.0645680890706917,1.0,0.0,0.2529911061589412,0.25056980572491744,0.24986352764636108,0.24657556046978024,10.034719651195232
2021-06-15 00:00:00+00:00,-0.009576065623275287,-0.00957606562327534,0.0,0.0,0.9999999999999999,0.0,0.2530888681229196,0.24936216593874302,0.25109105301292456,0.24645791292541272,9.938626517304217
2021-06-16 00:00:00+00:00,-0.04009726202221364,-0.04009726202221366,0.0,0.0,0.9999999999999999,0.0,0.2518728616707463,0.24185129542360956,0.26301624195622875,0.24325960094941532,9.540114805698948
2021-06-17 00:00:00+00:00,-0.000325102094749119,-0.0003251020947490678,0.0,0.0,0.9999999999999999,0.0,0.25027264329271853,0.24246733788638042,0.2599826997010311,0.24727731911986986,9.53701329439147
2021-06-18 00:00:00+00:00,-0.05637545553004231,-0.05637545553004232,0.0,0.0,0.9999999999999999,0.0,0.2494024516183458,0.24188319737578315,0.2582720492094267,0.2504423017964442,8.999359825524081
2021-06-19 00:00:00+00:00,-0.023427709865544766,-0.023427709865544818,0.0,0.0,0.9999999999999998,0.0,0.25298458745003916,0.2400638338677555,0.252919642773684,0.2540319359085211,8.788525434556064
2021-06-20 00:00:00+00:00,0.013723497182090316,0.013723497182090316,0.0,0.0,0.9999999999999998,0.0,0.2503787567392861,0.2453608479557486,0.24987140387524123,0.2543889914297238,8.909134738591924
2021-06-21 00:00:00+00:00,-0.1796607251001151,-0.1796450801174463,1.907099267604018e-05,0.009535496338020089,1.0,0.0,0.27062458471406853,0.25608706356666316,0.22995157850432313,0.24333677321494515,7.308513131441874
2021-06-22 00:00:00+00:00,0.002182470583702578,0.002182470583702663,0.0,0.0,1.0000000000000002,0.0,0.27768373312622285,0.2547188493884096,0.2325565084233297,0.23504090906203795,7.324463746361849
2021-06-23 00:00:00+00:00,0.08598020750047719,0.08598020750047713,0.0,0.0,1.0,0.0,0.2648658364672526,0.24561757057488115,0.2449508677959811,0.2445657251618852,7.954222659103764
2021-06-24 00:00:00+00:00,0.023183293586734433,0.02318329358673433,0.0,0.0,0.9999999999999999,0.0,0.26645946197209314,0.24268471450899567,0.24179982372138156,0.24905599979752957,8.138627738264022
2021-06-25 00:00:00+00:00,-0.08772226817308948,-0.08772226817308947,0.0,0.0,1.0,0.0,0.2660696107665131,0.24187791782887158,0.24356168489985966,0.24849078650475565,7.424688853247081
2021-06-26 00:00:00+00:00,0.016716992791257157,0.01671699279125717,0.0,0.0,1.0,0.0,0.2675589427578519,0.24064558130092012,0.2485302507062179,0.24326522523501007,7.54880732328414
2021-06-27 00:00:00+00:00,0.06828229949585918,0.06828229949585929,0.0,0.0,1.0,0.0,0.26922255781980264,0.24402906191504925,0.2498202160022501,0.2369281642628981,8.064257245769163
2021-06-28 00:00:00+00:00,0.01944382938487199,0.01952222068421472,7.689023127921041e-05,0.038445115639605204,1.0,0.0,0.2437459675168138,0.2578491690363375,0.25394221123847427,0.24446265220837446,8.221057287771616
2021-06-29 00:00:00+00:00,0.036484741628892925,0.03648474162889291,0.0,0.0,1.0,0.0,0.24482511564760112,0.2584447755835248,0.25209713093905034,0.2446329778298238,8.52100043883229
2021-06-30 00:00:00+00:00,0.021050767350460076,0.021050767350460048,0.0,0.0,1.0,0.0,0.23399064272525935,0.265999884542612,0.2580622959975259,0.24194717673460286,8.700374036663318
2021-07-01 00:00:00+00:00,-0.059316265301489035,-0.05931626530148901,0.0,0.0,1.0000000000000002,0.0,0.23779559394846592,0.2617396567751108,0.25702954695814384,0.24343520231827956,8.184300342082409
2021-07-02 00:00:00+00:00,0.01330096981316009,0.01330096981316001,0.0,0.0,1.0,0.0,0.2366650089274709,0.2641336787688836,0.2592289386721637,0.23997237363148183,8.293159473874283
2021-07-03 00:00:00+00:00,0.028120978563138666,0.028120978563138707,0.0,0.0,1.0,0.0,0.23620491499222238,0.2656208782838348,0.2558167041481291,0.24235750257581376,8.526371233659793
2021-07-04 00:00:00+00:00,0.021688700870838185,0.02168870087083824,0.0,0.0,1.0,0.0,0.23531855144835262,0.27115436572644863,0.2487966077770703,0.24473047504812856,8.71129714886036
2021-07-05 00:00:00+00:00,-0.039481495577709635,-0.039400212060786394,8.461746290579431e-05,0.04230873145289715,1.0,0.0,0.24846877690200236,0.24615387481637402,0.24985240629656252,0.2555249419850611,8.367362109001515
2021-07-06 00:00:00+00:00,0.04307473090241043,0.04307473090241043,0.0,0.0,1.0,0.0,0.24195450463713636,0.24948729838318598,0.2490917361054443,0.25946646087423336,8.72778398020978
2021-07-07 00:00:00+00:00,0.02076520710656604,0.020765207106566125,0.0,0.0,1.0,0.0,0.2345533340402012,0.2437532535649097,0.2614665540408433,0.2602268583540459,8.909018222140206
2021-07-08 00:00:00+00:00,-0.06691485132799913,-0.06691485132799907,0.0,0.0,1.0,0.0,0.24405148699944523,0.23868495666096978,0.2532172893766424,0.26404626696294276,8.31287259232726
2021-07-09 00:00:00+00:00,0.0177904028979885,0.017790402897988482,0.0,0.0,1.0,0.0,0.2466424129562643,0.23791147090173925,0.25015025718280554,0.26529585895919106,8.460761944984407
2021-07-10 00:00:00+00:00,-0.019123930776445586,-0.019123930776445627,0.0,0.0,1.0,0.0,0.2491241552111719,0.23844796279153993,0.24278698741527838,0.2696408945820099,8.29895891923254
2021-07-11 00:00:00+00:00,0.017654676194579944,0.017654676194579846,0.0,0.0,1.0,0.0,0.25032721997222823,0.2376260980336473,0.24201268140605128,0.27003400058807325,8.44547435170371
2021-07-12 00:00:00+00:00,-0.03696278939016717,-0.036884348549350215,8.144488224120583e-05,0.040722441120602915,0.9999999999999999,0.0,0.250693740301227,0.2463598955366333,0.24825471486175063,0.254691649300389,8.133306061941628
2021-07-13 00:00:00+00:00,-0.032544780389477945,-0.03254478038947799,0.0,0.0,0.9999999999999998,0.0,0.25632463194772287,0.2432246385807666,0.24312929262214,0.25732143684937037,7.868609402315328
2021-07-14 00:00:00+00:00,0.026206935231638973,0.026206935231638966,0.0,0.0,0.9999999999999998,0.0,0.2504724952858066,0.24360536344389816,0.2548880551791468,0.25103408609114825,8.074821539284871
2021-07-15 00:00:00+00:00,-0.03362924871700357,-0.03362924871700353,0.0,0.0,0.9999999999999999,0.0,0.2517216306711096,0.24261954977584643,0.24018674113641317,0.2654720784166307,7.803271357394842
2021-07-16 00:00:00+00:00,-0.03966934199795291,-0.03966934199795295,0.0,0.0,0.9999999999999998,0.0,0.25808505466411413,0.2469729889878931,0.23002930203701719,0.2649126543109754,7.493720717215516
2021-07-17 00:00:00+00:00,0.0066234638206621455,0.006623463820662184,0.0,0.0,0.9999999999999999,0.0,0.25749963755360983,0.2483591019702309,0.2330392500822592,0.2611020103938999,7.543355105268139
2021-07-18 00:00:00+00:00,0.0014142072290175278,0.0014142072290176159,0.0,0.0,0.9999999999999999,0.0,0.25924479812264895,0.2469834308783428,0.2317546039051033,0.2620171670939049,7.554022972589055
2021-07-19 00:00:00+00:00,-0.05509332426654978,-0.05501295513983823,8.504786086621546e-05,0.04252393043310773,1.0,0.0,0.25673746224570343,0.25435577344026594,0.24318451334932542,0.24572225096470515,7.13784673544324
2021-07-20 00:00:00+00:00,-0.03773205025039683,-0.03773205025039687,0.0,0.0,0.9999999999999999,0.0,0.2577265987516367,0.25957693357934597,0.2420029486920179,0.24069351897699934,6.868521143741865
2021-07-21 00:00:00+00:00,0.11026450743345895,0.11026450743345897,0.0,0.0,0.9999999999999999,0.0,0.2504748560729478,0.2612177135491802,0.24787399934514195,0.24043343103272996,7.6258752444528595
2021-07-22 00:00:00+00:00,0.014205188971456728,0.014205188971456688,0.0,0.0,0.9999999999999999,0.0,0.24806585665778827,0.2612723805238755,0.2534988947711355,0.23716286804720052,7.734202243373066
2021-07-23 00:00:00+00:00,0.035616132564205705,0.03561613256420564,0.0,0.0,0.9999999999999998,0.0,0.24952410214521517,0.2647487557149963,0.25211533677362213,0.2336118053661662,8.009664615751419
2021-07-24 00:00:00+00:00,0.01480902286935315,0.014809022869353167,0.0,0.0,0.9999999999999998,0.0,0.25046951229125713,0.26833263844877825,0.24927219673262477,0.23192565252733963,8.12827992222193
2021-07-25 00:00:00+00:00,0.006280384292507657,0.006280384292507574,0.0,0.0,0.9999999999999998,0.0,0.25703940817669735,0.2672583896717257,0.24443674788898437,0.2312654542625922,8.179328643770559
2021-07-26 00:00:00+00:00,0.018006408595965473,0.018105359468816473,9.719119139369298e-05,0.04859559569684649,0.9999999999999999,0.0,0.2584652243963832,0.24981413966696558,0.24499779501865085,0.2467228409180003,8.326608977370975
2021-07-27 00:00:00+00:00,0.03053959503322745,0.03053959503322742,0.0,0.0,1.0,0.0,0.26572475934862055,0.2502084268068122,0.2371975200551226,0.24686929378944455,8.58090024353992
2021-07-28 00:00:00+00:00,0.0023150117873540488,0.002315011787354158,0.0,0.0,1.0,0.0,0.26889358185736184,0.24978577003029323,0.23473082389949967,0.24658982421284523,8.600765128749824
2021-07-29 00:00:00+00:00,0.039627736310728245,0.03962773631072835,0.0,0.0,1.0,0.0,0.25863712162501007,0.2488303650904502,0.25287820521300985,0.23965430807152996,8.941593981342429
2021-07-30 00:00:00+00:00,0.03554857483797469,0.0355485748379747,0.0,0.0,1.0,0.0,0.26341323042315934,0.24823847323591275,0.2529214632666692,0.23542683307425874,9.259454904158964
2021-07-31 00:00:00+00:00,0.0437991153846784,0.04379911538467844,0.0,0.0,1.0000000000000002,0.0,0.24790845136080733,0.24451977976509814,0.27517157712051343,0.2324001917535812,9.665010837905449
2021-08-01 00:00:00+00:00,-0.026306447989552395,-0.026306447989552447,0.0,0.0,1.0,0.0,0.2447100102626909,0.2535468873826809,0.26288459153734917,0.2388585108172791,9.410758732979629
2021-08-02 00:00:00+00:00,-0.008347977376688354,-0.008282795855350245,6.572591568012009e-05,0.03286295784006005,1.0,0.0,0.24763830671145495,0.2571603332889599,0.24470487906238292,0.2504964809372022,9.332197931979243
2021-08-03 00:00:00+00:00,-0.014262565912605774,-0.01426256591260576,0.0,0.0,1.0,0.0,0.2451901597533088,0.2510330271367657,0.25510691047095047,0.24866990263897504,9.199096843864906
2021-08-04 00:00:00+00:00,0.052511143982127084,0.052511143982127195,0.0,0.0,1.0,0.0,0.24220150620478015,0.25904970734920924,0.25420180968252915,0.24454697676348153,9.682151942738626
2021-08-05 00:00:00+00:00,0.030335384240352425,0.030335384240352377,0.0,0.0,1.0,0.0,0.2418125486001279,0.26087775806531993,0.2577365810277827,0.2395731123067695,9.975863742195077
2021-08-06 00:00:00+00:00,0.03562878365788569,0.035628783657885785,0.0,0.0,1.0,0.0,0.2447754985347646,0.257652761091058,0.26318062921236235,0.2343911111618151,10.331291633266291
2021-08-07 00:00:00+00:00,0.04300240919962617,0.04300240919962612,0.0,0.0,0.9999999999999999,0.0,0.2441924798218315,0.27000594786725657,0.25202322511497616,0.2337783471959357,10.775562063640683
2021-08-08 00:00:00+00:00,-0.03791113594712081,-0.037911135947120804,0.0,0.0,1.0,0.0,0.249383604666349,0.26744654620054625,0.2499964957468479,0.23317335338625683,10.367048265339363
2021-08-09 00:00:00+00:00,0.04203738708526483,0.04211011197412318,6.978618480218501e-05,0.03489309240109251,1.0,0.0,0.2533432518015737,0.25173967698656674,0.2462245565061304,0.24869251470572917,10.802851886201058
2021-08-10 00:00:00+00:00,0.01989281242901031,0.019892812429010386,0.0,0.0,1.0,0.0,0.24483620687023486,0.2453167847186191,0.25387228734374345,0.25597472106740266,11.017750992471635
2021-08-11 00:00:00+00:00,0.020282102841618688,0.02028210284161859,0.0,0.0,1.0,0.0,0.2395778394130192,0.2419144192704377,0.25482595213227655,0.2636817891842665,11.241214151184291
2021-08-12 00:00:00+00:00,-0.021269724910484067,-0.021269724910484088,0.0,0.0,0.9999999999999999,0.0,0.23881079218687715,0.23823318767996501,0.25714829230484126,0.2658077278283165,11.00211661852876
2021-08-13 00:00:00+00:00,0.08063822623524808,0.08063822623524813,0.0,0.0,0.9999999999999999,0.0,0.23791283488298134,0.24044686620735778,0.259691810368093,0.2619484885415678,11.889307787480265
2021-08-14 00:00:00+00:00,-0.013504602279114097,-0.013504602279114064,0.0,0.0,1.0,0.0,0.23747908170726711,0.23939752636604905,0.25893364108082983,0.26418975084585394,11.72874741443637
2021-08-15 00:00:00+00:00,0.06135813124459011,0.06135813124459008,0.0,0.0,1.0,0.0,0.22330010664498479,0.22861224840242794,0.2958878830970334,0.25219976185555376,12.448401437626003
2021-08-16 00:00:00+00:00,0.022830979975182242,0.02302775995797221,0.00019235057981034886,0.09617528990517443,0.9999999999999999,0.0,0.2387930576535186,0.23253804468618594,0.28331061692573795,0.24535828073455748,12.732610641571473
2021-08-17 00:00:00+00:00,-0.01490134649167496,-0.014901346491675004,0.0,0.0,0.9999999999999999,0.0,0.23603975651680847,0.22589610527206175,0.2972983056082453,0.24076583260288442,12.542877598657828
2021-08-18 00:00:00+00:00,0.03634180034872614,0.03634180034872621,0.0,0.0,1.0,0.0,0.22777988641526625,0.2181518380333306,0.32500028049690094,0.2290679950545022,12.99870835214676
2021-08-19 00:00:00+00:00,0.0436557521552674,0.043655752155267374,0.0,0.0,0.9999999999999999,0.0,0.22831632198610313,0.22081088798536538,0.31200993831065565,0.2388628517178758,13.566176742306684
2021-08-20 00:00:00+00:00,0.057843742569879675,0.05784374256987965,0.0,0.0,1.0,0.0,0.2276564685446138,0.21533823758085735,0.3187879937771524,0.2382173000973765,14.35089517744616
2021-08-21 00:00:00+00:00,-0.029151931944022436,-0.029151931944022456,0.0,0.0,1.0,0.0,0.23211243390820385,0.2176548964539509,0.30819565891205064,0.24203701072579456,13.93253885789745
2021-08-22 00:00:00+00:00,-0.0016489073842145263,-0.0016489073842144853,0.0,0.0,1.0,0.0,0.23448322236157795,0.21900456940757634,0.3041024547856179,0.2424097534452278,13.909565391693807
2021-08-23 00:00:00+00:00,0.045487813980138014,0.04571411678302567,0.00021640981914247166,0.10820490957123582,1.0,0.0,0.24028310486391158,0.24521988455676372,0.2485877823283153,0.2659092282510093,14.54228111477574
2021-08-24 00:00:00+00:00,-0.051406510886896295,-0.05140651088689631,0.0,0.0,0.9999999999999999,0.0,0.24401550173901543,0.24678321539673234,0.24429471752458995,0.26490656533966217,13.794713182328714
2021-08-25 00:00:00+00:00,0.03381823888513957,0.03381823888513959,0.0,0.0,0.9999999999999999,0.0,0.24246613548895826,0.242945399438446,0.24120574660745378,0.27338271846514184,14.26122608808069
2021-08-26 00:00:00+00:00,-0.024339689677613352,-0.02433968967761338,0.0,0.0,0.9999999999999999,0.0,0.23770897528168847,0.23867974786868204,0.25731367740781075,0.26629759944181863,13.914112270674522
2021-08-27 00:00:00+00:00,0.07923748090369886,0.07923748090369889,0.0,0.0,0.9999999999999998,0.0,0.23072308970919223,0.2340853796022131,0.2799832438760736,0.25520828681252095,15.016631476014016
2021-08-28 00:00:00+00:00,0.018773294926334838,0.01877329492633493,0.0,0.0,1.0,0.0,0.22566587629371387,0.22772666969092262,0.30040706834369535,0.24620038567166813,15.29854312751331
2021-08-29 00:00:00+00:00,-0.011383464424341239,-0.011383464424341226,0.0,0.0,1.0,0.0,0.2276690440250623,0.22883814382504675,0.2977363444973606,0.2457564676525303,15.124392706077012
2021-08-30 00:00:00+00:00,0.023460459418744417,0.023655921785660894,0.00019094537798944244,0.09547268899472122,1.0,0.0,0.23528400136825367,0.2446522685761008,0.28576879435536406,0.23429493570028143,15.479217907391087
2021-08-31 00:00:00+00:00,0.012473498385376702,0.012473498385376676,0.0,0.0,1.0,0.0,0.23296889200882126,0.2566080385836351,0.2771540867753764,0.2332689826321672,15.672297906965824
2021-09-01 00:00:00+00:00,0.05732972430300021,0.05732972430300021,0.0,0.0,1.0,0.0,0.22833459928843883,0.2708359444781883,0.2680337973986818,0.23279565883469108,16.570786425166663
2021-09-02 00:00:00+00:00,0.03867661247033927,0.038676612470339364,0.0,0.0,1.0,0.0,0.22179642561216628,0.2579573313201057,0.2988204950270781,0.22142574804065007,17.211688310061593
2021-09-03 00:00:00+00:00,0.058287505630084446,0.05828750563008456,0.0,0.0,1.0,0.0,0.21277813097183057,0.2535549468755596,0.32235995592171834,0.21130696623089162,18.214914689337565
2021-09-04 00:00:00+00:00,-0.016130506705116177,-0.01613050670511617,0.0,0.0,1.0,0.0,0.21591859098648686,0.25427634418957284,0.3109001274403127,0.2189049373836277,17.921098885808085
2021-09-05 00:00:00+00:00,0.022250036422639452,0.022250036422639344,0.0,0.0,1.0,0.0,0.21900186665879465,0.252881754458403,0.3109218401596729,0.21719453872312952,18.31984398875104
2021-09-06 00:00:00+00:00,0.03738356795148867,0.037648390740604276,0.00025521437847230344,0.12760718923615172,1.0,0.0,0.2451623002296228,0.2394894111896508,0.2786180977790705,0.23673019080165594,19.004705121365184
2021-09-07 00:00:00+00:00,-0.07813754781936222,-0.07813754781936225,0.0,0.0,1.0,0.0,0.23666676807828288,0.22724916558778369,0.3193529561430487,0.21673111019088473,17.519724066151635
2021-09-08 00:00:00+00:00,0.03056029090994916,0.030560290909949068,0.0,0.0,0.9999999999999999,0.0,0.2256294935741593,0.22462990050575898,0.3411944278283274,0.20854617809175424,18.055131930275266
2021-09-09 00:00:00+00:00,-0.005582557907677588,-0.005582557907677567,0.0,0.0,0.9999999999999999,0.0,0.2286051074032425,0.22110909933257453,0.33748775683270144,0.21279803643148143,17.954338110743745
2021-09-10 00:00:00+00:00,-0.046544281055144965,-0.046544281055145,0.0,0.0,0.9999999999999999,0.0,0.23173937040232923,0.21727138658833037,0.3383453095365704,0.21264393347276989,17.118666351558186
2021-09-11 00:00:00+00:00,0.006528146143338853,0.006528146143338917,0.0,0.0,0.9999999999999999,0.0,0.2319382941202293,0.2197807361025626,0.33512145230675244,0.21315951747045558,17.230419507280214
2021-09-12 00:00:00+00:00,0.010730095571485743,0.010730095571485816,0.0,0.0,1.0,0.0,0.23380175001327544,0.22657908742602756,0.3227862374230669,0.2168329251376301,17.415303555330123
2021-09-13 00:00:00+00:00,-0.032154987090448395,-0.031873121839210566,0.00029114494969226755,0.14557247484613378,0.9999999999999999,0.0,0.25214582966362925,0.24918803099900355,0.2511641249311175,0.24750201440624967,16.855314694332243
2021-09-14 00:00:00+00:00,0.01685390451584956,0.016853904515849644,0.0,0.0,1.0,0.0,0.2598988470683994,0.2561936891405081,0.23123763683220372,0.25266982695888884,17.139392558775114
2021-09-15 00:00:00+00:00,0.029363583038353847,0.029363583038353902,0.0,0.0,1.0000000000000002,0.0,0.2579423529561937,0.2618705222659971,0.22471212811619007,0.2554749966616192,17.642666535401652
2021-09-16 00:00:00+00:00,-0.01866378836093807,-0.018663788360938075,0.0,0.0,1.0,0.0,0.26075285377628854,0.2634850116288544,0.219654521010043,0.25610761358481415,17.313387541062312
2021-09-17 00:00:00+00:00,-0.03210188054099872,-0.032101880540998703,0.0,0.0,1.0000000000000002,0.0,0.2669303092641013,0.25939998181646345,0.21992141940650065,0.25374828951293477,16.757595242459114
2021-09-18 00:00:00+00:00,0.0430557228767281,0.04305572287672811,0.0,0.0,1.0,0.0,0.2612831234002359,0.2513073643411686,0.24174348440111332,0.2456660278574823,17.47910561929881
2021-09-19 00:00:00+00:00,-0.03837941711141346,-0.03837941711141341,0.0,0.0,1.0000000000000002,0.0,0.2657979632732829,0.2531928917922471,0.22696863301387968,0.2540405119205905,16.80826773400129
2021-09-20 00:00:00+00:00,-0.1087382905910923,-0.10865617512412615,9.212546794448168e-05,0.04606273397224084,1.0,0.0,0.25539080468432446,0.2508779941796196,0.24374078087180912,0.2499904202642469,14.980565432808579
2021-09-21 00:00:00+00:00,-0.060372660897932695,-0.06037266089793266,0.0,0.0,1.0,0.0,0.2573778364232912,0.2481113427510245,0.24285314225731633,0.251657678568368,14.076148835874333
2021-09-22 00:00:00+00:00,0.11714012856605183,0.11714012856605173,0.0,0.0,1.0,0.0,0.24629604225242469,0.24699602383714514,0.25887215919725,0.24783577471318013,15.725030720223533
2021-09-23 00:00:00+00:00,0.01981620146111651,0.019816201461116408,0.0,0.0,0.9999999999999998,0.0,0.2488248532390281,0.24813872512741048,0.257066018938347,0.24597040269521422,16.036641096957727
2021-09-24 00:00:00+00:00,-0.06582560745634203,-0.06582560745634201,0.0,0.0,0.9999999999999999,0.0,0.25415971868485254,0.24673320172815646,0.2553720903139633,0.24373498927302747,14.981019455191145
2021-09-25 00:00:00+00:00,-0.010693376196895699,-0.010693376196895676,0.0,0.0,0.9999999999999998,0.0,0.25606707902810644,0.24885673863692645,0.25245426375968966,0.2426219185752772,14.820821778343772
2021-09-26 00:00:00+00:00,0.010119014555195038,0.010119014555194959,0.0,0.0,0.9999999999999998,0.0,0.25641453411529563,0.2579591948441351,0.24928231270808177,0.23634395833248717,14.970793889638784
2021-09-27 00:00:00+00:00,-0.021924289166402322,-0.02186805155234811,5.749491583772359e-05,0.028747457918861796,1.0,0.0,0.24958722124623967,0.24434430129996934,0.2567946705757268,0.24927380687806422,14.642569875351734
2021-09-28 00:00:00+00:00,-0.026330616985000166,-0.02633061698500012,0.0,0.0,1.0,0.0,0.24951074556623723,0.24068917348022573,0.25576926508988845,0.2540308158636486,14.257021976287746
2021-09-29 00:00:00+00:00,0.03932073123598179,0.03932073123598175,0.0,0.0,0.9999999999999999,0.0,0.24299267587042425,0.23532296053819357,0.25171365431188303,0.26997070927949907,14.817618505642843
2021-09-30 00:00:00+00:00,0.05179708138062078,0.05179708138062077,0.0,0.0,0.9999999999999999,0.0,0.24379875254041639,0.23552115061696688,0.250182903570006,0.2704971932726107,15.585127897246618
2021-10-01 00:00:00+00:00,0.10780059403438003,0.10780059403437992,0.0,0.0,0.9999999999999998,0.0,0.24177864156389067,0.23451655509625888,0.2581684456143742,0.2655363577254761,17.265213942671593
2021-10-02 00:00:00+00:00,0.018289165662128015,0.018289165662127918,0.0,0.0,0.9999999999999998,0.0,0.23493702053546375,0.2357219992637673,0.2651084918659638,0.2642324883348049,17.580980300661196
2021-10-03 00:00:00+00:00,0.01329672821149197,0.01329672821149208,0.0,0.0,0.9999999999999999,0.0,0.2346047376210542,0.23468606771966485,0.26780661046429743,0.26290258419498336,17.814749817410682
2021-10-04 00:00:00+00:00,-0.007953859827115717,-0.007831985104299222,0.0001228367786371235,0.06141838931856175,1.0,0.0,0.25733138961113833,0.2496570007998451,0.2434379044287288,0.24957370516028773,17.67305379450786
2021-10-05 00:00:00+00:00,0.026773847877624712,0.026773847877624733,0.0,0.0,1.0,0.0,0.2620618596915635,0.2524218054667987,0.23355778427494722,0.2519585505666906,18.14622944833509
2021-10-06 00:00:00+00:00,0.004548171393760736,0.004548171393760781,0.0,0.0,1.0,0.0,0.2803528715191611,0.25552472993633385,0.21733358378959902,0.24678881475490613,18.22876161001663
2021-10-07 00:00:00+00:00,-0.004302231444883731,-0.004302231444883698,0.0,0.0,1.0000000000000002,0.0,0.27377734500197337,0.25753260089871105,0.21878322250119606,0.2499068315981197,18.150337258616727
2021-10-08 00:00:00+00:00,-0.005269558697307719,-0.005269558697307709,0.0,0.0,1.0000000000000002,0.0,0.276099893611406,0.257140328892673,0.22652936641811786,0.24023041107780332,18.054692991056516
2021-10-09 00:00:00+00:00,0.004455050441855901,0.0044550504418558404,0.0,0.0,1.0000000000000002,0.0,0.2799394638700629,0.25684044541047185,0.22257215498849064,0.24064793573097473,18.135127559043895
2021-10-10 00:00:00+00:00,-0.03634619924909244,-0.03634619924909245,0.0,0.0,1.0,0.0,0.2889610890642209,0.25455315485186214,0.21735637393016638,0.23912938215375068,17.475984599375177
2021-10-11 00:00:00+00:00,0.023050318636964162,0.023228418680933394,0.00017405697566433197,0.08702848783216599,0.9999999999999999,0.0,0.2568958287286156,0.25347736466057,0.23973825324503664,0.24988855336577762,17.878811612885453
2021-10-12 00:00:00+00:00,0.02098665671081079,0.02098665671081082,0.0,0.0,1.0,0.0,0.24516002109547544,0.24471420855698509,0.24707065172481957,0.26305511862271985,18.254028094602337
2021-10-13 00:00:00+00:00,0.022926810482389426,0.022926810482389363,0.0,0.0,0.9999999999999998,0.0,0.24554560153538643,0.24717627906025988,0.2347159228116664,0.2725621965926871,18.672534737267497
2021-10-14 00:00:00+00:00,0.01673457356315744,0.01673457356315746,0.0,0.0,0.9999999999999999,0.0,0.24140777675532518,0.25546820517044144,0.23390890727416677,0.26921511080006644,18.985011643438913
2021-10-15 00:00:00+00:00,0.044945090297279,0.04494509029727892,0.0,0.0,0.9999999999999998,0.0,0.24844539692779716,0.24948207817535023,0.2434558178957073,0.2586167070011451,19.838294706048167
2021-10-16 00:00:00+00:00,-0.018801011669753565,-0.018801011669753537,0.0,0.0,0.9999999999999998,0.0,0.249934330117123,0.25173718429434805,0.23958897450674724,0.2587395110817815,19.465314695771745
2021-10-17 00:00:00+00:00,0.010596933660586005,0.01059693366058594,0.0,0.0,0.9999999999999996,0.0,0.24996543191138051,0.250205782337749,0.2409441957993506,0.2588845899515196,19.671587344285268
2021-10-18 00:00:00+00:00,-0.001965830301318805,-0.0019295389730721035,3.636148915707488e-05,0.01818074457853744,1.0,0.0,0.2524263360448571,0.2438393563923807,0.245805626243025,0.2579286813197373,19.632916341808833
2021-10-19 00:00:00+00:00,0.017394154904038395,0.017394154904038363,0.0,0.0,1.0,0.0,0.2572138590723417,0.24811952577043875,0.23952725114366194,0.2551393640135577,19.974414329876282
2021-10-20 00:00:00+00:00,0.06420079611772334,0.06420079611772342,0.0,0.0,1.0000000000000002,0.0,0.24816702777562774,0.25025348507553385,0.25534845469503265,0.24623103245380587,21.2567876318396
2021-10-21 00:00:00+00:00,-0.015914851381265915,-0.015914851381265874,0.0,0.0,1.0,0.0,0.23762974813188315,0.24767816897377395,0.27965245317693693,0.2350396297174061,20.918489015835743
2021-10-22 00:00:00+00:00,0.0020645332791986437,0.0020645332791985518,0.0,0.0,1.0,0.0,0.23140196046617934,0.24223977098478106,0.28761884457735193,0.23873942397168774,20.961675932559487
2021-10-23 00:00:00+00:00,0.01939786529719978,0.01939786529719979,0.0,0.0,1.0,0.0,0.22923737913095585,0.24929224166639805,0.28424441138412626,0.2372259678185199,21.36828769870283
2021-10-24 00:00:00+00:00,-0.005113455713395498,-0.005113455713395452,0.0,0.0,1.0,0.0,0.22878192639378278,0.24547443272562874,0.2920623874582849,0.23368125342230373,21.259021905884417
2021-10-25 00:00:00+00:00,0.031687423782381874,0.03186103393683215,0.00016824954983313929,0.08412477491656964,1.0,0.0,0.2511456466479177,0.25047257801480033,0.25136546349611716,0.2470163118411648,21.932665542215116
2021-10-26 00:00:00+00:00,-0.03155235707880477,-0.031552357078804744,0.0,0.0,1.0,0.0,0.2480224434766928,0.25318874762731136,0.2473526209142087,0.2514361879817872,21.24063824733715
2021-10-27 00:00:00+00:00,-0.05530919761252695,-0.05530919761252696,0.0,0.0,1.0,0.0,0.2542080614211624,0.2544200514487462,0.24163390722714892,0.24973797990294255,20.06583558909898
2021-10-28 00:00:00+00:00,0.07143021411979489,0.07143021411979492,0.0,0.0,1.0,0.0,0.2460438544976558,0.2594980775928881,0.23887637736503162,0.2555816905444246,21.499142521720923
2021-10-29 00:00:00+00:00,0.04085716526749206,0.040857165267492127,0.0,0.0,1.0000000000000002,0.0,0.24293309262129067,0.2570413653209358,0.2353613868779852,0.26466415517978853,22.37753654084024
2021-10-30 00:00:00+00:00,-0.013569989297528617,-0.013569989297528602,0.0,0.0,1.0000000000000002,0.0,0.24471436451958078,0.2549039930866993,0.23303789469638617,0.26734374769733393,22.07387360947598
2021-10-31 00:00:00+00:00,0.0019342119598264595,0.0019342119598264587,0.0,0.0,1.0,0.0,0.24203331884497534,0.2523402058509837,0.24071772560802224,0.26490874969601885,22.116569159811128
2021-11-01 00:00:00+00:00,0.014635202874763387,0.014705213295233222,6.899582218800999e-05,0.03449791109400499,1.0,0.0,0.24481474626642313,0.24821295796176165,0.24805573879249188,0.2589165569793233,22.4402496363587
2021-11-02 00:00:00+00:00,0.04682658614935997,0.04682658614935998,0.0,0.0,0.9999999999999999,0.0,0.2427306684485735,0.2519449587548374,0.25659887512860646,0.24872549766798255,23.491049919168795
2021-11-03 00:00:00+00:00,0.03200358790201929,0.03200358790201925,0.0,0.0,0.9999999999999999,0.0,0.23399762390762874,0.24485899071652562,0.27404497644763826,0.2470984089282072,24.242847800167638
2021-11-04 00:00:00+00:00,-0.009383044769971982,-0.009383044769971984,0.0,0.0,0.9999999999999998,0.0,0.230575073092488,0.24336376117875516,0.28083516237466505,0.24522600335409162,24.01537607390705
2021-11-05 00:00:00+00:00,0.003931160399846423,0.003931160399846416,0.0,0.0,0.9999999999999998,0.0,0.227970724257013,0.23930492884254392,0.2672580023970161,0.2654663445034268,24.109784369316213
2021-11-06 00:00:00+00:00,0.0429420365435933,0.04294203654359332,0.0,0.0,0.9999999999999998,0.0,0.22048688781977133,0.23169593894532706,0.2805396531470622,0.2672775200878393,25.145107610761546
2021-11-07 00:00:00+00:00,0.006720768500031227,0.006720768500031228,0.0,0.0,0.9999999999999999,0.0,0.22543874246504422,0.23496762121375475,0.2691877487086476,0.27040588761255335,25.314102057921847
2021-11-08 00:00:00+00:00,0.027454379981616928,0.027617128377050548,0.00015837454528480394,0.07918727264240197,1.0,0.0,0.2596307533586535,0.25358670079694356,0.24196555118627663,0.2448169946581263,26.009085034713465
2021-11-09 00:00:00+00:00,-0.022156005855202943,-0.02215600585520289,0.0,0.0,1.0,0.0,0.26324016891401847,0.25525206842669995,0.23826850385733478,0.24323925880194688,25.43282759439588
2021-11-10 00:00:00+00:00,-0.0276589456191062,-0.02765894561910616,0.0,0.0,1.0000000000000002,0.0,0.26237660665660456,0.25676320176393574,0.23889597998534084,0.24196421159411902,24.72938239902238
2021-11-11 00:00:00+00:00,0.01045392970851533,0.010453929708515258,0.0,0.0,1.0,0.0,0.2592292163409286,0.25906520414750517,0.2367084577954602,0.24499712171610608,24.987901624356756
2021-11-12 00:00:00+00:00,-0.011122404388478557,-0.011122404388478573,0.0,0.0,1.0,0.0,0.25950609718004336,0.25900728042661214,0.2343647099984688,0.24712191239487574,24.70997607767114
2021-11-13 00:00:00+00:00,0.022275143624291838,0.02227514362429181,0.0,0.0,1.0,0.0,0.2548720751911672,0.25221228077487523,0.24242378111914387,0.25049186291481373,25.26039434375408
2021-11-14 00:00:00+00:00,0.0010470276854781524,0.0010470276854780954,0.0,0.0,0.9999999999999999,0.0,0.25911032805574247,0.250984473342342,0.2392130148259608,0.2506921837759547,25.286842675978086
2021-11-15 00:00:00+00:00,-0.017655159296132705,-0.017612771310248493,4.3147940696156684e-05,0.021573970348078342,1.0,0.0,0.2470542791654912,0.2510316516268001,0.2540022422620596,0.24791182694564914,24.840399440437448
2021-11-16 00:00:00+00:00,-0.07125828882578811,-0.07125828882578808,0.0,0.0,1.0,0.0,0.25117216978778295,0.24931567395670584,0.25157058757050865,0.2479415686850026,23.07031508256281
2021-11-17 00:00:00+00:00,0.0010359482420680965,0.0010359482420681616,0.0,0.0,1.0000000000000002,0.0,0.2521070385784084,0.2537008814267867,0.2510923010133403,0.24309977898146481,23.094214734916548
2021-11-18 00:00:00+00:00,-0.0782010076212718,-0.0782010076212718,0.0,0.0,1.0,0.0,0.2578438387948897,0.25653531747028596,0.24288962816679796,0.24273121556802654,21.28822387242405
2021-11-19 00:00:00+00:00,0.07176808818881764,0.07176808818881766,0.0,0.0,1.0000000000000002,0.0,0.24550648852826926,0.2571940677462897,0.24991581761913595,0.2473836261063053,22.816039000683475
2021-11-20 00:00:00+00:00,0.02674929968789086,0.026749299687890932,0.0,0.0,1.0000000000000004,0.0,0.24590777113360174,0.2573421238887882,0.2461075211174864,0.250642583860124,23.426352065603364
2021-11-21 00:00:00+00:00,-0.007231219928885313,-0.0072312199288853615,0.0,0.0,1.0000000000000002,0.0,0.24317777655372155,0.2502589085668784,0.2626165072524534,0.24394680762694695,23.25695096168549
2021-11-22 00:00:00+00:00,-0.04712527995284588,-0.04707620279231314,5.150166327732653e-05,0.025750831638663263,1.0,0.0,0.25172592709605734,0.25166970737741584,0.24530496594819914,0.25129939957832764,22.160960636766454
2021-11-23 00:00:00+00:00,0.04267199699928015,0.042671996999280135,0.0,0.0,0.9999999999999999,0.0,0.24699304246358908,0.25632431235262904,0.2420100356394591,0.2546726095443227,23.10661308255972
2021-11-24 00:00:00+00:00,-0.02358875483456979,-0.023588754834569844,0.0,0.0,0.9999999999999998,0.0,0.2511885383074493,0.25832139987826996,0.2299737894446166,0.2605162723696639,22.561556851497954
2021-11-25 00:00:00+00:00,0.04955992169145729,0.04955992169145735,0.0,0.0,0.9999999999999998,0.0,0.24695938875784032,0.2607857003845332,0.22356578793942827,0.2686891229181981,23.679705842295554
2021-11-26 00:00:00+00:00,-0.09031978584018763,-0.09031978584018766,0.0,0.0,0.9999999999999998,0.0,0.24736751685929,0.25605702590851515,0.2251950022423311,0.2713804549898635,21.54095988186078
2021-11-27 00:00:00+00:00,0.014300855169433913,0.014300855169433812,0.0,0.0,0.9999999999999998,0.0,0.24838643387859904,0.2558257298543336,0.22244695539891302,0.27334088086815406,21.849014029341856
2021-11-28 00:00:00+00:00,0.038513488515106165,0.03851348851510607,0.0,0.0,0.9999999999999996,0.0,0.25035825914444815,0.2583374271771632,0.22305475234215522,0.268249561336233,22.690495780227305
2021-11-29 00:00:00+00:00,0.019966781724625182,0.02007672660473858,0.00010778099063137825,0.053890495315689124,1.0,0.0,0.24722492629741738,0.253626178413516,0.24921900819690992,0.24992988709215672,23.143551956694633
2021-11-30 00:00:00+00:00,0.012060595745921221,0.012060595745921146,0.0,0.0,0.9999999999999999,0.0,0.2407877500353572,0.26107493774268387,0.25158188038120355,0.24655543184075526,23.42267698096905
2021-12-01 00:00:00+00:00,0.025987295645569786,0.025987295645569806,0.0,0.0,0.9999999999999999,0.0,0.23565109875074963,0.2518627138879217,0.27024556916853154,0.24224061819279707,24.031369012484177
2021-12-02 00:00:00+00:00,-0.005307556185854545,-0.005307556185854529,0.0,0.0,0.9999999999999999,0.0,0.23400925350568355,0.2492507435914893,0.2761563839109544,0.24058361899187272,23.903821171227413
2021-12-03 00:00:00+00:00,-0.06388053427662044,-0.0638805342766205,0.0,0.0,0.9999999999999999,0.0,0.23721798301404873,0.24876958058951626,0.2672931550588141,0.24671928133762075,22.376832303556615
2021-12-04 00:00:00+00:00,-0.050339547444932964,-0.050339547444933005,0.0,0.0,0.9999999999999998,0.0,0.2290610343014459,0.2558807118024272,0.2668734095396631,0.24818484435646357,21.25039269214442
2021-12-05 00:00:00+00:00,-0.0042289342352516135,-0.004228934235251574,0.0,0.0,0.9999999999999998,0.0,0.23117509863479987,0.26190984719344323,0.26241107577187744,0.24450397839987922,21.16052617897607
2021-12-06 00:00:00+00:00,0.02383892854251557,0.0239385410640294,9.728369186128316e-05,0.04864184593064158,1.0,0.0,0.24932340305619766,0.25294825270712373,0.24052693431446823,0.2572014099222104,21.664970450478712
2021-12-07 00:00:00+00:00,-0.009658899236555052,-0.009658899236555055,0.0,0.0,1.0,0.0,0.25248895520972825,0.2529965878717236,0.23869465811539162,0.25581979880315664,21.455710683934594
2021-12-08 00:00:00+00:00,0.025205540980799412,0.02520554098079946,0.0,0.0,1.0,0.0,0.2457080128139194,0.2542552749062818,0.23817439482336633,0.26186231745643257,21.996513478850684
2021-12-09 00:00:00+00:00,-0.0658290538769194,-0.0658290538769194,0.0,0.0,1.0,0.0,0.24772574305722822,0.2518511058980894,0.2372324245912708,0.2631907264534117,20.54850380794704
2021-12-10 00:00:00+00:00,-0.040883671093887464,-0.040883671093887436,0.0,0.0,1.0,0.0,0.25613721737541123,0.24932629496034,0.22864504078251108,0.2658914468817378,19.70840553679144
2021-12-11 00:00:00+00:00,0.0367869238060754,0.03678692380607537,0.0,0.0,1.0,0.0,0.25883771729941635,0.2522850570981402,0.22680352111951324,0.2620737044829303,20.43341714961262
2021-12-12 00:00:00+00:00,0.00950830285679749,0.009508302856797402,0.0,0.0,0.9999999999999999,0.0,0.2598463670610097,0.25237268993827716,0.22555476192186064,0.2622261810788524,20.627704268270417
2021-12-13 00:00:00+00:00,-0.08501072289592027,-0.08492124562387632,9.778095231255735e-05,0.04889047615627867,1.0,0.0,0.25490958245781686,0.25017495050292443,0.24533195706435498,0.2495835099749038,18.87412821674149
2021-12-14 00:00:00+00:00,0.026934665360713872,0.02693466536071384,0.0,0.0,1.0,0.0,0.25690942906951486,0.24857779060373864,0.24821002337896847,0.2463027569477781,19.38249654423463
2021-12-15 00:00:00+00:00,0.04585813072146938,0.045858130721469416,0.0,0.0,1.0,0.0,0.24832803316203897,0.2475667117382586,0.2627592539475894,0.24134600115211313,20.27134160446857
2021-12-16 00:00:00+00:00,-0.019045474995129208,-0.0190454749951292,0.0,0.0,1.0000000000000002,0.0,0.24676378927271939,0.24857908604837428,0.2654001855693928,0.23925693910951365,19.88526427482294
2021-12-17 00:00:00+00:00,-0.01545115648932427,-0.015451156489324276,0.0,0.0,1.0000000000000002,0.0,0.24275120430250302,0.24714375962909496,0.26741656110507556,0.2426884749633266,19.578013944681082
2021-12-18 00:00:00+00:00,0.02407932078107744,0.02407932078107744,0.0,0.0,1.0000000000000002,0.0,0.24064336707811584,0.24659465821164825,0.2719917619270666,0.24077021278316946,20.049439222711467
2021-12-19 00:00:00+00:00,-0.009150688249355499,-0.009150688249355547,0.0,0.0,1.0,0.0,0.24207116337173443,0.24662269356827435,0.27017840198446363,0.2411277410755277,19.865973054810034
2021-12-20 00:00:00+00:00,-0.00859630857999416,-0.008516282351931137,8.071360793785431e-05,0.04035680396892716,1.0,0.0,0.2534055227058879,0.25346973513376503,0.24373777416823883,0.24938696799210822,19.695199020189037
2021-12-21 00:00:00+00:00,0.02524855826241912,0.025248558262419223,0.0,0.0,1.0,0.0,0.2575618285191733,0.2515952789679331,0.2455550010941295,0.24528789141876414,20.19247440014022
2021-12-22 00:00:00+00:00,-0.0030460628800538236,-0.0030460628800538423,0.0,0.0,1.0,0.0,0.2567664760211001,0.2501700234901763,0.2446049031783539,0.2484585973103697,20.130966853413515
2021-12-23 00:00:00+00:00,0.043399866292408884,0.043399866292408974,0.0,0.0,1.0000000000000002,0.0,0.2574853139021657,0.2477112210486307,0.2498070238595774,0.2449964411896263,21.004648123188577
2021-12-24 00:00:00+00:00,-0.006713280846437408,-0.006713280846437445,0.0,0.0,1.0,0.0,0.2591295543557862,0.24543907698995504,0.2518790828134511,0.24355228584080765,20.863638021257017
2021-12-25 00:00:00+00:00,0.006669553466075895,0.006669553466075939,0.0,0.0,1.0,0.0,0.25528372723158493,0.2467057976035411,0.2537064277159214,0.24430404744895265,21.002789170536644
2021-12-26 00:00:00+00:00,0.005981729458711671,0.005981729458711771,0.0,0.0,1.0000000000000002,0.0,0.25565799798585337,0.24339462433779138,0.2584952821283171,0.24245209554803832,21.128422173233155
2021-12-27 00:00:00+00:00,0.0030838278281959397,0.003140618748880053,5.66131204566816e-05,0.0283065602283408,1.0,0.0,0.24885389874308772,0.2476012673318578,0.24648391176079698,0.2570609221642575,21.193578589496845
2021-12-28 00:00:00+00:00,-0.067121813632542,-0.06712181363254194,0.0,0.0,1.0,0.0,0.2501454220598791,0.24934446162676735,0.23937398127995524,0.2611361350333984,19.771027157206007
2021-12-29 00:00:00+00:00,-0.034947471626106674,-0.03494747162610673,0.0,0.0,1.0,0.0,0.25332090312061323,0.24729920263946897,0.2387660307350242,0.2606138635048937,19.080079746610565
2021-12-30 00:00:00+00:00,0.013672727087905123,0.013672727087905182,0.0,0.0,1.0,0.0,0.2534334260228426,0.24927874033893907,0.23814041575547554,0.259147417882743,19.340956469801437
2021-12-31 00:00:00+00:00,-0.014109103339353224,-0.014109103339353257,0.0,0.0,1.0,0.0,0.2521289640135772,0.25059328616245147,0.23802035358939364,0.2592573962345778,19.068072916287075
2022-01-01 00:00:00+00:00,0.03503222043680698,0.03503222043680701,0.0,0.0,1.0000000000000002,0.0,0.2515315220329122,0.24799409139494633,0.24220568872619402,0.2582686978459476,19.736069849995552
2022-01-02 00:00:00+00:00,-9.60493024751985e-05,-9.604930247521649e-05,0.0,0.0,1.0000000000000002,0.0,0.24925491041960862,0.2521390967153849,0.23854939049863752,0.260056602366369,19.734174214252857
2022-01-03 00:00:00+00:00,-0.026334634983816274,-0.026287134547419905,4.87827963270156e-05,0.0243913981635078,0.9999999999999999,0.0,0.25218782855005056,0.25257614011823204,0.2477220654515751,0.2475139658801423,19.214481939613467
2022-01-04 00:00:00+00:00,-0.00795788881292947,-0.007957888812929474,0.0,0.0,1.0,0.0,0.250849745875753,0.25590097560588576,0.24618681780672386,0.2470624607116374,19.061575228739983
2022-01-05 00:00:00+00:00,-0.06501307124822664,-0.06501307124822667,0.0,0.0,1.0,0.0,0.25435506911147265,0.2559588929365792,0.24249058284527092,0.2471954551066772,17.822323680290477
2022-01-06 00:00:00+00:00,-0.01920376258918799,-0.019203762589187958,0.0,0.0,1.0,0.0,0.25713388492910744,0.2511644486148053,0.24051657561186468,0.25118509084422264,17.480068007546517
2022-01-07 00:00:00+00:00,-0.05957927285877629,-0.05957927285877624,0.0,0.0,1.0,0.0,0.26380406706386333,0.250760343256394,0.23218358474314224,0.2532520049366005,16.438618266134938
2022-01-08 00:00:00+00:00,-0.009201360102364275,-0.009201360102364229,0.0,0.0,1.0,0.0,0.2669794522784612,0.24377633202379695,0.2440789403314375,0.24516527536630447,16.28736061988293
2022-01-09 00:00:00+00:00,0.009736343086074406,0.009736343086074354,0.0,0.0,1.0,0.0,0.2655779426106581,0.24698850782541137,0.23954801875053403,0.24788553081339662,16.445939950844725
2022-01-10 00:00:00+00:00,-0.022610563492965086,-0.022549656831562515,6.231177044263214e-05,0.03115588522131607,1.0,0.0,0.2555100798669672,0.2501603302273586,0.24672243247381226,0.2476071574318619,16.074087981384658
2022-01-11 00:00:00+00:00,0.04878495061349164,0.04878495061349174,0.0,0.0,1.0,0.0,0.24890715529324675,0.2506603262386777,0.24277924367019346,0.2576532747978822,16.858261569713427
2022-01-12 00:00:00+00:00,0.05007400883977309,0.05007400883977304,0.0,0.0,1.0,0.0,0.24354685804076037,0.24842363899039524,0.2498545382316634,0.25817496473718105,17.702422308578463
2022-01-13 00:00:00+00:00,-0.03268679660792417,-0.032686796607924194,0.0,0.0,1.0,0.0,0.24406722420981192,0.24684056175704458,0.24914196065920702,0.2599502533739365,17.12378683111038
2022-01-14 00:00:00+00:00,0.016148705653850737,0.016148705653850626,0.0,0.0,0.9999999999999998,0.0,0.24301945008513906,0.2479258656234713,0.2452664712922347,0.26378821299915484,17.400313824325266
2022-01-15 00:00:00+00:00,0.006444502389419293,0.006444502389419253,0.0,0.0,0.9999999999999999,0.0,0.24159977210151437,0.24776017060728273,0.24607991811203309,0.26456013917916965,17.512450188342775
2022-01-16 00:00:00+00:00,0.004257435867598636,0.0042574358675986565,0.0,0.0,0.9999999999999998,0.0,0.2405050133531855,0.24822129720416217,0.24565090037095708,0.26562278907169506,17.58700832190416
2022-01-17 00:00:00+00:00,-0.040944434782945405,-0.040884498546246956,6.249115628678064e-05,0.031245578143390323,1.0,0.0,0.25539166178564604,0.24997086648299752,0.24626591766902628,0.2483715540623302,16.86691820664084
2022-01-18 00:00:00+00:00,-0.002192290422268872,-0.002192290422268851,0.0,0.0,1.0,0.0,0.25686550611260384,0.2466307770334229,0.24947259756060722,0.24703111929336607,16.82994102340323
2022-01-19 00:00:00+00:00,-0.025896729372245963,-0.02589672937224591,0.0,0.0,1.0,0.0,0.25938502373732225,0.24711151802064943,0.24506837257823494,0.24843508566379344,16.394100595369295
2022-01-20 00:00:00+00:00,-0.03831714423127397,-0.038317144231273984,0.0,0.0,1.0,0.0,0.2633810495045725,0.25008024308848675,0.24034149460850573,0.24619721279843507,15.765925478314516
2022-01-21 00:00:00+00:00,-0.12395954066677994,-0.12395954066677992,0.0,0.0,1.0,0.0,0.2693464416045813,0.24418846367343736,0.24143811888449906,0.24502697583748234,13.811588597835966
2022-01-22 00:00:00+00:00,-0.07921257579322405,-0.0792125757932241,0.0,0.0,1.0,0.0,0.2814903848446163,0.2491552816305563,0.22092872719450862,0.2484256063303188,12.717537089205056
2022-01-23 00:00:00+00:00,0.05241189770687149,0.0524118977068714,0.0,0.0,1.0,0.0,0.2764185454608778,0.24919385992083437,0.22140244681737214,0.2529851478009157,13.384087342207815
2022-01-24 00:00:00+00:00,-0.03492092540670522,-0.03480740449863848,0.00011761477304717394,0.05880738652358697,1.0,0.0,0.2619871086631446,0.24887130788137465,0.238759775935361,0.25038180752011974,12.916702626493748
2022-01-25 00:00:00+00:00,0.02053009179515497,0.02053009179515497,0.0,0.0,1.0,0.0,0.25880324740348126,0.24581201363893043,0.2408526707790913,0.254532068178497,13.181883717106384
2022-01-26 00:00:00+00:00,-0.013735054853760587,-0.013735054853760573,0.0,0.0,0.9999999999999998,0.0,0.2613347461005271,0.2496366384278313,0.2376534007250633,0.25137521474657826,13.000829821176035
2022-01-27 00:00:00+00:00,0.001764628568190707,0.0017646285681906966,0.0,0.0,0.9999999999999999,0.0,0.2633753953942819,0.2452530514856407,0.23053831522713492,0.26083323789294244,13.023771456888667
2022-01-28 00:00:00+00:00,0.018246368122082135,0.018246368122082152,0.0,0.0,0.9999999999999999,0.0,0.2625291488099041,0.25287822321459474,0.23106131458146278,0.25353131339403834,13.261407985228924
2022-01-29 00:00:00+00:00,0.02318273388594605,0.02318273388594596,0.0,0.0,0.9999999999999999,0.0,0.25964396203900153,0.2526296338299423,0.23769211436605706,0.250034289764999,13.568843677503446
2022-01-30 00:00:00+00:00,-0.016894052372828927,-0.01689405237282892,0.0,0.0,0.9999999999999998,0.0,0.26213309016844477,0.2569946212608032,0.23450957138314887,0.246362717187603,13.339610921776975
2022-01-31 00:00:00+00:00,0.026848541757202193,0.026927112819093796,7.651084571699219e-05,0.03825542285849609,1.0000000000000002,0.0,0.247205166605352,0.2514236622185341,0.2597335539829702,0.24163761719314372,13.697760022635135
2022-02-01 00:00:00+00:00,0.04451435470766807,0.04451435470766804,0.0,0.0,1.0,0.0,0.23807083288374126,0.2497155151918802,0.2748803952046404,0.23733325671973815,14.307506970983232
2022-02-02 00:00:00+00:00,-0.05136708006459689,-0.051367080064596865,0.0,0.0,1.0,0.0,0.23929927954370112,0.2531109183242858,0.2684782908503984,0.23911151128161465,13.572572114879957
2022-02-03 00:00:00+00:00,0.0072194240497613915,0.00721942404976148,0.0,0.0,1.0,0.0,0.24026026612638748,0.2526993307244877,0.2663446785021743,0.24069572464695058,13.670558268423243
2022-02-04 00:00:00+00:00,0.10150369498884926,0.10150369498884915,0.0,0.0,0.9999999999999999,0.0,0.2430219403543344,0.2549299734164266,0.26744618430704925,0.2346019019221897,15.058170445228567
2022-02-05 00:00:00+00:00,0.011369357424294346,0.011369357424294362,0.0,0.0,1.0,0.0,0.239196974144016,0.253549624045497,0.2670458017272157,0.24020760008327122,15.229372167176317
2022-02-06 00:00:00+00:00,0.0164449854257549,0.016444985425754937,0.0,0.0,1.0,0.0,0.24100380448107567,0.252954884396188,0.2662362996043693,0.239805011518367,15.479818970508928
2022-02-07 00:00:00+00:00,0.02857278686945719,0.02865175104956469,7.676473600222927e-05,0.038382368001114636,1.0,0.0,0.25140401987969385,0.24978034430137402,0.2479074292965999,0.2509082065223322,15.92212053873106
2022-02-08 00:00:00+00:00,-0.024197602334888102,-0.024197602334888123,0.0,0.0,0.9999999999999999,0.0,0.2588312941090505,0.25409267831764587,0.24513050541757553,0.24194552215572804,15.536843397606692
2022-02-09 00:00:00+00:00,0.02230505275559791,0.022305052755597948,0.0,0.0,0.9999999999999999,0.0,0.25507937046817053,0.2586695621370384,0.24088129431536204,0.24536977307942895,15.883393509245773
2022-02-10 00:00:00+00:00,-0.039901598815075046,-0.03990159881507509,0.0,0.0,0.9999999999999998,0.0,0.2604278137296723,0.25519631090157235,0.23376398926531353,0.2506118861034417,15.249620713617881
2022-02-11 00:00:00+00:00,-0.0488740306077724,-0.04887403060777243,0.0,0.0,1.0,0.0,0.2667486878660901,0.255662533143935,0.22343909079108432,0.25414968819889044,14.504310284103601
2022-02-12 00:00:00+00:00,-0.0007493832763949548,-0.0007493832763950103,0.0,0.0,0.9999999999999998,0.0,0.26596683798566123,0.25507120101326153,0.22233261186592257,0.2566293491351545,14.49344099654105
2022-02-13 00:00:00+00:00,-0.015991857436482237,-0.01599185743648226,0.0,0.0,0.9999999999999998,0.0,0.26923788825036415,0.25500312491819993,0.21857759353109232,0.25718139330034334,14.261663954360298
2022-02-14 00:00:00+00:00,0.020765631432853926,0.02089394721113752,0.00012568962587563022,0.0628448129378151,1.0,0.0,0.24769185095747814,0.24988234504647033,0.25421984637311984,0.2482059576229316,14.557816411655763
2022-02-15 00:00:00+00:00,0.0752661700408872,0.07526617004088713,0.0,0.0,0.9999999999999998,0.0,0.24123326918828594,0.25252127565016425,0.25881906975324687,0.24742638540830272,15.653527497119464
2022-02-16 00:00:00+00:00,-0.02041148801282122,-0.02041148801282123,0.0,0.0,0.9999999999999998,0.0,0.24254866786537832,0.25282578503955744,0.2550226999704049,0.2496028471246592,15.334015708253643
2022-02-17 00:00:00+00:00,-0.07254970435566022,-0.07254970435566016,0.0,0.0,1.0,0.0,0.24150650230932155,0.25248464312654906,0.2525637131704943,0.253445141393635,14.22153740203479
2022-02-18 00:00:00+00:00,-0.0250331270011801,-0.02503312700118009,0.0,0.0,0.9999999999999999,0.0,0.2443982048825774,0.24888588551507781,0.24883055981701144,0.2578853497853333,13.865527850097621
2022-02-19 00:00:00+00:00,0.0035290195862789364,0.003529019586278926,0.0,0.0,0.9999999999999999,0.0,0.24417674382698817,0.24661233965968407,0.2518462085919257,0.257364707921402,13.914459569454712
2022-02-20 00:00:00+00:00,-0.036817359521147175,-0.0368173595211472,0.0,0.0,0.9999999999999998,0.0,0.24280624932827452,0.24291665342138988,0.2598399996920911,0.25443709755824434,13.402165908943632
2022-02-21 00:00:00+00:00,-0.05130037432173018,-0.05124619252022605,5.710838900134207e-05,0.028554194500671037,1.0,0.0,0.254039378586374,0.2580807064078781,0.24098809031851215,0.2468918246872358,12.714629781092892
2022-02-22 00:00:00+00:00,0.03742433505401688,0.03742433505401682,0.0,0.0,0.9999999999999999,0.0,0.25296192900871306,0.25538215635932665,0.24192805434093906,0.24972786029102126,13.190466346108293
2022-02-23 00:00:00+00:00,-0.022840805977171752,-0.0228408059771718,0.0,0.0,0.9999999999999999,0.0,0.25223671701066097,0.25574249383351144,0.24239581472219854,0.24962497443362897,12.88918546354842
2022-02-24 00:00:00+00:00,0.01961178561178767,0.01961178561178765,0.0,0.0,0.9999999999999998,0.0,0.2545486575680857,0.2524335225636332,0.25114072643392427,0.24187709343435665,13.141965405570103
2022-02-25 00:00:00+00:00,0.04135844187661708,0.04135844187661715,0.0,0.0,0.9999999999999999,0.0,0.25011802676767086,0.25844761807486244,0.2502894863531164,0.24114486880435018,13.685496617940887
2022-02-26 00:00:00+00:00,-0.007116766616182213,-0.00711676661618225,0.0,0.0,0.9999999999999998,0.0,0.2512528933033118,0.26137401987748365,0.2453417060425965,0.24203138077660785,13.58810013248445
2022-02-27 00:00:00+00:00,-0.045825682459603834,-0.045825682459603806,0.0,0.0,0.9999999999999998,0.0,0.2537765904042491,0.2578941999326227,0.24390513539927539,0.2444240742638526,12.965416170583918
2022-02-28 00:00:00+00:00,0.13098176378817938,0.13103456405722286,4.6683161347487624e-05,0.02334158067374381,1.0,0.0,0.2530549376446533,0.24671840049364735,0.25733810162188875,0.24288856023981065,14.663649248854782
2022-03-01 00:00:00+00:00,0.01742877235534901,0.017428772355349016,0.0,0.0,1.0,0.0,0.2559880258289593,0.24709976190585695,0.2503414187078279,0.2465707935573559,14.919218653511756
2022-03-02 00:00:00+00:00,8.560859500317264e-05,8.560859500321026e-05,0.0,0.0,1.0,0.0,0.252922434224212,0.24466952844828044,0.25549639846983724,0.24691163885767034,14.920495866859229
2022-03-03 00:00:00+00:00,-0.034579520431680444,-0.034579520431680444,0.0,0.0,1.0,0.0,0.253392814374275,0.2436898305259135,0.25134837986712305,0.25156897523268845,14.404552275180366
2022-03-04 00:00:00+00:00,-0.07494387608876318,-0.0749438760887632,0.0,0.0,1.0,0.0,0.25259478936838653,0.24373639550166332,0.25097015698790404,0.2526986581420462,13.325019294355137
2022-03-05 00:00:00+00:00,0.016474862576885574,0.016474862576885484,0.0,0.0,1.0,0.0,0.2500833620213785,0.2437227787628452,0.25048036428063375,0.25571349493514245,13.544547156063986
2022-03-06 00:00:00+00:00,-0.0371873903535791,-0.03718739035357906,0.0,0.0,0.9999999999999998,0.0,0.253300232313304,0.24232186010610293,0.24555179898447727,0.2588261085961157,13.040860793808974
2022-03-07 00:00:00+00:00,-0.01368806174835746,-0.013640218008454413,4.850536363767905e-05,0.024252681818839522,0.9999999999999999,0.0,0.2506021501291412,0.24747866931237128,0.24467700790925,0.25724217264923743,12.862356686011584
2022-03-08 00:00:00+00:00,0.01587780045074183,0.015877800450741813,0.0,0.0,0.9999999999999999,0.0,0.25150773179903213,0.2519092648651117,0.24282917462438347,0.25375382871147256,13.066582618798341
2022-03-09 00:00:00+00:00,0.06040124559243121,0.06040124559243126,0.0,0.0,1.0,0.0,0.2568458657016555,0.2514857475297531,0.2449649526176115,0.24670343415097978,13.855820484610172
2022-03-10 00:00:00+00:00,-0.054227582200790936,-0.054227582200790936,0.0,0.0,1.0,0.0,0.2552575929390759,0.2541757806794784,0.24371572829279473,0.2468508980886509,13.10445284032157
2022-03-11 00:00:00+00:00,-0.01591654128254527,-0.015916541282545254,0.0,0.0,1.0,0.0,0.25483005566675304,0.2533493517564119,0.24111196005879537,0.25070863251803965,12.895875275703425
2022-03-12 00:00:00+00:00,0.004213797648369599,0.004213797648369556,0.0,0.0,0.9999999999999999,0.0,0.2542703830078059,0.2534643924383316,0.24227294434109833,0.24999228021276407,12.95021588461385
2022-03-13 00:00:00+00:00,-0.027352883793438143,-0.027352883793438157,0.0,0.0,0.9999999999999999,0.0,0.2544825313397537,0.2552015483910241,0.24088529796235905,0.24943062230686305,12.59599013442207
2022-03-14 00:00:00+00:00,0.03609638816627281,0.03613652428112529,3.873631892311136e-05,0.01936815946155568,1.0,0.0,0.2533779011358809,0.2483553839877982,0.2489742274353158,0.2492924874410051,13.050659883652711
2022-03-15 00:00:00+00:00,0.004018440936120138,0.0040184409361200425,0.0,0.0,0.9999999999999999,0.0,0.24987624665894403,0.2500667218059822,0.25289272772567073,0.2471643038094029,13.103103189572563
2022-03-16 00:00:00+00:00,0.05066638899370424,0.05066638899370426,0.0,0.0,1.0,0.0,0.24892862718132894,0.2521968722448062,0.25502191911069055,0.24385258146317423,13.766990112800093
2022-03-17 00:00:00+00:00,0.0065418173869875584,0.006541817386987524,0.0,0.0,0.9999999999999999,0.0,0.24613105583834421,0.2540002510774532,0.2534510557014963,0.24641763738270617,13.857051248086494
2022-03-18 00:00:00+00:00,0.025650880910781604,0.025650880910781507,0.0,0.0,0.9999999999999998,0.0,0.2448996816870896,0.2588267235101189,0.2527695339191313,0.24350406088366003,14.212496819425757
2022-03-19 00:00:00+00:00,0.012350947690878744,0.012350947690878713,0.0,0.0,0.9999999999999999,0.0,0.24448184431087278,0.2567137981240811,0.25663606550445905,0.24216829206058685,14.388034624199266
2022-03-20 00:00:00+00:00,-0.02899216970577012,-0.028992169705770083,0.0,0.0,0.9999999999999998,0.0,0.24617913053456375,0.2563636235764549,0.25373358233426246,0.2437236635547187,13.970894282641984
2022-03-21 00:00:00+00:00,0.004101006359138459,0.00414156245561681,4.038882364286989e-05,0.020194411821434943,0.9999999999999999,0.0,0.24740098707723568,0.2514608395879492,0.24885650390153646,0.25228166943327857,14.02818900893795
2022-03-22 00:00:00+00:00,0.02565735308523065,0.02565735308523067,0.0,0.0,1.0,0.0,0.2492238650848713,0.2519239845889908,0.24772599155797778,0.2511261587681601,14.388115207486623
2022-03-23 00:00:00+00:00,0.023388086769980276,0.02338808676998026,0.0,0.0,0.9999999999999999,0.0,0.24650952639712753,0.2516666638621369,0.2539483180182353,0.2478754917225002,14.724625694415792
2022-03-24 00:00:00+00:00,0.036004083062736836,0.036004083062736815,0.0,0.0,0.9999999999999999,0.0,0.24409443965501346,0.24890235062445565,0.2643441654041542,0.2426590443163766,15.254772340985248
2022-03-25 00:00:00+00:00,-0.010800158642539581,-0.010800158642539585,0.0,0.0,0.9999999999999999,0.0,0.24856397973303185,0.25092263756202826,0.2575147291382895,0.24299865356665032,15.090018379646782
2022-03-26 00:00:00+00:00,0.01607092921189457,0.01607092921189448,0.0,0.0,0.9999999999999999,0.0,0.24572618190578197,0.25036744361929214,0.26148704554840746,0.24241932892651832,15.332528996832274
2022-03-27 00:00:00+00:00,0.04699755378489878,0.04699755378489888,0.0,0.0,0.9999999999999999,0.0,0.24691027530573326,0.2505827900408821,0.2627856023046613,0.23972133234872328,16.05312035301942
2022-03-28 00:00:00+00:00,0.001099775566818062,0.0011533108078455312,5.347356938217368e-05,0.02673678469108684,0.9999999999999998,0.0,0.2512821777732969,0.25253520147452796,0.2467025828681731,0.24948003788400192,16.07077518255486
2022-03-29 00:00:00+00:00,0.022802617339196196,0.022802617339196217,0.0,0.0,0.9999999999999999,0.0,0.2473097215323257,0.2519129903410882,0.25459127017987154,0.2461860179467145,16.43723091938691
2022-03-30 00:00:00+00:00,0.022461144519783316,0.022461144519783236,0.0,0.0,0.9999999999999999,0.0,0.2400065232342008,0.24531324344358257,0.26952155774113257,0.24515867558108392,16.80642993857231
2022-03-31 00:00:00+00:00,-0.018424022989998123,-0.018424022989998096,0.0,0.0,0.9999999999999999,0.0,0.23641969228770934,0.2422197240519258,0.2790575358970052,0.24230304776335956,16.496787887004263
2022-04-01 00:00:00+00:00,0.05419519537980344,0.05419519537980348,0.0,0.0,1.0,0.0,0.22807544933570675,0.2419290006500097,0.2900206124616026,0.23997493755268093,17.390834529679633
2022-04-02 00:00:00+00:00,-0.013175024525033385,-0.01317502452503336,0.0,0.0,1.0,0.0,0.22876099900429528,0.24434797620324714,0.2894142495202495,0.23747677527220803,17.161709858240307
2022-04-03 00:00:00+00:00,0.02529149556923116,0.025291495569231087,0.0,0.0,0.9999999999999999,0.0,0.22602257341979234,0.2437273538840387,0.2916927828001035,0.23855728989606537,17.595755167080423
2022-04-04 00:00:00+00:00,-0.009649483909725975,-0.009484294485045425,0.00016677113120041421,0.0833855656002071,1.0,0.0,0.2533354262166023,0.25222178307787824,0.24361806925060708,0.25082472145491236,17.425965210716203
2022-04-05 00:00:00+00:00,-0.025274679012348922,-0.025274679012348904,0.0,0.0,1.0,0.0,0.25386185361143815,0.250490642963696,0.23998611560306135,0.25566138782180453,16.985529533534994
2022-04-06 00:00:00+00:00,-0.07102734510832609,-0.07102734510832613,0.0,0.0,1.0,0.0,0.25929454356279535,0.2507684504522814,0.22995232204249197,0.2599846839424313,15.779092465508938
2022-04-07 00:00:00+00:00,0.027449474476315405,0.0274494744763155,0.0,0.0,1.0,0.0,0.2539673754829648,0.24858896725885468,0.2347674756001991,0.26267618165798157,16.212220261400347
2022-04-08 00:00:00+00:00,-0.03538789961382327,-0.035387899613823215,0.0,0.0,1.0000000000000002,0.0,0.2560595027352286,0.25492897830777683,0.22581539975242435,0.2631961192045704,15.63850383827272
2022-04-09 00:00:00+00:00,0.01777710145337652,0.017777101453376555,0.0,0.0,1.0000000000000002,0.0,0.25457578523648305,0.2556687469450498,0.22802753328107486,0.2617279345373925,15.916511107584713
2022-04-10 00:00:00+00:00,-0.016970672304835066,-0.016970672304835087,0.0,0.0,1.0000000000000002,0.0,0.2553659721313639,0.25565039938145995,0.2280422696868593,0.26094135880031705,15.646397213341626
2022-04-11 00:00:00+00:00,-0.07285418984432035,-0.07277275062079697,8.78309212525632e-05,0.0439154606262816,0.9999999999999999,0.0,0.2528114996960263,0.250825270160742,0.24189666018832437,0.25446656995490724,14.50649162038119
2022-04-12 00:00:00+00:00,0.028498304631649596,0.02849830463164952,0.0,0.0,0.9999999999999999,0.0,0.24919221803903527,0.2477955762274891,0.24362079228582464,0.2593914134476508,14.919902037715286
2022-04-13 00:00:00+00:00,0.02420684596263989,0.024206845962639827,0.0,0.0,0.9999999999999998,0.0,0.24981598336455893,0.24918122408915344,0.24180383290268614,0.2591989596436013,15.281065808119937
2022-04-14 00:00:00+00:00,-0.02990389127676185,-0.029903891276761803,0.0,0.0,0.9999999999999998,0.0,0.24997287202153665,0.24892987953184073,0.23939848340605932,0.26169876504056316,14.824102477600876
2022-04-15 00:00:00+00:00,0.008435877843405937,0.008435877843405847,0.0,0.0,0.9999999999999999,0.0,0.2516645060578737,0.24836601025350022,0.23883289044074024,0.26113659324788563,14.949156795240048
2022-04-16 00:00:00+00:00,0.002057021829923622,0.0020570218299236567,0.0,0.0,0.9999999999999999,0.0,0.25007521917294917,0.2493829659252842,0.23994128263763792,0.2606005322641286,14.979907537106808
2022-04-17 00:00:00+00:00,-0.021255328150045938,-0.021255328150045896,0.0,0.0,1.0,0.0,0.25107293053958707,0.2488662910817221,0.24056417641081063,0.25949660196788016,14.661504686748255
2022-04-18 00:00:00+00:00,0.02449078721038478,0.02453410259639427,4.2278130029869024e-05,0.02113906501493451,1.0,0.0,0.25091972556861325,0.24952475544727476,0.24942233432854805,0.2501331846555639,15.020576478215466
2022-04-19 00:00:00+00:00,0.026227113562233395,0.02622711356223339,0.0,0.0,0.9999999999999999,0.0,0.24865428779412843,0.24682248954825142,0.2576255398448671,0.246897682812753,15.414522843279835
2022-04-20 00:00:00+00:00,-0.012091464605051505,-0.01209146460505155,0.0,0.0,0.9999999999999998,0.0,0.250878771429687,0.24777253647907016,0.2537371580664758,0.2476115340247669,15.228138685916559
2022-04-21 00:00:00+00:00,-0.029896442892019426,-0.02989644289201941,0.0,0.0,1.0,0.0,0.25311909222883006,0.2477312161332134,0.2521429114043731,0.24700678023358333,14.772871507341302
2022-04-22 00:00:00+00:00,-0.00858854972909695,-0.008588549729096968,0.0,0.0,0.9999999999999998,0.0,0.2504502047035228,0.24810345123502683,0.251253697186818,0.2501926468746322,14.645993965758942
2022-04-23 00:00:00+00:00,-0.007268622868690899,-0.007268622868690938,0.0,0.0,0.9999999999999998,0.0,0.2505839485950262,0.24744393278027568,0.25329470435598056,0.2486774142687174,14.539537759084718
2022-04-24 00:00:00+00:00,-0.005999221304698099,-0.005999221304698056,0.0,0.0,0.9999999999999999,0.0,0.2521507230746344,0.24791463746769976,0.2512529302616212,0.24868170919604446,14.452311854399955
2022-04-25 00:00:00+00:00,0.021445693388280507,0.02145960016578441,1.361461334502273e-05,0.006807306672511365,1.0,0.0,0.2508026475251206,0.25192352851474675,0.24908923442410097,0.24818458953603179,14.762251703181228
2022-04-26 00:00:00+00:00,-0.05517139800028026,-0.05517139800028026,0.0,0.0,1.0,0.0,0.2502571454171005,0.2491681755543565,0.249849507338256,0.2507251716902871,13.947797639084701
2022-04-27 00:00:00+00:00,0.02483031263733304,0.02483031263733305,0.0,0.0,1.0,0.0,0.2513894905024389,0.24999065534060153,0.25054685829543766,0.24807299586152198,14.29412581506543
2022-04-28 00:00:00+00:00,0.017103695934772567,0.017103695934772484,0.0,0.0,1.0,0.0,0.25035175108554353,0.24986799613307722,0.24603308296977666,0.2537471698116026,14.538608196659691
2022-04-29 00:00:00+00:00,-0.03695399777487962,-0.03695399777487961,0.0,0.0,1.0,0.0,0.2524624319759117,0.24887333807538334,0.24436856581126223,0.25429566413744276,14.001348501710483
2022-04-30 00:00:00+00:00,-0.048859223806088314,-0.048859223806088356,0.0,0.0,1.0000000000000002,0.0,0.258792613522024,0.25325572033779625,0.23140986666879734,0.2565417994713825,13.317253481678371
2022-05-01 00:00:00+00:00,0.03736438867797043,0.03736438867797037,0.0,0.0,1.0,0.0,0.25502376256750303,0.25292082547720884,0.2363596650312444,0.2556957469240438,13.814844516890856
2022-05-02 00:00:00+00:00,-0.0032113530001638413,-0.0031569639084696177,5.4561339875022543e-05,0.02728066993751127,1.0,0.0,0.25116210932907523,0.2536087872569699,0.24469465121001102,0.2505344522039439,13.770480174504742
2022-05-03 00:00:00+00:00,-0.019996135002486426,-0.019996135002486388,0.0,0.0,1.0,0.0,0.25099010547575556,0.2520034517510211,0.245035583010586,0.25197085976263733,13.495123793886282
2022-05-04 00:00:00+00:00,0.059439683346925065,0.05943968334692504,0.0,0.0,1.0,0.0,0.24922221113824009,0.2514567510773461,0.24990191925319932,0.24941911853121446,14.297269678922436
2022-05-05 00:00:00+00:00,-0.07332927132169331,-0.07332927132169337,0.0,0.0,0.9999999999999998,0.0,0.24768680496950557,0.2535741185637595,0.24569486417703468,0.25304421228970014,13.248861311477315
2022-05-06 00:00:00+00:00,-0.016621813513996386,-0.016621813513996397,0.0,0.0,1.0,0.0,0.24815796392963868,0.25268980639828253,0.24142296268064561,0.25772926699143306,13.028641209485137
2022-05-07 00:00:00+00:00,-0.02667942482275376,-0.026679424822753782,0.0,0.0,0.9999999999999998,0.0,0.25112751521746923,0.25407173023526586,0.23950627054856446,0.2552944839987003,12.681044555794047
2022-05-08 00:00:00+00:00,-0.03854502014877559,-0.03854502014877555,0.0,0.0,0.9999999999999999,0.0,0.25063619182886326,0.252661837139444,0.23814688519551136,0.25855508583618125,12.192253437883444
2022-05-09 00:00:00+00:00,-0.14387759830723512,-0.14383700551417525,4.741245921795434e-05,0.02370622960897717,1.0,0.0,0.25799367736749745,0.25831109770424115,0.24075805078275683,0.24293717414550453,10.438061295287644
2022-05-10 00:00:00+00:00,0.05841783316630833,0.05841783316630825,0.0,0.0,0.9999999999999999,0.0,0.2513962109584639,0.25643078157153293,0.24481542732465636,0.24735758014534678,11.047830218615458
2022-05-11 00:00:00+00:00,-0.1391774022773773,-0.13917740227737724,0.0,0.0,0.9999999999999999,0.0,0.2740283682228883,0.26519550887744836,0.21637983595165622,0.24439628694800705,9.510221907987049
2022-05-12 00:00:00+00:00,-0.04534141317921336,-0.04534141317921337,0.0,0.0,0.9999999999999998,0.0,0.28631150584347453,0.26116737340696256,0.19878110824488476,0.25374001250467804,9.079015007031002
2022-05-13 00:00:00+00:00,0.04870112359052725,0.048701123590527265,0.0,0.0,1.0,0.0,0.275435269115512,0.2553238847321983,0.20776596432688385,0.26147488182540574,9.52117323896867
2022-05-14 00:00:00+00:00,0.03390240613305595,0.03390240613305587,0.0,0.0,0.9999999999999998,0.0,0.27367776129651245,0.2526999781540947,0.21532750090156869,0.25829475964782406,9.84396392097937
2022-05-15 00:00:00+00:00,0.061982264570165535,0.06198226457016546,0.0,0.0,0.9999999999999998,0.0,0.2683441423219618,0.24822845855770517,0.22751038570304283,0.25591701341728995,10.454115097148676
2022-05-16 00:00:00+00:00,-0.059334116829397154,-0.05924282140370621,9.70446229570075e-05,0.04852231147850375,1.0,0.0,0.25340255058227856,0.2506767218978955,0.24302217029849554,0.2528985572213303,9.833829410626493
2022-05-17 00:00:00+00:00,0.0352204930974509,0.035220493097450886,0.0,0.0,0.9999999999999998,0.0,0.24945923090181418,0.250172444663512,0.2487607168720815,0.2516076075625922,10.180181731504973
2022-05-18 00:00:00+00:00,-0.08119794704080385,-0.08119794704080384,0.0,0.0,0.9999999999999998,0.0,0.2560804674562412,0.2494108634116885,0.23712119109295618,0.25738747803911405,9.353571874404473
2022-05-19 00:00:00+00:00,0.055945802256125,0.055945802256124985,0.0,0.0,0.9999999999999999,0.0,0.256058406562645,0.2490775720337578,0.23476733861850796,0.26009668278508913,9.876864956878357
2022-05-20 00:00:00+00:00,-0.03346997567384724,-0.03346997567384724,0.0,0.0,0.9999999999999998,0.0,0.2551546795609005,0.24998666064146102,0.22996119947905722,0.26489746031858113,9.546286527037765
2022-05-21 00:00:00+00:00,0.017204484713084334,0.01720448471308443,0.0,0.0,1.0,0.0,0.25293561756776717,0.24776313721921756,0.23009731080075474,0.26920393441226054,9.71052546765891
2022-05-22 00:00:00+00:00,0.0316686921299556,0.0316686921299556,0.0,0.0,1.0,0.0,0.2522393071069584,0.2484419338218464,0.23270040172123427,0.266618357349961,10.018045109114292
2022-05-23 00:00:00+00:00,-0.03588852033806822,-0.03581579128893808,7.543065782767744e-05,0.03771532891383872,1.0,0.0,0.24914590392845454,0.2504211227380385,0.24293292329248958,0.2575000500410174,9.658512293468158
2022-05-24 00:00:00+00:00,0.017003996863310222,0.01700399686331016,0.0,0.0,0.9999999999999998,0.0,0.24957064100714418,0.24699157876622752,0.24130019240197692,0.2621375878246513,9.822745606210534
2022-05-25 00:00:00+00:00,-0.01586797227218928,-0.01586797227218932,0.0,0.0,0.9999999999999998,0.0,0.25263313020935524,0.24631311767672084,0.23679899828644194,0.2642547538274818,9.666878551294415
2022-05-26 00:00:00+00:00,-0.06276336206301403,-0.062763362063014,0.0,0.0,0.9999999999999998,0.0,0.26644159416162366,0.24246112886914362,0.22879719802583287,0.2623000789433997,9.06015275276034
2022-05-27 00:00:00+00:00,-0.02720751004602906,-0.027207510046029056,0.0,0.0,0.9999999999999999,0.0,0.2685328063167518,0.2402057855639684,0.2229600320329415,0.2683013760863381,8.813648555721056
2022-05-28 00:00:00+00:00,0.034794501238565534,0.03479450123856553,0.0,0.0,0.9999999999999998,0.0,0.2631429292159449,0.240857698294818,0.23147371500469735,0.26452565748453954,9.120315061309373
2022-05-29 00:00:00+00:00,0.009248841484115644,0.009248841484115533,0.0,0.0,0.9999999999999998,0.0,0.26465411300041125,0.24150407414120037,0.2331888362770664,0.26065297658132175,9.204667409596617
2022-05-30 00:00:00+00:00,0.07008186790550441,0.07019020150270011,0.00010122835832693244,0.05061417916346622,1.0,0.0,0.251567693779049,0.25745003067926914,0.24523676015663343,0.24574551538504852,9.849747695110068
2022-05-31 00:00:00+00:00,-0.014886201669131904,-0.014886201669131937,0.0,0.0,1.0,0.0,0.2559068793425229,0.25390333904397905,0.2413509281956305,0.24883885341786763,9.703122364530593
2022-06-01 00:00:00+00:00,-0.07804450998244972,-0.07804450998244976,0.0,0.0,1.0000000000000002,0.0,0.26015484128498023,0.25781959335750476,0.2293590558851509,0.2526665094723642,8.945846934291055
2022-06-02 00:00:00+00:00,0.01886408323534794,0.018864083235347974,0.0,0.0,1.0,0.0,0.2608789869752652,0.25529128294732206,0.22932179878983333,0.25450793128757954,9.114602135470204
2022-06-03 00:00:00+00:00,-0.03721996160559826,-0.0372199616055983,0.0,0.0,1.0,0.0,0.26426931334773485,0.2566365032473294,0.223147399046201,0.25594678435873486,8.775356993937699
2022-06-04 00:00:00+00:00,0.012429091847004248,0.012429091847004296,0.0,0.0,1.0,0.0,0.26246476760103327,0.2576913195329249,0.2246686879885209,0.25517522487752103,8.8844267120056
2022-06-05 00:00:00+00:00,-0.004049509962855691,-0.004049509962855696,0.0,0.0,1.0,0.0,0.2640187846011044,0.25897422779066986,0.22274940029288995,0.2542575873153358,8.848449137521072
2022-06-06 00:00:00+00:00,0.04115868455361915,0.0412721857196961,0.00010900239882844027,0.05450119941422013,1.0,0.0,0.25175795246664395,0.24721833549622227,0.264143634033404,0.23688007800372984,9.212639664361046
2022-06-07 00:00:00+00:00,-0.031153685429383016,-0.03115368542938296,0.0,0.0,1.0000000000000002,0.0,0.25780105933113145,0.2487866367870635,0.25289215048668257,0.24052015339512264,8.925631986283285
2022-06-08 00:00:00+00:00,-0.015210379767820692,-0.015210379767820697,0.0,0.0,1.0,0.0,0.25404049077948493,0.24964085549246487,0.25359796746154234,0.24272068626650797,8.789869734104109
2022-06-09 00:00:00+00:00,0.007331094109620517,0.007331094109620495,0.0,0.0,1.0000000000000002,0.0,0.2513997931408919,0.24739805809137694,0.25907864533997,0.24212350342776132,8.85430909633613
2022-06-10 00:00:00+00:00,-0.0469232817142502,-0.04692328171425025,0.0,0.0,1.0,0.0,0.2548583972555593,0.24131003597937778,0.2528545880720141,0.2509769786930489,8.438835856223703
2022-06-11 00:00:00+00:00,-0.06114402547140618,-0.06114402547140616,0.0,0.0,1.0,0.0,0.265231057964341,0.23692923718152858,0.24591846590538607,0.25192123894874446,7.922851461681745
2022-06-12 00:00:00+00:00,-0.07071374006187026,-0.0707137400618703,0.0,0.0,1.0,0.0,0.2668359936912908,0.23865010211250787,0.2385894376481592,0.2559244665480422,7.362597002871573
2022-06-13 00:00:00+00:00,-0.12555832767541875,-0.12547870964718863,9.104184095733182e-05,0.045520920478665905,1.0,0.0,0.24188121216352804,0.24094513148636543,0.26709290436864674,0.25008075198145985,6.4381616358429685
2022-06-14 00:00:00+00:00,0.005724221095549931,0.005724221095549891,0.0,0.0,1.0,0.0,0.23677317955667349,0.23948461275819088,0.2748617143812257,0.24888049330390996,6.475015096495421
2022-06-15 00:00:00+00:00,0.07010061218074837,0.07010061218074826,0.0,0.0,0.9999999999999999,0.0,0.22573348585291322,0.229096450399738,0.30164732768825225,0.24352273605909644,6.928917618639338
2022-06-16 00:00:00+00:00,-0.11759311026623509,-0.11759311026623508,0.0,0.0,0.9999999999999999,0.0,0.23108649088134767,0.22416523518107537,0.29629938527659533,0.24844888866098158,6.114124645085023
2022-06-17 00:00:00+00:00,0.017039244250428354,0.017039244250428364,0.0,0.0,0.9999999999999999,0.0,0.22797462005692518,0.22421135257197958,0.29713874383685457,0.2506752835342406,6.218304708290191
2022-06-18 00:00:00+00:00,-0.04498370304210497,-0.04498370304210492,0.0,0.0,1.0,0.0,0.22124249106907598,0.21494170768470905,0.32419996461611866,0.2396158366300963,5.9385823358671415
2022-06-19 00:00:00+00:00,0.09160775254123799,0.09160775254123804,0.0,0.0,1.0,0.0,0.2198038258223298,0.22330154984372919,0.3172194285377019,0.23967519579623917,6.482602516937026
2022-06-20 00:00:00+00:00,0.009041114864044575,0.00931249650096766,0.00026887771415080755,0.13443885707540376,1.0,0.0,0.2476921525699878,0.24762970636136267,0.25537264744299537,0.2493054936256541,6.541212470910597
2022-06-21 00:00:00+00:00,0.014015653085116986,0.014015653085116951,0.0,0.0,1.0,0.0,0.24604484970392454,0.24369183615071507,0.2602019457501626,0.2500613683951977,6.6328918356589215
2022-06-22 00:00:00+00:00,-0.048058650354974364,-0.04805865035497435,0.0,0.0,1.0,0.0,0.24929301649489835,0.2387889783657706,0.25615137701255286,0.25576662812677814,6.314124006086625
2022-06-23 00:00:00+00:00,0.08307461701694407,0.08307461701694413,0.0,0.0,1.0,0.0,0.24309335984827665,0.24031644885988102,0.2643605039484579,0.25222968734338447,6.838667439689764
2022-06-24 00:00:00+00:00,0.05683011498116586,0.05683011498116586,0.0,0.0,1.0,0.0,0.23141115321159655,0.24334701310208454,0.27479859592632927,0.2504432377599897,7.227309696605288
2022-06-25 00:00:00+00:00,0.007604118107572333,0.007604118107572397,0.0,0.0,1.0,0.0,0.2324061100616521,0.2449192315340075,0.27474205587307093,0.24793260253126959,7.282267013138277
2022-06-26 00:00:00+00:00,-0.03798855949736479,-0.03798855949736482,0.0,0.0,1.0,0.0,0.2364901983096418,0.2454671346861389,0.2664481190397846,0.25159454796443476,7.005624179433977
2022-06-27 00:00:00+00:00,-0.010440539760881773,-0.010369117438997183,7.217066801687732e-05,0.03608533400843866,0.9999999999999999,0.0,0.24907103837377353,0.25150586427210714,0.24691161373258988,0.2525114836215294,6.9324816816388015
2022-06-28 00:00:00+00:00,-0.043474507318640776,-0.04347450731864078,0.0,0.0,1.0,0.0,0.25460063282836926,0.2522519560645683,0.23694676542825116,0.25620064567881123,6.6310954560340525
2022-06-29 00:00:00+00:00,-0.028474424788768937,-0.028474424788768906,0.0,0.0,0.9999999999999999,0.0,0.2600175173332838,0.24969559877357764,0.23505778812407022,0.25522909576906827,6.442278827204063
2022-06-30 00:00:00+00:00,-0.011147367378431694,-0.011147367378431732,0.0,0.0,1.0,0.0,0.2605863070626165,0.24581099576629778,0.2356138768839727,0.25798882028711295,6.370464378362928
2022-07-01 00:00:00+00:00,-0.020769900263514218,-0.02076990026351422,0.0,0.0,0.9999999999999999,0.0,0.25727410496264264,0.2483786143102245,0.23412567738423065,0.2602216033429021,6.2381504685920595
2022-07-02 00:00:00+00:00,0.006780676861938506,0.006780676861938546,0.0,0.0,1.0,0.0,0.2551837589998893,0.24840057050537373,0.23615918612321637,0.26025648437152055,6.280449351135733
2022-07-03 00:00:00+00:00,0.003759446378492015,0.0037594463784920125,0.0,0.0,1.0,0.0,0.25506003155350815,0.249151702405693,0.23555678750326248,0.2602314785375363,6.304060363704163
2022-07-04 00:00:00+00:00,0.06863227076707035,0.06869763876998047,6.116604036417795e-05,0.03058302018208897,1.0,0.0,0.2450821561549244,0.2506425789642734,0.2571124321169547,0.24716283276384748,6.736722341517862
2022-07-05 00:00:00+00:00,-0.014724522311367672,-0.014724522311367644,0.0,0.0,1.0,0.0,0.24799660508221147,0.25029958258977775,0.25171375298385745,0.24999005934415333,6.637527323094694
2022-07-06 00:00:00+00:00,0.03676088263970345,0.036760882639703514,0.0,0.0,1.0,0.0,0.24381132438340664,0.2529489267190996,0.25396472202697534,0.24927502687051845,6.881528686036803
2022-07-07 00:00:00+00:00,0.03608942560920503,0.03608942560920506,0.0,0.0,1.0000000000000002,0.0,0.24745383096778284,0.25461496982499093,0.25451562775689357,0.2434155714503327,7.129879103629138
2022-07-08 00:00:00+00:00,-0.008128809410890336,-0.008128809410890342,0.0,0.0,1.0,0.0,0.24913295021801707,0.2518351683263785,0.25433304445244204,0.2446988370031625,7.071921675273047
2022-07-09 00:00:00+00:00,0.0028331225749369526,0.002833122574936842,0.0,0.0,1.0,0.0,0.2483992092945023,0.2517421895283408,0.25321534001563234,0.2466432611615246,7.091957296219449
2022-07-10 00:00:00+00:00,-0.03617310810578844,-0.03617310810578848,0.0,0.0,1.0,0.0,0.24899618558636036,0.25074925279662136,0.2533999782048154,0.2468545834122029,6.835419158261668
2022-07-11 00:00:00+00:00,-0.058169415576393324,-0.058153783826318334,1.6596924005747026e-05,0.008298462002873513,1.0,0.0,0.2540163523487988,0.2490787958985194,0.2416473697584862,0.25525748199419557,6.437806820605904
2022-07-12 00:00:00+00:00,-0.032221012587152376,-0.03222101258715239,0.0,0.0,1.0,0.0,0.2541598942597505,0.24380543389144735,0.24423863212015076,0.25779603972865134,6.230374166005506
2022-07-13 00:00:00+00:00,0.05820171107084149,0.05820171107084144,0.0,0.0,0.9999999999999999,0.0,0.25140758077221154,0.24735103316374304,0.24669132614078368,0.25455005992326163,6.592992603078593
2022-07-14 00:00:00+00:00,0.046270251907129634,0.046270251907129585,0.0,0.0,0.9999999999999998,0.0,0.2444927309629848,0.25303721597466605,0.250627660959009,0.25184239210334,6.898052031644882
2022-07-15 00:00:00+00:00,0.012369834053898687,0.012369834053898602,0.0,0.0,0.9999999999999999,0.0,0.24433460543871113,0.25786840651856197,0.24903178027782222,0.2487652077649045,6.983379790571488
2022-07-16 00:00:00+00:00,0.056923396742706966,0.05692339674270706,0.0,0.0,0.9999999999999999,0.0,0.23523236788165638,0.2686685451187919,0.24968352995724474,0.2464155570423069,7.38089748899519
2022-07-17 00:00:00+00:00,-0.015954908286930358,-0.015954908286930403,0.0,0.0,0.9999999999999998,0.0,0.23457997262536368,0.26956308878445073,0.24745099020197803,0.2484059483882074,7.263135946483037
2022-07-18 00:00:00+00:00,0.11304344317131831,0.11313054825829538,7.825235513780326e-05,0.03912617756890163,1.0,0.0,0.24222477821547378,0.26525707453871145,0.25315294978940206,0.23936519745641271,8.084185842094852
2022-07-19 00:00:00+00:00,0.015868209840391945,0.015868209840391848,0.0,0.0,0.9999999999999998,0.0,0.24870792131561983,0.25472220240072796,0.25692880986544464,0.23964106641820743,8.21246739942594
2022-07-20 00:00:00+00:00,-0.030732274289148376,-0.030732274289148372,0.0,0.0,0.9999999999999999,0.0,0.25467255902527763,0.25927151477315363,0.24829751531211364,0.23775841088945493,7.960079598716092
2022-07-21 00:00:00+00:00,0.021431233475269762,0.02143123347526976,0.0,0.0,0.9999999999999998,0.0,0.24856567973247565,0.26280960519447066,0.24927637480460582,0.23934834026844767,8.130673923077909
2022-07-22 00:00:00+00:00,-0.02932010881659064,-0.02932010881659065,0.0,0.0,0.9999999999999998,0.0,0.25090457618861906,0.2638428564600316,0.24155251384655682,0.24370005350479232,7.892281678901049
2022-07-23 00:00:00+00:00,-0.0067718343045232166,-0.006771834304523208,0.0,0.0,0.9999999999999999,0.0,0.24998439624261154,0.2679585574066438,0.23977999058400085,0.24227705576674363,7.8388364550869065
2022-07-24 00:00:00+00:00,0.017732117221326504,0.01773211722132649,0.0,0.0,0.9999999999999998,0.0,0.24703545035347443,0.27162723011613216,0.2412609619785728,0.24007635755182039,7.977835621987315
2022-07-25 00:00:00+00:00,-0.08070597839230076,-0.08062644437850028,8.650892046452908e-05,0.043254460232264536,1.0,0.0,0.25667351520332676,0.24521862406099318,0.24355593494462743,0.2545519257910526,7.333976592661879
2022-07-26 00:00:00+00:00,0.0030762933765280387,0.0030762933765279624,0.0,0.0,1.0,0.0,0.25521116338506855,0.24587996897490316,0.24015967631331434,0.25874919132671387,7.356538056277497
2022-07-27 00:00:00+00:00,0.10128654032212281,0.10128654032212275,0.0,0.0,0.9999999999999999,0.0,0.25027024104118145,0.252018685374186,0.24194797464427584,0.25576309894035665,8.101656344745878
2022-07-28 00:00:00+00:00,0.044843686111154524,0.04484368611115452,0.0,0.0,0.9999999999999999,0.0,0.24882586744257698,0.25429357102937783,0.24704743493907927,0.2498331265889658,8.464964478850106
2022-07-29 00:00:00+00:00,0.00789684556363568,0.007896845563635652,0.0,0.0,0.9999999999999998,0.0,0.246172611449126,0.25188568907442,0.23940092479006866,0.2625407746863852,8.531810996041248
2022-07-30 00:00:00+00:00,0.0007944978785863199,0.0007944978785863043,0.0,0.0,1.0,0.0,0.24460501548492117,0.24807785176886502,0.2501670954164485,0.2571500373297652,8.538589501778102
2022-07-31 00:00:00+00:00,-0.01876457886355143,-0.018764578863551463,0.0,0.0,0.9999999999999998,0.0,0.2456108246823919,0.2500091746290158,0.2462279090936971,0.25815209159489505,8.378366465688494
2022-08-01 00:00:00+00:00,-0.01172595862271586,-0.011693695299262175,3.264506489564367e-05,0.016322532447821836,1.0,0.0,0.2526381294977311,0.24574666350658075,0.24883564668253813,0.25277956031314996,8.28012208718588
2022-08-02 00:00:00+00:00,-0.013681959395752896,-0.013681959395752855,0.0,0.0,1.0,0.0,0.25304949615208594,0.24925188317770597,0.24096024222444823,0.25673837844575986,8.166833792997126
2022-08-03 00:00:00+00:00,0.0011637249683364992,0.0011637249683364367,0.0,0.0,1.0,0.0,0.2508967992736743,0.24701584289394204,0.2331778089457361,0.26890954888664753,8.176337741394292
2022-08-04 00:00:00+00:00,0.01098170785477226,0.010981707854772312,0.0,0.0,1.0,0.0,0.2460559452332798,0.24279402294616115,0.23238045600031232,0.2787695758202467,8.266127893792232
2022-08-05 00:00:00+00:00,0.040840034530464475,0.04084003453046438,0.0,0.0,0.9999999999999999,0.0,0.2436237372733846,0.2519581273706755,0.23315196452834136,0.2712661708275984,8.603716842407943
2022-08-06 00:00:00+00:00,-0.013733923259385383,-0.013733923259385397,0.0,0.0,0.9999999999999998,0.0,0.24320878627776468,0.24866967685735084,0.23360033835962415,0.2745211985052602,8.48555405554883
2022-08-07 00:00:00+00:00,0.013277683561598197,0.013277683561598155,0.0,0.0,0.9999999999999998,0.0,0.24232417532896927,0.2468047417497698,0.23358861991867721,0.2772824630025836,8.598222557143243
2022-08-08 00:00:00+00:00,0.029427031547881954,0.029539385028608978,0.00010912985201033459,0.0545649260051673,1.0,0.0,0.24949738741034205,0.2538029578660582,0.2522171482322781,0.24448250649132164,8.851242723588008
2022-08-09 00:00:00+00:00,-0.02876852911305483,-0.028768529113054837,0.0,0.0,1.0,0.0,0.2497708452295337,0.25039619476752245,0.24841862711658017,0.2514143328863637,8.596605489607752
2022-08-10 00:00:00+00:00,0.04728723396044332,0.04728723396044335,0.0,0.0,1.0,0.0,0.2467624807779666,0.2602674219896355,0.24972654849343154,0.2432435487389664,9.003115184660466
2022-08-11 00:00:00+00:00,0.001422405492683687,0.0014224054926837522,0.0,0.0,1.0,0.0,0.24619637041304862,0.2636288347721908,0.2511920730308837,0.23898272178387697,9.015921265150391
2022-08-12 00:00:00+00:00,0.03493264680534369,0.034932646805343734,0.0,0.0,1.0000000000000002,0.0,0.24254418596865834,0.26531015486975174,0.25808870575087345,0.23405695341071658,9.330871258330678
2022-08-13 00:00:00+00:00,0.007505891518313712,0.007505891518313618,0.0,0.0,1.0,0.0,0.24114527929553423,0.2667317059384957,0.2623603363214484,0.2297626784445217,9.400907765767059
2022-08-14 00:00:00+00:00,-0.022334103657252857,-0.02233410365725285,0.0,0.0,1.0,0.0,0.24526344105320863,0.26619127038821944,0.2583891490510537,0.23015613950751831,9.190946917254143
2022-08-15 00:00:00+00:00,-0.011901413573599307,-0.011804252509753588,9.832167775709239e-05,0.04916083887854619,1.0,0.0,0.2507774818505555,0.24824507587357855,0.24655732641032105,0.2544201158655449,9.081561656858904
2022-08-16 00:00:00+00:00,-0.011708796068881644,-0.011708796068881616,0.0,0.0,1.0,0.0,0.2512536400190762,0.2482259747434406,0.24582640123139546,0.2546939840060878,8.975227503431768
2022-08-17 00:00:00+00:00,-0.03292936498036647,-0.0329293649803665,0.0,0.0,0.9999999999999999,0.0,0.25421674493409796,0.25087493738694416,0.23920947444548385,0.255698843233474,8.67967896118944
2022-08-18 00:00:00+00:00,-0.013313489274051293,-0.013313489274051259,0.0,0.0,1.0,0.0,0.255977929130342,0.2559442431199136,0.23627755674757797,0.2518002710021665,8.564122148437436
2022-08-19 00:00:00+00:00,-0.09712337155238737,-0.0971233715523874,0.0,0.0,1.0,0.0,0.2546988574069069,0.24702992078445923,0.23725349130102447,0.26101773050760946,7.732345730994717
2022-08-20 00:00:00+00:00,-0.00041103025978550534,-0.0004110302597854923,0.0,0.0,1.0,0.0,0.25854204111604095,0.24206753067475553,0.233772893235554,0.2656175349736496,7.729167502920155
2022-08-21 00:00:00+00:00,0.035964271879115106,0.03596427187911522,0.0,0.0,1.0000000000000002,0.0,0.2540128217509266,0.23990576914768624,0.23333271112785117,0.2727486979735362,8.007141384394396
2022-08-22 00:00:00+00:00,-0.009283560463676399,-0.009177496799825019,0.00010704607889785073,0.053523039448925364,1.0,0.0,0.2509559379404429,0.25333229192661216,0.24498408628189527,0.25072768385104965,7.932806603211165
2022-08-23 00:00:00+00:00,0.009141813148004552,0.009141813148004618,0.0,0.0,1.0,0.0,0.25017410679991225,0.2573339559709838,0.2446153263012366,0.24787661092786734,8.005326838916979
2022-08-24 00:00:00+00:00,-0.011053815938989908,-0.011053815938989906,0.0,0.0,0.9999999999999999,0.0,0.2510779149040331,0.2588290674270776,0.24187438834296152,0.24821862932592778,7.916837429508135
2022-08-25 00:00:00+00:00,0.014782117757188518,0.014782117757188514,0.0,0.0,1.0,0.0,0.24963198770650072,0.26099426079467725,0.240809690504843,0.24856406099397904,8.033865052655642
2022-08-26 00:00:00+00:00,-0.08606641829355621,-0.08606641829355624,0.0,0.0,1.0,0.0,0.2564178389451157,0.25408066263928253,0.23703375407888694,0.2524677443367148,7.342419062519799
2022-08-27 00:00:00+00:00,-0.008392414609965537,-0.00839241460996549,0.0,0.0,1.0,0.0,0.25601301465062754,0.2533224709381343,0.23760804806955316,0.2530564663416851,7.280798437507018
2022-08-28 00:00:00+00:00,-0.026646779127298736,-0.02664677912729869,0.0,0.0,1.0000000000000002,0.0,0.2566948987043791,0.24903423299816618,0.23559640430709838,0.2586744639903565,7.086788609672387
2022-08-29 00:00:00+00:00,0.0560438830738319,0.05610880995121287,6.147745077894207e-05,0.030738725389471033,1.0,0.0,0.24557383158410712,0.2574621353587764,0.2521984431811932,0.2447655898759233,7.483959761881829
2022-08-30 00:00:00+00:00,-0.02123846036750321,-0.021238460367503223,0.0,0.0,1.0,0.0,0.24503830371345212,0.25843812971509794,0.2501204712768372,0.24640309529461282,7.3250119790871135
2022-08-31 00:00:00+00:00,0.005975147766089428,0.005975147766089373,0.0,0.0,1.0,0.0,0.24647700812861073,0.26187740320083414,0.24879285524066333,0.2428527334298918,7.368780008050535
2022-09-01 00:00:00+00:00,0.006516052948264184,0.006516052948264102,0.0,0.0,0.9999999999999999,0.0,0.24590980784437183,0.26554938293405345,0.2481241484362092,0.24041666078536542,7.416795368747103
2022-09-02 00:00:00+00:00,-0.0077906342229560055,-0.0077906342229560315,0.0,0.0,0.9999999999999999,0.0,0.2456043382557041,0.2658087665112671,0.24706612275497608,0.2415207724780526,7.35901382892268
2022-09-03 00:00:00+00:00,-0.005080494984643358,-0.005080494984643324,0.0,0.0,1.0,0.0,0.2453919000848374,0.2641304131938016,0.24737356140308514,0.24310412531827572,7.321626396072917
2022-09-04 00:00:00+00:00,0.015347038486801301,0.01534703848680121,0.0,0.0,0.9999999999999997,0.0,0.24372824368384563,0.26378596011590294,0.25193576517060284,0.24055003102964836,7.433991678159428
2022-09-05 00:00:00+00:00,0.0015005271686208133,0.0015635123942162044,6.288690114602357e-05,0.03144345057301179,1.0,0.0,0.24705176992513259,0.25569630946530464,0.24960973209016007,0.24764218851940276,7.445146584643807
2022-09-06 00:00:00+00:00,-0.04471888580293859,-0.04471888580293856,0.0,0.0,1.0000000000000002,0.0,0.24549050036027073,0.2579391935813941,0.2508167597756426,0.24575354628269272,7.112207924738983
2022-09-07 00:00:00+00:00,0.04853683018266364,0.048536830182663665,0.0,0.0,1.0000000000000002,0.0,0.24038452725808174,0.2572008215224433,0.25330474441388384,0.2491099068055913,7.457411953005834
2022-09-08 00:00:00+00:00,0.00974755763361812,0.009747557633618169,0.0,0.0,1.0,0.0,0.23840566540263716,0.25555710648211677,0.2579172973556119,0.24811993075963432,7.530103505815391
2022-09-09 00:00:00+00:00,0.0575860853773158,0.05758608537731584,0.0,0.0,1.0000000000000002,0.0,0.2492388668271232,0.2538867478180385,0.2515626267196312,0.2453117586352073,7.963732689201301
2022-09-10 00:00:00+00:00,0.016959473201019426,0.01695947320101938,0.0,0.0,1.0000000000000002,0.0,0.24835897964354867,0.25777188835308174,0.24993523357183378,0.24393389843153593,8.098793400323892
2022-09-11 00:00:00+00:00,-0.0006087835558170607,-0.000608783555817103,0.0,0.0,1.0,0.0,0.25057276788017707,0.2567658381093108,0.24973062272636462,0.24293077128414756,8.093862988079815
2022-09-12 00:00:00+00:00,0.015929260402129053,0.015959083295784077,2.9354423957951404e-05,0.014677211978975702,1.0,0.0,0.25248287609229964,0.23914125139138467,0.2633029280679199,0.24507294444839578,8.222792239276092
2022-09-13 00:00:00+00:00,-0.08988687559835706,-0.08988687559835704,0.0,0.0,1.0,0.0,0.24989685363068537,0.2410256631219018,0.25499896124945676,0.25407852199795605,7.483671136193147
2022-09-14 00:00:00+00:00,0.02085527847885449,0.020855278478854586,0.0,0.0,1.0,0.0,0.24544144432685916,0.24569932643093478,0.2582672363141427,0.25059199292806333,7.6397451817826205
2022-09-15 00:00:00+00:00,-0.04653023319883698,-0.04653023319883702,0.0,0.0,1.0,0.0,0.25073416577010293,0.23163761257662743,0.26261459997545916,0.25501362167781044,7.284266056894584
2022-09-16 00:00:00+00:00,-0.007835902708665854,-0.007835902708665876,0.0,0.0,1.0,0.0,0.25401531739607747,0.22730681521072915,0.2580474533970966,0.2606304139960967,7.227187256768721
2022-09-17 00:00:00+00:00,0.025007238126893983,0.025007238126894035,0.0,0.0,1.0,0.0,0.2516887705731034,0.2271617666725764,0.26299284748375906,0.2581566152705611,7.4079192494863895
2022-09-18 00:00:00+00:00,-0.06152876950332997,-0.061528769503329944,0.0,0.0,1.0,0.0,0.2589206204010991,0.21992141903058315,0.25869161481536407,0.2624663457529537,6.95211909348546
2022-09-19 00:00:00+00:00,0.026834820191159903,0.026958377994058702,0.00012031432387766739,0.06015716193883369,1.0,0.0,0.24493637831858403,0.2510021580083888,0.25541350164757354,0.2486479620254536,7.138677959306672
2022-09-20 00:00:00+00:00,-0.032665812389534366,-0.032665812389534324,0.0,0.0,1.0,0.0,0.24461862337520454,0.24947609922836717,0.25424734190332343,0.25165793549310495,6.905487244378656
2022-09-21 00:00:00+00:00,-0.02830501306336597,-0.02830501306336598,0.0,0.0,1.0,0.0,0.24623634891678628,0.24177070411797386,0.2552411878861621,0.25675175907907777,6.710027337717611
2022-09-22 00:00:00+00:00,0.05410898977853407,0.054108989778534164,0.0,0.0,1.0,0.0,0.24549416423145898,0.24421410848456662,0.2562015246060097,0.2540902026779648,7.073100138347858
2022-09-23 00:00:00+00:00,0.009706766171611259,0.00970676617161122,0.0,0.0,1.0,0.0,0.24171729170415085,0.2420067687430513,0.263440541869703,0.2528353976830949,7.141757067499191
2022-09-24 00:00:00+00:00,-0.010729692249585754,-0.010729692249585785,0.0,0.0,1.0,0.0,0.23969530229018118,0.2427681554907945,0.26408330067726266,0.25345324154176163,7.0651282120436205
2022-09-25 00:00:00+00:00,-0.014054576710066047,-0.014054576710066033,0.0,0.0,1.0,0.0,0.2416621008459419,0.24202070044765525,0.25934468358008955,0.2569725151263133,6.965830825621001
2022-09-26 00:00:00+00:00,0.027210011026952197,0.027277060162621103,6.526879482561143e-05,0.032634397412805716,1.0,0.0,0.24876427333500764,0.2511723467210295,0.25510459587903295,0.2449587840649299,7.155371159198032
2022-09-27 00:00:00+00:00,-0.01593590219795915,-0.01593590219795915,0.0,0.0,1.0,0.0,0.2508392212751662,0.2536810721101476,0.24998006366862993,0.2454996429460562,7.041343864214955
2022-09-28 00:00:00+00:00,0.018748215193268303,0.018748215193268334,0.0,0.0,1.0000000000000002,0.0,0.2505428941009443,0.2507357303271432,0.2495093396898901,0.24921203588202248,7.173356494231056
2022-09-29 00:00:00+00:00,0.009642565384718083,0.009642565384718088,0.0,0.0,1.0,0.0,0.2504218488827977,0.24806065215243125,0.25240656812196943,0.24911093084280164,7.242526053254571
2022-09-30 00:00:00+00:00,-0.007960771310741022,-0.007960771310741018,0.0,0.0,1.0,0.0,0.25026755697352915,0.24874454429168613,0.24925944149016535,0.2517284572446194,7.184869959632528
2022-10-01 00:00:00+00:00,-0.012429030698702603,-0.012429030698702603,0.0,0.0,1.0,0.0,0.25197723119694154,0.2486676909029299,0.24624787904790504,0.25310719885222355,7.095568990338069
2022-10-02 00:00:00+00:00,-0.011242689067155864,-0.01124268906715586,0.0,0.0,1.0,0.0,0.25148398845824843,0.24477158477229446,0.24613051665774227,0.2576139101117148,7.0157957144251455
2022-10-03 00:00:00+00:00,0.025109302589461313,0.02514660930894458,3.6391594279853e-05,0.0181957971399265,1.0000000000000002,0.0,0.25117856584661225,0.2527266477585624,0.25025710080000446,0.24583768559482094,7.191957451924492
2022-10-04 00:00:00+00:00,0.03349812214424319,0.03349812214424322,0.0,0.0,1.0,0.0,0.2518125313655209,0.25163226173546954,0.25097773649753724,0.2455774704014724,7.4328745211052585
2022-10-05 00:00:00+00:00,-0.006124156960484184,-0.006124156960484171,0.0,0.0,1.0,0.0,0.2511272535942729,0.25145337683280217,0.25207991037986743,0.2453394591930576,7.387354430870426
2022-10-06 00:00:00+00:00,-0.013683056976236396,-0.013683056976236401,0.0,0.0,1.0,0.0,0.2521154297981759,0.2549172494480435,0.25039637026777883,0.2425709504860018,7.286272839289174
2022-10-07 00:00:00+00:00,-0.01614395178223782,-0.01614395178223779,0.0,0.0,1.0000000000000002,0.0,0.25072462823244995,0.2550816225213941,0.25168149345802676,0.24251225578812932,7.16864360189946
2022-10-08 00:00:00+00:00,-0.012650381346268724,-0.012650381346268714,0.0,0.0,1.0,0.0,0.2524603518076708,0.2553182001408949,0.2517372170932751,0.2404842309581593,7.077957526599943
2022-10-09 00:00:00+00:00,0.00614844377077306,0.006148443770773164,0.0,0.0,1.0000000000000002,0.0,0.2512205116569985,0.2552336794477458,0.2528875418834945,0.2406582670117615,7.121475950464163
2022-10-10 00:00:00+00:00,-0.023639856388914304,-0.02360337144253588,3.736693195295454e-05,0.01868346597647727,0.9999999999999999,0.0,0.25198563974343846,0.24963819343231522,0.24849907328093004,0.24987709354331625,6.953125281718083
2022-10-11 00:00:00+00:00,-0.011994735268191947,-0.011994735268191989,0.0,0.0,1.0,0.0,0.25408674402977527,0.25072593088557166,0.2424629409819974,0.2527243841026557,6.869724384677301
2022-10-12 00:00:00+00:00,0.006457129746372692,0.006457129746372721,0.0,0.0,1.0,0.0,0.25371623293729034,0.25190605475227695,0.24364495459113059,0.2507327577193021,6.914083086350983
2022-10-13 00:00:00+00:00,-0.003104593475641071,-0.0031045934756410497,0.0,0.0,1.0,0.0,0.2574358038599507,0.2512537939800931,0.23914689098622882,0.2521635111737274,6.892617669111058
2022-10-14 00:00:00+00:00,-0.006655991186742205,-0.006655991186742233,0.0,0.0,1.0,0.0,0.25650370488648633,0.2547413990221232,0.2369579884978621,0.25179690759352835,6.8467404666518705
2022-10-15 00:00:00+00:00,-0.010003451716470324,-0.010003451716470282,0.0,0.0,1.0,0.0,0.2576292282631427,0.25308130774872334,0.23608118943473522,0.2532082745533987,6.778249428978515
2022-10-16 00:00:00+00:00,0.017301497484233597,0.017301497484233506,0.0,0.0,1.0,0.0,0.2558318839042498,0.2548319754407842,0.2365364490791051,0.2527996915758609,6.895523294421494
2022-10-17 00:00:00+00:00,0.02033351448584031,0.020388466694161944,5.385420368357963e-05,0.026927101841789813,0.9999999999999999,0.0,0.24863598723638916,0.24977552640219106,0.2536156381568613,0.24797284820455837,7.035733517216063
2022-10-18 00:00:00+00:00,-0.017713021895143455,-0.017713021895143424,0.0,0.0,0.9999999999999999,0.0,0.2502574071851846,0.2503299533081986,0.24925736033963936,0.25015527916697733,6.91110941537722
2022-10-19 00:00:00+00:00,-0.019311656519036657,-0.019311656519036626,0.0,0.0,0.9999999999999999,0.0,0.2524908052318039,0.2502699669836156,0.24337168948514146,0.253867538299439,6.777644444181975
2022-10-20 00:00:00+00:00,-0.011441493206860831,-0.011441493206860808,0.0,0.0,1.0,0.0,0.25432552651879897,0.252670123049928,0.2389375803349344,0.25406677009633866,6.700098071315349
2022-10-21 00:00:00+00:00,0.006828608344917386,0.006828608344917427,0.0,0.0,1.0,0.0,0.2542249764882492,0.25431995306963207,0.23807956767079616,0.25337550277132265,6.745850416916897
2022-10-22 00:00:00+00:00,0.0028542011594112626,0.002854201159411204,0.0,0.0,1.0,0.0,0.25402948405502107,0.2563003629041931,0.23664161248293752,0.25302854055784824,6.765104430998076
2022-10-23 00:00:00+00:00,0.03049029383823565,0.030490293838235597,0.0,0.0,0.9999999999999999,0.0,0.25121274402539073,0.25829168487753307,0.24005191451227503,0.25044365658480106,6.9713744529455575
2022-10-24 00:00:00+00:00,-0.016696414988610964,-0.016657285479059786,3.9792341950899645e-05,0.019896170975449823,1.0,0.0,0.25111967239543537,0.2503995072931236,0.24581246457154282,0.25266835573989815,6.854977492038178
2022-10-25 00:00:00+00:00,0.06280785749707496,0.062807857497075,0.0,0.0,1.0,0.0,0.2454274627489374,0.25596524146018906,0.2522004776277635,0.24640681816311005,7.285523941503769
2022-10-26 00:00:00+00:00,0.0358376654046102,0.0358376654046102,0.0,0.0,1.0,0.0,0.24510891429437556,0.26511606781979513,0.24678748917983637,0.2429875287059929,7.546620110816658
2022-10-27 00:00:00+00:00,-0.022809043961395603,-0.02280904396139555,0.0,0.0,1.0,0.0,0.24507607543316218,0.2622839389707531,0.24697873615973748,0.2456612494363473,7.374488920949089
2022-10-28 00:00:00+00:00,0.03186670572607109,0.03186670572607107,0.0,0.0,1.0,0.0,0.24098003487199077,0.26095975504632046,0.250771429579831,0.2472887805018578,7.609489589273145
2022-10-29 00:00:00+00:00,0.025301470416024374,0.025301470416024423,0.0,0.0,1.0,0.0,0.2375197511201041,0.26518779282515653,0.2507625408103632,0.24652991524437629,7.802020864997185
2022-10-30 00:00:00+00:00,0.0009807998518154282,0.0009807998518154672,0.0,0.0,1.0,0.0,0.23520944388662257,0.2601677382669137,0.2509741205213731,0.25364869732509077,7.809673085905435
2022-10-31 00:00:00+00:00,0.0024844644273298577,0.0025437771472978377,5.916222445350994e-05,0.02958111222675497,1.0,0.0,0.2477126190275575,0.24658108992154057,0.24663953384139362,0.25906675720950834,7.829075940876442
2022-11-01 00:00:00+00:00,-0.0035818269101208777,-0.003581826910120889,0.0,0.0,1.0,0.0,0.24850686179804932,0.24837697587357227,0.24471419628201402,0.2584019660463644,7.801033545990031
2022-11-02 00:00:00+00:00,-0.026915344812087683,-0.02691534481208767,0.0,0.0,1.0,0.0,0.2512539689014468,0.24552207838713286,0.24062700564316775,0.26259694706825265,7.591066038209046
2022-11-03 00:00:00+00:00,0.01083912578666979,0.010839125786669776,0.0,0.0,1.0,0.0,0.24924164071718566,0.24491780725745238,0.23843310074223964,0.2674074512831223,7.673346557852112
2022-11-04 00:00:00+00:00,0.07234978967674133,0.07234978967674136,0.0,0.0,1.0,0.0,0.24325383190796954,0.245365603213823,0.2430247444870508,0.26835582039115674,8.228511567429459
2022-11-05 00:00:00+00:00,0.01768278694065728,0.017682786940657357,0.0,0.0,1.0,0.0,0.2407321191910129,0.2384930071542964,0.2612450625860884,0.2595298110686025,8.374014584315049
2022-11-06 00:00:00+00:00,-0.05183285237262314,-0.051832852372623126,0.0,0.0,1.0000000000000002,0.0,0.24919802637102165,0.24245091521219933,0.2434936389735464,0.26485741944323277,7.939965522600054
2022-11-07 00:00:00+00:00,-0.02736365638343785,-0.02730584948350101,5.942967777293079e-05,0.029714838886465395,1.0,0.0,0.2531465201793042,0.2569918753287964,0.23345219403524356,0.2564094104566558,7.722699034343282
2022-11-08 00:00:00+00:00,-0.11198578111164137,-0.11198578111164136,0.0,0.0,1.0,0.0,0.25675404850154765,0.2463418389981579,0.21638476852513908,0.2805193439751554,6.857866550692232
2022-11-09 00:00:00+00:00,-0.22221986011222405,-0.222219860112224,0.0,0.0,1.0,0.0,0.28342677902397795,0.2616621037733942,0.1606714789195704,0.2942396382830575,5.333912405129103
2022-11-10 00:00:00+00:00,0.15803669420528865,0.1580366942052886,0.0,0.0,1.0000000000000002,0.0,0.2705674276064136,0.2662269835318693,0.17392360362041254,0.2892819852413046,6.176866288816287
2022-11-11 00:00:00+00:00,-0.03497802096774627,-0.034978020967746284,0.0,0.0,1.0000000000000002,0.0,0.27189310900226343,0.27376816051023833,0.1680762855038015,0.2862624449836969,5.9608117302511054
2022-11-12 00:00:00+00:00,-0.03749666097345439,-0.037496660973454436,0.0,0.0,1.0,0.0,0.27823533909848835,0.27735213464739455,0.1546791902554054,0.2897333359987117,5.73730119367529
2022-11-13 00:00:00+00:00,-0.03736232719364985,-0.03736232719364986,0.0,0.0,1.0,0.0,0.2807589509089302,0.2799242259864683,0.14525360585972794,0.2940632172448736,5.522942269268675
2022-11-14 00:00:00+00:00,0.02631207319450879,0.026742263393716492,0.00041898557656108845,0.2094927882805442,1.0,0.0,0.2477516101056827,0.24783208970024653,0.25863732210798407,0.24577897808608676,5.668262330506719
2022-11-15 00:00:00+00:00,0.010346234297895496,0.010346234297895558,0.0,0.0,1.0,0.0,0.249388356728935,0.24725335214687774,0.2618399746018098,0.24151831652237757,5.726907500640077
2022-11-16 00:00:00+00:00,-0.016198849105357294,-0.016198849105357294,0.0,0.0,1.0,0.0,0.24991047490701335,0.24389239590418735,0.2652220203677906,0.24097510882100884,5.634138190196869
2022-11-17 00:00:00+00:00,-0.01767206237697272,-0.01767206237697273,0.0,0.0,1.0,0.0,0.25487893595951155,0.2450666825119534,0.2582627443695157,0.24179163715901947,5.534571348659226
2022-11-18 00:00:00+00:00,0.0010903094109422362,0.0010903094109422466,0.0,0.0,1.0,0.0,0.25470612560141503,0.24727954481416578,0.2509885605779211,0.2470257690064982,5.5406057438862
2022-11-19 00:00:00+00:00,-0.008610662296457239,-0.008610662296457192,0.0,0.0,1.0000000000000002,0.0,0.25693759393454824,0.25047429008722233,0.24478039586022224,0.2478077201180074,5.492897458907785
2022-11-20 00:00:00+00:00,-0.04069498964947804,-0.04069498964947803,0.0,0.0,1.0000000000000002,0.0,0.261082551063732,0.24491917808439922,0.24363819114719604,0.25036007970467294,5.269364053671889
2022-11-21 00:00:00+00:00,-0.033747373370248246,-0.03370314545777148,4.5770523073619395e-05,0.022885261536809698,1.0,0.0,0.2508019341259057,0.2508213336975316,0.24964548575382106,0.24873124642274158,5.091536857528858
2022-11-22 00:00:00+00:00,0.039599657837726454,0.039599657837726544,0.0,0.0,0.9999999999999999,0.0,0.24807681726466002,0.24829386363441278,0.25231552492860526,0.2513137941723219,5.293159974955174
2022-11-23 00:00:00+00:00,0.08493795337882215,0.08493795337882207,0.0,0.0,0.9999999999999999,0.0,0.2339412446181727,0.23787831461811515,0.2686719841932783,0.25950845657043375,5.7427501501345635
2022-11-24 00:00:00+00:00,0.009511467478572344,0.009511467478572367,0.0,0.0,1.0,0.0,0.23168739634829075,0.23945652443393015,0.2705886288188859,0.25826745039889315,5.797372131425135
2022-11-25 00:00:00+00:00,-0.012106795251484836,-0.012106795251484809,0.0,0.0,1.0,0.0,0.23342191505717472,0.24149904213253945,0.2632111962755191,0.26186784653476675,5.727184534033307
2022-11-26 00:00:00+00:00,0.012226636810745761,0.012226636810745829,0.0,0.0,1.0000000000000002,0.0,0.22971275001863442,0.23983926251540155,0.26262663952049514,0.267821347945469,5.797208739279053
2022-11-27 00:00:00+00:00,-0.007030309333169837,-0.0070303093331698565,0.0,0.0,1.0,0.0,0.2309337414406806,0.2391873036616914,0.26336614558668625,0.2665128093109419,5.756452568572965
2022-11-28 00:00:00+00:00,-0.03423599763072305,-0.03412055975779699,0.00011951581959051233,0.059757909795256164,1.0,0.0,0.25541914940529936,0.2531708641831328,0.24452328555116584,0.24688670086040193,5.559374672073932
2022-11-29 00:00:00+00:00,0.016162645129469633,0.01616264512946967,0.0,0.0,1.0,0.0,0.25493384201559977,0.25953846236929995,0.24099504481140704,0.24453265080369319,5.649228872040424
2022-11-30 00:00:00+00:00,0.046945812100761986,0.046945812100762006,0.0,0.0,1.0,0.0,0.2542036748602673,0.2637895669891589,0.24432758003890453,0.23767917811166928,5.914436509181433
2022-12-01 00:00:00+00:00,-0.024400232646648035,-0.024400232646648014,0.0,0.0,0.9999999999999999,0.0,0.25771485264987865,0.26661469794893905,0.2387735982726126,0.23689685112856965,5.7701228823835775
2022-12-02 00:00:00+00:00,0.010165012602769474,0.010165012602769523,0.0,0.0,1.0,0.0,0.25683652433919246,0.26789783547143553,0.23987008413850847,0.23539555605086357,5.828776254202535
2022-12-03 00:00:00+00:00,-0.024254027616393503,-0.02425402761639351,0.0,0.0,1.0,0.0,0.2600339413191181,0.2628844942547442,0.23830153855975011,0.23878002586638764,5.687404953963328
2022-12-04 00:00:00+00:00,0.02033608886723992,0.020336088867239924,0.0,0.0,1.0,0.0,0.25819364678442003,0.26572431786253287,0.24093288022697085,0.2351491551260763,5.803064526531107
2022-12-05 00:00:00+00:00,-0.006872967297576027,-0.00677794389747835,9.567185858781152e-05,0.04783592929390576,1.0,0.0,0.249641685112497,0.2477732654198707,0.2537255728549865,0.2488594766126458,5.763180253814535
2022-12-06 00:00:00+00:00,0.014424134008626854,0.014424134008626938,0.0,0.0,1.0000000000000002,0.0,0.24787044356675234,0.24655805608356143,0.2588050004734351,0.24676649987625127,5.846309138111428
2022-12-07 00:00:00+00:00,-0.03120422639899567,-0.031204226398995717,0.0,0.0,1.0,0.0,0.2520764657358757,0.24646601920101407,0.252009167652588,0.24944834741052221,5.663879584167281
2022-12-08 00:00:00+00:00,0.024788274178712433,0.02478827417871251,0.0,0.0,1.0,0.0,0.2516397621241158,0.2500762159778775,0.24955926100025097,0.24872476089775586,5.804277384214831
2022-12-09 00:00:00+00:00,-0.010418479318756169,-0.010418479318756193,0.0,0.0,1.0,0.0,0.2528785568055715,0.24933942171842796,0.25016032703680624,0.24762169443919438,5.743805640327065
2022-12-10 00:00:00+00:00,0.0024413485965282256,0.0024413485965282655,0.0,0.0,1.0,0.0,0.2522469370884374,0.24937020199322027,0.24955108584361982,0.24883177507472262,5.757828272165809
2022-12-11 00:00:00+00:00,-0.007419520743214059,-0.007419520743214033,0.0,0.0,1.0,0.0,0.2535027664930344,0.25056962504243696,0.24845427853796082,0.24747332992656795,5.71510794586461
2022-12-12 00:00:00+00:00,-0.005177607858122268,-0.005161402368985685,1.628956614188515e-05,0.008144783070942574,0.9999999999999999,0.0,0.2531191456529579,0.2537662425755426,0.2492372333186213,0.24387737845287816,5.685517358054085
2022-12-13 00:00:00+00:00,0.02495067826212427,0.0249506782621243,0.0,0.0,1.0,0.0,0.25509256730930874,0.25637870750460307,0.2539491124366176,0.23457961274947056,5.827374872408615
2022-12-14 00:00:00+00:00,-0.0020243936862125445,-0.0020243936862125852,0.0,0.0,1.0,0.0,0.25601538488351416,0.2543233454728724,0.2584917399531366,0.23116952969047677,5.815577971509717
2022-12-15 00:00:00+00:00,-0.02326874492465314,-0.023268744924653105,0.0,0.0,1.0,0.0,0.25553289325710016,0.252232784628472,0.26333780554795416,0.2288965165664737,5.680256771101226
2022-12-16 00:00:00+00:00,-0.08876500858017933,-0.08876500858017933,0.0,0.0,1.0,0.0,0.2687040309246078,0.255011361231887,0.25196637525208926,0.22431823259141592,5.176048730076804
2022-12-17 00:00:00+00:00,0.022522555105805253,0.02252255510580515,0.0,0.0,0.9999999999999999,0.0,0.26509293145154733,0.25374180415048825,0.2514453543266799,0.22971991007128442,5.292626572830292
2022-12-18 00:00:00+00:00,0.004640620418380426,0.004640620418380475,0.0,0.0,1.0,0.0,0.2632622812176736,0.2516974439802835,0.2478811565686396,0.23715911823340333,5.317187643771031
2022-12-19 00:00:00+00:00,-0.02739899870576301,-0.02734079584814139,5.98389007918283e-05,0.02991945039591415,1.0,0.0,0.2524189894428636,0.25371634458949127,0.24789227316375823,0.2459723928038869,5.17150202640105
2022-12-20 00:00:00+00:00,0.03570088604675603,0.03570088604675606,0.0,0.0,1.0,0.0,0.25049739111715974,0.25527655141987593,0.24576202995063517,0.2484640275123292,5.356129230936161
2022-12-21 00:00:00+00:00,-0.009269329285098604,-0.009269329285098566,0.0,0.0,1.0,0.0,0.2517715511580063,0.2569937481406744,0.24563338557613867,0.24560131512518074,5.306481505401072
2022-12-22 00:00:00+00:00,-0.006183674561817454,-0.006183674561817439,0.0,0.0,1.0000000000000002,0.0,0.2532962516628338,0.25943220904524206,0.24044318846217427,0.24682835082975002,5.273667950703368
2022-12-23 00:00:00+00:00,-0.00027776141585789116,-0.0002777614158579046,0.0,0.0,1.0,0.0,0.2527132500331441,0.25998591046346775,0.2401026939711749,0.24719814553221342,5.272203129226616
2022-12-24 00:00:00+00:00,-0.007575120272365732,-0.007575120272365676,0.0,0.0,1.0000000000000002,0.0,0.2555104530370258,0.2620648501701604,0.234958451418235,0.2474662453745791,5.232265556422382
2022-12-25 00:00:00+00:00,-0.0031105615560960143,-0.0031105615560960047,0.0,0.0,1.0000000000000002,0.0,0.2562526029580914,0.262473296188453,0.23445651952824656,0.24681758132520934,5.215990272331289
2022-12-26 00:00:00+00:00,0.0030046119109725655,0.003079746191624877,7.490359658617696e-05,0.03745179829308848,1.0,0.0,0.2505247790980971,0.25119598259781134,0.24791952609535525,0.2503597122087362,5.231662298831052
2022-12-27 00:00:00+00:00,-0.009121205230997909,-0.009121205230997888,0.0,0.0,0.9999999999999999,0.0,0.24964305525575312,0.2500879076097976,0.2451225509276886,0.2551464862067606,5.18394323330414
2022-12-28 00:00:00+00:00,-0.03855274790708085,-0.03855274790708089,0.0,0.0,1.0,0.0,0.25718619620839406,0.2555215830864268,0.22417369173984225,0.2631185289653368,4.984087976665948
2022-12-29 00:00:00+00:00,0.0026292753383427847,0.002629275338342828,0.0,0.0,1.0,0.0,0.2578472284917275,0.25706351189752474,0.22083681702819777,0.26425244258254993,4.997192516267126
2022-12-30 00:00:00+00:00,0.005138862874114691,0.005138862874114735,0.0,0.0,1.0,0.0,0.2561281317014076,0.25564273198326265,0.22586140976234512,0.2623677265529846,5.022872403363775
2022-12-31 00:00:00+00:00,6.75670202565648e-05,6.756702025658681e-05,0.0,0.0,0.9999999999999999,0.0,0.2550974859322184,0.25480531477893836,0.22721353336117014,0.262883665927673,5.023211783885199
2023-01-01 00:00:00+00:00,0.0005920770022127542,0.0005920770022128305,0.0,0.0,1.0,0.0,0.2561086245324205,0.2555487142844633,0.2275346098015717,0.26080805138154445,5.026185912059682
2023-01-02 00:00:00+00:00,0.0366887969287053,0.03678196377417292,8.98615607937131e-05,0.04493078039685655,1.0,0.0,0.24193769124265233,0.2438748548671678,0.2722677401280176,0.24191971376216234,5.210590626313159
2023-01-03 00:00:00+00:00,0.05149052081324679,0.05149052081324673,0.0,0.0,1.0,0.0,0.23012983269695528,0.23204142657409374,0.30691147921839534,0.23091726151055567,5.478886651406646
2023-01-04 00:00:00+00:00,0.02379098587644135,0.023790985876441424,0.0,0.0,1.0000000000000002,0.0,0.22713707712622896,0.23455215788305528,0.301124738852181,0.23718602613853493,5.609234766348885
2023-01-05 00:00:00+00:00,-0.0033212076163103843,-0.0033212076163103292,0.0,0.0,1.0000000000000002,0.0,0.22764362039663105,0.23427401710989268,0.302128169228926,0.23595419326455053,5.590605333121213
2023-01-06 00:00:00+00:00,0.009690934611518376,0.009690934611518355,0.0,0.0,1.0000000000000002,0.0,0.22704545887422056,0.23534105021377197,0.3010108141494925,0.2366026767625152,5.644783523843297
2023-01-07 00:00:00+00:00,-0.008887491862531127,-0.008887491862531082,0.0,0.0,1.0000000000000002,0.0,0.22899384168638298,0.2365028118646633,0.2944930757512728,0.2400102706976812,5.59461555620939
2023-01-08 00:00:00+00:00,0.050433369692094,0.05043336969209393,0.0,0.0,1.0,0.0,0.22036674235695144,0.22979486347821076,0.30945932610155075,0.2403790680632872,5.876770870840838
2023-01-09 00:00:00+00:00,0.03521868854700361,0.0354649607420737,0.00023783730440620266,0.11891865220310133,1.0,0.0,0.2421592977304066,0.24709838691391944,0.2713249138008569,0.23941740155481717,6.083743033803085
2023-01-10 00:00:00+00:00,0.009742908197516442,0.009742908197516362,0.0,0.0,1.0,0.0,0.24347471360457146,0.24753678629144804,0.2678801363359792,0.24110836376800132,6.143016383678709
2023-01-11 00:00:00+00:00,0.026490589376275908,0.026490589376275922,0.0,0.0,1.0,0.0,0.24402696798391882,0.25085681578405117,0.26370550980978597,0.2414107064222441,6.305748508230477
2023-01-12 00:00:00+00:00,0.023073337842119068,0.0230733378421191,0.0,0.0,1.0,0.0,0.25053198595837334,0.2498776961043012,0.2612222367452107,0.23836808119211483,6.451243173908317
2023-01-13 00:00:00+00:00,0.05228584566695482,0.05228584566695487,0.0,0.0,1.0000000000000002,0.0,0.2517697188191154,0.24338195632538365,0.27368042434403284,0.23116790051146824,6.788551878859283
2023-01-14 00:00:00+00:00,0.12740709425410013,0.12740709425410005,0.0,0.0,1.0,0.0,0.23477748899367784,0.23055993038868675,0.32159010679570105,0.2130724738219344,7.653461547937956
2023-01-15 00:00:00+00:00,-0.02025227949910635,-0.020252279499106386,0.0,0.0,1.0,0.0,0.23871824791899604,0.23572209587545812,0.3102204949358486,0.21533916126969727,7.498461505533454
2023-01-16 00:00:00+00:00,0.01220955372953414,0.012453435517479489,0.00024088197974339432,0.12044098987169716,1.0,0.0,0.2506236660497713,0.2508088842249902,0.254257205077736,0.2443102446475025,7.590014374174109
2023-01-17 00:00:00+00:00,-0.009877948951114601,-0.00987794895111464,0.0,0.0,1.0,0.0,0.25248647221486986,0.2514830567218418,0.24895276904055771,0.24707770202273066,7.515040599647791
2023-01-18 00:00:00+00:00,-0.0472601408351675,-0.04726014083516752,0.0,0.0,0.9999999999999999,0.0,0.2593072246253243,0.254832955167879,0.23752643112890615,0.2483333890778905,7.159878722526435
2023-01-19 00:00:00+00:00,0.025557327838988675,0.0255573278389886,0.0,0.0,1.0,0.0,0.2576644973685563,0.25500091266694425,0.23851749055638996,0.24881709940810945,7.342866090325443
2023-01-20 00:00:00+00:00,0.09183674278896281,0.09183674278896273,0.0,0.0,0.9999999999999998,0.0,0.2538484141720316,0.24972979648912036,0.2604109317932414,0.23601085754560652,8.017210994796457
2023-01-21 00:00:00+00:00,-0.01782509777168706,-0.017825097771687056,0.0,0.0,0.9999999999999998,0.0,0.259793523282906,0.24937465769629458,0.25526324338181433,0.23556857563898487,7.874303424957966
2023-01-22 00:00:00+00:00,-0.0012495421938688578,-0.0012495421938688565,0.0,0.0,0.9999999999999999,0.0,0.2592356722311512,0.24980637972566808,0.2519403443851799,0.2390176036580006,7.8644641505811546
2023-01-23 00:00:00+00:00,0.004978278925829249,0.005023207550098663,4.470406646532488e-05,0.022352033232662438,1.0,0.0,0.2510706903912339,0.24857469879234678,0.24988069168149252,0.2504739191349268,7.9036156467249326
2023-01-24 00:00:00+00:00,-0.033825724609584995,-0.03382572460958494,0.0,0.0,1.0,0.0,0.25661924043460255,0.24615425646267694,0.24214565987286035,0.2550808432298602,7.636270120438808
2023-01-25 00:00:00+00:00,0.03803722681021671,0.03803722681021678,0.0,0.0,1.0000000000000002,0.0,0.251896258126262,0.24566583815051346,0.25130335009107485,0.2511345536321498,7.92673265899402
2023-01-26 00:00:00+00:00,-0.0059785614324100456,-0.005978561432410091,0.0,0.0,1.0000000000000002,0.0,0.2528533808362368,0.24547681696929294,0.25075354858125115,0.25091625361321923,7.879342200833933
2023-01-27 00:00:00+00:00,0.003841809195308965,0.0038418091953089204,0.0,0.0,1.0,0.0,0.25259187239299385,0.24400736848317453,0.2508205789926764,0.25258018013115535,7.909613130154082
2023-01-28 00:00:00+00:00,-0.010364662647269318,-0.010364662647269283,0.0,0.0,1.0000000000000002,0.0,0.2546537106644155,0.24262589154998437,0.24898646901641758,0.25373392876918277,7.827632658389623
2023-01-29 00:00:00+00:00,0.04970272234299222,0.049702722342992264,0.0,0.0,1.0,0.0,0.25020403821072024,0.24181613033642582,0.25765537824404133,0.2503244532088128,8.216687311012501
2023-01-30 00:00:00+00:00,-0.049554094919005864,-0.049522980598825705,3.2735478654297104e-05,0.01636773932714855,1.0,0.0,0.2528786101103283,0.25046887561786,0.2418384722089085,0.2548140420629032,7.809516808082797
2023-01-31 00:00:00+00:00,0.010015360282669805,0.010015360282669857,0.0,0.0,1.0,0.0,0.2536367803668958,0.2510109883192495,0.23904082365664653,0.2563114076572083,7.887731932549311
2023-02-01 00:00:00+00:00,0.030366492104641374,0.03036649210464129,0.0,0.0,1.0,0.0,0.2526154244107767,0.25227251111029175,0.24236932860727017,0.25274273587166135,8.127254682002597
2023-02-02 00:00:00+00:00,-0.0038454296886527572,-0.003845429688652745,0.0,0.0,1.0,0.0,0.2510037555462105,0.2534700312163861,0.23668704626377468,0.25883916697362874,8.096001895561182
2023-02-03 00:00:00+00:00,0.013175222516927931,0.01317522251692801,0.0,0.0,1.0000000000000002,0.0,0.24713402073603497,0.2532799446389436,0.2371632803933593,0.2624227542316623,8.20266852203267
2023-02-04 00:00:00+00:00,-0.005524871832892964,-0.0055248718328929905,0.0,0.0,1.0,0.0,0.24740147279858654,0.25512645869423317,0.23510020448284563,0.2623718640243347,8.157349829760735
2023-02-05 00:00:00+00:00,-0.02047404177354417,-0.020474041773544192,0.0,0.0,1.0,0.0,0.24829862859644125,0.2546165626120413,0.23133667602789165,0.2657481327636258,7.9903359085848
2023-02-06 00:00:00+00:00,-0.01542302592595024,-0.015342816951621263,8.145878150266838e-05,0.040729390751334194,1.0,0.0,0.2520090452354454,0.2515996722752817,0.24512925980772915,0.25126202268154374,7.867100750709645
2023-02-07 00:00:00+00:00,0.03355890420310992,0.03355890420310989,0.0,0.0,0.9999999999999998,0.0,0.24896706557468043,0.25198820851571957,0.24942126171536777,0.2496234641942321,8.131112031158924
2023-02-08 00:00:00+00:00,-0.016172743789063304,-0.016172743789063276,0.0,0.0,1.0,0.0,0.25000493474999064,0.25297150223274495,0.24702903674943347,0.24999452626783086,7.9996096395588205
2023-02-09 00:00:00+00:00,-0.07459216835133264,-0.07459216835133267,0.0,0.0,0.9999999999999998,0.0,0.2564612745149236,0.2559592375495949,0.23554269846479262,0.25203678947068875,7.402901410579905
2023-02-10 00:00:00+00:00,-0.011998451883265204,-0.011998451883265161,0.0,0.0,0.9999999999999998,0.0,0.2575199277240143,0.25365276811238735,0.23397967112755788,0.25484763303604036,7.314078054208506
2023-02-11 00:00:00+00:00,0.019184022114853372,0.019184022114853445,0.0,0.0,1.0,0.0,0.25543981477859323,0.2530644964300698,0.23768487282809955,0.25381081596323735,7.454391489350206
2023-02-12 00:00:00+00:00,0.00465761145315402,0.004657611453154041,0.0,0.0,0.9999999999999999,0.0,0.25332926043854687,0.24801427096879203,0.24431368758868224,0.2543427810039788,7.489111148527297
2023-02-13 00:00:00+00:00,-0.024709465207321535,-0.02467953441119458,3.068816577010275e-05,0.015344082885051374,1.0,0.0,0.2562349253487215,0.2547066458594983,0.24773807142672394,0.24132035736505622,7.304059217168998
2023-02-14 00:00:00+00:00,0.027861041264872988,0.02786104126487293,0.0,0.0,1.0,0.0,0.25415752902739536,0.25610796612728987,0.2534396058409344,0.23629489900438033,7.507557912419619
2023-02-15 00:00:00+00:00,0.08436543600320179,0.08436543600320176,0.0,0.0,0.9999999999999999,0.0,0.2567983847465416,0.25428201129385336,0.25533868870465537,0.2335809152549496,8.140936309020187
2023-02-16 00:00:00+00:00,-0.04110560213667336,-0.0411056021366733,0.0,0.0,1.0,0.0,0.2589416452796535,0.25931020581947195,0.24820480567670689,0.23354334322416767,7.806298220081605
2023-02-17 00:00:00+00:00,0.03707219662549388,0.03707219662549393,0.0,0.0,1.0000000000000002,0.0,0.26083852908644645,0.2585868819420141,0.24901744135031909,0.2315571476212204,8.095694842613714
2023-02-18 00:00:00+00:00,0.0064500325737253394,0.006450032573725374,0.0,0.0,1.0,0.0,0.2598400168555796,0.25659748169469426,0.2508431242944535,0.23271937715527272,8.147912338055512
2023-02-19 00:00:00+00:00,0.005304974822885056,0.005304974822885047,0.0,0.0,1.0,0.0,0.25469612364720556,0.2534508845257381,0.264090684011591,0.22776230781546533,8.191136807867972
2023-02-20 00:00:00+00:00,0.026903909369384804,0.02699526138737568,8.895076873813873e-05,0.044475384369069365,1.0,0.0,0.2491589419149402,0.24683855866445323,0.25744802892467605,0.24655447049593057,8.411510410179083
2023-02-21 00:00:00+00:00,-0.025922398112295908,-0.025922398112295877,0.0,0.0,1.0,0.0,0.2517410777948049,0.24693568672593855,0.251416471035371,0.2499067644438856,8.1934638886007
2023-02-22 00:00:00+00:00,-0.012687499384571255,-0.01268749938457126,0.0,0.0,1.0,0.0,0.25217653645015387,0.24760449399561776,0.2462881895890895,0.2539307799651389,8.089509320556571
2023-02-23 00:00:00+00:00,-0.0073744890801857865,-0.007374489080185803,0.0,0.0,1.0,0.0,0.25150755132066915,0.25056284427302083,0.24555048707910618,0.2523791173272038,8.029853322408066
2023-02-24 00:00:00+00:00,-0.027967523320830745,-0.027967523320830696,0.0,0.0,0.9999999999999999,0.0,0.2505714560825353,0.25110024010977433,0.24374069375493534,0.254587610052755,7.805278212350768
2023-02-25 00:00:00+00:00,-0.009583393073544055,-0.009583393073544059,0.0,0.0,1.0,0.0,0.2527017060190663,0.25144528858435367,0.23863191073894624,0.2572210946576338,7.730477163193441
2023-02-26 00:00:00+00:00,0.026378341150998352,0.026378341150998245,0.0,0.0,0.9999999999999999,0.0,0.25043638690450726,0.25217161645656144,0.24164511103467567,0.2557468856042555,7.934394327064159
2023-02-27 00:00:00+00:00,-0.011273881365528537,-0.011240837473463078,3.341955586129708e-05,0.01670977793064854,0.9999999999999999,0.0,0.2521684800427042,0.25162213415120005,0.2466434466395049,0.24956593916659078,7.8449429067135155
2023-02-28 00:00:00+00:00,-0.01942903039631594,-0.019429030396315963,0.0,0.0,1.0,0.0,0.25332784736720926,0.25217610810111846,0.24265811329080192,0.2518379312408704,7.6925232725216155
2023-03-01 00:00:00+00:00,0.022563182418882555,0.022563182418882565,0.0,0.0,1.0,0.0,0.2529643215764432,0.2558279785694195,0.2440281149874026,0.24717958486673464,7.86609107838102
2023-03-02 00:00:00+00:00,-0.012138957711573917,-0.012138957711573941,0.0,0.0,1.0,0.0,0.2542907623184436,0.25627029334944423,0.24153727880081424,0.24790166553129783,7.770604931425164
2023-03-03 00:00:00+00:00,-0.038291522132777533,-0.03829152213277756,0.0,0.0,0.9999999999999998,0.0,0.25189671863568835,0.25379437597811216,0.2445330193363605,0.24977588604983886,7.473056640708427
2023-03-04 00:00:00+00:00,-0.006322706438247283,-0.00632270643824726,0.0,0.0,1.0,0.0,0.2534114094396165,0.25496823355893805,0.24103391881475383,0.2505864381866916,7.425806697372834
2023-03-05 00:00:00+00:00,-9.654663895031224e-05,-9.654663895033002e-05,0.0,0.0,0.9999999999999999,0.0,0.2543847921248705,0.2546396765661268,0.2410571920764436,0.24991833923255904,7.425089760694708
2023-03-06 00:00:00+00:00,-0.005134032625450313,-0.005098118781939692,3.6097874763989235e-05,0.018048937381994618,0.9999999999999998,0.0,0.25104770677223365,0.2514850317203939,0.24696927891003112,0.2504979825973413,7.386969107616404
2023-03-07 00:00:00+00:00,-0.006200299979717605,-0.00620029997971757,0.0,0.0,1.0,0.0,0.25023714582309897,0.2524253831740886,0.24405091428764344,0.25328655671516903,7.341167683208276
2023-03-08 00:00:00+00:00,-0.034451249130318384,-0.03445124913031841,0.0,0.0,1.0,0.0,0.2533961154107796,0.256482752350169,0.2297920468587185,0.26032908538033284,7.088255286446626
2023-03-09 00:00:00+00:00,-0.054003466118241694,-0.05400346611824166,0.0,0.0,1.0,0.0,0.25129748109689654,0.25430541859394307,0.22879195698793692,0.2656051433212235,6.7054649322475575
2023-03-10 00:00:00+00:00,0.006797593358797593,0.006797593358797703,0.0,0.0,1.0000000000000002,0.0,0.24700797563859636,0.25067466350368656,0.23812468499610803,0.26419267586160916,6.751045956138654
2023-03-11 00:00:00+00:00,0.008996560559578315,0.008996560559578223,0.0,0.0,1.0,0.0,0.24851142029324524,0.2563642410811049,0.23470263094637697,0.2604217076792729,6.811782149923552
2023-03-12 00:00:00+00:00,0.07656985503473268,0.07656985503473263,0.0,0.0,1.0,0.0,0.24824090083522968,0.25566769747112045,0.24358688929090566,0.2525045124027442,7.333359321671378
2023-03-13 00:00:00+00:00,0.058504104453010575,0.058538706854898814,3.268883949545859e-05,0.016344419747729294,1.0,0.0,0.25887325158326946,0.25008959691690563,0.23863113889083876,0.25240601260898615,7.762390941417899
2023-03-14 00:00:00+00:00,0.015746162961966848,0.015746162961966938,0.0,0.0,1.0,0.0,0.26075957068771083,0.2500336495396941,0.24022934667966542,0.24897743309292975,7.884618814155961
2023-03-15 00:00:00+00:00,-0.031660456633164746,-0.03166045663316473,0.0,0.0,1.0,0.0,0.2650855981868997,0.2506936923399498,0.2289363860141338,0.2552843234590168,7.634988182121341
2023-03-16 00:00:00+00:00,0.03564463014329067,0.0356446301432907,0.0,0.0,1.0000000000000002,0.0,0.2634779525488329,0.24555414309915652,0.22587995428182847,0.26508795007018227,7.907134512021451
2023-03-17 00:00:00+00:00,0.07209494136828098,0.07209494136828103,0.0,0.0,1.0,0.0,0.26931812621779316,0.24485110704488,0.23136296195605668,0.25446780478127023,8.477198911056748
2023-03-18 00:00:00+00:00,-0.019171325237646197,-0.019171325237646197,0.0,0.0,1.0,0.0,0.2696946007476498,0.24539279015633375,0.23151694939546222,0.25339565970055433,8.314679773628658
2023-03-19 00:00:00+00:00,0.025217415937768717,0.02521741593776869,0.0,0.0,1.0,0.0,0.2734765650016637,0.24232762813157827,0.2328526113835641,0.25134319548319406,8.524354511869605
2023-03-20 00:00:00+00:00,-0.00914072947488509,-0.009042348148606688,9.927904193943071e-05,0.049639520969715356,1.0,0.0,0.249973669028119,0.24549485316008618,0.25539722225581685,0.24913425555597798,8.446435693328588
2023-03-21 00:00:00+00:00,0.019223246624754164,0.0192232466247541,0.0,0.0,1.0,0.0,0.24871705963052126,0.2503809727180242,0.2549962661291542,0.2459057015223003,8.608803609761571
2023-03-22 00:00:00+00:00,-0.03922604595457968,-0.039226045954579694,0.0,0.0,1.0,0.0,0.2509801127723981,0.2509257148829213,0.2523253481637299,0.24576882418095053,8.271114283751112
2023-03-23 00:00:00+00:00,0.0362261225649636,0.036226122564963624,0.0,0.0,0.9999999999999999,0.0,0.2514889761706116,0.2532450713825711,0.2520341749453326,0.24323177750148461,8.5707446835431
2023-03-24 00:00:00+00:00,-0.0388900696571125,-0.0388900696571125,0.0,0.0,0.9999999999999998,0.0,0.25388827780298423,0.25416436002670023,0.24448202282400724,0.24746533934630816,8.237427825786783
2023-03-25 00:00:00+00:00,-0.0038847884691959322,-0.003884788469195919,0.0,0.0,0.9999999999999999,0.0,0.2549573378572522,0.25403408338972644,0.24234675462961403,0.24866182412340718,8.205427161153333
2023-03-26 00:00:00+00:00,0.02055296218438607,0.02055296218438598,0.0,0.0,0.9999999999999998,0.0,0.25441740067205104,0.25349094248117143,0.24375199034171235,0.24833966650506495,8.374072995303251
2023-03-27 00:00:00+00:00,-0.04182713430066798,-0.041796823102534325,3.1633372612890345e-05,0.01581668630644517,1.0,0.0,0.25303952324972256,0.25227572625290773,0.24807156412291093,0.24661318637445873,8.023809519485106
2023-03-28 00:00:00+00:00,0.018642016491839275,0.018642016491839244,0.0,0.0,1.0,0.0,0.249655631965941,0.25600315337591983,0.2501367204280715,0.24420449423006757,8.173389508874724
2023-03-29 00:00:00+00:00,0.021196390429444767,0.021196390429444763,0.0,0.0,1.0,0.0,0.2542265911057777,0.2535257817398963,0.25273030609280217,0.23951732106152374,8.346635864036761
2023-03-30 00:00:00+00:00,-0.007397222714710994,-0.007397222714710945,0.0,0.0,1.0,0.0,0.2532294391571965,0.2554920655650632,0.24797688957923283,0.24330160569850748,8.284893939631887
2023-03-31 00:00:00+00:00,0.015625318078485106,0.015625318078485054,0.0,0.0,1.0,0.0,0.25321943418915716,0.25547725877547495,0.25129059525385744,0.24001271178151035,8.414348042685148
2023-04-01 00:00:00+00:00,-0.0027537451158226034,-0.0027537451158225652,0.0,0.0,0.9999999999999999,0.0,0.2538060876712645,0.25608145825178213,0.251031363483251,0.23908109059370228,8.391177072859772
2023-04-02 00:00:00+00:00,-0.013590861148473854,-0.013590861148473847,0.0,0.0,0.9999999999999999,0.0,0.2547631017268273,0.2558613488507541,0.24784702972973408,0.24152851969268443,8.277133750390277
2023-04-03 00:00:00+00:00,-0.005949493146520712,-0.005907246389199622,4.249780231032585e-05,0.021248901155162925,1.0,0.0,0.2481659658272392,0.2537278536829735,0.2506276930239278,0.2474784874658595,8.227888999869496
2023-04-04 00:00:00+00:00,0.018893201269174043,0.018893201269174098,0.0,0.0,1.0,0.0,0.2467662511452111,0.2572577123634678,0.25151339104396625,0.24446264544735494,8.383340162764453
2023-04-05 00:00:00+00:00,0.00842608279021917,0.008426082790219138,0.0,0.0,1.0,0.0,0.244743795979054,0.2603320307570202,0.25000822000089473,0.2449159532630311,8.453978881034475
2023-04-06 00:00:00+00:00,-0.01151160153647579,-0.011511601536475801,0.0,0.0,1.0,0.0,0.24639707580573533,0.2583591569605957,0.2488170256039793,0.24642674162968967,8.356660044758225
2023-04-07 00:00:00+00:00,-0.005989484577847204,-0.0059894845778472325,0.0,0.0,1.0,0.0,0.24675446302931553,0.2587110175507498,0.24813118290519165,0.24640333651474297,8.306607958297834
2023-04-08 00:00:00+00:00,-0.006483436194036241,-0.006483436194036294,0.0,0.0,1.0,0.0,0.24864987388438584,0.2583160830424716,0.2448629400100723,0.24817110306307016,8.252752595611335
2023-04-09 00:00:00+00:00,0.009652116980627623,0.009652116980627573,0.0,0.0,0.9999999999999999,0.0,0.2496698893442709,0.2572429134335828,0.24554756359725868,0.2475396336248875,8.332409129076355
2023-04-10 00:00:00+00:00,0.030492120204913986,0.030521976130771955,2.8971653734331416e-05,0.014485826867165708,0.9999999999999999,0.0,0.25384652012106773,0.24929036966005919,0.24976935019234275,0.2470937600265303,8.586481949836674
2023-04-11 00:00:00+00:00,0.030145101573399558,0.030145101573399457,0.0,0.0,0.9999999999999999,0.0,0.2510999175295005,0.2394173494914596,0.26683406567961454,0.24264866729942525,8.845322320372663
2023-04-12 00:00:00+00:00,0.0086022845621887,0.008602284562188598,0.0,0.0,0.9999999999999998,0.0,0.24638335667518413,0.24083453354623843,0.2739944400328739,0.2387876697457033,8.921412300016788
2023-04-13 00:00:00+00:00,0.0265296335063665,0.026529633506366425,0.0,0.0,0.9999999999999998,0.0,0.24391679556978754,0.2461855303067826,0.2738636113188601,0.23603406280456948,9.158094098695424
2023-04-14 00:00:00+00:00,0.01781887712606678,0.01781887712606684,0.0,0.0,0.9999999999999999,0.0,0.2403810337108433,0.25245342809102445,0.27226312741303854,0.23490241078509352,9.321281052149034
2023-04-15 00:00:00+00:00,-0.00679063160943949,-0.006790631609439511,0.0,0.0,0.9999999999999998,0.0,0.24065954247483679,0.2530441268556235,0.26669485394392245,0.23960147672561705,9.257983666395841
2023-04-16 00:00:00+00:00,0.02827801299665511,0.02827801299665522,0.0,0.0,0.9999999999999998,0.0,0.23411517369709758,0.24938708329522827,0.273272302443656,0.24322544056401801,9.519781048837004
2023-04-17 00:00:00+00:00,-0.025708121455062627,-0.025617416950388383,9.308920977462432e-05,0.04654460488731216,1.0,0.0,0.24916975596278942,0.25116313026873194,0.24877632167690839,0.2508907920915703,9.275045361407898
2023-04-18 00:00:00+00:00,0.0164346704314291,0.016434670431429144,0.0,0.0,0.9999999999999999,0.0,0.25305185341988196,0.2506192001744315,0.2472442455889508,0.24908470081673575,9.427477675159192
2023-04-19 00:00:00+00:00,-0.06988396416382048,-0.06988396416382048,0.0,0.0,1.0,0.0,0.2578892461207908,0.24770268119971142,0.2426873776395927,0.25172069503990513,8.76864816315315
2023-04-20 00:00:00+00:00,-0.012318817717473451,-0.012318817717473483,0.0,0.0,0.9999999999999999,0.0,0.2560875820614691,0.25199050532409994,0.24061783018264615,0.2513040824317847,8.660628784802608
2023-04-21 00:00:00+00:00,-0.02858805215271354,-0.02858805215271356,0.0,0.0,1.0,0.0,0.2544692750940879,0.2468284930111005,0.23731780528979818,0.2613844266050133,8.413038277427379
2023-04-22 00:00:00+00:00,0.02334581480884168,0.023345814808841764,0.0,0.0,1.0,0.0,0.2537171291872124,0.24451132016249297,0.23768505517552005,0.2640864954747746,8.609447511031895
2023-04-23 00:00:00+00:00,-0.008412650097916807,-0.00841265009791682,0.0,0.0,1.0,0.0,0.2537884480651457,0.24498586080942789,0.23618141063191458,0.2650442804935118,8.537019241585202
2023-04-24 00:00:00+00:00,-0.003982747485337779,-0.003907710942541082,7.533091423463012e-05,0.03766545711731506,1.0,0.0,0.25025612453191454,0.24826204127972493,0.25004557345276546,0.25143626073559505,8.503018449668499
2023-04-25 00:00:00+00:00,0.022350563170191018,0.022350563170191063,0.0,0.0,1.0,0.0,0.2518130971438472,0.24603307453852624,0.25086794296814735,0.2512858853494792,8.693065700665114
2023-04-26 00:00:00+00:00,-0.012331834442296019,-0.012331834442295991,0.0,0.0,1.0,0.0,0.2559886082777833,0.24909298204271227,0.24635938615157557,0.24855902352792889,8.58586425364851
2023-04-27 00:00:00+00:00,0.027719877206587862,0.027719877206587966,0.0,0.0,1.0000000000000002,0.0,0.25835373540151063,0.24791676229100207,0.2516551961676944,0.242074306139793,8.823863356472078
2023-04-28 00:00:00+00:00,0.002572615669599765,0.002572615669599862,0.0,0.0,1.0000000000000002,0.0,0.2562824169171364,0.24498098851161837,0.26224532023851377,0.23649127433273162,8.846563765609345
2023-04-29 00:00:00+00:00,-0.0019290482250936547,-0.0019290482250936458,0.0,0.0,1.0000000000000002,0.0,0.25606607081800054,0.24764301497134616,0.2609509672542349,0.23533994695641855,8.829498317479118
2023-04-30 00:00:00+00:00,0.001468286507132488,0.0014682865071323804,0.0,0.0,1.0,0.0,0.2557146990651827,0.2423921212053172,0.2555098894282837,0.24638329030121647,8.842462550723422
2023-05-01 00:00:00+00:00,-0.030586182616805457,-0.03054265557779312,4.489835397386538e-05,0.02244917698693269,1.0,0.0,0.247599883798767,0.2524500239931124,0.2490269745909748,0.2509231176171458,8.572005376364732
2023-05-02 00:00:00+00:00,0.008789428124806653,0.00878942812480656,0.0,0.0,0.9999999999999999,0.0,0.2507031808373809,0.2556307555192394,0.2502311436783105,0.24343491996506908,8.647348401505747
2023-05-03 00:00:00+00:00,0.011200080626982079,0.011200080626981974,0.0,0.0,0.9999999999999998,0.0,0.2510076239977306,0.25753474899381545,0.24734835868275093,0.2441092683257028,8.744199400812215
2023-05-04 00:00:00+00:00,-0.01247651529273719,-0.01247651529273719,0.0,0.0,0.9999999999999999,0.0,0.2525325954923727,0.2569487659643987,0.24484224736746446,0.24567639117576387,8.635102263265239
2023-05-05 00:00:00+00:00,0.035966427823205915,0.03596642782320581,0.0,0.0,0.9999999999999998,0.0,0.24940701477177404,0.26338622191587935,0.24808286908066388,0.23912389423168243,8.945676045562971
2023-05-06 00:00:00+00:00,-0.03163102409864338,-0.03163102409864333,0.0,0.0,0.9999999999999997,0.0,0.2518151853975455,0.2587577906196461,0.2459702859765499,0.24345673800625825,8.662715150987111
2023-05-07 00:00:00+00:00,-0.010861357137529004,-0.010861357137529053,0.0,0.0,0.9999999999999997,0.0,0.25089061268390705,0.25802344269171806,0.2457202793241091,0.24536566530026546,8.568626307951556
2023-05-08 00:00:00+00:00,-0.027170339820883793,-0.027135651154169466,3.565622150250114e-05,0.01782811075125057,1.0000000000000002,0.0,0.2500920057124622,0.25383242841448506,0.2448663159355625,0.25120924993749033,8.335813819366347
2023-05-09 00:00:00+00:00,-0.001431167631383068,-0.0014311676313831193,0.0,0.0,1.0,0.0,0.2500836662739343,0.2540558885402087,0.24557385615329994,0.25028658903255707,8.323883872446835
2023-05-10 00:00:00+00:00,0.003722390748599036,0.0037223907485991223,0.0,0.0,1.0,0.0,0.24888981310114996,0.25233237108907186,0.24774213758472002,0.2510356782250582,8.354868620766045
2023-05-11 00:00:00+00:00,-0.02637237752005528,-0.026372377520055265,0.0,0.0,1.0,0.0,0.24979488588721413,0.25261775783354046,0.24533031240573383,0.2522570438735116,8.134530871368739
2023-05-12 00:00:00+00:00,0.010145097952499738,0.010145097952499814,0.0,0.0,1.0000000000000002,0.0,0.24569433479465802,0.2519120430350976,0.2517767283122994,0.2506168938579451,8.217056483856407
2023-05-13 00:00:00+00:00,-0.0010761265301639789,-0.0010761265301639763,0.0,0.0,1.0000000000000002,0.0,0.2457778187446211,0.2504630881322355,0.25108364831303037,0.25267544481011317,8.208213891374273
2023-05-14 00:00:00+00:00,0.004138112652250392,0.004138112652250481,0.0,0.0,1.0,0.0,0.24606614864592088,0.24999782861390035,0.2512493445962894,0.25268667814388956,8.242180405130545
2023-05-15 00:00:00+00:00,0.006257459125425191,0.006273301983823032,1.574409096071544e-05,0.00787204548035772,1.0,0.0,0.25069848246533943,0.2507902673849645,0.24903495736601294,0.2494762927836831,8.29375551212003
2023-05-16 00:00:00+00:00,-0.005232592090765875,-0.005232592090765826,0.0,0.0,1.0000000000000002,0.0,0.2508267862766085,0.2532199392329639,0.24676514500327285,0.2491881294871549,8.250357672624565
2023-05-17 00:00:00+00:00,0.01001426378723047,0.010014263787230405,0.0,0.0,1.0000000000000002,0.0,0.25175501965576963,0.2504220324957138,0.2488078863987206,0.24901506144979604,8.332978930697228
2023-05-18 00:00:00+00:00,-0.020680516104611524,-0.020680516104611572,0.0,0.0,1.0,0.0,0.2515901371666498,0.25268459389294734,0.24549677630446404,0.2502284926359388,8.160648625721556
2023-05-19 00:00:00+00:00,0.0018785964314238512,0.0018785964314239573,0.0,0.0,1.0000000000000002,0.0,0.251670596443434,0.25385665555403913,0.2450364517007303,0.2494362963017967,8.175979191107942
2023-05-20 00:00:00+00:00,0.0036865503106808806,0.0036865503106809465,0.0,0.0,1.0000000000000002,0.0,0.25281857544528075,0.253916502377488,0.24329664913384091,0.2499682730433905,8.206120349735041
2023-05-21 00:00:00+00:00,-0.016830574923830555,-0.01683057492383058,0.0,0.0,1.0,0.0,0.25378169105555115,0.25620355386545257,0.23928606411686715,0.2507286909621292,8.068006626354855
2023-05-22 00:00:00+00:00,0.0036857528571552223,0.0037287683998299126,4.285574353253152e-05,0.02142787176626576,1.0,0.0,0.25001642352268466,0.2507893273965815,0.24792815952445402,0.2512660895562798,8.09774330482949
2023-05-23 00:00:00+00:00,0.01844028884080795,0.018440288840808002,0.0,0.0,1.0,0.0,0.2488755434141834,0.25122120748238486,0.24967470469393252,0.2502285444094994,8.247068030329263
2023-05-24 00:00:00+00:00,-0.0315261428911594,-0.03152614289115937,0.0,0.0,1.0000000000000002,0.0,0.24856889719806122,0.2518202069124345,0.24750042735579356,0.25211046853371094,7.9870697851719905
2023-05-25 00:00:00+00:00,0.0014822261345244225,0.001482226134524461,0.0,0.0,1.0000000000000002,0.0,0.24956602316248144,0.2522465979759425,0.24751986394883205,0.2506675149127442,7.9989084287458425
2023-05-26 00:00:00+00:00,0.008466825494011232,0.008466825494011284,0.0,0.0,1.0000000000000002,0.0,0.24964062721750113,0.25320275285856925,0.24671677355574892,0.250439846368181,8.06663379055461
2023-05-27 00:00:00+00:00,0.015727016895413115,0.015727016895413174,0.0,0.0,1.0000000000000002,0.0,0.24714058330105196,0.24956732824795172,0.2563282314445352,0.24696385700646148,8.193497876467772
2023-05-28 00:00:00+00:00,0.03224128471823606,0.032241284718236146,0.0,0.0,1.0000000000000004,0.0,0.25021568539297,0.25217703974726174,0.2530646936629458,0.24454258119682282,8.457666774341233
2023-05-29 00:00:00+00:00,-0.009922304605210597,-0.009900691058868205,2.182967521270951e-05,0.010914837606354755,0.9999999999999999,0.0,0.2495433409697097,0.25037794223386,0.2495878631079522,0.250490853688478,8.37374722835685
2023-05-30 00:00:00+00:00,0.008687576524742058,0.008687576524741983,0.0,0.0,0.9999999999999998,0.0,0.2470194678927646,0.24926810551926187,0.25561800061634576,0.2480944259716276,8.446494798202046
2023-05-31 00:00:00+00:00,-0.01668924228718549,-0.016689242287185494,0.0,0.0,0.9999999999999999,0.0,0.246821436310533,0.24990422537984547,0.25469618147435563,0.24857815683526577,8.3055292000374
2023-06-01 00:00:00+00:00,-0.010716633816073906,-0.010716633816073936,0.0,0.0,0.9999999999999998,0.0,0.24589694522677602,0.2510136977016541,0.25337453238008545,0.2497148246914842,8.21652188495189
2023-06-02 00:00:00+00:00,0.021435985091805332,0.021435985091805387,0.0,0.0,0.9999999999999998,0.0,0.24454856631378571,0.25167379368649395,0.257378999320679,0.24639864067904113,8.39265112558421
2023-06-03 00:00:00+00:00,-0.004897409671041797,-0.0048974096710418255,0.0,0.0,0.9999999999999998,0.0,0.24418816526177603,0.2509704902952417,0.25779408465466985,0.2470472597883122,8.351548874796094
2023-06-04 00:00:00+00:00,0.006720347853919506,0.006720347853919542,0.0,0.0,0.9999999999999998,0.0,0.24297010168866578,0.24902503371652143,0.2638073431805393,0.2441975214142733,8.407674188353734
2023-06-05 00:00:00+00:00,-0.06722485993039817,-0.06717334049913534,5.52293727221575e-05,0.02761468636107875,1.0,0.0,0.25429372890894336,0.25672808746798287,0.2456588487163702,0.2433193349067036,7.84246946870123
2023-06-06 00:00:00+00:00,0.03359190999204187,0.03359190999204194,0.0,0.0,1.0,0.0,0.26039096046562016,0.25855852555075454,0.2420696831990521,0.23898083078457333,8.105912997209177
2023-06-07 00:00:00+00:00,-0.055003734273142646,-0.05500373427314259,0.0,0.0,1.0000000000000002,0.0,0.2665335856139572,0.26598183444917833,0.23428907504920346,0.23319550488766125,7.6600575126694705
2023-06-08 00:00:00+00:00,0.008930883202007633,0.008930883202007736,0.0,0.0,1.0000000000000004,0.0,0.2657717981453769,0.26557426759571534,0.23520508345318691,0.23344885080572125,7.7284685916357825
2023-06-09 00:00:00+00:00,-0.020565029899367593,-0.020565029899367565,0.0,0.0,1.0000000000000004,0.0,0.27113896175527896,0.27037478334555776,0.22131882508165715,0.23716742981750655,7.569532403972469
2023-06-10 00:00:00+00:00,-0.06217962368918628,-0.06217962368918625,0.0,0.0,1.0000000000000004,0.0,0.28216515445928825,0.274382542104055,0.21171534971255015,0.23173695372410705,7.09886172759036
2023-06-11 00:00:00+00:00,-0.0029966820947489037,-0.002996682094748896,0.0,0.0,1.0000000000000004,0.0,0.2839367285513086,0.2754036567597285,0.21153548615598775,0.22912412853297565,7.077588695758192
2023-06-12 00:00:00+00:00,-0.012027612931424625,-0.011793050606848515,0.00023736154124414738,0.11868077062207369,1.0,0.0,0.25278496727780836,0.2515112447847652,0.24712659509173265,0.2485771928456938,6.992462198437786
2023-06-13 00:00:00+00:00,0.011082821626588135,0.011082821626588196,0.0,0.0,1.0,0.0,0.2502943739677908,0.2484046037700868,0.24184324444239194,0.25945777781973056,7.069958409713732
2023-06-14 00:00:00+00:00,-0.03578352742676738,-0.035783527426767346,0.0,0.0,1.0000000000000002,0.0,0.25151929602416434,0.24442173122832764,0.2418069720152413,0.2622520007322669,6.816970359053636
2023-06-15 00:00:00+00:00,0.01036969899822715,0.010369698998227124,0.0,0.0,1.0,0.0,0.25359287672251907,0.244259104601811,0.24411504944224488,0.25803296923342517,6.887660289756859
2023-06-16 00:00:00+00:00,0.026944122840348417,0.02694412284034849,0.0,0.0,1.0,0.0,0.25414072018325595,0.24512024156910597,0.24639510262187664,0.2543439356257616,7.073242254686657
2023-06-17 00:00:00+00:00,0.013788871126656943,0.01378887112665688,0.0,0.0,1.0,0.0,0.2523205333149292,0.24317120698469166,0.24827908068461182,0.2562291790157673,7.170774280584156
2023-06-18 00:00:00+00:00,-0.00623347270755592,-0.0062334727075559525,0.0,0.0,1.0,0.0,0.2522083410537276,0.24373345060188797,0.24664363142981874,0.2574145769145657,7.1260754548140905
2023-06-19 00:00:00+00:00,0.016485286573821867,0.01652441429802806,3.849167187317315e-05,0.019245835936586575,0.9999999999999999,0.0,0.25064534693819385,0.24824400119383067,0.256282874949594,0.24482777691838142,7.243550850833379
2023-06-20 00:00:00+00:00,0.0351013634777777,0.035101363477777786,0.0,0.0,1.0,0.0,0.25534835262005334,0.24740395811119217,0.2560501699118339,0.24119751935692063,7.4978093621182476
2023-06-21 00:00:00+00:00,0.03860459652783543,0.038604596527835544,0.0,0.0,1.0,0.0,0.26049922015421345,0.2511168005044106,0.2551207997499389,0.2332631795914371,7.7872592673854495
2023-06-22 00:00:00+00:00,-0.019842767411587747,-0.019842767411587726,0.0,0.0,1.0000000000000002,0.0,0.2648073174090433,0.2538814188773386,0.2510706001686515,0.23024066354496667,7.632738492968989
2023-06-23 00:00:00+00:00,0.021215914620424492,0.02121591462042442,0.0,0.0,1.0,0.0,0.26627850677583,0.2513467175609038,0.25354677135452136,0.22882800430874484,7.7946740211558465
2023-06-24 00:00:00+00:00,-0.018632154709059323,-0.01863215470905938,0.0,0.0,0.9999999999999999,0.0,0.2699099359579143,0.25372622896835834,0.25082381254559866,0.22554002252812863,7.649442448886985
2023-06-25 00:00:00+00:00,0.00986350378076728,0.009863503780767346,0.0,0.0,1.0,0.0,0.26670660703398513,0.2544440032787345,0.2531503974994066,0.22569899218787376,7.724892753402344
2023-06-26 00:00:00+00:00,-0.02003814705780904,-0.019942881555042397,9.720403124850496e-05,0.04860201562425248,1.0,0.0,0.25345696913822424,0.2497363611322341,0.24470921635107906,0.2520974533784626,7.570100216403864
2023-06-27 00:00:00+00:00,0.014575875592285792,0.014575875592285792,0.0,0.0,1.0,0.0,0.2533188684531787,0.250201638957767,0.24653040604815202,0.24994908654090228,7.680441055379302
2023-06-28 00:00:00+00:00,-0.030123684484581914,-0.030123684484581966,0.0,0.0,0.9999999999999999,0.0,0.25595290408652427,0.2495696853304311,0.24425230050066826,0.25022511008237625,7.449077872324627
2023-06-29 00:00:00+00:00,0.040115693563722354,0.0401156935637223,0.0,0.0,0.9999999999999998,0.0,0.24910764141717634,0.2430891084845064,0.26451648547410467,0.24328676462421234,7.747902797583106
2023-06-30 00:00:00+00:00,0.030942648492964908,0.03094264849296481,0.0,0.0,0.9999999999999996,0.0,0.24182680153237743,0.2462089938404767,0.268693454614119,0.2432707500130265,7.987643430406379
2023-07-01 00:00:00+00:00,0.00507015279080103,0.0050701527908010215,0.0,0.0,0.9999999999999996,0.0,0.24150632141335088,0.24378888260557854,0.2652106518861349,0.24949414409493523,8.028142003036978
2023-07-02 00:00:00+00:00,0.011360977997348698,0.011360977997348724,0.0,0.0,0.9999999999999996,0.0,0.2390363581834365,0.24267735793552656,0.2728889809073894,0.2453973029736472,8.119349547693071
2023-07-03 00:00:00+00:00,0.003943184103604169,0.004035109465407721,9.155592362955828e-05,0.04577796181477914,1.0,0.0,0.2533801997415239,0.2513162460449519,0.24630827741178873,0.24899527680173553,8.15136563776114
2023-07-04 00:00:00+00:00,-0.011105107740253861,-0.011105107740253896,0.0,0.0,0.9999999999999999,0.0,0.2530209216792429,0.25162250314814993,0.24765099249449643,0.24770558267811074,8.0608438441236
2023-07-05 00:00:00+00:00,-0.011026433918398526,-0.011026433918398484,0.0,0.0,1.0,0.0,0.25366558824474306,0.25103239221483864,0.24844966783980693,0.24685235170061143,7.971961482149841
2023-07-06 00:00:00+00:00,-0.012309580950007226,-0.012309580950007178,0.0,0.0,1.0,0.0,0.25169650899883117,0.24562223027752136,0.2597587635675567,0.24292249715609082,7.873829976954978
2023-07-07 00:00:00+00:00,0.03579876645992419,0.03579876645992421,0.0,0.0,1.0,0.0,0.24664935922842035,0.24031219436620482,0.27507912590678607,0.23795932049858887,8.155703377445139
2023-07-08 00:00:00+00:00,0.0033523272256559267,0.0033523272256559024,0.0,0.0,1.0,0.0,0.24533863974753273,0.23878214518760785,0.27811121934551103,0.23776799571934848,8.183043963921723
2023-07-09 00:00:00+00:00,-0.009901486901784495,-0.009901486901784485,0.0,0.0,1.0000000000000002,0.0,0.24677822350478928,0.2408558957443882,0.2744558897034459,0.23790999104737667,8.102019661296225
2023-07-10 00:00:00+00:00,0.017029191383406417,0.017128690531685947,9.782355881378352e-05,0.04891177940689176,1.0,0.0,0.24783428410822073,0.2481121861122484,0.24555936800234646,0.25849416177718454,8.239990504700561
2023-07-11 00:00:00+00:00,0.012720183119090178,0.012720183119090159,0.0,0.0,1.0,0.0,0.2464155146062975,0.24472218889371095,0.25112673268456487,0.2577355638154267,8.344804692819917
2023-07-12 00:00:00+00:00,-0.009146357334414823,-0.009146357334414847,0.0,0.0,1.0,0.0,0.24672396560217236,0.2461277892513695,0.25195127445468046,0.2551969706917777,8.268480127213484
2023-07-13 00:00:00+00:00,0.0859134044731098,0.08591340447310984,0.0,0.0,1.0,0.0,0.23523797454661893,0.2427198345632876,0.275183940944325,0.2468582499457685,8.978853404760647
2023-07-14 00:00:00+00:00,-0.01743728100699604,-0.017437281006996066,0.0,0.0,1.0,0.0,0.23071864033893755,0.2388111090488313,0.28717423154446425,0.24329601906776688,8.822286614821213
2023-07-15 00:00:00+00:00,0.010595006136480789,0.010595006136480704,0.0,0.0,0.9999999999999998,0.0,0.22813049072095956,0.23552576302159114,0.29268735737457197,0.24365638888287716,8.915758795643036
2023-07-16 00:00:00+00:00,-0.01074451093588924,-0.010744510935889285,0.0,0.0,0.9999999999999998,0.0,0.2301703371054463,0.23693868439879862,0.2952200645839862,0.2376709139117687,8.8199633277615
2023-07-17 00:00:00+00:00,-0.006082519102544981,-0.00590270652729058,0.00018088025833594518,0.09044012916797259,1.0,0.0,0.2507025844325042,0.2500570070301576,0.24588774027273558,0.25335266826460257,8.766315732336643
2023-07-18 00:00:00+00:00,-0.019655927750935276,-0.019655927750935227,0.0,0.0,1.0000000000000002,0.0,0.2533628912018465,0.2532022132627159,0.239025616767448,0.25440927876798963,8.594005663659948
2023-07-19 00:00:00+00:00,0.007122664134297629,0.007122664134297567,0.0,0.0,1.0,0.0,0.2519928880093829,0.2502758278403699,0.2444905250936629,0.2532407590565844,8.655217879570449
2023-07-20 00:00:00+00:00,-0.007174063005139564,-0.007174063005139528,0.0,0.0,1.0000000000000002,0.0,0.2528869925188882,0.2524780447050704,0.23755254558267744,0.2570824171933641,8.5931248011792
2023-07-21 00:00:00+00:00,0.0031574985902627084,0.003157498590262778,0.0,0.0,1.0000000000000002,0.0,0.2529515087175474,0.2517019824075691,0.2380177829767353,0.2573287258981485,8.620257580624875
2023-07-22 00:00:00+00:00,-0.01635251620181921,-0.01635251620181924,0.0,0.0,1.0000000000000002,0.0,0.25623018252945867,0.25247631762039513,0.23258404939443722,0.2587094504557092,8.479294678873853
2023-07-23 00:00:00+00:00,0.009169025527723695,0.00916902552772365,0.0,0.0,1.0,0.0,0.2563714602382467,0.25316068685557724,0.23272668842827798,0.25774116447789824,8.55704154824154
2023-07-24 00:00:00+00:00,-0.030479557053302964,-0.030412565109867423,6.90932462868884e-05,0.0345466231434442,1.0,0.0,0.2500657723216685,0.2525530282873932,0.24326253493617261,0.2541186644547658,8.296226712164428
2023-07-25 00:00:00+00:00,-0.0005082628868986472,-0.0005082628868986868,0.0,0.0,1.0,0.0,0.2506423598467241,0.25372769471025297,0.24255272461113953,0.2530772208318834,8.292010048025338
2023-07-26 00:00:00+00:00,0.0240854062470226,0.024085406247022597,0.0,0.0,0.9999999999999999,0.0,0.24577778871911107,0.24967151182625416,0.25617853042620536,0.24837216902842932,8.491726478636421
2023-07-27 00:00:00+00:00,-0.0015559318416774603,-0.0015559318416774274,0.0,0.0,1.0,0.0,0.24507751099196642,0.2486312821168111,0.2557625684131324,0.25052863847809004,8.478513931017496
2023-07-28 00:00:00+00:00,0.0008865836824092366,0.0008865836824092351,0.0,0.0,0.9999999999999998,0.0,0.2456259357691034,0.25013403629874864,0.25268541339561873,0.2515546145365291,8.486030843119815
2023-07-29 00:00:00+00:00,0.005346107856452509,0.0053461078564525435,0.0,0.0,0.9999999999999998,0.0,0.24464282253850575,0.24963360414542285,0.2548860164566907,0.25083755685938064,8.531398079280317
2023-07-30 00:00:00+00:00,-0.012288671804217333,-0.012288671804217282,0.0,0.0,1.0,0.0,0.24708061200764586,0.2502314631012346,0.2486248318965876,0.2540630929945319,8.426558528252912
2023-07-31 00:00:00+00:00,-0.008306686529275686,-0.008289650706372581,1.71782243830661e-05,0.00858911219153305,1.0,0.0,0.2516693436583364,0.2513233616122638,0.24658014575365098,0.25042714897574875,8.35656174803812
2023-08-01 00:00:00+00:00,0.017028154138173157,0.017028154138173088,0.0,0.0,1.0,0.0,0.25146582921895866,0.2494253300498685,0.24592691831044416,0.2531819224207285,8.498858569548874
2023-08-02 00:00:00+00:00,-0.025530354786244436,-0.0255303547862444,0.0,0.0,0.9999999999999998,0.0,0.25353692046099224,0.25137228815261764,0.24271995557810078,0.2523708358082892,8.281879694990177
2023-08-03 00:00:00+00:00,-0.005212642557578806,-0.005212642557578808,0.0,0.0,0.9999999999999998,0.0,0.2549322461988961,0.25212775275807525,0.23882516057804426,0.25411484046498417,8.238709216435323
2023-08-04 00:00:00+00:00,0.0007534956210824006,0.0007534956210823024,0.0,0.0,0.9999999999999997,0.0,0.25404528411820854,0.25117351807155075,0.24022577508843107,0.2545554227218093,8.244917047753278
2023-08-05 00:00:00+00:00,0.0007010250747352398,0.0007010250747352478,0.0,0.0,0.9999999999999998,0.0,0.2535022200899807,0.2518533107982012,0.23858345155768362,0.2560610175541342,8.250696941342865
2023-08-06 00:00:00+00:00,0.004766951625805316,0.00476695162580525,0.0,0.0,0.9999999999999996,0.0,0.25244097837119384,0.24981220535419138,0.2431101294333653,0.2546366868412491,8.290027614541426
2023-08-07 00:00:00+00:00,-0.001236561905837541,-0.001208285452347413,2.8310660849772574e-05,0.014155330424886287,1.0,0.0,0.2513576531737328,0.2501410642842591,0.24933143596067728,0.24916984658133084,8.279776482194944
2023-08-08 00:00:00+00:00,0.023803397288687744,0.02380339728868773,0.0,0.0,1.0,0.0,0.2502148295610852,0.24795858075961988,0.2552317306090816,0.24659485907021333,8.476863291262163
2023-08-09 00:00:00+00:00,-0.0012251233130624595,-0.0012251233130625113,0.0,0.0,0.9999999999999999,0.0,0.24893617156630862,0.24813701702876695,0.2573384715902697,0.2455883398146547,8.466478088422393
2023-08-10 00:00:00+00:00,-0.001333129318623394,-0.0013331293186234273,0.0,0.0,1.0,0.0,0.2482048193399032,0.2480812309677413,0.2602176111997893,0.24349633849256608,8.455191178257236
2023-08-11 00:00:00+00:00,-0.002450779387986879,-0.0024507793879868685,0.0,0.0,0.9999999999999999,0.0,0.24856339345345918,0.24820339617521855,0.2608569139477062,0.24237629642361594,8.434469369996075
2023-08-12 00:00:00+00:00,0.00365367116665416,0.003653671166654086,0.0,0.0,0.9999999999999998,0.0,0.24769354247397957,0.24744697927445125,0.2628619893150002,0.24199748893656878,8.465286147539256
2023-08-13 00:00:00+00:00,-0.009677066832869174,-0.009677066832869164,0.0,0.0,0.9999999999999998,0.0,0.24904028945274773,0.24862097643372577,0.25807822632248495,0.24426050779104136,8.383367007730158
2023-08-14 00:00:00+00:00,0.012023837143485983,0.012056539630599217,3.2312905289940185e-05,0.016156452644970093,1.0,0.0,0.24809293032414453,0.2476618953460613,0.2569148820009382,0.247330292328856,8.484167247345178
2023-08-15 00:00:00+00:00,-0.021023348065878467,-0.021023348065878498,0.0,0.0,1.0,0.0,0.25143238589062,0.2507158352542132,0.24909690770753534,0.2487548711476315,8.305801646255114
2023-08-16 00:00:00+00:00,-0.023237711585366805,-0.02323771158536677,0.0,0.0,1.0,0.0,0.25327520055740466,0.25370948816847555,0.24339716561051708,0.24961814566360283,8.112793823114172
2023-08-17 00:00:00+00:00,-0.06362561680232881,-0.06362561680232887,0.0,0.0,1.0,0.0,0.2506475644801347,0.25201633394592293,0.24683643407361489,0.25049966750032754,7.59661231212841
2023-08-18 00:00:00+00:00,-0.01451268563637853,-0.014512685636378517,0.0,0.0,1.0000000000000002,0.0,0.2488990157439665,0.25270267901059684,0.2466571614495678,0.2517411437958689,7.486365065741047
2023-08-19 00:00:00+00:00,0.009074445656195973,0.009074445656195982,0.0,0.0,1.0,0.0,0.24709629646112474,0.25164795160540265,0.2507389874702089,0.2505167644632638,7.5542996786925585
2023-08-20 00:00:00+00:00,0.0015891081578522925,0.001589108157852362,0.0,0.0,1.0000000000000002,0.0,0.24755486619909287,0.2535886099673753,0.2490831724569632,0.24977335137656878,7.56630427793883
2023-08-21 00:00:00+00:00,-0.017051083966302172,-0.0170369740826527,1.4354439869500912e-05,0.007177219934750456,1.0,0.0,0.25372049121232737,0.2516663288043432,0.24756019265596496,0.24705298732736447,7.437290588381104
2023-08-22 00:00:00+00:00,-0.012138817235699983,-0.01213881723569998,0.0,0.0,1.0,0.0,0.2561409325985534,0.249784497630745,0.24339148316417275,0.25068308660652877,7.347010677199954
2023-08-23 00:00:00+00:00,0.031006600896458902,0.031006600896458972,0.0,0.0,1.0,0.0,0.25202965967290747,0.24888271178034022,0.24925686274665573,0.24983076580009664,7.574816505049915
2023-08-24 00:00:00+00:00,-0.010402408355875803,-0.010402408355875819,0.0,0.0,1.0,0.0,0.25224455701233783,0.24873626786070685,0.24388273415859732,0.25513644096835797,7.496020170543558
2023-08-25 00:00:00+00:00,-0.010141845148819661,-0.010141845148819672,0.0,0.0,1.0,0.0,0.25366046141291215,0.2501698942572737,0.23900760911200392,0.2571620352178102,7.419996694741476
2023-08-26 00:00:00+00:00,-0.005547662291499833,-0.005547662291499836,0.0,0.0,1.0,0.0,0.2546583693602776,0.2505372004181514,0.23869315634844493,0.2561112738731261,7.3788330588750055
2023-08-27 00:00:00+00:00,0.010914658120204201,0.010914658120204115,0.0,0.0,1.0,0.0,0.2527260588535382,0.24953253236814502,0.242053859769608,0.25568754900870866,7.459370499038687
2023-08-28 00:00:00+00:00,-0.002838136938534519,-0.0028045768935263116,3.365443144898772e-05,0.01682721572449386,1.0,0.0,0.25087811613902006,0.24990943133930424,0.24805017313851685,0.2511622793831589,7.43819978408715
2023-08-29 00:00:00+00:00,0.05088182327383417,0.05088182327383412,0.0,0.0,1.0,0.0,0.2533212411798537,0.2487899657692785,0.2500394833118346,0.2478493097390331,7.816668950976544
2023-08-30 00:00:00+00:00,-0.02180077458163321,-0.021800774581633157,0.0,0.0,1.0,0.0,0.255076764963406,0.2507786409314771,0.2442332412800857,0.2499113528250312,7.6462595131970525
2023-08-31 00:00:00+00:00,-0.04204182309407778,-0.04204182309407782,0.0,0.0,1.0,0.0,0.2530141014192463,0.2526563236788485,0.24172671351684022,0.252602861385065,7.324796823411813
2023-09-01 00:00:00+00:00,-0.01239610279014125,-0.012396102790141297,0.0,0.0,1.0,0.0,0.25484939395547457,0.2532409751580928,0.2396771093114587,0.25223252157497394,7.233997889071899
2023-09-02 00:00:00+00:00,0.004797353696463835,0.004797353696463799,0.0,0.0,1.0,0.0,0.2542663896798382,0.2532524985741429,0.24063058831119802,0.25185052343482084,7.26870193558525
2023-09-03 00:00:00+00:00,0.0016807430185237227,0.001680743018523737,0.0,0.0,1.0,0.0,0.2548375640975791,0.2526453167540278,0.24108918146449632,0.2514279376838968,7.280918755617215
2023-09-04 00:00:00+00:00,-0.0018354185385416333,-0.0017998394165693599,3.564327414201474e-05,0.017821637071007368,1.0,0.0,0.24905074233183527,0.24963626724366866,0.2498108867264027,0.2515021036980934,7.267555222355539
2023-09-05 00:00:00+00:00,0.0089287053841558,0.00892870538415574,0.0,0.0,1.0,0.0,0.24652251132358396,0.24802494838418238,0.2569866186836991,0.24846592160853448,7.332445081799035
2023-09-06 00:00:00+00:00,-0.007802683460086612,-0.007802683460086627,0.0,0.0,1.0,0.0,0.24815137073945606,0.24977507522415085,0.25095353671406906,0.251120017322324,7.275232333837288
2023-09-07 00:00:00+00:00,0.012981471319483795,0.012981471319483694,0.0,0.0,0.9999999999999998,0.0,0.24967909629455667,0.24883285130807886,0.2513974414686761,0.2500906109286882,7.369675553721578
2023-09-08 00:00:00+00:00,-0.011842789974113588,-0.011842789974113607,0.0,0.0,0.9999999999999998,0.0,0.24935605075281275,0.2500304545391703,0.25032345647332116,0.2502900382346956,7.282398033961494
2023-09-09 00:00:00+00:00,-0.002977218524179537,-0.002977218524179575,0.0,0.0,0.9999999999999998,0.0,0.250014747959218,0.2506391508889269,0.2488932933600985,0.2504528077917564,7.260716743634335
2023-09-10 00:00:00+00:00,-0.020830778237584835,-0.020830778237584807,0.0,0.0,0.9999999999999999,0.0,0.2547420746574244,0.25313689640356324,0.23848952497780296,0.25363150396120926,7.109470363301769
2023-09-11 00:00:00+00:00,-0.031042189106643914,-0.030997574393778232,4.6041900088787834e-05,0.023020950044393917,1.0,0.0,0.25121759312433767,0.24753651792246348,0.2507795931035423,0.2504662958496566,6.888776839836075
2023-09-12 00:00:00+00:00,0.02160189236408061,0.021601892364080576,0.0,0.0,1.0,0.0,0.2525272480688749,0.24872431511646434,0.24810891696050796,0.2506395198541528,7.037587455650385
2023-09-13 00:00:00+00:00,0.014827363370727653,0.01482736337072755,0.0,0.0,0.9999999999999998,0.0,0.2525153016718763,0.24734274538271145,0.2511727041606908,0.24896924878472132,7.141936322108588
2023-09-14 00:00:00+00:00,0.011590614992391224,0.011590614992391293,0.0,0.0,1.0,0.0,0.2524848475717811,0.24737876311373772,0.25436724209052536,0.2457691472239558,7.224715756318323
2023-09-15 00:00:00+00:00,0.00923838001267474,0.009238380012674728,0.0,0.0,1.0,0.0,0.2509023974563699,0.24734771235973074,0.2560500395429753,0.2456998506409241,7.291460425958751
2023-09-16 00:00:00+00:00,-0.000903209010890138,-0.000903209010890087,0.0,0.0,1.0,0.0,0.2507485604596826,0.2465305349753181,0.2558800299143489,0.2468408746506505,7.284874713199476
2023-09-17 00:00:00+00:00,-0.004527446480927844,-0.004527446480927814,0.0,0.0,1.0000000000000002,0.0,0.2515838775861564,0.24584559215579188,0.25287623102322404,0.2496942992348278,7.251892832815201
2023-09-18 00:00:00+00:00,0.015083666911619664,0.015101776768315534,1.7840434437521536e-05,0.008920217218760768,1.0,0.0,0.24846245829577085,0.24843314488288654,0.2572789057207774,0.24582549110056529,7.361277968784147
2023-09-19 00:00:00+00:00,0.011349134865902055,0.011349134865902012,0.0,0.0,1.0,0.0,0.2497845211779995,0.2466163617157465,0.25918185332313715,0.24441726378311684,7.4448221052372725
2023-09-20 00:00:00+00:00,-0.0036812887191001176,-0.003681288719100065,0.0,0.0,1.0,0.0,0.24992207073845774,0.24438514955892185,0.2636478768382585,0.24204490286436187,7.417415565605555
2023-09-21 00:00:00+00:00,-0.02577365647137908,-0.025773656471379046,0.0,0.0,1.0,0.0,0.2512667399180021,0.24492354246548628,0.2594191117699092,0.24439060584660235,7.226241644912178
2023-09-22 00:00:00+00:00,0.0014734947745134175,0.0014734947745133967,0.0,0.0,1.0,0.0,0.2510109336709415,0.24597286829040063,0.25863787790225723,0.2443783201364006,7.236889474215327
2023-09-23 00:00:00+00:00,6.979123860650915e-05,6.979123860656076e-05,0.0,0.0,1.0,0.0,0.25095403966593194,0.24607612773311194,0.2594188599000939,0.2435509727008623,7.237394545695391
2023-09-24 00:00:00+00:00,-0.009150943150839197,-0.009150943150839218,0.0,0.0,1.0,0.0,0.2501498437941888,0.24630131909515593,0.26020188980948905,0.2433469473011662,7.171165559647539
2023-09-25 00:00:00+00:00,0.0041301507348012745,0.004171730407783292,4.140693441471144e-05,0.02070346720735572,1.0,0.0,0.2494964391659601,0.2501631231059067,0.24934718745023352,0.25099325027789965,7.200783554353099
2023-09-26 00:00:00+00:00,-0.0014156922703781882,-0.0014156922703782108,0.0,0.0,0.9999999999999999,0.0,0.2490606537084334,0.2514136459345247,0.24506467609434984,0.254461024262692,7.190589460734535
2023-09-27 00:00:00+00:00,0.0028537122103313717,0.0028537122103313864,0.0,0.0,0.9999999999999999,0.0,0.24978511741548098,0.25142325942438604,0.2456514383319824,0.2531401848281505,7.211109333678113
2023-09-28 00:00:00+00:00,0.028939768865188897,0.028939768865188866,0.0,0.0,0.9999999999999999,0.0,0.24872804516073346,0.25266227015195236,0.2492254868348026,0.24938419785251145,7.419797171056364
2023-09-29 00:00:00+00:00,0.005256164862873947,0.005256164862874035,0.0,0.0,1.0,0.0,0.24637972088197058,0.2535383240876709,0.2517709355332642,0.24831101949709433,7.4587968482365214
2023-09-30 00:00:00+00:00,0.013872013001285044,0.013872013001284975,0.0,0.0,0.9999999999999999,0.0,0.24351093961985654,0.2505852593756839,0.2616730703472139,0.24423073065724563,7.562265375089202
2023-10-01 00:00:00+00:00,0.053568875543212435,0.0535688755432125,0.0,0.0,1.0,0.0,0.23995907915301024,0.24679918809625823,0.277540200876705,0.23570153187402657,7.967367427792101
2023-10-02 00:00:00+00:00,-0.02420876347456624,-0.024101257684971567,0.00011016080350681995,0.055080401753409974,1.0,0.0,0.2516160304341612,0.24562603312787282,0.2508103387414153,0.2519475976965507,7.774487314217718
2023-10-03 00:00:00+00:00,-0.00026402336211839295,-0.0002640233621184335,0.0,0.0,0.9999999999999999,0.0,0.25105946485328584,0.24487361149719872,0.25334456628728,0.25072235736223536,7.772434667938271
2023-10-04 00:00:00+00:00,-0.0035670028777505802,-0.0035670028777505256,0.0,0.0,1.0,0.0,0.2551930165622223,0.2442224962282839,0.2490824557366549,0.25150203147283884,7.744710371110608
2023-10-05 00:00:00+00:00,-0.016355108321462364,-0.0163551083214624,0.0,0.0,1.0,0.0,0.2559975296197604,0.24303730793735698,0.24851638200678516,0.25244878043609736,7.61804479407274
2023-10-06 00:00:00+00:00,0.020883269466239085,0.02088326946623908,0.0,0.0,0.9999999999999999,0.0,0.25552447975662756,0.2429753547986953,0.2510466857683885,0.2504534796762885,7.7771344763132415
2023-10-07 00:00:00+00:00,-0.00415545528689909,-0.004155455286899131,0.0,0.0,0.9999999999999999,0.0,0.2568256314104313,0.24228802199563684,0.25080201336340696,0.2500843332305248,7.744816941736721
2023-10-08 00:00:00+00:00,-0.0023913568199118718,-0.0023913568199118683,0.0,0.0,1.0,0.0,0.2570765134353116,0.24276324904105373,0.25053965053342026,0.24962058699021433,7.7262963209241295
2023-10-09 00:00:00+00:00,-0.029481909355290492,-0.029452341954877864,3.046465587492764e-05,0.015232327937463819,1.0,0.0,0.25456990010489017,0.2492698031390991,0.245156672533715,0.2510036242222958,7.4985103531385295
2023-10-10 00:00:00+00:00,-0.0003054437226497342,-0.0003054437226497012,0.0,0.0,1.0000000000000002,0.0,0.252801746801501,0.24737187481654596,0.24545360647427436,0.25437277190767876,7.496219980221939
2023-10-11 00:00:00+00:00,-0.008418520812509378,-0.008418520812509425,0.0,0.0,1.0,0.0,0.250158120376749,0.24935111365895163,0.24641793350216057,0.25407283246213885,7.433112896303292
2023-10-12 00:00:00+00:00,-0.015320885030520204,-0.015320885030520247,0.0,0.0,1.0,0.0,0.25295490592394104,0.24882677748728568,0.24206567095797213,0.25615264563080115,7.319231028200153
2023-10-13 00:00:00+00:00,0.010612052123050386,0.010612052123050494,0.0,0.0,1.0000000000000002,0.0,0.2512562502801549,0.2482209343129541,0.24582412963182468,0.25469868577506644,7.39690308937206
2023-10-14 00:00:00+00:00,0.0025374309301482434,0.002537430930148142,0.0,0.0,1.0,0.0,0.2505314976911325,0.248036136465705,0.24688525518640653,0.25454711065675606,7.415672220058342
2023-10-15 00:00:00+00:00,0.006549765218581305,0.0065497652185813405,0.0,0.0,1.0,0.0,0.2516974025496428,0.24687220387646874,0.24449830470050216,0.25693208887338637,7.46424313203768
2023-10-16 00:00:00+00:00,0.047909536311085965,0.04794570926512565,3.451796569211652e-05,0.017258982846058257,1.0,0.0,0.2503927589689421,0.2449372898240619,0.26053622183246034,0.24413372937453565,7.821851559406813
2023-10-17 00:00:00+00:00,-0.01005052726430633,-0.010050527264306278,0.0,0.0,1.0,0.0,0.2520042902093953,0.24210245278553275,0.263071445173475,0.24282181183159693,7.7432378270516375
2023-10-18 00:00:00+00:00,-0.00800255850283671,-0.008002558502836763,0.0,0.0,1.0,0.0,0.25335812735398905,0.24381224713645755,0.25932263518200466,0.24350699032754874,7.681272113339278
2023-10-19 00:00:00+00:00,0.02177781299468795,0.021777812994688048,0.0,0.0,1.0000000000000002,0.0,0.251405302332359,0.23909189698889827,0.2701659312809198,0.23933686939782303,7.848553420984892
2023-10-20 00:00:00+00:00,0.03784555253677202,0.03784555253677197,0.0,0.0,1.0,0.0,0.2502972252454541,0.23585994643658578,0.2822507862820139,0.23159204203594633,8.145586261816439
2023-10-21 00:00:00+00:00,0.0321394998364124,0.032139499836412296,0.0,0.0,1.0,0.0,0.24447108776026738,0.23208603704025837,0.29684072249800025,0.22660215270147402,8.40738133014557
2023-10-22 00:00:00+00:00,0.006702542036609804,0.006702542036609899,0.0,0.0,1.0000000000000002,0.0,0.2435145519726919,0.2354589298718471,0.2921499805274314,0.22887653762802973,8.46373215692868
2023-10-23 00:00:00+00:00,0.07742200804434507,0.07760369194287181,0.00016859992210972534,0.08429996105486268,1.0,0.0,0.2558013977962395,0.24618913022600447,0.2545092908102376,0.24350018116751843,9.119011296067594
2023-10-24 00:00:00+00:00,-0.007876632026475705,-0.007876632026475709,0.0,0.0,1.0,0.0,0.26448068833435956,0.25088587286513553,0.24285043437013795,0.24178300443036696,9.047184199643194
2023-10-25 00:00:00+00:00,0.019551804832930397,0.019551804832930397,0.0,0.0,1.0,0.0,0.2637929846573915,0.2463738219126553,0.25595127663047335,0.23388191679947987,9.22407297940219
2023-10-26 00:00:00+00:00,0.003525955486420429,0.0035259554864204706,0.0,0.0,1.0,0.0,0.2602418163919688,0.24773912685218555,0.2578046170629224,0.2342144396929233,9.256596650131055
2023-10-27 00:00:00+00:00,-0.012481390631223888,-0.01248139063122392,0.0,0.0,1.0,0.0,0.261527462929338,0.24753446969823192,0.2527007467700457,0.23823732060238437,9.14106145142509
2023-10-28 00:00:00+00:00,0.0017311294339470429,0.0017311294339470665,0.0,0.0,1.0000000000000002,0.0,0.2625314042929606,0.24666231197068664,0.2513895084994397,0.23941677523691315,9.156885811961171
2023-10-29 00:00:00+00:00,0.01716069954986499,0.017160699549865082,0.0,0.0,1.0000000000000002,0.0,0.26147127814033055,0.24508528641832225,0.2566058743154851,0.2368375611258623,9.314024378192657
2023-10-30 00:00:00+00:00,0.018548806464740997,0.018622461638876764,7.23086098232622e-05,0.0361543049116311,0.9999999999999999,0.0,0.24506596650964932,0.24732852357587445,0.26120337131600446,0.24640213859847168,9.486788413791633
2023-10-31 00:00:00+00:00,0.026048001871152415,0.02604800187115245,0.0,0.0,1.0,0.0,0.23998795748568097,0.2418011803610946,0.2798546359100814,0.23835622624314298,9.733900296145304
2023-11-01 00:00:00+00:00,0.03154895102430433,0.03154895102430439,0.0,0.0,1.0,0.0,0.23789788047468022,0.23858078286079365,0.29071920525922984,0.23280213140529638,10.040994639863854
2023-11-02 00:00:00+00:00,-0.011706511340990877,-0.011706511340990912,0.0,0.0,1.0,0.0,0.23745487367805507,0.23536834386401767,0.2875877576956682,0.23958902476225907,9.92344962223746
2023-11-03 00:00:00+00:00,-0.004655994396209118,-0.004655994396209142,0.0,0.0,1.0,0.0,0.23703079908821106,0.2406595807334203,0.28326063530575235,0.23904898487261625,9.877246096405258
2023-11-04 00:00:00+00:00,0.03377228642848773,0.03377228642848781,0.0,0.0,1.0,0.0,0.2315676490455894,0.23569871318701968,0.2945659912310389,0.2381676465363521,10.210823280697719
2023-11-05 00:00:00+00:00,0.0024087706826332322,0.0024087706826333172,0.0,0.0,1.0000000000000002,0.0,0.2306806441162481,0.2397157626659568,0.2851969260074962,0.24440666721029905,10.235418812461813
2023-11-06 00:00:00+00:00,0.018768678791920568,0.018912129091183616,0.00014078770402998448,0.07039385201499224,1.0,0.0,0.24559939528674168,0.24655817732368351,0.25132084583493863,0.2565215815546362,10.42752410045369
2023-11-07 00:00:00+00:00,-0.003920499584979309,-0.003920499584979274,0.0,0.0,1.0,0.0,0.24904986319251185,0.24548556943891953,0.2569181562463301,0.24854641112223863,10.386642996545499
2023-11-08 00:00:00+00:00,0.0036000773084039484,0.003600077308403908,0.0,0.0,1.0,0.0,0.24973792125176644,0.24497474877077804,0.2571295408267352,0.24815778915072034,10.424035714307855
2023-11-09 00:00:00+00:00,0.05583418794017514,0.05583418794017511,0.0,0.0,1.0,0.0,0.24367804041892763,0.26067929754585517,0.2558442752903523,0.23979838674486492,11.006053283475618
2023-11-10 00:00:00+00:00,0.06227181856453745,0.06227181856453752,0.0,0.0,1.0,0.0,0.2331468017991615,0.2403530670900701,0.3012971712718338,0.22520295983893465,11.691420236655842
2023-11-11 00:00:00+00:00,-0.0051136758121045345,-0.005113675812104482,0.0,0.0,1.0,0.0,0.23326684940259415,0.2387327395495592,0.30118917928383626,0.22681123176401052,11.631634103782506
2023-11-12 00:00:00+00:00,-0.005575628658390452,-0.005575628658390447,0.0,0.0,1.0,0.0,0.23415866984511557,0.23908091023653774,0.3023942552207056,0.22436616469764115,11.566780431329544
2023-11-13 00:00:00+00:00,-0.030375691498159885,-0.030172437926930473,0.00020957702088282232,0.10478851044141116,0.9999999999999999,0.0,0.2535964907463322,0.25890738767583654,0.2363841063503192,0.25111201522751203,11.215431477320525
2023-11-14 00:00:00+00:00,0.009415461794043845,0.009415461794043817,0.0,0.0,1.0,0.0,0.24494917866195218,0.24721887536275808,0.2578240389635226,0.25000790701176717,11.321029943898953
2023-11-15 00:00:00+00:00,0.07665661966721937,0.07665661966721937,0.0,0.0,1.0,0.0,0.24227269441180674,0.2387919088003525,0.2758025794945004,0.2431328172933404,12.188861830549618
2023-11-16 00:00:00+00:00,-0.0647268693866514,-0.0647268693866514,0.0,0.0,1.0,0.0,0.24744382846217355,0.24332149531247982,0.2605469028588808,0.24868777336646583,11.399914962871692
2023-11-17 00:00:00+00:00,0.008418183154452752,0.008418183154452717,0.0,0.0,1.0,0.0,0.2484342632005699,0.24117342323240093,0.26154510428292266,0.24884720928410647,11.495881534974332
2023-11-18 00:00:00+00:00,-1.5899449150702516e-05,-1.5899449150727656e-05,0.0,0.0,0.9999999999999999,0.0,0.2481274441775253,0.24139496456631734,0.26172803875488254,0.24874955250127476,11.495698756790425
2023-11-19 00:00:00+00:00,0.024464085976627636,0.024464085976627553,0.0,0.0,0.9999999999999999,0.0,0.24744613409848912,0.24149906097881513,0.26655918679624946,0.24449561812644616,11.776930519537958
2023-11-20 00:00:00+00:00,-0.010076477374601822,-0.010010903717115494,6.623674718499811e-05,0.033118373592499056,1.0,0.0,0.2531292097829307,0.2537759414107573,0.23380541528491822,0.2592894335213937,11.658260545615576
2023-11-21 00:00:00+00:00,-0.07124667980911104,-0.07124667980911105,0.0,0.0,0.9999999999999999,0.0,0.26012296271792634,0.261294193619102,0.22984673220481677,0.2487361114581548,10.827648189390912
2023-11-22 00:00:00+00:00,0.06778916743828578,0.06778916743828584,0.0,0.0,1.0,0.0,0.25496885656222196,0.2611894835587716,0.239843429265782,0.24399823061322443,11.561645445464384
2023-11-23 00:00:00+00:00,-0.00767723862988301,-0.007677238629883022,0.0,0.0,1.0,0.0,0.25615789223916524,0.26308136289662537,0.23737320693297462,0.24338753793123474,11.472883934425454
2023-11-24 00:00:00+00:00,0.005643590787339781,0.005643590787339783,0.0,0.0,1.0,0.0,0.2575841793083675,0.2639683101499985,0.23746100924241462,0.2409865012992193,11.537632196501995
2023-11-25 00:00:00+00:00,0.010648439072985516,0.010648439072985549,0.0,0.0,1.0,0.0,0.25532367459837013,0.26147075073201326,0.24301692640536288,0.24018864826425376,11.660489969992963
2023-11-26 00:00:00+00:00,-0.01274738952319765,-0.012747389523197601,0.0,0.0,1.0,0.0,0.25633921004015225,0.2622074152034829,0.240964620967192,0.24048875378917287,11.511849162314123
2023-11-27 00:00:00+00:00,-0.021415773394689808,-0.021343170268837086,7.418650097454055e-05,0.037093250487270274,1.0,0.0,0.25405563638665063,0.2511366953156536,0.24431467553109065,0.2504929927666052,11.265314009300154
2023-11-28 00:00:00+00:00,0.022865947531788278,0.02286594753178818,0.0,0.0,1.0,0.0,0.2522188947642502,0.24802201469253898,0.25238779198568523,0.24737129855752554,11.52290608836593
2023-11-29 00:00:00+00:00,0.00032052847973829124,0.0003205284797382791,0.0,0.0,1.0,0.0,0.25237655554544297,0.24560129156399818,0.2572073470406495,0.2448148058499093,11.526599507936602
2023-11-30 00:00:00+00:00,0.002210987218294047,0.002210987218293986,0.0,0.0,1.0,0.0,0.2509504650817901,0.24785576488453037,0.2565966485233515,0.24459712151032795,11.552084672119044
2023-12-01 00:00:00+00:00,0.013510302385340678,0.013510302385340628,0.0,0.0,0.9999999999999998,0.0,0.253896721441991,0.24875766516563552,0.25505470352342846,0.2422909098689448,11.708156829220432
2023-12-02 00:00:00+00:00,0.0316497648028673,0.031649764802867235,0.0,0.0,0.9999999999999998,0.0,0.25099266131440306,0.2500803380127697,0.2634525881233678,0.2354744125494592,12.078717239140342
2023-12-03 00:00:00+00:00,0.0027788732318583254,0.0027788732318582187,0.0,0.0,0.9999999999999997,0.0,0.2536084331866139,0.25263722010401973,0.2599574498109579,0.2337968968984081,12.112282463151375
2023-12-04 00:00:00+00:00,0.018826903053781097,0.018892939963204042,6.481241240636693e-05,0.03240620620318346,1.0,0.0,0.25775672416743783,0.25100346543257274,0.24006675111230055,0.25117305928768885,12.34031923084514
2023-12-05 00:00:00+00:00,0.013710770446801801,0.01371077044680184,0.0,0.0,1.0,0.0,0.2668820622982248,0.2531239488351459,0.2345526324392348,0.2454413564273945,12.50951451505951
2023-12-06 00:00:00+00:00,-0.007373511851665682,-0.007373511851665736,0.0,0.0,1.0,0.0,0.26696654465961744,0.24826254150320867,0.23943058706902387,0.24534032676814993,12.417275461524136
2023-12-07 00:00:00+00:00,0.03680997582399992,0.03680997582399999,0.0,0.0,1.0,0.0,0.2546080754334219,0.2526440145370019,0.25292161807216273,0.23982629195741345,12.874355071062787
2023-12-08 00:00:00+00:00,0.038839243376385335,0.038839243376385425,0.0,0.0,1.0,0.0,0.2501742164345849,0.24350498614340318,0.26930731164969923,0.2370134857723128,13.374385280981796
2023-12-09 00:00:00+00:00,-0.014881774542401027,-0.014881774542401076,0.0,0.0,1.0,0.0,0.25132369571787244,0.24527308331149428,0.2638167826240713,0.23958643834656201,13.175350694587019
2023-12-10 00:00:00+00:00,0.013075999937880445,0.013075999937880462,0.0,0.0,1.0,0.0,0.24851060246029183,0.2433392997221285,0.2696670392177003,0.2384830585998794,13.347631579450992
2023-12-11 00:00:00+00:00,-0.0366920457974389,-0.03661625817411002,7.866815687080114e-05,0.03933407843540057,1.0,0.0,0.2444728089848528,0.24546120212667297,0.24342174029643235,0.26664424859204194,12.857879670250435
2023-12-12 00:00:00+00:00,0.0022191423513480135,0.0022191423513480794,0.0,0.0,1.0,0.0,0.24534452033970988,0.2425357816806466,0.2372117963364543,0.2749079016431893,12.886413135575225
2023-12-13 00:00:00+00:00,0.018665542065146923,0.018665542065147034,0.0,0.0,1.0000000000000002,0.0,0.2488399223201523,0.24421719942397854,0.23972220520099935,0.26722067305487,13.126945022026167
2023-12-14 00:00:00+00:00,0.025191988074999783,0.025191988074999807,0.0,0.0,1.0000000000000002,0.0,0.24359278309387303,0.2440298100353572,0.2505858078986553,0.2617915989721147,13.457638864482227
2023-12-15 00:00:00+00:00,-0.035196802399975136,-0.035196802399975136,0.0,0.0,1.0000000000000002,0.0,0.24612962597851748,0.2425748981794245,0.24884820840063507,0.26244726744142316,12.98397300859882
2023-12-16 00:00:00+00:00,0.006487568722232329,0.006487568722232263,0.0,0.0,1.0,0.0,0.24651235308462155,0.2419284728863594,0.25133594802191955,0.26022322600709963,13.068207425779715
2023-12-17 00:00:00+00:00,-0.024395388624813275,-0.024395388624813268,0.0,0.0,1.0000000000000002,0.0,0.24727740302513554,0.24437006478555082,0.24762484013767413,0.2607276920516397,12.749403426998148
2023-12-18 00:00:00+00:00,0.025808648278120794,0.02585266840418865,4.2910768206558425e-05,0.021455384103279213,1.0,0.0,0.2512576201513386,0.24624152146232264,0.25594489176001156,0.2465559666263272,13.078448295801412
2023-12-19 00:00:00+00:00,-0.000384560109983223,-0.0003845601099831675,0.0,0.0,1.0,0.0,0.24910452646928996,0.24172571659859765,0.2511915733764188,0.25797818355569363,13.07341884628637
2023-12-20 00:00:00+00:00,0.05038286479293541,0.05038286479293549,0.0,0.0,1.0,0.0,0.24496986089014897,0.23269558056241701,0.2693469426004759,0.25298761594695823,13.73209514040023
2023-12-21 00:00:00+00:00,0.054535818261255864,0.05453581826125578,0.0,0.0,1.0,0.0,0.2333271197461911,0.22441217575713804,0.2915773550422887,0.2506833494543822,14.48098618532337
2023-12-22 00:00:00+00:00,0.020741764697535636,0.020741764697535737,0.0,0.0,1.0000000000000002,0.0,0.22914477960334342,0.2281902565550168,0.2979781421192225,0.24468682172241746,14.781347393367612
2023-12-23 00:00:00+00:00,0.027257396996670735,0.027257396996670777,0.0,0.0,1.0000000000000002,0.0,0.22171062701463565,0.22057395600443483,0.3196090130722411,0.23810640390868867,15.184248447414337
2023-12-24 00:00:00+00:00,-8.492026029460753e-05,-8.49202602946483e-05,0.0,0.0,1.0000000000000002,0.0,0.21812386626620867,0.21637235557355192,0.33317654631235466,0.23232723184788498,15.182958997083805
2023-12-25 00:00:00+00:00,0.024944444491902473,0.025285563340472605,0.0003327061852494182,0.1663530926247091,0.9999999999999999,0.0,0.2471502911654866,0.24462286271644626,0.2621790151760112,0.24604783094205582,15.561689475009393
2023-12-26 00:00:00+00:00,-0.00019533396789561674,-0.00019533396789560287,0.0,0.0,1.0,0.0,0.24114462289636732,0.24031015395479097,0.2439472097489106,0.274598013399931,15.55864974845708
2023-12-27 00:00:00+00:00,0.03330455252511633,0.03330455252511638,0.0,0.0,1.0,0.0,0.23842264164654922,0.24793813778060034,0.2244146241571058,0.2892245964157446,16.076823616224456
2023-12-28 00:00:00+00:00,-0.020310758630559755,-0.020310758630559735,0.0,0.0,1.0,0.0,0.2385177550494301,0.2494391560089003,0.21809798028377925,0.2939451086578903,15.750291132209238
2023-12-29 00:00:00+00:00,-0.006314261559731804,-0.006314261559731758,0.0,0.0,1.0,0.0,0.2372316298717495,0.24621070065968947,0.2289057100812624,0.28765195938729865,15.650839674358545
2023-12-30 00:00:00+00:00,-0.0065718966133604395,-0.0065718966133604065,0.0,0.0,1.0,0.0,0.2392173906502481,0.24702886679163194,0.2211528554829065,0.29260088707521353,15.547983974106382
2023-12-31 00:00:00+00:00,-0.005342155854445196,-0.005342155854445186,0.0,0.0,1.0,0.0,0.24131997255911242,0.24729248473195461,0.2219478829272178,0.28943965978171526,15.46492422049429
2024-01-01 00:00:00+00:00,0.04019499323633502,0.04035911887513194,0.0001577586391268609,0.07887931956343044,0.9999999999999999,0.0,0.2510766168622352,0.24769222909828995,0.2596968052086947,0.2415343488307801,16.08653674493749
2024-01-02 00:00:00+00:00,-0.003799283650566254,-0.003799283650566268,0.0,0.0,1.0,0.0,0.25641177836413614,0.2489857164344646,0.2530750584837956,0.2415274467176036,16.025419428888217
2024-01-03 00:00:00+00:00,-0.04404549553832693,-0.044045495538326915,0.0,0.0,0.9999999999999998,0.0,0.25568390175693195,0.24435374792081,0.24439409509935053,0.25556825522290744,15.319571888933304
2024-01-04 00:00:00+00:00,0.03622000195756425,0.03622000195756421,0.0,0.0,0.9999999999999998,0.0,0.2542672720330116,0.24193704930703722,0.2511488658346113,0.2526468128253397,15.874446812739514
2024-01-05 00:00:00+00:00,-0.016462501723064626,-0.01646250172306464,0.0,0.0,0.9999999999999998,0.0,0.25848819542839785,0.24616780301031416,0.243231209386671,0.25211279217461674,15.613113704732092
2024-01-06 00:00:00+00:00,-0.027005985210377004,-0.027005985210377052,0.0,0.0,0.9999999999999998,0.0,0.2645987060060861,0.24987682395735303,0.23457253379016763,0.25095193624639295,15.191466186934163
2024-01-07 00:00:00+00:00,-0.01738694686331732,-0.01738694686331732,0.0,0.0,0.9999999999999998,0.0,0.2690399236462907,0.2521023211899101,0.22769972415420356,0.25115803100959533,14.927332971566056
2024-01-08 00:00:00+00:00,0.05387273703770412,0.05396675203491463,8.920110338318515e-05,0.04460055169159258,0.9999999999999999,0.0,0.253516889878623,0.24883902007444147,0.25958241454848574,0.23806167549844973,15.731509255417484
2024-01-09 00:00:00+00:00,-0.0010955605565207138,-0.0010955605565206635,0.0,0.0,1.0,0.0,0.2492486763406002,0.25059457464164514,0.26379644991332096,0.23636029910443368,15.714274434382707
2024-01-10 00:00:00+00:00,0.03919643736480305,0.03919643736480308,0.0,0.0,1.0,0.0,0.242677199336484,0.2658370559013235,0.26056573621033613,0.23092000855185632,16.330218007983316
2024-01-11 00:00:00+00:00,-0.0016540210539918165,-0.001654021053991815,0.0,0.0,0.9999999999999999,0.0,0.2414388607218477,0.2697435417951069,0.2556234280639289,0.23319416941911641,16.303207483581836
2024-01-12 00:00:00+00:00,-0.05689937060760075,-0.05689937060760074,0.0,0.0,0.9999999999999999,0.0,0.23635760289396826,0.27558876148118777,0.2500165826908185,0.23803705293402536,15.375565238880903
2024-01-13 00:00:00+00:00,0.02091748360195189,0.020917483601951854,0.0,0.0,0.9999999999999999,0.0,0.2318679883186784,0.2758953072526953,0.25475462823438516,0.23748207619424103,15.697183372635935
2024-01-14 00:00:00+00:00,-0.024928952512185187,-0.02492895251218523,0.0,0.0,0.9999999999999998,0.0,0.23160446085905037,0.27139141358473734,0.25570713143385704,0.24129699412235506,15.30586903376443
2024-01-15 00:00:00+00:00,0.02512485538519993,0.02523598499917662,0.0001083941800743779,0.05419709003718895,1.0,0.0,0.2483966126728028,0.24768414596531232,0.24524995480884207,0.2586692865530429,15.690426779782571
2024-01-16 00:00:00+00:00,0.01753127965531709,0.017531279655317162,0.0,0.0,1.0000000000000004,0.0,0.24771651405649459,0.2507450482566402,0.2493268674408335,0.252211570246032,15.965500039570216
2024-01-17 00:00:00+00:00,-0.0007689180416940999,-0.0007689180416940713,0.0,0.0,1.0000000000000002,0.0,0.2458276377944156,0.24538953049524884,0.26102317638976064,0.24775965532057528,15.953223878545122
2024-01-18 00:00:00+00:00,-0.030831794496740783,-0.030831794496740825,0.0,0.0,1.0000000000000004,0.0,0.24505846255089297,0.2472528865161067,0.24898899717592882,0.2586996537570718,15.46135735836132
2024-01-19 00:00:00+00:00,0.0034591917926296567,0.003459191792629655,0.0,0.0,1.0000000000000002,0.0,0.24617270786856493,0.2485127068265778,0.2461065040234857,0.25920808128137185,15.514841158838278
2024-01-20 00:00:00+00:00,-0.0015765039680541992,-0.0015765039680542135,0.0,0.0,1.0000000000000002,0.0,0.24678051795611175,0.24691046188049398,0.24454673476936165,0.26176228539403296,15.49038195018764
2024-01-21 00:00:00+00:00,-0.0057635133586250165,-0.005763513358625059,0.0,0.0,1.0000000000000004,0.0,0.24752216044025221,0.24683888540421695,0.24119760256822417,0.26444135158730697,15.40110292688753
2024-01-22 00:00:00+00:00,-0.05660348376823565,-0.056548984936979935,5.776540634922728e-05,0.02888270317461364,1.0,0.0,0.2521605504321394,0.24957662262238947,0.24392083625748315,0.2543419906879879,14.529346847352524
2024-01-23 00:00:00+00:00,-0.01001087481184415,-0.010010874811844149,0.0,0.0,1.0,0.0,0.25683195898257766,0.2443015849731367,0.24791555563094464,0.25095090041334095,14.383895374965816
2024-01-24 00:00:00+00:00,0.008468783378434708,0.0084687833784346,0.0,0.0,0.9999999999999998,0.0,0.25587074759619155,0.24143121564261685,0.2586848335243996,0.2440132032367919,14.50570946903447
2024-01-25 00:00:00+00:00,-0.008758541718781876,-0.008758541718781822,0.0,0.0,1.0,0.0,0.2573343786160999,0.24177945153697394,0.25547303403239036,0.24541313581453567,14.378660607489401
2024-01-26 00:00:00+00:00,0.04166789259179615,0.041667892591796235,0.0,0.0,0.9999999999999999,0.0,0.2585542516323065,0.23723738374128386,0.26046577008250876,0.24374259454390082,14.97778909329616
2024-01-27 00:00:00+00:00,0.010276075518037775,0.01027607551803771,0.0,0.0,0.9999999999999998,0.0,0.25774247565467323,0.23485227072735354,0.26334765154122397,0.24405760207674915,15.131701985112114
2024-01-28 00:00:00+00:00,0.0027941777855982064,0.0027941777855982784,0.0,0.0,1.0,0.0,0.2564776779194852,0.23305783920773174,0.2674053737854375,0.24305910908734554,15.173982650657207
2024-01-29 00:00:00+00:00,0.033405100214265904,0.0335038331162002,9.553220681969088e-05,0.04776610340984544,1.0,0.0,0.24921418256035796,0.24840249663648245,0.2562092167838364,0.2461741040193233,15.680871061751944
2024-01-30 00:00:00+00:00,-0.002417177822601424,-0.0024171778226014765,0.0,0.0,1.0000000000000002,0.0,0.24773186981436573,0.2517322901233105,0.256147969806665,0.24438787025565892,15.642967607982404
2024-01-31 00:00:00+00:00,-0.0254479983818221,-0.025447998381822066,0.0,0.0,1.0000000000000002,0.0,0.2520631472581519,0.2517074473824986,0.2513278129777095,0.24490159238164014,15.244885393607573
2024-02-01 00:00:00+00:00,0.007265603550518085,0.007265603550518025,0.0,0.0,1.0,0.0,0.25320083093534473,0.25220452075315475,0.25170230947154093,0.2428923388399596,15.355648687050609
2024-02-02 00:00:00+00:00,0.00928556935746494,0.00928556935746498,0.0,0.0,1.0,0.0,0.2515528697363463,0.25040364804599424,0.2564237976429698,0.2416196845746897,15.498234627963082
2024-02-03 00:00:00+00:00,-0.010586248801070952,-0.01058624880107099,0.0,0.0,0.9999999999999999,0.0,0.2531326918605031,0.25170512625767943,0.2524157069087487,0.2427464749730687,15.334166460214092
2024-02-04 00:00:00+00:00,-0.0054885932720689645,-0.005488593272068992,0.0,0.0,0.9999999999999998,0.0,0.25199559534990645,0.2523547573845271,0.24740847780584288,0.24824116945972347,15.250003457347775
2024-02-05 00:00:00+00:00,-0.00036346958772903726,-0.00034607419897061953,1.740141093773445e-05,0.008700705468867226,1.0,0.0,0.2508254813672787,0.2514026267927276,0.25055801455484045,0.24721387728515318,15.244460544878267
2024-02-06 00:00:00+00:00,0.014506043278553982,0.014506043278553893,0.0,0.0,0.9999999999999998,0.0,0.2494982215502281,0.25542891429773873,0.250099361964041,0.24497350218799202,15.465597349300479
2024-02-07 00:00:00+00:00,0.027633393604007628,0.02763339360400771,0.0,0.0,1.0,0.0,0.24983435727151102,0.25405613820850476,0.25410196578200855,0.24200753873797562,15.892964288174797
2024-02-08 00:00:00+00:00,0.018095661721792,0.018095661721791903,0.0,0.0,0.9999999999999998,0.0,0.2505897710662411,0.2489715028548971,0.25360793932617254,0.24683078675268913,16.18055799369013
2024-02-09 00:00:00+00:00,0.03110024018966384,0.031100240189663772,0.0,0.0,0.9999999999999998,0.0,0.252927491382379,0.24814829738874025,0.2559385943689918,0.24298561685988876,16.683777233696677
2024-02-10 00:00:00+00:00,0.008887332916343471,0.00888733291634338,0.0,0.0,0.9999999999999998,0.0,0.2539881821085362,0.2473155287843101,0.2585944924555123,0.24010179665164116,16.832051516274653
2024-02-11 00:00:00+00:00,-0.0018508156056579184,-0.0018508156056578685,0.0,0.0,0.9999999999999998,0.0,0.25738426055102875,0.24846583189771218,0.25539024891494744,0.23875965863631143,16.800898492653094
2024-02-12 00:00:00+00:00,0.03899119323695577,0.03904428636124263,5.109803786390516e-05,0.025549018931952577,1.0,0.0,0.24866217723748327,0.2552663159377142,0.24998723976377935,0.2460842670610232,17.45598557233461
2024-02-13 00:00:00+00:00,-0.0035994935894521074,-0.0035994935894521542,0.0,0.0,1.0,0.0,0.24847218162645807,0.2542622283748108,0.25277789391364625,0.24448769608508494,17.393152864169423
2024-02-14 00:00:00+00:00,0.040532360129388545,0.04053236012938865,0.0,0.0,1.0,0.0,0.24886197962129744,0.25683586055532504,0.2526062391717725,0.24169592065160517,18.098138399845443
2024-02-15 00:00:00+00:00,0.012103096225372756,0.012103096225372773,0.0,0.0,1.0000000000000002,0.0,0.24628875667572342,0.2581341611786506,0.2421813474777858,0.2533957346678403,18.317181910398887
2024-02-16 00:00:00+00:00,-0.0031633403967603613,-0.003163340396760358,0.0,0.0,1.0,0.0,0.24823276414785816,0.2570478065421522,0.23614300293627752,0.25857642637371225,18.259238428906915
2024-02-17 00:00:00+00:00,-0.012128449447157741,-0.012128449447157708,0.0,0.0,1.0,0.0,0.24895937844917784,0.25872797173185674,0.2360086837097995,0.25630396610916606,18.037782178678317
2024-02-18 00:00:00+00:00,0.01619913675073592,0.016199136750735827,0.0,0.0,1.0,0.0,0.24733919107310526,0.26331119692616844,0.23934693921605546,0.25000267278467087,18.329978678870713
2024-02-19 00:00:00+00:00,0.0034791495941493,0.0035325932029353357,5.325547884335719e-05,0.026627739421678592,1.0,0.0,0.2473857905601484,0.25461906835398496,0.24752204184302115,0.25047309924284555,18.39375141675207
2024-02-20 00:00:00+00:00,0.0033075958194883626,0.003307595819488468,0.0,0.0,1.0,0.0,0.24887560177308293,0.2598130535985954,0.2396054696882841,0.25170587494003765,18.454590512042827
2024-02-21 00:00:00+00:00,0.004214725510707451,0.004214725510707533,0.0,0.0,1.0000000000000002,0.0,0.24588934275442498,0.25469778126648956,0.2313748787363169,0.2680379972427687,18.532371545463594
2024-02-22 00:00:00+00:00,-0.007133788133028229,-0.007133788133028186,0.0,0.0,1.0000000000000002,0.0,0.24497667023054315,0.2568294502437782,0.22573826222852825,0.2724556172971506,18.400165533255695
2024-02-23 00:00:00+00:00,-0.01605594425775303,-0.01605594425775307,0.0,0.0,1.0000000000000002,0.0,0.24633208499026138,0.2567028344326585,0.2252730879088432,0.271691992668237,18.104733501120315
2024-02-24 00:00:00+00:00,0.02386261348783081,0.023862613487830753,0.0,0.0,1.0,0.0,0.24449803461160588,0.2567575280481099,0.22907385140352926,0.269670585936755,18.536759758957732
2024-02-25 00:00:00+00:00,0.01472045139504341,0.014720451395043339,0.0,0.0,1.0,0.0,0.24170171152170355,0.26317735107301105,0.22455705486537889,0.27056388253990654,18.809629230011065
2024-02-26 00:00:00+00:00,0.042127934665699085,0.042268604379570196,0.0001349649344516703,0.06748246722583515,1.0,0.0,0.25260187330147094,0.24474323496438682,0.2547672481076654,0.24788764362647694,19.602040061298997
2024-02-27 00:00:00+00:00,0.009138116101169658,0.009138116101169748,0.0,0.0,1.0000000000000002,0.0,0.2620814353293557,0.2475975385772449,0.24889960596147384,0.24142142013192572,19.781165779198925
2024-02-28 00:00:00+00:00,0.07236871202419781,0.07236871202419773,0.0,0.0,1.0,0.0,0.2675104780883597,0.24091198940235817,0.25498086653672564,0.23659666597255655,21.21270326897669
2024-02-29 00:00:00+00:00,-0.0031785624985463112,-0.003178562498546294,0.0,0.0,1.0000000000000002,0.0,0.26277064340778666,0.23860766745239387,0.27008468710959355,0.228537002030226,21.145277365873127
2024-03-01 00:00:00+00:00,0.024764024533354467,0.02476402453335455,0.0,0.0,1.0000000000000002,0.0,0.2616928832062848,0.23934699968790332,0.2714218900439885,0.22753822706182353,21.668919533326193
2024-03-02 00:00:00+00:00,0.0006939617258807651,0.0006939617258806584,0.0,0.0,1.0,0.0,0.259832125165105,0.2383429759522609,0.2724910249866065,0.22933387389602766,21.68395693412351
2024-03-03 00:00:00+00:00,0.011630722443997099,0.011630722443997031,0.0,0.0,1.0,0.0,0.2615132840086641,0.24017585157834684,0.2696274906366901,0.22868337377629894,21.93615701871189
2024-03-04 00:00:00+00:00,0.03859603834062719,0.038725425198165186,0.00012456309858141685,0.06228154929070842,1.0,0.0,0.2602490206300072,0.2503369888141482,0.24641180815805777,0.24300218239778676,22.78280577605211
2024-03-05 00:00:00+00:00,-0.05122402841880902,-0.05122402841880906,0.0,0.0,0.9999999999999998,0.0,0.25612570525443273,0.2584638860734799,0.24422142404847305,0.24118898462361416,21.615778685519413
2024-03-06 00:00:00+00:00,0.06101681174865137,0.0610168117486513,0.0,0.0,0.9999999999999998,0.0,0.2502987419397825,0.26176020622096446,0.24026112592083845,0.2476799259184144,22.934704584374263
2024-03-07 00:00:00+00:00,0.056265124698295255,0.05626512469829535,0.0,0.0,1.0,0.0,0.23965252177349788,0.2510733277534926,0.2501048466053713,0.25916930386763815,24.225128597732645
2024-03-08 00:00:00+00:00,0.013417023266165007,0.013417023266165074,0.0,0.0,1.0,0.0,0.2410838310420304,0.24868487132030445,0.24845812080723098,0.26177317683043416,24.550157711754263
2024-03-09 00:00:00+00:00,0.002573380731136554,0.0025733807311366574,0.0,0.0,1.0000000000000002,0.0,0.24113243818504804,0.24944092351916877,0.24698170798024127,0.262444930315542,24.613334614556056
2024-03-10 00:00:00+00:00,0.022536084064381567,0.022536084064381512,0.0,0.0,1.0,0.0,0.2380362840497577,0.24227367047155293,0.24168902640896028,0.2780010190697291,25.168022792534444
2024-03-11 00:00:00+00:00,0.028113704590124744,0.028228870414958862,0.0001120040762789164,0.0560020381394582,0.9999999999999999,0.0,0.2541453919685597,0.25481732970247584,0.2506129913291287,0.24042428699983573,25.875589150441282
2024-03-12 00:00:00+00:00,0.0028492819792402813,0.002849281979240286,0.0,0.0,1.0,0.0,0.25122197838682303,0.24879056650237266,0.25364535353949047,0.24634210157131387,25.94931600030986
2024-03-13 00:00:00+00:00,0.07148513782409527,0.07148513782409535,0.0,0.0,1.0,0.0,0.23977862308253114,0.23364027398983186,0.2568444777861131,0.26973662514152397,27.804306431033012
2024-03-14 00:00:00+00:00,-0.0044048011866572034,-0.004404801186657176,0.0,0.0,1.0,0.0,0.23529095381146606,0.22746051295622882,0.27804950569634346,0.25919902753596175,27.681833989071418
2024-03-15 00:00:00+00:00,0.00976589021554064,0.009765890215540668,0.0,0.0,1.0,0.0,0.22684928008093994,0.21716523546106076,0.2867395382598106,0.2692459461981888,27.95217174077351
2024-03-16 00:00:00+00:00,-0.05334122730240409,-0.053341227302404114,0.0,0.0,1.0,0.0,0.22515291521233902,0.2159706538484354,0.2997678194380744,0.2591086115011513,26.461168594353076
2024-03-17 00:00:00+00:00,0.048609136207867554,0.04860913620786764,0.0,0.0,1.0000000000000002,0.0,0.22488533626980856,0.2130684541066682,0.3169636373425368,0.2450825722809866,27.747423142775332
2024-03-18 00:00:00+00:00,-0.02611846636573345,-0.02585753787551867,0.0002678545493701469,0.13392727468507346,1.0,0.0,0.253696123784127,0.2478885090400111,0.2490964583112876,0.24931890886457433,27.02270300468498
2024-03-19 00:00:00+00:00,-0.10135908233493018,-0.10135908233493021,0.0,0.0,1.0,0.0,0.2586245494942356,0.24749764107195524,0.24026550738455085,0.2536123020492584,24.28370662592075
2024-03-20 00:00:00+00:00,0.10820904129215769,0.10820904129215775,0.0,0.0,1.0,0.0,0.2556136969001897,0.24863496126660273,0.24481550700292,0.25093583483028764,26.91142323893165
2024-03-21 00:00:00+00:00,-0.027499203725304122,-0.027499203725304084,0.0,0.0,1.0,0.0,0.2537785073553551,0.2539432044365293,0.23559094816198922,0.2566873400461264,26.171380528746386
2024-03-22 00:00:00+00:00,-0.02356120667015471,-0.023561206670154704,0.0,0.0,1.0,0.0,0.25313828451724785,0.2484188129955681,0.23556176564626352,0.26288113684092057,25.55475122326533
2024-03-23 00:00:00+00:00,-0.004084199503485153,-0.004084199503485173,0.0,0.0,0.9999999999999999,0.0,0.2549468495931733,0.2489276779667562,0.2330718757331552,0.2630535967069153,25.450380521007585
2024-03-24 00:00:00+00:00,0.044933871256479296,0.04493387125647928,0.0,0.0,1.0,0.0,0.25626098566637645,0.24719987304036883,0.2375447069493848,0.25899443434386993,26.59396464276695
2024-03-25 00:00:00+00:00,0.03511426138578133,0.03517742965167925,6.1021680040985516e-05,0.030510840020492758,1.0,0.0,0.2510985560140749,0.2509717758129908,0.2482162344590536,0.24971343371388083,27.527792068517293
2024-03-26 00:00:00+00:00,-0.0007351775334314414,-0.0007351775334314731,0.0,0.0,1.0,0.0,0.2516716178717447,0.2509388708104456,0.25034419143549413,0.24704531988231565,27.507554254243548
2024-03-27 00:00:00+00:00,-0.015941338124873305,-0.015941338124873305,0.0,0.0,1.0,0.0,0.25385572831519404,0.2488821512131594,0.2488965300082745,0.24836559046337212,27.069047030888353
2024-03-28 00:00:00+00:00,0.01739105602414126,0.017391056024141184,0.0,0.0,1.0,0.0,0.2542237120863817,0.24877039005206586,0.24897445021550582,0.2480314476460466,27.539806344322646
2024-03-29 00:00:00+00:00,0.008610031437261911,0.00861003143726197,0.0,0.0,1.0,0.0,0.24874149403558338,0.2431311357428014,0.24994705122880875,0.25818031899280647,27.77692494272337
2024-03-30 00:00:00+00:00,-0.0033882667416175183,-0.0033882667416175716,0.0,0.0,1.0,0.0,0.24862826853593528,0.24367343871272412,0.2536310490467433,0.25406724370459727,27.682809311755534
2024-03-31 00:00:00+00:00,0.029098900755293755,0.029098900755293682,0.0,0.0,0.9999999999999998,0.0,0.24749311034741317,0.24621505662171564,0.2569426642682032,0.24934916876266783,28.488348632546032
2024-04-01 00:00:00+00:00,-0.040788681981721475,-0.040762043313375046,2.7770657072813175e-05,0.013885328536406588,1.0,0.0,0.25466302785197664,0.25050758342089985,0.24747972802211077,0.2473496607050128,27.3263464399887
2024-04-02 00:00:00+00:00,-0.055649053823287,-0.055649053823287005,0.0,0.0,1.0,0.0,0.2534632588276654,0.24824714819797677,0.24746333421623015,0.2508262587581277,25.80566111615598
2024-04-03 00:00:00+00:00,0.013784332179437087,0.013784332179437158,0.0,0.0,1.0000000000000002,0.0,0.25192376856190885,0.2472517966835849,0.2488318491173882,0.2519925856371182,26.16137492109106
2024-04-04 00:00:00+00:00,0.020145525884613713,0.02014552588461376,0.0,0.0,1.0000000000000002,0.0,0.2564000196638881,0.2435814168059818,0.24253396752000814,0.25748459601012214,26.688409576740984
2024-04-05 00:00:00+00:00,-0.019232384448951256,-0.01923238444895124,0.0,0.0,1.0000000000000002,0.0,0.2588812165704367,0.24764586201350522,0.23434753978671255,0.25912538162934573,26.175127823430028
2024-04-06 00:00:00+00:00,0.015882362058732058,0.01588236205873211,0.0,0.0,1.0000000000000002,0.0,0.2588745215111217,0.24625314957428582,0.23639890458064233,0.25847342433395043,26.590850680455336
2024-04-07 00:00:00+00:00,0.009618357508796915,0.009618357508797025,0.0,0.0,1.0000000000000004,0.0,0.2581365647765245,0.2513744591068777,0.2352212856090412,0.255267690507557,26.84661098876299
2024-04-08 00:00:00+00:00,0.028183546505638812,0.028244331022807934,5.9114857563836054e-05,0.029557428781918027,1.0,0.0,0.2510536487741045,0.26005475938047323,0.24471755213640242,0.24417403970901974,27.603243698083585
2024-04-09 00:00:00+00:00,-0.03557815055725133,-0.03557815055725137,0.0,0.0,0.9999999999999999,0.0,0.2513230039033516,0.2559119827832336,0.24213102963906422,0.2506339836743504,26.621171337924668
2024-04-10 00:00:00+00:00,0.02216419958205118,0.02216419958205114,0.0,0.0,0.9999999999999998,0.0,0.2511541512989656,0.2531646920867491,0.2381035626287336,0.2575775939855516,27.21120829256641
2024-04-11 00:00:00+00:00,-0.008733095018046977,-0.00873309501804693,0.0,0.0,1.0,0.0,0.2511253387794523,0.2522891159877893,0.2389122430326787,0.25767330220007967,26.973570224991562
2024-04-12 00:00:00+00:00,-0.05992282129718984,-0.0599228212971899,0.0,0.0,1.0,0.0,0.25610604382491875,0.24805810783586585,0.2258180078959326,0.27001784044328275,25.357237796652193
2024-04-13 00:00:00+00:00,-0.07080640497689894,-0.07080640497689898,0.0,0.0,0.9999999999999998,0.0,0.26251351396629086,0.24796080985496208,0.21971651345835555,0.2698091627203914,23.561782948126908
2024-04-14 00:00:00+00:00,0.04617934452920647,0.04617934452920641,0.0,0.0,0.9999999999999997,0.0,0.2577455424923787,0.2486889780501498,0.22941666465063354,0.2641488148068377,24.649850640610843
2024-04-15 00:00:00+00:00,-0.03994791517879803,-0.039863828921256034,8.757742919686612e-05,0.04378871459843306,1.0,0.0,0.25148971696209177,0.25599675833452007,0.23843181830431068,0.2540817063990775,23.66514049804968
2024-04-16 00:00:00+00:00,-0.010934223201156668,-0.010934223201156614,0.0,0.0,1.0,0.0,0.25576707533867854,0.25734245428395514,0.23706470500678745,0.24982576537057896,23.406380569757275
2024-04-17 00:00:00+00:00,-0.02756370480452608,-0.027563704804526086,0.0,0.0,1.0,0.0,0.25264337603182846,0.25615941378565726,0.23596301728865657,0.25523419289385785,22.76121400519009
2024-04-18 00:00:00+00:00,0.04274869030342554,0.04274869030342546,0.0,0.0,1.0,0.0,0.25095577206702946,0.2521576440371015,0.24386531893743327,0.25302126495843585,23.734226093627953
2024-04-19 00:00:00+00:00,0.002404940220995355,0.0024049402209953014,0.0,0.0,1.0,0.0,0.2517260344723436,0.2509000695641221,0.24399940062062467,0.2533744953429097,23.791305488574718
2024-04-20 00:00:00+00:00,0.03517869893434522,0.03517869893434519,0.0,0.0,1.0,0.0,0.24744900554489668,0.2502512496813447,0.2501146219137733,0.2521851228599853,24.628252661612322
2024-04-21 00:00:00+00:00,-0.0007692670846777272,-0.0007692670846777471,0.0,0.0,1.0,0.0,0.2476416800610669,0.24979871007091894,0.24633430797864247,0.2562253018893717,24.609306957486616
2024-04-22 00:00:00+00:00,0.035732020988092916,0.035757812608363915,2.490120755748676e-05,0.01245060377874338,1.0,0.0,0.2483498302590257,0.245397277079773,0.2545559908732768,0.2516969017879244,25.488647230193948
2024-04-23 00:00:00+00:00,-0.002831380495111002,-0.0028313804951109987,0.0,0.0,0.9999999999999999,0.0,0.2475442544446694,0.24757592271000847,0.25171652575091946,0.25316329709440255,25.41647917157961
2024-04-24 00:00:00+00:00,-0.024203362573489873,-0.02420336257348985,0.0,0.0,1.0,0.0,0.2455695329415512,0.2475169558056574,0.24635807567485268,0.26055543557793864,24.801314910848316
2024-04-25 00:00:00+00:00,-0.0010271882639373286,-0.0010271882639372935,0.0,0.0,1.0,0.0,0.24662022924257737,0.24895636543743116,0.24167215578670995,0.26275124953328155,24.775839291241677
2024-04-26 00:00:00+00:00,-0.020617802205865066,-0.020617802205865118,0.0,0.0,0.9999999999999999,0.0,0.24896852051474072,0.2522231001312301,0.23721858061259957,0.2615897987414295,24.265015937250556
2024-04-27 00:00:00+00:00,0.011562141039310303,0.011562141039310267,0.0,0.0,1.0,0.0,0.24493399856849873,0.2592340138034395,0.23801055074585617,0.25782143688220543,24.54557147383816
2024-04-28 00:00:00+00:00,-0.00455910484025801,-0.0045591048402579566,0.0,0.0,1.0,0.0,0.24472451190066888,0.2610524468108245,0.23348309891698382,0.26073994237152276,24.433665640124886
2024-04-29 00:00:00+00:00,-0.004148759793738299,-0.004061944314894289,8.716955672938914e-05,0.04358477836469457,1.0,0.0,0.25399192101907336,0.24742752352367506,0.25065580482392896,0.2479247506333226,24.33229623050349
2024-04-30 00:00:00+00:00,-0.05438106264384357,-0.05438106264384362,0.0,0.0,1.0,0.0,0.2551657663994007,0.24516862957329866,0.24385189567294316,0.2558137083543574,23.00908010492392
2024-05-01 00:00:00+00:00,-0.005267664358964086,-0.0052676643589640686,0.0,0.0,0.9999999999999999,0.0,0.24676300826745776,0.24306681550393044,0.26038248822033955,0.24978768800827222,22.887875993722663
2024-05-02 00:00:00+00:00,0.009171524994098235,0.009171524994098172,0.0,0.0,1.0,0.0,0.24743472941592265,0.24197032122406767,0.26365012834783913,0.24694482101217047,23.097792720460912
2024-05-03 00:00:00+00:00,0.04884666789579284,0.048846667895792756,0.0,0.0,0.9999999999999998,0.0,0.2511754644826927,0.2396954826704565,0.2625532794657105,0.24657577338114017,24.22604293060313
2024-05-04 00:00:00+00:00,0.008912262889405609,0.008912262889405696,0.0,0.0,1.0,0.0,0.2529554756649593,0.23869839624480416,0.2644897461180378,0.2438563819721987,24.44195179397069
2024-05-05 00:00:00+00:00,0.0040037365291842875,0.004003736529184379,0.0,0.0,1.0,0.0,0.25241982742160013,0.2392078219858649,0.26287586485692216,0.2454964857356129,24.539810929212774
2024-05-06 00:00:00+00:00,0.001271159651030196,0.001332423941530686,6.118276911408898e-05,0.030591384557044493,1.0,0.0,0.24636446757328387,0.2437918283466696,0.26177896121222305,0.24806474286782354,24.5710049467099
2024-05-07 00:00:00+00:00,-0.020979748754127225,-0.02097974875412719,0.0,0.0,1.0,0.0,0.24824518650847419,0.24438964208130667,0.2590246097471135,0.24834056166310567,24.055511436291507
2024-05-08 00:00:00+00:00,-0.012060110300715299,-0.012060110300715321,0.0,0.0,1.0,0.0,0.24676303006355224,0.24478131134994985,0.25180754054003446,0.2566481180464635,23.765399315029715
2024-05-09 00:00:00+00:00,0.03466900255036798,0.03466900255036794,0.0,0.0,1.0,0.0,0.24582557961697551,0.2415142424855928,0.26115600082567797,0.25150417707175365,24.589322004492992
2024-05-10 00:00:00+00:00,-0.03477907909429734,-0.03477907909429732,0.0,0.0,1.0,0.0,0.2455011209003313,0.2398114566310051,0.2589673108192055,0.25572011164945807,23.734128029623584
2024-05-11 00:00:00+00:00,0.0020823720481213392,0.002082372048121367,0.0,0.0,1.0,0.0,0.24509572446382485,0.23951624739645638,0.2573672729489672,0.25802075519075157,23.783551314419004
2024-05-12 00:00:00+00:00,0.0016303219681150782,0.0016303219681151463,0.0,0.0,1.0000000000000002,0.0,0.2473438974183773,0.24050986182244152,0.2534144850791971,0.25873175567998413,23.822326160606693
2024-05-13 00:00:00+00:00,0.013583796666378767,0.013633043990353755,4.858496303672483e-05,0.024292481518362413,1.0,0.0,0.2524785541257273,0.24846380683354,0.25370549459687114,0.24535214444386155,24.14592379529253
2024-05-14 00:00:00+00:00,-0.030939403412132194,-0.030939403412132235,0.0,0.0,0.9999999999999999,0.0,0.25489902973749734,0.2503962901879814,0.25204534607207546,0.2426593340024458,23.39886331823137
2024-05-15 00:00:00+00:00,0.06745913189141706,0.06745913189141715,0.0,0.0,1.0,0.0,0.2567412422721042,0.24683183709351061,0.26353081339831685,0.23289610723606835,24.97733032492518
2024-05-16 00:00:00+00:00,-0.014250688020303826,-0.01425068802030388,0.0,0.0,1.0,0.0,0.25663183260388134,0.24314636377180732,0.26875724299093723,0.2314645606333741,24.6213861828846
2024-05-17 00:00:00+00:00,0.04094032224363997,0.040940322243640026,0.0,0.0,1.0,0.0,0.2532987062839923,0.24526770998259823,0.2745018875982865,0.22693169613512304,25.629393667297
2024-05-18 00:00:00+00:00,0.006620534062139027,0.006620534062139118,0.0,0.0,1.0000000000000002,0.0,0.2512242877634371,0.2460927083905102,0.27747668701594175,0.2252063168301111,25.79907394106331
2024-05-19 00:00:00+00:00,-0.012672035586364983,-0.012672035586365031,0.0,0.0,1.0000000000000002,0.0,0.252010472658713,0.2451217039038552,0.27701153802957146,0.22585628540786043,25.472147157986893
2024-05-20 00:00:00+00:00,0.10299339339937252,0.10312145260972483,0.00011608804275313766,0.05804402137656883,1.0,0.0,0.24431784145585328,0.27021037078768584,0.24898184251907818,0.2364899452373827,28.095610030956145
2024-05-21 00:00:00+00:00,0.0010559298727723654,0.0010559298727723767,0.0,0.0,1.0,0.0,0.23962523426485935,0.2793460033499463,0.2373417306872932,0.24368703169790115,28.125277024881594
2024-05-22 00:00:00+00:00,-0.01022025707986407,-0.010220257079864048,0.0,0.0,1.0,0.0,0.2387113914583031,0.2783674427238932,0.23819071421443852,0.24473045160336518,27.83782946324491
2024-05-23 00:00:00+00:00,-0.007934562612103235,-0.007934562612103195,0.0,0.0,0.9999999999999999,0.0,0.23645656101684878,0.2840380828299879,0.23899677741752873,0.2405085787356346,27.61694846238374
2024-05-24 00:00:00+00:00,-0.0132377020449288,-0.013237702044928816,0.0,0.0,1.0,0.0,0.24167466184369157,0.2836399037256079,0.2305843948724408,0.24410103955825976,27.25136352724855
2024-05-25 00:00:00+00:00,0.005913253699694865,0.005913253699694898,0.0,0.0,1.0,0.0,0.24284952856968647,0.28355850498262286,0.23011739032734538,0.24347457612034532,27.412507753447784
2024-05-26 00:00:00+00:00,-0.0044509609585531296,-0.004450960958553088,0.0,0.0,1.0000000000000002,0.0,0.24117913490627368,0.2906925710428332,0.22437727439502975,0.2437510196558635,27.290495751661155
2024-05-27 00:00:00+00:00,0.019443851297750392,0.019609813476833937,0.00016277028417133256,0.08138514208566627,1.0,0.0,0.2485159049958374,0.24953246500864754,0.25528938032844994,0.2466622496670652,27.82112809289834
2024-05-28 00:00:00+00:00,-0.009992430053985424,-0.009992430053985417,0.0,0.0,1.0,0.0,0.24727159607151109,0.24884590696685216,0.2556382716674952,0.24824422529414164,27.543127416407085
2024-05-29 00:00:00+00:00,-0.010717867501331635,-0.01071786750133165,0.0,0.0,1.0,0.0,0.24722443686166157,0.24648775705651949,0.25785635393919765,0.24843145214262136,27.24792382618574
2024-05-30 00:00:00+00:00,-0.0011774841011823467,-0.0011774841011823552,0.0,0.0,1.0,0.0,0.2500760535243923,0.24549840749421178,0.255951737617478,0.24847380136391792,27.21583982909018
2024-05-31 00:00:00+00:00,-0.004458116628363262,-0.004458116628363298,0.0,0.0,1.0,0.0,0.2482112061323831,0.24754457716103218,0.2552029530541168,0.24904126365246804,27.09450844099324
2024-06-01 00:00:00+00:00,0.00850774181090097,0.008507741810901047,0.0,0.0,1.0000000000000002,0.0,0.24694387723958935,0.24894865955718404,0.2537986016608456,0.25030886154238113,27.32502152330249
2024-06-02 00:00:00+00:00,-0.006489942017345318,-0.006489942017345302,0.0,0.0,1.0,0.0,0.2485525229948655,0.24828308464885535,0.25084370611199736,0.25232068624428194,27.147683717993544
2024-06-03 00:00:00+00:00,0.015408599054454353,0.01542145182197674,1.2657569425116921e-05,0.006328784712558461,1.0,0.0,0.2499971870493299,0.24530131518385798,0.24885929832170686,0.25584219944510533,27.565991491661247
2024-06-04 00:00:00+00:00,0.043691366325135705,0.04369136632513571,0.0,0.0,1.0000000000000002,0.0,0.24554679090851367,0.23772523618817035,0.24838978075035004,0.2683381921529661,28.770387324038992
2024-06-05 00:00:00+00:00,0.013150224386748954,0.013150224386748862,0.0,0.0,1.0,0.0,0.2443187435987483,0.23807407200739308,0.24769195374169017,0.2699152306521685,29.148724373043784
2024-06-06 00:00:00+00:00,-0.004397924325601155,-0.004397924325601115,0.0,0.0,1.0,0.0,0.2443318148443471,0.2358765631824658,0.24391215363080435,0.27587946834238286,29.020530489063333
2024-06-07 00:00:00+00:00,-0.03480738374035286,-0.0348073837403529,0.0,0.0,1.0,0.0,0.24798195046628582,0.23572128181273275,0.24136127248335393,0.27493549523762756,28.010401747981895
2024-06-08 00:00:00+00:00,-0.0074251587596383395,-0.007425158759638348,0.0,0.0,1.0,0.0,0.24967442397997436,0.23769576570185455,0.23616405114905178,0.27646575916911936,27.80242006808188
2024-06-09 00:00:00+00:00,0.005350513604936102,0.005350513604936165,0.0,0.0,1.0,0.0,0.2495556210294157,0.2380246780020264,0.24129222297274022,0.2711274779958178,27.9511772949063
2024-06-10 00:00:00+00:00,-0.025648311037118954,-0.025565961702309015,8.450991198327102e-05,0.04225495599163551,1.0,0.0,0.2561607958298853,0.2538907286132154,0.25168500087227536,0.23826347468462392,27.234276805792888
2024-06-11 00:00:00+00:00,-0.04401465585848996,-0.04401465585849,0.0,0.0,1.0,0.0,0.2593782916191976,0.2532332066253016,0.24716594277590528,0.2402225589795955,26.035569484631058
2024-06-12 00:00:00+00:00,0.02471179713775462,0.024711797137754548,0.0,0.0,0.9999999999999999,0.0,0.2566945289404024,0.25156380892332636,0.25073657894109014,0.24100508319518096,26.678955196101175
2024-06-13 00:00:00+00:00,-0.0324383832309284,-0.032438383230928444,0.0,0.0,0.9999999999999998,0.0,0.25950595565662904,0.2533716663208814,0.245919307813913,0.2412030702085764,25.813533023249278
2024-06-14 00:00:00+00:00,-0.007616105209194091,-0.007616105209194124,0.0,0.0,0.9999999999999998,0.0,0.2586425485090785,0.2562287080668426,0.2406562579736514,0.24447248545042732,25.616934439923206
2024-06-15 00:00:00+00:00,0.013278384952638556,0.013278384952638663,0.0,0.0,0.9999999999999999,0.0,0.25596534414582145,0.25918586494636214,0.24162038143652445,0.24322840947129187,25.95708595672301
2024-06-16 00:00:00+00:00,0.016453065163375635,0.016453065163375587,0.0,0.0,1.0,0.0,0.2535278649664663,0.2589674483059536,0.24715106016373564,0.24035362656384435,26.384159583420317
2024-06-17 00:00:00+00:00,-0.024438634882881227,-0.024389872666190138,4.998125308967977e-05,0.024990626544839883,1.0,0.0,0.2555868419393192,0.24826491624992636,0.24266679464063257,0.25348144717012194,25.739366740669436
2024-06-18 00:00:00+00:00,-0.023618085114997855,-0.023618085114997803,0.0,0.0,1.0000000000000002,0.0,0.25653818329590683,0.2522391552370694,0.23835452099626947,0.2528681404707544,25.13145218618216
2024-06-19 00:00:00+00:00,0.006283073561879293,0.0062830735618792065,0.0,0.0,1.0,0.0,0.2541503735556704,0.2562115504204763,0.23378068491690782,0.2558573911069455,25.289354948984794
2024-06-20 00:00:00+00:00,-0.012341917194744312,-0.012341917194744291,0.0,0.0,1.0,0.0,0.2569128837018498,0.25595753089431006,0.2330892029063606,0.25404038249747957,24.977235824295928
2024-06-21 00:00:00+00:00,-0.0012804206894022618,-0.0012804206894022436,0.0,0.0,0.9999999999999999,0.0,0.25436160030516125,0.25668108341274554,0.23524046248877706,0.2537168537933161,24.945254454782418
2024-06-22 00:00:00+00:00,-0.0006587007906344589,-0.0006587007906344059,0.0,0.0,1.0,0.0,0.254999282587442,0.25519025236999343,0.23380418034923706,0.2560062846933275,24.928822995950476
2024-06-23 00:00:00+00:00,-0.024307272384993084,-0.024307272384993077,0.0,0.0,0.9999999999999999,0.0,0.2570735792449934,0.2559475951556607,0.2306316196712948,0.25634720592805105,24.322871305150628
2024-06-24 00:00:00+00:00,-0.01355268454367653,-0.01347625507529654,7.747352131482067e-05,0.03873676065741033,1.0,0.0,0.24172171188446478,0.24836517084263643,0.26062288255127364,0.2492902347216251,23.99323110315548
2024-06-25 00:00:00+00:00,0.021994706932576324,0.02199470693257639,0.0,0.0,1.0,0.0,0.24245361734457385,0.24607666720825006,0.2631649680507731,0.24830474739640304,24.52095518963496
2024-06-26 00:00:00+00:00,-0.00713902177814274,-0.007139021778142794,0.0,0.0,1.0,0.0,0.24047891381791656,0.24615670545593857,0.26552301309564974,0.24784136763049514,24.345899556515295
2024-06-27 00:00:00+00:00,0.03786692874324182,0.037866928743241775,0.0,0.0,1.0,0.0,0.23490836213679037,0.24270936541376198,0.2799583734663247,0.24242389898312294,25.26780400021198
2024-06-28 00:00:00+00:00,-0.03391366933365492,-0.03391366933365492,0.0,0.0,1.0,0.0,0.23811621899500043,0.24611160404528112,0.2710489959427314,0.244723181016987,24.41088005056119
2024-06-29 00:00:00+00:00,0.0037091259726116377,0.003709125972611628,0.0,0.0,1.0,0.0,0.23943025395894257,0.24510418708769693,0.2705294803893381,0.2449360785640224,24.501423079771033
2024-06-30 00:00:00+00:00,0.028808030164130694,0.028808030164130655,0.0,0.0,1.0,0.0,0.23953871982668049,0.24242643933732283,0.2748198444755349,0.24321499636046176,25.207260814917205
2024-07-01 00:00:00+00:00,-0.0014946658094627807,-0.0013955249784123047,9.92793779021397e-05,0.04963968895106985,1.0,0.0,0.2508598226719506,0.25064354110184184,0.25046889990597737,0.24802773632023023,25.169584384026937
2024-07-02 00:00:00+00:00,0.00935919411969155,0.00935919411969154,0.0,0.0,1.0,0.0,0.24551285692870575,0.24681535703937998,0.260580839635482,0.2470909463964323,25.405151410189003
2024-07-03 00:00:00+00:00,-0.048974493586457224,-0.04897449358645725,0.0,0.0,1.0,0.0,0.2501502088764193,0.24997841345071783,0.25053650533101063,0.24933487234185225,24.160946985387728
2024-07-04 00:00:00+00:00,-0.07346468037387521,-0.07346468037387519,0.0,0.0,1.0,0.0,0.2558211100260499,0.25049518160668527,0.24546170803324893,0.24822200033401595,22.385970737576073
2024-07-05 00:00:00+00:00,-0.0034346711787300865,-0.003434671178730135,0.0,0.0,0.9999999999999999,0.0,0.25480742931443545,0.2449581030164079,0.2587723852496041,0.2414620824195525,22.309082289075825
2024-07-06 00:00:00+00:00,0.044688867276733824,0.04468886727673377,0.0,0.0,1.0,0.0,0.25080465759225856,0.24116678423796387,0.2638020349350676,0.24422652323470995,23.306049906558066
2024-07-07 00:00:00+00:00,-0.058331527878791034,-0.058331527878791076,0.0,0.0,0.9999999999999999,0.0,0.2554898856908579,0.24476205799336098,0.257798343648917,0.24194971266686408,21.946572406689178
2024-07-08 00:00:00+00:00,0.036890752870159194,0.03694586956827034,5.315291735909972e-05,0.026576458679549858,1.0,0.0,0.24479073041035654,0.24833282983510804,0.25605560373082603,0.2508208360237094,22.756197985691404
2024-07-09 00:00:00+00:00,0.015793912215716466,0.015793912215716473,0.0,0.0,0.9999999999999999,0.0,0.24665881262681275,0.24832943049025566,0.25499518783043873,0.2500165690524928,23.115607379040878
2024-07-10 00:00:00+00:00,0.006191503183329949,0.006191503183330022,0.0,0.0,0.9999999999999999,0.0,0.24377215881866185,0.24957064634667087,0.25442955415275476,0.2522276406819125,23.258727735712814
2024-07-11 00:00:00+00:00,-0.012870845305980816,-0.012870845305980864,0.0,0.0,0.9999999999999999,0.0,0.24529948896605305,0.2527032366937345,0.2463835269998498,0.2556137473403626,22.959368249012527
2024-07-12 00:00:00+00:00,0.016319339706210023,0.016319339706210086,0.0,0.0,1.0,0.0,0.2436723887096628,0.2513986344754249,0.24910728578414496,0.25582169103076735,23.334049978908137
2024-07-13 00:00:00+00:00,0.012558852252926522,0.012558852252926607,0.0,0.0,1.0,0.0,0.246116339140403,0.2516111094117897,0.2502863372445555,0.2519862142032518,23.627098865055647
2024-07-14 00:00:00+00:00,0.02815967551054044,0.028159675510540487,0.0,0.0,1.0,0.0,0.24582010881056443,0.2500574461990908,0.25333059977629613,0.2507918452140487,24.29243030235107
2024-07-15 00:00:00+00:00,0.07282256038226742,0.07284049780844531,1.671956475774239e-05,0.008359782378871194,1.0,0.0,0.24807440097975145,0.2501161840019642,0.2515061204917372,0.25030329452654704,26.061467274876055
2024-07-16 00:00:00+00:00,-0.003454680546894018,-0.003454680546894069,0.0,0.0,0.9999999999999999,0.0,0.25016490696707094,0.24816876835949797,0.2543575033212205,0.24730882135221044,25.971433230858025
2024-07-17 00:00:00+00:00,-0.019074137796054602,-0.01907413779605459,0.0,0.0,0.9999999999999999,0.0,0.25128097695945933,0.24880078802743202,0.2510378116089925,0.24888042340411598,25.47605053465161
2024-07-18 00:00:00+00:00,0.009866474013235926,0.00986647401323588,0.0,0.0,0.9999999999999999,0.0,0.2484374137441152,0.24923880362271592,0.25453201290389815,0.2477917697292706,25.727409325211635
2024-07-19 00:00:00+00:00,0.04107522034006883,0.041075220340068726,0.0,0.0,0.9999999999999999,0.0,0.24860065658705588,0.24478788519159628,0.259691450951924,0.24692000726942373,26.784168332023846
2024-07-20 00:00:00+00:00,0.009562044839134032,0.00956204483913414,0.0,0.0,0.9999999999999999,0.0,0.24801904168348848,0.24343620619614464,0.26404587617814584,0.24449887594222097,27.040279750593573
2024-07-21 00:00:00+00:00,0.025460185317369266,0.025460185317369263,0.0,0.0,1.0,0.0,0.24555498105483542,0.2386359780401368,0.27364259238994226,0.24216644851508548,27.728730284077194
2024-07-22 00:00:00+00:00,-0.023107318036424407,-0.023014924196751302,9.457036955976911e-05,0.047285184779884554,1.0,0.0,0.25351170837352693,0.2489187567515334,0.248135892444185,0.24943364243075467,27.087993694656788
2024-07-23 00:00:00+00:00,-0.013279421180169448,-0.01327942118016947,0.0,0.0,1.0,0.0,0.25085156882653575,0.25541512215853257,0.2432240244553798,0.25050928455955185,26.728280817459666
2024-07-24 00:00:00+00:00,-0.008860477028512337,-0.008860477028512323,0.0,0.0,1.0,0.0,0.2509445921691208,0.24684370031123057,0.25254630953675183,0.24966539798289675,26.491455499264937
2024-07-25 00:00:00+00:00,-0.020869520151811538,-0.020869520151811514,0.0,0.0,1.0,0.0,0.2579552808657834,0.23998653974626835,0.24893416479914363,0.25312401458880457,25.93859153487221
2024-07-26 00:00:00+00:00,0.03651732976560296,0.036517329765602916,0.0,0.0,0.9999999999999999,0.0,0.2568403375478225,0.2387594444440123,0.2558293171742879,0.24857090083387723,26.885799635606414
2024-07-27 00:00:00+00:00,-0.00042273578750295915,-0.0004227357875029852,0.0,0.0,0.9999999999999998,0.0,0.25690540775603504,0.23699306855126395,0.2571258373579358,0.24897568633476502,26.874434045924808
2024-07-28 00:00:00+00:00,0.005249284045457436,0.0052492840454573565,0.0,0.0,0.9999999999999998,0.0,0.2568940480818795,0.2372909430857894,0.25715998212656976,0.2486550267057611,27.01550558379278
2024-07-29 00:00:00+00:00,-0.00906542535995225,-0.009009715730386503,5.6216120833797515e-05,0.028108060416898756,1.0,0.0,0.24685706961971882,0.2559372425922181,0.2490804427228593,0.2481252450652038,26.770598534361532
2024-07-30 00:00:00+00:00,-0.0038624727560884198,-0.0038624727560884623,0.0,0.0,1.0,0.0,0.2456001776746847,0.2539511675329845,0.24537593400198676,0.255072720790344,26.66719782685838
2024-07-31 00:00:00+00:00,-0.024634912708331402,-0.024634912708331458,0.0,0.0,0.9999999999999999,0.0,0.2458685589165797,0.2566763644240284,0.24109821826837094,0.25635685839102085,26.01025373621792
2024-08-01 00:00:00+00:00,-0.006225753478353302,-0.006225753478353331,0.0,0.0,0.9999999999999999,0.0,0.25018817607846766,0.2559402180934741,0.2364904371112226,0.2573811687168355,25.848320308546807
2024-08-02 00:00:00+00:00,-0.06690982285741065,-0.06690982285741069,0.0,0.0,0.9999999999999998,0.0,0.2523098759189631,0.25598722027083953,0.2313549819956415,0.2603479218145557,24.11881377554033
2024-08-03 00:00:00+00:00,-0.03249563863421523,-0.03249563863421519,0.0,0.0,0.9999999999999998,0.0,0.25739033500602665,0.2569774893043709,0.22308260336392316,0.2625495723256791,23.335057518804437
2024-08-04 00:00:00+00:00,-0.05260983467902414,-0.0526098346790241,0.0,0.0,0.9999999999999998,0.0,0.26032802185300763,0.2511876076581906,0.22851542837667005,0.25996894211213156,22.107404000514617
2024-08-05 00:00:00+00:00,-0.07472724316828139,-0.07464771997893371,8.593828649331947e-05,0.042969143246659736,1.0,0.0,0.2509262737506267,0.24312461801620763,0.25350653629321224,0.2524425719399534,20.455378645948723
2024-08-06 00:00:00+00:00,0.053218501855597955,0.053218501855598004,0.0,0.0,1.0,0.0,0.24708203735177803,0.23480536103098304,0.26779141035440795,0.250321191262831,21.543983252375103
2024-08-07 00:00:00+00:00,-0.019631973734126063,-0.01963197373412608,0.0,0.0,0.9999999999999999,0.0,0.2480338972527066,0.22797246027840562,0.2738727879721437,0.25012085449674404,21.121032339036024
2024-08-08 00:00:00+00:00,0.1194476194730183,0.11944761947301835,0.0,0.0,1.0,0.0,0.24789984669621296,0.2331766067543545,0.2756409551686404,0.24328259138079214,23.64388937274651
2024-08-09 00:00:00+00:00,-0.026224060996372422,-0.02622406099637247,0.0,0.0,1.0,0.0,0.2510761533978123,0.23198365945764243,0.2712118650356944,0.24572832210885084,23.023850575644126
2024-08-10 00:00:00+00:00,0.004394205556755848,0.004394205556755902,0.0,0.0,1.0,0.0,0.25032909380620644,0.2319579195639973,0.2660861172727291,0.2516268693570672,23.125022107781536
2024-08-11 00:00:00+00:00,-0.044916329405684685,-0.0449163294056847,0.0,0.0,1.0,0.0,0.2525900447228756,0.2377913656333161,0.25607809454873715,0.2535404950950711,22.08633099727468
2024-08-12 00:00:00+00:00,0.034681434327967775,0.03473196498487996,4.88345374667355e-05,0.024417268733367747,1.0000000000000002,0.0,0.2442176455363623,0.2573905719207225,0.24968142199731796,0.2487103605455973,22.85231663530242
2024-08-13 00:00:00+00:00,0.0066727220711644275,0.0066727220711643755,0.0,0.0,1.0,0.0,0.24766988309789287,0.2538191652803581,0.24863677030589285,0.2498741813158562,23.00480379289204
2024-08-14 00:00:00+00:00,-0.017015055630107412,-0.017015055630107377,0.0,0.0,1.0,0.0,0.24403995233959608,0.2542961567195316,0.24785243533780424,0.2538114556030681,22.61337577659628
2024-08-15 00:00:00+00:00,-0.017466401148449884,-0.017466401148449832,0.0,0.0,1.0,0.0,0.24354325688004455,0.24991383494827485,0.2502923767184043,0.25625053145327636,22.218401483961607
2024-08-16 00:00:00+00:00,0.00189586489800031,0.0018958648980002479,0.0,0.0,1.0,0.0,0.24871595076660835,0.2516558949854147,0.24361621245391996,0.256011941794057,22.260524571424728
2024-08-17 00:00:00+00:00,0.020606863297227607,0.02060686329722756,0.0,0.0,0.9999999999999999,0.0,0.24624972521463898,0.24864705115198737,0.2436416577059897,0.2614615659273839,22.719244158192655
2024-08-18 00:00:00+00:00,-0.008792585340111181,-0.00879258534011116,0.0,0.0,1.0,0.0,0.24398824620987664,0.25062626149049655,0.24666889174084547,0.25871660055878126,22.519483265068924
2024-08-19 00:00:00+00:00,0.02266914992946978,0.02270736998496814,3.7371448197111415e-05,0.018685724098555706,1.0,0.0,0.24867966569808378,0.24671481230675868,0.2476416991849693,0.25696382281018837,23.02998080753896
2024-08-20 00:00:00+00:00,-0.0061588840608760576,-0.00615888406087603,0.0,0.0,1.0000000000000002,0.0,0.24843286886229388,0.2422597507335401,0.2457050107247261,0.2636023696794401,22.888141825821126
2024-08-21 00:00:00+00:00,0.01572133362974082,0.01572133362974091,0.0,0.0,1.0000000000000002,0.0,0.2534662764412745,0.24387762241043137,0.2427691429558498,0.2598869581924446,23.247973939629684
2024-08-22 00:00:00+00:00,0.0026405967485625403,0.0026405967485625937,0.0,0.0,1.0000000000000004,0.0,0.24957364898289985,0.2425122991019726,0.24289289673621592,0.26502115517891195,23.309362464025337
2024-08-23 00:00:00+00:00,0.04902340011869244,0.04902340011869233,0.0,0.0,1.0,0.0,0.2523382253105193,0.2434833285917169,0.247772329420287,0.2564061166774769,24.452066666610882
2024-08-24 00:00:00+00:00,0.008067782992305261,0.008067782992305168,0.0,0.0,1.0,0.0,0.25078692295817795,0.24201731315337707,0.25765626376387524,0.24953950012456974,24.64934063419048
2024-08-25 00:00:00+00:00,-0.007311281780065904,-0.007311281780065921,0.0,0.0,1.0,0.0,0.2528819611480726,0.24187178255562988,0.25672690275366117,0.2485193535426363,24.469122359121084
2024-08-26 00:00:00+00:00,-0.025391113821693012,-0.025353652845284597,3.8435455606935175e-05,0.019217727803467588,1.0000000000000002,0.0,0.25096746464688746,0.25037307858949626,0.2535980228430276,0.24506143392058868,23.847824088183707
2024-08-27 00:00:00+00:00,-0.05789375882563419,-0.05789375882563419,0.0,0.0,1.0,0.0,0.2518946457087054,0.24363352001331293,0.2514672285027284,0.2530046057752533,22.46718391190625
2024-08-28 00:00:00+00:00,0.0023519085056349365,0.002351908505634904,0.0,0.0,1.0,0.0,0.2496959193940046,0.2500846831334099,0.246057228703233,0.25416216876935244,22.520024672846326
2024-08-29 00:00:00+00:00,-0.005736724594692766,-0.0057367245946928075,0.0,0.0,0.9999999999999998,0.0,0.2525153542631755,0.2514550047600728,0.24068661969396024,0.2553430212827913,22.39083349343252
2024-08-30 00:00:00+00:00,-0.005203663115764479,-0.0052036631157644266,0.0,0.0,1.0,0.0,0.25283126185054344,0.25260932985256906,0.23845494283748023,0.2561044654594072,22.27431913905152
2024-08-31 00:00:00+00:00,-0.007603129423690014,-0.007603129423690008,0.0,0.0,1.0,0.0,0.2541219836100111,0.2532356602303328,0.23568480761511948,0.2569575485445366,22.104964607812736
2024-09-01 00:00:00+00:00,-0.03786291398285291,-0.03786291398285292,0.0,0.0,1.0,0.0,0.25663313738032256,0.2540588320487849,0.23256240022974375,0.2567456303411488,21.268006234273116
2024-09-02 00:00:00+00:00,0.038915376135374435,0.038987845952269895,6.975039908102493e-05,0.034875199540512464,1.0,0.0,0.24830470786988793,0.25175742076726276,0.25269654419456694,0.2472413271682824,22.095658696529345
2024-09-03 00:00:00+00:00,-0.03553124839454935,-0.035531248394549346,0.0,0.0,1.0,0.0,0.25029292794702684,0.24943901736798973,0.2476193990044981,0.2526486556804854,21.310572358941776
2024-09-04 00:00:00+00:00,0.011107993584843046,0.01110799358484314,0.0,0.0,1.0000000000000002,0.0,0.24962371491050475,0.2492854212019083,0.25661212653730064,0.2444787373502865,21.547290059994236
2024-09-05 00:00:00+00:00,-0.026688538554183405,-0.0266885385541834,0.0,0.0,1.0000000000000002,0.0,0.24854538099790585,0.24756163826430772,0.2552837362939392,0.24860924444384744,20.972224378489905
2024-09-06 00:00:00+00:00,-0.040866605600689554,-0.04086660560068958,0.0,0.0,1.0,0.0,0.2489091110266089,0.24246606598436687,0.2572133791712486,0.2514114438177758,20.11516075624499
2024-09-07 00:00:00+00:00,0.01492222102634444,0.014922221026344388,0.0,0.0,1.0,0.0,0.246148809720244,0.24409089909770676,0.25884275144973573,0.2509175397323136,20.415323631030127
2024-09-08 00:00:00+00:00,0.01557404798977835,0.015574047989778392,0.0,0.0,1.0000000000000002,0.0,0.2455472973555867,0.24285523247431337,0.2597225605574856,0.2518749096126145,20.733272860986645
2024-09-09 00:00:00+00:00,0.03376969491659354,0.03381765359418898,4.6389880680400065e-05,0.023194940340200032,1.0,0.0,0.2513948176307801,0.24837059311903054,0.25096363268896527,0.24927095656122408,21.433429160124653
2024-09-10 00:00:00+00:00,0.005913587419509758,0.005913587419509733,0.0,0.0,0.9999999999999999,0.0,0.25251930371967657,0.2499462123162174,0.25054111100373266,0.24699337296037324,21.56017761716292
2024-09-11 00:00:00+00:00,-0.005949423148219557,-0.005949423148219549,0.0,0.0,0.9999999999999998,0.0,0.2527172484914789,0.24639124026689244,0.24607591871886136,0.25481559252276714,21.431906997367648
2024-09-12 00:00:00+00:00,0.019399516757588664,0.019399516757588706,0.0,0.0,0.9999999999999999,0.0,0.25134225177811825,0.24389264109991052,0.2480097641840545,0.2567553429379166,21.847675636310164
2024-09-13 00:00:00+00:00,0.029184035292929345,0.029184035292929372,0.0,0.0,1.0,0.0,0.2541533425284929,0.24474699187798235,0.24621956298308695,0.2548801026104377,22.485278973148713
2024-09-14 00:00:00+00:00,-0.008953887987699694,-0.008953887987699718,0.0,0.0,1.0,0.0,0.2543090071844922,0.2447925762731983,0.24510220699723997,0.25579620954506954,22.28394830385096
2024-09-15 00:00:00+00:00,-0.02425920184081576,-0.024259201840815776,0.0,0.0,1.0,0.0,0.25689113751945225,0.24032493687041437,0.24062802311261536,0.262155902497518,21.743357504137535
2024-09-16 00:00:00+00:00,-0.01488866609441919,-0.014813606555778625,7.618816006788109e-05,0.03809408003394055,1.0,0.0,0.24981953881592364,0.25152179919327816,0.25393292133168976,0.24472574065910851,21.419627914486846
2024-09-17 00:00:00+00:00,0.01993203580006675,0.019932035800066653,0.0,0.0,0.9999999999999999,0.0,0.2537732618734724,0.2515607530743957,0.24910299576546704,0.24556298928666487,21.846564704902505
2024-09-18 00:00:00+00:00,0.02090557680298799,0.020905576802988025,0.0,0.0,1.0,0.0,0.25453609248753073,0.24987650931493777,0.24919589316624033,0.24639150503129115,22.30327974122229
2024-09-19 00:00:00+00:00,0.03351596474264529,0.03351596474264537,0.0,0.0,1.0,0.0,0.2510192182043184,0.25098403324944274,0.25644237402911624,0.24155437451712272,23.05079567867445
2024-09-20 00:00:00+00:00,0.018541977624017214,0.018541977624017204,0.0,0.0,1.0,0.0,0.24744027950737882,0.25602987605836497,0.2584524817069765,0.23807736272727975,23.478203016364226
2024-09-21 00:00:00+00:00,0.018722273507929987,0.018722273507930064,0.0,0.0,1.0,0.0,0.2434612571805704,0.2563286286878779,0.2584594078804492,0.24175070625110254,23.917768354711303
2024-09-22 00:00:00+00:00,-0.010467035226203736,-0.01046703522620373,0.0,0.0,1.0,0.0,0.24692899514236258,0.2559254610167577,0.25283765834626576,0.24430788549461402,23.667420230810357
2024-09-23 00:00:00+00:00,0.01238652807737295,0.012422015977259837,3.505247745209378e-05,0.01752623872604689,0.9999999999999999,0.0,0.24600524405828633,0.25324610002801073,0.24718868261568117,0.2535599732980217,23.960577396018273
2024-09-24 00:00:00+00:00,0.01829649508114861,0.018296495081148674,0.0,0.0,1.0,0.0,0.24510439237903667,0.24928023520928236,0.25607580825661735,0.24953956415506362,24.398971982486003
2024-09-25 00:00:00+00:00,-0.02664051932264011,-0.026640519322640104,0.0,0.0,1.0,0.0,0.24746058772976157,0.24904593034035158,0.254868507866933,0.2486249740629539,23.74897069793403
2024-09-26 00:00:00+00:00,0.02972081752773481,0.029720817527734807,0.0,0.0,1.0,0.0,0.24801256221311752,0.24674720125174132,0.2601747251019549,0.24506551143318628,24.454809522518847
2024-09-27 00:00:00+00:00,0.015948954249334957,0.015948954249335037,0.0,0.0,1.0,0.0,0.24635137663024634,0.24861087304906568,0.25953145270561073,0.24550629761507736,24.8448381607697
2024-09-28 00:00:00+00:00,-0.005238725170818803,-0.00523872517081876,0.0,0.0,1.0,0.0,0.24798028187604712,0.24813739711583954,0.2594417119393946,0.2444406090687189,24.714682881731957
2024-09-29 00:00:00+00:00,-0.001985229026153612,-0.001985229026153606,0.0,0.0,1.0,0.0,0.24750774224771022,0.24699619189545968,0.2628102750523438,0.24268579080448643,24.66561857590296
2024-09-30 00:00:00+00:00,-0.03516565933767468,-0.035116217631091906,5.124110020937489e-05,0.025620550104687445,1.0000000000000002,0.0,0.2501156605035511,0.25369941549446134,0.24935395728013016,0.2468309667218575,23.798235835709736
2024-10-01 00:00:00+00:00,-0.04589226065886176,-0.04589226065886172,0.0,0.0,1.0000000000000002,0.0,0.2517034442893731,0.2501192292120912,0.24868397173429263,0.24949335476424328,22.70608099351628
2024-10-02 00:00:00+00:00,-0.01980427792525785,-0.019804277925257855,0.0,0.0,1.0000000000000002,0.0,0.2561316293032509,0.24644834319135467,0.24507204685227904,0.2523479806531156,22.25640345492727
2024-10-03 00:00:00+00:00,-0.005874594777931952,-0.005874594777931927,0.0,0.0,1.0000000000000002,0.0,0.2580846580892156,0.2464061958371481,0.24059377852706165,0.25491536754657484,22.12565610341541
2024-10-04 00:00:00+00:00,0.028659904458656627,0.028659904458656692,0.0,0.0,1.0000000000000002,0.0,0.2564001826844438,0.24612738275336313,0.24488323295593656,0.25258920160625675,22.759775293424386
2024-10-05 00:00:00+00:00,0.0023011502104477444,0.0023011502104478398,0.0,0.0,1.0000000000000002,0.0,0.25569619539179117,0.24558773373952528,0.2432123242795559,0.25550374658912794,22.812148955130592
2024-10-06 00:00:00+00:00,0.01569485866155418,0.015694858661554244,0.0,0.0,1.0000000000000004,0.0,0.2548358222761848,0.24433226198671254,0.24596988414231905,0.25486203159478404,23.17018240874769
2024-10-07 00:00:00+00:00,-0.01108121912787785,-0.011042856080412305,3.8791415483874493e-05,0.019395707741937246,1.0,0.0,0.2503935989447418,0.25099714978341936,0.24847680822254017,0.2501324430492987,22.913428540243455
2024-10-08 00:00:00+00:00,0.00808495052409941,0.00808495052409933,0.0,0.0,1.0,0.0,0.2481318963303111,0.2508525084093114,0.24567933328098077,0.25533626197939674,23.09868247632881
2024-10-09 00:00:00+00:00,-0.02485711832902271,-0.024857118329022734,0.0,0.0,1.0,0.0,0.2482163908520945,0.24982634128609812,0.24462064448719686,0.2573366233746105,22.52451579277018
2024-10-10 00:00:00+00:00,-0.003244034419570885,-0.0032440344195709164,0.0,0.0,0.9999999999999999,0.0,0.24775270589716558,0.2523332838936072,0.2449059770637371,0.25500803314549003,22.451445488254265
2024-10-11 00:00:00+00:00,0.03058654019643714,0.030586540196437226,0.0,0.0,1.0,0.0,0.24922083018363317,0.25028193089042555,0.24871263304227362,0.2517846058836677,23.13815752814887
2024-10-12 00:00:00+00:00,0.009201465027068867,0.009201465027068785,0.0,0.0,0.9999999999999998,0.0,0.24957929049837552,0.25175225986052346,0.24791836419644556,0.2507500854446553,23.351062475434944
2024-10-13 00:00:00+00:00,-0.0016716793389456308,-0.0016716793389455942,0.0,0.0,1.0,0.0,0.2486674069930475,0.2514121191686619,0.25062361513971176,0.2492968586985787,23.31202698675233
2024-10-14 00:00:00+00:00,0.053024112923397704,0.05303268770247843,8.142937233494907e-06,0.004071468616747453,0.9999999999999999,0.0,0.24954615356096685,0.2528786753849715,0.253237907890992,0.24433726316306956,24.54812653817118
2024-10-15 00:00:00+00:00,-0.0006376550392044322,-0.0006376550392044435,0.0,0.0,0.9999999999999998,0.0,0.25344672810791946,0.25088661012948504,0.24884894328424,0.24681771847835532,24.532473301581085
2024-10-16 00:00:00+00:00,0.004302451753546155,0.00430245175354615,0.0,0.0,1.0,0.0,0.25441471079981615,0.25016533991660445,0.24701435188474002,0.24840559739883922,24.6380230843563
2024-10-17 00:00:00+00:00,-0.010654500681526624,-0.010654500681526569,0.0,0.0,1.0,0.0,0.2564007462125897,0.2523452094645745,0.2435572570740961,0.2476967872487396,24.375517250612557
2024-10-18 00:00:00+00:00,0.01719249772856446,0.01719249772856443,0.0,0.0,0.9999999999999998,0.0,0.255828960105219,0.25154359307449153,0.24648866177382958,0.2461387850464597,24.794593275576297
2024-10-19 00:00:00+00:00,0.007503182027573274,0.007503182027573255,0.0,0.0,0.9999999999999998,0.0,0.25373818334938436,0.2502400728181884,0.25232750671209164,0.24369423712033547,24.98063162222259
2024-10-20 00:00:00+00:00,0.027073532459363392,0.02707353245936341,0.0,0.0,0.9999999999999998,0.0,0.24941261404047965,0.25272544461613083,0.2573765147663498,0.24048542657703953,25.65694556330223
2024-10-21 00:00:00+00:00,-0.018111952807232656,-0.018072275231264062,4.040783752992294e-05,0.02020391876496147,1.0,0.0,0.248499158774212,0.2471677733919958,0.252715288395174,0.25161777943861824,25.192248176081964
2024-10-22 00:00:00+00:00,-0.0038009194054453577,-0.0038009194054453954,0.0,0.0,1.0,0.0,0.2496268831942912,0.2440263645872971,0.25587797801785633,0.2504687742005553,25.0964944711227
2024-10-23 00:00:00+00:00,-0.010718364587589901,-0.010718364587589865,0.0,0.0,1.0,0.0,0.2494971605977056,0.23743380368536393,0.2636813119358504,0.24938772378108,24.827501093510772
2024-10-24 00:00:00+00:00,0.020641635544464743,0.0206416355444647,0.0,0.0,1.0,0.0,0.250059883029883,0.2336657793787763,0.2679198406343824,0.2483544969569582,25.33998132256282
2024-10-25 00:00:00+00:00,-0.040860010657236545,-0.040860010657236503,0.0,0.0,1.0,0.0,0.254978500286297,0.2344750505882816,0.2599744459803733,0.2505720031450481,24.30458941566873
2024-10-26 00:00:00+00:00,0.01845503868035414,0.018455038680354086,0.0,0.0,0.9999999999999999,0.0,0.25183869723628505,0.23417678451667562,0.2644890081503522,0.24949551009668705,24.753131553445023
2024-10-27 00:00:00+00:00,0.017311506403252297,0.017311506403252314,0.0,0.0,1.0,0.0,0.25098066597057084,0.23253684362412044,0.2687523811708498,0.24773010923445882,25.181645548833032
2024-10-28 00:00:00+00:00,0.020343209788630467,0.020423754068803535,7.89321885656828e-05,0.039466094282841396,1.0000000000000002,0.0,0.2519854999313938,0.25082759355938433,0.2472849042938134,0.24990200221540854,25.693921047055873
2024-10-29 00:00:00+00:00,0.020715449160242372,0.02071544916024247,0.0,0.0,1.0000000000000002,0.0,0.2566605998845579,0.25256219194128454,0.24382899515709824,0.2469482130170595,26.226182162233442
2024-10-30 00:00:00+00:00,-0.010025983232285207,-0.010025983232285256,0.0,0.0,1.0,0.0,0.25786391203216164,0.2570913326614407,0.24003899827606137,0.24500575703033642,25.96323889962803
2024-10-31 00:00:00+00:00,-0.03720830851347201,-0.03720830851347197,0.0,0.0,1.0,0.0,0.26022988819907167,0.25291038115969205,0.24050466245076255,0.2463550681904739,24.997190696641695
2024-11-01 00:00:00+00:00,-0.008793170919500382,-0.008793170919500354,0.0,0.0,1.0,0.0,0.25956536135134356,0.2544326846891601,0.23892723353081413,0.2470747204286824,24.77738612633878
2024-11-02 00:00:00+00:00,-0.004069589537996632,-0.004069589537996663,0.0,0.0,1.0000000000000002,0.0,0.26017124928181745,0.2537166404327924,0.2399757547290723,0.246136355556318,24.67655233498013
2024-11-03 00:00:00+00:00,-0.01593374155409466,-0.015933741554094615,0.0,0.0,1.0000000000000002,0.0,0.26210206548541376,0.25405180405296374,0.2385192061951505,0.24532692426647218,24.283362527628466
2024-11-04 00:00:00+00:00,-0.018840120655841286,-0.01877671844432824,6.461547815350966e-05,0.03230773907675483,1.0,0.0,0.25135366952564564,0.24861378377806365,0.2476195791063694,0.2524129675899213,23.825861047678412
2024-11-05 00:00:00+00:00,0.026662728774975886,0.02666272877497598,0.0,0.0,1.0,0.0,0.2503178361458002,0.2446199711932626,0.2544431415965644,0.2506190510643729,24.461123518622923
2024-11-06 00:00:00+00:00,0.09597896408993445,0.09597896408993437,0.0,0.0,1.0,0.0,0.2488090412978703,0.2507707932748643,0.25997027945721013,0.24044988597005532,26.808876814416283
2024-11-07 00:00:00+00:00,0.033003019432674696,0.033003019432674745,0.0,0.0,1.0,0.0,0.24177114485769358,0.2582411564633638,0.2648419450763242,0.23514575360261847,27.693650696890646
2024-11-08 00:00:00+00:00,0.012532837694439802,0.012532837694439705,0.0,0.0,1.0,0.0,0.24083053186751877,0.26088293314378896,0.2662260273518917,0.23206050763680056,28.040730726241286
2024-11-09 00:00:00+00:00,0.02547576806738161,0.02547576806738152,0.0,0.0,0.9999999999999999,0.0,0.23536230425681579,0.2685274129659116,0.25965117608884636,0.23645910668842618,28.75508987866291
2024-11-10 00:00:00+00:00,0.03046458738437874,0.03046458738437867,0.0,0.0,0.9999999999999998,0.0,0.23940330409384006,0.2653399992962663,0.26480744435788267,0.2304492522520108,29.6311018270171
2024-11-11 00:00:00+00:00,0.06762479006722577,0.06775355022719382,0.0001205897746165962,0.0602948873082981,1.0,0.0,0.25825212518734514,0.24799322449884142,0.24756692018148282,0.24618773013233064,31.634898867529724
2024-11-12 00:00:00+00:00,-0.03588744650358955,-0.03588744650358954,0.0,0.0,1.0,0.0,0.26576203711655044,0.2474742696878747,0.24465519574716305,0.24210849744841184,30.499603126774787
2024-11-13 00:00:00+00:00,0.005224568202761182,0.005224568202761154,0.0,0.0,1.0,0.0,0.27166484977246685,0.2418900991146209,0.2474202727013621,0.23902477841155015,30.65895038346777
2024-11-14 00:00:00+00:00,-0.024690078167343477,-0.024690078167343445,0.0,0.0,1.0000000000000002,0.0,0.26914295494267004,0.23802582837638003,0.24711584208755985,0.24571537459339013,29.901978501971243
2024-11-15 00:00:00+00:00,0.023153716472277486,0.023153716472277576,0.0,0.0,1.0000000000000002,0.0,0.27421743720423475,0.23501229452945893,0.25174610296035344,0.239024165305953,30.594320434166022
2024-11-16 00:00:00+00:00,6.9242495727595e-05,6.924249572751087e-05,0.0,0.0,1.0,0.0,0.27286077388273217,0.2382562968945607,0.24859416435471937,0.24028876486798778,30.596438861267973
2024-11-17 00:00:00+00:00,0.01708224091445132,0.017082240914451326,0.0,0.0,1.0,0.0,0.26611015312473996,0.23000086811980497,0.2690625159809247,0.23482646277453045,31.119094601020432
2024-11-18 00:00:00+00:00,0.014705104268584623,0.014847883903837067,0.00014069067642265843,0.07034533821132921,1.0,0.0,0.24800943098054898,0.2568992141990354,0.24874901724927181,0.24634233757114382,31.576704131872386
2024-11-19 00:00:00+00:00,-0.006574024213368057,-0.006574024213368069,0.0,0.0,1.0,0.0,0.2547469987790243,0.2505086789584985,0.24815003342758354,0.24659428883489368,31.369118114331098
2024-11-20 00:00:00+00:00,-0.003871096757131487,-0.003871096757131454,0.0,0.0,1.0,0.0,0.2612106084980904,0.24844897953301226,0.24685008431246763,0.24349032765642975,31.247685222924638
2024-11-21 00:00:00+00:00,0.06283803002552713,0.06283803002552713,0.0,0.0,1.0,0.0,0.256273135438744,0.25553031060930587,0.25286941869794083,0.23532713525400942,33.211228205191
2024-11-22 00:00:00+00:00,0.00408736267882337,0.004087362678823454,0.0,0.0,1.0000000000000004,0.0,0.2567222989271553,0.2523591791788997,0.25235084895686927,0.23856767293707598,33.34697453987478
2024-11-23 00:00:00+00:00,0.0064495812256091245,0.006449581225609097,0.0,0.0,1.0000000000000002,0.0,0.2519313818569044,0.2557247700962108,0.24878172673691656,0.2435621213099685,33.56204856079802
2024-11-24 00:00:00+00:00,-0.0005285001322500316,-0.0005285001322500281,0.0,0.0,1.0000000000000002,0.0,0.2526520977307425,0.2533948054506696,0.24680400839316385,0.24714908842542435,33.54431101369506
2024-11-25 00:00:00+00:00,-0.03580902702021538,-0.03578570497826297,2.418761272564779e-05,0.012093806362823895,1.0,0.0,0.24632768212375292,0.2633883981233557,0.2402383095843097,0.2500456101685817,32.343121874231144
2024-11-26 00:00:00+00:00,-0.022177258996321836,-0.02217725899632189,0.0,0.0,1.0,0.0,0.24908451346953112,0.26228191805034345,0.2420254840398823,0.24660808444024307,31.625840083676717
2024-11-27 00:00:00+00:00,0.06061865534683397,0.06061865534683404,0.0,0.0,1.0,0.0,0.24480238716608096,0.2717272361120844,0.23934074716295428,0.2441296295588804,33.5429559837632
2024-11-28 00:00:00+00:00,-0.0067587013639902604,-0.006758701363990252,0.0,0.0,1.0,0.0,0.24590482509751874,0.26799954729593783,0.23660731952488537,0.2494883080816581,33.316249161403476
2024-11-29 00:00:00+00:00,0.011717166123778044,0.011717166123778027,0.0,0.0,1.0,0.0,0.24767185291913343,0.26588904207910946,0.23952719837379632,0.24691190662796075,33.706621187448825
2024-11-30 00:00:00+00:00,-0.0005344011222804257,-0.0005344011222804619,0.0,0.0,0.9999999999999998,0.0,0.24512941236750047,0.27427900491316326,0.2340118039354714,0.24657977878386475,33.688608331257974
2024-12-01 00:00:00+00:00,0.0024420541670040485,0.002442054167004051,0.0,0.0,0.9999999999999998,0.0,0.24650351510597623,0.27390781875467635,0.23264590252635414,0.2469427636129931,33.77087773761389
2024-12-02 00:00:00+00:00,-0.022670396533269743,-0.022576924318309655,9.563127501870572e-05,0.04781563750935286,1.0,0.0,0.25223595387869374,0.2513470578063568,0.24382786997983982,0.2525891183351096,33.00527854802561
2024-12-03 00:00:00+00:00,0.04072268883447583,0.04072268883447588,0.0,0.0,1.0,0.0,0.24238911439029537,0.23959501823308357,0.24278754057321295,0.27522832680340814,34.349342236232054
2024-12-04 00:00:00+00:00,0.018609200222826194,0.018609200222826187,0.0,0.0,1.0,0.0,0.24475741950341162,0.24974862000885015,0.23349162495026246,0.2720023355374758,34.98855602342848
2024-12-05 00:00:00+00:00,-0.008934745743631844,-0.008934745743631858,0.0,0.0,1.0,0.0,0.24285150074005454,0.24854697794554742,0.242474828988001,0.2661266923263971,34.67594217142233
2024-12-06 00:00:00+00:00,0.02695957177223196,0.026959571772232047,0.0,0.0,1.0000000000000002,0.0,0.2432944649786404,0.25568334943868615,0.23714059678668362,0.26388158879598994,35.61079072316255
2024-12-07 00:00:00+00:00,0.008367506207618058,0.00836750620761805,0.0,0.0,1.0,0.0,0.24149608411458473,0.25339363851021873,0.2364336872699893,0.26867659010520734,35.9087642355968
2024-12-08 00:00:00+00:00,-0.00028164009577447136,-0.0002816400957745182,0.0,0.0,1.0,0.0,0.24465555951770013,0.25396799414127635,0.23538800695719747,0.26598843938382616,35.89865088779834
2024-12-09 00:00:00+00:00,-0.0670994910539876,-0.06702501564096383,7.982573410040983e-05,0.039912867050204914,1.0,0.0,0.25780151438460475,0.24840917854474828,0.24489705756716,0.24889224950348698,33.48986968370229
2024-12-10 00:00:00+00:00,-0.015308883585381405,-0.015308883585381374,0.0,0.0,1.0,0.0,0.25997001062334063,0.2465787565681534,0.24523714081773362,0.24821409199077232,32.9771771674249
2024-12-11 00:00:00+00:00,0.05436666615449415,0.054366666154494245,0.0,0.0,1.0,0.0,0.25813355626808354,0.24698642495508624,0.24749911889319168,0.2473808998836386,34.77003634920389
2024-12-12 00:00:00+00:00,-0.0019110708236226293,-0.0019110708236226583,0.0,0.0,1.0,0.0,0.25576158958473405,0.25067413489282586,0.2476020734472824,0.24596220207515773,34.70358834720063
2024-12-13 00:00:00+00:00,0.009858491503766276,0.009858491503766298,0.0,0.0,1.0,0.0,0.25686085987860363,0.24983852258225192,0.2428513688744022,0.2504492486647424,35.04571337807171
2024-12-14 00:00:00+00:00,-0.011011427633215054,-0.011011427633215056,0.0,0.0,1.0,0.0,0.25970989866735766,0.2502600808470539,0.24025725773366516,0.2497727627519234,34.659810041354675
2024-12-15 00:00:00+00:00,0.019326484685794787,0.019326484685794832,0.0,0.0,1.0000000000000002,0.0,0.26243285058330457,0.25114759090301186,0.24033155942797296,0.24608799908571083,35.32966232933147
2024-12-16 00:00:00+00:00,-0.002925036576184148,-0.0028708707610084205,5.432176594526528e-05,0.02716088297263264,1.0,0.0,0.25454706286499956,0.25243912923432055,0.24169762830647795,0.25131617959420194,35.22632177479394
2024-12-17 00:00:00+00:00,0.0010640999995721323,0.0010640999995721186,0.0,0.0,1.0,0.0,0.2544565161487313,0.2462730352130237,0.24922479819418278,0.25004565044406224,35.26380610377942
2024-12-18 00:00:00+00:00,-0.06053782622636916,-0.06053782622636911,0.0,0.0,1.0,0.0,0.2557207158753172,0.2442168651530524,0.24551540469605013,0.25454701427558035,33.12901193778845
2024-12-19 00:00:00+00:00,-0.043939972615933076,-0.04393997261593308,0.0,0.0,1.0,0.0,0.26015390215837586,0.2406651101773823,0.240995553780485,0.2581854338837569,31.673324060449104
2024-12-20 00:00:00+00:00,0.010663601199428774,0.01066360119942886,0.0,0.0,1.0000000000000002,0.0,0.25831643315703545,0.24197193199939204,0.2392647728640219,0.2604468619795508,32.01107575689001
2024-12-21 00:00:00+00:00,-0.032457748566497635,-0.03245774856649769,0.0,0.0,1.0,0.0,0.26558051944919886,0.24048961863022814,0.23073569385927353,0.2631941680612996,30.972068308629765
2024-12-22 00:00:00+00:00,-0.016488909796603002,-0.016488909796602967,0.0,0.0,1.0000000000000002,0.0,0.2641886634800552,0.24034059905876365,0.23340169059875499,0.2620690468624263,30.461372668074542
2024-12-23 00:00:00+00:00,0.04016774399613432,0.04027700516524457,0.0001050308413699258,0.0525154206849629,0.9999999999999999,0.0,0.23955103973173048,0.250623732095137,0.2530867643043835,0.256738463868749,31.684937287176602
2024-12-24 00:00:00+00:00,0.025009775392372813,0.02500977539237285,0.0,0.0,1.0,0.0,0.2430219594000706,0.24955521150427068,0.25596360023715314,0.2514592288585056,32.47737045205031
2024-12-25 00:00:00+00:00,0.004728027006520863,0.004728027006520897,0.0,0.0,1.0,0.0,0.24375631016768937,0.24865319115137555,0.25522442938818163,0.25236606929275346,32.630924336648384
2024-12-26 00:00:00+00:00,-0.03683542474621926,-0.0368354247462193,0.0,0.0,0.9999999999999999,0.0,0.24381872589606796,0.24620618061869837,0.2529203587608731,0.25705473472436047,31.4289503788462
2024-12-27 00:00:00+00:00,-0.008684979672822557,-0.008684979672822548,0.0,0.0,1.0,0.0,0.24212251085085448,0.24824926967351466,0.24939612064006528,0.2602320988355655,31.155990583667773
2024-12-28 00:00:00+00:00,0.03447667320350378,0.03447667320350389,0.0,0.0,1.0,0.0,0.23653757612238918,0.24505092288047142,0.2558462026716675,0.2625652983254718,32.230145489352324
2024-12-29 00:00:00+00:00,-0.02454420085143416,-0.024544200851434134,0.0,0.0,1.0,0.0,0.23851528191408186,0.24770911285824695,0.25482442470297073,0.25895118052470045,31.439082324990714
2024-12-30 00:00:00+00:00,0.0035309341604377043,0.0035862341915342266,5.510242091068473e-05,0.027551210455342368,0.9999999999999999,0.0,0.24659230437089308,0.24950370421951631,0.2509820927553877,0.2529218986542029,31.550091654744836
2024-12-31 00:00:00+00:00,-0.003493350647243876,-0.00349335064724388,0.0,0.0,1.0,0.0,0.249547386319504,0.2485871964329755,0.2491507701236969,0.2527146471238236,31.43987612164213
2025-01-01 00:00:00+00:00,0.012923683807825714,0.012923683807825603,0.0,0.0,0.9999999999999999,0.0,0.2490377711753169,0.24707795961040788,0.2524294653562601,0.251454803858015,31.84619513959544
2025-01-02 00:00:00+00:00,0.030954479689595304,0.0309544796895952,0.0,0.0,0.9999999999999998,0.0,0.2476714590403204,0.24645540780693287,0.2625195992114955,0.243353533941251,32.83197754023494
2025-01-03 00:00:00+00:00,0.029170517172140364,0.02917051717214038,0.0,0.0,0.9999999999999998,0.0,0.24360277693750845,0.2500946366080773,0.26695718847899286,0.23934539797542115,33.789703304867686
2025-01-04 00:00:00+00:00,0.001315442812633405,0.0013154428126334276,0.0,0.0,0.9999999999999997,0.0,0.24339758628867983,0.2530796885082992,0.26497993875848724,0.23854278644453342,33.83415172722109
2025-01-05 00:00:00+00:00,-0.006454889795585839,-0.006454889795585795,0.0,0.0,0.9999999999999999,0.0,0.24533581416728403,0.2532694844105952,0.262688697764825,0.23870600365729552,33.61575600649475
2025-01-06 00:00:00+00:00,0.02604218384810375,0.026107683101458,6.383272870168133e-05,0.031916364350840665,1.0,0.0,0.25322976976108347,0.24708601042635378,0.2491304743077787,0.25055374550478415,34.491183704608886
2025-01-07 00:00:00+00:00,-0.06270976577116327,-0.0627097657711633,0.0,0.0,1.0,0.0,0.2562164071410386,0.24173197008314673,0.24624925339785034,0.2558023693779644,32.3282496533227
2025-01-08 00:00:00+00:00,-0.015301590676366494,-0.01530159067636645,0.0,0.0,1.0,0.0,0.25511493174950817,0.241566396564325,0.24427447779343686,0.25904419389273003,31.83357600984417
2025-01-09 00:00:00+00:00,-0.03399543430685248,-0.03399543430685251,0.0,0.0,1.0,0.0,0.2571249438559655,0.24194388287989876,0.2368392148451581,0.2640919584189777,30.751379767849315
2025-01-10 00:00:00+00:00,0.016112594868564756,0.016112594868564763,0.0,0.0,1.0,0.0,0.258990554325632,0.2416465692930759,0.23652393502185395,0.2628389413594382,31.24686429169805
2025-01-11 00:00:00+00:00,0.0026535075225553317,0.002653507522555278,0.0,0.0,1.0,0.0,0.2579612549448675,0.2421711302905566,0.23640071753965686,0.26346689722491906,31.329778081152334
2025-01-12 00:00:00+00:00,-0.0020506970402471847,-0.002050697040247214,0.0,0.0,1.0,0.0,0.2583412752929012,0.24152078346812594,0.23740286696258797,0.2627350742763849,31.265530197969714
2025-01-13 00:00:00+00:00,-0.019215750135460286,-0.019133057757237643,8.430539827714428e-05,0.04215269913857214,0.9999999999999999,0.0,0.25485241354384924,0.24475186887472505,0.24725055301046237,0.25314516457096325,30.66473958183284
2025-01-14 00:00:00+00:00,0.02246887923554408,0.022468879235544095,0.0,0.0,1.0,0.0,0.2545903890833225,0.24609645018644502,0.24804577629463442,0.25126738443559804,31.353741912286452
2025-01-15 00:00:00+00:00,0.05744372957429644,0.05744372957429655,0.0,0.0,1.0,0.0,0.2505753054819404,0.24902483980529558,0.2574442284942031,0.24295562621856098,33.15481778383812
2025-01-16 00:00:00+00:00,-0.007214019092541157,-0.007214019092541114,0.0,0.0,1.0000000000000002,0.0,0.2511151203800901,0.24040785293232952,0.26597856677677656,0.24249845991080402,32.91563829533579
2025-01-17 00:00:00+00:00,0.037528582470555794,0.037528582470555745,0.0,0.0,1.0,0.0,0.2519327801689034,0.24331149932386817,0.2665198621715903,0.2382358583356382,34.150915541673285
2025-01-18 00:00:00+00:00,0.03703484748023089,0.037034847480230795,0.0,0.0,1.0,0.0,0.2440532064847008,0.22341478169319814,0.30669994340571416,0.22583206841638692,35.415689490069404
2025-01-19 00:00:00+00:00,-0.033356782606648205,-0.033356782606648205,0.0,0.0,1.0,0.0,0.24468827884083091,0.22466026287575414,0.3056928481754659,0.2249586101079491,34.234336034884606
2025-01-20 00:00:00+00:00,-0.002958084824929319,-0.002735922917586092,0.00022277139270186349,0.11138569635093173,1.0,0.0,0.25298271560786684,0.25604934315948874,0.24053526502489334,0.25043267620775106,34.13306796496828
2025-01-21 00:00:00+00:00,0.024658436690057073,0.02465843669005697,0.0,0.0,0.9999999999999998,0.0,0.25627170296955937,0.25320210378326574,0.24264662879200408,0.24787956445517065,34.97473606041987
2025-01-22 00:00:00+00:00,-0.004338316011731624,-0.004338316011731629,0.0,0.0,0.9999999999999998,0.0,0.2514784613542864,0.24781388889418784,0.2505575481052247,0.25015010164630086,34.82300460296287
2025-01-23 00:00:00+00:00,0.0015809154988488672,0.0015809154988488125,0.0,0.0,0.9999999999999998,0.0,0.2515746712948422,0.2547181192385465,0.24603108906349805,0.24767612040311307,34.87805683065618
2025-01-24 00:00:00+00:00,-0.0029201276672086163,-0.0029201276672086015,0.0,0.0,0.9999999999999998,0.0,0.25464287965192756,0.25331216658319067,0.2469855970683528,0.24505935669652876,34.77620845192651
2025-01-25 00:00:00+00:00,0.005468848144010385,0.0054688481440103905,0.0,0.0,0.9999999999999998,0.0,0.2529592413980961,0.25259349531159897,0.24858961343813152,0.24585764985217315,34.966394254974546
2025-01-26 00:00:00+00:00,-0.033938380266954615,-0.03393838026695462,0.0,0.0,0.9999999999999998,0.0,0.2565291731338168,0.25467997530632336,0.24135547333324592,0.24743537822661366,33.779691470184964
2025-01-27 00:00:00+00:00,-0.006402835635017645,-0.006358284125059427,4.4836593760561154e-05,0.022418296880280575,1.0,0.0,0.2502827056530062,0.24769492298720183,0.2457515054612712,0.2562708658985208,33.563405657899764
2025-01-28 00:00:00+00:00,-0.025148275820213617,-0.025148275820213624,0.0,0.0,1.0,0.0,0.254859763742773,0.24572391327743895,0.24367739293856192,0.25573893004122616,32.71934387494918
2025-01-29 00:00:00+00:00,0.01268665810162628,0.012686658101626247,0.0,0.0,1.0,0.0,0.25762171806346323,0.245497961068499,0.24179038453088747,0.2550899363371503,33.134443004000204
2025-01-30 00:00:00+00:00,0.02737799864626811,0.027377998646268158,0.0,0.0,1.0,0.0,0.2531489046388039,0.24919887570170157,0.24580646381406365,0.2518457558454309,34.04159773970857
2025-01-31 00:00:00+00:00,-0.008184167560804423,-0.008184167560804454,0.0,0.0,1.0,0.0,0.24964823323300095,0.25540308512112203,0.24104350890182144,0.2539051727440555,33.7629955997693
2025-02-01 00:00:00+00:00,-0.047252937545847806,-0.04725293754584785,0.0,0.0,1.0,0.0,0.2574408558236973,0.2531723928518379,0.23254198160433612,0.25684476972012854,32.16759487733266
2025-02-02 00:00:00+00:00,-0.05184075888216644,-0.05184075888216644,0.0,0.0,0.9999999999999998,0.0,0.2635976143917661,0.24578563714762183,0.23430762038328867,0.2563091280773232,30.500002347477647
2025-02-03 00:00:00+00:00,0.025514168132472648,0.025595833220989767,7.96269698763576e-05,0.039813484938178795,1.0,0.0,0.25281231827880335,0.24462801414562438,0.25903171874319714,0.2435279488323751,31.278184535412002
2025-02-04 00:00:00+00:00,-0.05062662359229908,-0.050626623592299115,0.0,0.0,0.9999999999999999,0.0,0.25692399599275784,0.24436846180541277,0.2606957863289638,0.23801175587286552,29.694675660287228
2025-02-05 00:00:00+00:00,-0.012495687435759906,-0.012495687435759937,0.0,0.0,1.0,0.0,0.2571127276706478,0.25263059878671357,0.25055467018271543,0.2397020033599231,29.32362027473001
2025-02-06 00:00:00+00:00,-0.01687196279388814,-0.016871962793888088,0.0,0.0,0.9999999999999999,0.0,0.2613679238176402,0.24760078592493578,0.2462909752948869,0.2447403149625371,28.828873244472664
2025-02-07 00:00:00+00:00,-0.00030095192396251136,-0.0003009519239625118,0.0,0.0,0.9999999999999999,0.0,0.26131785239349076,0.24172734785766403,0.2495758081332674,0.24737899161557775,28.82019713960407
2025-02-08 00:00:00+00:00,0.0251559371394261,0.02515593713942617,0.0,0.0,1.0,0.0,0.2547415725149705,0.23672641979251538,0.25273314666772556,0.25579886102478866,29.54519620719382
2025-02-09 00:00:00+00:00,0.0024594621140263673,0.0024594621140263413,0.0,0.0,1.0,0.0,0.25416400954615515,0.23567198455252664,0.253567679948392,0.2565963259529262,29.617861497916888
2025-02-10 00:00:00+00:00,0.006840527344289304,0.0068982347581358905,5.7312061789893456e-05,0.028656030894946727,1.0,0.0,0.25077898949575445,0.2515014438971946,0.24828725621914688,0.24943231038790412,29.82046328937276
2025-02-11 00:00:00+00:00,-0.0034500620454913644,-0.0034500620454913904,0.0,0.0,1.0,0.0,0.24737877818666051,0.24681485231164815,0.24601493814095504,0.2597914313607363,29.717580840799126
2025-02-12 00:00:00+00:00,0.038986964634813326,0.038986964634813326,0.0,0.0,0.9999999999999999,0.0,0.24329613703990607,0.24993766202873735,0.23538394093090326,0.2713822600004533,30.87617911407157
2025-02-13 00:00:00+00:00,-0.02440565700515973,-0.024405657005159738,0.0,0.0,1.0,0.0,0.2461671102303919,0.2503520614502561,0.23815805210351965,0.26532277621583233,30.12262567698366
2025-02-14 00:00:00+00:00,0.011286188521214768,0.011286188521214878,0.0,0.0,1.0000000000000002,0.0,0.2456682232946333,0.25219122482893025,0.24175623200295457,0.26038431987348204,30.462595309128083
2025-02-15 00:00:00+00:00,-0.007864754394897089,-0.007864754394897082,0.0,0.0,1.0000000000000002,0.0,0.24779140242202918,0.2511215660954578,0.23764805278328613,0.26343897869922706,30.223014478790645
2025-02-16 00:00:00+00:00,-0.009892419345707504,-0.00989241934570751,0.0,0.0,1.0000000000000002,0.0,0.24654391018779714,0.25065167188515924,0.23235783146439118,0.2704465864626526,29.92403574567506
2025-02-17 00:00:00+00:00,-0.009521618305227242,-0.00943802177512279,8.43930333912471e-05,0.04219651669562355,1.0,0.0,0.2514941949406012,0.2602187526783525,0.23799731273963673,0.2502897396414096,29.639110499152764
2025-02-18 00:00:00+00:00,-0.02537103138796326,-0.025371031387963233,0.0,0.0,1.0,0.0,0.2577492699953839,0.25998225626560384,0.23289986912531382,0.24936860461369856,28.887135696367448
2025-02-19 00:00:00+00:00,0.00832781328524912,0.008327813285249223,0.0,0.0,1.0000000000000002,0.0,0.2582192312920022,0.2620335582695558,0.23045796773062135,0.24928924270782085,29.127702368792452
2025-02-20 00:00:00+00:00,0.017378834242933294,0.01737883424293328,0.0,0.0,1.0,0.0,0.2581695263774881,0.25969440803986327,0.23598761304482613,0.2461484525378227,29.63390788013719
2025-02-21 00:00:00+00:00,-0.025493054208525767,-0.02549305420852578,0.0,0.0,1.0000000000000002,0.0,0.2592018791768048,0.2591845067724951,0.23244707770127546,0.2491665363494248,28.878449060138394
2025-02-22 00:00:00+00:00,0.023176211307919026,0.02317621130791896,0.0,0.0,1.0000000000000002,0.0,0.25430258470393863,0.2628478759084739,0.23139092659727986,0.25145861279030773,29.547742097801137
2025-02-23 00:00:00+00:00,-0.004775262235479416,-0.004775262235479399,0.0,0.0,1.0,0.0,0.25474732039370696,0.2695064592087811,0.22692071998391505,0.24882550041359705,29.40664388081782
2025-02-24 00:00:00+00:00,-0.09514264389270433,-0.0950548505318741,9.701511840995187e-05,0.04850755920497593,1.0,0.0,0.2627561735926488,0.2462618813788278,0.2332762151096576,0.25770572991886587,26.6088180339856
2025-02-25 00:00:00+00:00,-0.0019433893153769644,-0.0019433893153769956,0.0,0.0,1.0,0.0,0.25500772515540393,0.24499110192555174,0.23788389418359682,0.26211727873544755,26.55710674132354
2025-02-26 00:00:00+00:00,-0.04822342195234519,-0.048223421952345205,0.0,0.0,1.0,0.0,0.2545429675538975,0.2409728637892568,0.23435136979694,0.27013279885990577,25.276432177103224
2025-02-27 00:00:00+00:00,-0.00022217330147977776,-0.00022217330147974697,0.0,0.0,1.0,0.0,0.2559850362633348,0.23806978093681277,0.2384738544192353,0.2674713283806172,25.270816428716806
2025-02-28 00:00:00+00:00,0.0022075702076720383,0.0022075702076719966,0.0,0.0,1.0,0.0,0.254339831633061,0.23032654445046544,0.2560954281481056,0.259238195768368,25.32660353018839
2025-03-01 00:00:00+00:00,0.004039208364174707,0.004039208364174626,0.0,0.0,1.0,0.0,0.2584658258949152,0.22733005139022625,0.2472848013327057,0.26691932138215285,25.428902959003665
2025-03-02 00:00:00+00:00,0.12284677333375438,0.1228467733337544,0.0,0.0,1.0,0.0,0.25213424922074856,0.22991575586378712,0.2739770737642738,0.24397292115119046,28.552761636934424
2025-03-03 00:00:00+00:00,-0.1283945673599245,-0.12830352276687668,0.00010444529194008961,0.052222645970044806,1.0,0.0,0.26231016355507414,0.24475904651859065,0.2281282015935906,0.2648025883327447,24.88674215962918
2025-03-04 00:00:00+00:00,0.013664598939240546,0.013664598939240465,0.0,0.0,1.0,0.0,0.26195794024739577,0.24398540588451403,0.2292323171197194,0.2648243367483708,25.2268095101448
2025-03-05 00:00:00+00:00,0.026635899145857067,0.026635899145857112,0.0,0.0,1.0,0.0,0.2648789759412371,0.24532609720819723,0.22555169617393026,0.2642432306766354,25.898748264028765
2025-03-06 00:00:00+00:00,-0.011637782948825559,-0.01163778294882555,0.0,0.0,1.0,0.0,0.26600393925886257,0.24385415779420663,0.22357379128310076,0.2665681116638301,25.597344253085726
2025-03-07 00:00:00+00:00,-0.0228388496865497,-0.0228388496865497,0.0,0.0,1.0,0.0,0.26274631557871575,0.2426853724358085,0.22255642018460525,0.2720118918008706,25.012730355314634
2025-03-08 00:00:00+00:00,0.0007051819272196891,0.0007051819272197136,0.0,0.0,1.0000000000000002,0.0,0.2608089342988197,0.24953182610151742,0.21860224947176182,0.2710569901279012,25.03036888071162
2025-03-09 00:00:00+00:00,-0.0716483109804279,-0.07164831098042786,0.0,0.0,1.0000000000000002,0.0,0.2630562202155893,0.24645087829791645,0.2174447926407081,0.27304810884578634,23.236985227191568
2025-03-10 00:00:00+00:00,-0.05261989384519017,-0.052483055991039335,0.00014441731624550213,0.07220865812275107,0.9999999999999999,0.0,0.2568583223521389,0.24356431859859987,0.2467470683412209,0.2528302907080403,22.014257531254493
2025-03-11 00:00:00+00:00,0.0460204362672878,0.04602043626728776,0.0,0.0,1.0,0.0,0.2591081808119367,0.24012820438301585,0.24990676301582962,0.25085685178921774,23.02736326694325
2025-03-12 00:00:00+00:00,0.011250297845567747,0.011250297845567829,0.0,0.0,1.0,0.0,0.25853386188857846,0.23557775282071552,0.2496105959628459,0.25627778932786016,23.28642796229445
2025-03-13 00:00:00+00:00,-0.015248250149289877,-0.015248250149289863,0.0,0.0,1.0,0.0,0.25449176089239106,0.23375826368252095,0.2469690936398602,0.26478088178522785,22.931350683641966
2025-03-14 00:00:00+00:00,0.03889038192406202,0.03889038192406207,0.0,0.0,1.0,0.0,0.25362439218411753,0.23068534513362554,0.2573222680447819,0.2583679946374751,23.823159669763402
2025-03-15 00:00:00+00:00,0.022737893128490283,0.022737893128490214,0.0,0.0,1.0,0.0,0.2490347022587732,0.228570156632749,0.25599164122534895,0.26640349988312895,24.364848128317444
2025-03-16 00:00:00+00:00,-0.03703060889680665,-0.037030608896806705,0.0,0.0,1.0,0.0,0.2532024364010442,0.2312124779072861,0.2467971199635864,0.26878796572808333,23.46260296644763
2025-03-17 00:00:00+00:00,0.025421611969165037,0.025511817638197265,8.796160851651003e-05,0.04398080425825501,1.0,0.0,0.24801866729861446,0.24885654210577277,0.24741432498037502,0.2557104656152378,24.05906015484724
2025-03-18 00:00:00+00:00,-0.009892633785663185,-0.009892633785663187,0.0,0.0,1.0000000000000002,0.0,0.24663540549438193,0.25202669968816577,0.24465477229172933,0.2566831225257231,23.821052683508096
2025-03-19 00:00:00+00:00,0.044363596103699,0.044363596103699034,0.0,0.0,1.0000000000000002,0.0,0.2479526390837487,0.25687674701141583,0.25295368397102014,0.24221692993381552,24.877840243524183
2025-03-20 00:00:00+00:00,-0.02636029005531415,-0.026360290055314203,0.0,0.0,1.0000000000000002,0.0,0.24697537459174848,0.2545590487632863,0.24496234060397665,0.2535032360409888,24.22205315875512
2025-03-21 00:00:00+00:00,0.0008451440283649969,0.0008451440283648991,0.0,0.0,1.0,0.0,0.24637248466294026,0.2520298792594855,0.24642427437688813,0.25517336170068616,24.24252428233698
2025-03-22 00:00:00+00:00,-0.0020284183551841917,-0.0020284183551842047,0.0,0.0,1.0,0.0,0.2461445654567447,0.2544615089446991,0.24698280322184543,0.2524111223767108,24.19335030110669
2025-03-23 00:00:00+00:00,0.01690223252728562,0.01690223252728566,0.0,0.0,1.0000000000000002,0.0,0.24852586621778489,0.25342960390528146,0.25109955658050226,0.24694497329643153,24.60227193351007
2025-03-24 00:00:00+00:00,0.03414367139994945,0.0341624069499874,1.8116641943134616e-05,0.009058320971567307,1.0000000000000002,0.0,0.24571706045928482,0.2508050723859163,0.2565899345206606,0.2468879326341384,25.442283822100038
2025-03-25 00:00:00+00:00,-0.00013589258650847924,-0.00013589258650846146,0.0,0.0,1.0000000000000002,0.0,0.24545476295758945,0.24902644528793064,0.2614111581519309,0.24410763360254917,25.43882640434477
2025-03-26 00:00:00+00:00,-0.02421360573837783,-0.024213605738377778,0.0,0.0,1.0,0.0,0.2501533114390164,0.24820989703267454,0.256166674385764,0.24547011714254519,24.822860691342928
2025-03-27 00:00:00+00:00,0.009929394735881614,0.00992939473588151,0.0,0.0,1.0,0.0,0.2486139654456095,0.24505408380867041,0.255661035865374,0.25067091488034615,25.06933667362107
2025-03-28 00:00:00+00:00,-0.044472171671849026,-0.044472171671849074,0.0,0.0,1.0,0.0,0.2518107005589556,0.24279338241764867,0.2502818648602262,0.2551140521631695,23.954448829372414
2025-03-29 00:00:00+00:00,-0.030531892879049893,-0.03053189287904992,0.0,0.0,0.9999999999999999,0.0,0.2542774856339329,0.241355086187493,0.24835586122483144,0.2560115669537426,23.223074163737333
2025-03-30 00:00:00+00:00,-0.003323386277697793,-0.0033233862776977374,0.0,0.0,1.0,0.0,0.25432731696607314,0.23946419270795147,0.24968404405100972,0.2565244462749656,23.14589491773561
2025-03-31 00:00:00+00:00,0.002956210652113489,0.0029997479152943096,4.340705296415515e-05,0.021703526482077573,1.0,0.0,0.24973634971815833,0.25127777217331093,0.2486532857132792,0.2503325923952516,23.21431905884412
2025-04-01 00:00:00+00:00,0.02617772293784082,0.026177722937840767,0.0,0.0,1.0,0.0,0.2510552673261359,0.2559593832582191,0.24649362208048098,0.246491727335164,23.822017071357177
2025-04-02 00:00:00+00:00,-0.04880461711430539,-0.048804617114305386,0.0,0.0,1.0,0.0,0.25574785909529174,0.2535865176363795,0.2401983248897573,0.25046729837857146,22.659392649299143
2025-04-03 00:00:00+00:00,0.0056110630420207475,0.005611063042020715,0.0,0.0,1.0,0.0,0.2564684651125472,0.2552646970759521,0.23834952223574096,0.24991731557575975,22.78653592994826
2025-04-04 00:00:00+00:00,0.015610391778446475,0.015610391778446447,0.0,0.0,1.0,0.0,0.25458025016383157,0.2512927545349354,0.2459626064958557,0.24816438880537736,23.1422426830884
2025-04-05 00:00:00+00:00,-0.00941876856999413,-0.009418768569994164,0.0,0.0,0.9999999999999999,0.0,0.2559228797228282,0.25216579874603945,0.2433069650214404,0.24860435650969193,22.92427125506575
2025-04-06 00:00:00+00:00,-0.09202784649737461,-0.09202784649737458,0.0,0.0,1.0,0.0,0.26462738061207364,0.24308590818027023,0.23583271752255874,0.25645399368509736,20.814599938940383
2025-04-07 00:00:00+00:00,-1.0538502581924902e-05,7.379321725661803e-05,8.432549718868404e-05,0.04216274859434202,1.0,0.0,0.25231862399872096,0.2455963556744865,0.25253094000030213,0.2495540803264905,20.814380584225184
2025-04-08 00:00:00+00:00,-0.025772854398554257,-0.02577285439855421,0.0,0.0,1.0000000000000002,0.0,0.249699488510598,0.23916777498246375,0.25538323628860743,0.255749500218331,20.277934584031854
2025-04-09 00:00:00+00:00,0.09870269703387136,0.09870269703387133,0.0,0.0,1.0,0.0,0.24600582664916137,0.24665384180361913,0.26254332701677985,0.24479700453043973,22.27942141775221
2025-04-10 00:00:00+00:00,-0.04630117096719388,-0.04630117096719388,0.0,0.0,1.0,0.0,0.2485575587749335,0.23581462704772102,0.2608371431740763,0.25479067100326924,21.247858117638703
2025-04-11 00:00:00+00:00,0.042218897396283595,0.042218897396283483,0.0,0.0,1.0,0.0,0.24992244526573335,0.23289281410827523,0.269374108948382,0.24781063167760936,22.144919259398083
2025-04-12 00:00:00+00:00,0.045884571926406714,0.0458845719264066,0.0,0.0,0.9999999999999999,0.0,0.24426589592112374,0.233666746967688,0.2805307518716264,0.2415366052395617,23.161029399960405
2025-04-13 00:00:00+00:00,-0.024392993669792973,-0.02439299366979296,0.0,0.0,0.9999999999999999,0.0,0.24591959694787055,0.23274563448169303,0.27915158362658854,0.2421831849438477,22.59606255642128
2025-04-14 00:00:00+00:00,0.008544193365638497,0.008661809722026903,0.00011660633450635456,0.058303167253177274,1.0000000000000002,0.0,0.2503138609617431,0.2518895058838554,0.24984168301877657,0.24795495013562505,22.789127684205408
2025-04-15 00:00:00+00:00,-0.01675051641052494,-0.01675051641052496,0.0,0.0,1.0,0.0,0.25172640683780867,0.25065720357956695,0.24759873366380702,0.2500176559188174,22.407398026949576
2025-04-16 00:00:00+00:00,0.011013801123329614,0.011013801123329609,0.0,0.0,1.0,0.0,0.25013431708389433,0.24611329551800942,0.25505872992512646,0.24869365747296987,22.654188652509685
2025-04-17 00:00:00+00:00,0.013845057763173685,0.013845057763173676,0.0,0.0,1.0,0.0,0.24941244060150777,0.2437497659758405,0.25829940390646,0.24853838951619178,22.967837202981514
2025-04-18 00:00:00+00:00,-0.001632678987842806,-0.0016326789878427523,0.0,0.0,1.0,0.0,0.2484286411145795,0.2449146072633613,0.25720601534969584,0.24945073627236347,22.930338097784013
2025-04-19 00:00:00+00:00,0.016737812949913833,0.016737812949913822,0.0,0.0,1.0,0.0,0.2460810649300852,0.2446220043657917,0.26393613422341394,0.24536079648070927,23.314141807743006
2025-04-20 00:00:00+00:00,-0.006978755524750246,-0.006978755524750226,0.0,0.0,1.0,0.0,0.248108276136613,0.24238628757566935,0.261990209350665,0.24751522693705275,23.151438111797408
2025-04-21 00:00:00+00:00,0.005163543319091524,0.005211754116585865,4.7960837402659884e-05,0.023980418701329942,1.0,0.0,0.2555272617018373,0.24748329805177094,0.2463766159030132,0.25061282434337845,23.27098156538694
2025-04-22 00:00:00+00:00,0.07590016498019114,0.07590016498019111,0.0,0.0,1.0,0.0,0.2535849307618353,0.2557533795850256,0.2494690978675209,0.24119259178561817,25.037252905450796
2025-04-23 00:00:00+00:00,0.0052342027061351715,0.005234202706135198,0.0,0.0,0.9999999999999999,0.0,0.25293425934084435,0.26004684877110945,0.2520399644218953,0.23497892746615082,25.1683029623627
2025-04-24 00:00:00+00:00,-0.002099272684504272,-0.0020992726845043153,0.0,0.0,0.9999999999999999,0.0,0.25424928020978144,0.2569007512721602,0.25499391574323993,0.23385605277481825,25.115467831438483
2025-04-25 00:00:00+00:00,0.0004153503421979732,0.00041535034219800527,0.0,0.0,0.9999999999999999,0.0,0.25592366515835485,0.2589649511492822,0.251997478761589,0.23311390493077386,25.125899549596735
2025-04-26 00:00:00+00:00,0.005409282933894088,0.005409282933893978,0.0,0.0,0.9999999999999998,0.0,0.2545180241011005,0.2628065294106453,0.24798271136744093,0.234692735120813,25.261812649229107
2025-04-27 00:00:00+00:00,-0.010167145951553769,-0.010167145951553824,0.0,0.0,0.9999999999999997,0.0,0.25474461044775704,0.2611928277259038,0.2484312231894504,0.23563133863688845,25.004972113023587
2025-04-28 00:00:00+00:00,0.005398734748414125,0.005462832755345898,6.374975269464395e-05,0.03187487634732197,1.0,0.0,0.2519884944831299,0.24983405503064926,0.24842326612856583,0.24975418435765506,25.139967324853295
2025-04-29 00:00:00+00:00,-0.007001841470618664,-0.007001841470618676,0.0,0.0,1.0,0.0,0.251750499224276,0.2513063338221277,0.24756896240083615,0.2493742045527602,24.96394125906814
2025-04-30 00:00:00+00:00,0.0008213612934975245,0.0008213612934975948,0.0,0.0,1.0,0.0,0.25131753103108717,0.2505148727038476,0.249462392515363,0.24870520374970229,24.984445674151484
2025-05-01 00:00:00+00:00,0.017895403623272133,0.017895403623272063,0.0,0.0,1.0,0.0,0.2529762168431438,0.2522139235320011,0.25057484207503994,0.24423501754981514,25.43155241379414
2025-05-02 00:00:00+00:00,-0.0026359513061954276,-0.0026359513061954463,0.0,0.0,1.0,0.0,0.25468901817822526,0.25344457041933144,0.24655710257816982,0.24530930882427346,25.364516079990423
2025-05-03 00:00:00+00:00,-0.00666184388636315,-0.006661843886363149,0.0,0.0,1.0,0.0,0.25366947790495586,0.2539421238028882,0.2459807042295276,0.24640769406262827,25.19554163361238
2025-05-04 00:00:00+00:00,-0.0177221090720715,-0.017722109072071508,0.0,0.0,0.9999999999999999,0.0,0.25399268270943026,0.2550466842889968,0.24569055011112542,0.24527008289044752,24.74902349665158
2025-05-05 00:00:00+00:00,0.012511443901493502,0.012548055075386921,3.6157467993708226e-05,0.018078733996854113,1.0,0.0,0.24809625499522253,0.24844835968593482,0.2516704263518146,0.25178495896702807,25.058669515746683
2025-05-06 00:00:00+00:00,0.007446468597835043,0.0074464685978350735,0.0,0.0,1.0,0.0,0.251722353366957,0.24617976804995342,0.2500996698795929,0.2519982087034967,25.245268111399216
2025-05-07 00:00:00+00:00,0.0004992350569199555,0.0004992350569200043,0.0,0.0,1.0000000000000002,0.0,0.25210724705520066,0.24525930793505277,0.25070664025794814,0.25192680475179857,25.25787143426177
2025-05-08 00:00:00+00:00,0.11008674845262956,0.11008674845262945,0.0,0.0,1.0,0.0,0.24169019630554772,0.26927920865397653,0.2521201136994226,0.23691048134105314,28.038428373294202
2025-05-09 00:00:00+00:00,0.04283074019199473,0.04283074019199472,0.0,0.0,1.0,0.0,0.2311135579933984,0.2743217116451294,0.2539812854841328,0.2405834448773394,29.23933501434262
2025-05-10 00:00:00+00:00,0.03865011917656758,0.038650119176567646,0.0,0.0,1.0000000000000002,0.0,0.22648415087253215,0.29093906989174617,0.2517767617724439,0.23080001746327786,30.369438797290545
2025-05-11 00:00:00+00:00,-0.02029545987541459,-0.020295459875414625,0.0,0.0,1.0,0.0,0.22965068172692576,0.2890753019933976,0.2502170361274395,0.23105698015223713,29.753077070741277
2025-05-12 00:00:00+00:00,-0.00034075037288949783,-0.00018360987825183361,0.00015716935248334842,0.0785846762416742,1.0,0.0,0.24685980562378337,0.24814663670707607,0.2515184676493572,0.2534750900197834,29.742938698634813
2025-05-13 00:00:00+00:00,0.0367810412249292,0.03678104122492927,0.0,0.0,1.0000000000000002,0.0,0.24114215696666066,0.2570129755454032,0.2558657584708072,0.24597910901712905,30.836914953059843
2025-05-14 00:00:00+00:00,-0.02231954505914957,-0.022319545059149605,0.0,0.0,1.0,0.0,0.24523540113544948,0.2560172485206255,0.25156623949365053,0.24718111085027455,30.14864904027986
2025-05-15 00:00:00+00:00,-0.016245483923303716,-0.016245483923303747,0.0,0.0,1.0,0.0,0.2499014129132715,0.2541571310114622,0.24490566230897745,0.25103579376628893,29.658869646986666
2025-05-16 00:00:00+00:00,-0.006395588673277608,-0.006395588673277615,0.0,0.0,1.0,0.0,0.2507832661004463,0.254631887947976,0.24391757433399955,0.25066727161757824,29.469183716210182
2025-05-17 00:00:00+00:00,-0.011985064114455768,-0.011985064114455792,0.0,0.0,1.0,0.0,0.25299801261875077,0.25141868763113323,0.24472324048367028,0.2508600592664457,29.115993659970727
2025-05-18 00:00:00+00:00,0.026045705535932218,0.02604570553593232,0.0,0.0,1.0,0.0,0.2545321105393287,0.24728287220669742,0.24908982335370758,0.24909519390026638,29.874340257224393
2025-05-19 00:00:00+00:00,-0.009059687760071156,-0.009041723230270471,1.8128442157314685e-05,0.009064221078657342,1.0,0.0,0.25019430442150314,0.25534747960225807,0.24292059854546558,0.25153761743077313,29.603688062455817
2025-05-20 00:00:00+00:00,0.00527663957382174,0.005276639573821732,0.0,0.0,1.0,0.0,0.2518897463175092,0.2536103110559445,0.24413626530283258,0.2503636773237136,29.759896054417244
2025-05-21 00:00:00+00:00,0.025426799448062587,0.0254267994480626,0.0,0.0,1.0,0.0,0.2520670799498654,0.24994857203012638,0.24507297091632665,0.25291137710368156,30.5165949629881
2025-05-22 00:00:00+00:00,0.02952280205851432,0.0295228020585143,0.0,0.0,1.0,0.0,0.24942145317961803,0.2536143016426401,0.24646746116584875,0.2504967840118931,31.417530355580254
2025-05-23 00:00:00+00:00,-0.04152559393060484,-0.041525593930604864,0.0,0.0,1.0,0.0,0.25002796903065255,0.25086570506489947,0.24901676126818242,0.2500895646362655,30.11289874773198
2025-05-24 00:00:00+00:00,0.008290000321099722,0.008290000321099755,0.0,0.0,1.0,0.0,0.24899727172829628,0.24918915996030633,0.2496235961938087,0.2521899721175887,30.36253468801992
2025-05-25 00:00:00+00:00,0.005296905894469406,0.00529690589446943,0.0,0.0,1.0,0.0,0.2505406700247271,0.24991470787834513,0.24813890405648037,0.2514057180404474,30.523362176979926
2025-05-26 00:00:00+00:00,0.002833201351791992,0.002841009022877039,7.785552260697992e-06,0.003892776130348996,1.0,0.0,0.2502764929809228,0.2505112396247307,0.24811445026952902,0.2510978171248175,30.609841007960984
2025-05-27 00:00:00+00:00,0.015598560274660889,0.015598560274660823,0.0,0.0,1.0,0.0,0.2453142014062316,0.2560069762866484,0.24681765177493617,0.25186117053218376,31.08731045792145
2025-05-28 00:00:00+00:00,-0.006891420093289691,-0.006891420093289692,0.0,0.0,1.0,0.0,0.24439439006528768,0.2597986072887274,0.24220179875109732,0.25360520389488755,30.873074741985395
2025-05-29 00:00:00+00:00,-0.021967297206950565,-0.021967297206950603,0.0,0.0,0.9999999999999999,0.0,0.2448016079084583,0.2606591924114409,0.2397187774260862,0.25482042225401447,30.1948767334358
2025-05-30 00:00:00+00:00,-0.03616351866012535,-0.03616351866012533,0.0,0.0,1.0,0.0,0.25012770775961674,0.2601576869277683,0.2330333464042862,0.2566812589083287,29.102923745246013
2025-05-31 00:00:00+00:00,0.0025314210665863257,0.0025314210665863483,0.0,0.0,0.9999999999999999,0.0,0.2509511096192534,0.25916350756660306,0.23281696134918087,0.25706842146496267,29.176595499513983
2025-06-01 00:00:00+00:00,0.006572493936497725,0.006572493936497811,0.0,0.0,1.0000000000000002,0.0,0.25181786082722785,0.2586058368893532,0.2331152052935855,0.2564610969898336,29.368358496522184
2025-06-02 00:00:00+00:00,0.007762171066624468,0.00783023909336844,6.753917882565824e-05,0.03376958941282912,1.0,0.0,0.24856265004471867,0.25472214710544794,0.2467204536990025,0.2499947491508309,29.596320719118143
2025-06-03 00:00:00+00:00,-0.006709688502259392,-0.006709688502259413,0.0,0.0,1.0,0.0,0.24910440353870647,0.25505899748954514,0.24578962459853107,0.2500469743732173,29.397738626279896
2025-06-04 00:00:00+00:00,-0.0026192659136774488,-0.0026192659136774574,0.0,0.0,1.0,0.0,0.24814679393308312,0.2571418926991689,0.24338622552233086,0.2513250878454172,29.320738131556883
2025-06-05 00:00:00+00:00,-0.05226282642021518,-0.05226282642021518,0.0,0.0,1.0,0.0,0.25385768733153863,0.25117215309319246,0.241744752856442,0.25322540671882693,27.78835348407474
2025-06-06 00:00:00+00:00,0.023092737501152927,0.023092737501153027,0.0,0.0,1.0000000000000002,0.0,0.25492253222624167,0.251816279408137,0.24208569020347911,0.25117549816214235,28.430062636671728
2025-06-07 00:00:00+00:00,0.014879775535241446,0.014879775535241523,0.0,0.0,1.0000000000000002,0.0,0.25422870208730985,0.2529883272987602,0.24216713591591946,0.25061583469801074,28.853095587158258
2025-06-08 00:00:00+00:00,0.0032499308712041763,0.003249930871204239,0.0,0.0,1.0000000000000002,0.0,0.25384175468099285,0.2506905266939443,0.24521081067883224,0.2502569079462309,28.94686615323677
2025-06-09 00:00:00+00:00,0.04714110185472009,0.04716116206693999,1.9156757284671644e-05,0.009578378642335822,1.0,0.0,0.24896692893362568,0.2549390163684592,0.25238079979550526,0.24371325490240994,30.311453318941453
2025-06-10 00:00:00+00:00,0.022094049545427374,0.022094049545427482,0.0,0.0,1.0,0.0,0.2436102644229412,0.26211113048793827,0.25299263222415314,0.24128597286496756,30.981156070364055
2025-06-11 00:00:00+00:00,-0.01629447120440164,-0.016294471204401615,0.0,0.0,1.0000000000000002,0.0,0.24398665371899,0.2622134871863102,0.25073502497040634,0.24306483412429367,30.476334514896433
2025-06-12 00:00:00+00:00,-0.03697507272683709,-0.036975072726837095,0.0,0.0,1.0000000000000002,0.0,0.24642067150292737,0.2596140761797295,0.24635562546421866,0.24760962685312468,29.34946982976072
2025-06-13 00:00:00+00:00,-0.011107948041071403,-0.011107948041071356,0.0,0.0,1.0000000000000002,0.0,0.25011975720002405,0.25622493689356785,0.24303872364647397,0.2506165822599344,29.023457443858746
2025-06-14 00:00:00+00:00,-0.016532660714382974,-0.016532660714382946,0.0,0.0,1.0000000000000002,0.0,0.252761159420487,0.2556411688178501,0.2405554289305785,0.2510422428310847,28.543622469181095
2025-06-15 00:00:00+00:00,0.016971733013770418,0.016971733013770432,0.0,0.0,1.0000000000000004,0.0,0.2489659142638199,0.2530485684457608,0.2501463150408212,0.24783920224959846,29.028057208973895
2025-06-16 00:00:00+00:00,-0.00018639176887602638,-0.0001736144536415296,1.2779533946327249e-05,0.006389766973163624,1.0,0.0,0.2528861821283422,0.24970480108730453,0.2463819269312393,0.25102708985311395,29.02264661804368
2025-06-17 00:00:00+00:00,-0.014842043650143855,-0.014842043650143898,0.0,0.0,0.9999999999999999,0.0,0.2513038367465601,0.2500575468804723,0.24486729584168188,0.2537713205312856,28.591891230095975
2025-06-18 00:00:00+00:00,-0.0010347531282379752,-0.0010347531282379981,0.0,0.0,0.9999999999999999,0.0,0.25237169028399337,0.251817494725066,0.24307798421134538,0.2527328307795951,28.562305681203394
2025-06-19 00:00:00+00:00,0.00016397524659095275,0.00016397524659103114,0.0,0.0,0.9999999999999999,0.0,0.2517813245596957,0.25139031899310826,0.2441839899242663,0.25264436652292965,28.566989192320676
2025-06-20 00:00:00+00:00,-0.02740421583333963,-0.02740421583333966,0.0,0.0,0.9999999999999999,0.0,0.2555101051398725,0.24672035846159832,0.23923154335622687,0.2585379930423022,27.78413325478564
2025-06-21 00:00:00+00:00,-0.02735034909115741,-0.027350349091157463,0.0,0.0,0.9999999999999998,0.0,0.25969925732922117,0.24198219314145586,0.23774300742479443,0.2605755421045283,27.024227511072016
2025-06-22 00:00:00+00:00,-0.022096326429536295,-0.022096326429536316,0.0,0.0,0.9999999999999997,0.0,0.2625607037999957,0.24011822152731718,0.23643705752199712,0.26088401715068976,26.427091358481313
2025-06-23 00:00:00+00:00,0.06568472397882075,0.06578467207574218,9.37788838027423e-05,0.04688944190137115,1.0,0.0,0.24472192428533782,0.25393929761317463,0.2573651212750133,0.24397365682647418,28.162947559926238
2025-06-24 00:00:00+00:00,0.009298308867259353,0.009298308867259259,0.0,0.0,0.9999999999999998,0.0,0.2441916430869195,0.2554390566585078,0.25749975834999317,0.24286954190457938,28.42481534495086
2025-06-25 00:00:00+00:00,-0.003440276925467778,-0.0034402769254678134,0.0,0.0,0.9999999999999999,0.0,0.2479394602548933,0.2531844618955915,0.25420998965815994,0.24466608819135507,28.327026108608944
2025-06-26 00:00:00+00:00,-0.010602092938665875,-0.010602092938665887,0.0,0.0,0.9999999999999998,0.0,0.24967757423627054,0.25562875786450034,0.24884499970573373,0.24584866819349518,28.026700345129456
2025-06-27 00:00:00+00:00,0.007747009179029707,0.00774700917902977,0.0,0.0,0.9999999999999998,0.0,0.24799105825364373,0.2544206371065367,0.2523306007056396,0.2452577039341798,28.243823449961088
2025-06-28 00:00:00+00:00,0.01832554773144457,0.018325547731444593,0.0,0.0,0.9999999999999998,0.0,0.2440952104977334,0.25112580640604576,0.262856951604654,0.24192203149156669,28.761406984711844
2025-06-29 00:00:00+00:00,0.01592174057362339,0.015921740573623364,0.0,0.0,0.9999999999999998,0.0,0.2426436701583109,0.25373314438668565,0.26318329759481385,0.2404398878601894,29.219338645254826
2025-06-30 00:00:00+00:00,-0.0011128708477537996,-0.0010452758092181491,6.766576792599838e-05,0.03383288396299919,1.0,0.0,0.24746600158818036,0.24879811528138798,0.25271001652483427,0.25102586660559734,29.186821295085878
2025-07-01 00:00:00+00:00,-0.028450592350334092,-0.028450592350334092,0.0,0.0,1.0,0.0,0.2512291729536901,0.24779386847963192,0.24675365628827553,0.2542233022784024,28.356438940417338
2025-07-02 00:00:00+00:00,0.03891783557225015,0.03891783557225016,0.0,0.0,0.9999999999999999,0.0,0.24906816194001846,0.2549146935450574,0.24625903187455372,0.24975811264037043,29.46001016851505
2025-07-03 00:00:00+00:00,0.005332124219047163,0.005332124219047233,0.0,0.0,1.0,0.0,0.2494204500656734,0.2556194512447311,0.24506551235877727,0.2498945863308183,29.617094602227965
2025-07-04 00:00:00+00:00,-0.0231065042573797,-0.023106504257379725,0.0,0.0,1.0,0.0,0.25159097392881075,0.25326206737638535,0.2431888236364065,0.2519581350583975,28.932747079710367
2025-07-05 00:00:00+00:00,0.00210469602727259,0.0021046960272725823,0.0,0.0,1.0,0.0,0.25155980967920105,0.253574582987699,0.24244801791523415,0.25241758941786585,28.993641717547117
2025-07-06 00:00:00+00:00,0.017532140091589543,0.01753214009158963,0.0,0.0,1.0,0.0,0.24952344433124726,0.254546259947599,0.2452306130396949,0.25069968268145904,29.50196230590451
2025-07-07 00:00:00+00:00,-0.010572773823657067,-0.01055201147412807,2.0983770516231736e-05,0.010491885258115868,1.0,0.0,0.2504891422610196,0.24990881298887024,0.24772462125611208,0.2518774234939981,29.190044731090126
2025-07-08 00:00:00+00:00,0.013176360759729278,0.013176360759729389,0.0,0.0,1.0,0.0,0.2487388345094143,0.25373649513683433,0.24908462139465531,0.2484400489590961,29.574663291059604
2025-07-09 00:00:00+00:00,0.03203533192174901,0.03203533192174892,0.0,0.0,0.9999999999999999,0.0,0.2461314043925127,0.2602899111749398,0.24991344559556686,0.24366523883698057,30.522097446062663
2025-07-10 00:00:00+00:00,0.045532365607028336,0.045532365607028294,0.0,0.0,0.9999999999999999,0.0,0.2455203291795131,0.26536861943839185,0.2500940749991284,0.2390169763829666,31.911840746070133
2025-07-11 00:00:00+00:00,0.0031450760088564955,0.0031450760088563897,0.0,0.0,0.9999999999999998,0.0,0.24795241186263894,0.2651569005549486,0.24717082284619957,0.2397198647362127,32.01220591079905
2025-07-12 00:00:00+00:00,-0.006363918006706104,-0.006363918006706153,0.0,0.0,0.9999999999999997,0.0,0.2493118779642046,0.26550923672969534,0.2453642723127392,0.23981461299336063,31.80848285716893
2025-07-13 00:00:00+00:00,0.00896876108282152,0.00896876108282145,0.0,0.0,0.9999999999999998,0.0,0.2506029922673436,0.2657186566079226,0.2438641936594978,0.23981415746523566,32.093765540321904
2025-07-14 00:00:00+00:00,0.005619907532406154,0.0056855653191102695,6.528659550106553e-05,0.03264329775053276,0.9999999999999998,0.0,0.2501616622078974,0.2520644803106679,0.2502217783893728,0.2475520790920618,32.27412953502524
2025-07-15 00:00:00+00:00,0.009065280810580667,0.00906528081058071,0.0,0.0,1.0,0.0,0.24360498211662832,0.26010244741303884,0.2506796621121945,0.24561290835813834,32.5667035821773
2025-07-16 00:00:00+00:00,0.04254234683210267,0.04254234683210274,0.0,0.0,1.0000000000000002,0.0,0.23539535388269395,0.26804979321690137,0.2545858524784932,0.24196900042191163,33.952167581148565
2025-07-17 00:00:00+00:00,0.016897941324862442,0.016897941324862546,0.0,0.0,1.0000000000000002,0.0,0.23255135104766336,0.2718466394640215,0.2536142213668411,0.2419877881214743,34.52588931678671
2025-07-18 00:00:00+00:00,0.008166725556200793,0.00816672555620081,0.0,0.0,1.0000000000000004,0.0,0.22824291935580476,0.2750763800734589,0.253562210661554,0.24311848990918264,34.80785277942067
2025-07-19 00:00:00+00:00,0.003981024953539247,0.003981024953539346,0.0,0.0,1.0000000000000004,0.0,0.2271743445938753,0.2774678893274559,0.25211514338605207,0.24324262269261718,34.94642370991466
2025-07-20 00:00:00+00:00,0.025817455209377727,0.025817455209377827,0.0,0.0,1.0000000000000004,0.0,0.22037648087120845,0.2828861445006904,0.251977773491533,0.24475960113656875,35.84865143877332
2025-07-21 00:00:00+00:00,0.023258673317380074,0.023401392446257663,0.00013945567196889237,0.06972783598444618,0.9999999999999999,0.0,0.24452351324797092,0.24464952537598222,0.26350943815047384,0.24731752322557296,36.68244351145637
2025-07-22 00:00:00+00:00,0.02435855146497934,0.02435855146497941,0.0,0.0,1.0,0.0,0.24394363105091657,0.23780926345780784,0.27036051328132615,0.2478865922099495,37.57597469959138
2025-07-23 00:00:00+00:00,-0.03448178287661552,-0.03448178287661557,0.0,0.0,1.0,0.0,0.25013143878360383,0.23854931208023628,0.2578270460690549,0.25349220306710507,36.28028809862287
2025-07-24 00:00:00+00:00,-0.006536170404974895,-0.0065361704049748705,0.0,0.0,1.0,0.0,0.2508972041493197,0.24532445635793332,0.250589374181361,0.253188965311386,36.043153953268686
2025-07-25 00:00:00+00:00,0.009783720980664157,0.009783720980664115,0.0,0.0,1.0,0.0,0.24694057806290967,0.24412852729776838,0.2534128795981855,0.25551801504113647,36.39579011481059
2025-07-26 00:00:00+00:00,0.0017326393550236574,0.0017326393550237012,0.0,0.0,1.0,0.0,0.2471541484781638,0.2447622321959438,0.2504549798714968,0.25762863945439557,36.45885089312069
2025-07-27 00:00:00+00:00,0.03325023646513925,0.03325023646513935,0.0,0.0,1.0,0.0,0.24223443301337588,0.2451805981966541,0.24731162056748238,0.2652733482224877,37.67111630656421
2025-07-28 00:00:00+00:00,-0.02085862839117747,-0.02079880566789377,6.10933928899507e-05,0.030546696444975346,1.0,0.0,0.25241692263358195,0.25048958967780993,0.24781217002484027,0.2492813176637679,36.88534849044476
2025-07-29 00:00:00+00:00,-0.00852354767227348,-0.008523547672273452,0.0,0.0,1.0,0.0,0.25434631925105106,0.25229652633519967,0.2477175188887572,0.24563963552499216,36.57095446417804
2025-07-30 00:00:00+00:00,-0.007750079804620058,-0.00775007980462004,0.0,0.0,1.0,0.0,0.256092865963636,0.25535354222011,0.24456217159060892,0.24399142022564518,36.28752664854953
2025-07-31 00:00:00+00:00,-0.022819340479350303,-0.022819340479350275,0.0,0.0,1.0000000000000002,0.0,0.257455753799358,0.25366161571287815,0.24245968229650772,0.2464229481912563,35.45946922280278
2025-08-01 00:00:00+00:00,-0.04148590739987046,-0.04148590739987043,0.0,0.0,1.0,0.0,0.2628767938968657,0.2496009123905248,0.23898557577558158,0.2485367179370281,33.988400966177025
2025-08-02 00:00:00+00:00,-0.021466669062998656,-0.021466669062998663,0.0,0.0,1.0000000000000002,0.0,0.2668616114466112,0.24818303022798122,0.2378941083650826,0.24706124996032522,33.2587832106556
2025-08-03 00:00:00+00:00,0.021656891813434553,0.021656891813434602,0.0,0.0,1.0000000000000002,0.0,0.2650630718198325,0.25028074385833604,0.23797873232188418,0.2466774519999475,33.97906508049524
2025-08-04 00:00:00+00:00,0.03529836373500417,0.0353619093441927,6.137526271267375e-05,0.03068763135633687,1.0,0.0,0.2432505488644314,0.25694593102271857,0.2527459614036563,0.24705755870919363,35.17847047908194
2025-08-05 00:00:00+00:00,-0.021956886225142802,-0.0219568862251428,0.0,0.0,0.9999999999999999,0.0,0.24671132468890816,0.2550199675292448,0.25009818847944215,0.24817051930240475,34.40606080519819
2025-08-06 00:00:00+00:00,0.01774943344487201,0.01774943344487207,0.0,0.0,1.0,0.0,0.2442406781724504,0.2555186739235071,0.2517417663927477,0.2484988815112948,35.01674889156027
2025-08-07 00:00:00+00:00,0.03807515300082254,0.0380751530008225,0.0,0.0,1.0,0.0,0.24035601260932735,0.2613157911796533,0.25299624051236086,0.24533195569865843,36.35001696319781
2025-08-08 00:00:00+00:00,0.00854969384047144,0.008549693840471453,0.0,0.0,1.0,0.0,0.2367010005842699,0.265674318896009,0.25288272320615945,0.2447419573135616,36.660798479329095
2025-08-09 00:00:00+00:00,0.022386749304343923,0.022386749304343947,0.0,0.0,1.0,0.0,0.2310964191382008,0.2761320923617244,0.25178058376787976,0.24099090473219498,37.48151458418291
2025-08-10 00:00:00+00:00,0.011290877347900574,0.011290877347900512,0.0,0.0,0.9999999999999998,0.0,0.23407311474960177,0.2724050581989768,0.2527187069748851,0.24080312007653618,37.90471376816647
2025-08-11 00:00:00+00:00,-0.01437238143020092,-0.014273320767742348,0.00010049506069544789,0.050247530347723945,1.0,0.0,0.25232681564183473,0.2519875063502957,0.24273490190716293,0.25295077610070665,37.35993276388779
2025-08-12 00:00:00+00:00,0.05711962347202171,0.05711962347202171,0.0,0.0,1.0,0.0,0.2416050690412817,0.25910336437763976,0.2518678890239628,0.24742367755711575,39.49391805630111
2025-08-13 00:00:00+00:00,0.0327536677221163,0.03275366772211625,0.0,0.0,1.0,0.0,0.24012025294776573,0.25956428817727284,0.25626659058397755,0.24404886829098385,40.78748872536169
2025-08-14 00:00:00+00:00,-0.03452078170616779,-0.034520781706167764,0.0,0.0,1.0,0.0,0.23859801249797047,0.25738377373047383,0.2535087415123402,0.2505094722592155,39.3794727307307
2025-08-15 00:00:00+00:00,-0.020653029518973298,-0.020653029518973257,0.0,0.0,1.0,0.0,0.2416668897071558,0.2566055430609852,0.24977626298087044,0.2519513042509886,38.56616731798131
2025-08-16 00:00:00+00:00,0.007635773566404325,0.007635773566404262,0.0,0.0,1.0,0.0,0.23991449515228255,0.2536588788615107,0.2530891540790217,0.25333747190718503,38.86064983894548
2025-08-17 00:00:00+00:00,0.009828049445341991,0.009828049445342026,0.0,0.0,1.0,0.0,0.23762883619953237,0.25404971561837697,0.2524632877342915,0.2558581604477992,39.242574227040755
2025-08-18 00:00:00+00:00,-0.024463073638513966,-0.024414797141130484,4.9484655201870565e-05,0.024742327600935282,1.0,0.0,0.2536853507083695,0.24712600181073519,0.24544269539801963,0.25374595208287565,38.282580243959806
2025-08-19 00:00:00+00:00,-0.03680039124440193,-0.036800391244401966,0.0,0.0,0.9999999999999999,0.0,0.2557771550369163,0.24244493555734092,0.24545977753516302,0.2563181318705797,36.873766313136876
2025-08-20 00:00:00+00:00,0.04898938926832619,0.04898938926832608,0.0,0.0,0.9999999999999998,0.0,0.24685258736289378,0.24589964275825427,0.24957229585183932,0.25767547402701246,38.68018960484043
2025-08-21 00:00:00+00:00,-0.02903582285827533,-0.029035822858275308,0.0,0.0,0.9999999999999998,0.0,0.2502938027523433,0.24677828475100907,0.24657359295582845,0.25635431954081894,37.557078471349776
2025-08-22 00:00:00+00:00,0.09173150565129218,0.09173150565129227,0.0,0.0,0.9999999999999998,0.0,0.2383032496107076,0.2585037009480127,0.25139736783319394,0.2517956816080856,41.002245827390425
2025-08-23 00:00:00+00:00,-0.0071223138003686515,-0.007122313800368631,0.0,0.0,0.9999999999999999,0.0,0.23693815356920395,0.25746624511248667,0.25756605550450556,0.24802954581380363,40.7102149660879
2025-08-24 00:00:00+00:00,-0.002676835091870111,-0.0026768350918701107,0.0,0.0,0.9999999999999998,0.0,0.23357233766112778,0.258251834903536,0.2605850365494981,0.2475907908858379,40.6012404340691
2025-08-25 00:00:00+00:00,-0.06207162531729227,-0.06200094944713888,7.53474858121368e-05,0.0376737429060684,1.0,0.0,0.2585835230839618,0.24400024902981252,0.24219998760292358,0.2552162402833021,38.081055450428266
2025-08-26 00:00:00+00:00,0.03501112541669471,0.035011125416694745,0.0,0.0,1.0,0.0,0.25358301655632365,0.24783827290680938,0.24483304282211918,0.2537456677147478,39.414316058803315
2025-08-27 00:00:00+00:00,0.00017593248363345637,0.00017593248363343425,0.0,0.0,1.0,0.0,0.25240140012516665,0.2427360496865843,0.25366415977967177,0.2511983904085773,39.421250317318254
2025-08-28 00:00:00+00:00,0.022926095437692195,0.022926095437692195,0.0,0.0,1.0,0.0,0.24963835181679903,0.23753219983547977,0.2620060635075563,0.2508233848401649,40.325025664366244
2025-08-29 00:00:00+00:00,-0.03186546647115207,-0.03186546647115206,0.0,0.0,1.0,0.0,0.24825820825886602,0.2371368878793417,0.25884189453755524,0.25576300932423707,39.04004991111003
2025-08-30 00:00:00+00:00,-0.0013646143066635696,-0.0013646143066635614,0.0,0.0,1.0,0.0,0.24960427106636007,0.23819724680244103,0.2561750812914898,0.25602340083970904,38.98677530046847
2025-08-31 00:00:00+00:00,-0.004237781876766045,-0.004237781876766081,0.0,0.0,0.9999999999999999,0.0,0.24935357273853354,0.24020255562390794,0.25462539522614513,0.2558184764114133,38.8215578506666
2025-09-01 00:00:00+00:00,-0.009758682689542053,-0.00971731314847657,4.1775486550233946e-05,0.02088774327511697,1.0,0.0,0.254764549135663,0.24800804829692072,0.2483005623000707,0.24892684026734557,38.442710586088246
2025-09-02 00:00:00+00:00,0.022664134635315136,0.022664134635315098,0.0,0.0,1.0,0.0,0.2536854242077258,0.2431856701521023,0.2579572402591722,0.24517166538099971,39.313981354557804
2025-09-03 00:00:00+00:00,0.01027264403972783,0.010272644039727758,0.0,0.0,0.9999999999999998,0.0,0.2521571658628781,0.24761023063545262,0.25671058305449823,0.24352202044717092,39.71783989079767
2025-09-04 00:00:00+00:00,-0.024173065269431415,-0.024173065269431457,0.0,0.0,0.9999999999999998,0.0,0.2561484977657151,0.24502637225006907,0.252523030493359,0.2463020994908567,38.75773795475659
2025-09-05 00:00:00+00:00,0.0036146241134136226,0.0036146241134136156,0.0,0.0,0.9999999999999999,0.0,0.25506260210605375,0.24470630172908228,0.2529193656597764,0.24731173050508748,38.89783260894922
2025-09-06 00:00:00+00:00,-0.003898245097173292,-0.0038982450971732814,0.0,0.0,0.9999999999999999,0.0,0.25496856305777554,0.2437071849575515,0.24991393874368023,0.2514103132409926,38.74619932369072
2025-09-07 00:00:00+00:00,0.017401267011236454,0.017401267011236364,0.0,0.0,0.9999999999999998,0.0,0.2527668858287743,0.24139101956560288,0.25322331452636787,0.25261878007925476,39.42043228379285
2025-09-08 00:00:00+00:00,0.010904169004738229,0.01093898162039092,3.4435921737588136e-05,0.01721796086879407,1.0,0.0,0.249359498132023,0.24730460894157155,0.2565946184864003,0.2467412744400052,39.85027933965517
2025-09-09 00:00:00+00:00,0.0033257447141723517,0.003325744714172371,0.0,0.0,1.0000000000000002,0.0,0.2473822601463024,0.24669778635015463,0.2594588241247048,0.24646112937883827,39.98281119552732
2025-09-10 00:00:00+00:00,0.019625986774404858,0.019625986774404764,0.0,0.0,0.9999999999999999,0.0,0.2478703712434138,0.24415261836287536,0.26247749472662907,0.24549951566708172,40.76751331925426
2025-09-11 00:00:00+00:00,0.017401636055637715,0.017401636055637625,0.0,0.0,0.9999999999999999,0.0,0.24688609845268333,0.24601835399903837,0.2633652305187907,0.24373031702948747,41.47693474892929
2025-09-12 00:00:00+00:00,0.03658345637509308,0.03658345637509305,0.0,0.0,0.9999999999999998,0.0,0.23930047218805878,0.25082010715486874,0.26901054876094005,0.24086887189613224,42.99430438188933
2025-09-13 00:00:00+00:00,-0.00012507951316842458,-0.00012507951316838685,0.0,0.0,0.9999999999999999,0.0,0.23910120360515558,0.2484229062641163,0.2692663859958487,0.24320950413487927,42.98892667522823
2025-09-14 00:00:00+00:00,-0.009434485989878394,-0.009434485989878368,0.0,0.0,0.9999999999999999,0.0,0.24002439723377064,0.24745374572437878,0.268881406940507,0.2436404501013435,42.58334824879088
2025-09-15 00:00:00+00:00,-0.011786304969329975,-0.011711663872333966,7.552562776202814e-05,0.03776281388101407,1.0,0.0,0.25314190868363856,0.24852688932751996,0.2472333660098256,0.25109783597901597,42.081447919715444
2025-09-16 00:00:00+00:00,0.014531989879522866,0.014531989879522911,0.0,0.0,1.0000000000000002,0.0,0.252629224443464,0.24375187262106057,0.24643762720185228,0.2571812757336233,42.69297509500042
2025-09-17 00:00:00+00:00,0.02152532566659371,0.0215253256665938,0.0,0.0,1.0000000000000002,0.0,0.246583039555272,0.24334623997713514,0.24926724292090524,0.26080347754668787,43.61195528759608
2025-09-18 00:00:00+00:00,0.001530926834145463,0.0015309268341454465,0.0,0.0,1.0000000000000002,0.0,0.2475295249396213,0.24282182764958357,0.2515901753903921,0.2580584720204033,43.67872200023542
2025-09-19 00:00:00+00:00,-0.01766526723878914,-0.017665267238789122,0.0,0.0,1.0000000000000002,0.0,0.2488790253068137,0.2407728475273982,0.24683229599050374,0.26351583117528465,42.90712570345248
2025-09-20 00:00:00+00:00,0.0177125717083757,0.01771257170837573,0.0,0.0,1.0000000000000002,0.0,0.2446600565434329,0.2372081564496252,0.24350230965251107,0.2746294773544311,43.66712124427517
2025-09-21 00:00:00+00:00,-0.005149957218390955,-0.005149957218390906,0.0,0.0,1.0000000000000002,0.0,0.24496284961940962,0.23655059710307444,0.24136958994502147,0.27711696333249475,43.44223743801687
2025-09-22 00:00:00+00:00,-0.04932604878910429,-0.04922292004024573,0.00010846785332997843,0.05423392666498922,1.0,0.0,0.2570526733859011,0.24839718894185303,0.24538434354188668,0.24916579413035925,41.2994035146414
2025-09-23 00:00:00+00:00,-0.005662499606936544,-0.005662499606936573,0.0,0.0,1.0,0.0,0.2570198483560614,0.2477390508540639,0.2388315187047564,0.2564095820851183,41.06554565847303
2025-09-24 00:00:00+00:00,0.0010738366084153128,0.001073836608415237,0.0,0.0,1.0,0.0,0.25974306547914255,0.24679344793642227,0.23669616537275429,0.25676732121168083,41.10964334474565
2025-09-25 00:00:00+00:00,-0.06585285782858641,-0.06585285782858642,0.0,0.0,0.9999999999999998,0.0,0.26747083686200596,0.24647627717985754,0.23077516324371145,0.255277722714425,38.40245584618022
2025-09-26 00:00:00+00:00,0.030544703944336726,0.0305447039443367,0.0,0.0,0.9999999999999998,0.0,0.2610885276862394,0.2489177187333957,0.2383776862393434,0.2516160673410213,39.575447490737254
2025-09-27 00:00:00+00:00,-0.0008333623368982357,-0.0008333623368981962,0.0,0.0,0.9999999999999998,0.0,0.261288154077749,0.2482696308825242,0.23661123933480646,0.25383097570492014,39.54246680333258
2025-09-28 00:00:00+00:00,0.028665303075999127,0.02866530307599916,0.0,0.0,0.9999999999999999,0.0,0.25986415327029866,0.24878505810114765,0.23833800659555357,0.25301278203300004,40.675963598622744
2025-09-29 00:00:00+00:00,0.02066014708259023,0.02071272168931182,5.150774121319496e-05,0.02575387060659748,0.9999999999999999,0.0,0.24961740064325633,0.2492380828301526,0.24714579585616578,0.25399872067042517,41.516334989296375
2025-09-30 00:00:00+00:00,-0.014674096220926858,-0.014674096220926842,0.0,0.0,1.0,0.0,0.2527519413359688,0.24875393593733683,0.24603959301509623,0.25245452971159804,40.90712029492321
2025-10-01 00:00:00+00:00,0.042504972654889395,0.04250497265488947,0.0,0.0,1.0,0.0,0.252110802272689,0.2502903507644269,0.2511176597531773,0.2464811872097068,42.64587632444919
2025-10-02 00:00:00+00:00,0.041622698385136436,0.04162269838513641,0.0,0.0,1.0,0.0,0.24598435768239268,0.24782244729852612,0.25487233736777043,0.2513208576513108,44.42091277207157
2025-10-03 00:00:00+00:00,0.025852313581052222,0.025852313581052142,0.0,0.0,1.0,0.0,0.24317308148922906,0.24311406393215587,0.24643838264415363,0.2672744719344614,45.569296138611726
2025-10-04 00:00:00+00:00,-0.015025711269502917,-0.015025711269502938,0.0,0.0,1.0,0.0,0.24720337050679164,0.24541604847692924,0.24484653268572218,0.2625340483305569,44.88458505207847
2025-10-05 00:00:00+00:00,0.008235891607916379,0.008235891607916414,0.0,0.0,1.0,0.0,0.24737030641272892,0.24488466562377575,0.24359251481525193,0.26415251314824334,45.254249629433694
2025-10-06 00:00:00+00:00,0.0278142514181261,0.027872439330975385,5.661005259297347e-05,0.028305026296486735,1.0,0.0,0.24553762062100784,0.2523638748700879,0.24725394908088766,0.25484455542801654,46.5129627063654
2025-10-07 00:00:00+00:00,-0.015515832550576647,-0.015515832550576602,0.0,0.0,1.0,0.0,0.24275381474371563,0.24340819523712345,0.23777983507813583,0.27605815494102504,45.791275365582216
2025-10-08 00:00:00+00:00,0.018628142724855357,0.01862814272485528,0.0,0.0,0.9999999999999998,0.0,0.24218979791768105,0.24314857051061314,0.24303483455296404,0.27162679701874165,46.644281778645436
2025-10-09 00:00:00+00:00,-0.031106339791588278,-0.031106339791588233,0.0,0.0,1.0,0.0,0.24663340619647728,0.24221414578441752,0.24196621523868098,0.2691862327804242,45.1933489003043
2025-10-10 00:00:00+00:00,-0.11622594311139234,-0.1162259431113924,0.0,0.0,0.9999999999999998,0.0,0.25868134407605625,0.24028889447250756,0.2335118036042874,0.26751795784714866,39.94070930200423
2025-10-11 00:00:00+00:00,-0.015587031509353588,-0.015587031509353644,0.0,0.0,0.9999999999999998,0.0,0.2578139119564602,0.23880854449401928,0.22361337658643868,0.2797641669630816,39.31815220760796
2025-10-12 00:00:00+00:00,0.1015733520826636,0.1015733520826636,0.0,0.0,0.9999999999999998,0.0,0.24316762257099314,0.24025011603456764,0.2251190371025289,0.29146322429191013,43.31182872503108
2025-10-13 00:00:00+00:00,0.01890618428394597,0.019075200858439945,0.0001658528971676409,0.08292644858382045,0.9999999999999999,0.0,0.24576260340405853,0.25055324610645086,0.2598909965058067,0.24379315398368384,44.13069014058122
2025-10-14 00:00:00+00:00,-0.03537163606501392,-0.03537163606501391,0.0,0.0,0.9999999999999999,0.0,0.25004491708613874,0.2526452142428636,0.2613649511803202,0.23594491749067728,42.56971542963068
2025-10-15 00:00:00+00:00,-0.03364049857577445,-0.033640498575774426,0.0,0.0,0.9999999999999999,0.0,0.25356457264810867,0.25260512006415664,0.25896093089917843,0.23486937638855618,41.13764897834907
2025-10-16 00:00:00+00:00,-0.02726309597354426,-0.02726309597354427,0.0,0.0,1.0,0.0,0.2546253479764423,0.25374860581909214,0.2538583270553455,0.23776771914911993,40.01610930612637
2025-10-17 00:00:00+00:00,-0.027491799690333663,-0.02749179969033361,0.0,0.0,1.0,0.0,0.2575579856972562,0.2567063325766369,0.2569815693064973,0.22875411241960958,38.91599444469585
2025-10-18 00:00:00+00:00,0.018105975918513595,0.018105975918513643,0.0,0.0,1.0,0.0,0.254768146884819,0.25593281590006,0.26015145768649506,0.2291475795286258,39.62060650295652
2025-10-19 00:00:00+00:00,0.013702379276231191,0.013702379276231236,0.0,0.0,0.9999999999999999,0.0,0.25474254309187666,0.2585352352287047,0.2570591382866691,0.22966308339274946,40.163503080414344
2025-10-20 00:00:00+00:00,0.004336449371307838,0.004418156444453508,8.134766642900198e-05,0.04067383321450099,1.0,0.0,0.2532287469330139,0.2486903286714206,0.2513514298029548,0.2467294945926108,40.33767007809693
2025-10-21 00:00:00+00:00,-0.0268260707915835,-0.02682607079158348,0.0,0.0,1.0,0.0,0.25494895191895006,0.24872673098518547,0.2527117518810887,0.24361256521477584,39.25556888501436
2025-10-22 00:00:00+00:00,-0.010148297465668699,-0.010148297465668709,0.0,0.0,1.0,0.0,0.2558261275842786,0.24689681937031832,0.24775166665261447,0.24952538639278865,38.857191694785186
2025-10-23 00:00:00+00:00,0.03751960630262263,0.03751960630262258,0.0,0.0,0.9999999999999999,0.0,0.25233006009702397,0.2411743691969621,0.25367950731682776,0.25281606338918605,40.315098229199066
2025-10-24 00:00:00+00:00,0.005975929678079472,0.005975929678079407,0.0,0.0,0.9999999999999998,0.0,0.25294277090927014,0.2445952032873757,0.2550980386112025,0.24736398719215152,40.556018421181626
2025-10-25 00:00:00+00:00,0.004660372367094379,0.004660372367094378,0.0,0.0,0.9999999999999998,0.0,0.2532241183855695,0.24463183139331457,0.2542557379322984,0.2478883122888173,40.74502456875107
2025-10-26 00:00:00+00:00,0.03219763609316906,0.03219763609316896,0.0,0.0,0.9999999999999997,0.0,0.2517263958078375,0.24926817805119122,0.25419068786247906,0.24481473827849187,42.05691804242295
2025-10-27 00:00:00+00:00,-0.004810150251503997,-0.004786595207560113,2.3668334681266944e-05,0.011834167340633472,1.0,0.0,0.2502117985800735,0.24888879483951426,0.24954471700938965,0.2513546895710226,41.85461794752371
2025-10-28 00:00:00+00:00,-0.024700691294232024,-0.024700691294232004,0.0,0.0,1.0,0.0,0.2538300574084923,0.24646089622112716,0.25000604146484495,0.2497030049055356,40.8207799503639
2025-10-29 00:00:00+00:00,-0.010573615660430025,-0.010573615660429997,0.0,0.0,1.0,0.0,0.25000482588006795,0.24432528326833397,0.2523263838458133,0.2533435070057848,40.38915671220976
2025-10-30 00:00:00+00:00,-0.0285203359343863,-0.028520335934386257,0.0,0.0,1.0,0.0,0.25337167581513786,0.24518003341017733,0.24740981266483805,0.2540384781098468,39.23724439467097
2025-10-31 00:00:00+00:00,0.011472382471829023,0.011472382471828935,0.0,0.0,1.0,0.0,0.25346976932128246,0.24514169232663668,0.247941116906495,0.2534474214455858,39.68738906950726
2025-11-01 00:00:00+00:00,0.002949442019363202,0.0029494420193632576,0.0,0.0,1.0,0.0,0.2538543792454507,0.24605830503113546,0.2460763441110342,0.2540109716123796,39.804444722467686
2025-11-02 00:00:00+00:00,0.0022797121361608497,0.0022797121361607564,0.0,0.0,0.9999999999999998,0.0,0.2542951440664118,0.24757732044210465,0.24730844058992973,0.25081909490155363,39.89518739817464
2025-11-03 00:00:00+00:00,-0.0778815006108371,-0.07786263648748387,2.0456955871862083e-05,0.01022847793593104,1.0,0.0,0.2614028764348609,0.2500996986106992,0.23984021966935698,0.248657205285083,36.788090336454246
2025-11-04 00:00:00+00:00,-0.06457719948438723,-0.06457719948438721,0.0,0.0,1.0,0.0,0.2661144496091334,0.24386306384555606,0.23938271481293863,0.25063977173237195,34.41241848814738
2025-11-05 00:00:00+00:00,0.0337880952066254,0.03378809520662547,0.0,0.0,1.0000000000000002,0.0,0.2634730828993705,0.24574162542057132,0.24250644896872509,0.24827884271133324,35.57514856031514
2025-11-06 00:00:00+00:00,-0.027185482667449357,-0.02718548266744933,0.0,0.0,1.0000000000000002,0.0,0.2642162235619876,0.24455695571948805,0.23838285215883132,0.2528439685596932,34.60802097573676
2025-11-07 00:00:00+00:00,0.034978606027589176,0.03497860602758916,0.0,0.0,1.0000000000000002,0.0,0.26030706617182703,0.2449091349481795,0.24001291043457992,0.25477088844541373,35.818561306841595
2025-11-08 00:00:00+00:00,-0.010701459738571728,-0.010701459738571704,0.0,0.0,1.0000000000000002,0.0,0.26051009857076624,0.2450705679085327,0.23692631013634885,0.25749302338435237,35.435250415122866
2025-11-09 00:00:00+00:00,0.030481998485632822,0.03048199848563293,0.0,0.0,1.0000000000000004,0.0,0.25875897040847573,0.25054258656266254,0.23940510447569383,0.2512933385531682,36.515387664614664
2025-11-10 00:00:00+00:00,0.0050038159107193,0.0050464093575361135,4.237958209722531e-05,0.021189791048612655,1.0,0.0,0.2518045008085988,0.24766116908736643,0.25294767613000085,0.24758665397403384,36.69810394239695
2025-11-11 00:00:00+00:00,-0.045064257498180105,-0.04506425749818008,0.0,0.0,1.0,0.0,0.25634437959544076,0.24843841221854313,0.24480957590804728,0.25040763227796875,35.044331136641794
2025-11-12 00:00:00+00:00,-0.006962523512513474,-0.006962523512513499,0.0,0.0,0.9999999999999999,0.0,0.25462338663142003,0.24997167820655125,0.24461286369036297,0.2507920714716656,34.80033415712262
2025-11-13 00:00:00+00:00,-0.03896107470927879,-0.03896107470927884,0.0,0.0,0.9999999999999998,0.0,0.2598314387496514,0.2461395742543025,0.2401135102529223,0.2539154767431236,33.4444757381191
2025-11-14 00:00:00+00:00,-0.035257238185597006,-0.03525723818559702,0.0,0.0,0.9999999999999997,0.0,0.25555437491224303,0.24572788515189667,0.23889801177660835,0.2598197281592517,32.26531589102782
2025-11-15 00:00:00+00:00,0.013067864681402197,0.013067864681402225,0.0,0.0,0.9999999999999998,0.0,0.25493059277437125,0.24688110241181357,0.23695363670273725,0.26123466811107765,32.68695467299447
2025-11-16 00:00:00+00:00,-0.01493211650036097,-0.01493211650036101,0.0,0.0,0.9999999999999996,0.0,0.255181476876531,0.24488133356496097,0.2363583442760762,0.26357884528243153,32.19886925777529
2025-11-17 00:00:00+00:00,-0.02709081052114204,-0.027017796682785367,7.50412886358507e-05,0.037520644317925345,1.0,0.0,0.25136408508806873,0.25164177747552074,0.24538458047771144,0.2516095569586991,31.326575791717875
2025-11-18 00:00:00+00:00,0.03487098103234576,0.034870981032345705,0.0,0.0,1.0,0.0,0.24485827154960327,0.2505589522097811,0.25463736055665387,0.24994541568396175,32.418964221959214
2025-11-19 00:00:00+00:00,-0.02751107517806195,-0.027511075178061943,0.0,0.0,1.0,0.0,0.24797734164651639,0.2495497738399266,0.2551031537812084,0.2473697307323486,31.527083660053993
2025-11-20 00:00:00+00:00,-0.0440218248567944,-0.044021824856794366,0.0,0.0,1.0,0.0,0.24546334802771924,0.24453833043847722,0.2602501993158315,0.24974812221797207,30.13920390492559
2025-11-21 00:00:00+00:00,-0.030252670436642815,-0.03025267043664282,0.0,0.0,1.0,0.0,0.24871571531759346,0.24608577951350824,0.2583707413125848,0.2468277638563135,29.2274125019671
2025-11-22 00:00:00+00:00,-0.001964055290369471,-0.001964055290369468,0.0,0.0,1.0,0.0,0.24806446042919053,0.2469498259386833,0.2566864962376735,0.2482992173944527,29.1700082478188
2025-11-23 00:00:00+00:00,0.017894330432810746,0.017894330432810825,0.0,0.0,1.0,0.0,0.24971491095011297,0.2454145884979849,0.25806334151006166,0.24680715904184058,29.691986014133082
2025-11-24 00:00:00+00:00,0.03903163589713543,0.03906514924573373,3.2253366040246424e-05,0.01612668302012321,1.0,0.0,0.24467420270067333,0.2535850406214064,0.25506495057281064,0.2466758061051097,30.85091280129956
2025-11-25 00:00:00+00:00,-0.001748754779765327,-0.0017487547797653586,0.0,0.0,1.0,0.0,0.24252122599415513,0.25454363367937355,0.25649004314881013,0.2464450971776613,30.796962120078167
2025-11-26 00:00:00+00:00,0.03023922640264587,0.030239226402645966,0.0,0.0,1.0000000000000002,0.0,0.24379305290225695,0.2526827800716601,0.2562176421029386,0.24730652492314448,31.72823843014092
2025-11-27 00:00:00+00:00,-0.0014220715211156199,-0.001422071521115663,0.0,0.0,1.0,0.0,0.24643348398382373,0.2520953536428825,0.2527071397418385,0.24876402263145533,31.68311860585425
2025-11-28 00:00:00+00:00,-0.008555619017515448,-0.00855561901751544,0.0,0.0,1.0,0.0,0.24735384426424825,0.2556124692932559,0.24851792866232025,0.24851575778017565,31.412049913775807
2025-11-29 00:00:00+00:00,-0.010336703445189555,-0.010336703445189555,0.0,0.0,1.0,0.0,0.24969464199783525,0.25470600906302215,0.24853537200573153,0.2470639769334111,31.087352869211614
2025-11-30 00:00:00+00:00,-0.004821737680965832,-0.004821737680965861,0.0,0.0,1.0,0.0,0.2496819190156999,0.2561181797292039,0.24525629204727328,0.2489436092078229,30.937457808480655
2025-12-01 00:00:00+00:00,-0.05403954288571311,-0.054016392094776905,2.4472718916815685e-05,0.012236359458407842,1.0,0.0,0.25235999747475585,0.2472962015315711,0.2507723694276676,0.24957143156600545,29.265611730464325
2025-12-02 00:00:00+00:00,0.07087921238259964,0.07087921238259969,0.0,0.0,1.0,0.0,0.2492901872714417,0.24718103922614365,0.25637886881630134,0.24714990468611336,31.339935239814604
2025-12-03 00:00:00+00:00,0.04529068897622368,0.04529068897622372,0.0,0.0,1.0000000000000002,0.0,0.24411174413579956,0.25165035900055344,0.2558828098407578,0.2483550870228894,32.75934249929604
2025-12-04 00:00:00+00:00,-0.023518251700594295,-0.02351825170059432,0.0,0.0,1.0,0.0,0.2463738372220034,0.2532552284858915,0.25179351626481594,0.24857741802728928,31.988900036851618
2025-12-05 00:00:00+00:00,-0.031241465148452607,-0.03124146514845264,0.0,0.0,1.0,0.0,0.24672912231035163,0.2521203197751736,0.2492186422608535,0.2519319156536214,30.989519931212985
2025-12-06 00:00:00+00:00,0.0010053294930083556,0.001005329493008245,0.0,0.0,1.0,0.0,0.24622405759115304,0.25322489575383283,0.24693236910888092,0.2536186775461332,31.020674609574005
2025-12-07 00:00:00+00:00,0.006246427631777518,0.00624642763177753,0.0,0.0,1.0,0.0,0.24787235365074559,0.2534587327411216,0.24549231262692067,0.2531766009812122,31.214443008611628
2025-12-08 00:00:00+00:00,0.008527952958057528,0.008554721346670902,2.6541334889335022e-05,0.013270667444667511,0.9999999999999998,0.0,0.2485349215169993,0.25308840752797196,0.24973504188275336,0.24864162907227527,31.480638310201037
2025-12-09 00:00:00+00:00,0.030037731204009432,0.030037731204009436,0.0,0.0,0.9999999999999998,0.0,0.24672997263880578,0.26095610963038646,0.25087737863435794,0.2414365390964497,32.4262452618935
2025-12-10 00:00:00+00:00,-0.005257399350810932,-0.005257399350810895,0.0,0.0,0.9999999999999999,0.0,0.24625846520488395,0.2628175974739168,0.24925816577549006,0.24166577154570903,32.25576754110438
2025-12-11 00:00:00+00:00,-0.007283753325899256,-0.007283753325899262,0.0,0.0,0.9999999999999999,0.0,0.24940787562060582,0.25783607683142545,0.25136342749720103,0.24139262005076756,32.020824486997434
2025-12-12 00:00:00+00:00,-0.026989600850763296,-0.026989600850763264,0.0,0.0,0.9999999999999999,0.0,0.25010594906300826,0.25250383728344467,0.2505143366363686,0.2468758770171784,31.156595215181024
2025-12-13 00:00:00+00:00,0.008233475775967447,0.008233475775967398,0.0,0.0,0.9999999999999998,0.0,0.24798539655546578,0.25285949542869923,0.25006517694812974,0.2490899310677051,31.41312228714684
2025-12-14 00:00:00+00:00,-0.02229014394579909,-0.022290143945799135,0.0,0.0,0.9999999999999998,0.0,0.2478269356439729,0.25437702511095395,0.24858104277218623,0.24921499647288672,30.71291926957935
2025-12-15 00:00:00+00:00,-0.02137095309396886,-0.021353818858330514,1.7508100443816177e-05,0.008754050221908088,1.0,0.0,0.2504135282536222,0.24722965453153542,0.25233554128982366,0.25002127592501877,30.056554912490316
2025-12-16 00:00:00+00:00,0.011538894696071722,0.011538894696071719,0.0,0.0,1.0,0.0,0.25165663753518924,0.2441992287476568,0.2520724683299765,0.2520716653871775,30.40337433455224
2025-12-17 00:00:00+00:00,-0.03609118189505012,-0.036091181895050076,0.0,0.0,1.0,0.0,0.2562650006131081,0.242327394638034,0.24962476897607083,0.25178283577278715,29.306080621220616
2025-12-18 00:00:00+00:00,-0.013913117607357917,-0.013913117607357903,0.0,0.0,1.0,0.0,0.2576905914358855,0.24531805347924093,0.24559020879314875,0.25140114629172483,28.89834167492686
2025-12-19 00:00:00+00:00,0.04258468916788183,0.04258468916788183,0.0,0.0,1.0,0.0,0.25473919744188245,0.24785329898870656,0.2486959462534807,0.2487115573159303,30.128968572620867
2025-12-20 00:00:00+00:00,-0.00098914514171633,-0.0009891451417163282,0.0,0.0,1.0000000000000002,0.0,0.25563936576937424,0.2479688052117093,0.24801557792752077,0.24837625109139574,30.099166649732336
2025-12-21 00:00:00+00:00,0.004619144553457799,0.004619144553457707,0.0,0.0,1.0,0.0,0.2553220326195009,0.2488262202066163,0.24732658727410226,0.2485251598997805,30.238199051426065
2025-12-22 00:00:00+00:00,0.00030502157151612863,0.00032631664866550336,2.1288130478003764e-05,0.010644065239001882,0.9999999999999998,0.0,0.24981110461450434,0.2505386585847541,0.2497201466900886,0.24993009011065287,30.24742235442055
2025-12-23 00:00:00+00:00,-0.014869458186130058,-0.014869458186130018,0.0,0.0,0.9999999999999999,0.0,0.2503346112442121,0.2505639544731435,0.24964468336043816,0.2494567509222062,29.79765957248328
2025-12-24 00:00:00+00:00,-0.0033069017200171302,-0.0033069017200171736,0.0,0.0,0.9999999999999999,0.0,0.25169183116140414,0.2499072863238513,0.2474435464880442,0.25095733602670023,29.69912164079055
2025-12-25 00:00:00+00:00,-0.014980334584899335,-0.014980334584899375,0.0,0.0,0.9999999999999999,0.0,0.2542250312483841,0.24995671443412348,0.24614238635677152,0.2496758679607208,29.254218861733886
2025-12-26 00:00:00+00:00,0.00857854671750724,0.008578546717507346,0.0,0.0,0.9999999999999999,0.0,0.25247966738104066,0.2498874797441966,0.24856182472148042,0.2490710281532823,29.505177544923452
2025-12-27 00:00:00+00:00,0.011366489028100668,0.011366489028100696,0.0,0.0,1.0,0.0,0.25109202756439364,0.24885536099494798,0.25073311518054825,0.24931949626011013,29.840547821759987
2025-12-28 00:00:00+00:00,0.005648759664070635,0.00564875966407064,0.0,0.0,1.0,0.0,0.2498967480036493,0.24761360719752598,0.25038407997195117,0.2521055648268735,30.009109904649314
2025-12-29 00:00:00+00:00,-0.009112399693872786,-0.009102531762960997,9.9585791952988e-06,0.0049792895976494,1.0,0.0,0.2502438619355804,0.25118506485605036,0.248288633443234,0.2502824397651352,29.735654900740794
2025-12-30 00:00:00+00:00,0.012845643081008218,0.012845643081008176,0.0,0.0,1.0,0.0,0.250605679617787,0.25101966977480916,0.24859960988271465,0.24977504072468912,30.117628510375745
2025-12-31 00:00:00+00:00,-0.0025309974099647636,-0.0025309974099647953,0.0,0.0,0.9999999999999999,0.0,0.24886420949664642,0.25148397145417944,0.2484728721640713,0.25117894688510267,30.041400870621704
2026-01-01 00:00:00+00:00,0.010686456548083978,0.010686456548083966,0.0,0.0,0.9999999999999998,0.0,0.24957831680550432,0.25154958384563764,0.2503231053983921,0.24854899395046576,30.362436995669174
2026-01-02 00:00:00+00:00,0.02883920222719527,0.028839202227195312,0.0,0.0,0.9999999999999999,0.0,0.24573923309826812,0.2543681012520448,0.25360147548521156,0.2462911901644754,31.238065456297754
2026-01-03 00:00:00+00:00,0.0032226504465637795,0.0032226504465636785,0.0,0.0,0.9999999999999998,0.0,0.2466723984835601,0.2536848502465861,0.2548698198440781,0.24477293142577547,31.33873482189028
2026-01-04 00:00:00+00:00,0.009992762052105642,0.00999276205210557,0.0,0.0,0.9999999999999998,0.0,0.24666190423560377,0.25258858168615095,0.25376723286271946,0.24698228121552557,31.65189534197947
2026-01-05 00:00:00+00:00,0.02393908142446466,0.023965113953939854,2.5423258195482136e-05,0.012711629097741067,1.0,0.0,0.25036396874633965,0.25038172007192755,0.2510481710163142,0.2482061401654186,32.40961264180975
2026-01-06 00:00:00+00:00,0.013048654965301498,0.01304865496530142,0.0,0.0,0.9999999999999998,0.0,0.2468449162586839,0.2526623292420793,0.25351079078346,0.2469819637157767,32.832514494731804
2026-01-07 00:00:00+00:00,-0.029186778672610325,-0.02918677867261033,0.0,0.0,0.9999999999999998,0.0,0.24780068264073876,0.2501451718132856,0.25245143639525697,0.2496027091507185,31.874239160908797
2026-01-08 00:00:00+00:00,-0.004179735027348475,-0.004179735027348455,0.0,0.0,0.9999999999999999,0.0,0.24812130106341282,0.2462753956716606,0.25719131425193775,0.24841198901298867,31.741013287017864
2026-01-09 00:00:00+00:00,-0.00589579388531658,-0.005895793885316544,0.0,0.0,0.9999999999999999,0.0,0.24833603536133475,0.24627987941295096,0.2542105681969832,0.25117351702873103,31.553874814966512
2026-01-10 00:00:00+00:00,0.002383604383337845,0.0023836043833378724,0.0,0.0,1.0,0.0,0.24737222774281203,0.24556059100248093,0.25340088874708205,0.25366629250762496,31.62908676928676
2026-01-11 00:00:00+00:00,0.010468078260306157,0.010468078260306192,0.0,0.0,1.0,0.0,0.24618624720274865,0.24590920421759546,0.25786429385243653,0.2500402547272194,31.96018252488967
2026-01-12 00:00:00+00:00,-0.001926021312284365,-0.001894463017465542,3.161819431862367e-05,0.015809097159311836,1.0,0.0,0.2512520800658261,0.2482524120359393,0.2496138391586568,0.25088166873957785,31.898626532202236
2026-01-13 00:00:00+00:00,0.05160555862464289,0.051605558624642944,0.0,0.0,1.0,0.0,0.2496986238793774,0.25361490213680743,0.24812358046609004,0.2485628935177252,33.544772973755386
2026-01-14 00:00:00+00:00,0.009505759158312088,0.009505759158312012,0.0,0.0,1.0,0.0,0.25133390416566614,0.253424203318317,0.24778023834401725,0.24746165417199964,33.86364150666416
2026-01-15 00:00:00+00:00,-0.0179795469468349,-0.017979546946834894,0.0,0.0,1.0,0.0,0.25237974669050345,0.25527799692078207,0.24493819087554958,0.2474040655131649,33.2547885744043
2026-01-16 00:00:00+00:00,0.0042650337668972416,0.004265033766897271,0.0,0.0,1.0,0.0,0.25116630666317946,0.252476605002553,0.24816244710633636,0.24819464122793122,33.396621370585166
2026-01-17 00:00:00+00:00,0.0003952884625570974,0.0003952884625570332,0.0,0.0,1.0,0.0,0.2500077041744169,0.2534701792671398,0.2460613857227201,0.25046073083572323,33.40982266970135
2026-01-18 00:00:00+00:00,-0.019798251837400915,-0.01979825183740089,0.0,0.0,1.0,0.0,0.2511044351591445,0.2565183124250466,0.24079659570933967,0.25158065670646934,32.7483665866437
2026-01-19 00:00:00+00:00,-0.02043141424709083,-0.020395351456588523,3.6813617162641475e-05,0.01840680858132074,1.0,0.0,0.252365741058357,0.24786289012822965,0.24700482055536288,0.25276654825805045,32.07927114299639
2026-01-20 00:00:00+00:00,-0.0557635381874837,-0.05576353818748368,0.0,0.0,1.0,0.0,0.25514170825634197,0.24195219705933285,0.24663447977179884,0.25627161491252637,30.290417481587266
2026-01-21 00:00:00+00:00,0.013502064636779165,0.013502064636779153,0.0,0.0,1.0,0.0,0.25466660441214006,0.24217189749976734,0.2505442019227614,0.2526172961653312,30.699400656298682
2026-01-22 00:00:00+00:00,-0.0028065854757736153,-0.002806585475773574,0.0,0.0,1.0,0.0,0.25568298028163183,0.24044472342941212,0.24919327260027968,0.2546790236886764,30.613240164301757
2026-01-23 00:00:00+00:00,-0.0005783818865309209,-0.000578381886530966,0.0,0.0,1.0,0.0,0.2559468667247412,0.24088616091584883,0.24731902933694458,0.25584794302246533,30.595534020702704
2026-01-24 00:00:00+00:00,-0.003011697400137514,-0.003011697400137463,0.0,0.0,1.0,0.0,0.25564582001351926,0.24135394184166872,0.24765732550536385,0.25534291263944814,30.503389530436735
2026-01-25 00:00:00+00:00,-0.04084598285249286,-0.04084598285249289,0.0,0.0,1.0,0.0,0.2589004080898903,0.2400160059311465,0.24121628433433917,0.259867301644624,29.257448604733607
2026-01-26 00:00:00+00:00,0.0300310525865235,0.030108383687084184,7.507083893805727e-05,0.037535419469028636,1.0,0.0,0.24738803239988424,0.25246730989944766,0.2536993436041052,0.24644531409656298,30.13608058232987
2026-01-27 00:00:00+00:00,0.022146721427032556,0.022146721427032612,0.0,0.0,1.0000000000000002,0.0,0.24450144075337935,0.25512430694198573,0.254075905211829,0.2462983470928061,30.803495963889336
2026-01-28 00:00:00+00:00,-0.0036337272728556025,-0.003633727272855581,0.0,0.0,1.0000000000000002,0.0,0.24553063512608914,0.2547020388731699,0.25131321910362203,0.24845410689711914,30.691564460506054
2026-01-29 00:00:00+00:00,-0.05320112572395752,-0.053201125723957535,0.0,0.0,1.0000000000000002,0.0,0.2458239986581891,0.25219995418438995,0.24950940943908861,0.25246663771833255,29.058738680977726
2026-01-30 00:00:00+00:00,-0.014764712878469588,-0.014764712878469552,0.0,0.0,1.0000000000000002,0.0,0.24835938127714674,0.24552929695901826,0.2527756719318304,0.2533356498320048,28.62969474774261
2026-01-31 00:00:00+00:00,-0.08810559540048757,-0.08810559540048761,0.0,0.0,1.0000000000000002,0.0,0.2545150475562078,0.24385099848071912,0.24886570837139244,0.2527682455916808,26.107258445858537
2026-02-01 00:00:00+00:00,-0.042516621042846814,-0.042516621042846786,0.0,0.0,1.0000000000000002,0.0,0.25983173047314323,0.2357959712567468,0.2480998554064575,0.2562724428636527,24.99726603204831
2026-02-02 00:00:00+00:00,0.028549947483759164,0.028616207538572136,6.441669334718326e-05,0.032208346673591626,1.0,0.0,0.24863535930036224,0.25127259125239854,0.2521127370628287,0.2479793123844106,25.710936664500846
2026-02-03 00:00:00+00:00,-0.04367877249486107,-0.04367877249486107,0.0,0.0,1.0,0.0,0.2501899714689619,0.2500662694541592,0.2468577829051988,0.25288597617168024,24.58791451130233
2026-02-04 00:00:00+00:00,-0.052012358601449704,-0.05201235860144973,0.0,0.0,1.0000000000000002,0.0,0.2548455731892993,0.25369302522282283,0.24502624374409332,0.2464351578437847,23.309039084478684
2026-02-05 00:00:00+00:00,-0.14175499322235474,-0.14175499322235469,0.0,0.0,1.0000000000000002,0.0,0.25531494275270766,0.25136832799899983,0.24281644801256402,0.2505002812357287,20.004866407038808
2026-02-06 00:00:00+00:00,0.1120551096847393,0.11205510968473928,0.0,0.0,1.0000000000000002,0.0,0.25758133489626883,0.2553072945144333,0.2437406912727655,0.24337067931653258,22.2465139065081
2026-02-07 00:00:00+00:00,-0.0051643077565300954,-0.005164307756530077,0.0,0.0,1.0000000000000002,0.0,0.25418293495890365,0.25958156688521317,0.24539821124059724,0.2408372869152862,22.131626062184964
2026-02-08 00:00:00+00:00,-0.000167934930885405,-0.00016793493088541759,0.0,0.0,1.0000000000000002,0.0,0.25804513802969875,0.25995481738891774,0.24375814518667502,0.23824189939470872,22.12790938909183
2026-02-09 00:00:00+00:00,-0.0009457241357123669,-0.0008737872265623947,7.19998216744655e-05,0.03599991083723275,1.0,0.0,0.24953419591214068,0.2520494212391872,0.24958582832750734,0.2488305545211648,22.106982491109708
2026-02-10 00:00:00+00:00,-0.03180998939673618,-0.03180998939673616,0.0,0.0,1.0,0.0,0.2529676759932042,0.2501462022339416,0.24655595240694084,0.25033016936591346,21.403759612473674
2026-02-11 00:00:00+00:00,-0.03221379019981341,-0.03221379019981345,0.0,0.0,1.0,0.0,0.25471002207466453,0.2480604324920032,0.2434659591029065,0.2537635863304258,20.714263390830208
2026-02-12 00:00:00+00:00,-0.002471114916139605,-0.0024711149161396155,0.0,0.0,1.0,0.0,0.252256505799497,0.24952811199279828,0.24123786819253498,0.2569775140151698,20.66307606558828
2026-02-13 00:00:00+00:00,0.0430008084927167,0.0430008084927168,0.0,0.0,1.0000000000000002,0.0,0.25127861250340466,0.251629719199327,0.2488477790992862,0.24824388919798226,21.55160504235508
2026-02-14 00:00:00+00:00,0.02471450271499287,0.02471450271499288,0.0,0.0,1.0,0.0,0.24866908025734744,0.25009992686983346,0.25355721373212303,0.24767377914069616,22.08424224368682
2026-02-15 00:00:00+00:00,-0.03029877368394218,-0.03029877368394218,0.0,0.0,1.0,0.0,0.2528016027461952,0.24308173344092504,0.25580829708460606,0.2483083667282738,21.415116785964
2026-02-16 00:00:00+00:00,0.009974132061131735,0.010008916363524245,3.4439599323204786e-05,0.017219799661602392,1.0,0.0,0.2477377524642905,0.25151874421681547,0.24838451474514361,0.2523589885737505,21.628713988891764
2026-02-17 00:00:00+00:00,-0.013535835913651262,-0.013535835913651317,0.0,0.0,1.0,0.0,0.24607403833391078,0.2541189447487217,0.24783162802752998,0.25197538888983756,21.335951265314833
2026-02-18 00:00:00+00:00,-0.023786261001395026,-0.023786261001395068,0.0,0.0,1.0,0.0,0.24817688699877838,0.25563563459551825,0.24348749881601514,0.2526999795896882,20.82844875980501
2026-02-19 00:00:00+00:00,0.005052463484047642,0.005052463484047572,0.0,0.0,0.9999999999999999,0.0,0.24894574554668392,0.2534636465044398,0.24490548212856986,0.25268512582030633,20.93368373659328
2026-02-20 00:00:00+00:00,0.020338421285322594,0.020338421285322546,0.0,0.0,1.0,0.0,0.24768409299679073,0.2509348730131027,0.24636622390706517,0.25501481008304133,21.35944181548182
2026-02-21 00:00:00+00:00,0.0017166691302181736,0.0017166691302181129,0.0,0.0,0.9999999999999998,0.0,0.24709943108283577,0.25107356680753457,0.2473671720878599,0.2544598300217696,21.396108909885147
2026-02-22 00:00:00+00:00,-0.014464989970481734,-0.014464989970481686,0.0,0.0,0.9999999999999999,0.0,0.24949962385972066,0.2527537316834666,0.24401341166600576,0.25373323279080684,21.086614409096324
2026-02-23 00:00:00+00:00,-0.04627566276014117,-0.046250915014414445,2.594785789709403e-05,0.012973928948547014,1.0,0.0,0.2505471172332686,0.2485314069144166,0.24664297030484914,0.25427850554746567,20.110817351947848
2026-02-24 00:00:00+00:00,-0.0049332429680777334,-0.0049332429680777525,0.0,0.0,1.0,0.0,0.24946101456957817,0.24917826247878094,0.25130170418353837,0.25005901876810255,20.011605803664054
2026-02-25 00:00:00+00:00,0.09141001556038542,0.09141001556038551,0.0,0.0,1.0,0.0,0.24258999113203594,0.2536463302986773,0.2566638741625503,0.24709980440673662,21.840867001565282
2026-02-26 00:00:00+00:00,-0.013150740812303607,-0.013150740812303637,0.0,0.0,1.0,0.0,0.24400459949366313,0.2533037149636124,0.2537629910770111,0.24892869446571347,21.5536434205117
2026-02-27 00:00:00+00:00,-0.03473538105889773,-0.034735381058897785,0.0,0.0,1.0,0.0,0.24674285935946286,0.24975664841346965,0.2504400596645226,0.25306043256254496,20.804969403092624
2026-02-28 00:00:00+00:00,0.017574303887126996,0.017574303887127028,0.0,0.0,1.0000000000000002,0.0,0.24653492856187964,0.24985259607690896,0.25366300518452733,0.24994947017668417,21.170602257744953
2026-03-01 00:00:00+00:00,-0.009452870804130487,-0.009452870804130478,0.0,0.0,1.0000000000000002,0.0,0.24444012871458803,0.2490527167829628,0.2538371167787781,0.2526700377236712,20.970479289756856
2026-03-02 00:00:00+00:00,0.03998522591039655,0.04001229599317452,2.6028618009796945e-05,0.013014309004898472,0.9999999999999999,0.0,0.251541156983246,0.25124146617326476,0.24912188326026494,0.24809549358322425,21.808988641607076
2026-03-03 00:00:00+00:00,-0.008009449074681818,-0.008009449074681783,0.0,0.0,0.9999999999999999,0.0,0.2517594021969157,0.24770700886777078,0.2520897451692332,0.24844384376608022,21.63431065771181
2026-03-04 00:00:00+00:00,0.05482055269093644,0.05482055269093637,0.0,0.0,0.9999999999999998,0.0,0.2537935869961287,0.251943563861844,0.24964905425920492,0.24461379488282226,22.82031552505499
2026-03-05 00:00:00+00:00,-0.02213549196685005,-0.02213549196685,0.0,0.0,0.9999999999999998,0.0,0.2531962848871659,0.25105559176050485,0.24945582518164083,0.24629229817068837,22.315176614069152
2026-03-06 00:00:00+00:00,-0.040625900749189814,-0.040625900749189765,0.0,0.0,1.0,0.0,0.2535797836833219,0.24979716345026667,0.2480405311237087,0.2485825217427028,21.408602463745336
2026-03-07 00:00:00+00:00,-0.011409939005436742,-0.011409939005436751,0.0,0.0,1.0,0.0,0.25330136312596657,0.2515207006373009,0.2465482880834319,0.2486296481533007,21.164331615442357
2026-03-08 00:00:00+00:00,-0.01713178160688733,-0.017131781606887313,0.0,0.0,1.0,0.0,0.252767344769765,0.2516834679760745,0.24596264038229493,0.24958654687186566,20.80174890835086
2026-03-09 00:00:00+00:00,0.0360327182163207,0.036051163295212574,1.7803250983357777e-05,0.008901625491678888,1.0,0.0,0.25030220209904586,0.24825916150532282,0.2512071696965002,0.25023146669913116,21.55129246517212
2026-03-10 00:00:00+00:00,0.01662523101712665,0.01662523101712673,0.0,0.0,1.0000000000000002,0.0,0.2516649955570167,0.2495330375674324,0.2498042362515534,0.24899773062399766,21.90958768112327
2026-03-11 00:00:00+00:00,0.00847572065589941,0.008475720655899301,0.0,0.0,1.0,0.0,0.25041759602036023,0.24931545378693143,0.24972377867106613,0.2505431715216423,22.095287225994404
2026-03-12 00:00:00+00:00,0.004681155394039571,0.004681155394039561,0.0,0.0,1.0,0.0,0.2504918153138371,0.2507587347175246,0.24927794799219816,0.24947150197644027,22.19871869897522
2026-03-13 00:00:00+00:00,0.009019766297366338,0.009019766297366288,0.0,0.0,1.0,0.0,0.2496204615958155,0.2507584260213484,0.25086220009516397,0.2487589122876721,22.398945953740952
2026-03-14 00:00:00+00:00,0.0018469087302324105,0.0018469087302323568,0.0,0.0,1.0,0.0,0.2501506735729335,0.25076869994444034,0.2500305391588537,0.24905008732377237,22.44031476257092
2026-03-15 00:00:00+00:00,0.033669272978342324,0.03366927297834238,0.0,0.0,1.0,0.0,0.2474511843509199,0.252105888859791,0.2536180551740797,0.24682487161520938,23.195863846031845
2026-03-16 00:00:00+00:00,0.039837440007462144,0.0398612484378183,2.2895776135482882e-05,0.01144788806774144,1.0,0.0,0.24724936789649293,0.25969602780497775,0.25052195283065737,0.24253265146787203,24.119927680419398
2026-03-17 00:00:00+00:00,-0.015216860905463703,-0.015216860905463706,0.0,0.0,1.0000000000000002,0.0,0.24779992228408323,0.25972010341908874,0.2502144010907698,0.24226557320605832,23.75289809585661
2026-03-18 00:00:00+00:00,-0.03963068431207595,-0.0396306843120759,0.0,0.0,1.0000000000000002,0.0,0.24872946112135247,0.2571351280474466,0.24803738640355533,0.2460980244276458,22.81155448992281
2026-03-19 00:00:00+00:00,-0.020420199835539554,-0.02042019983553952,0.0,0.0,1.0000000000000002,0.0,0.24922244888790338,0.25468381793613337,0.24991879816599116,0.24617493500997234,22.345737988679286
2026-03-20 00:00:00+00:00,0.00687601752282907,0.006876017522828976,0.0,0.0,1.0,0.0,0.24957597884317376,0.25393726245369824,0.25086452263373926,0.24562223606938882,22.49938767464999
2026-03-21 00:00:00+00:00,-0.023682262079151806,-0.02368226207915184,0.0,0.0,1.0,0.0,0.24985601804230115,0.2526620041348675,0.25037221806580523,0.24710975975702618,21.96655127911849
2026-03-22 00:00:00+00:00,-0.013104661893343361,-0.013104661893343353,0.0,0.0,1.0,0.0,0.2492830504008718,0.2522151888713001,0.24981386234684957,0.24868789838097863,21.678687051642854
2026-03-23 00:00:00+00:00,0.043401254788225874,0.043410500193538815,8.860755485200268e-06,0.004430377742600133,1.0,0.0,0.25035893356533157,0.2510463041391804,0.2541343545598505,0.24446040773563754,22.619569271845418
2026-03-24 00:00:00+00:00,-0.002834520578425259,-0.0028345205784252336,0.0,0.0,1.0,0.0,0.24983232031683333,0.2522500991090338,0.25307297697878905,0.24484460359534388,22.555453637269256
2026-03-25 00:00:00+00:00,0.010357337418122725,0.010357337418122812,0.0,0.0,1.0000000000000002,0.0,0.2500040795699703,0.25114632776601753,0.25296140296571096,0.24588818969830137,22.789068081209276
2026-03-26 00:00:00+00:00,-0.042822334902832604,-0.04282233490283258,0.0,0.0,1.0,0.0,0.25197600361796263,0.24924622204985436,0.24934971730512925,0.2494280570270539,21.81318697571228
2026-03-27 00:00:00+00:00,-0.032762298322779215,-0.03276229832277918,0.0,0.0,1.0000000000000002,0.0,0.25137670823011693,0.24922551399714674,0.24763523305163476,0.25176254472110177,21.098536836643433
2026-03-28 00:00:00+00:00,-0.004082941704160015,-0.004082941704159963,0.0,0.0,1.0000000000000002,0.0,0.252292333265083,0.2504959038479815,0.2455987983183994,0.2516129645685364,21.012392740696345
2026-03-29 00:00:00+00:00,-0.006628036814862348,-0.006628036814862383,0.0,0.0,1.0000000000000002,0.0,0.2525748621225982,0.2508917392658463,0.24530995463259644,0.2512234439789593,20.873121828042663
2026-03-30 00:00:00+00:00,0.012924912511671938,0.012943915523345728,1.8760181469614722e-05,0.009380090734807361,1.0,0.0,0.2497457955379683,0.2520072307353311,0.2501385324481345,0.24810844127856607,21.142905101515584
2026-03-31 00:00:00+00:00,0.020627988943665798,0.020627988943665722,0.0,0.0,1.0,0.0,0.25014587948252653,0.25653345660591587,0.2469830618648055,0.246337602046752,21.579040714186622
2026-04-01 00:00:00+00:00,-0.004945121669506336,-0.0049451216695062875,0.0,0.0,0.9999999999999999,0.0,0.25076107616353505,0.2620842785039321,0.2422431773383958,0.24491146799413702,21.472329732343738
2026-04-02 00:00:00+00:00,-0.032271460343264224,-0.032271460343264245,0.0,0.0,0.9999999999999999,0.0,0.25451286334408657,0.26030044897727156,0.2434151460848729,0.2417715415937689,20.779386294908914
2026-04-03 00:00:00+00:00,0.006241663536342923,0.006241663536342899,0.0,0.0,1.0,0.0,0.25316966912809025,0.25826456406787646,0.2463174596517125,0.24224830715232076,20.90908423265343
2026-04-04 00:00:00+00:00,0.006193628260710682,0.006193628260710705,0.0,0.0,1.0,0.0,0.25287425552983833,0.2581345089546381,0.24617157839908446,0.2428196571164391,21.038587327662373
2026-04-05 00:00:00+00:00,0.018624294890799753,0.018624294890799767,0.0,0.0,1.0,0.0,0.2546460729726825,0.25889411580845256,0.24480960115741268,0.2416502100614523,21.4304161821386
2026-04-06 00:00:00+00:00,-0.007324335092699807,-0.007270568117034637,5.4160755124540164e-05,0.02708037756227008,1.0,0.0,0.2511724321412471,0.2514717360466626,0.24611101791534373,0.2512448138967465,21.273452632844602
2026-04-07 00:00:00+00:00,0.05243933757102348,0.0524393375710235,0.0,0.0,1.0,0.0,0.24930043052303943,0.25400633665071365,0.2500068701046803,0.24668636272156658,22.389018396759518
2026-04-08 00:00:00+00:00,-0.02494050296161321,-0.02494050296161325,0.0,0.0,0.9999999999999999,0.0,0.25264030603205573,0.25468747749689796,0.2474114159690094,0.2452608005020368,21.830625017127524
2026-04-09 00:00:00+00:00,0.005646812453950378,0.00564681245395037,0.0,0.0,0.9999999999999998,0.0,0.25375990486467087,0.25327703981498134,0.24831671309846262,0.24464634222188503,21.95389846235176
2026-04-10 00:00:00+00:00,0.01598829594443152,0.01598829594443143,0.0,0.0,0.9999999999999998,0.0,0.25385371358554876,0.25553903065126615,0.24880856771527818,0.24179868804790666,22.30490388810184
2026-04-11 00:00:00+00:00,0.005755571892665401,0.005755571892665466,0.0,0.0,0.9999999999999998,0.0,0.2526793033723009,0.25859674141871364,0.24770551364713997,0.2410184415618453,22.4332813659888
2026-04-12 00:00:00+00:00,-0.03434663739688981,-0.03434663739688986,0.0,0.0,0.9999999999999998,0.0,0.2534215209192255,0.2568530958874045,0.24624808790781375,0.243477295285556,21.66277358528878
2026-04-13 00:00:00+00:00,0.05797792182880057,0.05802140488683427,4.10984672265205e-05,0.020549233613260248,0.9999999999999999,0.0,0.2485701166038603,0.25546165298923335,0.25069239508213376,0.24527583532477248,22.918736178811656
2026-04-14 00:00:00+00:00,-0.014494256998913047,-0.01449425699891304,0.0,0.0,0.9999999999999999,0.0,0.25125507536267655,0.25407485115577133,0.2461755448174101,0.2484945286641419,22.586546126545674
2026-04-15 00:00:00+00:00,0.01344677286532514,0.013446772865325191,0.0,0.0,1.0,0.0,0.2501902695966301,0.25475176072233274,0.2463329082437457,0.2487250614372914,22.890262282121522
2026-04-16 00:00:00+00:00,0.01721931119509157,0.017219311195091673,0.0,0.0,1.0000000000000002,0.0,0.24708702508565417,0.24918926106948447,0.25402873083419286,0.24969498301066864,23.28441683169464
2026-04-17 00:00:00+00:00,0.01588208994343665,0.01588208994343665,0.0,0.0,1.0000000000000002,0.0,0.24943052660570597,0.25269357585022284,0.2492430538159722,0.24863284372809918,23.654222034096083
2026-04-18 00:00:00+00:00,-0.024107535730017116,-0.024107535730017105,0.0,0.0,1.0000000000000002,0.0,0.2510149323471093,0.25158527128797104,0.2478621207141104,0.24953767565080945,23.083977031243354
2026-04-19 00:00:00+00:00,-0.028775127810313106,-0.028775127810313102,0.0,0.0,1.0000000000000002,0.0,0.25199859089266685,0.24944503165403437,0.24726662276506872,0.2512897546882303,22.419732641798994
2026-04-20 00:00:00+00:00,0.02328248057170801,0.023295940374442048,1.3153382323588093e-05,0.006576691161794046,1.0000000000000002,0.0,0.2510589349946875,0.24976627471550197,0.2496355650230545,0.24953922526675612,22.941719631454568
2026-04-21 00:00:00+00:00,0.006250599231855114,0.00625059923185518,0.0,0.0,1.0,0.0,0.25112840999185354,0.24964260001037925,0.25026642720708886,0.2489625627906785,23.08511912656037
2026-04-22 00:00:00+00:00,0.015741653800290356,0.015741653800290436,0.0,0.0,1.0000000000000002,0.0,0.25320260339905987,0.25073006121283337,0.24873606213894112,0.24733127324916587,23.448517079789145
2026-04-23 00:00:00+00:00,-0.006070200011446758,-0.006070200011446707,0.0,0.0,1.0000000000000002,0.0,0.25500725469785646,0.2476062424505455,0.24812312303778805,0.24926337981381022,23.306179891143
2026-04-24 00:00:00+00:00,-0.005038397653527316,-0.005038397653527317,0.0,0.0,1.0000000000000002,0.0,0.25361188665917894,0.24722721016349364,0.24955333994471782,0.2496075632326098,23.18875408906678
2026-04-25 00:00:00+00:00,-0.001891169870182785,-0.0018911698701827918,0.0,0.0,1.0000000000000002,0.0,0.2547088714767131,0.24817820064702986,0.2500551940156097,0.24705773386064753,23.14490021600646
2026-04-26 00:00:00+00:00,0.013730357557129924,0.013730357557129912,0.0,0.0,1.0000000000000002,0.0,0.2546011853333915,0.2500899406261837,0.24878616558364602,0.24652270845677896,23.46268797159632
2026-04-27 00:00:00+00:00,-0.020631454139638516,-0.020613076429952,1.8764503838300472e-05,0.009382251919150236,1.0,0.0,0.2510876191801566,0.24817414837774368,0.24906591394960392,0.25167231849249583,22.978618600717684
2026-04-28 00:00:00+00:00,-0.008015001342946526,-0.008015001342946535,0.0,0.0,1.0,0.0,0.24975153062661726,0.24863286059440076,0.24882860739707627,0.2527870013819057,22.794444941773875
2026-04-29 00:00:00+00:00,-0.011698955454028659,-0.011698955454028605,0.0,0.0,1.0,0.0,0.2508450494755171,0.24756298746875455,0.24874897835774165,0.2528429846979867,22.527773745800754
2026-04-30 00:00:00+00:00,0.001678695941612629,0.0016786959416125549,0.0,0.0,1.0,0.0,0.2522969983898363,0.24765382812652817,0.24845171033283084,0.25159746315080467,22.565591028161396
2026-05-01 00:00:00+00:00,0.012396631359712806,0.012396631359712872,0.0,0.0,1.0,0.0,0.25535914078012123,0.24875198952302605,0.24738833008605235,0.2485005396108004,22.845328341551557
2026-05-02 00:00:00+00:00,0.0063629966470433175,0.0063629966470432064,0.0,0.0,0.9999999999999998,0.0,0.25522267138664323,0.24947694791137504,0.24729158349307126,0.2480087972089104,22.990693089189453
2026-05-03 00:00:00+00:00,-0.001100161133309241,-0.0011001611333092947,0.0,0.0,0.9999999999999999,0.0,0.2551197650621692,0.2503639757703111,0.2465356102267969,0.2479806489407226,22.965399622224886
2026-05-04 00:00:00+00:00,0.009496199791932947,0.009518343539779428,2.193496332992162e-05,0.01096748166496081,1.0,0.0,0.25171650222407554,0.2502571928108381,0.2482331085294514,0.24979319643563497,23.183483645339116
2026-05-05 00:00:00+00:00,0.01429224788216743,0.014292247882167403,0.0,0.0,0.9999999999999999,0.0,0.2514154664513849,0.2481594139125218,0.25107844807535756,0.24934667156073564,23.514827740370478
2026-05-06 00:00:00+00:00,0.01584528938695695,0.015845289386957048,0.0,0.0,1.0,0.0,0.2491502677117797,0.24326208089594883,0.25538268893533705,0.2522049624569344,23.887426990801092
2026-05-07 00:00:00+00:00,-0.016858987365910072,-0.016858987365910023,0.0,0.0,1.0,0.0,0.24893900936922675,0.24114152062307126,0.2576352046694167,0.25228426533828535,23.484709160959078
2026-05-08 00:00:00+00:00,0.017617825596004888,0.017617825596004943,0.0,0.0,1.0000000000000002,0.0,0.24520150341254546,0.23862261363295373,0.26345297376774535,0.2527229091867556,23.898458671129752
2026-05-09 00:00:00+00:00,0.006787158477850275,0.006787158477850198,0.0,0.0,1.0,0.0,0.24502215562120605,0.23900288779066886,0.2648049968666862,0.25116995972143896,24.060661297507064
2026-05-10 00:00:00+00:00,0.024089686921311415,0.024089686921311377,0.0,0.0,1.0,0.0,0.2438007577525317,0.23787803461232512,0.26785050754728496,0.2504707000878582,24.640275095283723
2026-05-11 00:00:00+00:00,0.0002169105998037768,0.0002902166988259791,7.328483054057266e-05,0.03664241527028633,1.0,0.0,0.2485156104583719,0.24662005903735554,0.25228527316689686,0.2525790573373758,24.64561983213397
2026-05-12 00:00:00+00:00,-0.02074900333847951,-0.020749003338479535,0.0,0.0,1.0000000000000002,0.0,0.2499280164286963,0.24485922118438452,0.24945503920143594,0.25575772318548334,24.134247783958127
2026-05-13 00:00:00+00:00,-0.011092723907166535,-0.011092723907166518,0.0,0.0,1.0000000000000002,0.0,0.2489929739256608,0.2458306776072218,0.24393217609990994,0.2612441723672076,23.866533236583535
2026-05-14 00:00:00+00:00,0.013469981507624684,0.013469981507624788,0.0,0.0,1.0000000000000002,0.0,0.2511862056764794,0.24520521150179328,0.24330369905922167,0.2603048837625059,24.188014997931425
2026-05-15 00:00:00+00:00,-0.02242099387572305,-0.022420993875723022,0.0,0.0,1.0000000000000004,0.0,0.2506833964852617,0.24439040746517204,0.2409712731994667,0.2639549228500998,23.645695661796907
2026-05-16 00:00:00+00:00,-0.021518147114946817,-0.021518147114946776,0.0,0.0,1.0000000000000004,0.0,0.2530707714950938,0.24483840975975368,0.23881868764318387,0.263272131101969,23.1368841039111
2026-05-17 00:00:00+00:00,-0.014107497254248758,-0.014107497254248737,0.0,0.0,1.0000000000000004,0.0,0.25442437022810077,0.24267418046931838,0.23859675245611006,0.2643046968464713,22.810480574943302
2026-05-18 00:00:00+00:00,-0.003503991582129551,-0.0034293322266044923,7.491626829828723e-05,0.03745813414914362,1.0,0.0,0.2493841271996728,0.25075198130132353,0.25130178322426466,0.24856210827473899,22.73055284302437
2026-05-19 00:00:00+00:00,-0.007209819566528108,-0.00720981956652816,0.0,0.0,0.9999999999999999,0.0,0.2506487162442498,0.2504208613575064,0.24992489684792318,0.24900552555032052,22.566669658378732
2026-05-20 00:00:00+00:00,0.013646438176685427,0.01364643817668534,0.0,0.0,0.9999999999999999,0.0,0.24958463991105073,0.24909780159064607,0.2520295947999193,0.24928796369838369,22.87462432072548
2026-05-21 00:00:00+00:00,0.007646467819739655,0.007646467819739572,0.0,0.0,0.9999999999999997,0.0,0.24789278829168154,0.24771020853664427,0.25354215113248185,0.250854852039192,23.049534399482543
2026-05-22 00:00:00+00:00,-0.02617361744795954,-0.026173617447959593,0.0,0.0,0.9999999999999996,0.0,0.2477467070521764,0.246272347828664,0.2515638147955565,0.25441713032360264,22.446244703756904
2026-05-23 00:00:00+00:00,0.016481476396255523,0.016481476396255506,0.0,0.0,0.9999999999999994,0.0,0.24764183714125715,0.24835772960562516,0.25147280659963933,0.25252762665347783,22.816191956026447
2026-05-24 00:00:00+00:00,-0.0023949736020140167,-0.0023949736020140154,0.0,0.0,0.9999999999999996,0.0,0.24924855243828367,0.24685788703556721,0.250636253904337,0.25325730662181156,22.76154777859328
2026-05-25 00:00:00+00:00,0.004269721876833499,0.004285362860216746,1.5574242104595405e-05,0.007787121052297702,1.0,0.0,0.24976354700710135,0.2504921308880296,0.2483201666469966,0.2514241554578724,22.85873325709413
2026-05-26 00:00:00+00:00,-0.015578742170593629,-0.015578742170593582,0.0,0.0,0.9999999999999999,0.0,0.24914856605972463,0.24973081755995083,0.24830571790847492,0.25281489847184957,22.502622945335485
2026-05-27 00:00:00+00:00,-0.017534392741649918,-0.017534392741649876,0.0,0.0,1.0,0.0,0.24864988104684482,0.24818913305037535,0.24881328948567996,0.25434769641709987,22.10805311689471
2026-05-28 00:00:00+00:00,-0.009700328035029848,-0.009700328035029869,0.0,0.0,1.0,0.0,0.24828022287746568,0.2487710558941031,0.2503056072486096,0.2526431139798216,21.893597749444965
2026-05-29 00:00:00+00:00,0.001734832522152674,0.0017348325221527073,0.0,0.0,1.0,0.0,0.2473225430996694,0.2489147770704807,0.249628699514301,0.2541339803155489,21.93157947484763
2026-05-30 00:00:00+00:00,0.034418461548008095,0.034418461548008004,0.0,0.0,0.9999999999999999,0.0,0.24047201280512948,0.24157621248886604,0.2433818097626664,0.27456996494333796,22.68643069968976
2026-05-31 00:00:00+00:00,-0.0065109136725262085,-0.00651091367252622,0.0,0.0,0.9999999999999999,0.0,0.2413600311978776,0.24130544477823043,0.2441181999287206,0.27321632409517127,22.53872130786633
2026-06-01 00:00:00+00:00,-0.01749866319484894,-0.01740741444316976,9.286529638068525e-05,0.046432648190342624,1.0,0.0,0.24660525130459784,0.2543921870230734,0.25081849691699315,0.24818406475533555,22.14432381485741
2026-06-02 00:00:00+00:00,-0.07161071356337345,-0.07161071356337342,0.0,0.0,1.0,0.0,0.24833712534881544,0.2539570593305395,0.2467318450867017,0.25097397023394336,20.55855298509707
2026-06-03 00:00:00+00:00,-0.03643437439488173,-0.036434374394881744,0.0,0.0,1.0,0.0,0.24762023658538088,0.25692903650310794,0.24702341485498996,0.24842731205652122,19.80951496862103
2026-06-04 00:00:00+00:00,-0.022892533521629344,-0.022892533521629302,0.0,0.0,1.0,0.0,0.2524072678533726,0.25681523176211174,0.24313764085367634,0.24763985953083933,19.356024983154654
2026-06-05 00:00:00+00:00,-0.07006042237119658,-0.07006042237119663,0.0,0.0,1.0,0.0,0.25940192053145616,0.24694315039781214,0.2416003477445583,0.25205458132617337,17.999933697407407
2026-06-06 00:00:00+00:00,-0.007254604895365002,-0.007254604895365043,0.0,0.0,1.0,0.0,0.260562080881061,0.24659234312839595,0.23789740468081855,0.25494817130972447,17.86935129028995
2026-06-07 00:00:00+00:00,0.05912766338397679,0.05912766338397668,0.0,0.0,0.9999999999999999,0.0,0.2559048837944017,0.250746757734071,0.24010590260340411,0.253242455868123,18.925924278272245
2026-06-08 00:00:00+00:00,-0.0008777092350109594,-0.0008381660170093119,3.9576389586383155e-05,0.019788194793191577,1.0,0.0,0.24923779024954054,0.2502067570962031,0.2514137339668174,0.249141718687439,18.90931281975209
2026-06-09 00:00:00+00:00,-0.023345992714724595,-0.02334599271472461,0.0,0.0,1.0,0.0,0.2497102912147073,0.2484648621617652,0.2502964311671418,0.25152841545638577,18.46785614042171
2026-06-10 00:00:00+00:00,-0.013396371356599213,-0.013396371356599232,0.0,0.0,1.0,0.0,0.2522029560818018,0.24908598250794117,0.24674447531836316,0.2519665860918939,18.220453881404367
2026-06-11 00:00:00+00:00,0.039515891231069133,0.03951589123106916,0.0,0.0,1.0,0.0,0.25095794188214426,0.24728043470848035,0.25141360434145077,0.2503480190679247,18.940451355162654
2026-06-12 00:00:00+00:00,-0.0023949610601624594,-0.0023949610601624724,0.0,0.0,1.0,0.0,0.25137854742554677,0.24683131368730798,0.25164063722698665,0.25014950166015865,18.89508971170514
2026-06-13 00:00:00+00:00,0.016015143460607728,0.016015143460607804,0.0,0.0,1.0,0.0,0.2508328433729056,0.24509384351002747,0.25549382793308884,0.24857948518397818,19.19769728413915
2026-06-14 00:00:00+00:00,0.023108903274289494,0.02310890327428942,0.0,0.0,1.0,0.0,0.25006790266876755,0.24589031463268443,0.2582354641514372,0.24580631854711082,19.64133501376741
2026-06-15 00:00:00+00:00,0.022301423429733402,0.022335378732385003,3.3213467280819035e-05,0.016606733640409516,1.0,0.0,0.2467039243797247,0.25453008401859983,0.25379965717010833,0.24496633443156718,20.079364742634684
2026-06-16 00:00:00+00:00,-0.009580653580805953,-0.009580653580805917,0.0,0.0,1.0,0.0,0.24663539855446828,0.2565429654999108,0.2546615949188482,0.2421600410267728,19.886991304912854
2026-06-17 00:00:00+00:00,-0.01689332740597438,-0.016893327405974382,0.0,0.0,1.0,0.0,0.24642090843646705,0.2547819060317861,0.2538237347979716,0.2449734507337753,19.551033849679197
2026-06-18 00:00:00+00:00,-0.029309579394368512,-0.0293095793943685,0.0,0.0,1.0,0.0,0.24775635338112018,0.2565525661067846,0.2530316687178513,0.24265941179424388,18.978001270820037
2026-06-19 00:00:00+00:00,0.003581488789601295,0.0035814887896012827,0.0,0.0,1.0,0.0,0.24916958678107454,0.2556474629232998,0.2521648357369789,0.24301811455864675,19.045970769620517
2026-06-20 00:00:00+00:00,0.022811972065931663,0.02281197206593172,0.0,0.0,1.0,0.0,0.2465033892710252,0.2543130903762661,0.258880167437698,0.24030335291501076,19.480446922785653
2026-06-21 00:00:00+00:00,-0.01297147040119151,-0.012971470401191468,0.0,0.0,1.0000000000000002,0.0,0.2459131144176553,0.2526030199462115,0.2595957700716039,0.24188809556452942,19.227756882124755
2026-06-22 00:00:00+00:00,0.006594017259479612,0.006643136572463348,4.8795160071261336e-05,0.024397580035630667,1.0,0.0,0.2511274441229346,0.2514419314248324,0.24656816825459535,0.25086245619763775,19.35454504286656
2026-06-23 00:00:00+00:00,-0.026759146159736735,-0.026759146159736753,0.0,0.0,1.0,0.0,0.25285120836123026,0.2492271503661946,0.2454249197040698,0.2524967215685054,18.836633943209286
2026-06-24 00:00:00+00:00,-0.024825937504631357,-0.024825937504631395,0.0,0.0,1.0,0.0,0.25244151276561483,0.24868110376251332,0.24596786829577297,0.25290951517609883,18.368996846137556
2026-06-25 00:00:00+00:00,-0.016880888217920442,-0.016880888217920414,0.0,0.0,1.0,0.0,0.251380787879294,0.24448087156265386,0.24872219892136066,0.25541614163669146,18.058911863702573
2026-06-26 00:00:00+00:00,0.021510011832126974,0.02151001183212699,0.0,0.0,1.0,0.0,0.24733293098595138,0.24098448581265264,0.25851387764521805,0.25316870555617793,18.447359271566153
2026-06-27 00:00:00+00:00,-0.010730031680298069,-0.010730031680298032,0.0,0.0,1.0,0.0,0.2497316323105554,0.24287615566986873,0.2561932346142511,0.2511989774053248,18.249418522164408
2026-06-28 00:00:00+00:00,-0.001683259551672256,-0.0016832595516722186,0.0,0.0,1.0,0.0,0.2482691312416176,0.24297035553055535,0.2599017325932679,0.2488587806345592,18.21870001412451
2026-06-29 00:00:00+00:00,0.02643025930333276,0.02647091466537982,3.960693037307145e-05,0.019803465186535724,1.0,0.0,0.2463458361081861,0.24992234321431195,0.256448715983117,0.24728310469438486,18.700224979667453
2026-06-30 00:00:00+00:00,-0.023907639079160714,-0.023907639079160763,0.0,0.0,0.9999999999999999,0.0,0.24552993604209805,0.24952467443422063,0.257487253367642,0.24745813615603918,18.253146750154457
2026-07-01 00:00:00+00:00,0.02685319970351352,0.02685319970351354,0.0,0.0,0.9999999999999999,0.0,0.24481629212445358,0.24881001671570843,0.2636538980867015,0.2427197930731364,18.743302145053892
2026-07-02 00:00:00+00:00,0.03517271484461504,0.03517271484461512,0.0,0.0,1.0,0.0,0.24254994329527269,0.2539418576499963,0.2654147417784602,0.23809345727627076,19.402554966648335
2026-07-03 00:00:00+00:00,0.024329870849807644,0.024329870849807544,0.0,0.0,0.9999999999999999,0.0,0.24072484226972124,0.25631448929750245,0.2643429021707588,0.23861776626201736,19.874616623143183
2026-07-04 00:00:00+00:00,0.0043126979753878025,0.004312697975387882,0.0,0.0,1.0,0.0,0.2418387746117867,0.25846819664657095,0.26144985191652087,0.2382431768251214,19.960329842015422
2026-07-05 00:00:00+00:00,0.007997882389874977,0.007997882389874936,0.0,0.0,0.9999999999999999,0.0,0.24184250439785382,0.25713885517963575,0.2587095198274858,0.2423091205950245,20.119970212554975
2026-07-06 00:00:00+00:00,0.002863683775511827,0.002927262844977574,6.339350002848648e-05,0.03169675001424324,1.0000000000000002,0.0,0.2508090991824066,0.25121210624410695,0.25033962546322497,0.24763916911026154,20.17758744481645
2026-07-07 00:00:00+00:00,-0.014621431383634143,-0.014621431383634163,0.0,0.0,1.0,0.0,0.25183237908935757,0.2509574078235384,0.24983759417296728,0.24737261891413675,19.88256223450479
2026-07-08 00:00:00+00:00,-0.02025101437879484,-0.020251014378794792,0.0,0.0,1.0,0.0,0.25268098495987684,0.25211036713305174,0.2462990484923588,0.2489095994147127,19.47992018080655
2026-07-09 00:00:00+00:00,0.00477422593720167,0.00477422593720178,0.0,0.0,1.0000000000000002,0.0,0.25527537617020013,0.25114558688864425,0.24582164740556914,0.2477573895355867,19.572921720988372
2026-07-10 00:00:00+00:00,0.01440531526292732,0.014405315262927338,0.0,0.0,1.0000000000000002,0.0,0.25535840431808127,0.2549107321015461,0.24261022922568512,0.24712063435468776,19.85487582899581
2026-07-11 00:00:00+00:00,-0.007184276370659437,-0.007184276370659445,0.0,0.0,1.0000000000000002,0.0,0.2558324173040722,0.25545644588950994,0.24014399002576192,0.2485671467806561,19.71223291373518
2026-07-12 00:00:00+00:00,0.0026507386480050243,0.002650738648005104,0.0,0.0,1.0000000000000004,0.0,0.2550000985963571,0.25749455713350944,0.23991458582976352,0.24759075844037026,19.764484891358094
2026-07-13 00:00:00+00:00,-0.01884585669411898,-0.01879681751025397,4.9978622919465475e-05,0.024989311459732738,1.0,0.0,0.24901480308916243,0.2505460298789046,0.24849568095715757,0.2519434860747754,19.39200624146248
2026-07-14 00:00:00+00:00,0.04288769416602012,0.042887694166020035,0.0,0.0,0.9999999999999999,0.0,0.24915303228977867,0.2558142460315405,0.2473286441657951,0.2477040775128857,20.223684674411874
2026-07-15 00:00:00+00:00,-2.3636376184188457e-05,-2.3636376184147474e-05,0.0,0.0,1.0,0.0,0.24805681332582155,0.2593346829065218,0.24546050349363524,0.24714800027402145,20.223206659793078
2026-07-16 00:00:00+00:00,-0.020380613471061126,-0.020380613471061078,0.0,0.0,1.0,0.0,0.24959627638690565,0.25739353216608285,0.24424467473695138,0.2487655167100602,19.811045301714447
2026-07-17 00:00:00+00:00,-0.005581225890381125,-0.005581225890381165,0.0,0.0,1.0,0.0,0.2513961549182194,0.2556774899562215,0.2446699575084115,0.24825639761714755,19.700475382761006
2026-07-18 00:00:00+00:00,0.009138955982150199,0.009138955982150095,0.0,0.0,1.0,0.0,0.25263634731263845,0.25620521972644195,0.2440373690393866,0.2471210639215329,19.88051716011149
2026-07-19 00:00:00+00:00,0.00380909000393137,0.0038090900039313173,0.0,0.0,0.9999999999999998,0.0,0.25124423525688516,0.2565526108590156,0.24584726399756068,0.2463558898865384,19.95624383929906
2026-07-20 00:00:00+00:00,0.011278601625096751,0.01131014174329914,3.118738446360336e-05,0.015593692231801681,0.9999999999999999,0.0,0.24923969704944107,0.25149923530034063,0.25196174591079457,0.24729932173942362,20.181322363495806
2026-07-21 00:00:00+00:00,0.010377241642265389,0.010377241642265327,0.0,0.0,0.9999999999999997,0.0,0.2515965392326191,0.2522250006468038,0.25027084566386754,0.2459076144567093,20.390748822322255
2026-07-22 00:00:00+00:00,-0.0028667400769151197,-0.0028667400769151214,0.0,0.0,0.9999999999999997,0.0,0.25064554301619524,0.25349664705793085,0.25047637443426,0.2453814354916136,20.332293845474993
2026-07-23 00:00:00+00:00,-0.01946859540488699,-0.019468595404886966,0.0,0.0,0.9999999999999998,0.0,0.25169578604653553,0.2510610357480432,0.24860224631126313,0.2486409318941578,19.936452642944168
2026-07-24 00:00:00+00:00,-0.013325084340540472,-0.01332508434054049,0.0,0.0,0.9999999999999996,0.0,0.25133711692632804,0.2521568761650125,0.2456174723704306,0.2508885345382285,19.670797730025747
2026-07-25 00:00:00+00:00,0.006390819829708683,0.0063908198297087365,0.0,0.0,0.9999999999999998,0.0,0.250656122082616,0.25236468618892743,0.24590541582419836,0.2510737759042579,19.796510254224984
2026-07-26 00:00:00+00:00,0.02493947985235745,0.02493947985235742,0.0,0.0,0.9999999999999996,0.0,0.24845087641576677,0.25670920476261555,0.24713274381603959,0.24770717500557776,20.290224922857217
2026-07-27 00:00:00+00:00,-0.026525450325909028,-0.026499324664439522,2.6836819050462868e-05,0.013418409525231434,1.0,0.0,0.25034914441951694,0.2486348305078269,0.24824164616318378,0.25277437890947235,19.752017569564448
2026-07-28 00:00:00+00:00,0.005490676167934527,0.005490676167934508,0.0,0.0,1.0,0.0,0.24960354474920496,0.2511563939045468,0.2456218689312125,0.25361819241503575,19.86046950170228
2026-07-29 00:00:00+00:00,-0.001386992933716913,-0.0013869929337169324,0.0,0.0,0.9999999999999999,0.0,0.2502211939978404,0.2500005581247607,0.2454966109843813,0.2542816368930175,19.83292317084312
2026-07-30 00:00:00+00:00,0.015762513686078616,0.015762513686078665,0.0,0.0,1.0,0.0,0.24940186709879417,0.24710003225398958,0.2444092337996713,0.2590888668475449,20.14553989375848
2026-07-31 00:00:00+00:00,-0.02205324205441317,-0.02205324205441319,0.0,0.0,1.0,0.0,0.24757700160669247,0.24533309332955114,0.2443871245888218,0.2627027804749345,19.70126542616459
2026-08-01 00:00:00+00:00,-0.010975223918680777,-0.010975223918680827,0.0,0.0,0.9999999999999998,0.0,0.2500687009349782,0.24570498383658576,0.2439794113133041,0.2602469039151318,19.485039626631067
2026-08-02 00:00:00+00:00,0.020110487533280486,0.020110487533280486,0.0,0.0,0.9999999999999998,0.0,0.24805114745219095,0.24613673830107152,0.24478733724503796,0.2610247770016994,19.87689327312791
2026-08-03 00:00:00+00:00,-0.003430561318997216,-0.0033866115575392763,4.409910800679795e-05,0.022049554003398975,1.0,0.0,0.2506521886710711,0.24754187550971146,0.25057701549036904,0.25122892032884847,19.80870437192328
2026-08-04 00:00:00+00:00,0.0058621474175482025,0.005862147417548119,0.0,0.0,1.0,0.0,0.2514924501032995,0.24732143447488777,0.24979397246688312,0.25139214295492956,19.924825917102126
2026-08-05 00:00:00+00:00,0.008605192777985327,0.008605192777985368,0.0,0.0,1.0,0.0,0.25151983569031194,0.2503483831420796,0.24860293802103,0.2495288431465785,20.09628288518659
2026-08-06 00:00:00+00:00,-0.0070723730043724675,-0.00707237300437245,0.0,0.0,1.0,0.0,0.25197309032247245,0.25149623987007397,0.245842329852672,0.2506883399547816,19.954154476621163
2026-08-07 00:00:00+00:00,0.007033550548133816,0.007033550548133766,0.0,0.0,0.9999999999999999,0.0,0.25254555563950853,0.25106307660048194,0.24738250463307063,0.24900886312693885,20.094503030777748
2026-08-08 00:00:00+00:00,0.011779853605588864,0.011779853605588924,0.0,0.0,1.0,0.0,0.24975672057954168,0.24847188103001067,0.2523016844904674,0.2494697138999802,20.331213334757372
2026-08-09 00:00:00+00:00,0.0004191262530537365,0.0004191262530537971,0.0,0.0,1.0,0.0,0.24941762264308898,0.24757736047001036,0.25299218137315715,0.25001283551374354,20.339734680022406
2026-08-10 00:00:00+00:00,-0.010595161098555073,-0.01058326824260658,1.202006754760271e-05,0.006010033773801354,1.0,0.0,0.24904730150958174,0.24771624882303553,0.25181265362706806,0.2514237960403147,20.124231914385703
2026-08-11 00:00:00+00:00,0.008120782522767378,0.00812078252276728,0.0,0.0,1.0,0.0,0.24561225806526574,0.24695651758022252,0.2507702006810951,0.25666102367341653,20.287656425200165
2026-08-12 00:00:00+00:00,-0.005598550840201666,-0.0055985508402016755,0.0,0.0,0.9999999999999999,0.0,0.24652896649927183,0.24798016723647137,0.25000066343636457,0.25549020282789214,20.174074949275138
2026-08-13 00:00:00+00:00,0.00310950813645694,0.003109508136456898,0.0,0.0,0.9999999999999998,0.0,0.24580684252521526,0.24804786127859532,0.2513344255277272,0.25481087066846203,20.2368063994754
2026-08-14 00:00:00+00:00,-0.0062952486569226584,-0.00629524865692271,0.0,0.0,0.9999999999999998,0.0,0.24562135413950067,0.2490952000865447,0.25000878731463566,0.2552746584593187,20.1094106711687
2026-08-15 00:00:00+00:00,-3.0344806527082824e-05,-3.034480652707598e-05,0.0,0.0,0.9999999999999998,0.0,0.24579420037087732,0.2491609915628952,0.24985058066166607,0.25519422740456116,20.108800454992508
2026-08-16 00:00:00+00:00,-0.006025658616578,-0.00602565861657798,0.0,0.0,0.9999999999999998,0.0,0.24655512970820273,0.2497886749266526,0.24892996471706103,0.2547262306480834,19.987631688261835
2026-08-17 00:00:00+00:00,0.017335264858876043,0.01735449786690707,1.8904922592334117e-05,0.009452461296167058,1.0,0.0,0.2521116525519589,0.25065792658837543,0.25034580576751825,0.24688461509214743,20.33412257747952
2026-08-18 00:00:00+00:00,0.003947176085525639,0.003947176085525533,0.0,0.0,0.9999999999999998,0.0,0.25187268305504446,0.2502282418711097,0.2527401477544427,0.24515892731940306,20.414384939837493
2026-08-19 00:00:00+00:00,0.09856077853006373,0.09856077853006372,0.0,0.0,0.9999999999999999,0.0,0.24560276036774312,0.2675606013632259,0.254967318225946,0.23186932004308491,22.426442612720283
2026-08-20 00:00:00+00:00,0.03870210839790822,0.03870210839790815,0.0,0.0,0.9999999999999998,0.0,0.2490431881600123,0.2660548863241059,0.25196395094679286,0.23293797456908874,23.294393225697252
2026-08-21 00:00:00+00:00,0.0686816230321996,0.06868162303219962,0.0,0.0,0.9999999999999999,0.0,0.24998583057405685,0.2692293403600923,0.2520985965092206,0.2286862325566301,24.894289959988416
2026-08-22 00:00:00+00:00,-0.011004939921187007,-0.011004939921187007,0.0,0.0,0.9999999999999998,0.0,0.24869200297200483,0.26208721391558903,0.25520298034713845,0.23401780276526754,24.620329794598135
2026-08-23 00:00:00+00:00,0.013307928076810693,0.013307928076810789,0.0,0.0,1.0,0.0,0.24752450477639745,0.2630032672759332,0.2561728002915141,0.23329942765615513,24.947975372732007
2026-08-24 00:00:00+00:00,0.015850777923947845,0.015928703993833893,7.670427026978949e-05,0.038352135134894744,1.0,0.0,0.25006508025373136,0.2479672533016859,0.25520771345134946,0.24675995299323336,25.3434201900173
2026-08-25 00:00:00+00:00,-0.014999396568265988,-0.014999396568266026,0.0,0.0,1.0,0.0,0.2524151113259415,0.24772113473506208,0.2528639843810212,0.24699976955797528,24.96328418019103
2026-08-26 00:00:00+00:00,0.027065480047112622,0.027065480047112643,0.0,0.0,1.0000000000000002,0.0,0.24727987200414686,0.24752547717633316,0.2601671018299902,0.24502754898952986,25.638927450080395
2026-08-27 00:00:00+00:00,0.023761763749675202,0.02376176374967518,0.0,0.0,1.0,0.0,0.24528729250092662,0.2421815839833461,0.27172935168566625,0.24080177183006113,26.24815358694427
2026-08-28 00:00:00+00:00,-0.03328337163523987,-0.03328337163523991,0.0,0.0,0.9999999999999999,0.0,0.2461323344324121,0.24372031162291213,0.2681829705766818,0.241964383367994,25.37452653637115
2026-08-29 00:00:00+00:00,0.006873090364814427,0.006873090364814419,0.0,0.0,1.0,0.0,0.2456584088114863,0.24353109719339652,0.2701120333488292,0.24069846064628797,25.548927950220012
2026-08-30 00:00:00+00:00,-0.01836239177812604,-0.01836239177812609,0.0,0.0,1.0,0.0,0.248500641403568,0.24397007145523047,0.26510756385322615,0.24242172328797534,25.079788525686958
