date,return,gross_return,fee,turnover,gross_exposure,cash_weight,weight_BTCUSDT,weight_ETHUSDT,weight_SOLUSDT,weight_BNBUSDT,equity
2017-08-18 00:00:00+00:00,0.0,0.0,0.0,0.0,0.0,1.0,0.0,0.0,0.0,0.0,1.0
2017-08-19 00:00:00+00:00,0.0,0.0,0.0,0.0,0.0,1.0,0.0,0.0,0.0,0.0,1.0
2017-08-20 00:00:00+00:00,0.0,0.0,0.0,0.0,0.0,1.0,0.0,0.0,0.0,0.0,1.0
2017-08-21 00:00:00+00:00,0.0,0.0,0.0,0.0,0.0,1.0,0.0,0.0,0.0,0.0,1.0
2017-08-22 00:00:00+00:00,0.0,0.0,0.0,0.0,0.0,1.0,0.0,0.0,0.0,0.0,1.0
2017-08-23 00:00:00+00:00,0.0,0.0,0.0,0.0,0.0,1.0,0.0,0.0,0.0,0.0,1.0
2017-08-24 00:00:00+00:00,0.0,0.0,0.0,0.0,0.0,1.0,0.0,0.0,0.0,0.0,1.0
2017-08-25 00:00:00+00:00,0.0,0.0,0.0,0.0,0.0,1.0,0.0,0.0,0.0,0.0,1.0
2017-08-26 00:00:00+00:00,0.0,0.0,0.0,0.0,0.0,1.0,0.0,0.0,0.0,0.0,1.0
2017-08-27 00:00:00+00:00,0.0,0.0,0.0,0.0,0.0,1.0,0.0,0.0,0.0,0.0,1.0
2017-08-28 00:00:00+00:00,0.0,0.0,0.0,0.0,0.0,1.0,0.0,0.0,0.0,0.0,1.0
2017-08-29 00:00:00+00:00,0.0,0.0,0.0,0.0,0.0,1.0,0.0,0.0,0.0,0.0,1.0
2017-08-30 00:00:00+00:00,0.0,0.0,0.0,0.0,0.0,1.0,0.0,0.0,0.0,0.0,1.0
2017-08-31 00:00:00+00:00,0.0,0.0,0.0,0.0,0.0,1.0,0.0,0.0,0.0,0.0,1.0
2017-09-01 00:00:00+00:00,0.0,0.0,0.0,0.0,0.0,1.0,0.0,0.0,0.0,0.0,1.0
2017-09-02 00:00:00+00:00,0.0,0.0,0.0,0.0,0.0,1.0,0.0,0.0,0.0,0.0,1.0
2017-09-03 00:00:00+00:00,0.0,0.0,0.0,0.0,0.0,1.0,0.0,0.0,0.0,0.0,1.0
2017-09-04 00:00:00+00:00,0.0,0.0,0.0,0.0,0.0,1.0,0.0,0.0,0.0,0.0,1.0
2017-09-05 00:00:00+00:00,0.0,0.0,0.0,0.0,0.0,1.0,0.0,0.0,0.0,0.0,1.0
2017-09-06 00:00:00+00:00,0.0,0.0,0.0,0.0,0.0,1.0,0.0,0.0,0.0,0.0,1.0
2017-09-07 00:00:00+00:00,0.0,0.0,0.0,0.0,0.0,1.0,0.0,0.0,0.0,0.0,1.0
2017-09-08 00:00:00+00:00,0.0,0.0,0.0,0.0,0.0,1.0,0.0,0.0,0.0,0.0,1.0
2017-09-09 00:00:00+00:00,0.0,0.0,0.0,0.0,0.0,1.0,0.0,0.0,0.0,0.0,1.0
2017-09-10 00:00:00+00:00,0.0,0.0,0.0,0.0,0.0,1.0,0.0,0.0,0.0,0.0,1.0
2017-09-11 00:00:00+00:00,0.0,0.0,0.0,0.0,0.0,1.0,0.0,0.0,0.0,0.0,1.0
2017-09-12 00:00:00+00:00,0.0,0.0,0.0,0.0,0.0,1.0,0.0,0.0,0.0,0.0,1.0
2017-09-13 00:00:00+00:00,0.0,0.0,0.0,0.0,0.0,1.0,0.0,0.0,0.0,0.0,1.0
2017-09-14 00:00:00+00:00,0.0,0.0,0.0,0.0,0.0,1.0,0.0,0.0,0.0,0.0,1.0
2017-09-15 00:00:00+00:00,0.0,0.0,0.0,0.0,0.0,1.0,0.0,0.0,0.0,0.0,1.0
2017-09-16 00:00:00+00:00,0.0,0.0,0.0,0.0,0.0,1.0,0.0,0.0,0.0,0.0,1.0
2017-09-17 00:00:00+00:00,0.0,0.0,0.0,0.0,0.0,1.0,0.0,0.0,0.0,0.0,1.0
2017-09-18 00:00:00+00:00,0.0,0.0,0.0,0.0,0.0,1.0,0.0,0.0,0.0,0.0,1.0
2017-09-19 00:00:00+00:00,0.0,0.0,0.0,0.0,0.0,1.0,0.0,0.0,0.0,0.0,1.0
2017-09-20 00:00:00+00:00,0.0,0.0,0.0,0.0,0.0,1.0,0.0,0.0,0.0,0.0,1.0
2017-09-21 00:00:00+00:00,0.0,0.0,0.0,0.0,0.0,1.0,0.0,0.0,0.0,0.0,1.0
2017-09-22 00:00:00+00:00,0.0,0.0,0.0,0.0,0.0,1.0,0.0,0.0,0.0,0.0,1.0
2017-09-23 00:00:00+00:00,0.0,0.0,0.0,0.0,0.0,1.0,0.0,0.0,0.0,0.0,1.0
2017-09-24 00:00:00+00:00,0.0,0.0,0.0,0.0,0.0,1.0,0.0,0.0,0.0,0.0,1.0
2017-09-25 00:00:00+00:00,0.0,0.0,0.0,0.0,0.0,1.0,0.0,0.0,0.0,0.0,1.0
2017-09-26 00:00:00+00:00,0.0,0.0,0.0,0.0,0.0,1.0,0.0,0.0,0.0,0.0,1.0
2017-09-27 00:00:00+00:00,0.0,0.0,0.0,0.0,0.0,1.0,0.0,0.0,0.0,0.0,1.0
2017-09-28 00:00:00+00:00,0.0,0.0,0.0,0.0,0.0,1.0,0.0,0.0,0.0,0.0,1.0
2017-09-29 00:00:00+00:00,0.0,0.0,0.0,0.0,0.0,1.0,0.0,0.0,0.0,0.0,1.0
2017-09-30 00:00:00+00:00,0.0,0.0,0.0,0.0,0.0,1.0,0.0,0.0,0.0,0.0,1.0
2017-10-01 00:00:00+00:00,0.0,0.0,0.0,0.0,0.0,1.0,0.0,0.0,0.0,0.0,1.0
2017-10-02 00:00:00+00:00,0.0,0.0,0.0,0.0,0.0,1.0,0.0,0.0,0.0,0.0,1.0
2017-10-03 00:00:00+00:00,0.0,0.0,0.0,0.0,0.0,1.0,0.0,0.0,0.0,0.0,1.0
2017-10-04 00:00:00+00:00,0.0,0.0,0.0,0.0,0.0,1.0,0.0,0.0,0.0,0.0,1.0
2017-10-05 00:00:00+00:00,0.0,0.0,0.0,0.0,0.0,1.0,0.0,0.0,0.0,0.0,1.0
2017-10-06 00:00:00+00:00,0.0,0.0,0.0,0.0,0.0,1.0,0.0,0.0,0.0,0.0,1.0
2017-10-07 00:00:00+00:00,0.0,0.0,0.0,0.0,0.0,1.0,0.0,0.0,0.0,0.0,1.0
2017-10-08 00:00:00+00:00,0.0,0.0,0.0,0.0,0.0,1.0,0.0,0.0,0.0,0.0,1.0
2017-10-09 00:00:00+00:00,0.0,0.0,0.0,0.0,0.0,1.0,0.0,0.0,0.0,0.0,1.0
2017-10-10 00:00:00+00:00,0.0,0.0,0.0,0.0,0.0,1.0,0.0,0.0,0.0,0.0,1.0
2017-10-11 00:00:00+00:00,0.0,0.0,0.0,0.0,0.0,1.0,0.0,0.0,0.0,0.0,1.0
2017-10-12 00:00:00+00:00,0.0,0.0,0.0,0.0,0.0,1.0,0.0,0.0,0.0,0.0,1.0
2017-10-13 00:00:00+00:00,0.0,0.0,0.0,0.0,0.0,1.0,0.0,0.0,0.0,0.0,1.0
2017-10-14 00:00:00+00:00,0.0,0.0,0.0,0.0,0.0,1.0,0.0,0.0,0.0,0.0,1.0
2017-10-15 00:00:00+00:00,0.0,0.0,0.0,0.0,0.0,1.0,0.0,0.0,0.0,0.0,1.0
2017-10-16 00:00:00+00:00,0.0,0.0,0.0,0.0,0.0,1.0,0.0,0.0,0.0,0.0,1.0
2017-10-17 00:00:00+00:00,0.0,0.0,0.0,0.0,0.0,1.0,0.0,0.0,0.0,0.0,1.0
2017-10-18 00:00:00+00:00,0.0,0.0,0.0,0.0,0.0,1.0,0.0,0.0,0.0,0.0,1.0
2017-10-19 00:00:00+00:00,0.0,0.0,0.0,0.0,0.0,1.0,0.0,0.0,0.0,0.0,1.0
2017-10-20 00:00:00+00:00,0.0,0.0,0.0,0.0,0.0,1.0,0.0,0.0,0.0,0.0,1.0
2017-10-21 00:00:00+00:00,0.0,0.0,0.0,0.0,0.0,1.0,0.0,0.0,0.0,0.0,1.0
2017-10-22 00:00:00+00:00,0.0,0.0,0.0,0.0,0.0,1.0,0.0,0.0,0.0,0.0,1.0
2017-10-23 00:00:00+00:00,0.0,0.0,0.0,0.0,0.0,1.0,0.0,0.0,0.0,0.0,1.0
2017-10-24 00:00:00+00:00,0.0,0.0,0.0,0.0,0.0,1.0,0.0,0.0,0.0,0.0,1.0
2017-10-25 00:00:00+00:00,0.0,0.0,0.0,0.0,0.0,1.0,0.0,0.0,0.0,0.0,1.0
2017-10-26 00:00:00+00:00,0.0,0.0,0.0,0.0,0.0,1.0,0.0,0.0,0.0,0.0,1.0
2017-10-27 00:00:00+00:00,0.0,0.0,0.0,0.0,0.0,1.0,0.0,0.0,0.0,0.0,1.0
2017-10-28 00:00:00+00:00,0.0,0.0,0.0,0.0,0.0,1.0,0.0,0.0,0.0,0.0,1.0
2017-10-29 00:00:00+00:00,0.0,0.0,0.0,0.0,0.0,1.0,0.0,0.0,0.0,0.0,1.0
2017-10-30 00:00:00+00:00,0.0,0.0,0.0,0.0,0.0,1.0,0.0,0.0,0.0,0.0,1.0
2017-10-31 00:00:00+00:00,0.0,0.0,0.0,0.0,0.0,1.0,0.0,0.0,0.0,0.0,1.0
2017-11-01 00:00:00+00:00,0.0,0.0,0.0,0.0,0.0,1.0,0.0,0.0,0.0,0.0,1.0
2017-11-02 00:00:00+00:00,0.0,0.0,0.0,0.0,0.0,1.0,0.0,0.0,0.0,0.0,1.0
2017-11-03 00:00:00+00:00,0.0,0.0,0.0,0.0,0.0,1.0,0.0,0.0,0.0,0.0,1.0
2017-11-04 00:00:00+00:00,0.0,0.0,0.0,0.0,0.0,1.0,0.0,0.0,0.0,0.0,1.0
2017-11-05 00:00:00+00:00,0.0,0.0,0.0,0.0,0.0,1.0,0.0,0.0,0.0,0.0,1.0
2017-11-06 00:00:00+00:00,0.0,0.0,0.0,0.0,0.0,1.0,0.0,0.0,0.0,0.0,1.0
2017-11-07 00:00:00+00:00,0.0,0.0,0.0,0.0,0.0,1.0,0.0,0.0,0.0,0.0,1.0
2017-11-08 00:00:00+00:00,0.0,0.0,0.0,0.0,0.0,1.0,0.0,0.0,0.0,0.0,1.0
2017-11-09 00:00:00+00:00,0.0,0.0,0.0,0.0,0.0,1.0,0.0,0.0,0.0,0.0,1.0
2017-11-10 00:00:00+00:00,0.0,0.0,0.0,0.0,0.0,1.0,0.0,0.0,0.0,0.0,1.0
2017-11-11 00:00:00+00:00,0.0,0.0,0.0,0.0,0.0,1.0,0.0,0.0,0.0,0.0,1.0
2017-11-12 00:00:00+00:00,0.0,0.0,0.0,0.0,0.0,1.0,0.0,0.0,0.0,0.0,1.0
2017-11-13 00:00:00+00:00,0.0,0.0,0.0,0.0,0.0,1.0,0.0,0.0,0.0,0.0,1.0
2017-11-14 00:00:00+00:00,0.0,0.0,0.0,0.0,0.0,1.0,0.0,0.0,0.0,0.0,1.0
2017-11-15 00:00:00+00:00,0.0,0.0,0.0,0.0,0.0,1.0,0.0,0.0,0.0,0.0,1.0
2017-11-16 00:00:00+00:00,0.0,0.0,0.0,0.0,0.0,1.0,0.0,0.0,0.0,0.0,1.0
2017-11-17 00:00:00+00:00,0.0,0.0,0.0,0.0,0.0,1.0,0.0,0.0,0.0,0.0,1.0
2017-11-18 00:00:00+00:00,0.0,0.0,0.0,0.0,0.0,1.0,0.0,0.0,0.0,0.0,1.0
2017-11-19 00:00:00+00:00,0.0,0.0,0.0,0.0,0.0,1.0,0.0,0.0,0.0,0.0,1.0
2017-11-20 00:00:00+00:00,0.0,0.0,0.0,0.0,0.0,1.0,0.0,0.0,0.0,0.0,1.0
2017-11-21 00:00:00+00:00,0.0,0.0,0.0,0.0,0.0,1.0,0.0,0.0,0.0,0.0,1.0
2017-11-22 00:00:00+00:00,0.0,0.0,0.0,0.0,0.0,1.0,0.0,0.0,0.0,0.0,1.0
2017-11-23 00:00:00+00:00,0.0,0.0,0.0,0.0,0.0,1.0,0.0,0.0,0.0,0.0,1.0
2017-11-24 00:00:00+00:00,0.0,0.0,0.0,0.0,0.0,1.0,0.0,0.0,0.0,0.0,1.0
2017-11-25 00:00:00+00:00,0.0,0.0,0.0,0.0,0.0,1.0,0.0,0.0,0.0,0.0,1.0
2017-11-26 00:00:00+00:00,0.0,0.0,0.0,0.0,0.0,1.0,0.0,0.0,0.0,0.0,1.0
2017-11-27 00:00:00+00:00,0.0,0.0,0.0,0.0,0.0,1.0,0.0,0.0,0.0,0.0,1.0
2017-11-28 00:00:00+00:00,0.0,0.0,0.0,0.0,0.0,1.0,0.0,0.0,0.0,0.0,1.0
2017-11-29 00:00:00+00:00,0.0,0.0,0.0,0.0,0.0,1.0,0.0,0.0,0.0,0.0,1.0
2017-11-30 00:00:00+00:00,0.0,0.0,0.0,0.0,0.0,1.0,0.0,0.0,0.0,0.0,1.0
2017-12-01 00:00:00+00:00,0.0,0.0,0.0,0.0,0.0,1.0,0.0,0.0,0.0,0.0,1.0
2017-12-02 00:00:00+00:00,0.0,0.0,0.0,0.0,0.0,1.0,0.0,0.0,0.0,0.0,1.0
2017-12-03 00:00:00+00:00,0.0,0.0,0.0,0.0,0.0,1.0,0.0,0.0,0.0,0.0,1.0
2017-12-04 00:00:00+00:00,0.0,0.0,0.0,0.0,0.0,1.0,0.0,0.0,0.0,0.0,1.0
2017-12-05 00:00:00+00:00,0.0,0.0,0.0,0.0,0.0,1.0,0.0,0.0,0.0,0.0,1.0
2017-12-06 00:00:00+00:00,0.0,0.0,0.0,0.0,0.0,1.0,0.0,0.0,0.0,0.0,1.0
2017-12-07 00:00:00+00:00,0.0,0.0,0.0,0.0,0.0,1.0,0.0,0.0,0.0,0.0,1.0
2017-12-08 00:00:00+00:00,0.0,0.0,0.0,0.0,0.0,1.0,0.0,0.0,0.0,0.0,1.0
2017-12-09 00:00:00+00:00,0.0,0.0,0.0,0.0,0.0,1.0,0.0,0.0,0.0,0.0,1.0
2017-12-10 00:00:00+00:00,0.0,0.0,0.0,0.0,0.0,1.0,0.0,0.0,0.0,0.0,1.0
2017-12-11 00:00:00+00:00,0.0,0.0,0.0,0.0,0.0,1.0,0.0,0.0,0.0,0.0,1.0
2017-12-12 00:00:00+00:00,0.0,0.0,0.0,0.0,0.0,1.0,0.0,0.0,0.0,0.0,1.0
2017-12-13 00:00:00+00:00,0.0,0.0,0.0,0.0,0.0,1.0,0.0,0.0,0.0,0.0,1.0
2017-12-14 00:00:00+00:00,0.0,0.0,0.0,0.0,0.0,1.0,0.0,0.0,0.0,0.0,1.0
2017-12-15 00:00:00+00:00,0.0,0.0,0.0,0.0,0.0,1.0,0.0,0.0,0.0,0.0,1.0
2017-12-16 00:00:00+00:00,0.0,0.0,0.0,0.0,0.0,1.0,0.0,0.0,0.0,0.0,1.0
2017-12-17 00:00:00+00:00,0.0,0.0,0.0,0.0,0.0,1.0,0.0,0.0,0.0,0.0,1.0
2017-12-18 00:00:00+00:00,0.0,0.0,0.0,0.0,0.0,1.0,0.0,0.0,0.0,0.0,1.0
2017-12-19 00:00:00+00:00,0.0,0.0,0.0,0.0,0.0,1.0,0.0,0.0,0.0,0.0,1.0
2017-12-20 00:00:00+00:00,0.0,0.0,0.0,0.0,0.0,1.0,0.0,0.0,0.0,0.0,1.0
2017-12-21 00:00:00+00:00,0.0,0.0,0.0,0.0,0.0,1.0,0.0,0.0,0.0,0.0,1.0
2017-12-22 00:00:00+00:00,0.0,0.0,0.0,0.0,0.0,1.0,0.0,0.0,0.0,0.0,1.0
2017-12-23 00:00:00+00:00,0.0,0.0,0.0,0.0,0.0,1.0,0.0,0.0,0.0,0.0,1.0
2017-12-24 00:00:00+00:00,0.0,0.0,0.0,0.0,0.0,1.0,0.0,0.0,0.0,0.0,1.0
2017-12-25 00:00:00+00:00,0.0,0.0,0.0,0.0,0.0,1.0,0.0,0.0,0.0,0.0,1.0
2017-12-26 00:00:00+00:00,0.0,0.0,0.0,0.0,0.0,1.0,0.0,0.0,0.0,0.0,1.0
2017-12-27 00:00:00+00:00,0.0,0.0,0.0,0.0,0.0,1.0,0.0,0.0,0.0,0.0,1.0
2017-12-28 00:00:00+00:00,0.0,0.0,0.0,0.0,0.0,1.0,0.0,0.0,0.0,0.0,1.0
2017-12-29 00:00:00+00:00,0.0,0.0,0.0,0.0,0.0,1.0,0.0,0.0,0.0,0.0,1.0
2017-12-30 00:00:00+00:00,0.0,0.0,0.0,0.0,0.0,1.0,0.0,0.0,0.0,0.0,1.0
2017-12-31 00:00:00+00:00,0.0,0.0,0.0,0.0,0.0,1.0,0.0,0.0,0.0,0.0,1.0
2018-01-01 00:00:00+00:00,0.0,0.0,0.0,0.0,0.0,1.0,0.0,0.0,0.0,0.0,1.0
2018-01-02 00:00:00+00:00,0.0,0.0,0.0,0.0,0.0,1.0,0.0,0.0,0.0,0.0,1.0
2018-01-03 00:00:00+00:00,0.0,0.0,0.0,0.0,0.0,1.0,0.0,0.0,0.0,0.0,1.0
2018-01-04 00:00:00+00:00,0.0,0.0,0.0,0.0,0.0,1.0,0.0,0.0,0.0,0.0,1.0
2018-01-05 00:00:00+00:00,0.0,0.0,0.0,0.0,0.0,1.0,0.0,0.0,0.0,0.0,1.0
2018-01-06 00:00:00+00:00,0.0,0.0,0.0,0.0,0.0,1.0,0.0,0.0,0.0,0.0,1.0
2018-01-07 00:00:00+00:00,0.0,0.0,0.0,0.0,0.0,1.0,0.0,0.0,0.0,0.0,1.0
2018-01-08 00:00:00+00:00,0.0,0.0,0.0,0.0,0.0,1.0,0.0,0.0,0.0,0.0,1.0
2018-01-09 00:00:00+00:00,0.0,0.0,0.0,0.0,0.0,1.0,0.0,0.0,0.0,0.0,1.0
2018-01-10 00:00:00+00:00,0.0,0.0,0.0,0.0,0.0,1.0,0.0,0.0,0.0,0.0,1.0
2018-01-11 00:00:00+00:00,0.0,0.0,0.0,0.0,0.0,1.0,0.0,0.0,0.0,0.0,1.0
2018-01-12 00:00:00+00:00,0.0,0.0,0.0,0.0,0.0,1.0,0.0,0.0,0.0,0.0,1.0
2018-01-13 00:00:00+00:00,0.0,0.0,0.0,0.0,0.0,1.0,0.0,0.0,0.0,0.0,1.0
2018-01-14 00:00:00+00:00,0.0,0.0,0.0,0.0,0.0,1.0,0.0,0.0,0.0,0.0,1.0
2018-01-15 00:00:00+00:00,0.0,0.0,0.0,0.0,0.0,1.0,0.0,0.0,0.0,0.0,1.0
2018-01-16 00:00:00+00:00,0.0,0.0,0.0,0.0,0.0,1.0,0.0,0.0,0.0,0.0,1.0
2018-01-17 00:00:00+00:00,0.0,0.0,0.0,0.0,0.0,1.0,0.0,0.0,0.0,0.0,1.0
2018-01-18 00:00:00+00:00,0.0,0.0,0.0,0.0,0.0,1.0,0.0,0.0,0.0,0.0,1.0
2018-01-19 00:00:00+00:00,0.0,0.0,0.0,0.0,0.0,1.0,0.0,0.0,0.0,0.0,1.0
2018-01-20 00:00:00+00:00,0.0,0.0,0.0,0.0,0.0,1.0,0.0,0.0,0.0,0.0,1.0
2018-01-21 00:00:00+00:00,0.0,0.0,0.0,0.0,0.0,1.0,0.0,0.0,0.0,0.0,1.0
2018-01-22 00:00:00+00:00,0.0,0.0,0.0,0.0,0.0,1.0,0.0,0.0,0.0,0.0,1.0
2018-01-23 00:00:00+00:00,0.0,0.0,0.0,0.0,0.0,1.0,0.0,0.0,0.0,0.0,1.0
2018-01-24 00:00:00+00:00,0.0,0.0,0.0,0.0,0.0,1.0,0.0,0.0,0.0,0.0,1.0
2018-01-25 00:00:00+00:00,0.0,0.0,0.0,0.0,0.0,1.0,0.0,0.0,0.0,0.0,1.0
2018-01-26 00:00:00+00:00,0.0,0.0,0.0,0.0,0.0,1.0,0.0,0.0,0.0,0.0,1.0
2018-01-27 00:00:00+00:00,0.0,0.0,0.0,0.0,0.0,1.0,0.0,0.0,0.0,0.0,1.0
2018-01-28 00:00:00+00:00,0.0,0.0,0.0,0.0,0.0,1.0,0.0,0.0,0.0,0.0,1.0
2018-01-29 00:00:00+00:00,0.0,0.0,0.0,0.0,0.0,1.0,0.0,0.0,0.0,0.0,1.0
2018-01-30 00:00:00+00:00,0.0,0.0,0.0,0.0,0.0,1.0,0.0,0.0,0.0,0.0,1.0
2018-01-31 00:00:00+00:00,0.0,0.0,0.0,0.0,0.0,1.0,0.0,0.0,0.0,0.0,1.0
2018-02-01 00:00:00+00:00,0.0,0.0,0.0,0.0,0.0,1.0,0.0,0.0,0.0,0.0,1.0
2018-02-02 00:00:00+00:00,0.0,0.0,0.0,0.0,0.0,1.0,0.0,0.0,0.0,0.0,1.0
2018-02-03 00:00:00+00:00,0.0,0.0,0.0,0.0,0.0,1.0,0.0,0.0,0.0,0.0,1.0
2018-02-04 00:00:00+00:00,0.0,0.0,0.0,0.0,0.0,1.0,0.0,0.0,0.0,0.0,1.0
2018-02-05 00:00:00+00:00,0.0,0.0,0.0,0.0,0.0,1.0,0.0,0.0,0.0,0.0,1.0
2018-02-06 00:00:00+00:00,0.0,0.0,0.0,0.0,0.0,1.0,0.0,0.0,0.0,0.0,1.0
2018-02-07 00:00:00+00:00,0.0,0.0,0.0,0.0,0.0,1.0,0.0,0.0,0.0,0.0,1.0
2018-02-08 00:00:00+00:00,0.0,0.0,0.0,0.0,0.0,1.0,0.0,0.0,0.0,0.0,1.0
2018-02-09 00:00:00+00:00,0.0,0.0,0.0,0.0,0.0,1.0,0.0,0.0,0.0,0.0,1.0
2018-02-10 00:00:00+00:00,0.0,0.0,0.0,0.0,0.0,1.0,0.0,0.0,0.0,0.0,1.0
2018-02-11 00:00:00+00:00,0.0,0.0,0.0,0.0,0.0,1.0,0.0,0.0,0.0,0.0,1.0
2018-02-12 00:00:00+00:00,0.0,0.0,0.0,0.0,0.0,1.0,0.0,0.0,0.0,0.0,1.0
2018-02-13 00:00:00+00:00,0.0,0.0,0.0,0.0,0.0,1.0,0.0,0.0,0.0,0.0,1.0
2018-02-14 00:00:00+00:00,0.0,0.0,0.0,0.0,0.0,1.0,0.0,0.0,0.0,0.0,1.0
2018-02-15 00:00:00+00:00,0.0,0.0,0.0,0.0,0.0,1.0,0.0,0.0,0.0,0.0,1.0
2018-02-16 00:00:00+00:00,0.0,0.0,0.0,0.0,0.0,1.0,0.0,0.0,0.0,0.0,1.0
2018-02-17 00:00:00+00:00,0.0,0.0,0.0,0.0,0.0,1.0,0.0,0.0,0.0,0.0,1.0
2018-02-18 00:00:00+00:00,0.0,0.0,0.0,0.0,0.0,1.0,0.0,0.0,0.0,0.0,1.0
2018-02-19 00:00:00+00:00,0.0,0.0,0.0,0.0,0.0,1.0,0.0,0.0,0.0,0.0,1.0
2018-02-20 00:00:00+00:00,0.0,0.0,0.0,0.0,0.0,1.0,0.0,0.0,0.0,0.0,1.0
2018-02-21 00:00:00+00:00,0.0,0.0,0.0,0.0,0.0,1.0,0.0,0.0,0.0,0.0,1.0
2018-02-22 00:00:00+00:00,0.0,0.0,0.0,0.0,0.0,1.0,0.0,0.0,0.0,0.0,1.0
2018-02-23 00:00:00+00:00,0.0,0.0,0.0,0.0,0.0,1.0,0.0,0.0,0.0,0.0,1.0
2018-02-24 00:00:00+00:00,0.0,0.0,0.0,0.0,0.0,1.0,0.0,0.0,0.0,0.0,1.0
2018-02-25 00:00:00+00:00,0.0,0.0,0.0,0.0,0.0,1.0,0.0,0.0,0.0,0.0,1.0
2018-02-26 00:00:00+00:00,0.0,0.0,0.0,0.0,0.0,1.0,0.0,0.0,0.0,0.0,1.0
2018-02-27 00:00:00+00:00,0.0,0.0,0.0,0.0,0.0,1.0,0.0,0.0,0.0,0.0,1.0
2018-02-28 00:00:00+00:00,0.0,0.0,0.0,0.0,0.0,1.0,0.0,0.0,0.0,0.0,1.0
2018-03-01 00:00:00+00:00,0.0,0.0,0.0,0.0,0.0,1.0,0.0,0.0,0.0,0.0,1.0
2018-03-02 00:00:00+00:00,0.0,0.0,0.0,0.0,0.0,1.0,0.0,0.0,0.0,0.0,1.0
2018-03-03 00:00:00+00:00,0.0,0.0,0.0,0.0,0.0,1.0,0.0,0.0,0.0,0.0,1.0
2018-03-04 00:00:00+00:00,0.0,0.0,0.0,0.0,0.0,1.0,0.0,0.0,0.0,0.0,1.0
2018-03-05 00:00:00+00:00,-0.002316544296026013,-0.0021003144603436333,0.00021668494219980827,0.10834247109990414,0.10646576823211,0.89353423176789,0.0,0.10646576823211,0.0,0.0,0.997683455703974
2018-03-06 00:00:00+00:00,-0.0045727874942305125,-0.004572787494230498,0.0,0.0,0.10236105609508735,0.8976389439049127,0.0,0.10236105609508735,0.0,0.0,0.9931212612745302
2018-03-07 00:00:00+00:00,-0.008091370198759607,-0.008091370198759587,0.0,0.0,0.0950386790315733,0.9049613209684267,0.0,0.0950386790315733,0.0,0.0,0.9850855494972989
2018-03-08 00:00:00+00:00,-0.00679337117213219,-0.006793371172132166,0.0,0.0,0.08884889135665937,0.9111511086433407,0.0,0.08884889135665937,0.0,0.0,0.9783934977232599
2018-03-09 00:00:00+00:00,0.003598771020758562,0.0035987710207584516,0.0,0.0,0.0921161574195527,0.9078838425804473,0.0,0.0921161574195527,0.0,0.0,0.981914511889765
2018-03-10 00:00:00+00:00,-0.005482543909431481,-0.005482543909431531,0.0,0.0,0.08711120451387193,0.912888795486128,0.0,0.08711120451387193,0.0,0.0,0.9765311224630213
2018-03-11 00:00:00+00:00,0.005173579720900934,0.005173579720900841,0.0,0.0,0.09180979892089562,0.9081902010791042,0.0,0.09180979892089562,0.0,0.0,0.9815832840750246
2018-03-12 00:00:00+00:00,-0.0038244212426646884,-0.0037852205078169345,3.934968207128115e-05,0.019674841035640572,0.10810863446898335,0.8918913655310167,0.0,0.10810863446898335,0.0,0.0,0.9778292961119635
2018-03-13 00:00:00+00:00,-0.0009871517188634327,-0.0009871517188634038,0.0,0.0,0.1072273323956034,0.8927726676043967,0.0,0.1072273323956034,0.0,0.0,0.9768640302415516
2018-03-14 00:00:00+00:00,-0.012438594284791993,-0.01243859428479194,0.0,0.0,0.09598262706728998,0.9040173729327101,0.0,0.09598262706728998,0.0,0.0,0.9647132148979701
2018-03-15 00:00:00+00:00,-0.00019979992849605832,-0.00019979992849608169,0.0,0.0,0.09580196836522305,0.9041980316347771,0.0,0.09580196836522305,0.0,0.0,0.9645204652666143
2018-03-16 00:00:00+00:00,-0.0015420713335072556,-0.001542071333507209,0.0,0.0,0.09440547701154141,0.9055945229884588,0.0,0.09440547701154141,0.0,0.0,0.9630331059065456
2018-03-17 00:00:00+00:00,-0.008045339300935206,-0.00804533930093515,0.0,0.0,0.08706056953222567,0.9129394304677746,0.0,0.08706056953222567,0.0,0.0,0.9552851778114939
2018-03-18 00:00:00+00:00,-0.0016824910240269553,-0.001682491024026926,0.0,0.0,0.08552196845247716,0.9144780315475232,0.0,0.08552196845247716,0.0,0.0,0.9536779190744401
2018-03-19 00:00:00+00:00,-0.00017104393690492437,0.0,0.00017104393690495432,0.08552196845247716,0.0,1.0,0.0,0.0,0.0,0.0,0.9535147982486223
2018-03-20 00:00:00+00:00,0.0,0.0,0.0,0.0,0.0,1.0,0.0,0.0,0.0,0.0,0.9535147982486223
2018-03-21 00:00:00+00:00,0.0,0.0,0.0,0.0,0.0,1.0,0.0,0.0,0.0,0.0,0.9535147982486223
2018-03-22 00:00:00+00:00,0.0,0.0,0.0,0.0,0.0,1.0,0.0,0.0,0.0,0.0,0.9535147982486223
2018-03-23 00:00:00+00:00,0.0,0.0,0.0,0.0,0.0,1.0,0.0,0.0,0.0,0.0,0.9535147982486223
2018-03-24 00:00:00+00:00,0.0,0.0,0.0,0.0,0.0,1.0,0.0,0.0,0.0,0.0,0.9535147982486223
2018-03-25 00:00:00+00:00,0.0,0.0,0.0,0.0,0.0,1.0,0.0,0.0,0.0,0.0,0.9535147982486223
2018-03-26 00:00:00+00:00,0.0,0.0,0.0,0.0,0.0,1.0,0.0,0.0,0.0,0.0,0.9535147982486223
2018-03-27 00:00:00+00:00,0.0,0.0,0.0,0.0,0.0,1.0,0.0,0.0,0.0,0.0,0.9535147982486223
2018-03-28 00:00:00+00:00,0.0,0.0,0.0,0.0,0.0,1.0,0.0,0.0,0.0,0.0,0.9535147982486223
2018-03-29 00:00:00+00:00,0.0,0.0,0.0,0.0,0.0,1.0,0.0,0.0,0.0,0.0,0.9535147982486223
2018-03-30 00:00:00+00:00,0.0,0.0,0.0,0.0,0.0,1.0,0.0,0.0,0.0,0.0,0.9535147982486223
2018-03-31 00:00:00+00:00,0.0,0.0,0.0,0.0,0.0,1.0,0.0,0.0,0.0,0.0,0.9535147982486223
2018-04-01 00:00:00+00:00,0.0,0.0,0.0,0.0,0.0,1.0,0.0,0.0,0.0,0.0,0.9535147982486223
2018-04-02 00:00:00+00:00,0.0,0.0,0.0,0.0,0.0,1.0,0.0,0.0,0.0,0.0,0.9535147982486223
2018-04-03 00:00:00+00:00,0.0,0.0,0.0,0.0,0.0,1.0,0.0,0.0,0.0,0.0,0.9535147982486223
2018-04-04 00:00:00+00:00,0.0,0.0,0.0,0.0,0.0,1.0,0.0,0.0,0.0,0.0,0.9535147982486223
2018-04-05 00:00:00+00:00,0.0,0.0,0.0,0.0,0.0,1.0,0.0,0.0,0.0,0.0,0.9535147982486223
2018-04-06 00:00:00+00:00,0.0,0.0,0.0,0.0,0.0,1.0,0.0,0.0,0.0,0.0,0.9535147982486223
2018-04-07 00:00:00+00:00,0.0,0.0,0.0,0.0,0.0,1.0,0.0,0.0,0.0,0.0,0.9535147982486223
2018-04-08 00:00:00+00:00,0.0,0.0,0.0,0.0,0.0,1.0,0.0,0.0,0.0,0.0,0.9535147982486223
2018-04-09 00:00:00+00:00,0.0,0.0,0.0,0.0,0.0,1.0,0.0,0.0,0.0,0.0,0.9535147982486223
2018-04-10 00:00:00+00:00,0.0,0.0,0.0,0.0,0.0,1.0,0.0,0.0,0.0,0.0,0.9535147982486223
2018-04-11 00:00:00+00:00,0.0,0.0,0.0,0.0,0.0,1.0,0.0,0.0,0.0,0.0,0.9535147982486223
2018-04-12 00:00:00+00:00,0.0,0.0,0.0,0.0,0.0,1.0,0.0,0.0,0.0,0.0,0.9535147982486223
2018-04-13 00:00:00+00:00,0.0,0.0,0.0,0.0,0.0,1.0,0.0,0.0,0.0,0.0,0.9535147982486223
2018-04-14 00:00:00+00:00,0.0,0.0,0.0,0.0,0.0,1.0,0.0,0.0,0.0,0.0,0.9535147982486223
2018-04-15 00:00:00+00:00,0.0,0.0,0.0,0.0,0.0,1.0,0.0,0.0,0.0,0.0,0.9535147982486223
2018-04-16 00:00:00+00:00,0.0,0.0,0.0,0.0,0.0,1.0,0.0,0.0,0.0,0.0,0.9535147982486223
2018-04-17 00:00:00+00:00,0.0,0.0,0.0,0.0,0.0,1.0,0.0,0.0,0.0,0.0,0.9535147982486223
2018-04-18 00:00:00+00:00,0.0,0.0,0.0,0.0,0.0,1.0,0.0,0.0,0.0,0.0,0.9535147982486223
2018-04-19 00:00:00+00:00,0.0,0.0,0.0,0.0,0.0,1.0,0.0,0.0,0.0,0.0,0.9535147982486223
2018-04-20 00:00:00+00:00,0.0,0.0,0.0,0.0,0.0,1.0,0.0,0.0,0.0,0.0,0.9535147982486223
2018-04-21 00:00:00+00:00,0.0,0.0,0.0,0.0,0.0,1.0,0.0,0.0,0.0,0.0,0.9535147982486223
2018-04-22 00:00:00+00:00,0.0,0.0,0.0,0.0,0.0,1.0,0.0,0.0,0.0,0.0,0.9535147982486223
2018-04-23 00:00:00+00:00,0.0,0.0,0.0,0.0,0.0,1.0,0.0,0.0,0.0,0.0,0.9535147982486223
2018-04-24 00:00:00+00:00,0.0,0.0,0.0,0.0,0.0,1.0,0.0,0.0,0.0,0.0,0.9535147982486223
2018-04-25 00:00:00+00:00,0.0,0.0,0.0,0.0,0.0,1.0,0.0,0.0,0.0,0.0,0.9535147982486223
2018-04-26 00:00:00+00:00,0.0,0.0,0.0,0.0,0.0,1.0,0.0,0.0,0.0,0.0,0.9535147982486223
2018-04-27 00:00:00+00:00,0.0,0.0,0.0,0.0,0.0,1.0,0.0,0.0,0.0,0.0,0.9535147982486223
2018-04-28 00:00:00+00:00,0.0,0.0,0.0,0.0,0.0,1.0,0.0,0.0,0.0,0.0,0.9535147982486223
2018-04-29 00:00:00+00:00,0.0,0.0,0.0,0.0,0.0,1.0,0.0,0.0,0.0,0.0,0.9535147982486223
2018-04-30 00:00:00+00:00,0.0,0.0,0.0,0.0,0.0,1.0,0.0,0.0,0.0,0.0,0.9535147982486223
2018-05-01 00:00:00+00:00,0.0,0.0,0.0,0.0,0.0,1.0,0.0,0.0,0.0,0.0,0.9535147982486223
2018-05-02 00:00:00+00:00,0.0,0.0,0.0,0.0,0.0,1.0,0.0,0.0,0.0,0.0,0.9535147982486223
2018-05-03 00:00:00+00:00,0.0,0.0,0.0,0.0,0.0,1.0,0.0,0.0,0.0,0.0,0.9535147982486223
2018-05-04 00:00:00+00:00,0.0,0.0,0.0,0.0,0.0,1.0,0.0,0.0,0.0,0.0,0.9535147982486223
2018-05-05 00:00:00+00:00,0.0,0.0,0.0,0.0,0.0,1.0,0.0,0.0,0.0,0.0,0.9535147982486223
2018-05-06 00:00:00+00:00,0.0,0.0,0.0,0.0,0.0,1.0,0.0,0.0,0.0,0.0,0.9535147982486223
2018-05-07 00:00:00+00:00,-0.0074025440494172035,-0.007130235868822866,0.00027426374579205866,0.13713187289602932,0.13093523614445646,0.8690647638555435,0.0,0.13093523614445646,0.0,0.0,0.9464563629528157
2018-05-08 00:00:00+00:00,-0.0006972779507825599,-0.000697277950782559,0.0,0.0,0.13032883361570533,0.8696711663842946,0.0,0.13032883361570533,0.0,0.0,0.9457964197995508
2018-05-09 00:00:00+00:00,0.000593360822747302,0.0005933608227473784,0.0,0.0,0.13084455640481235,0.8691554435951877,0.0,0.13084455640481235,0.0,0.0,0.9463576183413545
2018-05-10 00:00:00+00:00,-0.005196219225645615,-0.005196219225645652,0.0,0.0,0.12630464379755588,0.8736953562024441,0.0,0.12630464379755588,0.0,0.0,0.9414401366905929
2018-05-11 00:00:00+00:00,-0.007964401776306085,-0.007964401776306035,0.0,0.0,0.11929031804216095,0.880709681957839,0.0,0.11929031804216095,0.0,0.0,0.9339421291936485
2018-05-12 00:00:00+00:00,0.00133923188537044,0.0013392318853704848,0.0,0.0,0.1204682150527591,0.8795317849472409,0.0,0.1204682150527591,0.0,0.0,0.9351928942721554
2018-05-13 00:00:00+00:00,0.00783458708389162,0.007834587083891625,0.0,0.0,0.12730541676277168,0.8726945832372284,0.0,0.12730541676277168,0.0,0.0,0.9425197444425673
2018-05-14 00:00:00+00:00,-0.00025461083352551483,0.0,0.00025461083352554335,0.12730541676277168,0.0,1.0,0.0,0.0,0.0,0.0,0.9422797687048204
2018-05-15 00:00:00+00:00,0.0,0.0,0.0,0.0,0.0,1.0,0.0,0.0,0.0,0.0,0.9422797687048204
2018-05-16 00:00:00+00:00,0.0,0.0,0.0,0.0,0.0,1.0,0.0,0.0,0.0,0.0,0.9422797687048204
2018-05-17 00:00:00+00:00,0.0,0.0,0.0,0.0,0.0,1.0,0.0,0.0,0.0,0.0,0.9422797687048204
2018-05-18 00:00:00+00:00,0.0,0.0,0.0,0.0,0.0,1.0,0.0,0.0,0.0,0.0,0.9422797687048204
2018-05-19 00:00:00+00:00,0.0,0.0,0.0,0.0,0.0,1.0,0.0,0.0,0.0,0.0,0.9422797687048204
2018-05-20 00:00:00+00:00,0.0,0.0,0.0,0.0,0.0,1.0,0.0,0.0,0.0,0.0,0.9422797687048204
2018-05-21 00:00:00+00:00,0.0,0.0,0.0,0.0,0.0,1.0,0.0,0.0,0.0,0.0,0.9422797687048204
2018-05-22 00:00:00+00:00,0.0,0.0,0.0,0.0,0.0,1.0,0.0,0.0,0.0,0.0,0.9422797687048204
2018-05-23 00:00:00+00:00,0.0,0.0,0.0,0.0,0.0,1.0,0.0,0.0,0.0,0.0,0.9422797687048204
2018-05-24 00:00:00+00:00,0.0,0.0,0.0,0.0,0.0,1.0,0.0,0.0,0.0,0.0,0.9422797687048204
2018-05-25 00:00:00+00:00,0.0,0.0,0.0,0.0,0.0,1.0,0.0,0.0,0.0,0.0,0.9422797687048204
2018-05-26 00:00:00+00:00,0.0,0.0,0.0,0.0,0.0,1.0,0.0,0.0,0.0,0.0,0.9422797687048204
2018-05-27 00:00:00+00:00,0.0,0.0,0.0,0.0,0.0,1.0,0.0,0.0,0.0,0.0,0.9422797687048204
2018-05-28 00:00:00+00:00,-0.007839558071079056,-0.007570698490249104,0.0002709105630203911,0.13545528151019556,0.12886014432000317,0.8711398556799967,0.0,0.0,0.0,0.12886014432000317,0.934892711738856
2018-05-29 00:00:00+00:00,0.007614364565562193,0.007614364565562235,0.0,0.0,0.13544319502075286,0.8645568049792471,0.0,0.0,0.0,0.13544319502075286,0.9420113256757228
2018-05-30 00:00:00+00:00,0.00014302797952914226,0.00014302797952918018,0.0,0.0,0.13556683315004542,0.8644331668499546,0.0,0.0,0.0,0.13556683315004542,0.9421460596523278
2018-05-31 00:00:00+00:00,0.017030798463384844,0.017030798463384896,0.0,0.0,0.15004229158447077,0.8499577084155293,0.0,0.0,0.0,0.15004229158447077,0.9581915593173387
2018-06-01 00:00:00+00:00,0.0006174275346171321,0.0006174275346171238,0.0,0.0,0.1505667550587167,0.8494332449412834,0.0,0.0,0.0,0.1505667550587167,0.9587831731694989
2018-06-02 00:00:00+00:00,0.004524303664915408,0.00452430366491531,0.0,0.0,0.1543925399891236,0.8456074600108764,0.0,0.0,0.0,0.1543925399891236,0.9631209993937289
2018-06-03 00:00:00+00:00,-0.00013147847190542183,-0.0001314784719054369,0.0,0.0,0.1542813461928591,0.8457186538071408,0.0,0.0,0.0,0.1542813461928591,0.9629943697164686
2018-06-04 00:00:00+00:00,-0.004018939891807682,-0.004002095745289496,1.6911829278062342e-05,0.00845591463903117,0.142393207056658,0.8576067929433421,0.0,0.0,0.0,0.142393207056658,0.9591241532284288
2018-06-05 00:00:00+00:00,0.013498079381730088,0.013498079381730099,0.0,0.0,0.15381507830136917,0.8461849216986309,0.0,0.0,0.0,0.15381507830136917,0.9720704871856408
2018-06-06 00:00:00+00:00,0.016110808554888667,0.01611080855488865,0.0,0.0,0.16723164976261415,0.8327683502373859,0.0,0.0,0.0,0.16723164976261415,0.987731328706546
2018-06-07 00:00:00+00:00,-0.009414729308653946,-0.009414729308653936,0.0,0.0,0.15931684542797322,0.8406831545720268,0.0,0.0,0.0,0.15931684542797322,0.9784321056170968
2018-06-08 00:00:00+00:00,-0.0004971311884361951,-0.0004971311884362025,0.0,0.0,0.15889870774295825,0.8411012922570418,0.0,0.0,0.0,0.15889870774295825,0.9779456965016272
2018-06-09 00:00:00+00:00,-0.002056092020926492,-0.0020560920209265364,0.0,0.0,0.15716576299328502,0.842834237006715,0.0,0.0,0.0,0.15716576299328502,0.9759349501581508
2018-06-10 00:00:00+00:00,-0.018044550994884223,-0.018044550994884265,0.0,0.0,0.14167772289400063,0.8583222771059994,0.0,0.0,0.0,0.14167772289400063,0.9583246421823323
2018-06-11 00:00:00+00:00,0.012090073963874515,0.012107460975061228,1.7179016909910917e-05,0.008589508454955458,0.1434587541467438,0.8565412458532561,0.0,0.0,0.0,0.1434587541467438,0.9699108579877203
2018-06-12 00:00:00+00:00,-0.0022580611916439564,-0.0022580611916439715,0.0,0.0,0.1415202543492775,0.8584797456507224,0.0,0.0,0.0,0.1415202543492775,0.9677207399199441
2018-06-13 00:00:00+00:00,-0.006014366833442808,-0.006014366833442843,0.0,0.0,0.1363258008912576,0.8636741991087423,0.0,0.0,0.0,0.1363258008912576,0.9619005123977349
2018-06-14 00:00:00+00:00,0.0026892259171382715,0.002689225917138278,0.0,0.0,0.1386421866468564,0.8613578133531435,0.0,0.0,0.0,0.1386421866468564,0.9644872801853834
2018-06-15 00:00:00+00:00,0.0010537813339002167,0.001053781333900221,0.0,0.0,0.1395489139400805,0.8604510860599194,0.0,0.0,0.0,0.1395489139400805,0.9655036388780269
2018-06-16 00:00:00+00:00,0.007529865630024446,0.007529865630024494,0.0,0.0,0.14597957300068154,0.8540204269993185,0.0,0.0,0.0,0.14597957300068154,0.9727737515440781
2018-06-17 00:00:00+00:00,0.007602110735238199,0.007602110735238137,0.0,0.0,0.1524229476096001,0.8475770523903998,0.0,0.0,0.0,0.1524229476096001,0.9801688853236492
2018-06-18 00:00:00+00:00,0.0015459850609662595,0.0015857668173900955,3.971877171383587e-05,0.019859385856917933,0.1339369358216234,0.8660630641783765,0.0,0.0,0.0,0.1339369358216234,0.9816842117775835
2018-06-19 00:00:00+00:00,-0.0005553747011617371,-0.0005553747011617003,0.0,0.0,0.13345567902832037,0.8665443209716795,0.0,0.0,0.0,0.13345567902832037,0.9811390092018323
2018-06-20 00:00:00+00:00,-0.00528337635485332,-0.005283376354853372,0.0,0.0,0.1288530820001566,0.8711469179998432,0.0,0.0,0.0,0.1288530820001566,0.9759552825597911
2018-06-21 00:00:00+00:00,0.0079811840077475,0.007981184007747576,0.0,0.0,0.13575081378389348,0.8642491862161065,0.0,0.0,0.0,0.13575081378389348,0.9837445612532341
2018-06-22 00:00:00+00:00,-0.012106778643402705,-0.012106778643402654,0.0,0.0,0.12515931121655036,0.8748406887834497,0.0,0.0,0.0,0.12515931121655036,0.9718345836084898
2018-06-23 00:00:00+00:00,0.0004217587078936269,0.0004217587078936931,0.0,0.0,0.12552812734365126,0.8744718726563488,0.0,0.0,0.0,0.12552812734365126,0.972244463306759
2018-06-24 00:00:00+00:00,-0.009533842928153735,-0.009533842928153782,0.0,0.0,0.11711080039162157,0.8828891996083785,0.0,0.0,0.0,0.11711080039162157,0.9629752373058252
2018-06-25 00:00:00+00:00,0.0044951748027908245,0.004532978021720378,3.763263104018241e-05,0.018816315520091206,0.13982626454937158,0.8601737354506283,0.0,0.0,0.0,0.13982626454937158,0.9673039793282739
2018-06-26 00:00:00+00:00,-0.00793727241743325,-0.007937272417433203,0.0,0.0,0.1329442065153704,0.8670557934846295,0.0,0.0,0.0,0.1329442065153704,0.9596262241338782
2018-06-27 00:00:00+00:00,0.0003093595839211982,0.0003093595839211848,0.0,0.0,0.13321235558039607,0.8667876444196038,0.0,0.0,0.0,0.13321235558039607,0.9599230937032961
2018-06-28 00:00:00+00:00,0.00043505014885836246,0.0004350501488582542,0.0,0.0,0.133589287689759,0.8664107123102407,0.0,0.0,0.0,0.133589287689759,0.9603407083881043
2018-06-29 00:00:00+00:00,0.0033418119620647335,0.003341811962064778,0.0,0.0,0.13647502577815526,0.8635249742218445,0.0,0.0,0.0,0.13647502577815526,0.9635499864550533
2018-06-30 00:00:00+00:00,0.0023526765439951802,0.002352676543995079,0.0,0.0,0.13850185226303122,0.8614981477369684,0.0,0.0,0.0,0.13850185226303122,0.965816907907153
2018-07-01 00:00:00+00:00,-0.003445062496905238,-0.0034450624969052748,0.0,0.0,0.1355236773042495,0.8644763226957501,0.0,0.0,0.0,0.1355236773042495,0.9624896082988451
2018-07-02 00:00:00+00:00,0.0022159270182486868,0.0022241095634771245,8.16438673779296e-06,0.004082193368896481,0.1415152348494168,0.8584847651505831,0.0,0.0,0.0,0.1415152348494168,0.9646224150266581
2018-07-03 00:00:00+00:00,-0.004137804329286676,-0.0041378043292866346,0.0,0.0,0.1379482333171674,0.8620517666828326,0.0,0.0,0.0,0.1379482333171674,0.9606309962216338
2018-07-04 00:00:00+00:00,-0.001448602478305916,-0.0014486024783058906,0.0,0.0,0.13669765139545156,0.8633023486045485,0.0,0.0,0.0,0.13669765139545156,0.9592394237797697
2018-07-05 00:00:00+00:00,-0.0025465314341491796,-0.0025465314341491514,0.0,0.0,0.13449361217239167,0.8655063878276084,0.0,0.0,0.0,0.13449361217239167,0.9567966904342393
2018-07-06 00:00:00+00:00,-0.0031609908558540845,-0.0031609908558540294,0.0,0.0,0.13174907895036694,0.8682509210496331,0.0,0.0,0.0,0.13174907895036694,0.9537722648448652
2018-07-07 00:00:00+00:00,0.007040161847964743,0.007040161847964779,0.0,0.0,0.1378189729232319,0.8621810270767681,0.0,0.0,0.0,0.1378189729232319,0.9604869759554729
2018-07-08 00:00:00+00:00,-0.0014118202615311937,-0.001411820261531139,0.0,0.0,0.1366000073197601,0.86339999268024,0.0,0.0,0.0,0.1366000073197601,0.9591309409818822
2018-07-09 00:00:00+00:00,-0.0002732000146394853,0.0,0.0002732000146395202,0.1366000073197601,0.0,1.0,0.0,0.0,0.0,0.0,0.9588689063947647
2018-07-10 00:00:00+00:00,0.0,0.0,0.0,0.0,0.0,1.0,0.0,0.0,0.0,0.0,0.9588689063947647
2018-07-11 00:00:00+00:00,0.0,0.0,0.0,0.0,0.0,1.0,0.0,0.0,0.0,0.0,0.9588689063947647
2018-07-12 00:00:00+00:00,0.0,0.0,0.0,0.0,0.0,1.0,0.0,0.0,0.0,0.0,0.9588689063947647
2018-07-13 00:00:00+00:00,0.0,0.0,0.0,0.0,0.0,1.0,0.0,0.0,0.0,0.0,0.9588689063947647
2018-07-14 00:00:00+00:00,0.0,0.0,0.0,0.0,0.0,1.0,0.0,0.0,0.0,0.0,0.9588689063947647
2018-07-15 00:00:00+00:00,0.0,0.0,0.0,0.0,0.0,1.0,0.0,0.0,0.0,0.0,0.9588689063947647
2018-07-16 00:00:00+00:00,0.0,0.0,0.0,0.0,0.0,1.0,0.0,0.0,0.0,0.0,0.9588689063947647
2018-07-17 00:00:00+00:00,0.0,0.0,0.0,0.0,0.0,1.0,0.0,0.0,0.0,0.0,0.9588689063947647
2018-07-18 00:00:00+00:00,0.0,0.0,0.0,0.0,0.0,1.0,0.0,0.0,0.0,0.0,0.9588689063947647
2018-07-19 00:00:00+00:00,0.0,0.0,0.0,0.0,0.0,1.0,0.0,0.0,0.0,0.0,0.9588689063947647
2018-07-20 00:00:00+00:00,0.0,0.0,0.0,0.0,0.0,1.0,0.0,0.0,0.0,0.0,0.9588689063947647
2018-07-21 00:00:00+00:00,0.0,0.0,0.0,0.0,0.0,1.0,0.0,0.0,0.0,0.0,0.9588689063947647
2018-07-22 00:00:00+00:00,0.0,0.0,0.0,0.0,0.0,1.0,0.0,0.0,0.0,0.0,0.9588689063947647
2018-07-23 00:00:00+00:00,0.0,0.0,0.0,0.0,0.0,1.0,0.0,0.0,0.0,0.0,0.9588689063947647
2018-07-24 00:00:00+00:00,0.0,0.0,0.0,0.0,0.0,1.0,0.0,0.0,0.0,0.0,0.9588689063947647
2018-07-25 00:00:00+00:00,0.0,0.0,0.0,0.0,0.0,1.0,0.0,0.0,0.0,0.0,0.9588689063947647
2018-07-26 00:00:00+00:00,0.0,0.0,0.0,0.0,0.0,1.0,0.0,0.0,0.0,0.0,0.9588689063947647
2018-07-27 00:00:00+00:00,0.0,0.0,0.0,0.0,0.0,1.0,0.0,0.0,0.0,0.0,0.9588689063947647
2018-07-28 00:00:00+00:00,0.0,0.0,0.0,0.0,0.0,1.0,0.0,0.0,0.0,0.0,0.9588689063947647
2018-07-29 00:00:00+00:00,0.0,0.0,0.0,0.0,0.0,1.0,0.0,0.0,0.0,0.0,0.9588689063947647
2018-07-30 00:00:00+00:00,0.0,0.0,0.0,0.0,0.0,1.0,0.0,0.0,0.0,0.0,0.9588689063947647
2018-07-31 00:00:00+00:00,0.0,0.0,0.0,0.0,0.0,1.0,0.0,0.0,0.0,0.0,0.9588689063947647
2018-08-01 00:00:00+00:00,0.0,0.0,0.0,0.0,0.0,1.0,0.0,0.0,0.0,0.0,0.9588689063947647
2018-08-02 00:00:00+00:00,0.0,0.0,0.0,0.0,0.0,1.0,0.0,0.0,0.0,0.0,0.9588689063947647
2018-08-03 00:00:00+00:00,0.0,0.0,0.0,0.0,0.0,1.0,0.0,0.0,0.0,0.0,0.9588689063947647
2018-08-04 00:00:00+00:00,0.0,0.0,0.0,0.0,0.0,1.0,0.0,0.0,0.0,0.0,0.9588689063947647
2018-08-05 00:00:00+00:00,0.0,0.0,0.0,0.0,0.0,1.0,0.0,0.0,0.0,0.0,0.9588689063947647
2018-08-06 00:00:00+00:00,0.0,0.0,0.0,0.0,0.0,1.0,0.0,0.0,0.0,0.0,0.9588689063947647
2018-08-07 00:00:00+00:00,0.0,0.0,0.0,0.0,0.0,1.0,0.0,0.0,0.0,0.0,0.9588689063947647
2018-08-08 00:00:00+00:00,0.0,0.0,0.0,0.0,0.0,1.0,0.0,0.0,0.0,0.0,0.9588689063947647
2018-08-09 00:00:00+00:00,0.0,0.0,0.0,0.0,0.0,1.0,0.0,0.0,0.0,0.0,0.9588689063947647
2018-08-10 00:00:00+00:00,0.0,0.0,0.0,0.0,0.0,1.0,0.0,0.0,0.0,0.0,0.9588689063947647
2018-08-11 00:00:00+00:00,0.0,0.0,0.0,0.0,0.0,1.0,0.0,0.0,0.0,0.0,0.9588689063947647
2018-08-12 00:00:00+00:00,0.0,0.0,0.0,0.0,0.0,1.0,0.0,0.0,0.0,0.0,0.9588689063947647
2018-08-13 00:00:00+00:00,0.0,0.0,0.0,0.0,0.0,1.0,0.0,0.0,0.0,0.0,0.9588689063947647
2018-08-14 00:00:00+00:00,0.0,0.0,0.0,0.0,0.0,1.0,0.0,0.0,0.0,0.0,0.9588689063947647
2018-08-15 00:00:00+00:00,0.0,0.0,0.0,0.0,0.0,1.0,0.0,0.0,0.0,0.0,0.9588689063947647
2018-08-16 00:00:00+00:00,0.0,0.0,0.0,0.0,0.0,1.0,0.0,0.0,0.0,0.0,0.9588689063947647
2018-08-17 00:00:00+00:00,0.0,0.0,0.0,0.0,0.0,1.0,0.0,0.0,0.0,0.0,0.9588689063947647
2018-08-18 00:00:00+00:00,0.0,0.0,0.0,0.0,0.0,1.0,0.0,0.0,0.0,0.0,0.9588689063947647
2018-08-19 00:00:00+00:00,0.0,0.0,0.0,0.0,0.0,1.0,0.0,0.0,0.0,0.0,0.9588689063947647
2018-08-20 00:00:00+00:00,0.0,0.0,0.0,0.0,0.0,1.0,0.0,0.0,0.0,0.0,0.9588689063947647
2018-08-21 00:00:00+00:00,0.0,0.0,0.0,0.0,0.0,1.0,0.0,0.0,0.0,0.0,0.9588689063947647
2018-08-22 00:00:00+00:00,0.0,0.0,0.0,0.0,0.0,1.0,0.0,0.0,0.0,0.0,0.9588689063947647
2018-08-23 00:00:00+00:00,0.0,0.0,0.0,0.0,0.0,1.0,0.0,0.0,0.0,0.0,0.9588689063947647
2018-08-24 00:00:00+00:00,0.0,0.0,0.0,0.0,0.0,1.0,0.0,0.0,0.0,0.0,0.9588689063947647
2018-08-25 00:00:00+00:00,0.0,0.0,0.0,0.0,0.0,1.0,0.0,0.0,0.0,0.0,0.9588689063947647
2018-08-26 00:00:00+00:00,0.0,0.0,0.0,0.0,0.0,1.0,0.0,0.0,0.0,0.0,0.9588689063947647
2018-08-27 00:00:00+00:00,0.0,0.0,0.0,0.0,0.0,1.0,0.0,0.0,0.0,0.0,0.9588689063947647
2018-08-28 00:00:00+00:00,0.0,0.0,0.0,0.0,0.0,1.0,0.0,0.0,0.0,0.0,0.9588689063947647
2018-08-29 00:00:00+00:00,0.0,0.0,0.0,0.0,0.0,1.0,0.0,0.0,0.0,0.0,0.9588689063947647
2018-08-30 00:00:00+00:00,0.0,0.0,0.0,0.0,0.0,1.0,0.0,0.0,0.0,0.0,0.9588689063947647
2018-08-31 00:00:00+00:00,0.0,0.0,0.0,0.0,0.0,1.0,0.0,0.0,0.0,0.0,0.9588689063947647
2018-09-01 00:00:00+00:00,0.0,0.0,0.0,0.0,0.0,1.0,0.0,0.0,0.0,0.0,0.9588689063947647
2018-09-02 00:00:00+00:00,0.0,0.0,0.0,0.0,0.0,1.0,0.0,0.0,0.0,0.0,0.9588689063947647
2018-09-03 00:00:00+00:00,0.0,0.0,0.0,0.0,0.0,1.0,0.0,0.0,0.0,0.0,0.9588689063947647
2018-09-04 00:00:00+00:00,0.0,0.0,0.0,0.0,0.0,1.0,0.0,0.0,0.0,0.0,0.9588689063947647
2018-09-05 00:00:00+00:00,0.0,0.0,0.0,0.0,0.0,1.0,0.0,0.0,0.0,0.0,0.9588689063947647
2018-09-06 00:00:00+00:00,0.0,0.0,0.0,0.0,0.0,1.0,0.0,0.0,0.0,0.0,0.9588689063947647
2018-09-07 00:00:00+00:00,0.0,0.0,0.0,0.0,0.0,1.0,0.0,0.0,0.0,0.0,0.9588689063947647
2018-09-08 00:00:00+00:00,0.0,0.0,0.0,0.0,0.0,1.0,0.0,0.0,0.0,0.0,0.9588689063947647
2018-09-09 00:00:00+00:00,0.0,0.0,0.0,0.0,0.0,1.0,0.0,0.0,0.0,0.0,0.9588689063947647
2018-09-10 00:00:00+00:00,0.0,0.0,0.0,0.0,0.0,1.0,0.0,0.0,0.0,0.0,0.9588689063947647
2018-09-11 00:00:00+00:00,0.0,0.0,0.0,0.0,0.0,1.0,0.0,0.0,0.0,0.0,0.9588689063947647
2018-09-12 00:00:00+00:00,0.0,0.0,0.0,0.0,0.0,1.0,0.0,0.0,0.0,0.0,0.9588689063947647
2018-09-13 00:00:00+00:00,0.0,0.0,0.0,0.0,0.0,1.0,0.0,0.0,0.0,0.0,0.9588689063947647
2018-09-14 00:00:00+00:00,0.0,0.0,0.0,0.0,0.0,1.0,0.0,0.0,0.0,0.0,0.9588689063947647
2018-09-15 00:00:00+00:00,0.0,0.0,0.0,0.0,0.0,1.0,0.0,0.0,0.0,0.0,0.9588689063947647
2018-09-16 00:00:00+00:00,0.0,0.0,0.0,0.0,0.0,1.0,0.0,0.0,0.0,0.0,0.9588689063947647
2018-09-17 00:00:00+00:00,0.0,0.0,0.0,0.0,0.0,1.0,0.0,0.0,0.0,0.0,0.9588689063947647
2018-09-18 00:00:00+00:00,0.0,0.0,0.0,0.0,0.0,1.0,0.0,0.0,0.0,0.0,0.9588689063947647
2018-09-19 00:00:00+00:00,0.0,0.0,0.0,0.0,0.0,1.0,0.0,0.0,0.0,0.0,0.9588689063947647
2018-09-20 00:00:00+00:00,0.0,0.0,0.0,0.0,0.0,1.0,0.0,0.0,0.0,0.0,0.9588689063947647
2018-09-21 00:00:00+00:00,0.0,0.0,0.0,0.0,0.0,1.0,0.0,0.0,0.0,0.0,0.9588689063947647
2018-09-22 00:00:00+00:00,0.0,0.0,0.0,0.0,0.0,1.0,0.0,0.0,0.0,0.0,0.9588689063947647
2018-09-23 00:00:00+00:00,0.0,0.0,0.0,0.0,0.0,1.0,0.0,0.0,0.0,0.0,0.9588689063947647
2018-09-24 00:00:00+00:00,0.0,0.0,0.0,0.0,0.0,1.0,0.0,0.0,0.0,0.0,0.9588689063947647
2018-09-25 00:00:00+00:00,0.0,0.0,0.0,0.0,0.0,1.0,0.0,0.0,0.0,0.0,0.9588689063947647
2018-09-26 00:00:00+00:00,0.0,0.0,0.0,0.0,0.0,1.0,0.0,0.0,0.0,0.0,0.9588689063947647
2018-09-27 00:00:00+00:00,0.0,0.0,0.0,0.0,0.0,1.0,0.0,0.0,0.0,0.0,0.9588689063947647
2018-09-28 00:00:00+00:00,0.0,0.0,0.0,0.0,0.0,1.0,0.0,0.0,0.0,0.0,0.9588689063947647
2018-09-29 00:00:00+00:00,0.0,0.0,0.0,0.0,0.0,1.0,0.0,0.0,0.0,0.0,0.9588689063947647
2018-09-30 00:00:00+00:00,0.0,0.0,0.0,0.0,0.0,1.0,0.0,0.0,0.0,0.0,0.9588689063947647
2018-10-01 00:00:00+00:00,0.0,0.0,0.0,0.0,0.0,1.0,0.0,0.0,0.0,0.0,0.9588689063947647
2018-10-02 00:00:00+00:00,0.0,0.0,0.0,0.0,0.0,1.0,0.0,0.0,0.0,0.0,0.9588689063947647
2018-10-03 00:00:00+00:00,0.0,0.0,0.0,0.0,0.0,1.0,0.0,0.0,0.0,0.0,0.9588689063947647
2018-10-04 00:00:00+00:00,0.0,0.0,0.0,0.0,0.0,1.0,0.0,0.0,0.0,0.0,0.9588689063947647
2018-10-05 00:00:00+00:00,0.0,0.0,0.0,0.0,0.0,1.0,0.0,0.0,0.0,0.0,0.9588689063947647
2018-10-06 00:00:00+00:00,0.0,0.0,0.0,0.0,0.0,1.0,0.0,0.0,0.0,0.0,0.9588689063947647
2018-10-07 00:00:00+00:00,0.0,0.0,0.0,0.0,0.0,1.0,0.0,0.0,0.0,0.0,0.9588689063947647
2018-10-08 00:00:00+00:00,0.0,0.0,0.0,0.0,0.0,1.0,0.0,0.0,0.0,0.0,0.9588689063947647
2018-10-09 00:00:00+00:00,0.0,0.0,0.0,0.0,0.0,1.0,0.0,0.0,0.0,0.0,0.9588689063947647
2018-10-10 00:00:00+00:00,0.0,0.0,0.0,0.0,0.0,1.0,0.0,0.0,0.0,0.0,0.9588689063947647
2018-10-11 00:00:00+00:00,0.0,0.0,0.0,0.0,0.0,1.0,0.0,0.0,0.0,0.0,0.9588689063947647
2018-10-12 00:00:00+00:00,0.0,0.0,0.0,0.0,0.0,1.0,0.0,0.0,0.0,0.0,0.9588689063947647
2018-10-13 00:00:00+00:00,0.0,0.0,0.0,0.0,0.0,1.0,0.0,0.0,0.0,0.0,0.9588689063947647
2018-10-14 00:00:00+00:00,0.0,0.0,0.0,0.0,0.0,1.0,0.0,0.0,0.0,0.0,0.9588689063947647
2018-10-15 00:00:00+00:00,0.0,0.0,0.0,0.0,0.0,1.0,0.0,0.0,0.0,0.0,0.9588689063947647
2018-10-16 00:00:00+00:00,0.0,0.0,0.0,0.0,0.0,1.0,0.0,0.0,0.0,0.0,0.9588689063947647
2018-10-17 00:00:00+00:00,0.0,0.0,0.0,0.0,0.0,1.0,0.0,0.0,0.0,0.0,0.9588689063947647
2018-10-18 00:00:00+00:00,0.0,0.0,0.0,0.0,0.0,1.0,0.0,0.0,0.0,0.0,0.9588689063947647
2018-10-19 00:00:00+00:00,0.0,0.0,0.0,0.0,0.0,1.0,0.0,0.0,0.0,0.0,0.9588689063947647
2018-10-20 00:00:00+00:00,0.0,0.0,0.0,0.0,0.0,1.0,0.0,0.0,0.0,0.0,0.9588689063947647
2018-10-21 00:00:00+00:00,0.0,0.0,0.0,0.0,0.0,1.0,0.0,0.0,0.0,0.0,0.9588689063947647
2018-10-22 00:00:00+00:00,0.0,0.0,0.0,0.0,0.0,1.0,0.0,0.0,0.0,0.0,0.9588689063947647
2018-10-23 00:00:00+00:00,0.0,0.0,0.0,0.0,0.0,1.0,0.0,0.0,0.0,0.0,0.9588689063947647
2018-10-24 00:00:00+00:00,0.0,0.0,0.0,0.0,0.0,1.0,0.0,0.0,0.0,0.0,0.9588689063947647
2018-10-25 00:00:00+00:00,0.0,0.0,0.0,0.0,0.0,1.0,0.0,0.0,0.0,0.0,0.9588689063947647
2018-10-26 00:00:00+00:00,0.0,0.0,0.0,0.0,0.0,1.0,0.0,0.0,0.0,0.0,0.9588689063947647
2018-10-27 00:00:00+00:00,0.0,0.0,0.0,0.0,0.0,1.0,0.0,0.0,0.0,0.0,0.9588689063947647
2018-10-28 00:00:00+00:00,0.0,0.0,0.0,0.0,0.0,1.0,0.0,0.0,0.0,0.0,0.9588689063947647
2018-10-29 00:00:00+00:00,0.0,0.0,0.0,0.0,0.0,1.0,0.0,0.0,0.0,0.0,0.9588689063947647
2018-10-30 00:00:00+00:00,0.0,0.0,0.0,0.0,0.0,1.0,0.0,0.0,0.0,0.0,0.9588689063947647
2018-10-31 00:00:00+00:00,0.0,0.0,0.0,0.0,0.0,1.0,0.0,0.0,0.0,0.0,0.9588689063947647
2018-11-01 00:00:00+00:00,0.0,0.0,0.0,0.0,0.0,1.0,0.0,0.0,0.0,0.0,0.9588689063947647
2018-11-02 00:00:00+00:00,0.0,0.0,0.0,0.0,0.0,1.0,0.0,0.0,0.0,0.0,0.9588689063947647
2018-11-03 00:00:00+00:00,0.0,0.0,0.0,0.0,0.0,1.0,0.0,0.0,0.0,0.0,0.9588689063947647
2018-11-04 00:00:00+00:00,0.0,0.0,0.0,0.0,0.0,1.0,0.0,0.0,0.0,0.0,0.9588689063947647
2018-11-05 00:00:00+00:00,0.0,0.0,0.0,0.0,0.0,1.0,0.0,0.0,0.0,0.0,0.9588689063947647
2018-11-06 00:00:00+00:00,0.0,0.0,0.0,0.0,0.0,1.0,0.0,0.0,0.0,0.0,0.9588689063947647
2018-11-07 00:00:00+00:00,0.0,0.0,0.0,0.0,0.0,1.0,0.0,0.0,0.0,0.0,0.9588689063947647
2018-11-08 00:00:00+00:00,0.0,0.0,0.0,0.0,0.0,1.0,0.0,0.0,0.0,0.0,0.9588689063947647
2018-11-09 00:00:00+00:00,0.0,0.0,0.0,0.0,0.0,1.0,0.0,0.0,0.0,0.0,0.9588689063947647
2018-11-10 00:00:00+00:00,0.0,0.0,0.0,0.0,0.0,1.0,0.0,0.0,0.0,0.0,0.9588689063947647
2018-11-11 00:00:00+00:00,0.0,0.0,0.0,0.0,0.0,1.0,0.0,0.0,0.0,0.0,0.9588689063947647
2018-11-12 00:00:00+00:00,0.0,0.0,0.0,0.0,0.0,1.0,0.0,0.0,0.0,0.0,0.9588689063947647
2018-11-13 00:00:00+00:00,0.0,0.0,0.0,0.0,0.0,1.0,0.0,0.0,0.0,0.0,0.9588689063947647
2018-11-14 00:00:00+00:00,0.0,0.0,0.0,0.0,0.0,1.0,0.0,0.0,0.0,0.0,0.9588689063947647
2018-11-15 00:00:00+00:00,0.0,0.0,0.0,0.0,0.0,1.0,0.0,0.0,0.0,0.0,0.9588689063947647
2018-11-16 00:00:00+00:00,0.0,0.0,0.0,0.0,0.0,1.0,0.0,0.0,0.0,0.0,0.9588689063947647
2018-11-17 00:00:00+00:00,0.0,0.0,0.0,0.0,0.0,1.0,0.0,0.0,0.0,0.0,0.9588689063947647
2018-11-18 00:00:00+00:00,0.0,0.0,0.0,0.0,0.0,1.0,0.0,0.0,0.0,0.0,0.9588689063947647
2018-11-19 00:00:00+00:00,0.0,0.0,0.0,0.0,0.0,1.0,0.0,0.0,0.0,0.0,0.9588689063947647
2018-11-20 00:00:00+00:00,0.0,0.0,0.0,0.0,0.0,1.0,0.0,0.0,0.0,0.0,0.9588689063947647
2018-11-21 00:00:00+00:00,0.0,0.0,0.0,0.0,0.0,1.0,0.0,0.0,0.0,0.0,0.9588689063947647
2018-11-22 00:00:00+00:00,0.0,0.0,0.0,0.0,0.0,1.0,0.0,0.0,0.0,0.0,0.9588689063947647
2018-11-23 00:00:00+00:00,0.0,0.0,0.0,0.0,0.0,1.0,0.0,0.0,0.0,0.0,0.9588689063947647
2018-11-24 00:00:00+00:00,0.0,0.0,0.0,0.0,0.0,1.0,0.0,0.0,0.0,0.0,0.9588689063947647
2018-11-25 00:00:00+00:00,0.0,0.0,0.0,0.0,0.0,1.0,0.0,0.0,0.0,0.0,0.9588689063947647
2018-11-26 00:00:00+00:00,0.0,0.0,0.0,0.0,0.0,1.0,0.0,0.0,0.0,0.0,0.9588689063947647
2018-11-27 00:00:00+00:00,0.0,0.0,0.0,0.0,0.0,1.0,0.0,0.0,0.0,0.0,0.9588689063947647
2018-11-28 00:00:00+00:00,0.0,0.0,0.0,0.0,0.0,1.0,0.0,0.0,0.0,0.0,0.9588689063947647
2018-11-29 00:00:00+00:00,0.0,0.0,0.0,0.0,0.0,1.0,0.0,0.0,0.0,0.0,0.9588689063947647
2018-11-30 00:00:00+00:00,0.0,0.0,0.0,0.0,0.0,1.0,0.0,0.0,0.0,0.0,0.9588689063947647
2018-12-01 00:00:00+00:00,0.0,0.0,0.0,0.0,0.0,1.0,0.0,0.0,0.0,0.0,0.9588689063947647
2018-12-02 00:00:00+00:00,0.0,0.0,0.0,0.0,0.0,1.0,0.0,0.0,0.0,0.0,0.9588689063947647
2018-12-03 00:00:00+00:00,0.0,0.0,0.0,0.0,0.0,1.0,0.0,0.0,0.0,0.0,0.9588689063947647
2018-12-04 00:00:00+00:00,0.0,0.0,0.0,0.0,0.0,1.0,0.0,0.0,0.0,0.0,0.9588689063947647
2018-12-05 00:00:00+00:00,0.0,0.0,0.0,0.0,0.0,1.0,0.0,0.0,0.0,0.0,0.9588689063947647
2018-12-06 00:00:00+00:00,0.0,0.0,0.0,0.0,0.0,1.0,0.0,0.0,0.0,0.0,0.9588689063947647
2018-12-07 00:00:00+00:00,0.0,0.0,0.0,0.0,0.0,1.0,0.0,0.0,0.0,0.0,0.9588689063947647
2018-12-08 00:00:00+00:00,0.0,0.0,0.0,0.0,0.0,1.0,0.0,0.0,0.0,0.0,0.9588689063947647
2018-12-09 00:00:00+00:00,0.0,0.0,0.0,0.0,0.0,1.0,0.0,0.0,0.0,0.0,0.9588689063947647
2018-12-10 00:00:00+00:00,0.0,0.0,0.0,0.0,0.0,1.0,0.0,0.0,0.0,0.0,0.9588689063947647
2018-12-11 00:00:00+00:00,0.0,0.0,0.0,0.0,0.0,1.0,0.0,0.0,0.0,0.0,0.9588689063947647
2018-12-12 00:00:00+00:00,0.0,0.0,0.0,0.0,0.0,1.0,0.0,0.0,0.0,0.0,0.9588689063947647
2018-12-13 00:00:00+00:00,0.0,0.0,0.0,0.0,0.0,1.0,0.0,0.0,0.0,0.0,0.9588689063947647
2018-12-14 00:00:00+00:00,0.0,0.0,0.0,0.0,0.0,1.0,0.0,0.0,0.0,0.0,0.9588689063947647
2018-12-15 00:00:00+00:00,0.0,0.0,0.0,0.0,0.0,1.0,0.0,0.0,0.0,0.0,0.9588689063947647
2018-12-16 00:00:00+00:00,0.0,0.0,0.0,0.0,0.0,1.0,0.0,0.0,0.0,0.0,0.9588689063947647
2018-12-17 00:00:00+00:00,0.0,0.0,0.0,0.0,0.0,1.0,0.0,0.0,0.0,0.0,0.9588689063947647
2018-12-18 00:00:00+00:00,0.0,0.0,0.0,0.0,0.0,1.0,0.0,0.0,0.0,0.0,0.9588689063947647
2018-12-19 00:00:00+00:00,0.0,0.0,0.0,0.0,0.0,1.0,0.0,0.0,0.0,0.0,0.9588689063947647
2018-12-20 00:00:00+00:00,0.0,0.0,0.0,0.0,0.0,1.0,0.0,0.0,0.0,0.0,0.9588689063947647
2018-12-21 00:00:00+00:00,0.0,0.0,0.0,0.0,0.0,1.0,0.0,0.0,0.0,0.0,0.9588689063947647
2018-12-22 00:00:00+00:00,0.0,0.0,0.0,0.0,0.0,1.0,0.0,0.0,0.0,0.0,0.9588689063947647
2018-12-23 00:00:00+00:00,0.0,0.0,0.0,0.0,0.0,1.0,0.0,0.0,0.0,0.0,0.9588689063947647
2018-12-24 00:00:00+00:00,0.0,0.0,0.0,0.0,0.0,1.0,0.0,0.0,0.0,0.0,0.9588689063947647
2018-12-25 00:00:00+00:00,0.0,0.0,0.0,0.0,0.0,1.0,0.0,0.0,0.0,0.0,0.9588689063947647
2018-12-26 00:00:00+00:00,0.0,0.0,0.0,0.0,0.0,1.0,0.0,0.0,0.0,0.0,0.9588689063947647
2018-12-27 00:00:00+00:00,0.0,0.0,0.0,0.0,0.0,1.0,0.0,0.0,0.0,0.0,0.9588689063947647
2018-12-28 00:00:00+00:00,0.0,0.0,0.0,0.0,0.0,1.0,0.0,0.0,0.0,0.0,0.9588689063947647
2018-12-29 00:00:00+00:00,0.0,0.0,0.0,0.0,0.0,1.0,0.0,0.0,0.0,0.0,0.9588689063947647
2018-12-30 00:00:00+00:00,0.0,0.0,0.0,0.0,0.0,1.0,0.0,0.0,0.0,0.0,0.9588689063947647
2018-12-31 00:00:00+00:00,0.0,0.0,0.0,0.0,0.0,1.0,0.0,0.0,0.0,0.0,0.9588689063947647
2019-01-01 00:00:00+00:00,0.0,0.0,0.0,0.0,0.0,1.0,0.0,0.0,0.0,0.0,0.9588689063947647
2019-01-02 00:00:00+00:00,0.0,0.0,0.0,0.0,0.0,1.0,0.0,0.0,0.0,0.0,0.9588689063947647
2019-01-03 00:00:00+00:00,0.0,0.0,0.0,0.0,0.0,1.0,0.0,0.0,0.0,0.0,0.9588689063947647
2019-01-04 00:00:00+00:00,0.0,0.0,0.0,0.0,0.0,1.0,0.0,0.0,0.0,0.0,0.9588689063947647
2019-01-05 00:00:00+00:00,0.0,0.0,0.0,0.0,0.0,1.0,0.0,0.0,0.0,0.0,0.9588689063947647
2019-01-06 00:00:00+00:00,0.0,0.0,0.0,0.0,0.0,1.0,0.0,0.0,0.0,0.0,0.9588689063947647
2019-01-07 00:00:00+00:00,0.0,0.0,0.0,0.0,0.0,1.0,0.0,0.0,0.0,0.0,0.9588689063947647
2019-01-08 00:00:00+00:00,0.0,0.0,0.0,0.0,0.0,1.0,0.0,0.0,0.0,0.0,0.9588689063947647
2019-01-09 00:00:00+00:00,0.0,0.0,0.0,0.0,0.0,1.0,0.0,0.0,0.0,0.0,0.9588689063947647
2019-01-10 00:00:00+00:00,0.0,0.0,0.0,0.0,0.0,1.0,0.0,0.0,0.0,0.0,0.9588689063947647
2019-01-11 00:00:00+00:00,0.0,0.0,0.0,0.0,0.0,1.0,0.0,0.0,0.0,0.0,0.9588689063947647
2019-01-12 00:00:00+00:00,0.0,0.0,0.0,0.0,0.0,1.0,0.0,0.0,0.0,0.0,0.9588689063947647
2019-01-13 00:00:00+00:00,0.0,0.0,0.0,0.0,0.0,1.0,0.0,0.0,0.0,0.0,0.9588689063947647
2019-01-14 00:00:00+00:00,0.0,0.0,0.0,0.0,0.0,1.0,0.0,0.0,0.0,0.0,0.9588689063947647
2019-01-15 00:00:00+00:00,0.0,0.0,0.0,0.0,0.0,1.0,0.0,0.0,0.0,0.0,0.9588689063947647
2019-01-16 00:00:00+00:00,0.0,0.0,0.0,0.0,0.0,1.0,0.0,0.0,0.0,0.0,0.9588689063947647
2019-01-17 00:00:00+00:00,0.0,0.0,0.0,0.0,0.0,1.0,0.0,0.0,0.0,0.0,0.9588689063947647
2019-01-18 00:00:00+00:00,0.0,0.0,0.0,0.0,0.0,1.0,0.0,0.0,0.0,0.0,0.9588689063947647
2019-01-19 00:00:00+00:00,0.0,0.0,0.0,0.0,0.0,1.0,0.0,0.0,0.0,0.0,0.9588689063947647
2019-01-20 00:00:00+00:00,0.0,0.0,0.0,0.0,0.0,1.0,0.0,0.0,0.0,0.0,0.9588689063947647
2019-01-21 00:00:00+00:00,0.0,0.0,0.0,0.0,0.0,1.0,0.0,0.0,0.0,0.0,0.9588689063947647
2019-01-22 00:00:00+00:00,0.0,0.0,0.0,0.0,0.0,1.0,0.0,0.0,0.0,0.0,0.9588689063947647
2019-01-23 00:00:00+00:00,0.0,0.0,0.0,0.0,0.0,1.0,0.0,0.0,0.0,0.0,0.9588689063947647
2019-01-24 00:00:00+00:00,0.0,0.0,0.0,0.0,0.0,1.0,0.0,0.0,0.0,0.0,0.9588689063947647
2019-01-25 00:00:00+00:00,0.0,0.0,0.0,0.0,0.0,1.0,0.0,0.0,0.0,0.0,0.9588689063947647
2019-01-26 00:00:00+00:00,0.0,0.0,0.0,0.0,0.0,1.0,0.0,0.0,0.0,0.0,0.9588689063947647
2019-01-27 00:00:00+00:00,0.0,0.0,0.0,0.0,0.0,1.0,0.0,0.0,0.0,0.0,0.9588689063947647
2019-01-28 00:00:00+00:00,0.0,0.0,0.0,0.0,0.0,1.0,0.0,0.0,0.0,0.0,0.9588689063947647
2019-01-29 00:00:00+00:00,0.0,0.0,0.0,0.0,0.0,1.0,0.0,0.0,0.0,0.0,0.9588689063947647
2019-01-30 00:00:00+00:00,0.0,0.0,0.0,0.0,0.0,1.0,0.0,0.0,0.0,0.0,0.9588689063947647
2019-01-31 00:00:00+00:00,0.0,0.0,0.0,0.0,0.0,1.0,0.0,0.0,0.0,0.0,0.9588689063947647
2019-02-01 00:00:00+00:00,0.0,0.0,0.0,0.0,0.0,1.0,0.0,0.0,0.0,0.0,0.9588689063947647
2019-02-02 00:00:00+00:00,0.0,0.0,0.0,0.0,0.0,1.0,0.0,0.0,0.0,0.0,0.9588689063947647
2019-02-03 00:00:00+00:00,0.0,0.0,0.0,0.0,0.0,1.0,0.0,0.0,0.0,0.0,0.9588689063947647
2019-02-04 00:00:00+00:00,0.0,0.0,0.0,0.0,0.0,1.0,0.0,0.0,0.0,0.0,0.9588689063947647
2019-02-05 00:00:00+00:00,0.0,0.0,0.0,0.0,0.0,1.0,0.0,0.0,0.0,0.0,0.9588689063947647
2019-02-06 00:00:00+00:00,0.0,0.0,0.0,0.0,0.0,1.0,0.0,0.0,0.0,0.0,0.9588689063947647
2019-02-07 00:00:00+00:00,0.0,0.0,0.0,0.0,0.0,1.0,0.0,0.0,0.0,0.0,0.9588689063947647
2019-02-08 00:00:00+00:00,0.0,0.0,0.0,0.0,0.0,1.0,0.0,0.0,0.0,0.0,0.9588689063947647
2019-02-09 00:00:00+00:00,0.0,0.0,0.0,0.0,0.0,1.0,0.0,0.0,0.0,0.0,0.9588689063947647
2019-02-10 00:00:00+00:00,0.0,0.0,0.0,0.0,0.0,1.0,0.0,0.0,0.0,0.0,0.9588689063947647
2019-02-11 00:00:00+00:00,0.0,0.0,0.0,0.0,0.0,1.0,0.0,0.0,0.0,0.0,0.9588689063947647
2019-02-12 00:00:00+00:00,0.0,0.0,0.0,0.0,0.0,1.0,0.0,0.0,0.0,0.0,0.9588689063947647
2019-02-13 00:00:00+00:00,0.0,0.0,0.0,0.0,0.0,1.0,0.0,0.0,0.0,0.0,0.9588689063947647
2019-02-14 00:00:00+00:00,0.0,0.0,0.0,0.0,0.0,1.0,0.0,0.0,0.0,0.0,0.9588689063947647
2019-02-15 00:00:00+00:00,0.0,0.0,0.0,0.0,0.0,1.0,0.0,0.0,0.0,0.0,0.9588689063947647
2019-02-16 00:00:00+00:00,0.0,0.0,0.0,0.0,0.0,1.0,0.0,0.0,0.0,0.0,0.9588689063947647
2019-02-17 00:00:00+00:00,0.0,0.0,0.0,0.0,0.0,1.0,0.0,0.0,0.0,0.0,0.9588689063947647
2019-02-18 00:00:00+00:00,0.0,0.0,0.0,0.0,0.0,1.0,0.0,0.0,0.0,0.0,0.9588689063947647
2019-02-19 00:00:00+00:00,0.0,0.0,0.0,0.0,0.0,1.0,0.0,0.0,0.0,0.0,0.9588689063947647
2019-02-20 00:00:00+00:00,0.0,0.0,0.0,0.0,0.0,1.0,0.0,0.0,0.0,0.0,0.9588689063947647
2019-02-21 00:00:00+00:00,0.0,0.0,0.0,0.0,0.0,1.0,0.0,0.0,0.0,0.0,0.9588689063947647
2019-02-22 00:00:00+00:00,0.0,0.0,0.0,0.0,0.0,1.0,0.0,0.0,0.0,0.0,0.9588689063947647
2019-02-23 00:00:00+00:00,0.0,0.0,0.0,0.0,0.0,1.0,0.0,0.0,0.0,0.0,0.9588689063947647
2019-02-24 00:00:00+00:00,0.0,0.0,0.0,0.0,0.0,1.0,0.0,0.0,0.0,0.0,0.9588689063947647
2019-02-25 00:00:00+00:00,0.0,0.0,0.0,0.0,0.0,1.0,0.0,0.0,0.0,0.0,0.9588689063947647
2019-02-26 00:00:00+00:00,0.0,0.0,0.0,0.0,0.0,1.0,0.0,0.0,0.0,0.0,0.9588689063947647
2019-02-27 00:00:00+00:00,0.0,0.0,0.0,0.0,0.0,1.0,0.0,0.0,0.0,0.0,0.9588689063947647
2019-02-28 00:00:00+00:00,0.0,0.0,0.0,0.0,0.0,1.0,0.0,0.0,0.0,0.0,0.9588689063947647
2019-03-01 00:00:00+00:00,0.0,0.0,0.0,0.0,0.0,1.0,0.0,0.0,0.0,0.0,0.9588689063947647
2019-03-02 00:00:00+00:00,0.0,0.0,0.0,0.0,0.0,1.0,0.0,0.0,0.0,0.0,0.9588689063947647
2019-03-03 00:00:00+00:00,0.0,0.0,0.0,0.0,0.0,1.0,0.0,0.0,0.0,0.0,0.9588689063947647
2019-03-04 00:00:00+00:00,-0.0010066042220502336,-0.0006726570622129975,0.00033417194295475537,0.1670859714773777,0.16652532885365542,0.8334746711463445,0.0,0.0,0.0,0.16652532885365542,0.957903704905195
2019-03-05 00:00:00+00:00,0.032385197667462284,0.03238519766746231,0.0,0.0,0.19267084317997754,0.8073291568200225,0.0,0.0,0.0,0.19267084317997754,0.9889256057349443
2019-03-06 00:00:00+00:00,0.012813608156871492,0.012813608156871447,0.0,0.0,0.20288476545135653,0.7971152345486434,0.0,0.0,0.0,0.20288476545135653,1.0015973109431286
2019-03-07 00:00:00+00:00,0.007972118700267039,0.007972118700267008,0.0,0.0,0.20918920299453683,0.7908107970054631,0.0,0.0,0.0,0.20918920299453683,1.0095821635958355
2019-03-08 00:00:00+00:00,-0.011292135667179681,-0.011292135667179709,0.0,0.0,0.200157270379252,0.7998427296207479,0.0,0.0,0.0,0.200157270379252,0.9981818248373465
2019-03-09 00:00:00+00:00,0.002526346595638662,0.002526346595638629,0.0,0.0,0.20217285826268813,0.7978271417373117,0.0,0.0,0.0,0.20217285826268813,1.0007035780923528
2019-03-10 00:00:00+00:00,-0.0012718702326223186,-0.0012718702326222824,0.0,0.0,0.2011568334185795,0.7988431665814204,0.0,0.0,0.0,0.2011568334185795,0.9994308129996985
2019-03-11 00:00:00+00:00,0.0003006761918258327,0.0004055864577801776,0.00010486773302195535,0.05243386651097767,0.1490680933654259,0.8509319066345742,0.0,0.0,0.0,0.1490680933654259,0.9997313180505446
2019-03-12 00:00:00+00:00,0.009645320910034227,0.009645320910034226,0.0,0.0,0.1571971968655342,0.8428028031344659,0.0,0.0,0.0,0.1571971968655342,1.0093740474369537
2019-03-13 00:00:00+00:00,-0.003224683959446528,-0.003224683959446516,0.0,0.0,0.15447063187490023,0.8455293681250998,0.0,0.0,0.0,0.15447063187490023,1.0061191351371022
2019-03-14 00:00:00+00:00,-0.0013544736766512022,-0.0013544736766511996,0.0,0.0,0.153323831291737,0.846676168708263,0.0,0.0,0.0,0.153323831291737,1.0047563732529838
2019-03-15 00:00:00+00:00,0.0004486733634680995,0.00044867336346806854,0.0,0.0,0.1537035419700524,0.8462964580299476,0.0,0.0,0.0,0.1537035419700524,1.0052071806744374
2019-03-16 00:00:00+00:00,0.0104506353279199,0.010450635327919832,0.0,0.0,0.16245640465622505,0.8375435953437749,0.0,0.0,0.0,0.16245640465622505,1.0157122343486724
2019-03-17 00:00:00+00:00,-0.0038204317758417927,-0.0038204317758417563,0.0,0.0,0.15924435507463383,0.8407556449253661,0.0,0.0,0.0,0.15924435507463383,1.0118317750534556
2019-03-18 00:00:00+00:00,-0.000501349793471384,-0.0004950281393254689,6.324785092503671e-06,0.0031623925462518354,0.16199191003537078,0.8380080899646292,0.0,0.0,0.0,0.16199191003537078,1.0113244934020047
2019-03-19 00:00:00+00:00,-0.0002742250136089641,-0.00027422501360895046,0.0,0.0,0.1617620442205396,0.8382379557794604,0.0,0.0,0.0,0.1617620442205396,1.0110471629290385
2019-03-20 00:00:00+00:00,-0.00397370300377986,-0.003973703003779902,0.0,0.0,0.15841784669000414,0.8415821533099959,0.0,0.0,0.0,0.15841784669000414,1.0070295617807443
2019-03-21 00:00:00+00:00,-0.008084872523224096,-0.008084872523224061,0.0,0.0,0.15155830373229173,0.8484416962677083,0.0,0.0,0.0,0.15155830373229173,0.9988878561466288
2019-03-22 00:00:00+00:00,0.008399906822583514,0.00839990682258351,0.0,0.0,0.15862576887665072,0.8413742311233493,0.0,0.0,0.0,0.15862576887665072,1.0072784210644707
2019-03-23 00:00:00+00:00,-0.00013295235505483838,-0.00013295235505487863,0.0,0.0,0.15851389131675533,0.8414861086832447,0.0,0.0,0.0,0.15851389131675533,1.0071445010261943
2019-03-24 00:00:00+00:00,0.020641765472960705,0.020641765472960722,0.0,0.0,0.17553235900227554,0.8244676409977245,0.0,0.0,0.0,0.17553235900227554,1.027933741613759
2019-03-25 00:00:00+00:00,-0.003028737878841836,-0.00298239128968115,4.648522629466229e-05,0.023242613147331143,0.14975397952940683,0.8502460204705932,0.0,0.0,0.0,0.14975397952940683,1.0248203997535938
2019-03-26 00:00:00+00:00,-0.005206901261884611,-0.005206901261884658,0.0,0.0,0.1453036600785416,0.8546963399214583,0.0,0.0,0.0,0.1453036600785416,1.0194842611209118
2019-03-27 00:00:00+00:00,0.003653948074698876,0.0036539480746987834,0.0,0.0,0.1484153063304185,0.8515846936695813,0.0,0.0,0.0,0.1484153063304185,1.0232094036740205
2019-03-28 00:00:00+00:00,0.00048100864340816507,0.0004810086434082121,0.0,0.0,0.14882472899282828,0.8511752710071716,0.0,0.0,0.0,0.14882472899282828,1.0237015762412043
2019-03-29 00:00:00+00:00,-0.001419991199423598,-0.001419991199423573,0.0,0.0,0.14761434886970834,0.8523856511302915,0.0,0.0,0.0,0.14761434886970834,1.0222479290121058
2019-03-30 00:00:00+00:00,0.004221285873927227,0.004221285873927176,0.0,0.0,0.15119738734824764,0.8488026126517522,0.0,0.0,0.0,0.15119738734824764,1.026563129754496
2019-03-31 00:00:00+00:00,0.004932499964474646,0.004932499964474631,0.0,0.0,0.15536355657543327,0.8446364434245665,0.0,0.0,0.0,0.15536355657543327,1.0316266523555409
2019-04-01 00:00:00+00:00,0.0033767902044228304,0.003388096311122369,1.126792986781966e-05,0.00563396493390983,0.16383054415815404,0.836169455841846,0.0,0.0,0.0,0.16383054415815404,1.0351102391298366
2019-04-02 00:00:00+00:00,0.016729420364345327,0.016729420364345268,0.0,0.0,0.1775890034320002,0.8224109965679998,0.0,0.0,0.0,0.1775890034320002,1.0524270334436776
2019-04-03 00:00:00+00:00,-0.010599222963578625,-0.010599222963578644,0.0,0.0,0.16877870357916083,0.8312212964208391,0.0,0.0,0.0,0.16877870357916083,1.0412721246633105
2019-04-04 00:00:00+00:00,0.003934783032715883,0.003934783032715902,0.0,0.0,0.17203656007428964,0.8279634399257103,0.0,0.0,0.0,0.17203656007428964,1.0453693045518757
2019-04-05 00:00:00+00:00,0.0035802031478218144,0.0035802031478219224,0.0,0.0,0.17499026253335148,0.8250097374666485,0.0,0.0,0.0,0.17499026253335148,1.0491119390266685
2019-04-06 00:00:00+00:00,-0.002923160929553026,-0.0029231609295530736,0.0,0.0,0.172571556033949,0.827428443966051,0.0,0.0,0.0,0.172571556033949,1.0460452159957783
2019-04-07 00:00:00+00:00,-0.0008301284263303454,-0.0008301284263303129,0.0,0.0,0.17188411349626653,0.8281158865037335,0.0,0.0,0.0,0.17188411349626653,1.0451768641267534
2019-04-08 00:00:00+00:00,-0.008263221031648116,-0.008238980171163542,2.444223961208786e-05,0.012221119806043929,0.15268195713640031,0.8473180428635997,0.0,0.0,0.0,0.15268195713640031,1.036540336681309
2019-04-09 00:00:00+00:00,0.00276602673170645,0.0027660267317063804,0.0,0.0,0.15501919662631064,0.8449808033736893,0.0,0.0,0.0,0.15501919662631064,1.0394074349610616
2019-04-10 00:00:00+00:00,-0.000494749326879762,-0.0004947493268797786,0.0,0.0,0.154600936008456,0.8453990639915439,0.0,0.0,0.0,0.154600936008456,1.0388931888322608
2019-04-11 00:00:00+00:00,-0.005801773064571747,-0.005801773064571722,0.0,0.0,0.1496674998129408,0.8503325001870591,0.0,0.0,0.0,0.1496674998129408,1.0328657663123266
2019-04-12 00:00:00+00:00,0.006233765820581771,0.006233765820581717,0.0,0.0,0.1549354344180503,0.8450645655819495,0.0,0.0,0.0,0.1549354344180503,1.0393044096236135
2019-04-13 00:00:00+00:00,0.0027485032797178732,0.002748503279717797,0.0,0.0,0.1572517307999232,0.8427482692000766,0.0,0.0,0.0,0.1572517307999232,1.0421609412020891
2019-04-14 00:00:00+00:00,0.006440940857272315,0.006440940857272351,0.0,0.0,0.1626450842885668,0.8373549157114331,0.0,0.0,0.0,0.1626450842885668,1.048873438188131
2019-04-15 00:00:00+00:00,-0.0009034250178263648,-0.0009011636740567566,2.2633834485890626e-06,0.0011316917242945312,0.16302252231396702,0.836977477686033,0.0,0.0,0.0,0.16302252231396702,1.0479258596835384
2019-04-16 00:00:00+00:00,0.003156917758804889,0.0031569177588048458,0.0,0.0,0.16565647620119128,0.8343435237988087,0.0,0.0,0.0,0.16565647620119128,1.0512340754398841
2019-04-17 00:00:00+00:00,-0.0013849761654710635,-0.001384976165471089,0.0,0.0,0.16449932768379827,0.8355006723162017,0.0,0.0,0.0,0.16449932768379827,1.049778141301069
2019-04-18 00:00:00+00:00,0.02038197998704927,0.020381979987049166,0.0,0.0,0.18118833073982152,0.8188116692601783,0.0,0.0,0.0,0.18118833073982152,1.0711746983679091
2019-04-19 00:00:00+00:00,0.020114745609524753,0.020114745609524795,0.0,0.0,0.19733375800686667,0.8026662419931332,0.0,0.0,0.0,0.19733375800686667,1.092721104928939
2019-04-20 00:00:00+00:00,0.00446700634006536,0.004467006340065303,0.0,0.0,0.20090332790742926,0.7990966720925705,0.0,0.0,0.0,0.20090332790742926,1.0976022970325796
2019-04-21 00:00:00+00:00,-0.007023332111588121,-0.007023332111588123,0.0,0.0,0.19525131059537532,0.8047486894046245,0.0,0.0,0.0,0.19525131059537532,1.0898934715740778
2019-04-22 00:00:00+00:00,-0.001502916069780813,-0.001425358800582157,7.766797392882763e-05,0.038833986964413814,0.1552131993300109,0.8447868006699891,0.0,0.0,0.0,0.1552131993300109,1.0882554531613
2019-04-23 00:00:00+00:00,-0.0082269287401594,-0.008226928740159385,0.0,0.0,0.14820554706444708,0.851794452935553,0.0,0.0,0.0,0.14820554706444708,1.079302453097052
2019-04-24 00:00:00+00:00,0.0030732610655572756,0.0030732610655573303,0.0,0.0,0.15081531329955108,0.8491846867004491,0.0,0.0,0.0,0.15081531329955108,1.0826194313041158
2019-04-25 00:00:00+00:00,-0.003285596597328855,-0.0032855965973288153,0.0,0.0,0.14801603769201324,0.851983962307987,0.0,0.0,0.0,0.14801603769201324,1.0790623805844208
2019-04-26 00:00:00+00:00,0.003742708822989327,0.0037427088229893446,0.0,0.0,0.15119287560550076,0.8488071243944996,0.0,0.0,0.0,0.15119287560550076,1.08310099687679
2019-04-27 00:00:00+00:00,-0.004084840589649641,-0.004084840589649591,0.0,0.0,0.14771141258955148,0.8522885874104489,0.0,0.0,0.0,0.14771141258955148,1.0786767019620576
2019-04-28 00:00:00+00:00,0.0038454510378778117,0.003845451037877809,0.0,0.0,0.1509762916898556,0.8490237083101447,0.0,0.0,0.0,0.1509762916898556,1.082824700405152
2019-04-29 00:00:00+00:00,-0.009300067434625081,-0.009281410203130133,1.8832019190098802e-05,0.009416009595049402,0.15252655258316855,0.8474734474168314,0.0,0.0,0.0,0.15252655258316855,1.0727543576715064
2019-04-30 00:00:00+00:00,0.002428782441397326,0.0024287824413973314,0.0,0.0,0.15457989409200215,0.8454201059079978,0.0,0.0,0.0,0.15457989409200215,1.0753598446193515
2019-05-01 00:00:00+00:00,-0.0010455017802863953,-0.0010455017802863563,0.0,0.0,0.1536950807923054,0.8463049192076946,0.0,0.0,0.0,0.1536950807923054,1.0742355539873536
2019-05-02 00:00:00+00:00,0.0121924921730856,0.012192492173085519,0.0,0.0,0.1638893533079319,0.836110646692068,0.0,0.0,0.0,0.1638893533079319,1.0873331625713947
2019-05-03 00:00:00+00:00,0.0005766744546207292,0.0005766744546208064,0.0,0.0,0.16437123906790788,0.8356287609320922,0.0,0.0,0.0,0.16437123906790788,1.0879601998299115
2019-05-04 00:00:00+00:00,-0.005626097541841402,-0.005626097541841396,0.0,0.0,0.15964331036206592,0.8403566896379341,0.0,0.0,0.0,0.15964331036206592,1.0818392296240271
2019-05-05 00:00:00+00:00,0.0006207541110776482,0.0006207541110776941,0.0,0.0,0.16016464161341282,0.8398353583865873,0.0,0.0,0.0,0.16016464161341282,1.0825107857733414
2019-05-06 00:00:00+00:00,-0.00629341342973988,-0.00624421622538029,4.9506332604907276e-05,0.02475316630245364,0.1797962785301471,0.8202037214698529,0.0,0.0,0.0,0.1797962785301471,1.075698097856317
2019-05-07 00:00:00+00:00,-0.012484300506358736,-0.012484300506358703,0.0,0.0,0.16942715757286625,0.8305728424271338,0.0,0.0,0.0,0.16942715757286625,1.0622687595485603
2019-05-08 00:00:00+00:00,5.65845145377164e-05,5.658451453775242e-05,0.0,0.0,0.16947415247475953,0.8305258475252406,0.0,0.0,0.0,0.16947415247475953,1.062328867510628
2019-05-09 00:00:00+00:00,-0.015001428092829894,-0.015001428092829913,0.0,0.0,0.15682532826706239,0.8431746717329377,0.0,0.0,0.0,0.15682532826706239,1.0463924173937298
2019-05-10 00:00:00+00:00,0.006590964522687592,0.006590964522687636,0.0,0.0,0.16234627425573994,0.8376537257442602,0.0,0.0,0.0,0.16234627425573994,1.0532891526935813
2019-05-11 00:00:00+00:00,0.009574835792529157,0.009574835792529058,0.0,0.0,0.17029060546394137,0.8297093945360586,0.0,0.0,0.0,0.17029060546394137,1.0633742233726744
2019-05-12 00:00:00+00:00,0.0009461909035453075,0.0009461909035452436,0.0,0.0,0.17107492682789738,0.8289250731721025,0.0,0.0,0.0,0.17107492682789738,1.0643803783898942
2019-05-13 00:00:00+00:00,0.0309321869284076,0.031285040954247556,0.00034214985365579474,0.17107492682789738,0.27898891426274774,0.7210110857372523,0.1390884784500657,0.0,0.0,0.13990043581268208,1.0973039912171796
2019-05-14 00:00:00+00:00,0.003468660475883789,0.003468660475883785,0.0,0.0,0.28148121198391907,0.7185187880160809,0.1412683247869402,0.0,0.0,0.14021288719697886,1.1011101662015441
2019-05-15 00:00:00+00:00,0.022825526303283272,0.02282552630328321,0.0,0.0,0.29751578393534417,0.7024842160646558,0.14200651604802889,0.0,0.0,0.15550926788731526,1.1262435852629902
2019-05-16 00:00:00+00:00,-0.00838625459630471,-0.008386254596304741,0.0,0.0,0.29157474942154216,0.7084252505784577,0.1379411738480702,0.0,0.0,0.153633575573472,1.1167986198195197
2019-05-17 00:00:00+00:00,-0.011864710691451674,-0.011864710691451683,0.0,0.0,0.2830685653639784,0.7169314346360215,0.13048944556976738,0.0,0.0,0.15257911979421102,1.1035481272947485
2019-05-18 00:00:00+00:00,0.016110685123751134,0.016110685123751238,0.0,0.0,0.29443568980016477,0.7055643101998352,0.12671015744467257,0.0,0.0,0.16772553235549217,1.1213270436924994
2019-05-19 00:00:00+00:00,0.01727101257558905,0.01727101257558903,0.0,0.0,0.30641461176265666,0.6935853882373433,0.13984479623173293,0.0,0.0,0.16656981553092373,1.1406934971654605
2019-05-20 00:00:00+00:00,-0.004774372995066001,-0.004317261218426706,0.0004590938045171854,0.2295469022585927,0.21682377389787416,0.7831762261021259,0.08312534745104487,0.06951225520470179,0.0,0.06418617124212748,1.1352474009369464
2019-05-21 00:00:00+00:00,0.00730672678533395,0.0073067267853340005,0.0,0.0,0.22250471948945139,0.7774952805105487,0.08218260614048609,0.06979872644514096,0.0,0.07052338690382433,1.1435423435293532
2019-05-22 00:00:00+00:00,-0.008932461544422954,-0.008932461544422989,0.0,0.0,0.21549717820225167,0.7845028217977484,0.0800207560420701,0.06773969305842419,0.0,0.06773672910175738,1.133327695521358
2019-05-23 00:00:00+00:00,0.003836480169606249,0.003836480169606326,0.0,0.0,0.21849540508310658,0.7815045949168936,0.08203652755339148,0.06774388195047162,0.0,0.06871499557924346,1.1376756847508913
2019-05-24 00:00:00+00:00,0.008056266587711747,0.008056266587711695,0.0,0.0,0.224741097476334,0.7752589025236661,0.08256865536202365,0.06835901293612,0.0,0.07381342917819037,1.146841103357602
2019-05-25 00:00:00+00:00,0.0033818564634329196,0.003381856463432844,0.0,0.0,0.22735407509143107,0.772645924908569,0.0828945834381334,0.06849274554544908,0.0,0.0759667461078486,1.1507195553555225
2019-05-26 00:00:00+00:00,0.005517611716505666,0.005517611716505773,0.0,0.0,0.23159384191233084,0.7684061580876693,0.08849748557378044,0.07197786820123316,0.0,0.07111848813731723,1.1570687790565644
2019-05-27 00:00:00+00:00,0.0039269410185502895,0.003953479310826296,2.643378684661288e-05,0.013216893423306439,0.22145491039332976,0.7785450896066703,0.08387556719989457,0.07271332319322855,0.0,0.06486602000020665,1.1616125199063254
2019-05-28 00:00:00+00:00,-0.0010184729953525151,-0.0010184729953525266,0.0,0.0,0.22066117484568032,0.7793388251543197,0.08361909635698452,0.07288963195192977,0.0,0.06415244653676605,1.1604294489237374
2019-05-29 00:00:00+00:00,-0.00030814022630454296,-0.0003081402263045821,0.0,0.0,0.2204209551823879,0.7795790448176121,0.08296961805816258,0.07233112620143128,0.0,0.06512021092279403,1.1600718739307356
2019-05-30 00:00:00+00:00,-0.011237874942243153,-0.011237874942243173,0.0,0.0,0.21156057148520496,0.788439428514795,0.08023061361631154,0.0692550812948648,0.0,0.06207487657402862,1.1470351312874885
2019-05-31 00:00:00+00:00,0.00886383225543308,0.008863832255433008,0.0,0.0,0.21848776484320329,0.7815122351567966,0.08229517703463433,0.07223546338115858,0.0,0.06395712442741039,1.1572022582823094
2019-06-01 00:00:00+00:00,-0.00021047369401860916,-0.00021047369401859897,0.0,0.0,0.21832324244851292,0.7816767575514869,0.08221724814228902,0.07128786736203527,0.0,0.06481812694418865,1.156958697648282
2019-06-02 00:00:00+00:00,0.002541662840860992,0.0025416628408609014,0.0,0.0,0.22030496434783375,0.779695035652166,0.08374493812993122,0.072328437648527,0.0,0.06423158856937551,1.1598992965785055
2019-06-03 00:00:00+00:00,-0.01714656987329688,-0.017103919613328168,4.3392440787719476e-05,0.02169622039385974,0.2288108271221212,0.7711891728778788,0.091272498154596,0.07401777195354797,0.0,0.06352055701397724,1.1400110022437342
2019-06-04 00:00:00+00:00,-0.010435194903280043,-0.010435194903280053,0.0,0.0,0.22067845490674776,0.7793215450932522,0.08736369487535316,0.07223741770821564,0.0,0.06107734232317896,1.1281147652434371
2019-06-05 00:00:00+00:00,0.005586917788498402,0.005586917788498483,0.0,0.0,0.22500826998908496,0.7749917300109151,0.08790723970139423,0.07307370518750983,0.0,0.0640273251001809,1.1344174496928434
2019-06-06 00:00:00+00:00,0.0015839693440553582,0.001583969344055284,0.0,0.0,0.2262338917839681,0.773766108216032,0.08787530313810518,0.07389380717196706,0.0,0.06446478147389587,1.1362143321565183
2019-06-07 00:00:00+00:00,0.0026994528236465865,0.002699452823646555,0.0,0.0,0.22831701360056406,0.771682986399436,0.0897923409563919,0.07369783371314348,0.0,0.06482683893102871,1.139281489143726
2019-06-08 00:00:00+00:00,-0.0018189428280540598,-0.001818942828054094,0.0,0.0,0.2269108085603488,0.7730891914396513,0.08901276823624164,0.0722146966242137,0.0,0.06568334369989344,1.1372092012499133
2019-06-09 00:00:00+00:00,-0.009958992960548807,-0.009958992960548824,0.0,0.0,0.21913417126888246,0.7808658287311175,0.08685959292685554,0.06925104499304954,0.0,0.06302353334897737,1.1258837428199941
2019-06-10 00:00:00+00:00,0.012917751034141833,0.012926717521401157,8.852059190605667e-06,0.004426029595302833,0.2324878364962793,0.7675121635037206,0.08966903184126612,0.07712169851368755,0.0,0.06569710614132564,1.1404276287031305
2019-06-11 00:00:00+00:00,-0.002064796951158576,-0.0020647969511585684,0.0,0.0,0.2308998007497319,0.7691001992502681,0.08877261570280624,0.07657617616987016,0.0,0.0655510088770555,1.1380728772123674
2019-06-12 00:00:00+00:00,0.01415480389347512,0.014154803893475213,0.0,0.0,0.2416343182543828,0.7583656817456172,0.09022835377941762,0.08068932383699111,0.0,0.07071664063797405,1.1541820756057914
2019-06-13 00:00:00+00:00,-0.00026260858222992844,-0.00026260858222991424,0.0,0.0,0.24143511260477452,0.7585648873952255,0.09123811988192795,0.07871385096407732,0.0,0.07148314175876924,1.1538789774872815
2019-06-14 00:00:00+00:00,0.0014213493793073795,0.0014213493793073465,0.0,0.0,0.24251176803311328,0.7574882319668867,0.09592594382996476,0.08101263222891854,0.0,0.06557319197422998,1.155519042655729
2019-06-15 00:00:00+00:00,0.004015726837123035,0.004015726837122938,0.0,0.0,0.2455414674099316,0.7544585325900683,0.09730813342810336,0.08231787438672454,0.0,0.0659154595951037,1.1601592914861283
2019-06-16 00:00:00+00:00,0.0005615305375645807,0.0005615305375646763,0.0,0.0,0.24596488115555898,0.7540351188444411,0.09882346127353513,0.08225631452430897,0.0,0.06488510535771488,1.1608107563567371
2019-06-17 00:00:00+00:00,0.008121756444471329,0.008167558234493378,4.543073187367003e-05,0.022715365936835014,0.2295422735665843,0.7704577264334158,0.09108170981661,0.07520016323730767,0.0,0.06326040051266661,1.1702385785979892
2019-06-18 00:00:00+00:00,-0.0035117136016367123,-0.0035117136016367618,0.0,0.0,0.22682711181874138,0.7731728881812587,0.08914356731092936,0.07312778283546421,0.0,0.06455576167234779,1.1661290358643666
2019-06-19 00:00:00+00:00,0.004054636938714884,0.0040546369387149455,0.0,0.0,0.22994938747695737,0.7700506125230427,0.09046296793233743,0.07379007148236773,0.0,0.06569634806225222,1.1708572657284901
2019-06-20 00:00:00+00:00,0.006490483311707429,0.006490483311707318,0.0,0.0,0.23491515787679823,0.7650848421232018,0.09244668991430814,0.07416449239862395,0.0,0.06830397556386612,1.1784566952720923
2019-06-21 00:00:00+00:00,0.01601984825964986,0.01601984825964988,0.0,0.0,0.24697844886227083,0.7530215511377293,0.09712442461280342,0.07917873166435556,0.0,0.07067529258511186,1.1973353927109196
2019-06-22 00:00:00+00:00,0.008592463424922814,0.008592463424922783,0.0,0.0,0.2533936367314703,0.7466063632685298,0.10169140836358746,0.08289295155834718,0.0,0.06880927680953566,1.2076234532801537
2019-06-23 00:00:00+00:00,-0.0002595042291930749,-0.0002595042291930294,0.0,0.0,0.2531998389313109,0.7468001610686892,0.10339540410899128,0.08230601958934894,0.0,0.06749841523297073,1.2073100698867547
2019-06-24 00:00:00+00:00,0.0021269513081809688,0.002193335755934847,6.62391630291717e-05,0.033119581514585855,0.22178713950936751,0.7782128604906324,0.08493608561038446,0.07230464777636059,0.0,0.06454640612262247,1.2098779596192804
2019-06-25 00:00:00+00:00,0.005111122356037834,0.0051111223560377905,0.0,0.0,0.22574445433808638,0.7742555456619136,0.09034860722591065,0.07346965475011172,0.0,0.061926192362063995,1.216061793906768
2019-06-26 00:00:00+00:00,0.014705330346096446,0.014705330346096408,0.0,0.0,0.2369651341066376,0.7630348658933622,0.09865852126256774,0.07723661224267594,0.0,0.061070000601393934,1.2339443843074336
2019-06-27 00:00:00+00:00,-0.025691132829071872,-0.025691132829071855,0.0,0.0,0.21684499484340714,0.7831550051565928,0.08758906443998302,0.06965855322372841,0.0,0.05959737717969572,1.202242955226504
2019-06-28 00:00:00+00:00,0.011707605674262656,0.011707605674262612,0.0,0.0,0.2259077615269568,0.7740922384730431,0.09480565184225927,0.07176025184388607,0.0,0.05934185784081146,1.216318341670956
2019-06-29 00:00:00+00:00,-0.0007355240269484309,-0.0007355240269483762,0.0,0.0,0.22533797899774524,0.7746620210022547,0.09102193724076463,0.07335810971768765,0.0,0.06095793203929298,1.2154237103062389
2019-06-30 00:00:00+00:00,-0.01956901424147528,-0.019569014241475318,0.0,0.0,0.20987603181173814,0.7901239681882617,0.08465676872558861,0.06899227410907897,0.0,0.056226988977070576,1.1916390664098293
2019-07-01 00:00:00+00:00,0.0012568824136300893,0.0013124658367682214,5.551056741491792e-05,0.027755283707458958,0.1946759980815812,0.8053240019184187,0.06481242028892843,0.06573662248763956,0.0,0.06412695530501324,1.1931368165957943
2019-07-02 00:00:00+00:00,-0.001993267962298484,-0.0019932679622985043,0.0,0.0,0.1930675655121771,0.8069324344878228,0.06628704712046533,0.06507311511917875,0.0,0.06170740327253302,1.190758575204635
2019-07-03 00:00:00+00:00,0.009943883830423106,0.009943883830423106,0.0,0.0,0.20101260336627505,0.7989873966337249,0.07226150474197833,0.06656342675730707,0.0,0.06218767186698964,1.20259934014655
2019-07-04 00:00:00+00:00,-0.007851166396107612,-0.007851166396107565,0.0,0.0,0.19468998040195817,0.8053100195980418,0.06798796282899609,0.06302388976277634,0.0,0.06367812781018574,1.1931575326192103
2019-07-05 00:00:00+00:00,-0.0009449865969787252,-0.0009449865969787597,0.0,0.0,0.19392825340522285,0.8060717465947771,0.06705545247559738,0.06407817306222052,0.0,0.06279462786740493,1.192030014742801
2019-07-06 00:00:00+00:00,0.0018825945607157113,0.0018825945607156686,0.0,0.0,0.19544290821001187,0.804557091789988,0.06859951721190344,0.06417368964820121,0.0,0.06266970134990724,1.1942741239647656
2019-07-07 00:00:00+00:00,0.005335391141824797,0.0053353911418247526,0.0,0.0,0.19971275369486363,0.8002872463051363,0.0691662588468723,0.06747104237538376,0.0,0.06307545247260755,1.2006460435466777
2019-07-08 00:00:00+00:00,0.0070062863648885365,0.007025942678077989,1.9519172601428576e-05,0.009759586300714287,0.1980486710232729,0.8019513289767273,0.06738940861107086,0.06591736229533646,0.0,0.06474190011686558,1.2090581135506362
2019-07-09 00:00:00+00:00,-0.001003871757190744,-0.001003871757190741,0.0,0.0,0.19724280574808173,0.8027571942519185,0.0691652992721152,0.06503179278423761,0.0,0.0630457136917289,1.2078443742576404
2019-07-10 00:00:00+00:00,-0.008727762750061152,-0.008727762750061175,0.0,0.0,0.1901748439167559,0.8098251560832443,0.06732548863867778,0.06171454031620009,0.0,0.06113481496187803,1.1973025951201235
2019-07-11 00:00:00+00:00,-0.012167846985864705,-0.012167846985864698,0.0,0.0,0.1801996385597949,0.8198003614402053,0.06384741755399977,0.05803368903308275,0.0,0.05831853197271239,1.182734000346923
2019-07-12 00:00:00+00:00,0.008457174922682942,0.008457174922682869,0.0,0.0,0.187074690104656,0.8129253098953442,0.06562467761899972,0.0588021699318556,0.0,0.06264784255380068,1.1927365886748615
2019-07-13 00:00:00+00:00,-0.00425935445718284,-0.0042593544571828835,0.0,0.0,0.18359734180361126,0.8164026581963889,0.06365511004042279,0.05782112961955158,0.0,0.062121102143636885,1.1876563007696441
2019-07-14 00:00:00+00:00,-0.021641353340040137,-0.02164135334004018,0.0,0.0,0.16553846487326113,0.8344615351267389,0.0582931645302434,0.0496524696380935,0.0,0.05759283070492424,1.1619538111181633
2019-07-15 00:00:00+00:00,0.004843543194713806,0.004899009083127734,5.519548523053188e-05,0.027597742615265937,0.19706976997852016,0.8029302300214798,0.06515674246207057,0.06413862671218963,0.0,0.06777440080425993,1.1675817845925764
2019-07-16 00:00:00+00:00,-0.02516317690335712,-0.025163176903357176,0.0,0.0,0.17634396752585593,0.8236560324741439,0.058179093149196316,0.057358027089235625,0.0,0.06080684728742399,1.1382017175977361
2019-07-17 00:00:00+00:00,0.011130914511050749,0.011130914511050742,0.0,0.0,0.18541108707724885,0.8145889129227509,0.0589950140238196,0.06010841952331879,0.0,0.06630765353011045,1.1508709436126476
2019-07-18 00:00:00+00:00,0.013298354566120052,0.013298354566120016,0.0,0.0,0.19610161286450856,0.8038983871354911,0.0640000623048677,0.06352652858368743,0.0,0.06857502197595346,1.1661756334806537
2019-07-19 00:00:00+00:00,-0.0020006788551396593,-0.0020006788551396757,0.0,0.0,0.19449004613220072,0.8055099538677989,0.06338708140046051,0.062269425297138414,0.0,0.06883353943460181,1.1638424905493698
2019-07-20 00:00:00+00:00,0.00853754574177934,0.008537545741779309,0.0,0.0,0.20130890786485622,0.7986910921351434,0.06425332136274467,0.06381398038771974,0.0,0.0732416061143918,1.1737788490486614
2019-07-21 00:00:00+00:00,-0.003277774958953983,-0.003277774958953929,0.0,0.0,0.19868236899979547,0.8013176310002043,0.0635635803817871,0.06324965960771664,0.0,0.07186912901029173,1.1699314661298998
2019-07-22 00:00:00+00:00,-0.002477128855652988,-0.00243954630853641,3.7674455695967654e-05,0.018837227847983827,0.17783944239849064,0.8221605576015094,0.05551633281035168,0.05837984183893665,0.0,0.06394326774920231,1.167033395136013
2019-07-23 00:00:00+00:00,-0.006989232512372601,-0.006989232512372651,0.0,0.0,0.17205272639528224,0.8279472736047178,0.05332174251115096,0.05742898405773722,0.0,0.06130199982639407,1.1588767273877039
2019-07-24 00:00:00+00:00,-0.0008035850490772933,-0.0008035850490772621,0.0,0.0,0.17138686526874317,0.8286131347312569,0.05281619913106989,0.058491903438003985,0.0,0.06007876269966929,1.1579454713758515
2019-07-25 00:00:00+00:00,0.0016060495554117704,0.001606049555411697,0.0,0.0,0.17271552513180422,0.8272844748681958,0.05337287099920816,0.059162140081442695,0.0,0.060180514051153364,1.1598051891853458
2019-07-26 00:00:00+00:00,-0.0004503886875267815,-0.0004503886875267605,0.0,0.0,0.1723427576727104,0.8276572423272897,0.053082714358325185,0.05909966642583329,0.0,0.06016037688855194,1.1592828260484018
2019-07-27 00:00:00+00:00,-0.007391470522811749,-0.0073914705228118015,0.0,0.0,0.16617959875559327,0.8338204012444067,0.05159951547365477,0.05640780012681122,0.0,0.05817228315512728,1.1507140212120632
2019-07-28 00:00:00+00:00,0.0015415684371216098,0.0015415684371215077,0.0,0.0,0.16746301149980136,0.8325369885001985,0.051860447716042854,0.05748380326289071,0.0,0.058118760520867785,1.152487925627317
2019-07-29 00:00:00+00:00,-0.0022642292650905116,-0.0022407889515254683,2.3492956321979412e-05,0.011746478160989705,0.17736614079794033,0.8226338592020598,0.05596153984862378,0.05932274851336545,0.0,0.06208185243595109,1.1498784287384483
2019-07-30 00:00:00+00:00,0.00010898144653204156,0.0001089814465320209,0.0,0.0,0.17745578285656116,0.822544217143439,0.05634340210928773,0.058958991021593875,0.0,0.06215338972567955,1.1500037441529483
2019-07-31 00:00:00+00:00,0.007184671378854812,0.007184671378854707,0.0,0.0,0.18332333630796782,0.8166766636920322,0.05889501587290629,0.06101044948609266,0.0,0.06341787094896888,1.15826614313914
2019-08-01 00:00:00+00:00,0.003497792275366507,0.0034977922753665486,0.0,0.0,0.1861699447885476,0.8138300552114525,0.06040416159737848,0.06034686010609051,0.0,0.0654189230850786,1.1623175175074305
2019-08-02 00:00:00+00:00,-0.00018503884399312387,-0.00018503884399308115,0.0,0.0,0.1860193267457359,0.8139806732542642,0.06128153663196511,0.06060580841625094,0.0,0.06413198169751987,1.162102443617638
2019-08-03 00:00:00+00:00,0.0020188440340167535,0.0020188440340166494,0.0,0.0,0.1876593158894415,0.8123406841105585,0.06286145715774702,0.0617201038044399,0.0,0.06307775492725459,1.1644485472028516
2019-08-04 00:00:00+00:00,-0.00023562463914716947,-0.00023562463914718172,0.0,0.0,0.1874678632979356,0.8125321367020644,0.06353387471931385,0.061637381946123594,0.0,0.06229660663249817,1.1641741744341114
2019-08-05 00:00:00+00:00,0.009611288690810182,0.00963394487695398,2.2440000416819444e-05,0.01122000020840972,0.1957375092559327,0.8042624907440673,0.0623747754303211,0.06475549069802969,0.0,0.06860724312758192,1.1753633885109833
2019-08-06 00:00:00+00:00,-0.0047172835831138515,-0.004717283583113839,0.0,0.0,0.1919255931224347,0.8080744068775653,0.060825208312025134,0.06305088714233023,0.0,0.06804949766807934,1.1698188660941673
2019-08-07 00:00:00+00:00,0.007516511089145084,0.007516511089145026,0.0,0.0,0.19795417942677573,0.8020458205732242,0.06296549018969058,0.06252519500665814,0.0,0.07246349423042701,1.1786118225734552
2019-08-08 00:00:00+00:00,0.0023917378890900842,0.0023917378890901024,0.0,0.0,0.19986788572077513,0.8001321142792248,0.06291559927305353,0.06107116288038154,0.0,0.07588112356734007,1.1814307531260337
2019-08-09 00:00:00+00:00,-0.006873779755297016,-0.006873779755297021,0.0,0.0,0.19432988680726304,0.805670113192737,0.06274792935574075,0.05847722021353177,0.0,0.07310473723799053,1.1733098583329107
2019-08-10 00:00:00+00:00,-0.004456440604975742,-0.004456440604975698,0.0,0.0,0.19072339367819363,0.8092766063218064,0.0600007726450988,0.05761175204241404,0.0,0.0731108689906808,1.1680810726380175
2019-08-11 00:00:00+00:00,0.005407594850523889,0.005407594850523818,0.0,0.0,0.1950760960363311,0.8049239039636689,0.060890907275634905,0.060057638953188844,0.0,0.07412754980750735,1.1743975818314092
2019-08-12 00:00:00+00:00,-0.002268791390415914,-0.002246860642222334,2.1980134492597085e-05,0.010990067246298543,0.189098827623927,0.8109011723760731,0.05682383345546883,0.06219809668074929,0.0,0.07007689748770886,1.171733118708825
2019-08-13 00:00:00+00:00,-0.004889756336205586,-0.004889756336205549,0.0,0.0,0.18511423479020872,0.8148857652097914,0.05457317230833369,0.06183313455675829,0.0,0.06870792792511674,1.1660036292672764
2019-08-14 00:00:00+00:00,-0.016469583534514887,-0.016469583534514855,0.0,0.0,0.17146866882038325,0.8285313311796169,0.05121751859022195,0.05619152921184061,0.0,0.06405962101832068,1.1468000350935115
2019-08-15 00:00:00+00:00,0.004107127573828029,0.004107127573827996,0.0,0.0,0.17485763378499855,0.8251423662150015,0.05223366630560961,0.056230906572874786,0.0,0.06639306090651415,1.151510089139311
2019-08-16 00:00:00+00:00,-0.0022192637891812472,-0.0022192637891812125,0.0,0.0,0.17302235223685555,0.8269776477631445,0.05252463589810968,0.0554116125312299,0.0,0.06508610380751598,1.1489545844956073
2019-08-17 00:00:00+00:00,-0.00030280871144450217,-0.0003028087114445429,0.0,0.0,0.1727718603498174,0.8272281396501826,0.05195518806854323,0.05568030309660723,0.0,0.06513636918466695,1.148606671038368
2019-08-18 00:00:00+00:00,0.003998717292612142,0.003998717292612071,0.0,0.0,0.17606653733493793,0.8239334626650621,0.05220475420551583,0.05804224434244453,0.0,0.06581953878697756,1.1531996243962588
2019-08-19 00:00:00+00:00,0.008399489658610815,0.00884635419147297,0.0004429460749949572,0.2214730374974786,0.15727108702514295,0.8427289129748571,0.15727108702514295,0.0,0.0,0.0,1.162885912715689
2019-08-20 00:00:00+00:00,-0.002222166470541853,-0.002222166470541867,0.0,0.0,0.1553942324075728,0.8446057675924272,0.1553942324075728,0.0,0.0,0.0,1.1603017866313867
2019-08-21 00:00:00+00:00,-0.008949041623552145,-0.008949041623552133,0.0,0.0,0.14776756890879658,0.8522324310912034,0.14776756890879658,0.0,0.0,0.0,1.1499181976469406
2019-08-22 00:00:00+00:00,-0.0005962682425827426,-0.0005962682425827504,0.0,0.0,0.14725910659490749,0.8527408934050925,0.14725910659490749,0.0,0.0,0.0,1.1492325379441157
2019-08-23 00:00:00+00:00,0.004202903995786933,0.004202903995786885,0.0,0.0,0.15082809458926819,0.8491719054107317,0.15082809458926819,0.0,0.0,0.0,1.1540626519699295
2019-08-24 00:00:00+00:00,-0.00368135101722622,-0.0036813510172262276,0.0,0.0,0.14769044393806796,0.8523095560619319,0.14769044393806796,0.0,0.0,0.0,1.1498141422521573
2019-08-25 00:00:00+00:00,0.00011774886128024242,0.00011774886128025008,0.0,0.0,0.1477907906020471,0.8522092093979527,0.1477907906020471,0.0,0.0,0.0,1.1499495315580914
2019-08-26 00:00:00+00:00,0.003578853411198901,0.003599567103019392,2.063939891910266e-05,0.01031969945955133,0.16113005870599217,0.8388699412940079,0.16113005870599217,0.0,0.0,0.0,1.1540650323618147
2019-08-27 00:00:00+00:00,-0.0029187504175448575,-0.002918750417544817,0.0,0.0,0.15867443937462572,0.8413255606253744,0.15867443937462572,0.0,0.0,0.0,1.1506966045667346
2019-08-28 00:00:00+00:00,-0.007239021139755386,-0.007239021139755369,0.0,0.0,0.15253965602951908,0.8474603439704811,0.15253965602951908,0.0,0.0,0.0,1.1423666875208314
2019-08-29 00:00:00+00:00,-0.00348341510564687,-0.0034834151056468343,0.0,0.0,0.1495772806828645,0.8504227193171356,0.1495772806828645,0.0,0.0,0.0,1.1383873501453334
2019-08-30 00:00:00+00:00,0.0013187792472257875,0.0013187792472257375,0.0,0.0,0.15069732342734177,0.8493026765726583,0.15069732342734177,0.0,0.0,0.0,1.1398886317580095
2019-08-31 00:00:00+00:00,9.404075590913052e-05,9.404075590907836e-05,0.0,0.0,0.1507771849828012,0.8492228150171989,0.1507771849828012,0.0,0.0,0.0,1.1399958277465922
2019-09-01 00:00:00+00:00,0.002120435364284745,0.0021204353642846376,0.0,0.0,0.15257409683647996,0.84742590316352,0.15257409683647996,0.0,0.0,0.0,1.142413115214883
2019-09-02 00:00:00+00:00,0.011866834811072424,0.011939211924612069,7.152318309911975e-05,0.03576159154955988,0.19791198715360395,0.8020880128463961,0.19791198715360395,0.0,0.0,0.0,1.1559699429391408
2019-09-03 00:00:00+00:00,0.005203324343105109,0.005203324343105139,0.0,0.0,0.2020639074482208,0.7979360925517792,0.2020639074482208,0.0,0.0,0.0,1.1619848294831339
2019-09-04 00:00:00+00:00,-0.0008745690213390889,-0.0008745690213390645,0.0,0.0,0.20136544640827855,0.7986345535917215,0.20136544640827855,0.0,0.0,0.0,1.1609685935480019
2019-09-05 00:00:00+00:00,-5.3171857772871256e-05,-5.317185777285421e-05,0.0,0.0,0.20132297926732573,0.7986770207326744,0.20132297926732573,0.0,0.0,0.0,1.160906862691067
2019-09-06 00:00:00+00:00,-0.005039587904140719,-0.005039587904140759,0.0,0.0,0.19727758911504722,0.8027224108849529,0.19727758911504722,0.0,0.0,0.0,1.1550563705080152
2019-09-07 00:00:00+00:00,0.0030110629615742734,0.003011062961574256,0.0,0.0,0.1996873808003996,0.8003126191996005,0.1996873808003996,0.0,0.0,0.0,1.1585343179637824
2019-09-08 00:00:00+00:00,-0.0014258609828476931,-0.0014258609828477443,0.0,0.0,0.19854461684005853,0.8014553831599415,0.19854461684005853,0.0,0.0,0.0,1.1568824090825078
2019-09-09 00:00:00+00:00,-0.0014836199236464287,-0.0014761835883690014,7.447328902089545e-06,0.0037236644510447725,0.19363060311917527,0.8063693968808248,0.19363060311917527,0.0,0.0,0.0,1.1551660352910769
2019-09-10 00:00:00+00:00,-0.003841383320636993,-0.0038413833206369873,0.0,0.0,0.19052108431405196,0.8094789156859481,0.19052108431405196,0.0,0.0,0.0,1.1507285997505434
2019-09-11 00:00:00+00:00,0.001142576725735811,0.0011425767257358785,0.0,0.0,0.19144492052933068,0.8085550794706694,0.19144492052933068,0.0,0.0,0.0,1.152043395466257
2019-09-12 00:00:00+00:00,0.004829302358542842,0.004829302358542773,0.0,0.0,0.19533091085936402,0.8046690891406361,0.19533091085936402,0.0,0.0,0.0,1.157606961353126
2019-09-13 00:00:00+00:00,-0.0013293366940321238,-0.0013293366940321672,0.0,0.0,0.1942598108600839,0.8057401891399162,0.1942598108600839,0.0,0.0,0.0,1.156068111942132
2019-09-14 00:00:00+00:00,-0.00021258637110477263,-0.00021258637110477962,0.0,0.0,0.19408848505569035,0.8059115149443098,0.19408848505569035,0.0,0.0,0.0,1.1558223476174643
2019-09-15 00:00:00+00:00,-0.000553555872467526,-0.0005535558724675248,0.0,0.0,0.19364212091641317,0.806357879083587,0.19364212091641317,0.0,0.0,0.0,1.1551825353694114
2019-09-16 00:00:00+00:00,-0.0014047109369070832,-0.0012948754796252113,0.0001099778649223605,0.05498893246118025,0.24765686269683526,0.7523431373031648,0.24765686269683526,0.0,0.0,0.0,1.153559837827854
2019-09-17 00:00:00+00:00,-0.0015029012476236447,-0.001502901247623677,0.0,0.0,0.2465244633727843,0.7534755366272158,0.2465244633727843,0.0,0.0,0.0,1.151826151308374
2019-09-18 00:00:00+00:00,-0.0007518557167220941,-0.0007518557167221306,0.0,0.0,0.24595753223274222,0.7540424677672578,0.24595753223274222,0.0,0.0,0.0,1.150960144231843
2019-09-19 00:00:00+00:00,0.0021138997922096614,0.002113899792209663,0.0,0.0,0.24754814006311057,0.7524518599368895,0.24754814006311057,0.0,0.0,0.0,1.1533931586415762
2019-09-20 00:00:00+00:00,-0.0018312912379299107,-0.0018312912379299209,0.0,0.0,0.24616765349208247,0.7538323465079175,0.24616765349208247,0.0,0.0,0.0,1.1512809598562677
2019-09-21 00:00:00+00:00,-0.004424903227872368,-0.004424903227872378,0.0,0.0,0.24281719284461112,0.7571828071553889,0.24281719284461112,0.0,0.0,0.0,1.1461866530208116
2019-09-22 00:00:00+00:00,0.0010432349612208291,0.0010432349612207934,0.0,0.0,0.2436062892081567,0.7563937107918433,0.2436062892081567,0.0,0.0,0.0,1.1473823950093276
2019-09-23 00:00:00+00:00,-0.0004872125784163295,0.0,0.0004872125784163134,0.2436062892081567,0.0,1.0,0.0,0.0,0.0,0.0,1.1468233758742257
2019-09-24 00:00:00+00:00,0.0,0.0,0.0,0.0,0.0,1.0,0.0,0.0,0.0,0.0,1.1468233758742257
2019-09-25 00:00:00+00:00,0.0,0.0,0.0,0.0,0.0,1.0,0.0,0.0,0.0,0.0,1.1468233758742257
2019-09-26 00:00:00+00:00,0.0,0.0,0.0,0.0,0.0,1.0,0.0,0.0,0.0,0.0,1.1468233758742257
2019-09-27 00:00:00+00:00,0.0,0.0,0.0,0.0,0.0,1.0,0.0,0.0,0.0,0.0,1.1468233758742257
2019-09-28 00:00:00+00:00,0.0,0.0,0.0,0.0,0.0,1.0,0.0,0.0,0.0,0.0,1.1468233758742257
2019-09-29 00:00:00+00:00,0.0,0.0,0.0,0.0,0.0,1.0,0.0,0.0,0.0,0.0,1.1468233758742257
2019-09-30 00:00:00+00:00,0.0,0.0,0.0,0.0,0.0,1.0,0.0,0.0,0.0,0.0,1.1468233758742257
2019-10-01 00:00:00+00:00,0.0,0.0,0.0,0.0,0.0,1.0,0.0,0.0,0.0,0.0,1.1468233758742257
2019-10-02 00:00:00+00:00,0.0,0.0,0.0,0.0,0.0,1.0,0.0,0.0,0.0,0.0,1.1468233758742257
2019-10-03 00:00:00+00:00,0.0,0.0,0.0,0.0,0.0,1.0,0.0,0.0,0.0,0.0,1.1468233758742257
2019-10-04 00:00:00+00:00,0.0,0.0,0.0,0.0,0.0,1.0,0.0,0.0,0.0,0.0,1.1468233758742257
2019-10-05 00:00:00+00:00,0.0,0.0,0.0,0.0,0.0,1.0,0.0,0.0,0.0,0.0,1.1468233758742257
2019-10-06 00:00:00+00:00,0.0,0.0,0.0,0.0,0.0,1.0,0.0,0.0,0.0,0.0,1.1468233758742257
2019-10-07 00:00:00+00:00,0.0,0.0,0.0,0.0,0.0,1.0,0.0,0.0,0.0,0.0,1.1468233758742257
2019-10-08 00:00:00+00:00,0.0,0.0,0.0,0.0,0.0,1.0,0.0,0.0,0.0,0.0,1.1468233758742257
2019-10-09 00:00:00+00:00,0.0,0.0,0.0,0.0,0.0,1.0,0.0,0.0,0.0,0.0,1.1468233758742257
2019-10-10 00:00:00+00:00,0.0,0.0,0.0,0.0,0.0,1.0,0.0,0.0,0.0,0.0,1.1468233758742257
2019-10-11 00:00:00+00:00,0.0,0.0,0.0,0.0,0.0,1.0,0.0,0.0,0.0,0.0,1.1468233758742257
2019-10-12 00:00:00+00:00,0.0,0.0,0.0,0.0,0.0,1.0,0.0,0.0,0.0,0.0,1.1468233758742257
2019-10-13 00:00:00+00:00,0.0,0.0,0.0,0.0,0.0,1.0,0.0,0.0,0.0,0.0,1.1468233758742257
2019-10-14 00:00:00+00:00,0.0,0.0,0.0,0.0,0.0,1.0,0.0,0.0,0.0,0.0,1.1468233758742257
2019-10-15 00:00:00+00:00,0.0,0.0,0.0,0.0,0.0,1.0,0.0,0.0,0.0,0.0,1.1468233758742257
2019-10-16 00:00:00+00:00,0.0,0.0,0.0,0.0,0.0,1.0,0.0,0.0,0.0,0.0,1.1468233758742257
2019-10-17 00:00:00+00:00,0.0,0.0,0.0,0.0,0.0,1.0,0.0,0.0,0.0,0.0,1.1468233758742257
2019-10-18 00:00:00+00:00,0.0,0.0,0.0,0.0,0.0,1.0,0.0,0.0,0.0,0.0,1.1468233758742257
2019-10-19 00:00:00+00:00,0.0,0.0,0.0,0.0,0.0,1.0,0.0,0.0,0.0,0.0,1.1468233758742257
2019-10-20 00:00:00+00:00,0.0,0.0,0.0,0.0,0.0,1.0,0.0,0.0,0.0,0.0,1.1468233758742257
2019-10-21 00:00:00+00:00,0.0,0.0,0.0,0.0,0.0,1.0,0.0,0.0,0.0,0.0,1.1468233758742257
2019-10-22 00:00:00+00:00,0.0,0.0,0.0,0.0,0.0,1.0,0.0,0.0,0.0,0.0,1.1468233758742257
2019-10-23 00:00:00+00:00,0.0,0.0,0.0,0.0,0.0,1.0,0.0,0.0,0.0,0.0,1.1468233758742257
2019-10-24 00:00:00+00:00,0.0,0.0,0.0,0.0,0.0,1.0,0.0,0.0,0.0,0.0,1.1468233758742257
2019-10-25 00:00:00+00:00,0.0,0.0,0.0,0.0,0.0,1.0,0.0,0.0,0.0,0.0,1.1468233758742257
2019-10-26 00:00:00+00:00,0.0,0.0,0.0,0.0,0.0,1.0,0.0,0.0,0.0,0.0,1.1468233758742257
2019-10-27 00:00:00+00:00,0.0,0.0,0.0,0.0,0.0,1.0,0.0,0.0,0.0,0.0,1.1468233758742257
2019-10-28 00:00:00+00:00,-0.00790406690360057,-0.007467821624239783,0.0004395275930244636,0.2197637965122318,0.2138932918380601,0.78610670816194,0.2138932918380601,0.0,0.0,0.0,1.1377588071847027
2019-10-29 00:00:00+00:00,0.004721270700882574,0.004721270700882601,0.0,0.0,0.21758727411677029,0.7824127258832297,0.21758727411677029,0.0,0.0,0.0,1.143130474505735
2019-10-30 00:00:00+00:00,-0.005865472108356085,-0.005865472108356104,0.0,0.0,0.21297097733586703,0.787029022664133,0.21297097733586703,0.0,0.0,0.0,1.1364254745913096
2019-10-31 00:00:00+00:00,-0.0003061712845001674,-0.0003061712845001426,0.0,0.0,0.21272993784968997,0.78727006215031,0.21272993784968997,0.0,0.0,0.0,1.1360775337440152
2019-11-01 00:00:00+00:00,0.0021070849540316683,0.0021070849540317338,0.0,0.0,0.2143852947747362,0.7856147052252639,0.2143852947747362,0.0,0.0,0.0,1.1384713456219806
2019-11-02 00:00:00+00:00,0.0013574127954139037,0.0013574127954138458,0.0,0.0,0.21545025264044076,0.7845497473595593,0.21545025264044076,0.0,0.0,0.0,1.14001672119374
2019-11-03 00:00:00+00:00,-0.0021659013971260244,-0.002165901397126014,0.0,0.0,0.21374730683381804,0.7862526931661821,0.21374730683381804,0.0,0.0,0.0,1.1375475573845595
2019-11-04 00:00:00+00:00,-0.00042749461366764496,0.0,0.00042749461366763607,0.21374730683381804,0.0,1.0,0.0,0.0,0.0,0.0,1.1370612619309868
2019-11-05 00:00:00+00:00,0.0,0.0,0.0,0.0,0.0,1.0,0.0,0.0,0.0,0.0,1.1370612619309868
2019-11-06 00:00:00+00:00,0.0,0.0,0.0,0.0,0.0,1.0,0.0,0.0,0.0,0.0,1.1370612619309868
2019-11-07 00:00:00+00:00,0.0,0.0,0.0,0.0,0.0,1.0,0.0,0.0,0.0,0.0,1.1370612619309868
2019-11-08 00:00:00+00:00,0.0,0.0,0.0,0.0,0.0,1.0,0.0,0.0,0.0,0.0,1.1370612619309868
2019-11-09 00:00:00+00:00,0.0,0.0,0.0,0.0,0.0,1.0,0.0,0.0,0.0,0.0,1.1370612619309868
2019-11-10 00:00:00+00:00,0.0,0.0,0.0,0.0,0.0,1.0,0.0,0.0,0.0,0.0,1.1370612619309868
2019-11-11 00:00:00+00:00,0.0,0.0,0.0,0.0,0.0,1.0,0.0,0.0,0.0,0.0,1.1370612619309868
2019-11-12 00:00:00+00:00,0.0,0.0,0.0,0.0,0.0,1.0,0.0,0.0,0.0,0.0,1.1370612619309868
2019-11-13 00:00:00+00:00,0.0,0.0,0.0,0.0,0.0,1.0,0.0,0.0,0.0,0.0,1.1370612619309868
2019-11-14 00:00:00+00:00,0.0,0.0,0.0,0.0,0.0,1.0,0.0,0.0,0.0,0.0,1.1370612619309868
2019-11-15 00:00:00+00:00,0.0,0.0,0.0,0.0,0.0,1.0,0.0,0.0,0.0,0.0,1.1370612619309868
2019-11-16 00:00:00+00:00,0.0,0.0,0.0,0.0,0.0,1.0,0.0,0.0,0.0,0.0,1.1370612619309868
2019-11-17 00:00:00+00:00,0.0,0.0,0.0,0.0,0.0,1.0,0.0,0.0,0.0,0.0,1.1370612619309868
2019-11-18 00:00:00+00:00,0.0,0.0,0.0,0.0,0.0,1.0,0.0,0.0,0.0,0.0,1.1370612619309868
2019-11-19 00:00:00+00:00,0.0,0.0,0.0,0.0,0.0,1.0,0.0,0.0,0.0,0.0,1.1370612619309868
2019-11-20 00:00:00+00:00,0.0,0.0,0.0,0.0,0.0,1.0,0.0,0.0,0.0,0.0,1.1370612619309868
2019-11-21 00:00:00+00:00,0.0,0.0,0.0,0.0,0.0,1.0,0.0,0.0,0.0,0.0,1.1370612619309868
2019-11-22 00:00:00+00:00,0.0,0.0,0.0,0.0,0.0,1.0,0.0,0.0,0.0,0.0,1.1370612619309868
2019-11-23 00:00:00+00:00,0.0,0.0,0.0,0.0,0.0,1.0,0.0,0.0,0.0,0.0,1.1370612619309868
2019-11-24 00:00:00+00:00,0.0,0.0,0.0,0.0,0.0,1.0,0.0,0.0,0.0,0.0,1.1370612619309868
2019-11-25 00:00:00+00:00,0.0,0.0,0.0,0.0,0.0,1.0,0.0,0.0,0.0,0.0,1.1370612619309868
2019-11-26 00:00:00+00:00,0.0,0.0,0.0,0.0,0.0,1.0,0.0,0.0,0.0,0.0,1.1370612619309868
2019-11-27 00:00:00+00:00,0.0,0.0,0.0,0.0,0.0,1.0,0.0,0.0,0.0,0.0,1.1370612619309868
2019-11-28 00:00:00+00:00,0.0,0.0,0.0,0.0,0.0,1.0,0.0,0.0,0.0,0.0,1.1370612619309868
2019-11-29 00:00:00+00:00,0.0,0.0,0.0,0.0,0.0,1.0,0.0,0.0,0.0,0.0,1.1370612619309868
2019-11-30 00:00:00+00:00,0.0,0.0,0.0,0.0,0.0,1.0,0.0,0.0,0.0,0.0,1.1370612619309868
2019-12-01 00:00:00+00:00,0.0,0.0,0.0,0.0,0.0,1.0,0.0,0.0,0.0,0.0,1.1370612619309868
2019-12-02 00:00:00+00:00,0.0,0.0,0.0,0.0,0.0,1.0,0.0,0.0,0.0,0.0,1.1370612619309868
2019-12-03 00:00:00+00:00,0.0,0.0,0.0,0.0,0.0,1.0,0.0,0.0,0.0,0.0,1.1370612619309868
2019-12-04 00:00:00+00:00,0.0,0.0,0.0,0.0,0.0,1.0,0.0,0.0,0.0,0.0,1.1370612619309868
2019-12-05 00:00:00+00:00,0.0,0.0,0.0,0.0,0.0,1.0,0.0,0.0,0.0,0.0,1.1370612619309868
2019-12-06 00:00:00+00:00,0.0,0.0,0.0,0.0,0.0,1.0,0.0,0.0,0.0,0.0,1.1370612619309868
2019-12-07 00:00:00+00:00,0.0,0.0,0.0,0.0,0.0,1.0,0.0,0.0,0.0,0.0,1.1370612619309868
2019-12-08 00:00:00+00:00,0.0,0.0,0.0,0.0,0.0,1.0,0.0,0.0,0.0,0.0,1.1370612619309868
2019-12-09 00:00:00+00:00,0.0,0.0,0.0,0.0,0.0,1.0,0.0,0.0,0.0,0.0,1.1370612619309868
2019-12-10 00:00:00+00:00,0.0,0.0,0.0,0.0,0.0,1.0,0.0,0.0,0.0,0.0,1.1370612619309868
2019-12-11 00:00:00+00:00,0.0,0.0,0.0,0.0,0.0,1.0,0.0,0.0,0.0,0.0,1.1370612619309868
2019-12-12 00:00:00+00:00,0.0,0.0,0.0,0.0,0.0,1.0,0.0,0.0,0.0,0.0,1.1370612619309868
2019-12-13 00:00:00+00:00,0.0,0.0,0.0,0.0,0.0,1.0,0.0,0.0,0.0,0.0,1.1370612619309868
2019-12-14 00:00:00+00:00,0.0,0.0,0.0,0.0,0.0,1.0,0.0,0.0,0.0,0.0,1.1370612619309868
2019-12-15 00:00:00+00:00,0.0,0.0,0.0,0.0,0.0,1.0,0.0,0.0,0.0,0.0,1.1370612619309868
2019-12-16 00:00:00+00:00,0.0,0.0,0.0,0.0,0.0,1.0,0.0,0.0,0.0,0.0,1.1370612619309868
2019-12-17 00:00:00+00:00,0.0,0.0,0.0,0.0,0.0,1.0,0.0,0.0,0.0,0.0,1.1370612619309868
2019-12-18 00:00:00+00:00,0.0,0.0,0.0,0.0,0.0,1.0,0.0,0.0,0.0,0.0,1.1370612619309868
2019-12-19 00:00:00+00:00,0.0,0.0,0.0,0.0,0.0,1.0,0.0,0.0,0.0,0.0,1.1370612619309868
2019-12-20 00:00:00+00:00,0.0,0.0,0.0,0.0,0.0,1.0,0.0,0.0,0.0,0.0,1.1370612619309868
2019-12-21 00:00:00+00:00,0.0,0.0,0.0,0.0,0.0,1.0,0.0,0.0,0.0,0.0,1.1370612619309868
2019-12-22 00:00:00+00:00,0.0,0.0,0.0,0.0,0.0,1.0,0.0,0.0,0.0,0.0,1.1370612619309868
2019-12-23 00:00:00+00:00,0.0,0.0,0.0,0.0,0.0,1.0,0.0,0.0,0.0,0.0,1.1370612619309868
2019-12-24 00:00:00+00:00,0.0,0.0,0.0,0.0,0.0,1.0,0.0,0.0,0.0,0.0,1.1370612619309868
2019-12-25 00:00:00+00:00,0.0,0.0,0.0,0.0,0.0,1.0,0.0,0.0,0.0,0.0,1.1370612619309868
2019-12-26 00:00:00+00:00,0.0,0.0,0.0,0.0,0.0,1.0,0.0,0.0,0.0,0.0,1.1370612619309868
2019-12-27 00:00:00+00:00,0.0,0.0,0.0,0.0,0.0,1.0,0.0,0.0,0.0,0.0,1.1370612619309868
2019-12-28 00:00:00+00:00,0.0,0.0,0.0,0.0,0.0,1.0,0.0,0.0,0.0,0.0,1.1370612619309868
2019-12-29 00:00:00+00:00,0.0,0.0,0.0,0.0,0.0,1.0,0.0,0.0,0.0,0.0,1.1370612619309868
2019-12-30 00:00:00+00:00,0.0,0.0,0.0,0.0,0.0,1.0,0.0,0.0,0.0,0.0,1.1370612619309868
2019-12-31 00:00:00+00:00,0.0,0.0,0.0,0.0,0.0,1.0,0.0,0.0,0.0,0.0,1.1370612619309868
2020-01-01 00:00:00+00:00,0.0,0.0,0.0,0.0,0.0,1.0,0.0,0.0,0.0,0.0,1.1370612619309868
2020-01-02 00:00:00+00:00,0.0,0.0,0.0,0.0,0.0,1.0,0.0,0.0,0.0,0.0,1.1370612619309868
2020-01-03 00:00:00+00:00,0.0,0.0,0.0,0.0,0.0,1.0,0.0,0.0,0.0,0.0,1.1370612619309868
2020-01-04 00:00:00+00:00,0.0,0.0,0.0,0.0,0.0,1.0,0.0,0.0,0.0,0.0,1.1370612619309868
2020-01-05 00:00:00+00:00,0.0,0.0,0.0,0.0,0.0,1.0,0.0,0.0,0.0,0.0,1.1370612619309868
2020-01-06 00:00:00+00:00,0.0,0.0,0.0,0.0,0.0,1.0,0.0,0.0,0.0,0.0,1.1370612619309868
2020-01-07 00:00:00+00:00,0.0,0.0,0.0,0.0,0.0,1.0,0.0,0.0,0.0,0.0,1.1370612619309868
2020-01-08 00:00:00+00:00,0.0,0.0,0.0,0.0,0.0,1.0,0.0,0.0,0.0,0.0,1.1370612619309868
2020-01-09 00:00:00+00:00,0.0,0.0,0.0,0.0,0.0,1.0,0.0,0.0,0.0,0.0,1.1370612619309868
2020-01-10 00:00:00+00:00,0.0,0.0,0.0,0.0,0.0,1.0,0.0,0.0,0.0,0.0,1.1370612619309868
2020-01-11 00:00:00+00:00,0.0,0.0,0.0,0.0,0.0,1.0,0.0,0.0,0.0,0.0,1.1370612619309868
2020-01-12 00:00:00+00:00,0.0,0.0,0.0,0.0,0.0,1.0,0.0,0.0,0.0,0.0,1.1370612619309868
2020-01-13 00:00:00+00:00,0.0,0.0,0.0,0.0,0.0,1.0,0.0,0.0,0.0,0.0,1.1370612619309868
2020-01-14 00:00:00+00:00,0.0,0.0,0.0,0.0,0.0,1.0,0.0,0.0,0.0,0.0,1.1370612619309868
2020-01-15 00:00:00+00:00,0.0,0.0,0.0,0.0,0.0,1.0,0.0,0.0,0.0,0.0,1.1370612619309868
2020-01-16 00:00:00+00:00,0.0,0.0,0.0,0.0,0.0,1.0,0.0,0.0,0.0,0.0,1.1370612619309868
2020-01-17 00:00:00+00:00,0.0,0.0,0.0,0.0,0.0,1.0,0.0,0.0,0.0,0.0,1.1370612619309868
2020-01-18 00:00:00+00:00,0.0,0.0,0.0,0.0,0.0,1.0,0.0,0.0,0.0,0.0,1.1370612619309868
2020-01-19 00:00:00+00:00,0.0,0.0,0.0,0.0,0.0,1.0,0.0,0.0,0.0,0.0,1.1370612619309868
2020-01-20 00:00:00+00:00,0.0,0.0,0.0,0.0,0.0,1.0,0.0,0.0,0.0,0.0,1.1370612619309868
2020-01-21 00:00:00+00:00,0.0,0.0,0.0,0.0,0.0,1.0,0.0,0.0,0.0,0.0,1.1370612619309868
2020-01-22 00:00:00+00:00,0.0,0.0,0.0,0.0,0.0,1.0,0.0,0.0,0.0,0.0,1.1370612619309868
2020-01-23 00:00:00+00:00,0.0,0.0,0.0,0.0,0.0,1.0,0.0,0.0,0.0,0.0,1.1370612619309868
2020-01-24 00:00:00+00:00,0.0,0.0,0.0,0.0,0.0,1.0,0.0,0.0,0.0,0.0,1.1370612619309868
2020-01-25 00:00:00+00:00,0.0,0.0,0.0,0.0,0.0,1.0,0.0,0.0,0.0,0.0,1.1370612619309868
2020-01-26 00:00:00+00:00,0.0,0.0,0.0,0.0,0.0,1.0,0.0,0.0,0.0,0.0,1.1370612619309868
2020-01-27 00:00:00+00:00,0.0,0.0,0.0,0.0,0.0,1.0,0.0,0.0,0.0,0.0,1.1370612619309868
2020-01-28 00:00:00+00:00,0.0,0.0,0.0,0.0,0.0,1.0,0.0,0.0,0.0,0.0,1.1370612619309868
2020-01-29 00:00:00+00:00,0.0,0.0,0.0,0.0,0.0,1.0,0.0,0.0,0.0,0.0,1.1370612619309868
2020-01-30 00:00:00+00:00,0.0,0.0,0.0,0.0,0.0,1.0,0.0,0.0,0.0,0.0,1.1370612619309868
2020-01-31 00:00:00+00:00,0.0,0.0,0.0,0.0,0.0,1.0,0.0,0.0,0.0,0.0,1.1370612619309868
2020-02-01 00:00:00+00:00,0.0,0.0,0.0,0.0,0.0,1.0,0.0,0.0,0.0,0.0,1.1370612619309868
2020-02-02 00:00:00+00:00,0.0,0.0,0.0,0.0,0.0,1.0,0.0,0.0,0.0,0.0,1.1370612619309868
2020-02-03 00:00:00+00:00,0.0,0.0,0.0,0.0,0.0,1.0,0.0,0.0,0.0,0.0,1.1370612619309868
2020-02-04 00:00:00+00:00,0.0,0.0,0.0,0.0,0.0,1.0,0.0,0.0,0.0,0.0,1.1370612619309868
2020-02-05 00:00:00+00:00,0.0,0.0,0.0,0.0,0.0,1.0,0.0,0.0,0.0,0.0,1.1370612619309868
2020-02-06 00:00:00+00:00,0.0,0.0,0.0,0.0,0.0,1.0,0.0,0.0,0.0,0.0,1.1370612619309868
2020-02-07 00:00:00+00:00,0.0,0.0,0.0,0.0,0.0,1.0,0.0,0.0,0.0,0.0,1.1370612619309868
2020-02-08 00:00:00+00:00,0.0,0.0,0.0,0.0,0.0,1.0,0.0,0.0,0.0,0.0,1.1370612619309868
2020-02-09 00:00:00+00:00,0.0,0.0,0.0,0.0,0.0,1.0,0.0,0.0,0.0,0.0,1.1370612619309868
2020-02-10 00:00:00+00:00,-0.005526189981894358,-0.005113885126475685,0.00041442417303315024,0.2072120865165751,0.20313702077929927,0.7968629792207008,0.0,0.20313702077929927,0.0,0.0,1.1307776453765035
2020-02-11 00:00:00+00:00,0.012577015060138752,0.012577015060138799,0.0,0.0,0.2130346952687114,0.7869653047312887,0.0,0.2130346952687114,0.0,0.0,1.144999452852072
2020-02-12 00:00:00+00:00,0.02614668088029104,0.026146680880290946,0.0,0.0,0.23308692666024902,0.766913073339751,0.0,0.23308692666024902,0.0,0.0,1.174937388153903
2020-02-13 00:00:00+00:00,0.0022805223501041194,0.0022805223501040184,0.0,0.0,0.2348319095920108,0.765168090407989,0.0,0.2348319095920108,0.0,0.0,1.1776168591275609
2020-02-14 00:00:00+00:00,0.014675900439211631,0.01467590043921157,0.0,0.0,0.24589902048843446,0.7541009795115654,0.0,0.24589902048843446,0.0,0.0,1.1948994469076542
2020-02-15 00:00:00+00:00,-0.017421908084130244,-0.01742190808413024,0.0,0.0,0.23252819728436086,0.767471802715639,0.0,0.23252819728436086,0.0,0.0,1.174082018573851
2020-02-16 00:00:00+00:00,-0.005284133281687642,-0.005284133281687601,0.0,0.0,0.2284512307543448,0.7715487692456551,0.0,0.2284512307543448,0.0,0.0,1.167878012704074
2020-02-17 00:00:00+00:00,0.006956697234228537,0.007011071218666211,5.3995418711687285e-05,0.02699770935584364,0.20701320827077635,0.7929867917292237,0.0,0.20701320827077635,0.0,0.0,1.1760025864449688
2020-02-18 00:00:00+00:00,0.011389976446103844,0.011389976446103935,0.0,0.0,0.2159435922870438,0.7840564077129564,0.0,0.2159435922870438,0.0,0.0,1.1893972282051342
2020-02-19 00:00:00+00:00,-0.018489367864939377,-0.018489367864939342,0.0,0.0,0.20117380083044661,0.7988261991695536,0.0,0.20117380083044661,0.0,0.0,1.1674060253153102
2020-02-20 00:00:00+00:00,-0.0011442713481688571,-0.0011442713481688255,0.0,0.0,0.20025867975173983,0.7997413202482604,0.0,0.20025867975173983,0.0,0.0,1.1660701960488622
2020-02-21 00:00:00+00:00,0.006507218647807234,0.006507218647807217,0.0,0.0,0.20542912615900244,0.7945708738409978,0.0,0.20542912615900244,0.0,0.0,1.1736580697732435
2020-02-22 00:00:00+00:00,-0.0029189951968168204,-0.0029189951968168143,0.0,0.0,0.20310298760747098,0.7968970123925293,0.0,0.20310298760747098,0.0,0.0,1.1702321675048701
2020-02-23 00:00:00+00:00,0.010056141041929756,0.010056141041929824,0.0,0.0,0.2110369117002894,0.788963088299711,0.0,0.2110369117002894,0.0,0.0,1.1820001872331023
2020-02-24 00:00:00+00:00,-0.006400901420984262,-0.0063660920963208,3.503234379037662e-05,0.01751617189518831,0.1883537248679749,0.8116462751320251,0.0,0.1883537248679749,0.0,0.0,1.1744343205550383
2020-02-25 00:00:00+00:00,-0.013338795447764062,-0.013338795447764099,0.0,0.0,0.17738097800210523,0.8226190219978948,0.0,0.17738097800210523,0.0,0.0,1.1587687813863208
2020-02-26 00:00:00+00:00,-0.016316432443620132,-0.01631643244362008,0.0,0.0,0.16373613514617721,0.8362638648538229,0.0,0.16373613514617721,0.0,0.0,1.139861808847055
2020-02-27 00:00:00+00:00,0.0027413630984827186,0.0027413630984827304,0.0,0.0,0.16602237064425315,0.8339776293557469,0.0,0.16602237064425315,0.0,0.0,1.142986583947198
2020-02-28 00:00:00+00:00,-0.000707160670640361,-0.00070716067064034,0.0,0.0,0.16543219711707163,0.8345678028829284,0.0,0.16543219711707163,0.0,0.0,1.142178308787961
2020-02-29 00:00:00+00:00,-0.006908815076286268,-0.00690881507628624,0.0,0.0,0.15962621000705254,0.8403737899929475,0.0,0.15962621000705254,0.0,0.0,1.1342872100683994
2020-03-01 00:00:00+00:00,0.0003820039081581239,0.00038200390815808303,0.0,0.0,0.1599471134927578,0.8400528865072423,0.0,0.1599471134927578,0.0,0.0,1.1347205122156192
2020-03-02 00:00:00+00:00,0.011570459846111714,0.011604719872886634,3.386700961538536e-05,0.01693350480769268,0.18632311066818796,0.813676889331812,0.0,0.18632311066818796,0.0,0.0,1.1478497503387692
2020-03-03 00:00:00+00:00,-0.006630887092284543,-0.0066308870922844885,0.0,0.0,0.1808916959879313,0.8191083040120688,0.0,0.1808916959879313,0.0,0.0,1.1402384882453658
2020-03-04 00:00:00+00:00,0.00033941436881224085,0.00033941436881221743,0.0,0.0,0.18116961878493568,0.8188303812150644,0.0,0.18116961878493568,0.0,0.0,1.140625501572149
2020-03-05 00:00:00+00:00,0.0033283636377148262,0.0033283636377148765,0.0,0.0,0.1838859431360297,0.8161140568639704,0.0,0.1838859431360297,0.0,0.0,1.144421918015832
2020-03-06 00:00:00+00:00,0.013325651803578697,0.013325651803578661,0.0,0.0,0.19461818082725843,0.8053818191727417,0.0,0.19461818082725843,0.0,0.0,1.1596720860116947
2020-03-07 00:00:00+00:00,-0.006118319488710666,-0.00611831948871063,0.0,0.0,0.18966026342449185,0.8103397365755083,0.0,0.18966026342449185,0.0,0.0,1.1525768416873357
2020-03-08 00:00:00+00:00,-0.03022028393308518,-0.030220283933085148,0.0,0.0,0.16440844951680278,0.8355915504831974,0.0,0.16440844951680278,0.0,0.0,1.1177456422768457
2020-03-09 00:00:00+00:00,0.0026358637516021854,0.002650126274993183,1.4224825806287645e-05,0.007112412903143822,0.15952340571967802,0.840476594280322,0.0,0.15952340571967802,0.0,0.0,1.1206918674988346
2020-03-10 00:00:00+00:00,-0.001612618875316052,-0.0016126188753160342,0.0,0.0,0.15816584807640036,0.8418341519235997,0.0,0.15816584807640036,0.0,0.0,1.1188846186398929
2020-03-11 00:00:00+00:00,-0.0048299125670435705,-0.0048299125670436035,0.0,0.0,0.15408012906104038,0.8459198709389596,0.0,0.15408012906104038,0.0,0.0,1.1134805037592523
2020-03-12 00:00:00+00:00,-0.06883370032663716,-0.06883370032663713,0.0,0.0,0.09154801753919384,0.9084519824608062,0.0,0.09154801753919384,0.0,0.0,1.036835520443935
2020-03-13 00:00:00+00:00,0.022438489670839834,0.022438489670839838,0.0,0.0,0.1114849532383411,0.8885150467616589,0.0,0.1114849532383411,0.0,0.0,1.0601005435597761
2020-03-14 00:00:00+00:00,-0.009580088477589843,-0.009580088477589807,0.0,0.0,0.10289056548157402,0.8971094345184261,0.0,0.10289056548157402,0.0,0.0,1.0499446865573323
2020-03-15 00:00:00+00:00,0.0010747504799772933,0.0010747504799772634,0.0,0.0,0.10385369914854398,0.8961463008514561,0.0,0.10385369914854398,0.0,0.0,1.0510731151131594
2020-03-16 00:00:00+00:00,-0.00020770739829711893,0.0,0.00020770739829708795,0.10385369914854398,0.0,1.0,0.0,0.0,0.0,0.0,1.0508547994509991
2020-03-17 00:00:00+00:00,0.0,0.0,0.0,0.0,0.0,1.0,0.0,0.0,0.0,0.0,1.0508547994509991
2020-03-18 00:00:00+00:00,0.0,0.0,0.0,0.0,0.0,1.0,0.0,0.0,0.0,0.0,1.0508547994509991
2020-03-19 00:00:00+00:00,0.0,0.0,0.0,0.0,0.0,1.0,0.0,0.0,0.0,0.0,1.0508547994509991
2020-03-20 00:00:00+00:00,0.0,0.0,0.0,0.0,0.0,1.0,0.0,0.0,0.0,0.0,1.0508547994509991
2020-03-21 00:00:00+00:00,0.0,0.0,0.0,0.0,0.0,1.0,0.0,0.0,0.0,0.0,1.0508547994509991
2020-03-22 00:00:00+00:00,0.0,0.0,0.0,0.0,0.0,1.0,0.0,0.0,0.0,0.0,1.0508547994509991
2020-03-23 00:00:00+00:00,0.0,0.0,0.0,0.0,0.0,1.0,0.0,0.0,0.0,0.0,1.0508547994509991
2020-03-24 00:00:00+00:00,0.0,0.0,0.0,0.0,0.0,1.0,0.0,0.0,0.0,0.0,1.0508547994509991
2020-03-25 00:00:00+00:00,0.0,0.0,0.0,0.0,0.0,1.0,0.0,0.0,0.0,0.0,1.0508547994509991
2020-03-26 00:00:00+00:00,0.0,0.0,0.0,0.0,0.0,1.0,0.0,0.0,0.0,0.0,1.0508547994509991
2020-03-27 00:00:00+00:00,0.0,0.0,0.0,0.0,0.0,1.0,0.0,0.0,0.0,0.0,1.0508547994509991
2020-03-28 00:00:00+00:00,0.0,0.0,0.0,0.0,0.0,1.0,0.0,0.0,0.0,0.0,1.0508547994509991
2020-03-29 00:00:00+00:00,0.0,0.0,0.0,0.0,0.0,1.0,0.0,0.0,0.0,0.0,1.0508547994509991
2020-03-30 00:00:00+00:00,0.0,0.0,0.0,0.0,0.0,1.0,0.0,0.0,0.0,0.0,1.0508547994509991
2020-03-31 00:00:00+00:00,0.0,0.0,0.0,0.0,0.0,1.0,0.0,0.0,0.0,0.0,1.0508547994509991
2020-04-01 00:00:00+00:00,0.0,0.0,0.0,0.0,0.0,1.0,0.0,0.0,0.0,0.0,1.0508547994509991
2020-04-02 00:00:00+00:00,0.0,0.0,0.0,0.0,0.0,1.0,0.0,0.0,0.0,0.0,1.0508547994509991
2020-04-03 00:00:00+00:00,0.0,0.0,0.0,0.0,0.0,1.0,0.0,0.0,0.0,0.0,1.0508547994509991
2020-04-04 00:00:00+00:00,0.0,0.0,0.0,0.0,0.0,1.0,0.0,0.0,0.0,0.0,1.0508547994509991
2020-04-05 00:00:00+00:00,0.0,0.0,0.0,0.0,0.0,1.0,0.0,0.0,0.0,0.0,1.0508547994509991
2020-04-06 00:00:00+00:00,0.0,0.0,0.0,0.0,0.0,1.0,0.0,0.0,0.0,0.0,1.0508547994509991
2020-04-07 00:00:00+00:00,0.0,0.0,0.0,0.0,0.0,1.0,0.0,0.0,0.0,0.0,1.0508547994509991
2020-04-08 00:00:00+00:00,0.0,0.0,0.0,0.0,0.0,1.0,0.0,0.0,0.0,0.0,1.0508547994509991
2020-04-09 00:00:00+00:00,0.0,0.0,0.0,0.0,0.0,1.0,0.0,0.0,0.0,0.0,1.0508547994509991
2020-04-10 00:00:00+00:00,0.0,0.0,0.0,0.0,0.0,1.0,0.0,0.0,0.0,0.0,1.0508547994509991
2020-04-11 00:00:00+00:00,0.0,0.0,0.0,0.0,0.0,1.0,0.0,0.0,0.0,0.0,1.0508547994509991
2020-04-12 00:00:00+00:00,0.0,0.0,0.0,0.0,0.0,1.0,0.0,0.0,0.0,0.0,1.0508547994509991
2020-04-13 00:00:00+00:00,0.0,0.0,0.0,0.0,0.0,1.0,0.0,0.0,0.0,0.0,1.0508547994509991
2020-04-14 00:00:00+00:00,0.0,0.0,0.0,0.0,0.0,1.0,0.0,0.0,0.0,0.0,1.0508547994509991
2020-04-15 00:00:00+00:00,0.0,0.0,0.0,0.0,0.0,1.0,0.0,0.0,0.0,0.0,1.0508547994509991
2020-04-16 00:00:00+00:00,0.0,0.0,0.0,0.0,0.0,1.0,0.0,0.0,0.0,0.0,1.0508547994509991
2020-04-17 00:00:00+00:00,0.0,0.0,0.0,0.0,0.0,1.0,0.0,0.0,0.0,0.0,1.0508547994509991
2020-04-18 00:00:00+00:00,0.0,0.0,0.0,0.0,0.0,1.0,0.0,0.0,0.0,0.0,1.0508547994509991
2020-04-19 00:00:00+00:00,0.0,0.0,0.0,0.0,0.0,1.0,0.0,0.0,0.0,0.0,1.0508547994509991
2020-04-20 00:00:00+00:00,-0.005003333715876801,-0.004827030450718979,0.00017715841421782488,0.08857920710891244,0.08415841187499822,0.9158415881250018,0.0,0.08415841187499822,0.0,0.0,1.045597022202415
2020-04-21 00:00:00+00:00,0.0002571081262852104,0.00025710812628517116,0.0,0.0,0.08439382166392533,0.9156061783360747,0.0,0.08439382166392533,0.0,0.0,1.0458658536936427
2020-04-22 00:00:00+00:00,0.005916910005957954,0.005916910005957859,0.0,0.0,0.08977951436301859,0.9102204856369813,0.0,0.08977951436301859,0.0,0.0,1.0520541478282524
2020-04-23 00:00:00+00:00,0.0014103295359708667,0.001410329535970794,0.0,0.0,0.09106141729259427,0.9089385827074056,0.0,0.09106141729259427,0.0,0.0,1.0535378908663753
2020-04-24 00:00:00+00:00,0.0009961452664977166,0.00099614526649764,0.0,0.0,0.09196595111221252,0.9080340488877873,0.0,0.09196595111221252,0.0,0.0,1.0545873676494377
2020-04-25 00:00:00+00:00,0.003240378128207544,0.0032403781282074953,0.0,0.0,0.09489882117588899,0.9051011788241108,0.0,0.09489882117588899,0.0,0.0,1.0580046294898529
2020-04-26 00:00:00+00:00,0.0015538759659097234,0.0015538759659097208,0.0,0.0,0.09630305414052605,0.9036969458594737,0.0,0.09630305414052605,0.0,0.0,1.0596486374554384
2020-04-27 00:00:00+00:00,-0.0004939314945267004,-0.0004801598300466393,1.3778280256697667e-05,0.0068891401283488335,0.08897647711225895,0.911023522887741,0.0,0.08897647711225895,0.0,0.0,1.0591252436202667
2020-04-28 00:00:00+00:00,-4.078787215455737e-05,-4.0787872154557465e-05,0.0,0.0,0.08893931688559104,0.9110606831144089,0.0,0.08893931688559104,0.0,0.0,1.0590820441552342
2020-04-29 00:00:00+00:00,0.008683638970280905,0.008683638970280906,0.0,0.0,0.09678253129547215,0.9032174687045278,0.0,0.09678253129547215,0.0,0.0,1.0682787302665853
2020-04-30 00:00:00+00:00,-0.004192112427979344,-0.004192112427979375,0.0,0.0,0.0929802023292332,0.9070197976707667,0.0,0.0929802023292332,0.0,0.0,1.0638003857248888
2020-05-01 00:00:00+00:00,0.0026801688835620396,0.002680168883562122,0.0,0.0,0.09540467058335134,0.9045953294166487,0.0,0.09540467058335134,0.0,0.0,1.06665155041703
2020-05-02 00:00:00+00:00,0.0008460015126490195,0.0008460015126489363,0.0,0.0,0.09616931271197553,0.9038306872880244,0.0,0.09616931271197553,0.0,0.0,1.0675539392421522
2020-05-03 00:00:00+00:00,-0.0018119703129143572,-0.0018119703129143858,0.0,0.0,0.0945286254621191,0.9054713745378808,0.0,0.0945286254621191,0.0,0.0,1.0656195631968106
2020-05-04 00:00:00+00:00,-0.0014481296583297443,-0.001437005847318727,1.1139818996033668e-05,0.005569909498016834,0.08764766031716312,0.9123523396828369,0.0,0.08764766031716312,0.0,0.0,1.0640764079028489
2020-05-05 00:00:00+00:00,-0.0004966714901490921,-0.0004966714901490767,0.0,0.0,0.0871942957478156,0.9128057042521844,0.0,0.0871942957478156,0.0,0.0,1.0635479114877033
2020-05-06 00:00:00+00:00,-0.0027096912171020726,-0.0027096912171021247,0.0,0.0,0.08471415372903729,0.9152858462709627,0.0,0.08471415372903729,0.0,0.0,1.0606660250529778
2020-05-07 00:00:00+00:00,0.00557464444154987,0.005574644441549853,0.0,0.0,0.08978826054303449,0.9102117394569654,0.0,0.08978826054303449,0.0,0.0,1.0665788610138802
2020-05-08 00:00:00+00:00,-0.0002922215922583904,-0.00029222159225835575,0.0,0.0,0.08952219927038939,0.9104778007296106,0.0,0.08952219927038939,0.0,0.0,1.0662671836408455
2020-05-09 00:00:00+00:00,-0.0005210690190354805,-0.0005210690190354791,0.0,0.0,0.08904753016054219,0.9109524698394578,0.0,0.08904753016054219,0.0,0.0,1.065711584845436
2020-05-10 00:00:00+00:00,-0.00952400401117326,-0.009524004011173223,0.0,0.0,0.08028819120445,0.91971180879555,0.0,0.08028819120445,0.0,0.0,1.0555617434366142
2020-05-11 00:00:00+00:00,-0.0001605763824088502,0.0,0.00016057638240889999,0.08028819120445,0.0,1.0,0.0,0.0,0.0,0.0,1.055392245150444
2020-05-12 00:00:00+00:00,0.0,0.0,0.0,0.0,0.0,1.0,0.0,0.0,0.0,0.0,1.055392245150444
2020-05-13 00:00:00+00:00,0.0,0.0,0.0,0.0,0.0,1.0,0.0,0.0,0.0,0.0,1.055392245150444
2020-05-14 00:00:00+00:00,0.0,0.0,0.0,0.0,0.0,1.0,0.0,0.0,0.0,0.0,1.055392245150444
2020-05-15 00:00:00+00:00,0.0,0.0,0.0,0.0,0.0,1.0,0.0,0.0,0.0,0.0,1.055392245150444
2020-05-16 00:00:00+00:00,0.0,0.0,0.0,0.0,0.0,1.0,0.0,0.0,0.0,0.0,1.055392245150444
2020-05-17 00:00:00+00:00,0.0,0.0,0.0,0.0,0.0,1.0,0.0,0.0,0.0,0.0,1.055392245150444
2020-05-18 00:00:00+00:00,0.0,0.0,0.0,0.0,0.0,1.0,0.0,0.0,0.0,0.0,1.055392245150444
2020-05-19 00:00:00+00:00,0.0,0.0,0.0,0.0,0.0,1.0,0.0,0.0,0.0,0.0,1.055392245150444
2020-05-20 00:00:00+00:00,0.0,0.0,0.0,0.0,0.0,1.0,0.0,0.0,0.0,0.0,1.055392245150444
2020-05-21 00:00:00+00:00,0.0,0.0,0.0,0.0,0.0,1.0,0.0,0.0,0.0,0.0,1.055392245150444
2020-05-22 00:00:00+00:00,0.0,0.0,0.0,0.0,0.0,1.0,0.0,0.0,0.0,0.0,1.055392245150444
2020-05-23 00:00:00+00:00,0.0,0.0,0.0,0.0,0.0,1.0,0.0,0.0,0.0,0.0,1.055392245150444
2020-05-24 00:00:00+00:00,0.0,0.0,0.0,0.0,0.0,1.0,0.0,0.0,0.0,0.0,1.055392245150444
2020-05-25 00:00:00+00:00,0.0,0.0,0.0,0.0,0.0,1.0,0.0,0.0,0.0,0.0,1.055392245150444
2020-05-26 00:00:00+00:00,0.0,0.0,0.0,0.0,0.0,1.0,0.0,0.0,0.0,0.0,1.055392245150444
2020-05-27 00:00:00+00:00,0.0,0.0,0.0,0.0,0.0,1.0,0.0,0.0,0.0,0.0,1.055392245150444
2020-05-28 00:00:00+00:00,0.0,0.0,0.0,0.0,0.0,1.0,0.0,0.0,0.0,0.0,1.055392245150444
2020-05-29 00:00:00+00:00,0.0,0.0,0.0,0.0,0.0,1.0,0.0,0.0,0.0,0.0,1.055392245150444
2020-05-30 00:00:00+00:00,0.0,0.0,0.0,0.0,0.0,1.0,0.0,0.0,0.0,0.0,1.055392245150444
2020-05-31 00:00:00+00:00,0.0,0.0,0.0,0.0,0.0,1.0,0.0,0.0,0.0,0.0,1.055392245150444
2020-06-01 00:00:00+00:00,0.016476237285607764,0.016906864869748364,0.0004234680667591792,0.2117340333795896,0.2248395660881134,0.7751604339118866,0.2248395660881134,0.0,0.0,0.0,1.0727811382109331
2020-06-02 00:00:00+00:00,-0.015088677665529127,-0.015088677665529076,0.0,0.0,0.21296423715124477,0.7870357628487553,0.21296423715124477,0.0,0.0,0.0,1.056594289410809
2020-06-03 00:00:00+00:00,0.0033181897463474552,0.003318189746347408,0.0,0.0,0.21556713424309723,0.7844328657569029,0.21556713424309723,0.0,0.0,0.0,1.060100269747981
2020-06-04 00:00:00+00:00,0.0027166893185301966,0.0027166893185300955,0.0,0.0,0.2176924208870784,0.7823075791129216,0.2176924208870784,0.0,0.0,0.0,1.0629802328273765
2020-06-05 00:00:00+00:00,-0.003713484228414776,-0.0037134842284147337,0.0,0.0,0.2147765058256814,0.7852234941743187,0.2147765058256814,0.0,0.0,0.0,1.0590328724976554
2020-06-06 00:00:00+00:00,0.0010197294909159993,0.0010197294909161103,0.0,0.0,0.21557640569816142,0.7844235943018388,0.21557640569816142,0.0,0.0,0.0,1.0601127995495907
2020-06-07 00:00:00+00:00,0.0017871688453476864,0.0017871688453477963,0.0,0.0,0.21697580214971293,0.7830241978502874,0.21697580214971293,0.0,0.0,0.0,1.0620074001175
2020-06-08 00:00:00+00:00,0.0003174960013168082,0.000891704298314529,0.0005736967291584524,0.2868483645792262,0.21637518910718226,0.7836248108928178,0.07309860504793905,0.06407772404245349,0.0,0.07919886001678972,1.0623445832204061
2020-06-09 00:00:00+00:00,-0.0010851522086094967,-0.0010851522086094878,0.0,0.0,0.21552391314893452,0.7844760868510655,0.07310649707388893,0.06347557930659103,0.0,0.07894183676845454,1.0611917776496202
2020-06-10 00:00:00+00:00,0.002041604274584552,0.002041604274584616,0.0,0.0,0.21712223973077738,0.7828777602692227,0.0737995218333821,0.06438301060061553,0.0,0.07893970729677974,1.0633583113190237
2020-06-11 00:00:00+00:00,-0.014336217775108184,-0.014336217775108157,0.0,0.0,0.2057354907552046,0.7942645092447955,0.07028035848330132,0.06075356829389254,0.0,0.07470156397801073,1.048113774994983
2020-06-12 00:00:00+00:00,0.005138923411376117,0.005138923411376187,0.0,0.0,0.20979628711510517,0.790203712884895,0.07132324624552099,0.06230245740277405,0.0,0.07617058346681015,1.0534999514110905
2020-06-13 00:00:00+00:00,0.0009892368787705053,0.0009892368787704673,0.0,0.0,0.21057721324870132,0.7894227867512988,0.07131584550666648,0.0623928532258624,0.0,0.07686851451617242,1.0545421124148093
2020-06-14 00:00:00+00:00,-0.003751860526774231,-0.003751860526774281,0.0,0.0,0.20760425493119372,0.7923957450688064,0.0705927173077368,0.06094726390587329,0.0,0.07606427371758366,1.050585617489419
2020-06-15 00:00:00+00:00,-0.0006281742931089074,-0.0006014205210658636,2.676987199344065e-05,0.013384935996720325,0.220520395898255,0.779479604101745,0.07324143870672352,0.06299194207983197,0.0,0.08428701511169949,1.0499256666118022
2020-06-16 00:00:00+00:00,0.0022933022573867756,0.0022933022573868034,0.0,0.0,0.2223038881471281,0.7776961118528719,0.07385622349257374,0.06405925187730506,0.0,0.0843884127772493,1.0523334635131314
2020-06-17 00:00:00+00:00,-0.0010637393842967136,-0.0010637393842966982,0.0,0.0,0.2214757412314456,0.7785242587685545,0.07345495628242507,0.06372140701493532,0.0,0.08429937793408522,1.051214054962579
2020-06-18 00:00:00+00:00,-0.002500894803062814,-0.002500894803062764,0.0,0.0,0.219523852490224,0.7804761475097761,0.07302597477293432,0.06318175819902848,0.0,0.08331611951826119,1.0485850791956166
2020-06-19 00:00:00+00:00,-0.002267985494737168,-0.0022679854947371585,0.0,0.0,0.21774972020238892,0.7822502797976112,0.0725986439598472,0.0627065287818742,0.0,0.08244454746066751,1.046206903446003
2020-06-20 00:00:00+00:00,0.0008527330327903204,0.0008527330327904181,0.0,0.0,0.21841620252439017,0.78158379747561,0.0729163710844172,0.06262027109179968,0.0,0.08287956034817329,1.0470990386317047
2020-06-21 00:00:00+00:00,-0.0011450534147829927,-0.0011450534147829574,0.0,0.0,0.21752022138188493,0.7824797786181154,0.07249873090832672,0.06245923506857495,0.0,0.08256225540498323,1.0459000543019035
2020-06-22 00:00:00+00:00,0.011870839119638932,0.012222129627395214,0.0003470488319451043,0.17352441597255214,0.2352667949074847,0.7647332050925153,0.11629063834903706,0.11897615655844765,0.0,0.0,1.058315765581743
2020-06-23 00:00:00+00:00,-0.0007171393564738837,-0.0007171393564739037,0.0,0.0,0.23471798105289593,0.765282018947104,0.11563685103840556,0.11908113001449039,0.0,0.0,1.0575568056946676
2020-06-24 00:00:00+00:00,-0.008118906978978546,-0.008118906978978501,0.0,0.0,0.22845386979174429,0.7715461302082557,0.11263441152831284,0.11581945826343144,0.0,0.0,1.048970600364247
2020-06-25 00:00:00+00:00,-0.0016186231835714215,-0.001618623183571468,0.0,0.0,0.2272030026556483,0.7727969973443516,0.11222444204616054,0.11497856060948775,0.0,0.0,1.0472727122316126
2020-06-26 00:00:00+00:00,-0.0024585560068081103,-0.0024585560068081467,0.0,0.0,0.22529835527352188,0.774701644726478,0.11143945035163205,0.11385890492188981,0.0,0.0,1.0446979336141893
2020-06-27 00:00:00+00:00,-0.006150124194917339,-0.006150124194917289,0.0,0.0,0.22050436027984643,0.7794956397201535,0.11029075632982098,0.11021360395002545,0.0,0.0,1.0382729115762885
2020-06-28 00:00:00+00:00,0.003245148155038402,0.0032451481550384853,0.0,0.0,0.22302575681164158,0.7769742431883584,0.11120461292920732,0.11182114388243426,0.0,0.0,1.0416422609997167
2020-06-29 00:00:00+00:00,0.002634607307474557,0.0026706977539112456,3.599431649643986e-05,0.01799715824821993,0.24304451437513064,0.7569554856248694,0.12120262616700796,0.12184188820812268,0.0,0.0,1.0443865793123208
2020-06-30 00:00:00+00:00,-0.0020004748149802243,-0.002000474814980268,0.0,0.0,0.2415272086582036,0.7584727913417963,0.12072096489625546,0.12080624376194812,0.0,0.0,1.042297310263303
2020-07-01 00:00:00+00:00,0.004132389293104444,0.004132389293104377,0.0,0.0,0.2446486146356149,0.755351385364385,0.12145966856084302,0.12318894607477189,0.0,0.0,1.0466044885084667
2020-07-02 00:00:00+00:00,-0.004329484858050403,-0.004329484858050445,0.0,0.0,0.24136411204594416,0.7586358879540557,0.12006589498922421,0.12129821705671995,0.0,0.0,1.0420732302231017
2020-07-03 00:00:00+00:00,-0.0012368950632248854,-0.0012368950632249236,0.0,0.0,0.2404245969798014,0.7595754030201984,0.11983422638374075,0.12059037059606065,0.0,0.0,1.04078429498912
2020-07-04 00:00:00+00:00,0.0033704395607676574,0.0033704395607676097,0.0,0.0,0.24297610027986472,0.7570238997201351,0.12044974324573346,0.12252635703413126,0.0,0.0,1.044292195551177
2020-07-05 00:00:00+00:00,-0.0017734704181182614,-0.0017734704181182445,0.0,0.0,0.2416311555682425,0.7583688444317573,0.11979736193692746,0.12183379363131502,0.0,0.0,1.0424401742344953
2020-07-06 00:00:00+00:00,0.01117516407092034,0.011179282465999224,4.072863388775134e-06,0.0020364316943875665,0.2516605154627383,0.7483394845372616,0.12392445507530546,0.12773606038743288,0.0,0.0,1.0540896142156846
2020-07-07 00:00:00+00:00,-0.0022968690831225436,-0.0022968690831225154,0.0,0.0,0.24993772060277447,0.7500622793972256,0.12307872829687319,0.12685899230590128,0.0,0.0,1.051668508369952
2020-07-08 00:00:00+00:00,0.00637625701388389,0.0063762570138838,0.0,0.0,0.25469000866255753,0.7453099913374425,0.12465918478343482,0.13003082387912268,0.0,0.0,1.0583742170727266
2020-07-09 00:00:00+00:00,-0.005307320422306527,-0.005307320422306485,0.0,0.0,0.25071330407913417,0.7492866959208658,0.12261969177002789,0.12809361230910626,0.0,0.0,1.0527570859760138
2020-07-10 00:00:00+00:00,0.00037213262265622937,0.000372132622656257,0.0,0.0,0.2509920343777716,0.7490079656222284,0.12331649895156997,0.12767553542620164,0.0,0.0,1.053148851231438
2020-07-11 00:00:00+00:00,-0.0018218754065056908,-0.0018218754065056778,0.0,0.0,0.2496249445185346,0.7503750554814654,0.12281908139543996,0.12680586312309464,0.0,0.0,1.0512301452399897
2020-07-12 00:00:00+00:00,0.0028142314631656173,0.0028142314631656334,0.0,0.0,0.2517307473921431,0.748269252607857,0.12339343036180071,0.12833731703034235,0.0,0.0,1.0541885501897523
2020-07-13 00:00:00+00:00,-0.0016225963754719075,-0.0012893035343148303,0.0003337231115443123,0.16686155577215617,0.30309177663308495,0.696908223366915,0.10668325559384655,0.08612456074705092,0.0,0.11028396029218748,1.0524780276691506
2020-07-14 00:00:00+00:00,-0.0014336530990795016,-0.0014336530990795445,0.0,0.0,0.3020912175442424,0.6979087824557575,0.1069894646869627,0.08659032266242439,0.0,0.10851143019485532,1.0509691392830696
2020-07-15 00:00:00+00:00,-0.0040074567647531145,-0.0040074567647531536,0.0,0.0,0.29928312496319953,0.7007168750368004,0.10674391768371225,0.08626621168617545,0.0,0.1062729955933118,1.0467574258963028
2020-07-16 00:00:00+00:00,-0.0053875508817621265,-0.005387550881762133,0.0,0.0,0.29548752817440305,0.7045124718255967,0.10657673780934528,0.08491223121797034,0.0,0.10399855914708746,1.041117967003424
2020-07-17 00:00:00+00:00,-0.0006831104412170497,-0.0006831104412170608,0.0,0.0,0.2950059393705911,0.7049940606294087,0.10689000973921887,0.08463560343929026,0.0,0.10348032619208197,1.0404067684496254
2020-07-18 00:00:00+00:00,0.001807328224353144,0.001807328224353108,0.0,0.0,0.2962777963713132,0.7037222036286866,0.10688354282230457,0.08557589872546188,0.0,0.10381835482354673,1.0422871249670524
2020-07-19 00:00:00+00:00,0.006923004815274414,0.0069230048152743575,0.0,0.0,0.301116172474589,0.6988838275254108,0.10659652213128526,0.08623167178487502,0.0,0.1082879785584287,1.0495028837520979
2020-07-20 00:00:00+00:00,-0.0031703105850563462,-0.0027409069560557506,0.00043058381918564825,0.21529190959282413,0.29790775543363096,0.702092244566369,0.14954111491087807,0.1483666405227529,0.0,0.0,1.0461756336506915
2020-07-21 00:00:00+00:00,0.00973304696605326,0.00973304696605332,0.0,0.0,0.30467538259152077,0.6953246174084793,0.15180538679811093,0.15286999579340985,0.0,0.0,1.0563581102277542
2020-07-22 00:00:00+00:00,0.01341592122008417,0.013415921220084153,0.0,0.0,0.3138803102961364,0.6861196897038636,0.1518402354406384,0.16204007485549798,0.0,0.0,1.0705301274147667
2020-07-23 00:00:00+00:00,0.008459849909198125,0.008459849909198177,0.0,0.0,0.3196360868847264,0.6803639131152737,0.15191280913943303,0.16772327774529336,0.0,0.0,1.0795866516159704
2020-07-24 00:00:00+00:00,0.001308474450884889,0.0013084744508849626,0.0,0.0,0.3205251623498109,0.6794748376501892,0.15068472674532168,0.1698404356044892,0.0,0.0,1.0809992631671264
2020-07-25 00:00:00+00:00,0.01848062888994484,0.018480628889944947,0.0,0.0,0.3328544320074527,0.6671455679925475,0.1504683395847702,0.1823860924226825,0.0,0.0,1.1009768093800218
2020-07-26 00:00:00+00:00,0.0069960643126993904,0.0069960643126994486,0.0,0.0,0.3374893987814231,0.6625106012185772,0.15298308451300677,0.18450631426841632,0.0,0.0,1.1086793139452351
2020-07-27 00:00:00+00:00,0.018203503302296697,0.01867859757641399,0.0004663828956923569,0.23319144784617846,0.34324510270864284,0.656754897291357,0.1429130327101129,0.0879521662625271,0.0,0.1123799037360028,1.1288611614978252
2020-07-28 00:00:00+00:00,-0.0006260381678520055,-0.0006260381678519955,0.0,0.0,0.342833691516906,0.6571663084830939,0.1413989267162731,0.0865912732935545,0.0,0.11484349150707843,1.1281544513245219
2020-07-29 00:00:00+00:00,0.0012140979058168355,0.0012140979058168514,0.0,0.0,0.3436305882451598,0.6563694117548401,0.14374284469393628,0.08675656568509449,0.0,0.11313117786612906,1.1295241412813128
2020-07-30 00:00:00+00:00,0.0050885426240543374,0.005088542624054247,0.0,0.0,0.34695364247092986,0.65304635752907,0.14300570117262126,0.09095156885707509,0.0,0.11299637244123348,1.135271773019121
2020-07-31 00:00:00+00:00,0.010085350972398821,0.01008535097239879,0.0,0.0,0.3534740832540645,0.6465259167459354,0.14458381019875238,0.0931361545967172,0.0,0.11575411845859489,1.1467213872990765
2020-08-01 00:00:00+00:00,0.022242182225678864,0.022242182225678905,0.0,0.0,0.36754134393252524,0.6324586560674746,0.14724880718224956,0.10181437955812536,0.0,0.11847815719215032,1.1722269733574657
2020-08-02 00:00:00+00:00,-0.016391715426450015,-0.01639171542644999,0.0,0.0,0.3570014954259139,0.642998504574086,0.14044475133074688,0.09961683349169789,0.0,0.11693991060346916,1.1530121623949814
2020-08-03 00:00:00+00:00,0.011504273738668802,0.01155705484443465,5.217808082396078e-05,0.026089040411980388,0.3563354888844904,0.6436645111155096,0.12924957923737307,0.09623277036416895,0.0,0.13085313928294842,1.1662767299351877
2020-08-04 00:00:00+00:00,0.0019895234959976804,0.0019895234959976995,0.0,0.0,0.3576135318563732,0.6423864681436269,0.12867459211261686,0.09695753734764043,0.0,0.1319814023961159,1.168597064892229
2020-08-05 00:00:00+00:00,0.014879265695435295,0.01487926569543523,0.0,0.0,0.36703163631642594,0.632968363683574,0.1330518140453604,0.0982653519957686,0.0,0.13571447027529693,1.1859849311116664
2020-08-06 00:00:00+00:00,-0.004291314254638912,-0.004291314254638903,0.0,0.0,0.3643036635662661,0.6356963364337338,0.13382502715563463,0.09722349779421202,0.0,0.13325513861641947,1.180895497071
2020-08-07 00:00:00+00:00,-0.008152441419348011,-0.008152441419347978,0.0,0.0,0.35907858931121994,0.64092141068878,0.1329966383101419,0.09419130437919535,0.0,0.13189064662188268,1.1712683157087567
2020-08-08 00:00:00+00:00,0.00979774308851411,0.009797743088514027,0.0,0.0,0.3652972438535149,0.6347027561464849,0.13359939010785993,0.0976321775869947,0.0,0.1340656761586603,1.1827441017537876
2020-08-09 00:00:00+00:00,-0.005528046878514603,-0.005528046878514645,0.0,0.0,0.36176907337179637,0.6382309266282034,0.13343588021127664,0.09646632100277981,0.0,0.1318668721577399,1.176205836914006
2020-08-10 00:00:00+00:00,0.004327901411981028,0.00473196583309769,0.00040216140707900375,0.20108070353950186,0.30241697165171133,0.6975830283482886,0.15154498413290649,0.15087198751880485,0.0,0.0,1.1812963398163665
2020-08-11 00:00:00+00:00,-0.01265406106236111,-0.012654061062361107,0.0,0.0,0.2934765811678208,0.7065234188321791,0.1470238741746072,0.1464527069932136,0.0,0.0,1.1663481437995866
2020-08-12 00:00:00+00:00,0.00538787470037172,0.005387874700371727,0.0,0.0,0.2972628409281949,0.702737159071805,0.14844708151621477,0.14881575941198008,0.0,0.0,1.17263228145539
2020-08-13 00:00:00+00:00,0.01712501153040047,0.017125011530400372,0.0,0.0,0.3090946038044593,0.6909053961955405,0.14866655883676919,0.16042804496769011,0.0,0.0,1.1927136227962334
2020-08-14 00:00:00+00:00,0.004889136233291236,0.004889136233291249,0.0,0.0,0.3124560995998839,0.6875439004001159,0.1477018583657253,0.1647542412341586,0.0,0.0,1.1985449621853865
2020-08-15 00:00:00+00:00,-0.001035047748883966,-0.0010350477488839246,0.0,0.0,0.311743721488155,0.6882562785118449,0.1490096432878341,0.1627340782003209,0.0,0.0,1.1973044109203403
2020-08-16 00:00:00+00:00,0.001229733330709859,0.0012297333307098477,0.0,0.0,0.3125890536407877,0.6874109463592122,0.1495623212767476,0.1630267323640401,0.0,0.0,1.198776776061455
2020-08-17 00:00:00+00:00,0.0037370084632970535,0.0037640386465989696,2.6928822174585033e-05,0.013464411087292516,0.3061111507745367,0.6938888492254633,0.15587888088224025,0.15023226989229646,0.0,0.0,1.2032566150192006
2020-08-18 00:00:00+00:00,-0.007392767094207109,-0.0073927670942071245,0.0,0.0,0.30094318656720953,0.6990568134327906,0.1527427472919998,0.1482004392752097,0.0,0.0,1.1943612191097996
2020-08-19 00:00:00+00:00,-0.007517859290071871,-0.007517859290071843,0.0,0.0,0.2956479670931397,0.7043520329068604,0.15144252219223875,0.14420544490090095,0.0,0.0,1.1853821795230135
2020-08-20 00:00:00+00:00,0.004278753127726853,0.004278753127726896,0.0,0.0,0.29864887541110924,0.7013511245888909,0.15206942443234994,0.1465794509787593,0.0,0.0,1.1904541372311992
2020-08-21 00:00:00+00:00,-0.014005796585619956,-0.01400579658562,0.0,0.0,0.2886863612786001,0.7113136387214,0.15003587155734638,0.1386504897212537,0.0,0.0,1.1737808787406294
2020-08-22 00:00:00+00:00,0.004330230992555029,0.004330230992555117,0.0,0.0,0.2917532333778045,0.7082467666221957,0.15110269192829764,0.14065054144950687,0.0,0.0,1.1788636210802206
2020-08-23 00:00:00+00:00,-0.0018043541551215903,-0.0018043541551215655,0.0,0.0,0.2904729953788454,0.7095270046211548,0.15117608714601544,0.13929690823282995,0.0,0.0,1.1767365336072029
2020-08-24 00:00:00+00:00,0.008424756845065495,0.008795136879454046,0.0003671508920375986,0.1835754460187993,0.3387219856859093,0.6612780143140906,0.13201552004089237,0.09087399664111001,0.0,0.11583246900390692,1.1866502527735487
2020-08-25 00:00:00+00:00,-0.016569876401665518,-0.016569876401665552,0.0,0.0,0.32758007056515726,0.6724199294348426,0.12932912154033102,0.08679074649343946,0.0,0.1114602025313868,1.1669876047530858
2020-08-26 00:00:00+00:00,0.006524971305315708,0.006524971305315647,0.0,0.0,0.33193914845171457,0.6680608515482853,0.13011411004049514,0.086881166148472,0.0,0.11494387226274742,1.1746021653877587
2020-08-27 00:00:00+00:00,0.002672356111426355,0.002672356111426419,0.0,0.0,0.3337196867188346,0.6662803132811653,0.1282836777550849,0.08608812904340893,0.0,0.1193478799203408,1.1777411206629274
2020-08-28 00:00:00+00:00,0.004695318860179487,0.004695318860179494,0.0,0.0,0.33683346505778866,0.6631665349422112,0.1298987803477957,0.08832136466505053,0.0,0.11861332004494243,1.183270990759185
2020-08-29 00:00:00+00:00,-0.0005842579527374214,-0.0005842579527373886,0.0,0.0,0.3364457782266451,0.6635542217733548,0.12928622035176096,0.08916703459951045,0.0,0.1179925232753737,1.1825796552725905
2020-08-30 00:00:00+00:00,0.013042927199661714,0.013042927199661639,0.0,0.0,0.3449890385123094,0.6550109614876904,0.13035233003181074,0.09470681989550439,0.0,0.11992988858499426,1.198003955624112
2020-08-31 00:00:00+00:00,-0.0019649633870447714,-0.0019175793206204746,4.747510370139929e-05,0.023737551850699645,0.31994743192012487,0.680052568079875,0.1280696151088035,0.08519579404631035,0.0,0.10668202276501107,1.1956499217137757
2020-09-01 00:00:00+00:00,0.018364050959022826,0.018364050959022785,0.0,0.0,0.3322107477778207,0.6677892522221792,0.12870144129375777,0.09168213639090528,0.0,0.11182717009315767,1.2176068978052792
2020-09-02 00:00:00+00:00,-0.012432143682319374,-0.012432143682319353,0.0,0.0,0.3238041842388955,0.6761958157611044,0.12449058031236214,0.08582572501426962,0.0,0.11348787891226376,1.2024694339031807
2020-09-03 00:00:00+00:00,-0.04501407707369354,-0.045014077073693544,0.0,0.0,0.2919311169644491,0.7080688830355508,0.11604760445605206,0.07798038630049026,0.0,0.09790312620790681,1.1483413821267023
2020-09-04 00:00:00+00:00,0.00719653746194715,0.007196537461947081,0.0,0.0,0.2969903522307309,0.703009647769269,0.1187182978325927,0.07822515213945024,0.0,0.10004690225868793,1.1566054639022814
2020-09-05 00:00:00+00:00,-0.020650392224495384,-0.020650392224495367,0.0,0.0,0.28216681541734034,0.7178331845826595,0.11797746864180442,0.06945544748788213,0.0,0.09473389928765381,1.132721107423705
2020-09-06 00:00:00+00:00,0.022665823257552287,0.022665823257552394,0.0,0.0,0.2980764896434038,0.7019235103565963,0.11637484190106587,0.07152634499608862,0.0,0.11017530274624927,1.1583951638446695
2020-09-07 00:00:00+00:00,-0.001117314917217671,-0.0009802824052653077,0.00013716697432387408,0.06858348716193705,0.22873694688066262,0.7712630531193373,0.0929405510519949,0.0678050051288807,0.0,0.06799139069978702,1.157100871648073
2020-09-08 00:00:00+00:00,-0.002794140206152873,-0.0027941402061528666,0.0,0.0,0.22657589148264634,0.7734241085173535,0.09098366606943088,0.064883595343097,0.0,0.07070863007011848,1.1538677695800266
2020-09-09 00:00:00+00:00,0.007093362641380274,0.007093362641380203,0.0,0.0,0.2320234278092792,0.7679765721907206,0.09116921033888886,0.0669928886414066,0.0,0.07386132882898376,1.1620525721098582
2020-09-10 00:00:00+00:00,0.004531025659509469,0.004531025659509521,0.0,0.0,0.2354874537732496,0.7645125462267502,0.09180212815327343,0.06993733337588463,0.0,0.07374799224409152,1.167317862131787
2020-09-11 00:00:00+00:00,0.004063621024591013,0.0040636210245909255,0.0,0.0,0.23858156971506644,0.7614184302849333,0.09188195448368501,0.07073148118388535,0.0,0.07596813404749608,1.1720613995387263
2020-09-12 00:00:00+00:00,0.012432391409988641,0.012432391409988742,0.0,0.0,0.24793157869581245,0.7520684213041874,0.09121478114564713,0.07251068561166003,0.0,0.08420611193850529,1.1866329256143309
2020-09-13 00:00:00+00:00,0.0029272933195967354,0.00292729331959679,0.0,0.0,0.2501266778622502,0.7498733221377497,0.09000924226354239,0.06831847721895357,0.0,0.0917989583797542,1.1901065482502953
2020-09-14 00:00:00+00:00,0.00510602430064977,0.005155930673629676,4.9650379067733814e-05,0.024825189533866907,0.23038311033486034,0.7696168896651395,0.09305689038748077,0.06992461988818618,0.0,0.06740160005919338,1.1961832612060237
2020-09-15 00:00:00+00:00,-0.010361663061286053,-0.010361663061286028,0.0,0.0,0.22232510510271364,0.7776748948972863,0.09503093002829328,0.06820796204440684,0.0,0.05908621303001352,1.1837888132938565
2020-09-16 00:00:00+00:00,0.0032832236818212124,0.0032832236818211335,0.0,0.0,0.22487003017612867,0.7751299698238712,0.0962022326599171,0.06816963108451453,0.0,0.06049816643169702,1.187675456759938
2020-09-17 00:00:00+00:00,0.0028023114595068233,0.0028023114595069083,0.0,0.0,0.22703611572681243,0.7729638842731875,0.09581070015156794,0.07250623272314038,0.0,0.058719182852104077,1.1910036933025914
2020-09-18 00:00:00+00:00,0.00017005680181192417,0.0001700568018120263,0.0,0.0,0.22716754114310217,0.7728324588568979,0.09573661778642847,0.07157225361299098,0.0,0.0598586697436827,1.1912062315816205
2020-09-19 00:00:00+00:00,0.0004992557368306283,0.0004992557368307268,0.0,0.0,0.22755318964456872,0.7724468103554314,0.09697748539586051,0.07169472291921025,0.0,0.05888098132949796,1.191800948126486
2020-09-20 00:00:00+00:00,-0.0059673827682263925,-0.005967382768226444,0.0,0.0,0.22291603216544775,0.7770839678345522,0.0961477692096653,0.06946477596861615,0.0,0.057303486987166315,1.1846890156854801
2020-09-21 00:00:00+00:00,-0.017756169438781666,-0.017728403335788977,2.826723595288454e-05,0.014133617976442268,0.209760880775466,0.790239119224534,0.08692594350447187,0.06488842073438697,0.0,0.05794651653660715,1.1636534767907052
2020-09-22 00:00:00+00:00,0.003979592188049663,0.003979592188049741,0.0,0.0,0.2128932446701379,0.7871067553298622,0.08751549993880813,0.06536620002162183,0.0,0.06001154470970795,1.1682843430765384
2020-09-23 00:00:00+00:00,-0.00985014187522959,-0.009850141875229642,0.0,0.0,0.20506300246252468,0.7949369975374754,0.08596736903700374,0.061516656349107544,0.0,0.05757897707641341,1.1567765765466251
2020-09-24 00:00:00+00:00,0.01393315653085514,0.013933156530855076,0.0,0.0,0.215986781360094,0.784013218639906,0.08888291500888097,0.06601542857274403,0.0,0.06108843777846898,1.172894125658876
2020-09-25 00:00:00+00:00,0.0004403321773469582,0.0004403321773469116,0.0,0.0,0.21633185566040844,0.7836681443395915,0.08843202715248523,0.06654607595659721,0.0,0.06135375255132599,1.1734105886830248
2020-09-26 00:00:00+00:00,0.00444680702831457,0.004446807028314596,0.0,0.0,0.2198012489500596,0.7801987510499404,0.08838670662100111,0.0666317371686813,0.0,0.06478280516037718,1.1786285191358792
2020-09-27 00:00:00+00:00,0.001195657285282259,0.0011956572852822695,0.0,0.0,0.2207329852334454,0.7792670147665546,0.08865695225588847,0.06723470167060296,0.0,0.06484133130695396,1.1800377549114254
2020-09-28 00:00:00+00:00,0.00039830389742601113,0.00041685695541491164,1.854532724007152e-05,0.00927266362003576,0.21178889289574135,0.7882111071042587,0.08393561711810431,0.06630755934353874,0.0,0.06154571643409831,1.1805077685483165
2020-09-29 00:00:00+00:00,0.00652964251173116,0.00652964251173123,0.0,0.0,0.21690224131171384,0.7830977586882862,0.08451744827315529,0.06697005513557062,0.0,0.06541473790298794,1.1882160622592586
2020-09-30 00:00:00+00:00,0.0003896667904730311,0.00038966679047292116,0.0,0.0,0.21720726964255777,0.7827927303574422,0.08398583044117128,0.06695327275287453,0.0,0.06626816644851195,1.1886790705986277
2020-10-01 00:00:00+00:00,-0.00663052059874869,-0.006630520598748689,0.0,0.0,0.21198230206421603,0.788017697935784,0.08331108405368075,0.06608899292740421,0.0,0.06258222508313108,1.180797509535722
2020-10-02 00:00:00+00:00,-0.0020203219394311356,-0.002020321939431139,0.0,0.0,0.2103870296565718,0.7896129703434283,0.08309666081282704,0.06486578308018387,0.0,0.0624245857635609,1.1784119184211812
2020-10-03 00:00:00+00:00,0.0017900893226892034,0.0017900893226891507,0.0,0.0,0.21179798167369976,0.7882020183263002,0.0827258646351021,0.06481357570749521,0.0,0.06425854133110245,1.1805213810140767
2020-10-04 00:00:00+00:00,0.003991088415424837,0.003991088415424747,0.0,0.0,0.21493126042552754,0.7850687395744723,0.08337049594507102,0.06575023247598336,0.0,0.06581053200447315,1.1852329462220033
2020-10-05 00:00:00+00:00,0.0005491957347387721,0.0005860842780249082,3.686693615451664e-05,0.01843346807725832,0.22285576739877652,0.7771442326012235,0.08995474026706758,0.07333656018297664,0.0,0.05956446694873229,1.1858838711007402
2020-10-06 00:00:00+00:00,-0.006225890477333351,-0.006225890477333407,0.0,0.0,0.21798704036020378,0.7820129596397961,0.08890330698837902,0.07111862357961389,0.0,0.05796510979221087,1.178500688000431
2020-10-07 00:00:00+00:00,0.0007276531389068808,0.0007276531389068438,0.0,0.0,0.21855566078651342,0.7814443392134864,0.08939811387696557,0.07122956466093477,0.0,0.057927982248613084,1.1793582277252583
2020-10-08 00:00:00+00:00,0.004208897503961806,0.004208897503961903,0.0,0.0,0.2218308947910875,0.7781691052089125,0.09118541129963774,0.07287468031158525,0.0,0.057770803179864515,1.184322025626208
2020-10-09 00:00:00+00:00,0.005349360331306396,0.005349360331306402,0.0,0.0,0.22597145239892344,0.7740285476010765,0.09173960166942406,0.07539309075874939,0.0,0.058838759970749964,1.1906573908895852
2020-10-10 00:00:00+00:00,0.003174729786878494,0.0031747297868785222,0.0,0.0,0.22842100721026273,0.7715789927897373,0.09345673921610329,0.07628692951887725,0.0,0.05867733847528219,1.1944374063744094
2020-10-11 00:00:00+00:00,0.0016080555880182423,0.0016080555880183052,0.0,0.0,0.2296597571424652,0.7703402428575349,0.09393297064473752,0.07691682632308346,0.0,0.05880996017464421,1.1963581281202678
2020-10-12 00:00:00+00:00,0.008287844071967143,0.008305471108227516,1.7481841332355947e-05,0.008740920666177973,0.23255017728526295,0.767449822714737,0.09098182495935417,0.07608445821440102,0.0,0.06548389411150778,1.206273357740359
2020-10-13 00:00:00+00:00,-0.0017636637689899537,-0.00176366376898995,0.0,0.0,0.23119426246057306,0.7688057375394269,0.09029132794484288,0.07514218325899667,0.0,0.06576075125673353,1.2041458971238146
2020-10-14 00:00:00+00:00,-0.0002460095750205227,-0.0002460095750205652,0.0,0.0,0.23100508234768846,0.7689949176523115,0.09029235257737094,0.07469517241663803,0.0,0.06601755735367948,1.2038496657034004
2020-10-15 00:00:00+00:00,0.0015246576990062266,0.001524657699006224,0.0,0.0,0.2321757514996482,0.7678242485003518,0.09084373843536711,0.07437269851223514,0.0,0.06695931455204594,1.2056851243646611
2020-10-16 00:00:00+00:00,-0.0065812212490438116,-0.006581221249043784,0.0,0.0,0.22708905355528772,0.7729109464447123,0.08996806313360221,0.07246062355301285,0.0,0.06466036686867266,1.1977502438045364
2020-10-17 00:00:00+00:00,0.001295136581361822,0.001295136581361804,0.0,0.0,0.22808878400868154,0.7719112159913184,0.09017770500377911,0.07292326237917338,0.0,0.06498781662572904,1.1993014939606228
2020-10-18 00:00:00+00:00,0.003966823601471603,0.0039668236014716906,0.0,0.0,0.2311387210761743,0.7688612789238257,0.09095069868676559,0.07456978080950787,0.0,0.06561824157990084,1.204058911432146
2020-10-19 00:00:00+00:00,0.0007082143976826494,0.000722788246798883,1.4563322917495916e-05,0.007281661458747958,0.22903345027070704,0.770966549729293,0.09329590866996448,0.07662273329925225,0.0,0.05911480830149029,1.2049116432888805
2020-10-20 00:00:00+00:00,-0.0030740776221230837,-0.003074077622123054,0.0,0.0,0.22665613118939026,0.7733438688106098,0.09484613652062801,0.07467663771755843,0.0,0.05713335695120381,1.2012076513696106
2020-10-21 00:00:00+00:00,0.01317666675445106,0.013176666754451059,0.0,0.0,0.23671370039749062,0.7632862996025095,0.10045673152644365,0.07806141285908187,0.0,0.05819555601196511,1.2170355642946047
2020-10-22 00:00:00+00:00,0.007961638790948244,0.007961638790948177,0.0,0.0,0.2427427094169251,0.7572572905830749,0.10112995925743999,0.0821334603685143,0.0,0.05947928979097085,1.2267251618532562
2020-10-23 00:00:00+00:00,-0.0012748188787563564,-0.001274818878756306,0.0,0.0,0.24177611128927268,0.7582238887107274,0.10090160180869288,0.08129460717162691,0.0,0.059579902308952895,1.2251613094578802
2020-10-24 00:00:00+00:00,0.0020710529169776226,0.00207105291697759,0.0,0.0,0.24334318758777,0.75665681241223,0.10216312782585324,0.08171146089503707,0.0,0.059468598866879684,1.227698683361601
2020-10-25 00:00:00+00:00,-0.0028916641500777995,-0.0028916641500778386,0.0,0.0,0.24114884490734342,0.7588511550926565,0.10181792753635638,0.0806977473576143,0.0,0.058633170013372725,1.2241485910918266
2020-10-26 00:00:00+00:00,-0.0005609640996524501,-0.0005301503346490013,3.083010959640327e-05,0.015415054798201634,0.23069652233035381,0.7693034776696462,0.09265056858054463,0.07484349853087158,0.0,0.0632024552189376,1.223461887679584
2020-10-27 00:00:00+00:00,0.007096259829124207,0.007096259829124291,0.0,0.0,0.23611723292451192,0.7638827670754882,0.0961141075962628,0.07637794453676891,0.0,0.06362518079148023,1.232143891125589
2020-10-28 00:00:00+00:00,-0.007793855020209017,-0.0077938550202090555,0.0,0.0,0.23011687546941498,0.769883124530585,0.09424237557721823,0.07407937333545217,0.0,0.061795126556744566,1.22254074027412
2020-10-29 00:00:00+00:00,0.00019775833786450647,0.00019775833786456068,0.0,0.0,0.23026909617355867,0.7697309038264414,0.09556816194439073,0.07385486809293008,0.0,0.060846066136237865,1.2227825078988883
2020-10-30 00:00:00+00:00,-0.0029189371236924,-0.002918937123692446,0.0,0.0,0.22801572260737044,0.7719842773926295,0.09659167218764203,0.07320431213746938,0.0,0.058219738282259036,1.2192132826423805
2020-10-31 00:00:00+00:00,0.0023995904090214903,0.002399590409021579,0.0,0.0,0.22986373420441325,0.7701362657955868,0.09800126244222636,0.07376396322527795,0.0,0.05809850853690895,1.2221388951419607
2020-11-01 00:00:00+00:00,0.0018319439380687363,0.0018319439380686622,0.0,0.0,0.2312720008025666,0.7687279991974334,0.09761273814759232,0.07558012371995498,0.0,0.05807913893501932,1.224377785082394
2020-11-02 00:00:00+00:00,-0.005965444365016892,-0.0059416879551113955,2.3898406781149364e-05,0.011949203390574682,0.23543583781642743,0.7645641621835726,0.09507858161279449,0.08076211463541509,0.0,0.05959514156821785,1.2170738275237225
2020-11-03 00:00:00+00:00,0.002366662815001419,0.002366662815001414,0.0,0.0,0.23724103110492023,0.7627589688950798,0.0981716277279661,0.08159590081119451,0.0,0.05747350256575962,1.2199542308944344
2020-11-04 00:00:00+00:00,0.004108219114726586,0.004108219114726562,0.0,0.0,0.2403617913141202,0.7596382086858797,0.09860993593635241,0.08432499364207693,0.0,0.057426861735690865,1.2249660701848866
2020-11-05 00:00:00+00:00,0.014607500166342824,0.014607500166342813,0.0,0.0,0.25129844933992834,0.7487015506600716,0.10712645309945652,0.08604925805844289,0.0,0.058122738182028906,1.2428597622588766
2020-11-06 00:00:00+00:00,0.010861457972358934,0.010861457972358986,0.0,0.0,0.259343063527362,0.740656936472638,0.10590681745669832,0.09312790733717016,0.0,0.060308338733493554,1.2563590313321875
2020-11-07 00:00:00+00:00,-0.01205830068034941,-0.012058300680349378,0.0,0.0,0.2503029915806835,0.7496970084193165,0.10195897990488988,0.08998254990886104,0.0,0.0583614617669326,1.2412094763699115
2020-11-08 00:00:00+00:00,0.00982698007477767,0.0098269800747776,0.0,0.0,0.2575985557805145,0.7424014442194855,0.10544198984813916,0.09301556245715657,0.0,0.05914100347521877,1.2534068171628239
2020-11-09 00:00:00+00:00,-0.004232735879615923,-0.004160790721705142,7.224575738776023e-05,0.03612287869388011,0.2907704788632896,0.7092295211367105,0.11686112267987668,0.09599433647573662,0.0,0.07791501970767631,1.2481014771560637
2020-11-10 00:00:00+00:00,0.001436455206567766,0.0014364552065677203,0.0,0.0,0.29178779397399046,0.7082122060260095,0.11645597553260459,0.09715538457536922,0.0,0.07817643386601665,1.2498943190212495
2020-11-11 00:00:00+00:00,0.00510816005705661,0.0051081600570565605,0.0,0.0,0.2953870696007415,0.7046129303992584,0.11879564129035208,0.09939829977238723,0.0,0.07719312853800218,1.2562789792572158
2020-11-12 00:00:00+00:00,0.0036337774727361882,0.003633777472736197,0.0,0.0,0.29793820593249276,0.7020617940675071,0.12295094862697165,0.09890795898690731,0.0,0.07607929831861382,1.2608440175115128
2020-11-13 00:00:00+00:00,0.004554831631851997,0.004554831631852039,0.0,0.0,0.30112147992256344,0.6988785200774366,0.12260524600016985,0.10142724323840932,0.0,0.07708899068398428,1.2665869497253055
2020-11-14 00:00:00+00:00,-0.005900785587299007,-0.0059007855872990015,0.0,0.0,0.29697306873909607,0.703026931260904,0.12144009243579712,0.09870555945724233,0.0,0.07682741684605661,1.2591130917073055
2020-11-15 00:00:00+00:00,-0.004295992411974647,-0.004295992411974657,0.0,0.0,0.29393983964782555,0.7060601603521746,0.12110974606224645,0.09637192154009798,0.0,0.07645817204548108,1.253703951419513
2020-11-16 00:00:00+00:00,0.009250542009246132,0.00929081326654349,3.9900548749586265e-05,0.01995027437479313,0.3128019512327189,0.6871980487672811,0.12719271315411784,0.09433100223247937,0.0,0.09127823584612169,1.265301392489277
2020-11-17 00:00:00+00:00,0.01357333430076002,0.01357333430075991,0.0,0.0,0.3220046093247287,0.6779953906752713,0.13259465418036306,0.09743306100091567,0.0,0.09197689414344994,1.2824757512807512
2020-11-18 00:00:00+00:00,-0.0013053674456244835,-0.0013053674456245177,0.0,0.0,0.32111841940999236,0.6788815805900076,0.13365790263426544,0.09681572355202257,0.0,0.09064479322370435,1.2808016491852265
2020-11-19 00:00:00+00:00,-0.0011925352958802593,-0.0011925352958802103,0.0,0.0,0.3203078625457459,0.679692137454254,0.13400611747460583,0.09547865459482631,0.0,0.09082309047631378,1.2792742480115515
2020-11-20 00:00:00+00:00,0.01702327233198364,0.01702327233198363,0.0,0.0,0.3316847746308165,0.6683152253691834,0.1380752362592223,0.1016218675473215,0.0,0.09198767082427273,1.3010516819227458
2020-11-21 00:00:00+00:00,0.013687105658380272,0.013687105658380334,0.0,0.0,0.34070856614564615,0.6592914338543538,0.1365623886757959,0.10856261408506536,0.0,0.09558356338478491,1.3188593137602358
2020-11-22 00:00:00+00:00,-0.002148822042136511,-0.002148822042136507,0.0,0.0,0.3392888153886672,0.6607111846113328,0.13473511238603786,0.1102951502022997,0.0,0.09425855280032965,1.3160253197963507
2020-11-23 00:00:00+00:00,0.011492836699219744,0.011560219871391558,6.661310997422688e-05,0.033306554987113435,0.338684878905399,0.661315121094601,0.12529034490263283,0.10441644365162728,0.0,0.10897809035113888,1.3311501838888087
2020-11-24 00:00:00+00:00,0.01514017020906322,0.015140170209063141,0.0,0.0,0.34854797347010075,0.6514520265298992,0.12874340428556702,0.10225068484156029,0.0,0.11755388434297344,1.3513040242467111
2020-11-25 00:00:00+00:00,-0.018158776894705575,-0.01815877689470552,0.0,0.0,0.336499618064991,0.6635003819350089,0.12810524810809978,0.09801355774950905,0.0,0.11038081220738218,1.3267659959534972
2020-11-26 00:00:00+00:00,-0.03006127683861337,-0.03006127683861333,0.0,0.0,0.31593577399155953,0.6840642260084404,0.12100257890425438,0.09225735239250732,0.0,0.10267584269479783,1.2868817160490806
2020-11-27 00:00:00+00:00,0.0005287178154611549,0.0005287178154611837,0.0,0.0,0.3162972598107772,0.6837027401892227,0.12086853927983669,0.09198864610858791,0.0,0.1034400744223526,1.287562113338747
2020-11-28 00:00:00+00:00,0.009971187627452194,0.009971187627452121,0.0,0.0,0.32304728237314817,0.6769527176268517,0.12372719772173373,0.09440164737377632,0.0,0.1049184372776381,1.3004006367528465
2020-11-29 00:00:00+00:00,0.01346698660627288,0.013466986606272921,0.0,0.0,0.3320426549919334,0.6679573450080665,0.1252878855357212,0.09987463137823409,0.0,0.10688013807797812,1.3179131147107856
2020-11-30 00:00:00+00:00,0.019053468894698167,0.01915055386295398,9.526067359514515e-05,0.04763033679757257,0.29785871273552306,0.702141287264477,0.11621546748863895,0.08695562572798946,0.0,0.09468761951889465,1.3430239312478425
2020-12-01 00:00:00+00:00,-0.013807334649670766,-0.013807334649670816,0.0,0.0,0.28802828094949123,0.7119717190505087,0.11227282209591197,0.08368469228230234,0.0,0.09207076657127694,1.3244803503865872
2020-12-02 00:00:00+00:00,0.004508623801910305,0.004508623801910317,0.0,0.0,0.29122388580816205,0.708776114191838,0.11438440914261185,0.0849631367971343,0.0,0.09187633986841594,1.3304519340195027
2020-12-03 00:00:00+00:00,0.005326688395209889,0.005326688395209817,0.0,0.0,0.2949793113288893,0.7050206886711107,0.11507147161851163,0.08719753195841275,0.0,0.09271030775196493,1.3375388368968288
2020-12-04 00:00:00+00:00,-0.016521123650372505,-0.01652112365037251,0.0,0.0,0.2831359110752519,0.7168640889247481,0.11235484127282379,0.08166540328395491,0.0,0.0891156665184732,1.315441192385281
2020-12-05 00:00:00+00:00,0.009396469620232661,0.009396469620232592,0.0,0.0,0.2898091973766706,0.7101908026233293,0.11427599310547354,0.08512416200633802,0.0,0.09040904226485905,1.3278016955867318
2020-12-06 00:00:00+00:00,0.0012146959269057067,0.0012146959269056822,0.0,0.0,0.2906708166465254,0.7093291833534745,0.11539516114928702,0.0857004049788248,0.0,0.08957525051841356,1.3294145708980996
2020-12-07 00:00:00+00:00,-0.0026730539089968586,-0.002614973514894991,5.823267099415891e-05,0.029116335497079454,0.2598135738964891,0.7401864261035109,0.09640520491079804,0.07386865127766376,0.0,0.08953971770802734,1.325860974082683
2020-12-08 00:00:00+00:00,-0.013962996314939802,-0.013962996314939797,0.0,0.0,0.24933199936994851,0.7506680006300516,0.09347129979302782,0.07030909205358409,0.0,0.0855516075233366,1.307347982187444
2020-12-09 00:00:00+00:00,0.004887901877960177,0.004887901877960106,0.0,0.0,0.2529833434881801,0.7470166565118199,0.09411909026897557,0.07227193391538729,0.0,0.08659231930381722,1.3137381708447256
2020-12-10 00:00:00+00:00,-0.0046273597525281485,-0.004627359752528127,0.0,0.0,0.24951055885352152,0.7504894411464785,0.09309565074370049,0.07080791948679052,0.0,0.08560698862303052,1.3076590317075987
2020-12-11 00:00:00+00:00,-0.004023221542186706,-0.004023221542186657,0.0,0.0,0.24647897684065634,0.7535210231593438,0.0923540298639196,0.06924597924573553,0.0,0.08487896773100122,1.3023980297213977
2020-12-12 00:00:00+00:00,0.009476999152859156,0.009476999152859152,0.0,0.0,0.2535530539163454,0.7464469460836547,0.09540364828625426,0.07157301281491234,0.0,0.08657639281517884,1.3147408547457529
2020-12-13 00:00:00+00:00,0.007793640118839873,0.007793640118839954,0.0,0.0,0.25932560360707096,0.7406743963929292,0.09650947806292365,0.07385984273410065,0.0,0.08895628281004668,1.3249874718171772
2020-12-14 00:00:00+00:00,-0.0005994132311374356,-0.00029343317713150733,0.00030606986505887193,0.15303493252943595,0.23422326621644607,0.7657767337835539,0.11786196039594288,0.11636130582050319,0.0,0.0,1.3241932567954786
2020-12-15 00:00:00+00:00,0.0014282233162092872,0.0014282233162092469,0.0,0.0,0.2353154065823112,0.7646845934176888,0.11862656678406086,0.11668883979825033,0.0,0.0,1.326084500480001
2020-12-16 00:00:00+00:00,0.02125004217843074,0.02125004217843076,0.0,0.0,0.2512268672356298,0.7487731327643702,0.12757339367438544,0.12365347356124434,0.0,0.0,1.3542638520473642
2020-12-17 00:00:00+00:00,0.009812827678424174,0.009812827678424145,0.0,0.0,0.2585030490394823,0.7414969509605177,0.13498843118012402,0.12351461785935824,0.0,0.0,1.367553009858624
2020-12-18 00:00:00+00:00,0.00396058468172833,0.003960584681728368,0.0,0.0,0.26142822509751795,0.738571774902482,0.13628567978316924,0.12514254531434874,0.0,0.0,1.3729693193609214
2020-12-19 00:00:00+00:00,0.005033548364663298,0.0050335483646633955,0.0,0.0,0.2651272426634451,0.734872757336555,0.13979437586807836,0.12533286679536676,0.0,0.0,1.3798802268331234
2020-12-20 00:00:00+00:00,-0.005947878994008282,-0.005947878994008279,0.0,0.0,0.2607301550819533,0.7392698449180468,0.13846979558672637,0.12226035949522694,0.0,0.0,1.3716728662176954
2020-12-21 00:00:00+00:00,-0.0122583753019041,-0.01188685561896936,0.0003759890100109872,0.18799450500549358,0.2373792967382976,0.7626207032617024,0.08629866055582806,0.06896460903919498,0.0,0.08211602714327455,1.3548583854321603
2020-12-22 00:00:00+00:00,0.011147981158457387,0.011147981158457292,0.0,0.0,0.24578724630594706,0.7542127536940528,0.08944521401244226,0.07142884234841813,0.0,0.08491318994508666,1.369962321185336
2020-12-23 00:00:00+00:00,-0.013821811802833595,-0.01382181180283356,0.0,0.0,0.2352165534376397,0.7647834465623602,0.08849562473527747,0.06663360158244391,0.0,0.08008732711991833,1.3510269598049391
2020-12-24 00:00:00+00:00,0.008349333983058704,0.008349333983058599,0.0,0.0,0.24154911320126926,0.7584508867987305,0.08963882343167676,0.06911010615116814,0.0,0.08280018361842437,1.362307135112467
2020-12-25 00:00:00+00:00,0.007144564781742524,0.00714456478174255,0.0,0.0,0.24692947435694695,0.7530705256430529,0.09269178294000821,0.07024145911826518,0.0,0.08399623229867358,1.372040226691908
2020-12-26 00:00:00+00:00,0.009016625215502616,0.009016625215502599,0.0,0.0,0.2536589518708727,0.7463410481291272,0.09848372241907853,0.07079773844795827,0.0,0.08437749100383589,1.3844113991965823
2020-12-27 00:00:00+00:00,0.004563768632578125,0.004563768632578072,0.0,0.0,0.25704960557650414,0.7429503944234956,0.09725233961068924,0.07574544641123511,0.0,0.08405181955457977,1.3907295325148192
2020-12-28 00:00:00+00:00,0.012445343748966886,0.012495018159798595,4.906138789907222e-05,0.02453069394953611,0.2419902571294399,0.75800974287056,0.08535224334848242,0.071455102310221,0.0,0.08518291147073648,1.4080376396088061
2020-12-29 00:00:00+00:00,0.008521576357524374,0.008521576357524478,0.0,0.0,0.24839511554302834,0.7516048844569716,0.08558607962803222,0.07100654278798953,0.0,0.09180249312700661,1.420036339869001
2020-12-30 00:00:00+00:00,0.004456318297374029,0.004456318297374046,0.0,0.0,0.25172964641110906,0.7482703535888909,0.08984410740418265,0.07263939857263989,0.0,0.08924614043428654,1.4263644737932952
2020-12-31 00:00:00+00:00,-0.003233735266088056,-0.0032337352660880237,0.0,0.0,0.2493020880992169,0.7506979119007832,0.09028566465474248,0.07134909612773578,0.0,0.08766732731673861,1.4217519886920946
2021-01-01 00:00:00+00:00,0.001494434694382596,0.001494434694382534,0.0,0.0,0.2504222830455696,0.7495777169544303,0.09142283751012997,0.0705160974241744,0.0,0.08848334811126522,1.4238767041908036
2021-01-02 00:00:00+00:00,0.014371188513605748,0.014371188513605847,0.0,0.0,0.2610419879405159,0.7389580120594841,0.09886866812655504,0.07385930754393273,0.0,0.08831401227002814,1.4443395047268612
2021-01-03 00:00:00+00:00,0.02895846858235629,0.028958468582356296,0.0,0.0,0.28183883546089017,0.7181611645391098,0.09854561602991135,0.09067863639295454,0.0,0.09261458303802425,1.48616536489675
2021-01-04 00:00:00+00:00,0.0006997446477703395,0.0008326698574220359,0.00013281461892184453,0.06640730946092226,0.21608426899993055,0.7839157310000693,0.07967219415102626,0.05914875833912572,0.0,0.07726331650977858,1.4872053011565383
2021-01-05 00:00:00+00:00,0.009524862500773779,0.009524862500773851,0.0,0.0,0.22348051036784794,0.776519489632152,0.0837553733073044,0.06189364212397015,0.0,0.07783149493657336,1.5013707271604761
2021-01-06 00:00:00+00:00,0.013841580013447485,0.013841580013447393,0.0,0.0,0.23408202529841743,0.7659179747015824,0.08947359438567233,0.06707436613280762,0.0,0.07753406477993748,1.5221520702103157
2021-01-07 00:00:00+00:00,0.00981318267119402,0.009813182671193939,0.0,0.0,0.24152507825700098,0.7584749217429988,0.09502149730055649,0.0673078171715709,0.0,0.0791957637848736,1.5370892265286258
2021-01-08 00:00:00+00:00,0.00010308802109659787,0.00010308802109661131,0.0,0.0,0.2416032598761465,0.7583967401238533,0.09779339717718212,0.0668536206666159,0.0,0.07695624203234847,1.5372476820152374
2021-01-09 00:00:00+00:00,0.004786797289094036,0.004786797289094085,0.0,0.0,0.24521625665265387,0.754783743347346,0.0961315318409326,0.06977679868669344,0.0,0.07930792612502782,1.544606175052174
2021-01-10 00:00:00+00:00,-0.008450582314652788,-0.008450582314652781,0.0,0.0,0.23878353424956067,0.7612164657504391,0.09226340872437308,0.06917141331830416,0.0,0.07734871220688344,1.5315533534261747
2021-01-11 00:00:00+00:00,-0.02128066736894907,-0.021231089219944085,5.065357967440745e-05,0.025326789837203725,0.1995740380594212,0.8004259619405788,0.07732139959893383,0.04969962072507599,0.0,0.07255301773541138,1.4989608759541138
2021-01-12 00:00:00+00:00,-0.004442254896655173,-0.004442254896655188,0.0,0.0,0.19600247612207583,0.8039975238779241,0.07468081713919665,0.04823866159053982,0.0,0.07308299739233938,1.492302109663012
2021-01-13 00:00:00+00:00,0.014450478250968679,0.01445047825096876,0.0,0.0,0.20745512854988266,0.7925448714501174,0.08079994599764377,0.051147445728943974,0.0,0.0755077368232949,1.513866588842572
2021-01-14 00:00:00+00:00,0.011771829440203385,0.011771829440203382,0.0,0.0,0.2166762817574993,0.7833237182425008,0.0836503917728836,0.055120807391171575,0.0,0.07790508259344413,1.5316875681216493
2021-01-15 00:00:00+00:00,-0.009800276996974389,-0.009800276996974373,0.0,0.0,0.2089235130596909,0.7910764869403092,0.07928213250122387,0.052800997033844735,0.0,0.07684038352462227,1.516676605681235
2021-01-16 00:00:00+00:00,0.005300157766704894,0.005300157766704916,0.0,0.0,0.21309423774716016,0.7869057622528399,0.07727032473990625,0.05519037306938489,0.0,0.08063353993786901,1.5247152309724161
2021-01-17 00:00:00+00:00,0.004934812672950262,0.0049348126729502955,0.0,0.0,0.21695840135161742,0.7830415986483826,0.0765277575259511,0.05512823980629052,0.0,0.0853024040193758,1.532239415016859
2021-01-18 00:00:00+00:00,0.001848429732032919,0.0018958536043081086,4.7334133687240434e-05,0.023667066843620216,0.19481784200435787,0.8051821579956422,0.07348629299045116,0.051664222829512614,0.0,0.06966732618439407,1.5350716519081689
2021-01-19 00:00:00+00:00,-0.0014142772885347155,-0.0014142772885346678,0.0,0.0,0.19367747837478932,0.8063225216252108,0.07214253370111193,0.056129555404649895,0.0,0.0654053892690275,1.5329006349346017
2021-01-20 00:00:00+00:00,-0.0002791513842311799,-0.00027915138423118886,0.0,0.0,0.19345232947611415,0.806547670523886,0.07129092358701895,0.056612365144980276,0.0,0.06554904074411491,1.532472723600471
2021-01-21 00:00:00+00:00,-0.026235988974832702,-0.02623598897483274,0.0,0.0,0.17172162721975934,0.8282783727802407,0.06368309872895703,0.04695792892371996,0.0,0.06108059956708235,1.492266786119857
2021-01-22 00:00:00+00:00,0.012954648106876299,0.01295464810687625,0.0,0.0,0.18231445570813992,0.8176855442918601,0.06714387827754341,0.05138633492221605,0.0,0.06378424250838048,1.511598577215619
2021-01-23 00:00:00+00:00,-0.0017141870444514762,-0.0017141870444514458,0.0,0.0,0.18091038289825945,0.8190896171017407,0.06547920346225715,0.051510068503356536,0.0,0.06392111093264577,1.5090074145181447
2021-01-24 00:00:00+00:00,0.008429768451278852,0.008429768451278893,0.0,0.0,0.18775739994300467,0.8122426000569954,0.06529913163559467,0.05765273433688116,0.0,0.06480553397052884,1.5217279976137956
2021-01-25 00:00:00+00:00,-0.002439110231316377,-0.0024025108666538087,3.6687506796268156e-05,0.01834375339813408,0.17691388836989497,0.8230861116301051,0.06460708059422657,0.04258209931981005,0.0,0.06972470845585835,1.5180163352855351
2021-01-26 00:00:00+00:00,0.002010254724750249,0.0020102547247503083,0.0,0.0,0.17856518159466872,0.8214348184053315,0.06489690335487357,0.04407513636794733,0.0,0.06959314187184781,1.521067934795791
2021-01-27 00:00:00+00:00,-0.009887623683813018,-0.009887623683813018,0.0,0.0,0.17036203358899277,0.8296379664110074,0.06130140314793815,0.04035836802442004,0.0,0.06870226241663456,1.5060281874590156
2021-01-28 00:00:00+00:00,0.011759147076130683,0.01175914707613069,0.0,0.0,0.18000448149288595,0.8199955185071142,0.06658749877923817,0.04280341592253332,0.0,0.07061356679111445,1.5237377944161445
2021-01-29 00:00:00+00:00,0.003926530624684066,0.003926530624684126,0.0,0.0,0.18321162605705887,0.8167883739429413,0.06807249269603398,0.04424338530150328,0.0,0.07089574805952162,1.529720797529908
2021-01-30 00:00:00+00:00,0.003187745214622284,0.003187745214622301,0.0,0.0,0.1858070656871938,0.8141929343128064,0.06788909581628032,0.044054204335124844,0.0,0.07386376553578865,1.5345971576819422
2021-01-31 00:00:00+00:00,-0.005194912757096604,-0.005194912757096646,0.0,0.0,0.18155531696230337,0.8184446830376968,0.06591341006565618,0.0421764777118469,0.0,0.07346542918480027,1.526625059330496
2021-02-01 00:00:00+00:00,0.014958601230816049,0.014967444175923973,8.71254064230291e-06,0.004356270321151455,0.1979167239422908,0.8020832760577092,0.06607128619146359,0.04676457140280488,0.0,0.08508086634802232,1.5494612348219918
2021-02-02 00:00:00+00:00,0.0078070426243777025,0.0078070426243776105,0.0,0.0,0.20413011406524195,0.7958698859347579,0.06938465531232438,0.05105709192535106,0.0,0.08368836682756653,1.561557944727068
2021-02-03 00:00:00+00:00,0.011147817721973263,0.011147817721973185,0.0,0.0,0.21290451110522823,0.7870954888947715,0.07277399398431626,0.055595276496931675,0.0,0.0845352406239803,1.5789659080571845
2021-02-04 00:00:00+00:00,0.0025956135116176338,0.0025956135116175375,0.0,0.0,0.21494221769238636,0.7850577823076134,0.07126661344727565,0.05314824346915245,0.0,0.09052736077595824,1.5830642933025214
2021-02-05 00:00:00+00:00,0.02558776947758945,0.025587769477589433,0.0,0.0,0.23452891534821652,0.7654710846517832,0.07203332105202002,0.055830864497498446,0.0,0.10666472979869805,1.6235713775077494
2021-02-06 00:00:00+00:00,0.008571324504378142,0.008571324504378157,0.0,0.0,0.24103425701901304,0.7589657429809866,0.07308441841077497,0.05398451336548733,0.0,0.11396532524275074,1.6374875346403885
2021-02-07 00:00:00+00:00,-0.00986865531468506,-0.009868655314685091,0.0,0.0,0.23346963303923818,0.7665303669607614,0.07308695014248229,0.05241205796665377,0.0,0.10797062493010214,1.6213277345789292
2021-02-08 00:00:00+00:00,0.027645943839968323,0.027762694821703474,0.0001135972168707402,0.0567986084353701,0.19891140285164444,0.8010885971483555,0.08057637287118347,0.0493928306644932,0.0,0.06894219931596776,1.6661508700752814
2021-02-09 00:00:00+00:00,0.024344410406103467,0.024344410406103537,0.0,0.0,0.21794995022156438,0.7820500497784356,0.07873868652427791,0.048755261303199536,0.0,0.09045600239408694,1.7067123306548804
2021-02-10 00:00:00+00:00,0.014680200140071653,0.014680200140071755,0.0,0.0,0.2292645015932337,0.7707354984067664,0.07490337787832656,0.04727907806163578,0.0,0.10708204565327135,1.7317672092504222
2021-02-11 00:00:00+00:00,0.0024945328225962626,0.002494532822596253,0.0,0.0,0.23118234247452257,0.7688176575254775,0.07998811977518265,0.04838248850006134,0.0,0.10281173419927857,1.7360871593949934
2021-02-12 00:00:00+00:00,0.010809419205596527,0.010809419205596485,0.0,0.0,0.23940394408898802,0.760596055911012,0.07802661664087528,0.04932343041400889,0.0,0.11205389703410383,1.7548532532783472
2021-02-13 00:00:00+00:00,-0.0036748574206306728,-0.003674857420630646,0.0,0.0,0.23659855261514562,0.7634014473848544,0.0780803360658584,0.048833085162174425,0.0,0.10968513138711276,1.7484044177784193
2021-02-14 00:00:00+00:00,0.004014471725177993,0.0040144717251780326,0.0,0.0,0.2396509523681298,0.7603490476318703,0.08011600237932136,0.04823002510898273,0.0,0.11130492487982571,1.755423337877767
2021-02-15 00:00:00+00:00,-0.0036245148246887293,-0.0034579631860919315,0.0001671295664850262,0.0835647832425131,0.15741412458008192,0.842585875419918,0.06346693286034315,0.049944499786888565,0.0,0.044002691932850196,1.7490607799660245
2021-02-16 00:00:00+00:00,0.001773022479695019,0.001773022479695052,0.0,0.0,0.15890540420597474,0.8410945957940252,0.06497096193430382,0.049930635913556745,0.0,0.04400380635811418,1.7521619040472571
2021-02-17 00:00:00+00:00,0.01771937190253814,0.017719371902538077,0.0,0.0,0.1735495864428011,0.8264504135571987,0.0677171991909954,0.05092547517422923,0.0,0.05490691207757649,1.7832091124585299
2021-02-18 00:00:00+00:00,0.011764627470563171,0.011764627470563062,0.0,0.0,0.18315941166737007,0.8168405883326297,0.06620414196191075,0.05276087047054107,0.0,0.06419439923491824,1.804187903368718
2021-02-19 00:00:00+00:00,0.05123242853834653,0.051232428538346524,0.0,0.0,0.22296861649485017,0.7770313835051497,0.06829582793729001,0.0506179425571652,0.0,0.10405484600039495,1.8966208311978052
2021-02-20 00:00:00+00:00,-0.02622837562612268,-0.02622837562612273,0.0,0.0,0.20203940630867007,0.7979605936913298,0.07005405898765699,0.05084997035255733,0.0,0.08113537696845574,1.8468755476168202
2021-02-21 00:00:00+00:00,0.015958384625864852,0.0159583846258649,0.0,0.0,0.21457354379216473,0.7854264562078351,0.07089376541844483,0.050591281329206546,0.0,0.09308849704451336,1.876348697961794
2021-02-22 00:00:00+00:00,-0.010912654280125111,-0.010749688594811065,0.00016473655194771574,0.08236827597385787,0.13524057911336748,0.8647594208866325,0.05505847772784626,0.05274110832969567,0.0,0.02744099305582557,1.855872753311974
2021-02-23 00:00:00+00:00,-0.014891288328644725,-0.014891288328644756,0.0,0.0,0.12216853770436738,0.8778314622956326,0.05052085444779511,0.047525230168600996,0.0,0.024122453087971275,1.8282364170411298
2021-02-24 00:00:00+00:00,0.004577888150580023,0.004577888150579941,0.0,0.0,0.12616883902181691,0.8738311609781829,0.051098318209512356,0.04866903629278265,0.0,0.026401484519521897,1.8366058788711612
2021-02-25 00:00:00+00:00,-0.008943652778835798,-0.008943652778835753,0.0,0.0,0.11828306894120641,0.8817169310587935,0.04885830731794825,0.04483990816302955,0.0,0.024584853460228602,1.820179913598969
2021-02-26 00:00:00+00:00,-0.0033028078559792506,-0.003302807855979221,0.0,0.0,0.11536127721789827,0.8846387227821016,0.0481904121996953,0.04384957798292799,0.0,0.023321287035274967,1.8141682090810387
2021-02-27 00:00:00+00:00,0.0006032773509896394,0.0006032773509896155,0.0,0.0,0.11589463795870623,0.8841053620412936,0.047981094121673035,0.044239056224892534,0.0,0.023674487612140666,1.8152626556724627
2021-02-28 00:00:00+00:00,-0.003821073740227665,-0.003821073740227673,0.0,0.0,0.1125034481900426,0.8874965518099572,0.04715222402474252,0.04320280518468799,0.0,0.022148418980612088,1.8083264032072568
2021-03-01 00:00:00+00:00,0.017131561639703863,0.017199099157985887,6.639557421729938e-05,0.033197787108649686,0.14951147586649913,0.850488524133501,0.054907144235781566,0.04234323280930164,0.027184363147039023,0.0250767356743769,1.8393058584485058
2021-03-02 00:00:00+00:00,-0.006918038184425712,-0.00691803818442575,0.0,0.0,0.14358677648457224,0.8564132235154278,0.05399741295328155,0.040378380649567634,0.025467836450744626,0.023743146430978433,1.8265814702869212
2021-03-03 00:00:00+00:00,0.00465810052772242,0.004658100527722465,0.0,0.0,0.14755753916125824,0.8524424608387419,0.05586952300880799,0.04237779872170629,0.025602260435352957,0.02370795699539099,1.8350898703975926
2021-03-04 00:00:00+00:00,-0.005898890261058276,-0.005898890261058263,0.0,0.0,0.1424992362571656,0.8575007637428345,0.053996196909659316,0.041855363240895525,0.02387436894890058,0.022773307157710185,1.8242648766329377
2021-03-05 00:00:00+00:00,-0.0012329021440373733,-0.0012329021440374082,0.0,0.0,0.1414407166759722,0.8585592833240279,0.05447940274116011,0.0416037312272924,0.02296304795651219,0.022394534751007496,1.822015736555245
2021-03-06 00:00:00+00:00,0.004475954232601387,0.0044759542326013755,0.0,0.0,0.14526646486032693,0.8547335351396731,0.05438727954189871,0.04474139644836963,0.023759802026641748,0.022377986843416853,1.8301709956031458
2021-03-07 00:00:00+00:00,0.00712949383134398,0.007129493831343894,0.0,0.0,0.15131714404661392,0.848682855953386,0.056296722572755795,0.04646413450636773,0.02498981579972609,0.023566471167764298,1.8432191884266032
2021-03-08 00:00:00+00:00,0.003573594058988716,0.0036076737767533774,3.3957211224331984e-05,0.016978605612165992,0.13745033623755115,0.8625496637624488,0.05020230055893534,0.04378527775181623,0.023904918050815648,0.019557839875983925,1.8498061055677784
2021-03-09 00:00:00+00:00,0.0097197614314124,0.00971976143141243,0.0,0.0,0.14575340930272607,0.8542465906972739,0.052091775051863534,0.04424562955232011,0.025835600255956916,0.02358040444258552,1.8677857796082673
2021-03-10 00:00:00+00:00,-0.0031696637940962225,-0.0031696637940961895,0.0,0.0,0.14303712510528774,0.8569628748947123,0.05318773912139803,0.0426013746290678,0.024785223640471123,0.02246278771435078,1.8618655266475153
2021-03-11 00:00:00+00:00,0.0067065703106301555,0.0067065703106301885,0.0,0.0,0.14874611910967553,0.8512538808903246,0.05465112836253707,0.04303650177470791,0.02782879482107162,0.02322969415135892,1.8743522587109152
2021-03-12 00:00:00+00:00,-0.006657751779515775,-0.006657751779515731,0.0,0.0,0.14304069678371473,0.8569593032162854,0.05449229342731914,0.041909480519844285,0.025399638994798527,0.02123928384175278,1.8618732866250431
2021-03-13 00:00:00+00:00,0.009827696564725263,0.009827696564725184,0.0,0.0,0.15138067005735145,0.8486193299426487,0.057702662912632555,0.04517256943340247,0.026426213202701124,0.022079224508615332,1.880171212327962
2021-03-14 00:00:00+00:00,-0.006298175626036184,-0.006298175626036184,0.0,0.0,0.1460020409268322,0.8539979590731679,0.055968892874621444,0.043703046465633714,0.025151506743066945,0.0211785948435101,1.8683295638257031
2021-03-15 00:00:00+00:00,-0.005323721406333526,-0.005300715933891066,2.312806775980268e-05,0.01156403387990134,0.13305444491121335,0.8669455550887866,0.047773373727768395,0.040670829447459846,0.026337513391272965,0.018272728344712132,1.8583830977326785
2021-03-16 00:00:00+00:00,0.0006939546824233922,0.0006939546824234555,0.0,0.0,0.13365564863043738,0.8663443513695626,0.04885253934140441,0.04089228206732982,0.025351326139619847,0.01855950108208329,1.8596727313850865
2021-03-17 00:00:00+00:00,0.004001656394542197,0.004001656394542289,0.0,0.0,0.13710864334558878,0.8628913566544112,0.050378556200665774,0.04114832171457136,0.026288592512247286,0.019293172918104354,1.8671145026623894
2021-03-18 00:00:00+00:00,-0.002728808663529758,-0.0027288086635297135,0.0,0.0,0.13474753492274552,0.8652524650772545,0.049425723182711115,0.040182544177908314,0.026391343989001635,0.018747923573124464,1.8620195044317223
2021-03-19 00:00:00+00:00,0.0010915493774898977,0.0010915493774898873,0.0,0.0,0.13569097090541263,0.8643090290945874,0.049705034078723655,0.0408866195282606,0.026257787525468142,0.01884152977296022,1.8640519906626587
2021-03-20 00:00:00+00:00,0.00012161213964656525,0.00012161213964664264,0.0,0.0,0.13579606859460186,0.8642039314053982,0.04975894916308537,0.04082650649176882,0.026291680551712947,0.01891893238803474,1.8642786820136557
2021-03-21 00:00:00+00:00,-0.0008393816896845596,-0.0008393816896845406,0.0,0.0,0.1350700622419878,0.8649299377580123,0.04915920440498677,0.040332902714398364,0.026607734954347605,0.018970220168255076,1.8627138406235042
2021-03-22 00:00:00+00:00,-0.005109037866673938,-0.005102218785021306,6.854052528192004e-06,0.0034270262640960017,0.13322399781611519,0.8667760021838848,0.047329457636034064,0.04022218602287414,0.02771862286172172,0.01795373129548526,1.8531971650769812
2021-03-23 00:00:00+00:00,-0.0012675455591767415,-0.0012675455591767727,0.0,0.0,0.13212392535177905,0.8678760746482209,0.04761695228302929,0.03996253160741497,0.026529132400256724,0.018015309061078073,1.8508481532401089
2021-03-24 00:00:00+00:00,-0.005395396391372542,-0.005395396391372492,0.0,0.0,0.12741598872618298,0.872584011273817,0.046078804026027986,0.03810026058896056,0.025619006846805622,0.01761791726438881,1.8408620937931386
2021-03-25 00:00:00+00:00,-0.0029666137227634115,-0.002966613722763383,0.0,0.0,0.12481966673964016,0.8751803332603598,0.045323571184420305,0.03830904618101681,0.02454991618491196,0.01663713318929109,1.8354009670439768
2021-03-26 00:00:00+00:00,0.010926435329843054,0.010926435329842998,0.0,0.0,0.13427891221896102,0.865721087781039,0.04809551414397056,0.040595475662927434,0.02764540795467141,0.017942514457391614,1.8554553570147143
2021-03-27 00:00:00+00:00,0.0051519357383666975,0.005151935738366706,0.0,0.0,0.13871619105514063,0.8612838089448593,0.04853731301772627,0.04071262407984963,0.03062449969139484,0.018841754266169897,1.8650145437794623
2021-03-28 00:00:00+00:00,0.002318772693931326,0.002318772693931306,0.0,0.0,0.14070869227562444,0.8592913077243756,0.048390766226236025,0.04001693749570767,0.0335491052228455,0.01875188333083524,1.8693390885773629
2021-03-29 00:00:00+00:00,0.007648083148841023,0.007696169795607089,4.771939023616735e-05,0.023859695118083675,0.16027987313684544,0.8397201268631546,0.05556539382095253,0.05622018446818534,0.029329465691821308,0.019164829155886257,1.8836359493601813
2021-03-30 00:00:00+00:00,0.004485613381377762,0.004485613381377672,0.0,0.0,0.16402971264424254,0.8359702873557574,0.05638368120172202,0.05669771679219304,0.02937429611433835,0.021574018535989132,1.8920852119802756
2021-03-31 00:00:00+00:00,0.0023021517547483494,0.0023021517547483915,0.0,0.0,0.16594982272340808,0.8340501772765919,0.056247367203130345,0.058994432211336725,0.029794595522493698,0.0209134277864473,1.8964410792711694
2021-04-01 00:00:00+00:00,0.003186474408067186,0.003186474408067122,0.0,0.0,0.1685990605398408,0.8314009394601591,0.056050560050267026,0.06029853808517088,0.029182784783217935,0.02306717762118497,1.9024840402366743
2021-04-02 00:00:00+00:00,0.00662718899713588,0.006627188997135948,0.0,0.0,0.17407263727055491,0.8259273627294451,0.055899227714175125,0.06494314560273715,0.030066906504547405,0.02316335744909523,1.9150921615353573
2021-04-03 00:00:00+00:00,-0.002591530566487088,-0.0025915305664870776,0.0,0.0,0.1719266598983885,0.8280733401016115,0.05423996067536678,0.06129432165809262,0.034290116553049005,0.022102261011880123,1.9101291416610986
2021-04-04 00:00:00+00:00,0.006985481138152894,0.006985481138152899,0.0,0.0,0.1776710234534113,0.8223289765465888,0.05494948765026803,0.0629028500674701,0.03603516043896045,0.02378352529671273,1.9234723127516085
2021-04-05 00:00:00+00:00,0.0018190473915074001,0.0018636365717300952,4.4506236772183684e-05,0.02225311838609184,0.16251664292700013,0.8374833570729998,0.05852966669345907,0.05613423142880342,0.027810156725960884,0.02004258807877675,1.926971200044756
2021-04-06 00:00:00+00:00,0.0034115170825863572,0.003411517082586331,0.0,0.0,0.1653640178378874,0.8346359821621125,0.05720612059698865,0.05607053393447296,0.03020797851108654,0.021879384795339227,1.9335450952113606
2021-04-07 00:00:00+00:00,-0.005674227182954961,-0.005674227182954921,0.0,0.0,0.16060107765537646,0.8393989223446235,0.055512049205424345,0.05241902067570886,0.03217761501779618,0.02049239275644707,1.922573721072643
2021-04-08 00:00:00+00:00,0.008055404902636454,0.008055404902636395,0.0,0.0,0.16730874289028053,0.8326912571097194,0.057158934956388095,0.05509690451780859,0.032388518170473876,0.022664385245609996,1.9380608308510516
2021-04-09 00:00:00+00:00,0.002458335305816739,0.002458335305816674,0.0,0.0,0.16935075725048154,0.8306492427495182,0.05708260821608561,0.054613059420887095,0.03314099421225587,0.024514095401253,1.9428252342163532
2021-04-10 00:00:00+00:00,0.0032990126558414268,0.0032990126558415118,0.0,0.0,0.1720820689829051,0.8279179310170948,0.05848658758339858,0.05617930182869927,0.032051204753798225,0.025364974817009035,1.9492346392521211
2021-04-11 00:00:00+00:00,0.00490536734253455,0.0049053673425346,0.0,0.0,0.17612348592930874,0.8238765140706912,0.05842473447692398,0.05637489705319455,0.033156886050435715,0.028166968348754488,1.9587963511944457
2021-04-12 00:00:00+00:00,0.002914086104766511,0.0029555413878416207,4.133312132442188e-05,0.02066656066221094,0.17812885868497383,0.8218711413150261,0.06799111609137616,0.056048676042751815,0.031064415808962666,0.023024650741883198,1.964504452423529
2021-04-13 00:00:00+00:00,0.005533326125437998,0.005533326125438011,0.0,0.0,0.18265151441385483,0.8173484855861451,0.07181337762041051,0.059946590832793537,0.02973523498193129,0.021156310978719506,1.9753746962336634
2021-04-14 00:00:00+00:00,0.001604942937822429,0.0016049429378224855,0.0,0.0,0.18396121010668334,0.8160387898933167,0.0710041829830643,0.06332308806376344,0.02856429265531021,0.021069646404545395,1.9785450599019367
2021-04-15 00:00:00+00:00,0.0035196412107803,0.003519641210780398,0.0,0.0,0.18682330033048658,0.8131766996695136,0.07097902633159053,0.06521379516242025,0.02994710198531376,0.020683376851162026,1.9855088286321534
2021-04-16 00:00:00+00:00,-0.008404779722282152,-0.008404779722282154,0.0,0.0,0.17993079934192746,0.8200692006580727,0.06951350383978323,0.06336874981849135,0.027482322032191375,0.019566223651461507,1.9688210642908537
2021-04-17 00:00:00+00:00,-0.004471620488271211,-0.004471620488271183,0.0,0.0,0.17624728984593363,0.8237527101540665,0.06831373603520723,0.06090137157822046,0.027124541505479483,0.01990764072702645,1.9600172436820307
2021-04-18 00:00:00+00:00,0.0003316229922023517,0.0003316229922022899,0.0,0.0,0.1765203746233186,0.8234796253766814,0.06390198519790358,0.05872716522779437,0.03527769884220584,0.018613525355414842,1.9606672304651487
2021-04-19 00:00:00+00:00,-0.002242512802339114,-0.0022050032095065975,3.759248438130256e-05,0.01879624219065128,0.17345275765233215,0.8265472423476679,0.06950185435322886,0.053770001125801985,0.027837291761456658,0.02234361041184463,1.9562704090997038
2021-04-20 00:00:00+00:00,0.008998673912467448,0.008998673912467458,0.0,0.0,0.18082425307590405,0.819175746924096,0.06986244674340147,0.057461233943825296,0.027732177178764552,0.02576839520991272,1.9738742485958014
2021-04-21 00:00:00+00:00,-0.0036968695511171434,-0.003696869551117148,0.0,0.0,0.17778463011049903,0.8222153698895011,0.06684409640719305,0.05833775476749133,0.028627785786385782,0.023974993149428855,1.9665770929884334
2021-04-22 00:00:00+00:00,0.0022216920182509536,0.002221692018251056,0.0,0.0,0.1796072900460351,0.8203927099539651,0.06409607628006671,0.05921797966938316,0.034063372297541424,0.02222986179904382,1.970946221619201
2021-04-23 00:00:00+00:00,-0.0019169550937128133,-0.0019169550937127877,0.0,0.0,0.17803161356077957,0.8219683864392207,0.06349812361052902,0.05857582379664584,0.032750361706502036,0.023207304447102676,1.9671680062202341
2021-04-24 00:00:00+00:00,-0.0032939831571295874,-0.0032939831571295636,0.0,0.0,0.1753151154411032,0.824684884558897,0.062383323920231055,0.054963556326569844,0.03598635586413858,0.02198187933016375,1.9606881879405005
2021-04-25 00:00:00+00:00,0.007534832310515327,0.00753483231051524,0.0,0.0,0.18148250749038658,0.8185174925096136,0.06070304608033946,0.05717310649489629,0.04143732292149987,0.02216903199365095,1.9754616446498403
2021-04-26 00:00:00+00:00,0.01277670384744245,0.01285870889839602,8.096395897379743e-05,0.04048197948689872,0.21578029944978022,0.7842197005502197,0.08485480200705381,0.06256889180936012,0.030444637919341187,0.037911967714025115,2.000701533045513
2021-04-27 00:00:00+00:00,0.006758571676709124,0.0067585716767090825,0.0,0.0,0.22104492316947574,0.7789550768305241,0.08586247989236435,0.0654395729072894,0.029732393758604956,0.04001047661121703,2.0142234177603027
2021-04-28 00:00:00+00:00,0.0024948101729815875,0.002494810172981531,0.0,0.0,0.22298343200787765,0.7770165679921222,0.08539075977544554,0.06728683143079832,0.030815950252721283,0.039489890548912526,2.019248522833589
2021-04-29 00:00:00+00:00,-0.0008420636366620604,-0.0008420636366620357,0.0,0.0,0.22232858318650758,0.7776714168134923,0.08345069894832025,0.0675594221367066,0.029205264997167763,0.042113197104312966,2.0175481870791274
2021-04-30 00:00:00+00:00,0.008675059461718426,0.008675059461718386,0.0,0.0,0.2290169073591465,0.7709830926408533,0.08913202764926585,0.06735201601151027,0.029181888913960806,0.043350974784409586,2.035050537568921
2021-05-01 00:00:00+00:00,0.008838099386050624,0.008838099386050622,0.0,0.0,0.23577123711916587,0.764228762880834,0.08850445325815286,0.0709137301012881,0.03356406092529743,0.042788992834427456,2.053036516475591
2021-05-02 00:00:00+00:00,-0.003475241104616389,-0.003475241104616414,0.0,0.0,0.2331060959007604,0.7668939040992394,0.08693973397672808,0.0712697731444784,0.03183579362672205,0.04306079515283187,2.0459017195842564
2021-05-03 00:00:00+00:00,0.01532326554896235,0.015346599361555125,2.2981130391821454e-05,0.011490565195910726,0.25117929926825977,0.7488207007317402,0.08587149312813062,0.07959170099327233,0.03766307812618914,0.04805302702066771,2.0772516149205247
2021-05-04 00:00:00+00:00,-0.017857313440643563,-0.017857313440643535,0.0,0.0,0.23756424501310514,0.762435754986895,0.08136988922452802,0.07650321859344104,0.035593767304377404,0.044097369890758666,2.040157481737806
2021-05-05 00:00:00+00:00,0.01817093241257961,0.018170932412579513,0.0,0.0,0.2511711631952743,0.7488288368047257,0.08627305825024129,0.08175668815452616,0.036868155183410876,0.04627326160709599,2.077229045449482
2021-05-06 00:00:00+00:00,-0.004785845869553773,-0.004785845869553829,0.0,0.0,0.24757014990506848,0.7524298500949315,0.08511460077156176,0.08134357420167435,0.0358351795702417,0.045276795361590655,2.0672877474022004
2021-05-07 00:00:00+00:00,0.00018275876730111662,0.00018275876730121582,0.0,0.0,0.24770763792981054,0.7522923620701895,0.08649007556609933,0.08109682500447256,0.0355469184966779,0.044573818862560746,2.0676655623625724
2021-05-08 00:00:00+00:00,0.015968209611418427,0.015968209611418396,0.0,0.0,0.25953159266870973,0.7404684073312903,0.08743445038777918,0.08969667255454473,0.03699732173293315,0.04540314799345264,2.100682479468689
2021-05-09 00:00:00+00:00,-0.0005697267827425856,-0.0005697267827425515,0.0,0.0,0.259109487500659,0.740890512499341,0.08655441061404832,0.09006201547049944,0.0359621802463924,0.04653088116971881,2.099485664398098
2021-05-10 00:00:00+00:00,-0.006603384954941616,-0.006526883398281639,7.700415379298885e-05,0.038502076896494423,0.22284769491487394,0.7771523050851261,0.07897317693696233,0.060646775824663456,0.03797560318304444,0.045252138970203706,2.085621952348696
2021-05-11 00:00:00+00:00,0.009130427862378498,0.00913042786237854,0.0,0.0,0.22987922707736327,0.7701207729226368,0.07945584933334829,0.0635521516021936,0.03913402150256271,0.047737204639258686,2.104664573132809
2021-05-12 00:00:00+00:00,-0.022093916771080302,-0.02209391677108028,0.0,0.0,0.2124798218047716,0.7875201781952286,0.07102420440855152,0.05933062576096945,0.03895441566334291,0.04317057597190772,2.0581642892229715
2021-05-13 00:00:00+00:00,-0.0050245346146006176,-0.005024534614600644,0.0,0.0,0.20850291731546772,0.7914970826845324,0.07157707323674706,0.05818680675917676,0.03703721977309581,0.04170181754644809,2.0478229715092358
2021-05-14 00:00:00+00:00,0.009622869851481308,0.009622869851481416,0.0,0.0,0.21604679695799298,0.7839532030420073,0.07114069288112104,0.06316769773163473,0.03815511962291653,0.043583286722320654,2.0675289054429427
2021-05-15 00:00:00+00:00,-0.013195004302946178,-0.013195004302946164,0.0,0.0,0.20556421333452762,0.7944357866654727,0.06763550573878051,0.05727686187575079,0.03935807292236584,0.041293772797630496,2.0402478526391574
2021-05-16 00:00:00+00:00,0.0016606662478562129,0.0016606662478561842,0.0,0.0,0.20688131875900873,0.7931186812409915,0.06703797406318011,0.05617148288728567,0.04235581998026778,0.041316041828275175,2.0436360233852966
2021-05-17 00:00:00+00:00,-0.012365187618242235,-0.012131671311707639,0.00023638404001135067,0.11819202000567533,0.1810623077309473,0.8189376922690528,0.0,0.06951099074751105,0.054936803720227335,0.05661451326320894,2.018366080532739
2021-05-18 00:00:00+00:00,0.012343641586358034,0.012343641586357958,0.0,0.0,0.19104772467799097,0.8089522753220091,0.0,0.07060540256991363,0.06497244810950673,0.05546987399857062,2.0432800680208976
2021-05-19 00:00:00+00:00,-0.06284635399985194,-0.06284635399985197,0.0,0.0,0.13679866820698336,0.8632013317930166,0.0,0.054442820703506783,0.04333887058497575,0.03901697691850083,1.9148673655452146
2021-05-20 00:00:00+00:00,0.02555468715340159,0.025554687153401687,0.0,0.0,0.1583078478350325,0.8416921521649676,0.0,0.060246237245387184,0.05358856457695478,0.04447304601269053,1.9638012020119808
2021-05-21 00:00:00+00:00,-0.021308084601397326,-0.021308084601397326,0.0,0.0,0.1399825226693916,0.8600174773306085,0.0,0.05406542536878883,0.0480390799304565,0.037878017370146254,1.9219563598591838
2021-05-22 00:00:00+00:00,-0.0155953756330941,-0.015595375633094112,0.0,0.0,0.12635774351049378,0.8736422564895063,0.0,0.051859990214089186,0.03914291222396879,0.03535484107243581,1.8919827284767656
2021-05-23 00:00:00+00:00,-0.017485082049910616,-0.01748508204991063,0.0,0.0,0.11081018666641126,0.8891898133335888,0.0,0.048211121656114436,0.0313004664483779,0.03129859856191893,1.8589012552323356
2021-05-24 00:00:00+00:00,0.028023323623932006,0.028136964995339898,0.00011053135455374604,0.05526567727687302,0.1280137144134127,0.8719862855865874,0.0,0.06355546777928732,0.06445824663412539,0.0,1.9109938466926448
2021-05-25 00:00:00+00:00,-0.0015714714814956121,-0.001571471481495632,0.0,0.0,0.12664125605418702,0.8733587439458131,0.0,0.06503009706763328,0.061611158986553734,0.0,1.9079907743612536
2021-05-26 00:00:00+00:00,0.015502290288440745,0.01550229028844084,0.0,0.0,0.1399736344289817,0.8600263655710185,0.0,0.06829185207315608,0.07168178235582562,0.0,1.9375690012130686
2021-05-27 00:00:00+00:00,-0.006746436286450774,-0.006746436286450745,0.0,0.0,0.1341321118893596,0.8658678881106406,0.0,0.06535727198233071,0.0687748399070289,0.0,1.9244973153957825
2021-05-28 00:00:00+00:00,-0.017575409537986864,-0.017575409537986832,0.0,0.0,0.1186418820161644,0.8813581179838359,0.0,0.05852337078315798,0.06011851123300641,0.0,1.8906734869229453
2021-05-29 00:00:00+00:00,-0.0065297905939418754,-0.006529790593941843,0.0,0.0,0.11284897157535129,0.887151028424649,0.0,0.05564558869281483,0.057203382882536465,0.0,1.8783277849718205
2021-05-30 00:00:00+00:00,0.0050484888405293304,0.0050484888405293105,0.0,0.0,0.11730524618955707,0.8826947538104432,0.0,0.05796777426362377,0.059337471925933305,0.0,1.8878105018331068
2021-05-31 00:00:00+00:00,0.011464797359651335,0.011634682545375273,0.00016793135768789646,0.08396567884394823,0.10595452285726657,0.8940454771427334,0.0,0.042603952862637004,0.029974165028225513,0.03337640496640405,1.9094538666900451
2021-06-01 00:00:00+00:00,-0.0019544857192053122,-0.0019544857192053226,0.0,0.0,0.10420370178508853,0.8957962982149115,0.0,0.041554165331408106,0.028356986207700063,0.03429255024598036,1.9057218663761182
2021-06-02 00:00:00+00:00,0.007648242048476694,0.007648242048476779,0.0,0.0,0.11100296627936185,0.8889970337206382,0.0,0.04236431863610744,0.030928540722510625,0.03771010692074379,1.9202972884872376
2021-06-03 00:00:00+00:00,0.009994175039172104,0.009994175039172,0.0,0.0,0.11979984074050827,0.8802001592594917,0.0,0.04428616804415698,0.035671593401035484,0.039842079295315816,1.9394890757156267
2021-06-04 00:00:00+00:00,-0.008133100184267272,-0.008133100184267274,0.0,0.0,0.11258238436728381,0.8874176156327162,0.0,0.04202855634737118,0.03392698444582077,0.036626843574091864,1.9237150167565396
2021-06-05 00:00:00+00:00,0.001068723130642102,0.0010687231306420522,0.0,0.0,0.11352977560072477,0.8864702243992751,0.0,0.04101727304590948,0.0359837615483518,0.03652874100646349,1.9257709354917107
2021-06-06 00:00:00+00:00,0.003970493370597961,0.003970493370597857,0.0,0.0,0.11703557997690026,0.8829644200230996,0.0,0.04216562062616689,0.038134012280371644,0.036735947070361714,1.933417196224371
2021-06-07 00:00:00+00:00,-0.006893069197915769,-0.006845576248864409,4.782030660657171e-05,0.023910153303285855,0.08687455682759962,0.9131254431724004,0.0,0.03554660790673601,0.023206041343892952,0.028121907576970667,1.920090017702356
2021-06-08 00:00:00+00:00,0.0002619483178787352,0.0002619483178786987,0.0,0.0,0.08711368586200256,0.9128863141379975,0.0,0.03437714919040001,0.02504928066654346,0.02768725600505909,1.920592982052669
2021-06-09 00:00:00+00:00,0.0036982132713125893,0.0036982132713125754,0.0,0.0,0.09047729480092988,0.9095227051990702,0.0,0.03565428039305692,0.025433191149353006,0.029389823258519954,1.927695744507686
2021-06-10 00:00:00+00:00,-0.0043175116868856556,-0.004317511686885687,0.0,0.0,0.08653339204550653,0.9134666079544935,0.0,0.03389936196188268,0.024971615620997065,0.027662414462626773,1.9193728956020144
2021-06-11 00:00:00+00:00,-0.005105562715901457,-0.005105562715901484,0.0,0.0,0.08184569767209664,0.9181543023279034,0.0,0.032461088679027784,0.022070029314104275,0.027314579678964578,1.909573416908317
2021-06-12 00:00:00+00:00,0.0002844054619945968,0.00028440546199451106,0.0,0.0,0.08210675152549066,0.9178932484745093,0.0,0.03268000606491012,0.022284202499917746,0.027142542960662798,1.9101165100181654
2021-06-13 00:00:00+00:00,0.005015903766470986,0.00501590376647094,0.0,0.0,0.0866878374416309,0.913312162558369,0.0,0.03441924700595079,0.02352249167023215,0.02874609876544797,1.919697470615164
2021-06-14 00:00:00+00:00,0.002020876338786781,0.0020318072051969337,1.0908702030894634e-05,0.005454351015447317,0.0939830402439412,0.9060169597560587,0.0,0.03717255191927031,0.02519924085718629,0.0316112474674846,1.923576941811159
2021-06-15 00:00:00+00:00,-0.0009697532269928866,-0.0009697532269929049,0.0,0.0,0.09310357450877274,0.9068964254912271,0.0,0.0366747102753219,0.025104889728936295,0.03132397450451455,1.9217115468644685
2021-06-16 00:00:00+00:00,-0.0040392445893595585,-0.004039244589359559,0.0,0.0,0.08942554155428689,0.9105744584457129,0.0,0.034282268545367554,0.025345137564712177,0.02979813544420716,1.9139492838964864
2021-06-17 00:00:00+00:00,0.0002579866437484313,0.00025798664374834557,0.0,0.0,0.08966039701313266,0.9103396029868671,0.0,0.03434955682252099,0.025038210892644536,0.030272629297967136,1.9144430572485436
2021-06-18 00:00:00+00:00,-0.004922568544368566,-0.0049225685443686044,0.0,0.0,0.08515701973544594,0.9148429802645538,0.0,0.03249495552857311,0.023587320299812774,0.029074743907060063,1.9050190800749471
2021-06-19 00:00:00+00:00,-0.0023041230352621733,-0.002304123035262147,0.0,0.0,0.08304424084846862,0.9169557591515312,0.0,0.031567719102915524,0.022609448844400377,0.028867072901152712,1.9006296817299324
2021-06-20 00:00:00+00:00,0.001610656666731991,0.0016106566667319926,0.0,0.0,0.08451876679999024,0.9154812332000095,0.0,0.032654444963605686,0.022607084066066804,0.029257237770317746,1.9036909435977993
2021-06-21 00:00:00+00:00,-0.018321879774785277,-0.018305912985891837,1.626452588918955e-05,0.008132262944594775,0.07573145009441698,0.9242685499055829,0.0,0.030329839911383598,0.019569375633955173,0.02583223454907821,1.868811747000853
2021-06-22 00:00:00+00:00,-0.0006575458060943395,-0.0006575458060943012,0.0,0.0,0.07512330130003247,0.9248766986999675,0.0,0.03025352796937166,0.01984730471224387,0.025022468618416945,1.8675829176742327
2021-06-23 00:00:00+00:00,0.00753512525341038,0.007535125253410413,0.0,0.0,0.08204024304626903,0.917959756953731,0.0,0.03144387695020663,0.022532726007882708,0.028063640088179683,1.8816553888800376
2021-06-24 00:00:00+00:00,0.001748414001351728,0.0017484140013516785,0.0,0.0,0.08364241547729333,0.9163575845227067,0.0,0.031733199111888814,0.022718806377346277,0.029190409988058236,1.8849453015076745
2021-06-25 00:00:00+00:00,-0.007342960277916255,-0.007342960277916261,0.0,0.0,0.07686386349583416,0.9231361365041658,0.0,0.02906668487153409,0.02103131108630694,0.02676586753799312,1.8711042230326587
2021-06-26 00:00:00+00:00,0.0009982948357942778,0.0009982948357943435,0.0,0.0,0.07778450646052415,0.9222154935394759,0.0,0.029372703200822317,0.021797334053329145,0.026614469206372685,1.872972136715745
2021-06-27 00:00:00+00:00,0.0051326987247459765,0.00513269872474607,0.0,0.0,0.08249378941752741,0.9175062105824727,0.0,0.0316570328386902,0.023287042328936032,0.027549714249901172,1.8825855384133507
2021-06-28 00:00:00+00:00,0.002497349482514899,0.0025071537596764886,9.779757805132253e-06,0.004889878902566126,0.08966601559166416,0.9103339844083358,0.0,0.035102016154704395,0.025320745269208782,0.029243254167750986,1.8872870124334973
2021-06-29 00:00:00+00:00,0.0031859136630632,0.0031859136630632452,0.0,0.0,0.09255705048298085,0.9074429495170192,0.0,0.03635093372270929,0.025971137892143684,0.03023497886812788,1.893299745912531
2021-06-30 00:00:00+00:00,0.003321947597403563,0.0033219475974036444,0.0,0.0,0.09556154762684135,0.9044384523731588,0.0,0.038074682020984275,0.027055443378218604,0.030431422227638474,1.8995891884546299
2021-07-01 00:00:00+00:00,-0.006167777139307162,-0.0061677771393071545,0.0,0.0,0.08994855311716399,0.9100514468828361,0.0,0.0354613223617609,0.025506079576658992,0.0289811511787441,1.8878729456840044
2021-07-02 00:00:00+00:00,0.001328488575718767,0.0013284885757187076,0.0,0.0,0.09115594206524015,0.9088440579347599,0.0,0.036213546947391984,0.026031909592186805,0.02891048552566136,1.8903809633247541
2021-07-03 00:00:00+00:00,0.0027161605261489807,0.002716160526148984,0.0,0.0,0.09361782155992401,0.906382178440076,0.0,0.03734011909364375,0.026340114067316768,0.029937588398963492,1.8955155414767204
2021-07-04 00:00:00+00:00,0.00238618256258305,0.002386182562583141,0.0,0.0,0.09577546637472054,0.9042245336252795,0.0,0.03885202061852456,0.02611059242315896,0.030812853333037016,1.9000385876088974
2021-07-05 00:00:00+00:00,-0.004159684004793274,-0.004056074044925822,0.00010403192104227094,0.05201596052113547,0.08244404533730748,0.9175559546626925,0.0,0.04091464561654269,0.0415293997207648,0.0,1.8921350274875306
2021-07-06 00:00:00+00:00,0.0039973072805270515,0.003997307280527004,0.0,0.0,0.08609719567074685,0.9139028043292531,0.0,0.04308275170113075,0.043014443969616095,0.0,1.8996984726086468
2021-07-07 00:00:00+00:00,0.0029584017746613345,0.0029584017746614355,0.0,0.0,0.08879291233597619,0.9112070876640238,0.0,0.04283989057746425,0.04595302175851194,0.0,1.9053185439413336
2021-07-08 00:00:00+00:00,-0.008125520716567802,-0.008125520716567754,0.0,0.0,0.08132822580301252,0.9186717741969875,0.0,0.0394627676687236,0.041865458134288915,0.0,1.8898368386408775
2021-07-09 00:00:00+00:00,0.0008005968930973051,0.0008005968930972342,0.0,0.0,0.08206312321462625,0.9179368767853737,0.0,0.04000264152529571,0.04206048168933055,0.0,1.8913498361423542
2021-07-10 00:00:00+00:00,-0.002695278252096145,-0.002695278252096108,0.0,0.0,0.07958234151687146,0.9204176584831285,0.0,0.03943239617306109,0.04014994534381037,0.0,1.8862521220618942
2021-07-11 00:00:00+00:00,0.0011363798563204242,0.0011363798563204688,0.0,0.0,0.08062709836273894,0.919372901637261,0.0,0.03994485767413111,0.04068224068860783,0.0,1.888395620977347
2021-07-12 00:00:00+00:00,-0.004077600888975241,-0.00406678864516228,1.08563944747197e-05,0.00542819723735985,0.08232329841014319,0.9176767015898568,0.0,0.04100396302531105,0.04131933538483214,0.0,1.8806954973145127
2021-07-13 00:00:00+00:00,-0.004009349278259577,-0.0040093492782596,0.0,0.0,0.07862920106241329,0.9213707989375867,0.0,0.03932230785715834,0.039306893205254954,0.0,1.8731551321797286
2021-07-14 00:00:00+00:00,0.004074664051086696,0.004074664051086657,0.0,0.0,0.0823682421980643,0.9176317578019356,0.0,0.04025197691138961,0.04211626528667469,0.0,1.8807876100589298
2021-07-15 00:00:00+00:00,-0.005274865869054013,-0.005274865869054034,0.0,0.0,0.07750218998574301,0.9224978100142569,0.0,0.038946357566000005,0.038555832419743,0.0,1.8708667076876904
2021-07-16 00:00:00+00:00,-0.003969185202239989,-0.003969185202239997,0.0,0.0,0.07382603398513687,0.926173966014863,0.0,0.03822421112329386,0.03560182286184302,0.0,1.8634408912361728
2021-07-17 00:00:00+00:00,0.00117387250436507,0.001173872504364966,0.0,0.0,0.07491196938838898,0.9250880306116108,0.0,0.038647970780949156,0.036263998607439826,0.0,1.8656283332619046
2021-07-18 00:00:00+00:00,-0.00030862506229079045,-0.0003086250622908383,0.0,0.0,0.0746263758960076,0.9253736241039922,0.0,0.03850013371331603,0.03612624218269156,0.0,1.8650525536013403
2021-07-19 00:00:00+00:00,-0.00014925275179200614,0.0,0.0001492527517920152,0.0746263758960076,0.0,1.0,0.0,0.0,0.0,0.0,1.8647741893754786
2021-07-20 00:00:00+00:00,0.0,0.0,0.0,0.0,0.0,1.0,0.0,0.0,0.0,0.0,1.8647741893754786
2021-07-21 00:00:00+00:00,0.0,0.0,0.0,0.0,0.0,1.0,0.0,0.0,0.0,0.0,1.8647741893754786
2021-07-22 00:00:00+00:00,0.0,0.0,0.0,0.0,0.0,1.0,0.0,0.0,0.0,0.0,1.8647741893754786
2021-07-23 00:00:00+00:00,0.0,0.0,0.0,0.0,0.0,1.0,0.0,0.0,0.0,0.0,1.8647741893754786
2021-07-24 00:00:00+00:00,0.0,0.0,0.0,0.0,0.0,1.0,0.0,0.0,0.0,0.0,1.8647741893754786
2021-07-25 00:00:00+00:00,0.0,0.0,0.0,0.0,0.0,1.0,0.0,0.0,0.0,0.0,1.8647741893754786
2021-07-26 00:00:00+00:00,0.0,0.0,0.0,0.0,0.0,1.0,0.0,0.0,0.0,0.0,1.8647741893754786
2021-07-27 00:00:00+00:00,0.0,0.0,0.0,0.0,0.0,1.0,0.0,0.0,0.0,0.0,1.8647741893754786
2021-07-28 00:00:00+00:00,0.0,0.0,0.0,0.0,0.0,1.0,0.0,0.0,0.0,0.0,1.8647741893754786
2021-07-29 00:00:00+00:00,0.0,0.0,0.0,0.0,0.0,1.0,0.0,0.0,0.0,0.0,1.8647741893754786
2021-07-30 00:00:00+00:00,0.0,0.0,0.0,0.0,0.0,1.0,0.0,0.0,0.0,0.0,1.8647741893754786
2021-07-31 00:00:00+00:00,0.0,0.0,0.0,0.0,0.0,1.0,0.0,0.0,0.0,0.0,1.8647741893754786
2021-08-01 00:00:00+00:00,0.0,0.0,0.0,0.0,0.0,1.0,0.0,0.0,0.0,0.0,1.8647741893754786
2021-08-02 00:00:00+00:00,0.0,0.0,0.0,0.0,0.0,1.0,0.0,0.0,0.0,0.0,1.8647741893754786
2021-08-03 00:00:00+00:00,0.0,0.0,0.0,0.0,0.0,1.0,0.0,0.0,0.0,0.0,1.8647741893754786
2021-08-04 00:00:00+00:00,0.0,0.0,0.0,0.0,0.0,1.0,0.0,0.0,0.0,0.0,1.8647741893754786
2021-08-05 00:00:00+00:00,0.0,0.0,0.0,0.0,0.0,1.0,0.0,0.0,0.0,0.0,1.8647741893754786
2021-08-06 00:00:00+00:00,0.0,0.0,0.0,0.0,0.0,1.0,0.0,0.0,0.0,0.0,1.8647741893754786
2021-08-07 00:00:00+00:00,0.0,0.0,0.0,0.0,0.0,1.0,0.0,0.0,0.0,0.0,1.8647741893754786
2021-08-08 00:00:00+00:00,0.0,0.0,0.0,0.0,0.0,1.0,0.0,0.0,0.0,0.0,1.8647741893754786
2021-08-09 00:00:00+00:00,0.0,0.0,0.0,0.0,0.0,1.0,0.0,0.0,0.0,0.0,1.8647741893754786
2021-08-10 00:00:00+00:00,0.0,0.0,0.0,0.0,0.0,1.0,0.0,0.0,0.0,0.0,1.8647741893754786
2021-08-11 00:00:00+00:00,0.0,0.0,0.0,0.0,0.0,1.0,0.0,0.0,0.0,0.0,1.8647741893754786
2021-08-12 00:00:00+00:00,0.0,0.0,0.0,0.0,0.0,1.0,0.0,0.0,0.0,0.0,1.8647741893754786
2021-08-13 00:00:00+00:00,0.0,0.0,0.0,0.0,0.0,1.0,0.0,0.0,0.0,0.0,1.8647741893754786
2021-08-14 00:00:00+00:00,0.0,0.0,0.0,0.0,0.0,1.0,0.0,0.0,0.0,0.0,1.8647741893754786
2021-08-15 00:00:00+00:00,0.0,0.0,0.0,0.0,0.0,1.0,0.0,0.0,0.0,0.0,1.8647741893754786
2021-08-16 00:00:00+00:00,0.007599873798575851,0.007886547494594042,0.0002844305212036235,0.14221526060181175,0.14892728598226568,0.8510727140177344,0.0,0.06713453471900215,0.08179275126326355,0.0,1.8789462378775739
2021-08-17 00:00:00+00:00,-0.000130075894771986,-0.00013007589477194827,0.0,0.0,0.14881656753567285,0.8511834324643274,0.0,0.06425352088471743,0.0845630466509554,0.0,1.8787018322644535
2021-08-18 00:00:00+00:00,0.011291302775282563,0.01129130277528257,0.0,0.0,0.1583202286735504,0.8416797713264499,0.0,0.06358780110524391,0.09473242756830647,0.0,1.8999148234770296
2021-08-19 00:00:00+00:00,0.0037687155479937395,0.003768715547993743,0.0,0.0,0.16148037063802478,0.8385196293619754,0.0,0.06692047734068547,0.09455989329733933,0.0,1.9070750620121313
2021-08-20 00:00:00+00:00,0.009759138526819644,0.009759138526819562,0.0,0.0,0.1695845104355014,0.8304154895644987,0.0,0.06836966142881006,0.10121484900669135,0.0,1.9256864717233508
2021-08-21 00:00:00+00:00,-0.007494637198167564,-0.007494637198167512,0.0,0.0,0.16331385130227993,0.8366861486977202,0.0,0.06759726510120918,0.09571658620107076,0.0,1.911254150260365
2021-08-22 00:00:00+00:00,-0.0011199452405316057,-0.0011199452405316153,0.0,0.0,0.16237575801911958,0.8376242419808806,0.0,0.06798041571331047,0.09439534230580911,0.0,1.9091136502713346
2021-08-23 00:00:00+00:00,0.009902302054957346,0.010315408878580921,0.0004088889667456282,0.2044444833728141,0.22766145815100097,0.7723385418489991,0.06654623349866443,0.05350337197453333,0.037167166204447384,0.07044468647335582,1.9280182702935635
2021-08-24 00:00:00+00:00,-0.011260017843504277,-0.011260017843504246,0.0,0.0,0.2188658739535478,0.7811341260464523,0.06483592399914934,0.051658183620178495,0.035042234300429374,0.0673295320337906,1.9063087501674558
2021-08-25 00:00:00+00:00,0.007914648691726756,0.007914648691726731,0.0,0.0,0.22499972883580535,0.7750002711641947,0.06607996599813254,0.05216180668845923,0.03548834905131921,0.07126960709789437,1.9213965142229958
2021-08-26 00:00:00+00:00,-0.007124759899735045,-0.007124759899734995,0.0,0.0,0.21943841495540606,0.780561585044594,0.06366023799425324,0.050357420299519395,0.03720188748725133,0.06821886917438208,1.9077070253869692
2021-08-27 00:00:00+00:00,0.014793805117289116,0.01479380511728905,0.0,0.0,0.23081755021713274,0.7691824497828673,0.06571325035535495,0.052524436931784275,0.04305001989679786,0.06952984303319565,1.9359292713414273
2021-08-28 00:00:00+00:00,0.0021113265979937346,0.0021113265979938274,0.0,0.0,0.23243812402149222,0.7675618759785079,0.0653415397897812,0.05194725365742314,0.04695837330823655,0.06819095726605133,1.9400166503038452
2021-08-29 00:00:00+00:00,-0.0023561597611826413,-0.0023561597611826256,0.0,0.0,0.23062535444035043,0.7693746455596497,0.06532505745025127,0.05172844917744503,0.04611976584671644,0.0674520819659377,1.9354456611363748
2021-08-30 00:00:00+00:00,0.0008089857977373605,0.0008698323290986599,6.0793651078316375e-05,0.030396825539158186,0.22635171615428537,0.7736482838457146,0.07061898357952534,0.05646311053412201,0.04079305874631398,0.05847656329432404,1.9370114091885267
2021-08-31 00:00:00+00:00,0.003409213627726615,0.0034092136277265083,0.0,0.0,0.22898028706686277,0.7710197129331371,0.0705557770184532,0.059757358160122884,0.0399207171873807,0.05874643470090599,1.943615094881794
2021-09-01 00:00:00+00:00,0.013631640540738399,0.01363164054073849,0.0,0.0,0.23934920527754633,0.7606507947224536,0.07213344140819168,0.06578967138865122,0.04027141507408978,0.06115467740661367,1.9701097572047759
2021-09-02 00:00:00+00:00,0.005564634596608498,0.005564634596608522,0.0,0.0,0.24355852567587993,0.75644147432412,0.07237520929559826,0.06472464131757832,0.04637544327188231,0.06008323179082103,1.9810726981188336
2021-09-03 00:00:00+00:00,0.01087350142298793,0.010873501422987927,0.0,0.0,0.2516952187793118,0.7483047812206882,0.07268907393412806,0.06660406280213178,0.05237519309388463,0.06002688894916728,2.0026138949208714
2021-09-04 00:00:00+00:00,-0.0025263155277626126,-0.002526315527762655,0.0,0.0,0.24979997681180352,0.7502000231881965,0.0727559023631923,0.06588258638904612,0.04982433343076146,0.06133715462880362,1.9975546603420196
2021-09-05 00:00:00+00:00,0.005764379593700353,0.005764379593700412,0.0,0.0,0.2540996296853787,0.7459003703146213,0.07500442651084765,0.0665952205413623,0.050644549323900404,0.061855433309268355,2.0090693236633963
2021-09-06 00:00:00+00:00,0.004952779112055605,0.005181815856066311,0.00022785603599056114,0.11392801799528057,0.21160894545601122,0.7883910545439887,0.0,0.07823892603041241,0.052227812087888896,0.08114220733770992,2.0190198002443083
2021-09-07 00:00:00+00:00,-0.01950100245799169,-0.01950100245799174,0.0,0.0,0.1959287500340242,0.8040712499659757,0.0,0.06980038751723554,0.056283671946825535,0.06984469056996315,1.9796468901570101
2021-09-08 00:00:00+00:00,0.006407258356175172,0.0064072583561752185,0.0,0.0,0.20104784291866784,0.7989521570813322,0.0,0.07065172101193147,0.06157622443112446,0.06881989747561189,1.9923309992362448
2021-09-09 00:00:00+00:00,-0.0014935037120056283,-0.001493503712005672,0.0,0.0,0.19985282013538913,0.8001471798646108,0.0,0.06925954507544356,0.060657846453339194,0.06993542860660638,1.9893554454933415
2021-09-10 00:00:00+00:00,-0.010349499045584465,-0.010349499045584517,0.0,0.0,0.19148509590713922,0.8085149040928606,0.0,0.06556834687188993,0.058587882849640706,0.06732886618560857,1.96876661320888
2021-09-11 00:00:00+00:00,0.0016146861072152685,0.0016146861072152728,0.0,0.0,0.19278848911934246,0.8072115108806573,0.0,0.0666509834644678,0.05831430631348631,0.06782319934138836,1.9719455533075776
2021-09-12 00:00:00+00:00,0.003164309800296916,0.003164309800296923,0.0,0.0,0.19533469941593948,0.8046653005840604,0.0,0.06923088550853698,0.056591475676177984,0.06951233823122452,1.9781853999475607
2021-09-13 00:00:00+00:00,-0.0073288778960730605,-0.0072736585405771504,5.5623945079038634e-05,0.027811972539519315,0.19734611954300724,0.8026538804569927,0.0,0.07547487962168947,0.045666987579931144,0.07620425234138661,1.9636875206955506
2021-09-14 00:00:00+00:00,0.003417541257922929,0.0034175412579228455,0.0,0.0,0.20007987955766152,0.7999201204423383,0.0,0.07863584351347426,0.04260692105054718,0.07883711499364007,1.970398503815196
2021-09-15 00:00:00+00:00,0.007331957862079186,0.00733195786207908,0.0,0.0,0.2059021713755048,0.794097828624495,0.0,0.08213626004441124,0.042310127021229736,0.0814557843098638,1.984845382616673
2021-09-16 00:00:00+00:00,-0.0040825412689573515,-0.004082541268957387,0.0,0.0,0.2026469446209907,0.797353055379009,0.0,0.08143267551552384,0.04075232976855419,0.08046193933691267,1.976742169429641
2021-09-17 00:00:00+00:00,-0.008396849646016724,-0.00839684964601667,0.0,0.0,0.19589499580112313,0.8041050041988766,0.0,0.07825362740059484,0.03982644788683617,0.07781492051369213,1.9601437626439995
2021-09-18 00:00:00+00:00,0.007424733208959422,0.007424733208959323,0.0,0.0,0.2018212599986961,0.7981787400013036,0.0,0.07849367331529229,0.045326660442474076,0.07800092624092973,1.974697307132837
2021-09-19 00:00:00+00:00,-0.007286489323356404,-0.007286489323356383,0.0,0.0,0.19596265043551472,0.804037349564485,0.0,0.0766056435002456,0.04122347559908861,0.07813353133618052,1.960308696287553
2021-09-20 00:00:00+00:00,-0.024983170618571138,-0.024932838485396285,5.1619144979416955e-05,0.025809572489708478,0.20187264242810707,0.7981273575718929,0.0,0.07702396475704512,0.043759811374820747,0.08108886629624121,1.9113339696631324
2021-09-21 00:00:00+00:00,-0.012627303341674945,-0.012627303341674896,0.0,0.0,0.19166555823035838,0.8083344417696416,0.0,0.07249106010591733,0.04149210812786756,0.07768238999657351,1.8871989758409482
2021-09-22 00:00:00+00:00,0.023827231016238848,0.023827231016238782,0.0,0.0,0.21047768873338285,0.7895223112666171,0.0,0.07874242214114587,0.04826008647925919,0.08347518011297779,1.9321657018119198
2021-09-23 00:00:00+00:00,0.0035582615162799147,0.003558261516279919,0.0,0.0,0.21327705471356995,0.78672294528643,0.0,0.0803882678635512,0.04869975073016074,0.08418903611985801,1.939040852671753
2021-09-24 00:00:00+00:00,-0.015478997885614909,-0.015478997885614873,0.0,0.0,0.20090790994113725,0.7990920900588628,0.0,0.07584530322637555,0.0459048392558289,0.0791577674589328,1.909026443413126
2021-09-25 00:00:00+00:00,-0.002379109450019401,-0.0023791094500194452,0.0,0.0,0.19900224862138804,0.800997751378612,0.0,0.075860532137168,0.04500213639576062,0.07813958008845945,1.904484660561265
2021-09-26 00:00:00+00:00,0.0022030339104694985,0.0022030339104694295,0.0,0.0,0.20076299484624377,0.7992370051537562,0.0,0.07925639703009613,0.04478769582462692,0.07671890199152075,1.9086803048504506
2021-09-27 00:00:00+00:00,-0.003128896937934056,-0.0029071682136715604,0.0002223752063939799,0.11118760319698995,0.1455393485550327,0.8544606514449672,0.0,0.07096177393913199,0.07457757461590073,0.0,1.902708240889109
2021-09-28 00:00:00+00:00,-0.005155656559367006,-0.005155656559367059,0.0,0.0,0.14111121294629242,0.8588887870537074,0.0,0.06841245625848813,0.0726987566878043,0.0,1.8928985306664075
2021-09-29 00:00:00+00:00,0.00276527574386054,0.002765275743860527,0.0,0.0,0.1434797276794652,0.8565202723205346,0.0,0.06932553583294568,0.07415419184651954,0.0,1.8981329170588486
2021-09-30 00:00:00+00:00,0.007018928279947767,0.007018928279947847,0.0,0.0,0.14944967937839493,0.850550320621605,0.0,0.07246915100483511,0.07698052837355981,0.0,1.9114557758694928
2021-10-01 00:00:00+00:00,0.018490337935485268,0.01849033793548533,0.0,0.0,0.1648911246956946,0.8351088753043053,0.0,0.07848767158286943,0.0864034531128252,0.0,1.946799239114055
2021-10-02 00:00:00+00:00,0.005791700883514217,0.0057917008835141545,0.0,0.0,0.16969997408934318,0.8303000259106567,0.0,0.07987136940707486,0.08982860468226833,0.0,1.9580745179872567
2021-10-03 00:00:00+00:00,0.002827154009853672,0.002827154009853757,0.0,0.0,0.1720407424243936,0.8279592575756063,0.0,0.08035055450573388,0.09169018791865974,0.0,1.9636102962123767
2021-10-04 00:00:00+00:00,-0.002883310038692577,-0.0026208898643411294,0.000263109756044302,0.131554878022151,0.16967698852406551,0.8303230114759346,0.0,0.06444440524417214,0.04000352908518031,0.06522905419471306,1.9579485989332275
2021-10-05 00:00:00+00:00,0.004248649665402393,0.004248649665402495,0.0,0.0,0.17318981533847908,0.8268101846615211,0.0,0.06661957870286055,0.03924081276311143,0.0673294238725071,1.9662672365929603
2021-10-06 00:00:00+00:00,-0.0025156903714824708,-0.0025156903714824265,0.0,0.0,0.1711045710890019,0.8288954289109983,0.0,0.06791608537351007,0.0367735183433765,0.06641496737211532,1.961320717038102
2021-10-07 00:00:00+00:00,0.0008749740527629335,0.0008749740527629288,0.0,0.0,0.17182919905108807,0.8281708009489122,0.0,0.06809569004581041,0.036827315323984505,0.06690619368129316,1.9630368217746568
2021-10-08 00:00:00+00:00,-0.0022885832873000833,-0.002288583287300122,0.0,0.0,0.16992951360865174,0.8300704863913484,0.0,0.06778881982585093,0.038017278355836064,0.06412341542696476,1.9585442485119886
2021-10-09 00:00:00+00:00,0.00012250198481678076,0.00012250198481683302,0.0,0.0,0.17003118643564946,0.8299688135643507,0.0,0.06800308270500047,0.03751497411836961,0.06451312961227937,1.958784174069783
2021-10-10 00:00:00+00:00,-0.00800305304686788,-0.00800305304686792,0.0,0.0,0.16333531457575817,0.836664685424242,0.0,0.06547181388653996,0.0355890916749588,0.062274409014259416,1.9431079204173372
2021-10-11 00:00:00+00:00,0.0011511777434567438,0.0013663354412231212,0.00021486412130240486,0.10743206065120242,0.14738351731650323,0.8526164826834967,0.0,0.07574453080466423,0.07163898651183899,0.0,1.945344783008456
2021-10-12 00:00:00+00:00,0.00265657322801105,0.002656573228010943,0.0,0.0,0.1496425541414109,0.8503574458585889,0.0,0.07446276240016257,0.07517979174124832,0.0,1.9505127338782473
2021-10-13 00:00:00+00:00,0.0003516290728353688,0.0003516290728352925,0.0,0.0,0.14994145943788445,0.8500585405621152,0.0,0.07690925870298941,0.07303220073489505,0.0,1.9511985908624145
2021-10-14 00:00:00+00:00,0.004877121024586595,0.004877121024586702,0.0,0.0,0.15406717619823607,0.8459328238017637,0.0,0.0804272696416642,0.07363990655657186,0.0,1.9607148225330533
2021-10-15 00:00:00+00:00,0.008095963963305586,0.008095963963305608,0.0,0.0,0.16086081678573644,0.8391391832142634,0.0,0.08141368555462966,0.07944713123110679,0.0,1.9765886990786
2021-10-16 00:00:00+00:00,-0.003540417031539289,-0.0035404170315393195,0.0,0.0,0.15787935852404417,0.8421206414759557,0.0,0.08089149022722898,0.07698786829681517,0.0,1.969590750784034
2021-10-17 00:00:00+00:00,0.0016158244886386175,0.0016158244886386366,0.0,0.0,0.15923788254255156,0.8407621174574482,0.0,0.08112031101067084,0.07811757153188073,0.0,1.972773263751747
2021-10-18 00:00:00+00:00,-0.0023792900358544644,-0.00213925877456064,0.00024054585111648748,0.12027292555824373,0.19309861405144368,0.8069013859485564,0.0787027880482807,0.06969393242311203,0.044701893580050944,0.0,1.9680794639823023
2021-10-19 00:00:00+00:00,0.004960425476139951,0.004960425476140048,0.0,0.0,0.19708143177254506,0.8029185682274551,0.08118767369430784,0.0717947003585318,0.04409905771970542,0.0,1.977841975494508
2021-10-20 00:00:00+00:00,0.013370830863907335,0.013370830863907243,0.0,0.0,0.20767546906500156,0.7923245309349985,0.08226119075029074,0.07604431624963665,0.04936996206507415,0.0,2.0042873660243816
2021-10-21 00:00:00+00:00,-0.0028882510247328907,-0.002888251024732887,0.0,0.0,0.20538040821475498,0.7946195917852451,0.07773928898789456,0.07427851242006905,0.05336260680679136,0.0,1.9984984809856026
2021-10-22 00:00:00+00:00,-0.0017286517304292426,-0.0017286517304292536,0.0,0.0,0.2040044090590609,0.7959955909409392,0.07598955044442983,0.07292358334972204,0.055091275264909,0.0,1.9950437731281865
2021-10-23 00:00:00+00:00,0.004738004843304555,0.004738004843304625,0.0,0.0,0.2077580552304481,0.792241944769552,0.07637710019195944,0.07614163643616452,0.05523931860232414,0.0,2.0044963001878724
2021-10-24 00:00:00+00:00,-0.0008618922792239525,-0.0008618922792239987,0.0,0.0,0.2070746389837873,0.7929253610162127,0.07590099638244653,0.07465652002982918,0.0565171225715116,0.0,2.0027686403030076
2021-10-25 00:00:00+00:00,0.007005258514350077,0.0070373763375312405,3.189337748129928e-05,0.01594668874064964,0.2022438973114049,0.797756102688595,0.08096001306608606,0.07361598667535975,0.04766789756995911,0.0,2.0167985523727636
2021-10-26 00:00:00+00:00,-0.007320160593809022,-0.007320160593809001,0.0,0.0,0.19636113173628764,0.8036388682637123,0.07800147972892181,0.07259777270678062,0.045761879300585194,0.0,2.0020352630840335
2021-10-27 00:00:00+00:00,-0.009688787979402758,-0.009688787979402721,0.0,0.0,0.1884986673795251,0.8115013326204749,0.07626392791606829,0.06959022221911482,0.04264451724434199,0.0,1.9826379678927244
2021-10-28 00:00:00+00:00,0.011806993573128866,0.011806993573128904,0.0,0.0,0.1979682510844167,0.8020317489155833,0.07816432559314428,0.07516181249626822,0.04464211299500423,0.0,2.006046961637475
2021-10-29 00:00:00+00:00,0.005635428129725284,0.0056354281297251955,0.0,0.0,0.2024627151340549,0.797537284865945,0.07987912764060404,0.07705781498081235,0.045525772512638514,0.0,2.0173518951146368
2021-10-30 00:00:00+00:00,-0.0032450578136445918,-0.003245057813644643,0.0,0.0,0.1998662348073556,0.8001337651926442,0.07963133122846437,0.07562548771069727,0.044609415868193954,0.0,2.0108054715845243
2021-10-31 00:00:00+00:00,0.00022332825000193068,0.00022332825000192223,0.0,0.0,0.2000448873827365,0.7999551126172634,0.07889362221657893,0.07499291403677907,0.04615835112937848,0.0,2.0112545412515876
2021-11-01 00:00:00+00:00,0.00033852270675716056,0.0003503690348855619,1.1842178995671444e-05,0.0059210894978357215,0.19702056219769423,0.8029794378023057,0.07816930728430924,0.07107850476580128,0.047772750147583726,0.0,2.01193539658287
2021-11-02 00:00:00+00:00,0.011370293501098194,0.011370293501098118,0.0,0.0,0.20604802913223605,0.7939519708677639,0.08022096690073353,0.07467651750243487,0.051150544729067625,0.0,2.0348116925472657
2021-11-03 00:00:00+00:00,0.005037205654434551,0.005037205654434612,0.0,0.0,0.21002728416329774,0.7899727158367023,0.07940973663752876,0.07452354519857439,0.056094002327194595,0.0,2.0450614575106743
2021-11-04 00:00:00+00:00,-0.002195250553363226,-0.0021952505533632716,0.0,0.0,0.20828928076880182,0.7917107192311982,0.07768458560758103,0.07353490754233569,0.0570697876188851,0.0,2.0405720352144123
2021-11-05 00:00:00+00:00,-0.004063241929156414,-0.004063241929156447,0.0,0.0,0.20505924415847118,0.7949407558415288,0.07742366934800553,0.07288891041625603,0.05474666439420963,0.0,2.032280697361465
2021-11-06 00:00:00+00:00,0.006575256680640962,0.006575256680640903,0.0,0.0,0.21025203971038797,0.7897479602896119,0.07758742888904942,0.07312100606335532,0.059543604757983225,0.0,2.045643464593729
2021-11-07 00:00:00+00:00,0.0017811349573841895,0.001781134957384294,0.0,0.0,0.21165618643516595,0.7883438135648341,0.07972110784617457,0.07451915741443203,0.057415921174559355,0.0,2.0492870316788614
2021-11-08 00:00:00+00:00,0.008302866272639431,0.008325285629394647,2.223425027087013e-05,0.011117125135435064,0.21204418525797844,0.7879558147420216,0.08699319586209722,0.07505781313168217,0.04999317626419905,0.0,2.066301987857145
2021-11-09 00:00:00+00:00,-0.0037803892765910785,-0.0037803892765910906,0.0,0.0,0.20905410186631013,0.7909458981336899,0.08657565762787073,0.07415717709735889,0.0483212671410805,0.0,2.0584905619800513
2021-11-10 00:00:00+00:00,-0.005507759855697403,-0.0055077598556973854,0.0,0.0,0.20467363524232005,0.7953263647576799,0.08436959679006258,0.07293465385665557,0.04736938459560189,0.0,2.047152890299446
2021-11-11 00:00:00+00:00,0.0013394343356660787,0.0013394343356659788,0.0,0.0,0.20573749770942,0.7942625022905798,0.08411627014037308,0.07425837248035629,0.04736285508869063,0.0,2.0498949171710708
2021-11-12 00:00:00+00:00,-0.002679612677989107,-0.0026796126779890872,0.0,0.0,0.20360346345338307,0.7963965365466168,0.0834932692859727,0.07361327733353971,0.04649691683387067,0.0,2.0444019927624737
2021-11-13 00:00:00+00:00,0.0026713916425860074,0.0026713916425859185,0.0,0.0,0.20572528229617437,0.7942747177038254,0.08360559326280574,0.07308354219152079,0.04903614684184783,0.0,2.0498633911600255
2021-11-14 00:00:00+00:00,0.0006008379139590403,0.0006008379139590357,0.0,0.0,0.2062022260947529,0.7937977739052469,0.08503376730740535,0.07276019137958653,0.04840826740776102,0.0,2.0510950268038712
2021-11-15 00:00:00+00:00,-0.004351937727426702,-0.004155104320949935,0.00019765468230128246,0.09882734115064123,0.21128756606263263,0.7887124339373673,0.06451436341669733,0.05609191222349313,0.0382522431597532,0.05242904726268895,2.042168788974186
2021-11-16 00:00:00+00:00,-0.014747664366241864,-0.014747664366241864,0.0,0.0,0.19948179221515627,0.8005182077848437,0.06182769142726511,0.0525132409697299,0.03571303004762827,0.04942782977053299,2.0120515690951803
2021-11-17 00:00:00+00:00,0.0003274343827526227,0.0003274343827526382,0.0,0.0,0.19974382360231904,0.800256176397681,0.06210176999567848,0.05347474350632673,0.035670379159580316,0.04849693094073351,2.0127103839587734
2021-11-18 00:00:00+00:00,-0.014908737023504814,-0.014908737023504806,0.0,0.0,0.18763244942435803,0.812367550575642,0.0594340776989995,0.05059803594204049,0.03228814247937552,0.04531219330394254,1.9827034141398547
2021-11-19 00:00:00+00:00,0.012489244167372071,0.012489244167372012,0.0,0.0,0.19765315507751552,0.8023468449224845,0.0599034930589366,0.053697967365948236,0.035167236228178904,0.048884458424451764,2.0074658811905297
2021-11-20 00:00:00+00:00,0.0055303452815418375,0.005530345281541734,0.0,0.0,0.20206600557854593,0.797933994421454,0.06126757063436972,0.05486267942579616,0.03536214612182168,0.05057360939655836,2.018567860654428
2021-11-21 00:00:00+00:00,-0.0026219110592176076,-0.0026219110592176284,0.0,0.0,0.19996839386269086,0.800031606137309,0.06030739621740105,0.0531060460367868,0.03755986628661623,0.04899508532188679,2.013275355256797
2021-11-22 00:00:00+00:00,-0.010880773436566349,-0.01080826018693274,7.330555514684485e-05,0.036652777573422425,0.2282802232981177,0.7717197767018823,0.06973145215715758,0.06102629243697465,0.04330116292909345,0.05422131577489202,1.9913693622508253
2021-11-23 00:00:00+00:00,0.009703427201938952,0.009703427201938898,0.0,0.0,0.23569658583763553,0.7643034141623644,0.07065442392563336,0.06418443493549932,0.04411441000141184,0.056743316975091024,2.0106924698895976
2021-11-24 00:00:00+00:00,-0.004770608534379495,-0.004770608534379504,0.0,0.0,0.23203291551024616,0.7679670844897537,0.07049592896915159,0.06346143466060344,0.041127756563413415,0.05694779531707772,2.0011002432327296
2021-11-25 00:00:00+00:00,0.011561518429880291,0.011561518429880242,0.0,0.0,0.24081030120464392,0.7591896987953559,0.07191255174102205,0.06647344906031288,0.041483650074817115,0.060940650328491844,2.024236000574903
2021-11-26 00:00:00+00:00,-0.02190799971521884,-0.0219079997152188,0.0,0.0,0.22380543080373783,0.7761945691962621,0.06699322260646852,0.06070300322620993,0.038863276052389505,0.057245928918669864,1.9798890388507722
2021-11-27 00:00:00+00:00,0.0033633096713361343,0.0033633096713361317,0.0,0.0,0.2264072627386443,0.7735927372613556,0.06800246377748226,0.06130928883954404,0.03880750312634232,0.05828800699527571,1.9865480188033113
2021-11-28 00:00:00+00:00,0.008888099033813601,0.008888099033813646,0.0,0.0,0.2332224574735239,0.766777542526476,0.07055500729754954,0.06372920918404432,0.040056210287288195,0.058882030704641854,2.0042046543298615
2021-11-29 00:00:00+00:00,0.004386325139685399,0.0044209243282420044,3.444690141207409e-05,0.017223450706037043,0.22565022016606312,0.7743497798339368,0.06638752763651375,0.05996003821511897,0.043706070376414295,0.05559658393801612,2.012995747590223
2021-11-30 00:00:00+00:00,0.0024139384886641135,0.002413938488664044,0.0,0.0,0.22751495155641857,0.7724850484435813,0.06528118766381145,0.062314975039990145,0.04454504227152842,0.055373746581088575,2.0178549955028484
2021-12-01 00:00:00+00:00,0.0046239340319578215,0.004623934031957847,0.0,0.0,0.23107043115796594,0.768929568842034,0.06524715654790152,0.06139451650969781,0.04886715565485188,0.05556160244551474,2.02718542388811
2021-12-02 00:00:00+00:00,-0.0016268112899407994,-0.0016268112899408423,0.0,0.0,0.22981748955465847,0.7701825104453415,0.06455368838327867,0.06053381941442745,0.049751877647364495,0.054978104109587866,2.023887575753726
2021-12-03 00:00:00+00:00,-0.014143871081607196,-0.014143871081607227,0.0,0.0,0.21876784263609755,0.7812321573639024,0.06213744253842914,0.05736891331491037,0.04572565772781802,0.053535829054940025,1.9952619707985986
2021-12-04 00:00:00+00:00,-0.011250601923435077,-0.011250601923435112,0.0,0.0,0.20987850017036686,0.7901214998296331,0.0576287372635372,0.05667597764421805,0.04384898537104617,0.05172479989156541,1.972814072632175
2021-12-05 00:00:00+00:00,-0.0005221554262133665,-0.0005221554262133258,0.0,0.0,0.20946571840562467,0.7905342815943753,0.057944906848246984,0.057796245688770176,0.04295589155916494,0.050768674309442575,1.97178395705924
2021-12-06 00:00:00+00:00,0.005655399827446006,0.005888363815036588,0.0002316002411112636,0.1158001205556318,0.21400425417326135,0.7859957458267386,0.0,0.08070178033917673,0.05642156815756341,0.07688090567652121,1.9829351837097535
2021-12-07 00:00:00+00:00,-0.0028864207555880927,-0.0028864207555880637,0.0,0.0,0.21172897231793109,0.7882710276820689,0.0,0.08016896345859353,0.05561146154067626,0.07594854731866131,1.977211598438508
2021-12-08 00:00:00+00:00,0.0074605170881318905,0.007460517088131842,0.0,0.0,0.21756633206786843,0.7824336679321315,0.0,0.08198690386556051,0.05646763378826256,0.07911179441404537,1.9919626193555109
2021-12-09 00:00:00+00:00,-0.01488011440662751,-0.014880114406627456,0.0,0.0,0.2057477679878078,0.7942522320121922,0.0,0.0770115114071078,0.053335434428963754,0.07540082215173625,1.9623219876857754
2021-12-10 00:00:00+00:00,-0.010261826133559526,-0.010261826133559531,0.0,0.0,0.19751278369973024,0.8024872163002698,0.0,0.07388067109355534,0.04981435819050481,0.07381775441567011,1.942184980630083
2021-12-11 00:00:00+00:00,0.006660031794924581,0.006660031794924599,0.0,0.0,0.20282201442984144,0.7971779855701586,0.0,0.07699472311919159,0.05089196631858788,0.07493532499206197,1.9551199943527044
2021-12-12 00:00:00+00:00,0.0017166338231948686,0.0017166338231948595,0.0,0.0,0.20418813199935124,0.7958118680006488,0.0,0.07762056508664004,0.051005434149311704,0.07556213276339949,1.9584762194634149
2021-12-13 00:00:00+00:00,-0.018601453206213314,-0.018367334723436036,0.0002384990751212693,0.11924953756063464,0.20711802696397857,0.7928819730360214,0.06498742625330915,0.05206841869814605,0.03866120737785805,0.051400974634665315,1.9220457157115847
2021-12-14 00:00:00+00:00,0.00553277006960462,0.005532770069604563,0.0,0.0,0.21148072282006594,0.788519277179934,0.06689132605688729,0.052837161077850844,0.03994727786624458,0.051804957819083224,1.9326799527198855
2021-12-15 00:00:00+00:00,0.008495136281935434,0.008495136281935392,0.0,0.0,0.2181228755480133,0.7818771244519865,0.06705242349447423,0.05457181129511781,0.04385558051001086,0.05264306024841043,1.9490983323076054
2021-12-16 00:00:00+00:00,-0.0043642756853298215,-0.004364275685329856,0.0,0.0,0.21469559060852375,0.785304409391476,0.06564755638306018,0.053986989590905435,0.04364318829989157,0.05141785633466659,1.9405919298475984
2021-12-17 00:00:00+00:00,-0.0036226763160762676,-0.0036226763160763027,0.0,0.0,0.21184034328686224,0.7881596567131376,0.06381341090594289,0.053038056868161744,0.043452721169430275,0.05153615434332734,1.933561793424171
2021-12-18 00:00:00+00:00,0.0047570204333062804,0.004757020433306274,0.0,0.0,0.21557188386378218,0.7844281161362177,0.06447583993000752,0.053937916589629806,0.045046077184378495,0.05211205015976635,1.94275978638455
2021-12-19 00:00:00+00:00,-0.0018084022063084015,-0.0018084022063084549,0.0,0.0,0.214150752350507,0.7858492476494928,0.06438131935299475,0.05354725860071736,0.044416625155259806,0.05180554924153507,1.939246495300525
2021-12-20 00:00:00+00:00,-0.002426713915239409,-0.002206683057718665,0.00022051746968497287,0.11025873484248644,0.1938679705954325,0.8061320294045674,0.0,0.07250405388595543,0.053191483863244564,0.0681724328462325,1.9345404988453
2021-12-21 00:00:00+00:00,0.003602943371721734,0.0036029433717216734,0.0,0.0,0.19676199165351935,0.8032380083464805,0.0,0.0735200692116181,0.05474384401749559,0.06849807842440567,1.941510538712942
2021-12-22 00:00:00+00:00,-0.00034299051213404486,-0.00034299051213400897,0.0,0.0,0.19648639411032862,0.8035136058896712,0.0,0.07290591521895287,0.05438457531651595,0.0691959035748598,1.9408446190189552
2021-12-23 00:00:00+00:00,0.007980585330153334,0.007980585330153412,0.0,0.0,0.2028481326091326,0.7971518673908674,0.0,0.07472600875340386,0.057492850028330746,0.07062927382739799,1.956333695113605
2021-12-24 00:00:00+00:00,-0.0019824584278858026,-0.0019824584278857567,0.0,0.0,0.2012646730285279,0.7987353269714721,0.0,0.07368961193251665,0.05769494316667504,0.06988011792933622,1.9524553448919701
2021-12-25 00:00:00+00:00,0.002363691117480249,0.002363691117480332,0.0,0.0,0.20314818458656872,0.7968518154134313,0.0,0.07438810970653789,0.05836315002251945,0.0703969248575114,1.9570703462479682
2021-12-26 00:00:00+00:00,0.0007821920248862746,0.0007821920248863818,0.0,0.0,0.20377098856929302,0.7962290114307071,0.0,0.07377100053333009,0.0597737357054425,0.07022625233052043,1.9586011510649448
2021-12-27 00:00:00+00:00,0.0005218154176176437,0.0007631832678586048,0.00024118378281340214,0.12059189140670107,0.22140829815373458,0.7785917018462656,0.06866474404982906,0.0553876105822592,0.04197410144292019,0.05538184207872612,1.9596231793425343
2021-12-28 00:00:00+00:00,-0.014475560137600763,-0.014475560137600735,0.0,0.0,0.2099722032718196,0.7900277967281806,0.06533403109740687,0.052797946590970084,0.03858578253986035,0.05325444304358229,1.931256536162925
2021-12-29 00:00:00+00:00,-0.007152899651244549,-0.007152899651244566,0.0,0.0,0.2042805015488599,0.7957194984511402,0.06431118388876145,0.05089892421653305,0.03741032578111518,0.05166006766245025,1.9174424519589415
2021-12-30 00:00:00+00:00,0.0028410032855348266,0.0028410032855348596,0.0,0.0,0.20653473896242544,0.7934652610375748,0.065034686436786,0.05186051293216963,0.03771531481562908,0.051924224777840734,1.9228899122647807
2021-12-31 00:00:00+00:00,-0.0029714398708198253,-0.002971439870819787,0.0,0.0,0.20416997790437513,0.7958300220956251,0.06397718879206568,0.05155161262645723,0.03727520008025132,0.051365976405600894,1.91717616051228
2022-01-01 00:00:00+00:00,0.006917839495222733,0.006917839495222775,0.0,0.0,0.20963757828088359,0.7903624217191167,0.06560767788284513,0.052441365540271755,0.038989715009446084,0.052598819848320606,1.9304388774747712
2022-01-02 00:00:00+00:00,3.8096470381665526e-05,3.809647038174413e-05,0.0,0.0,0.20966768715243173,0.7903323128475687,0.06500514183793042,0.05331072521156576,0.038395981372198844,0.05295583873073669,1.9305124203822905
2022-01-03 00:00:00+00:00,-0.006166594422585936,-0.005913046601317734,0.0002550559791589099,0.12752798957945494,0.20246955838880937,0.7975304416111906,0.0,0.07493858261918962,0.05548386879070294,0.0720471069789168,1.9186077332580282
2022-01-04 00:00:00+00:00,-0.0011041140182680431,-0.0011041140182680383,0.0,0.0,0.2015880205299233,0.7984119794700766,0.0,0.07540410293877256,0.0547616747876253,0.07142224280352544,1.9164893715641806
2022-01-05 00:00:00+00:00,-0.01382268829364619,-0.013822688293646232,0.0,0.0,0.1903971324501394,0.8096028675498604,0.0,0.0715062152269183,0.051139601213151885,0.06775131601006922,1.889998336362963
2022-01-06 00:00:00+00:00,-0.0043058542664249355,-0.004305854266424985,0.0,0.0,0.18689602523133464,0.8131039747686651,0.0,0.06911695118555067,0.04996435771976299,0.06781471632602097,1.8818602789627985
2022-01-07 00:00:00+00:00,-0.012342871080324835,-0.012342871080324816,0.0,0.0,0.17673456611601696,0.8232654338839829,0.0,0.06570542843158944,0.04592644176302964,0.06510269592139789,1.8586327201483765
2022-01-08 00:00:00+00:00,-0.0031677679554890092,-0.0031677679554889876,0.0,0.0,0.17411836473680337,0.8258816352631965,0.0,0.06348882118376353,0.04798714645932389,0.06264239709371594,1.8527450029764672
2022-01-09 00:00:00+00:00,0.002342343675037828,0.0023423436750377408,0.0,0.0,0.17604834268984065,0.8239516573101591,0.0,0.06479990694840032,0.04744376107769187,0.06380467466374848,1.857084768515647
2022-01-10 00:00:00+00:00,-0.0003520966853797214,0.0,0.0003520966853796813,0.17604834268984065,0.0,1.0,0.0,0.0,0.0,0.0,1.8564308951241835
2022-01-11 00:00:00+00:00,0.0,0.0,0.0,0.0,0.0,1.0,0.0,0.0,0.0,0.0,1.8564308951241835
2022-01-12 00:00:00+00:00,0.0,0.0,0.0,0.0,0.0,1.0,0.0,0.0,0.0,0.0,1.8564308951241835
2022-01-13 00:00:00+00:00,0.0,0.0,0.0,0.0,0.0,1.0,0.0,0.0,0.0,0.0,1.8564308951241835
2022-01-14 00:00:00+00:00,0.0,0.0,0.0,0.0,0.0,1.0,0.0,0.0,0.0,0.0,1.8564308951241835
2022-01-15 00:00:00+00:00,0.0,0.0,0.0,0.0,0.0,1.0,0.0,0.0,0.0,0.0,1.8564308951241835
2022-01-16 00:00:00+00:00,0.0,0.0,0.0,0.0,0.0,1.0,0.0,0.0,0.0,0.0,1.8564308951241835
2022-01-17 00:00:00+00:00,-0.009772522630936975,-0.009378295804925222,0.0003979590032626136,0.19897950163130682,0.19139617577876633,0.8086038242212337,0.0,0.0,0.0,0.19139617577876633,1.8382888821888117
2022-01-18 00:00:00+00:00,-0.0014502762214345655,-0.001450276221434577,0.0,0.0,0.19022177367248808,0.809778226327512,0.0,0.0,0.0,0.19022177367248808,1.8356228555348457
2022-01-19 00:00:00+00:00,-0.0038730202062691177,-0.0038730202062691186,0.0,0.0,0.18707329210660112,0.8129267078933989,0.0,0.0,0.0,0.18707329210660112,1.8285134511242698
2022-01-20 00:00:00+00:00,-0.008788678152659046,-0.0087886781526591,0.0,0.0,0.17986539300385443,0.8201346069961456,0.0,0.0,0.0,0.17986539300385443,1.8124432349045307
2022-01-21 00:00:00+00:00,-0.023044998104083114,-0.023044998104083104,0.0,0.0,0.16051956804094308,0.839480431959057,0.0,0.0,0.0,0.16051956804094308,1.7706754839923975
2022-01-22 00:00:00+00:00,-0.010665057282553514,-0.010665057282553538,0.0,0.0,0.15146994641347455,0.8485300535865254,0.0,0.0,0.0,0.15146994641347455,1.7517911285268053
2022-01-23 00:00:00+00:00,0.010864576117293634,0.010864576117293601,0.0,0.0,0.1605897826138998,0.8394102173861001,0.0,0.0,0.0,0.1605897826138998,1.7708235965842845
2022-01-24 00:00:00+00:00,-0.00032117956522781377,0.0,0.0003211795652277996,0.1605897826138998,0.0,1.0,0.0,0.0,0.0,0.0,1.7702548442314383
2022-01-25 00:00:00+00:00,0.0,0.0,0.0,0.0,0.0,1.0,0.0,0.0,0.0,0.0,1.7702548442314383
2022-01-26 00:00:00+00:00,0.0,0.0,0.0,0.0,0.0,1.0,0.0,0.0,0.0,0.0,1.7702548442314383
2022-01-27 00:00:00+00:00,0.0,0.0,0.0,0.0,0.0,1.0,0.0,0.0,0.0,0.0,1.7702548442314383
2022-01-28 00:00:00+00:00,0.0,0.0,0.0,0.0,0.0,1.0,0.0,0.0,0.0,0.0,1.7702548442314383
2022-01-29 00:00:00+00:00,0.0,0.0,0.0,0.0,0.0,1.0,0.0,0.0,0.0,0.0,1.7702548442314383
2022-01-30 00:00:00+00:00,0.0,0.0,0.0,0.0,0.0,1.0,0.0,0.0,0.0,0.0,1.7702548442314383
2022-01-31 00:00:00+00:00,0.0,0.0,0.0,0.0,0.0,1.0,0.0,0.0,0.0,0.0,1.7702548442314383
2022-02-01 00:00:00+00:00,0.0,0.0,0.0,0.0,0.0,1.0,0.0,0.0,0.0,0.0,1.7702548442314383
2022-02-02 00:00:00+00:00,0.0,0.0,0.0,0.0,0.0,1.0,0.0,0.0,0.0,0.0,1.7702548442314383
2022-02-03 00:00:00+00:00,0.0,0.0,0.0,0.0,0.0,1.0,0.0,0.0,0.0,0.0,1.7702548442314383
2022-02-04 00:00:00+00:00,0.0,0.0,0.0,0.0,0.0,1.0,0.0,0.0,0.0,0.0,1.7702548442314383
2022-02-05 00:00:00+00:00,0.0,0.0,0.0,0.0,0.0,1.0,0.0,0.0,0.0,0.0,1.7702548442314383
2022-02-06 00:00:00+00:00,0.0,0.0,0.0,0.0,0.0,1.0,0.0,0.0,0.0,0.0,1.7702548442314383
2022-02-07 00:00:00+00:00,0.0,0.0,0.0,0.0,0.0,1.0,0.0,0.0,0.0,0.0,1.7702548442314383
2022-02-08 00:00:00+00:00,0.0,0.0,0.0,0.0,0.0,1.0,0.0,0.0,0.0,0.0,1.7702548442314383
2022-02-09 00:00:00+00:00,0.0,0.0,0.0,0.0,0.0,1.0,0.0,0.0,0.0,0.0,1.7702548442314383
2022-02-10 00:00:00+00:00,0.0,0.0,0.0,0.0,0.0,1.0,0.0,0.0,0.0,0.0,1.7702548442314383
2022-02-11 00:00:00+00:00,0.0,0.0,0.0,0.0,0.0,1.0,0.0,0.0,0.0,0.0,1.7702548442314383
2022-02-12 00:00:00+00:00,0.0,0.0,0.0,0.0,0.0,1.0,0.0,0.0,0.0,0.0,1.7702548442314383
2022-02-13 00:00:00+00:00,0.0,0.0,0.0,0.0,0.0,1.0,0.0,0.0,0.0,0.0,1.7702548442314383
2022-02-14 00:00:00+00:00,0.0,0.0,0.0,0.0,0.0,1.0,0.0,0.0,0.0,0.0,1.7702548442314383
2022-02-15 00:00:00+00:00,0.0,0.0,0.0,0.0,0.0,1.0,0.0,0.0,0.0,0.0,1.7702548442314383
2022-02-16 00:00:00+00:00,0.0,0.0,0.0,0.0,0.0,1.0,0.0,0.0,0.0,0.0,1.7702548442314383
2022-02-17 00:00:00+00:00,0.0,0.0,0.0,0.0,0.0,1.0,0.0,0.0,0.0,0.0,1.7702548442314383
2022-02-18 00:00:00+00:00,0.0,0.0,0.0,0.0,0.0,1.0,0.0,0.0,0.0,0.0,1.7702548442314383
2022-02-19 00:00:00+00:00,0.0,0.0,0.0,0.0,0.0,1.0,0.0,0.0,0.0,0.0,1.7702548442314383
2022-02-20 00:00:00+00:00,0.0,0.0,0.0,0.0,0.0,1.0,0.0,0.0,0.0,0.0,1.7702548442314383
2022-02-21 00:00:00+00:00,0.0,0.0,0.0,0.0,0.0,1.0,0.0,0.0,0.0,0.0,1.7702548442314383
2022-02-22 00:00:00+00:00,0.0,0.0,0.0,0.0,0.0,1.0,0.0,0.0,0.0,0.0,1.7702548442314383
2022-02-23 00:00:00+00:00,0.0,0.0,0.0,0.0,0.0,1.0,0.0,0.0,0.0,0.0,1.7702548442314383
2022-02-24 00:00:00+00:00,0.0,0.0,0.0,0.0,0.0,1.0,0.0,0.0,0.0,0.0,1.7702548442314383
2022-02-25 00:00:00+00:00,0.0,0.0,0.0,0.0,0.0,1.0,0.0,0.0,0.0,0.0,1.7702548442314383
2022-02-26 00:00:00+00:00,0.0,0.0,0.0,0.0,0.0,1.0,0.0,0.0,0.0,0.0,1.7702548442314383
2022-02-27 00:00:00+00:00,0.0,0.0,0.0,0.0,0.0,1.0,0.0,0.0,0.0,0.0,1.7702548442314383
2022-02-28 00:00:00+00:00,0.0,0.0,0.0,0.0,0.0,1.0,0.0,0.0,0.0,0.0,1.7702548442314383
2022-03-01 00:00:00+00:00,0.0,0.0,0.0,0.0,0.0,1.0,0.0,0.0,0.0,0.0,1.7702548442314383
2022-03-02 00:00:00+00:00,0.0,0.0,0.0,0.0,0.0,1.0,0.0,0.0,0.0,0.0,1.7702548442314383
2022-03-03 00:00:00+00:00,0.0,0.0,0.0,0.0,0.0,1.0,0.0,0.0,0.0,0.0,1.7702548442314383
2022-03-04 00:00:00+00:00,0.0,0.0,0.0,0.0,0.0,1.0,0.0,0.0,0.0,0.0,1.7702548442314383
2022-03-05 00:00:00+00:00,0.0,0.0,0.0,0.0,0.0,1.0,0.0,0.0,0.0,0.0,1.7702548442314383
2022-03-06 00:00:00+00:00,0.0,0.0,0.0,0.0,0.0,1.0,0.0,0.0,0.0,0.0,1.7702548442314383
2022-03-07 00:00:00+00:00,0.0,0.0,0.0,0.0,0.0,1.0,0.0,0.0,0.0,0.0,1.7702548442314383
2022-03-08 00:00:00+00:00,0.0,0.0,0.0,0.0,0.0,1.0,0.0,0.0,0.0,0.0,1.7702548442314383
2022-03-09 00:00:00+00:00,0.0,0.0,0.0,0.0,0.0,1.0,0.0,0.0,0.0,0.0,1.7702548442314383
2022-03-10 00:00:00+00:00,0.0,0.0,0.0,0.0,0.0,1.0,0.0,0.0,0.0,0.0,1.7702548442314383
2022-03-11 00:00:00+00:00,0.0,0.0,0.0,0.0,0.0,1.0,0.0,0.0,0.0,0.0,1.7702548442314383
2022-03-12 00:00:00+00:00,0.0,0.0,0.0,0.0,0.0,1.0,0.0,0.0,0.0,0.0,1.7702548442314383
2022-03-13 00:00:00+00:00,0.0,0.0,0.0,0.0,0.0,1.0,0.0,0.0,0.0,0.0,1.7702548442314383
2022-03-14 00:00:00+00:00,0.0,0.0,0.0,0.0,0.0,1.0,0.0,0.0,0.0,0.0,1.7702548442314383
2022-03-15 00:00:00+00:00,0.0,0.0,0.0,0.0,0.0,1.0,0.0,0.0,0.0,0.0,1.7702548442314383
2022-03-16 00:00:00+00:00,0.0,0.0,0.0,0.0,0.0,1.0,0.0,0.0,0.0,0.0,1.7702548442314383
2022-03-17 00:00:00+00:00,0.0,0.0,0.0,0.0,0.0,1.0,0.0,0.0,0.0,0.0,1.7702548442314383
2022-03-18 00:00:00+00:00,0.0,0.0,0.0,0.0,0.0,1.0,0.0,0.0,0.0,0.0,1.7702548442314383
2022-03-19 00:00:00+00:00,0.0,0.0,0.0,0.0,0.0,1.0,0.0,0.0,0.0,0.0,1.7702548442314383
2022-03-20 00:00:00+00:00,0.0,0.0,0.0,0.0,0.0,1.0,0.0,0.0,0.0,0.0,1.7702548442314383
2022-03-21 00:00:00+00:00,0.0,0.0,0.0,0.0,0.0,1.0,0.0,0.0,0.0,0.0,1.7702548442314383
2022-03-22 00:00:00+00:00,0.0,0.0,0.0,0.0,0.0,1.0,0.0,0.0,0.0,0.0,1.7702548442314383
2022-03-23 00:00:00+00:00,0.0,0.0,0.0,0.0,0.0,1.0,0.0,0.0,0.0,0.0,1.7702548442314383
2022-03-24 00:00:00+00:00,0.0,0.0,0.0,0.0,0.0,1.0,0.0,0.0,0.0,0.0,1.7702548442314383
2022-03-25 00:00:00+00:00,0.0,0.0,0.0,0.0,0.0,1.0,0.0,0.0,0.0,0.0,1.7702548442314383
2022-03-26 00:00:00+00:00,0.0,0.0,0.0,0.0,0.0,1.0,0.0,0.0,0.0,0.0,1.7702548442314383
2022-03-27 00:00:00+00:00,0.0,0.0,0.0,0.0,0.0,1.0,0.0,0.0,0.0,0.0,1.7702548442314383
2022-03-28 00:00:00+00:00,0.0,0.0,0.0,0.0,0.0,1.0,0.0,0.0,0.0,0.0,1.7702548442314383
2022-03-29 00:00:00+00:00,0.0,0.0,0.0,0.0,0.0,1.0,0.0,0.0,0.0,0.0,1.7702548442314383
2022-03-30 00:00:00+00:00,0.0,0.0,0.0,0.0,0.0,1.0,0.0,0.0,0.0,0.0,1.7702548442314383
2022-03-31 00:00:00+00:00,0.0,0.0,0.0,0.0,0.0,1.0,0.0,0.0,0.0,0.0,1.7702548442314383
2022-04-01 00:00:00+00:00,0.0,0.0,0.0,0.0,0.0,1.0,0.0,0.0,0.0,0.0,1.7702548442314383
2022-04-02 00:00:00+00:00,0.0,0.0,0.0,0.0,0.0,1.0,0.0,0.0,0.0,0.0,1.7702548442314383
2022-04-03 00:00:00+00:00,0.0,0.0,0.0,0.0,0.0,1.0,0.0,0.0,0.0,0.0,1.7702548442314383
2022-04-04 00:00:00+00:00,0.0,0.0,0.0,0.0,0.0,1.0,0.0,0.0,0.0,0.0,1.7702548442314383
2022-04-05 00:00:00+00:00,0.0,0.0,0.0,0.0,0.0,1.0,0.0,0.0,0.0,0.0,1.7702548442314383
2022-04-06 00:00:00+00:00,0.0,0.0,0.0,0.0,0.0,1.0,0.0,0.0,0.0,0.0,1.7702548442314383
2022-04-07 00:00:00+00:00,0.0,0.0,0.0,0.0,0.0,1.0,0.0,0.0,0.0,0.0,1.7702548442314383
2022-04-08 00:00:00+00:00,0.0,0.0,0.0,0.0,0.0,1.0,0.0,0.0,0.0,0.0,1.7702548442314383
2022-04-09 00:00:00+00:00,0.0,0.0,0.0,0.0,0.0,1.0,0.0,0.0,0.0,0.0,1.7702548442314383
2022-04-10 00:00:00+00:00,0.0,0.0,0.0,0.0,0.0,1.0,0.0,0.0,0.0,0.0,1.7702548442314383
2022-04-11 00:00:00+00:00,0.0,0.0,0.0,0.0,0.0,1.0,0.0,0.0,0.0,0.0,1.7702548442314383
2022-04-12 00:00:00+00:00,0.0,0.0,0.0,0.0,0.0,1.0,0.0,0.0,0.0,0.0,1.7702548442314383
2022-04-13 00:00:00+00:00,0.0,0.0,0.0,0.0,0.0,1.0,0.0,0.0,0.0,0.0,1.7702548442314383
2022-04-14 00:00:00+00:00,0.0,0.0,0.0,0.0,0.0,1.0,0.0,0.0,0.0,0.0,1.7702548442314383
2022-04-15 00:00:00+00:00,0.0,0.0,0.0,0.0,0.0,1.0,0.0,0.0,0.0,0.0,1.7702548442314383
2022-04-16 00:00:00+00:00,0.0,0.0,0.0,0.0,0.0,1.0,0.0,0.0,0.0,0.0,1.7702548442314383
2022-04-17 00:00:00+00:00,0.0,0.0,0.0,0.0,0.0,1.0,0.0,0.0,0.0,0.0,1.7702548442314383
2022-04-18 00:00:00+00:00,0.0,0.0,0.0,0.0,0.0,1.0,0.0,0.0,0.0,0.0,1.7702548442314383
2022-04-19 00:00:00+00:00,0.0,0.0,0.0,0.0,0.0,1.0,0.0,0.0,0.0,0.0,1.7702548442314383
2022-04-20 00:00:00+00:00,0.0,0.0,0.0,0.0,0.0,1.0,0.0,0.0,0.0,0.0,1.7702548442314383
2022-04-21 00:00:00+00:00,0.0,0.0,0.0,0.0,0.0,1.0,0.0,0.0,0.0,0.0,1.7702548442314383
2022-04-22 00:00:00+00:00,0.0,0.0,0.0,0.0,0.0,1.0,0.0,0.0,0.0,0.0,1.7702548442314383
2022-04-23 00:00:00+00:00,0.0,0.0,0.0,0.0,0.0,1.0,0.0,0.0,0.0,0.0,1.7702548442314383
2022-04-24 00:00:00+00:00,0.0,0.0,0.0,0.0,0.0,1.0,0.0,0.0,0.0,0.0,1.7702548442314383
2022-04-25 00:00:00+00:00,0.0,0.0,0.0,0.0,0.0,1.0,0.0,0.0,0.0,0.0,1.7702548442314383
2022-04-26 00:00:00+00:00,0.0,0.0,0.0,0.0,0.0,1.0,0.0,0.0,0.0,0.0,1.7702548442314383
2022-04-27 00:00:00+00:00,0.0,0.0,0.0,0.0,0.0,1.0,0.0,0.0,0.0,0.0,1.7702548442314383
2022-04-28 00:00:00+00:00,0.0,0.0,0.0,0.0,0.0,1.0,0.0,0.0,0.0,0.0,1.7702548442314383
2022-04-29 00:00:00+00:00,0.0,0.0,0.0,0.0,0.0,1.0,0.0,0.0,0.0,0.0,1.7702548442314383
2022-04-30 00:00:00+00:00,0.0,0.0,0.0,0.0,0.0,1.0,0.0,0.0,0.0,0.0,1.7702548442314383
2022-05-01 00:00:00+00:00,0.0,0.0,0.0,0.0,0.0,1.0,0.0,0.0,0.0,0.0,1.7702548442314383
2022-05-02 00:00:00+00:00,0.0,0.0,0.0,0.0,0.0,1.0,0.0,0.0,0.0,0.0,1.7702548442314383
2022-05-03 00:00:00+00:00,0.0,0.0,0.0,0.0,0.0,1.0,0.0,0.0,0.0,0.0,1.7702548442314383
2022-05-04 00:00:00+00:00,0.0,0.0,0.0,0.0,0.0,1.0,0.0,0.0,0.0,0.0,1.7702548442314383
2022-05-05 00:00:00+00:00,0.0,0.0,0.0,0.0,0.0,1.0,0.0,0.0,0.0,0.0,1.7702548442314383
2022-05-06 00:00:00+00:00,0.0,0.0,0.0,0.0,0.0,1.0,0.0,0.0,0.0,0.0,1.7702548442314383
2022-05-07 00:00:00+00:00,0.0,0.0,0.0,0.0,0.0,1.0,0.0,0.0,0.0,0.0,1.7702548442314383
2022-05-08 00:00:00+00:00,0.0,0.0,0.0,0.0,0.0,1.0,0.0,0.0,0.0,0.0,1.7702548442314383
2022-05-09 00:00:00+00:00,0.0,0.0,0.0,0.0,0.0,1.0,0.0,0.0,0.0,0.0,1.7702548442314383
2022-05-10 00:00:00+00:00,0.0,0.0,0.0,0.0,0.0,1.0,0.0,0.0,0.0,0.0,1.7702548442314383
2022-05-11 00:00:00+00:00,0.0,0.0,0.0,0.0,0.0,1.0,0.0,0.0,0.0,0.0,1.7702548442314383
2022-05-12 00:00:00+00:00,0.0,0.0,0.0,0.0,0.0,1.0,0.0,0.0,0.0,0.0,1.7702548442314383
2022-05-13 00:00:00+00:00,0.0,0.0,0.0,0.0,0.0,1.0,0.0,0.0,0.0,0.0,1.7702548442314383
2022-05-14 00:00:00+00:00,0.0,0.0,0.0,0.0,0.0,1.0,0.0,0.0,0.0,0.0,1.7702548442314383
2022-05-15 00:00:00+00:00,0.0,0.0,0.0,0.0,0.0,1.0,0.0,0.0,0.0,0.0,1.7702548442314383
2022-05-16 00:00:00+00:00,0.0,0.0,0.0,0.0,0.0,1.0,0.0,0.0,0.0,0.0,1.7702548442314383
2022-05-17 00:00:00+00:00,0.0,0.0,0.0,0.0,0.0,1.0,0.0,0.0,0.0,0.0,1.7702548442314383
2022-05-18 00:00:00+00:00,0.0,0.0,0.0,0.0,0.0,1.0,0.0,0.0,0.0,0.0,1.7702548442314383
2022-05-19 00:00:00+00:00,0.0,0.0,0.0,0.0,0.0,1.0,0.0,0.0,0.0,0.0,1.7702548442314383
2022-05-20 00:00:00+00:00,0.0,0.0,0.0,0.0,0.0,1.0,0.0,0.0,0.0,0.0,1.7702548442314383
2022-05-21 00:00:00+00:00,0.0,0.0,0.0,0.0,0.0,1.0,0.0,0.0,0.0,0.0,1.7702548442314383
2022-05-22 00:00:00+00:00,0.0,0.0,0.0,0.0,0.0,1.0,0.0,0.0,0.0,0.0,1.7702548442314383
2022-05-23 00:00:00+00:00,0.0,0.0,0.0,0.0,0.0,1.0,0.0,0.0,0.0,0.0,1.7702548442314383
2022-05-24 00:00:00+00:00,0.0,0.0,0.0,0.0,0.0,1.0,0.0,0.0,0.0,0.0,1.7702548442314383
2022-05-25 00:00:00+00:00,0.0,0.0,0.0,0.0,0.0,1.0,0.0,0.0,0.0,0.0,1.7702548442314383
2022-05-26 00:00:00+00:00,0.0,0.0,0.0,0.0,0.0,1.0,0.0,0.0,0.0,0.0,1.7702548442314383
2022-05-27 00:00:00+00:00,0.0,0.0,0.0,0.0,0.0,1.0,0.0,0.0,0.0,0.0,1.7702548442314383
2022-05-28 00:00:00+00:00,0.0,0.0,0.0,0.0,0.0,1.0,0.0,0.0,0.0,0.0,1.7702548442314383
2022-05-29 00:00:00+00:00,0.0,0.0,0.0,0.0,0.0,1.0,0.0,0.0,0.0,0.0,1.7702548442314383
2022-05-30 00:00:00+00:00,0.0,0.0,0.0,0.0,0.0,1.0,0.0,0.0,0.0,0.0,1.7702548442314383
2022-05-31 00:00:00+00:00,0.0,0.0,0.0,0.0,0.0,1.0,0.0,0.0,0.0,0.0,1.7702548442314383
2022-06-01 00:00:00+00:00,0.0,0.0,0.0,0.0,0.0,1.0,0.0,0.0,0.0,0.0,1.7702548442314383
2022-06-02 00:00:00+00:00,0.0,0.0,0.0,0.0,0.0,1.0,0.0,0.0,0.0,0.0,1.7702548442314383
2022-06-03 00:00:00+00:00,0.0,0.0,0.0,0.0,0.0,1.0,0.0,0.0,0.0,0.0,1.7702548442314383
2022-06-04 00:00:00+00:00,0.0,0.0,0.0,0.0,0.0,1.0,0.0,0.0,0.0,0.0,1.7702548442314383
2022-06-05 00:00:00+00:00,0.0,0.0,0.0,0.0,0.0,1.0,0.0,0.0,0.0,0.0,1.7702548442314383
2022-06-06 00:00:00+00:00,0.0,0.0,0.0,0.0,0.0,1.0,0.0,0.0,0.0,0.0,1.7702548442314383
2022-06-07 00:00:00+00:00,0.0,0.0,0.0,0.0,0.0,1.0,0.0,0.0,0.0,0.0,1.7702548442314383
2022-06-08 00:00:00+00:00,0.0,0.0,0.0,0.0,0.0,1.0,0.0,0.0,0.0,0.0,1.7702548442314383
2022-06-09 00:00:00+00:00,0.0,0.0,0.0,0.0,0.0,1.0,0.0,0.0,0.0,0.0,1.7702548442314383
2022-06-10 00:00:00+00:00,0.0,0.0,0.0,0.0,0.0,1.0,0.0,0.0,0.0,0.0,1.7702548442314383
2022-06-11 00:00:00+00:00,0.0,0.0,0.0,0.0,0.0,1.0,0.0,0.0,0.0,0.0,1.7702548442314383
2022-06-12 00:00:00+00:00,0.0,0.0,0.0,0.0,0.0,1.0,0.0,0.0,0.0,0.0,1.7702548442314383
2022-06-13 00:00:00+00:00,0.0,0.0,0.0,0.0,0.0,1.0,0.0,0.0,0.0,0.0,1.7702548442314383
2022-06-14 00:00:00+00:00,0.0,0.0,0.0,0.0,0.0,1.0,0.0,0.0,0.0,0.0,1.7702548442314383
2022-06-15 00:00:00+00:00,0.0,0.0,0.0,0.0,0.0,1.0,0.0,0.0,0.0,0.0,1.7702548442314383
2022-06-16 00:00:00+00:00,0.0,0.0,0.0,0.0,0.0,1.0,0.0,0.0,0.0,0.0,1.7702548442314383
2022-06-17 00:00:00+00:00,0.0,0.0,0.0,0.0,0.0,1.0,0.0,0.0,0.0,0.0,1.7702548442314383
2022-06-18 00:00:00+00:00,0.0,0.0,0.0,0.0,0.0,1.0,0.0,0.0,0.0,0.0,1.7702548442314383
2022-06-19 00:00:00+00:00,0.0,0.0,0.0,0.0,0.0,1.0,0.0,0.0,0.0,0.0,1.7702548442314383
2022-06-20 00:00:00+00:00,0.0,0.0,0.0,0.0,0.0,1.0,0.0,0.0,0.0,0.0,1.7702548442314383
2022-06-21 00:00:00+00:00,0.0,0.0,0.0,0.0,0.0,1.0,0.0,0.0,0.0,0.0,1.7702548442314383
2022-06-22 00:00:00+00:00,0.0,0.0,0.0,0.0,0.0,1.0,0.0,0.0,0.0,0.0,1.7702548442314383
2022-06-23 00:00:00+00:00,0.0,0.0,0.0,0.0,0.0,1.0,0.0,0.0,0.0,0.0,1.7702548442314383
2022-06-24 00:00:00+00:00,0.0,0.0,0.0,0.0,0.0,1.0,0.0,0.0,0.0,0.0,1.7702548442314383
2022-06-25 00:00:00+00:00,0.0,0.0,0.0,0.0,0.0,1.0,0.0,0.0,0.0,0.0,1.7702548442314383
2022-06-26 00:00:00+00:00,0.0,0.0,0.0,0.0,0.0,1.0,0.0,0.0,0.0,0.0,1.7702548442314383
2022-06-27 00:00:00+00:00,0.0,0.0,0.0,0.0,0.0,1.0,0.0,0.0,0.0,0.0,1.7702548442314383
2022-06-28 00:00:00+00:00,0.0,0.0,0.0,0.0,0.0,1.0,0.0,0.0,0.0,0.0,1.7702548442314383
2022-06-29 00:00:00+00:00,0.0,0.0,0.0,0.0,0.0,1.0,0.0,0.0,0.0,0.0,1.7702548442314383
2022-06-30 00:00:00+00:00,0.0,0.0,0.0,0.0,0.0,1.0,0.0,0.0,0.0,0.0,1.7702548442314383
2022-07-01 00:00:00+00:00,0.0,0.0,0.0,0.0,0.0,1.0,0.0,0.0,0.0,0.0,1.7702548442314383
2022-07-02 00:00:00+00:00,0.0,0.0,0.0,0.0,0.0,1.0,0.0,0.0,0.0,0.0,1.7702548442314383
2022-07-03 00:00:00+00:00,0.0,0.0,0.0,0.0,0.0,1.0,0.0,0.0,0.0,0.0,1.7702548442314383
2022-07-04 00:00:00+00:00,0.0,0.0,0.0,0.0,0.0,1.0,0.0,0.0,0.0,0.0,1.7702548442314383
2022-07-05 00:00:00+00:00,0.0,0.0,0.0,0.0,0.0,1.0,0.0,0.0,0.0,0.0,1.7702548442314383
2022-07-06 00:00:00+00:00,0.0,0.0,0.0,0.0,0.0,1.0,0.0,0.0,0.0,0.0,1.7702548442314383
2022-07-07 00:00:00+00:00,0.0,0.0,0.0,0.0,0.0,1.0,0.0,0.0,0.0,0.0,1.7702548442314383
2022-07-08 00:00:00+00:00,0.0,0.0,0.0,0.0,0.0,1.0,0.0,0.0,0.0,0.0,1.7702548442314383
2022-07-09 00:00:00+00:00,0.0,0.0,0.0,0.0,0.0,1.0,0.0,0.0,0.0,0.0,1.7702548442314383
2022-07-10 00:00:00+00:00,0.0,0.0,0.0,0.0,0.0,1.0,0.0,0.0,0.0,0.0,1.7702548442314383
2022-07-11 00:00:00+00:00,0.0,0.0,0.0,0.0,0.0,1.0,0.0,0.0,0.0,0.0,1.7702548442314383
2022-07-12 00:00:00+00:00,0.0,0.0,0.0,0.0,0.0,1.0,0.0,0.0,0.0,0.0,1.7702548442314383
2022-07-13 00:00:00+00:00,0.0,0.0,0.0,0.0,0.0,1.0,0.0,0.0,0.0,0.0,1.7702548442314383
2022-07-14 00:00:00+00:00,0.0,0.0,0.0,0.0,0.0,1.0,0.0,0.0,0.0,0.0,1.7702548442314383
2022-07-15 00:00:00+00:00,0.0,0.0,0.0,0.0,0.0,1.0,0.0,0.0,0.0,0.0,1.7702548442314383
2022-07-16 00:00:00+00:00,0.0,0.0,0.0,0.0,0.0,1.0,0.0,0.0,0.0,0.0,1.7702548442314383
2022-07-17 00:00:00+00:00,0.0,0.0,0.0,0.0,0.0,1.0,0.0,0.0,0.0,0.0,1.7702548442314383
2022-07-18 00:00:00+00:00,0.0,0.0,0.0,0.0,0.0,1.0,0.0,0.0,0.0,0.0,1.7702548442314383
2022-07-19 00:00:00+00:00,0.0,0.0,0.0,0.0,0.0,1.0,0.0,0.0,0.0,0.0,1.7702548442314383
2022-07-20 00:00:00+00:00,0.0,0.0,0.0,0.0,0.0,1.0,0.0,0.0,0.0,0.0,1.7702548442314383
2022-07-21 00:00:00+00:00,0.0,0.0,0.0,0.0,0.0,1.0,0.0,0.0,0.0,0.0,1.7702548442314383
2022-07-22 00:00:00+00:00,0.0,0.0,0.0,0.0,0.0,1.0,0.0,0.0,0.0,0.0,1.7702548442314383
2022-07-23 00:00:00+00:00,0.0,0.0,0.0,0.0,0.0,1.0,0.0,0.0,0.0,0.0,1.7702548442314383
2022-07-24 00:00:00+00:00,0.0,0.0,0.0,0.0,0.0,1.0,0.0,0.0,0.0,0.0,1.7702548442314383
2022-07-25 00:00:00+00:00,0.0,0.0,0.0,0.0,0.0,1.0,0.0,0.0,0.0,0.0,1.7702548442314383
2022-07-26 00:00:00+00:00,0.0,0.0,0.0,0.0,0.0,1.0,0.0,0.0,0.0,0.0,1.7702548442314383
2022-07-27 00:00:00+00:00,0.0,0.0,0.0,0.0,0.0,1.0,0.0,0.0,0.0,0.0,1.7702548442314383
2022-07-28 00:00:00+00:00,0.0,0.0,0.0,0.0,0.0,1.0,0.0,0.0,0.0,0.0,1.7702548442314383
2022-07-29 00:00:00+00:00,0.0,0.0,0.0,0.0,0.0,1.0,0.0,0.0,0.0,0.0,1.7702548442314383
2022-07-30 00:00:00+00:00,0.0,0.0,0.0,0.0,0.0,1.0,0.0,0.0,0.0,0.0,1.7702548442314383
2022-07-31 00:00:00+00:00,0.0,0.0,0.0,0.0,0.0,1.0,0.0,0.0,0.0,0.0,1.7702548442314383
2022-08-01 00:00:00+00:00,0.0,0.0,0.0,0.0,0.0,1.0,0.0,0.0,0.0,0.0,1.7702548442314383
2022-08-02 00:00:00+00:00,0.0,0.0,0.0,0.0,0.0,1.0,0.0,0.0,0.0,0.0,1.7702548442314383
2022-08-03 00:00:00+00:00,0.0,0.0,0.0,0.0,0.0,1.0,0.0,0.0,0.0,0.0,1.7702548442314383
2022-08-04 00:00:00+00:00,0.0,0.0,0.0,0.0,0.0,1.0,0.0,0.0,0.0,0.0,1.7702548442314383
2022-08-05 00:00:00+00:00,0.0,0.0,0.0,0.0,0.0,1.0,0.0,0.0,0.0,0.0,1.7702548442314383
2022-08-06 00:00:00+00:00,0.0,0.0,0.0,0.0,0.0,1.0,0.0,0.0,0.0,0.0,1.7702548442314383
2022-08-07 00:00:00+00:00,0.0,0.0,0.0,0.0,0.0,1.0,0.0,0.0,0.0,0.0,1.7702548442314383
2022-08-08 00:00:00+00:00,0.0,0.0,0.0,0.0,0.0,1.0,0.0,0.0,0.0,0.0,1.7702548442314383
2022-08-09 00:00:00+00:00,0.0,0.0,0.0,0.0,0.0,1.0,0.0,0.0,0.0,0.0,1.7702548442314383
2022-08-10 00:00:00+00:00,0.0,0.0,0.0,0.0,0.0,1.0,0.0,0.0,0.0,0.0,1.7702548442314383
2022-08-11 00:00:00+00:00,0.0,0.0,0.0,0.0,0.0,1.0,0.0,0.0,0.0,0.0,1.7702548442314383
2022-08-12 00:00:00+00:00,0.0,0.0,0.0,0.0,0.0,1.0,0.0,0.0,0.0,0.0,1.7702548442314383
2022-08-13 00:00:00+00:00,0.0,0.0,0.0,0.0,0.0,1.0,0.0,0.0,0.0,0.0,1.7702548442314383
2022-08-14 00:00:00+00:00,0.0,0.0,0.0,0.0,0.0,1.0,0.0,0.0,0.0,0.0,1.7702548442314383
2022-08-15 00:00:00+00:00,0.0,0.0,0.0,0.0,0.0,1.0,0.0,0.0,0.0,0.0,1.7702548442314383
2022-08-16 00:00:00+00:00,0.0,0.0,0.0,0.0,0.0,1.0,0.0,0.0,0.0,0.0,1.7702548442314383
2022-08-17 00:00:00+00:00,0.0,0.0,0.0,0.0,0.0,1.0,0.0,0.0,0.0,0.0,1.7702548442314383
2022-08-18 00:00:00+00:00,0.0,0.0,0.0,0.0,0.0,1.0,0.0,0.0,0.0,0.0,1.7702548442314383
2022-08-19 00:00:00+00:00,0.0,0.0,0.0,0.0,0.0,1.0,0.0,0.0,0.0,0.0,1.7702548442314383
2022-08-20 00:00:00+00:00,0.0,0.0,0.0,0.0,0.0,1.0,0.0,0.0,0.0,0.0,1.7702548442314383
2022-08-21 00:00:00+00:00,0.0,0.0,0.0,0.0,0.0,1.0,0.0,0.0,0.0,0.0,1.7702548442314383
2022-08-22 00:00:00+00:00,0.0,0.0,0.0,0.0,0.0,1.0,0.0,0.0,0.0,0.0,1.7702548442314383
2022-08-23 00:00:00+00:00,0.0,0.0,0.0,0.0,0.0,1.0,0.0,0.0,0.0,0.0,1.7702548442314383
2022-08-24 00:00:00+00:00,0.0,0.0,0.0,0.0,0.0,1.0,0.0,0.0,0.0,0.0,1.7702548442314383
2022-08-25 00:00:00+00:00,0.0,0.0,0.0,0.0,0.0,1.0,0.0,0.0,0.0,0.0,1.7702548442314383
2022-08-26 00:00:00+00:00,0.0,0.0,0.0,0.0,0.0,1.0,0.0,0.0,0.0,0.0,1.7702548442314383
2022-08-27 00:00:00+00:00,0.0,0.0,0.0,0.0,0.0,1.0,0.0,0.0,0.0,0.0,1.7702548442314383
2022-08-28 00:00:00+00:00,0.0,0.0,0.0,0.0,0.0,1.0,0.0,0.0,0.0,0.0,1.7702548442314383
2022-08-29 00:00:00+00:00,0.0,0.0,0.0,0.0,0.0,1.0,0.0,0.0,0.0,0.0,1.7702548442314383
2022-08-30 00:00:00+00:00,0.0,0.0,0.0,0.0,0.0,1.0,0.0,0.0,0.0,0.0,1.7702548442314383
2022-08-31 00:00:00+00:00,0.0,0.0,0.0,0.0,0.0,1.0,0.0,0.0,0.0,0.0,1.7702548442314383
2022-09-01 00:00:00+00:00,0.0,0.0,0.0,0.0,0.0,1.0,0.0,0.0,0.0,0.0,1.7702548442314383
2022-09-02 00:00:00+00:00,0.0,0.0,0.0,0.0,0.0,1.0,0.0,0.0,0.0,0.0,1.7702548442314383
2022-09-03 00:00:00+00:00,0.0,0.0,0.0,0.0,0.0,1.0,0.0,0.0,0.0,0.0,1.7702548442314383
2022-09-04 00:00:00+00:00,0.0,0.0,0.0,0.0,0.0,1.0,0.0,0.0,0.0,0.0,1.7702548442314383
2022-09-05 00:00:00+00:00,0.0,0.0,0.0,0.0,0.0,1.0,0.0,0.0,0.0,0.0,1.7702548442314383
2022-09-06 00:00:00+00:00,0.0,0.0,0.0,0.0,0.0,1.0,0.0,0.0,0.0,0.0,1.7702548442314383
2022-09-07 00:00:00+00:00,0.0,0.0,0.0,0.0,0.0,1.0,0.0,0.0,0.0,0.0,1.7702548442314383
2022-09-08 00:00:00+00:00,0.0,0.0,0.0,0.0,0.0,1.0,0.0,0.0,0.0,0.0,1.7702548442314383
2022-09-09 00:00:00+00:00,0.0,0.0,0.0,0.0,0.0,1.0,0.0,0.0,0.0,0.0,1.7702548442314383
2022-09-10 00:00:00+00:00,0.0,0.0,0.0,0.0,0.0,1.0,0.0,0.0,0.0,0.0,1.7702548442314383
2022-09-11 00:00:00+00:00,0.0,0.0,0.0,0.0,0.0,1.0,0.0,0.0,0.0,0.0,1.7702548442314383
2022-09-12 00:00:00+00:00,0.0,0.0,0.0,0.0,0.0,1.0,0.0,0.0,0.0,0.0,1.7702548442314383
2022-09-13 00:00:00+00:00,0.0,0.0,0.0,0.0,0.0,1.0,0.0,0.0,0.0,0.0,1.7702548442314383
2022-09-14 00:00:00+00:00,0.0,0.0,0.0,0.0,0.0,1.0,0.0,0.0,0.0,0.0,1.7702548442314383
2022-09-15 00:00:00+00:00,0.0,0.0,0.0,0.0,0.0,1.0,0.0,0.0,0.0,0.0,1.7702548442314383
2022-09-16 00:00:00+00:00,0.0,0.0,0.0,0.0,0.0,1.0,0.0,0.0,0.0,0.0,1.7702548442314383
2022-09-17 00:00:00+00:00,0.0,0.0,0.0,0.0,0.0,1.0,0.0,0.0,0.0,0.0,1.7702548442314383
2022-09-18 00:00:00+00:00,0.0,0.0,0.0,0.0,0.0,1.0,0.0,0.0,0.0,0.0,1.7702548442314383
2022-09-19 00:00:00+00:00,0.0,0.0,0.0,0.0,0.0,1.0,0.0,0.0,0.0,0.0,1.7702548442314383
2022-09-20 00:00:00+00:00,0.0,0.0,0.0,0.0,0.0,1.0,0.0,0.0,0.0,0.0,1.7702548442314383
2022-09-21 00:00:00+00:00,0.0,0.0,0.0,0.0,0.0,1.0,0.0,0.0,0.0,0.0,1.7702548442314383
2022-09-22 00:00:00+00:00,0.0,0.0,0.0,0.0,0.0,1.0,0.0,0.0,0.0,0.0,1.7702548442314383
2022-09-23 00:00:00+00:00,0.0,0.0,0.0,0.0,0.0,1.0,0.0,0.0,0.0,0.0,1.7702548442314383
2022-09-24 00:00:00+00:00,0.0,0.0,0.0,0.0,0.0,1.0,0.0,0.0,0.0,0.0,1.7702548442314383
2022-09-25 00:00:00+00:00,0.0,0.0,0.0,0.0,0.0,1.0,0.0,0.0,0.0,0.0,1.7702548442314383
2022-09-26 00:00:00+00:00,0.0,0.0,0.0,0.0,0.0,1.0,0.0,0.0,0.0,0.0,1.7702548442314383
2022-09-27 00:00:00+00:00,0.0,0.0,0.0,0.0,0.0,1.0,0.0,0.0,0.0,0.0,1.7702548442314383
2022-09-28 00:00:00+00:00,0.0,0.0,0.0,0.0,0.0,1.0,0.0,0.0,0.0,0.0,1.7702548442314383
2022-09-29 00:00:00+00:00,0.0,0.0,0.0,0.0,0.0,1.0,0.0,0.0,0.0,0.0,1.7702548442314383
2022-09-30 00:00:00+00:00,0.0,0.0,0.0,0.0,0.0,1.0,0.0,0.0,0.0,0.0,1.7702548442314383
2022-10-01 00:00:00+00:00,0.0,0.0,0.0,0.0,0.0,1.0,0.0,0.0,0.0,0.0,1.7702548442314383
2022-10-02 00:00:00+00:00,0.0,0.0,0.0,0.0,0.0,1.0,0.0,0.0,0.0,0.0,1.7702548442314383
2022-10-03 00:00:00+00:00,0.0,0.0,0.0,0.0,0.0,1.0,0.0,0.0,0.0,0.0,1.7702548442314383
2022-10-04 00:00:00+00:00,0.0,0.0,0.0,0.0,0.0,1.0,0.0,0.0,0.0,0.0,1.7702548442314383
2022-10-05 00:00:00+00:00,0.0,0.0,0.0,0.0,0.0,1.0,0.0,0.0,0.0,0.0,1.7702548442314383
2022-10-06 00:00:00+00:00,0.0,0.0,0.0,0.0,0.0,1.0,0.0,0.0,0.0,0.0,1.7702548442314383
2022-10-07 00:00:00+00:00,0.0,0.0,0.0,0.0,0.0,1.0,0.0,0.0,0.0,0.0,1.7702548442314383
2022-10-08 00:00:00+00:00,0.0,0.0,0.0,0.0,0.0,1.0,0.0,0.0,0.0,0.0,1.7702548442314383
2022-10-09 00:00:00+00:00,0.0,0.0,0.0,0.0,0.0,1.0,0.0,0.0,0.0,0.0,1.7702548442314383
2022-10-10 00:00:00+00:00,0.0,0.0,0.0,0.0,0.0,1.0,0.0,0.0,0.0,0.0,1.7702548442314383
2022-10-11 00:00:00+00:00,0.0,0.0,0.0,0.0,0.0,1.0,0.0,0.0,0.0,0.0,1.7702548442314383
2022-10-12 00:00:00+00:00,0.0,0.0,0.0,0.0,0.0,1.0,0.0,0.0,0.0,0.0,1.7702548442314383
2022-10-13 00:00:00+00:00,0.0,0.0,0.0,0.0,0.0,1.0,0.0,0.0,0.0,0.0,1.7702548442314383
2022-10-14 00:00:00+00:00,0.0,0.0,0.0,0.0,0.0,1.0,0.0,0.0,0.0,0.0,1.7702548442314383
2022-10-15 00:00:00+00:00,0.0,0.0,0.0,0.0,0.0,1.0,0.0,0.0,0.0,0.0,1.7702548442314383
2022-10-16 00:00:00+00:00,0.0,0.0,0.0,0.0,0.0,1.0,0.0,0.0,0.0,0.0,1.7702548442314383
2022-10-17 00:00:00+00:00,0.0,0.0,0.0,0.0,0.0,1.0,0.0,0.0,0.0,0.0,1.7702548442314383
2022-10-18 00:00:00+00:00,0.0,0.0,0.0,0.0,0.0,1.0,0.0,0.0,0.0,0.0,1.7702548442314383
2022-10-19 00:00:00+00:00,0.0,0.0,0.0,0.0,0.0,1.0,0.0,0.0,0.0,0.0,1.7702548442314383
2022-10-20 00:00:00+00:00,0.0,0.0,0.0,0.0,0.0,1.0,0.0,0.0,0.0,0.0,1.7702548442314383
2022-10-21 00:00:00+00:00,0.0,0.0,0.0,0.0,0.0,1.0,0.0,0.0,0.0,0.0,1.7702548442314383
2022-10-22 00:00:00+00:00,0.0,0.0,0.0,0.0,0.0,1.0,0.0,0.0,0.0,0.0,1.7702548442314383
2022-10-23 00:00:00+00:00,0.0,0.0,0.0,0.0,0.0,1.0,0.0,0.0,0.0,0.0,1.7702548442314383
2022-10-24 00:00:00+00:00,0.0,0.0,0.0,0.0,0.0,1.0,0.0,0.0,0.0,0.0,1.7702548442314383
2022-10-25 00:00:00+00:00,0.0,0.0,0.0,0.0,0.0,1.0,0.0,0.0,0.0,0.0,1.7702548442314383
2022-10-26 00:00:00+00:00,0.0,0.0,0.0,0.0,0.0,1.0,0.0,0.0,0.0,0.0,1.7702548442314383
2022-10-27 00:00:00+00:00,0.0,0.0,0.0,0.0,0.0,1.0,0.0,0.0,0.0,0.0,1.7702548442314383
2022-10-28 00:00:00+00:00,0.0,0.0,0.0,0.0,0.0,1.0,0.0,0.0,0.0,0.0,1.7702548442314383
2022-10-29 00:00:00+00:00,0.0,0.0,0.0,0.0,0.0,1.0,0.0,0.0,0.0,0.0,1.7702548442314383
2022-10-30 00:00:00+00:00,0.0,0.0,0.0,0.0,0.0,1.0,0.0,0.0,0.0,0.0,1.7702548442314383
2022-10-31 00:00:00+00:00,0.0,0.0,0.0,0.0,0.0,1.0,0.0,0.0,0.0,0.0,1.7702548442314383
2022-11-01 00:00:00+00:00,0.0,0.0,0.0,0.0,0.0,1.0,0.0,0.0,0.0,0.0,1.7702548442314383
2022-11-02 00:00:00+00:00,0.0,0.0,0.0,0.0,0.0,1.0,0.0,0.0,0.0,0.0,1.7702548442314383
2022-11-03 00:00:00+00:00,0.0,0.0,0.0,0.0,0.0,1.0,0.0,0.0,0.0,0.0,1.7702548442314383
2022-11-04 00:00:00+00:00,0.0,0.0,0.0,0.0,0.0,1.0,0.0,0.0,0.0,0.0,1.7702548442314383
2022-11-05 00:00:00+00:00,0.0,0.0,0.0,0.0,0.0,1.0,0.0,0.0,0.0,0.0,1.7702548442314383
2022-11-06 00:00:00+00:00,0.0,0.0,0.0,0.0,0.0,1.0,0.0,0.0,0.0,0.0,1.7702548442314383
2022-11-07 00:00:00+00:00,-0.0014969758397770372,-0.000811890759542062,0.0006856417464332636,0.3428208732166318,0.3422868820137091,0.6577131179862908,0.0,0.0,0.0,0.3422868820137091,1.7676048154993755
2022-11-08 00:00:00+00:00,-0.009750605541043345,-0.009750605541043364,0.0,0.0,0.3358106334963768,0.6641893665036231,0.0,0.0,0.0,0.3358106334963768,1.7503695981909924
2022-11-09 00:00:00+00:00,-0.06184905681072539,-0.061849056810725424,0.0,0.0,0.2920229187792639,0.707977081220736,0.0,0.0,0.0,0.2920229187792639,1.642110889472711
2022-11-10 00:00:00+00:00,0.04045244475789134,0.04045244475789131,0.0,0.0,0.31954883206076823,0.6804511679392315,0.0,0.0,0.0,0.31954883206076823,1.7085382895154377
2022-11-11 00:00:00+00:00,-0.014395984870873235,-0.014395984870873206,0.0,0.0,0.3096099878914516,0.6903900121085482,0.0,0.0,0.0,0.3096099878914516,1.6839421981482658
2022-11-12 00:00:00+00:00,-0.007996125720337033,-0.007996125720337076,0.0,0.0,0.304045044572159,0.6959549554278408,0.0,0.0,0.0,0.304045044572159,1.6704771846260915
2022-11-13 00:00:00+00:00,-0.0069858352411418245,-0.006985835241141858,0.0,0.0,0.2991490150627956,0.7008509849372041,0.0,0.0,0.0,0.2991490150627956,1.6588075062402072
2022-11-14 00:00:00+00:00,-0.0005982980301255658,0.0,0.0005982980301255913,0.2991490150627956,0.0,1.0,0.0,0.0,0.0,0.0,1.6578150449768663
2022-11-15 00:00:00+00:00,0.0,0.0,0.0,0.0,0.0,1.0,0.0,0.0,0.0,0.0,1.6578150449768663
2022-11-16 00:00:00+00:00,0.0,0.0,0.0,0.0,0.0,1.0,0.0,0.0,0.0,0.0,1.6578150449768663
2022-11-17 00:00:00+00:00,0.0,0.0,0.0,0.0,0.0,1.0,0.0,0.0,0.0,0.0,1.6578150449768663
2022-11-18 00:00:00+00:00,0.0,0.0,0.0,0.0,0.0,1.0,0.0,0.0,0.0,0.0,1.6578150449768663
2022-11-19 00:00:00+00:00,0.0,0.0,0.0,0.0,0.0,1.0,0.0,0.0,0.0,0.0,1.6578150449768663
2022-11-20 00:00:00+00:00,0.0,0.0,0.0,0.0,0.0,1.0,0.0,0.0,0.0,0.0,1.6578150449768663
2022-11-21 00:00:00+00:00,0.0,0.0,0.0,0.0,0.0,1.0,0.0,0.0,0.0,0.0,1.6578150449768663
2022-11-22 00:00:00+00:00,0.0,0.0,0.0,0.0,0.0,1.0,0.0,0.0,0.0,0.0,1.6578150449768663
2022-11-23 00:00:00+00:00,0.0,0.0,0.0,0.0,0.0,1.0,0.0,0.0,0.0,0.0,1.6578150449768663
2022-11-24 00:00:00+00:00,0.0,0.0,0.0,0.0,0.0,1.0,0.0,0.0,0.0,0.0,1.6578150449768663
2022-11-25 00:00:00+00:00,0.0,0.0,0.0,0.0,0.0,1.0,0.0,0.0,0.0,0.0,1.6578150449768663
2022-11-26 00:00:00+00:00,0.0,0.0,0.0,0.0,0.0,1.0,0.0,0.0,0.0,0.0,1.6578150449768663
2022-11-27 00:00:00+00:00,0.0,0.0,0.0,0.0,0.0,1.0,0.0,0.0,0.0,0.0,1.6578150449768663
2022-11-28 00:00:00+00:00,0.0,0.0,0.0,0.0,0.0,1.0,0.0,0.0,0.0,0.0,1.6578150449768663
2022-11-29 00:00:00+00:00,0.0,0.0,0.0,0.0,0.0,1.0,0.0,0.0,0.0,0.0,1.6578150449768663
2022-11-30 00:00:00+00:00,0.0,0.0,0.0,0.0,0.0,1.0,0.0,0.0,0.0,0.0,1.6578150449768663
2022-12-01 00:00:00+00:00,0.0,0.0,0.0,0.0,0.0,1.0,0.0,0.0,0.0,0.0,1.6578150449768663
2022-12-02 00:00:00+00:00,0.0,0.0,0.0,0.0,0.0,1.0,0.0,0.0,0.0,0.0,1.6578150449768663
2022-12-03 00:00:00+00:00,0.0,0.0,0.0,0.0,0.0,1.0,0.0,0.0,0.0,0.0,1.6578150449768663
2022-12-04 00:00:00+00:00,0.0,0.0,0.0,0.0,0.0,1.0,0.0,0.0,0.0,0.0,1.6578150449768663
2022-12-05 00:00:00+00:00,-0.0025633846731680787,-0.0021788907457822256,0.00038533352704197155,0.19266676352098577,0.19090383136670283,0.8090961686332973,0.0,0.0,0.0,0.19090383136670283,1.6535654272996252
2022-12-06 00:00:00+00:00,0.00112490992486447,0.001124909924864461,0.0,0.0,0.19181296897904504,0.808187031020955,0.0,0.0,0.0,0.19181296897904504,1.6554255394602073
2022-12-07 00:00:00+00:00,-0.0039658091449836785,-0.003965809144983693,0.0,0.0,0.1885950919745129,0.8114049080254871,0.0,0.0,0.0,0.1885950919745129,1.6488604377169764
2022-12-08 00:00:00+00:00,0.004114319388606624,0.0041143193886065245,0.0,0.0,0.19191979204166504,0.8080802079583349,0.0,0.0,0.0,0.19191979204166504,1.6556443761849817
2022-12-09 00:00:00+00:00,-0.0028417875543359505,-0.0028417875543359276,0.0,0.0,0.1896168553068324,0.8103831446931676,0.0,0.0,0.0,0.1896168553068324,1.650939386602333
2022-12-10 00:00:00+00:00,0.001391804949822939,0.001391804949822948,0.0,0.0,0.19074318295047987,0.8092568170495201,0.0,0.0,0.0,0.19074318295047987,1.6532371722124637
2022-12-11 00:00:00+00:00,-0.0024488194896488125,-0.0024488194896487674,0.0,0.0,0.18875659428772262,0.8112434057122774,0.0,0.0,0.0,0.18875659428772262,1.649188692804138
2022-12-12 00:00:00+00:00,-0.00037751318857548455,0.0,0.00037751318857544525,0.18875659428772262,0.0,1.0,0.0,0.0,0.0,0.0,1.6485661023221547
2022-12-13 00:00:00+00:00,0.0,0.0,0.0,0.0,0.0,1.0,0.0,0.0,0.0,0.0,1.6485661023221547
2022-12-14 00:00:00+00:00,0.0,0.0,0.0,0.0,0.0,1.0,0.0,0.0,0.0,0.0,1.6485661023221547
2022-12-15 00:00:00+00:00,0.0,0.0,0.0,0.0,0.0,1.0,0.0,0.0,0.0,0.0,1.6485661023221547
2022-12-16 00:00:00+00:00,0.0,0.0,0.0,0.0,0.0,1.0,0.0,0.0,0.0,0.0,1.6485661023221547
2022-12-17 00:00:00+00:00,0.0,0.0,0.0,0.0,0.0,1.0,0.0,0.0,0.0,0.0,1.6485661023221547
2022-12-18 00:00:00+00:00,0.0,0.0,0.0,0.0,0.0,1.0,0.0,0.0,0.0,0.0,1.6485661023221547
2022-12-19 00:00:00+00:00,0.0,0.0,0.0,0.0,0.0,1.0,0.0,0.0,0.0,0.0,1.6485661023221547
2022-12-20 00:00:00+00:00,0.0,0.0,0.0,0.0,0.0,1.0,0.0,0.0,0.0,0.0,1.6485661023221547
2022-12-21 00:00:00+00:00,0.0,0.0,0.0,0.0,0.0,1.0,0.0,0.0,0.0,0.0,1.6485661023221547
2022-12-22 00:00:00+00:00,0.0,0.0,0.0,0.0,0.0,1.0,0.0,0.0,0.0,0.0,1.6485661023221547
2022-12-23 00:00:00+00:00,0.0,0.0,0.0,0.0,0.0,1.0,0.0,0.0,0.0,0.0,1.6485661023221547
2022-12-24 00:00:00+00:00,0.0,0.0,0.0,0.0,0.0,1.0,0.0,0.0,0.0,0.0,1.6485661023221547
2022-12-25 00:00:00+00:00,0.0,0.0,0.0,0.0,0.0,1.0,0.0,0.0,0.0,0.0,1.6485661023221547
2022-12-26 00:00:00+00:00,0.0,0.0,0.0,0.0,0.0,1.0,0.0,0.0,0.0,0.0,1.6485661023221547
2022-12-27 00:00:00+00:00,0.0,0.0,0.0,0.0,0.0,1.0,0.0,0.0,0.0,0.0,1.6485661023221547
2022-12-28 00:00:00+00:00,0.0,0.0,0.0,0.0,0.0,1.0,0.0,0.0,0.0,0.0,1.6485661023221547
2022-12-29 00:00:00+00:00,0.0,0.0,0.0,0.0,0.0,1.0,0.0,0.0,0.0,0.0,1.6485661023221547
2022-12-30 00:00:00+00:00,0.0,0.0,0.0,0.0,0.0,1.0,0.0,0.0,0.0,0.0,1.6485661023221547
2022-12-31 00:00:00+00:00,0.0,0.0,0.0,0.0,0.0,1.0,0.0,0.0,0.0,0.0,1.6485661023221547
2023-01-01 00:00:00+00:00,0.0,0.0,0.0,0.0,0.0,1.0,0.0,0.0,0.0,0.0,1.6485661023221547
2023-01-02 00:00:00+00:00,0.0,0.0,0.0,0.0,0.0,1.0,0.0,0.0,0.0,0.0,1.6485661023221547
2023-01-03 00:00:00+00:00,0.0,0.0,0.0,0.0,0.0,1.0,0.0,0.0,0.0,0.0,1.6485661023221547
2023-01-04 00:00:00+00:00,0.0,0.0,0.0,0.0,0.0,1.0,0.0,0.0,0.0,0.0,1.6485661023221547
2023-01-05 00:00:00+00:00,0.0,0.0,0.0,0.0,0.0,1.0,0.0,0.0,0.0,0.0,1.6485661023221547
2023-01-06 00:00:00+00:00,0.0,0.0,0.0,0.0,0.0,1.0,0.0,0.0,0.0,0.0,1.6485661023221547
2023-01-07 00:00:00+00:00,0.0,0.0,0.0,0.0,0.0,1.0,0.0,0.0,0.0,0.0,1.6485661023221547
2023-01-08 00:00:00+00:00,0.0,0.0,0.0,0.0,0.0,1.0,0.0,0.0,0.0,0.0,1.6485661023221547
2023-01-09 00:00:00+00:00,0.0,0.0,0.0,0.0,0.0,1.0,0.0,0.0,0.0,0.0,1.6485661023221547
2023-01-10 00:00:00+00:00,0.0,0.0,0.0,0.0,0.0,1.0,0.0,0.0,0.0,0.0,1.6485661023221547
2023-01-11 00:00:00+00:00,0.0,0.0,0.0,0.0,0.0,1.0,0.0,0.0,0.0,0.0,1.6485661023221547
2023-01-12 00:00:00+00:00,0.0,0.0,0.0,0.0,0.0,1.0,0.0,0.0,0.0,0.0,1.6485661023221547
2023-01-13 00:00:00+00:00,0.0,0.0,0.0,0.0,0.0,1.0,0.0,0.0,0.0,0.0,1.6485661023221547
2023-01-14 00:00:00+00:00,0.0,0.0,0.0,0.0,0.0,1.0,0.0,0.0,0.0,0.0,1.6485661023221547
2023-01-15 00:00:00+00:00,0.0,0.0,0.0,0.0,0.0,1.0,0.0,0.0,0.0,0.0,1.6485661023221547
2023-01-16 00:00:00+00:00,0.00016903502961529426,0.0007640571919736855,0.0005945678784946343,0.29728393924731716,0.2978204445866876,0.7021795554133125,0.0,0.15086472941628962,0.0,0.146955715170398,1.6488447677420834
2023-01-17 00:00:00+00:00,-0.0008921202402666362,-0.000892120240266664,0.0,0.0,0.2971934566443682,0.7028065433556319,0.0,0.1499097504241142,0.0,0.147283706220254,1.647373799951723
2023-01-18 00:00:00+00:00,-0.011429750375089975,-0.011429750375090007,0.0,0.0,0.2890676776665134,0.7109323223334866,0.0,0.14640083023377384,0.0,0.14266684743273958,1.6285447286438115
2023-01-19 00:00:00+00:00,0.007771746964664761,0.007771746964664799,0.0,0.0,0.2945502545841725,0.7054497454158276,0.0,0.14908276787463393,0.0,0.14546748670953855,1.6412013661954699
2023-01-20 00:00:00+00:00,0.015511264847871464,0.01551126484787145,0.0,0.0,0.30532553420615444,0.6946744657938456,0.0,0.1569744736967881,0.0,0.14835106050936633,1.6666584752552163
2023-01-21 00:00:00+00:00,-0.005934763364272566,-0.00593476336427257,0.0,0.0,0.3011781921427284,0.6988218078572717,0.0,0.15487628944655235,0.0,0.14630190269617604,1.6567672515955172
2023-01-22 00:00:00+00:00,0.002030826932293728,0.0020308269322938,0.0,0.0,0.30259450201077476,0.6974054979892255,0.0,0.15463651465904818,0.0,0.14795798735172655,1.6601318591505996
2023-01-23 00:00:00+00:00,0.0015709169831135128,0.002025717747622335,0.00045388132904523296,0.22694066452261646,0.366358956850301,0.633641043149699,0.14576527857070914,0.1111355858058866,0.0,0.10945809247370523,1.6627397884823472
2023-01-24 00:00:00+00:00,-0.0083803834027949,-0.008380383402794945,0.0,0.0,0.3610039247467979,0.638996075253202,0.14516357188261447,0.10722941377485075,0.0,0.1086109390893327,1.648805391555783
2023-01-25 00:00:00+00:00,0.008993220426233295,0.00899322042623324,0.0,0.0,0.36669933720340725,0.6333006627965926,0.1465935383095077,0.1100971383314408,0.0,0.11000866056245878,1.6636334618820061
2023-01-26 00:00:00+00:00,-0.0018179163355781514,-0.0018179163355781878,0.0,0.0,0.3655459528268775,0.6344540471731223,0.14653718918557965,0.10955387067388339,0.0,0.10945489296741451,1.6606091154352365
2023-01-27 00:00:00+00:00,0.0013225306346473786,0.001322530634647341,0.0,0.0,0.3663839294907309,0.6336160705092688,0.14675393519921412,0.10917205260126171,0.0,0.1104579416902551,1.6628053218625742
2023-01-28 00:00:00+00:00,-0.0027243080756110816,-0.002724308075611069,0.0,0.0,0.3646530486603816,0.6353469513396183,0.14681835482107844,0.10772230550574863,0.0,0.1101123883335545,1.658275327896055
2023-01-29 00:00:00+00:00,0.013500786844506285,0.01350078684450625,0.0,0.0,0.37311646958090133,0.6268835304190985,0.1494056057010513,0.1111977490212826,0.0,0.11251311485856748,1.6806633496274834
2023-01-30 00:00:00+00:00,-0.015923192128435515,-0.015507319196026912,0.00042242358985241437,0.21121179492620717,0.3492100269482869,0.650789973051713,0.1754409205472022,0.1737691064010847,0.0,0.0,1.653901824208145
2023-01-31 00:00:00+00:00,0.00440860326426562,0.00440860326426561,0.0,0.0,0.35206650865326516,0.6479334913467348,0.17694919361738892,0.17511731503587621,0.0,0.0,1.6611932211891238
2023-02-01 00:00:00+00:00,0.010863664732234879,0.010863664732234917,0.0,0.0,0.359029794073799,0.640970205926201,0.1796368212135301,0.1793929728602689,0.0,0.0,1.6792398673995839
2023-02-02 00:00:00+00:00,-0.0016739957825102625,-0.0016739957825102787,0.0,0.0,0.3579550134741729,0.6420449865258271,0.17810252000446145,0.17985249346971147,0.0,0.0,1.676428826943734
2023-02-03 00:00:00+00:00,0.0017974915614549225,0.0017974915614548908,0.0,0.0,0.35910701320972405,0.640892986790276,0.1773482879969701,0.18175872521275394,0.0,0.0,1.679442193613545
2023-02-04 00:00:00+00:00,-0.0004753774598554861,-0.00047537745985543756,0.0,0.0,0.358802202229355,0.6411977977706451,0.1766433022164999,0.18215890001285506,0.0,0.0,1.678643824649571
2023-02-05 00:00:00+00:00,-0.007075291051742649,-0.0070752910517427,0.0,0.0,0.35423321426875803,0.645766785731242,0.17489155794814737,0.17934165632061067,0.0,0.0,1.6667669310179647
2023-02-06 00:00:00+00:00,-0.000708466428537502,0.0,0.0007084664285375161,0.35423321426875803,0.0,1.0,0.0,0.0,0.0,0.0,1.665586082603142
2023-02-07 00:00:00+00:00,0.0,0.0,0.0,0.0,0.0,1.0,0.0,0.0,0.0,0.0,1.665586082603142
2023-02-08 00:00:00+00:00,0.0,0.0,0.0,0.0,0.0,1.0,0.0,0.0,0.0,0.0,1.665586082603142
2023-02-09 00:00:00+00:00,0.0,0.0,0.0,0.0,0.0,1.0,0.0,0.0,0.0,0.0,1.665586082603142
2023-02-10 00:00:00+00:00,0.0,0.0,0.0,0.0,0.0,1.0,0.0,0.0,0.0,0.0,1.665586082603142
2023-02-11 00:00:00+00:00,0.0,0.0,0.0,0.0,0.0,1.0,0.0,0.0,0.0,0.0,1.665586082603142
2023-02-12 00:00:00+00:00,0.0,0.0,0.0,0.0,0.0,1.0,0.0,0.0,0.0,0.0,1.665586082603142
2023-02-13 00:00:00+00:00,0.0,0.0,0.0,0.0,0.0,1.0,0.0,0.0,0.0,0.0,1.665586082603142
2023-02-14 00:00:00+00:00,0.0,0.0,0.0,0.0,0.0,1.0,0.0,0.0,0.0,0.0,1.665586082603142
2023-02-15 00:00:00+00:00,0.0,0.0,0.0,0.0,0.0,1.0,0.0,0.0,0.0,0.0,1.665586082603142
2023-02-16 00:00:00+00:00,0.0,0.0,0.0,0.0,0.0,1.0,0.0,0.0,0.0,0.0,1.665586082603142
2023-02-17 00:00:00+00:00,0.0,0.0,0.0,0.0,0.0,1.0,0.0,0.0,0.0,0.0,1.665586082603142
2023-02-18 00:00:00+00:00,0.0,0.0,0.0,0.0,0.0,1.0,0.0,0.0,0.0,0.0,1.665586082603142
2023-02-19 00:00:00+00:00,0.0,0.0,0.0,0.0,0.0,1.0,0.0,0.0,0.0,0.0,1.665586082603142
2023-02-20 00:00:00+00:00,0.005019703643146078,0.005699451693107195,0.0006758958144172527,0.3379479072086264,0.3416998570728055,0.6583001429271944,0.11749314406631202,0.10770929687657775,0.0,0.11649741612991572,1.6739468311299583
2023-02-21 00:00:00+00:00,-0.006087425922080447,-0.006087425922080405,0.0,0.0,0.3376679598425265,0.6623320401574735,0.1163417272214361,0.1056013376086142,0.0,0.11572489501247621,1.6637568037979533
2023-02-22 00:00:00+00:00,-0.001963316104165669,-0.0019633161041656593,0.0,0.0,0.3363650346277237,0.6636349653722763,0.11529068688132098,0.10474956191738298,0.0,0.11632478582901974,1.6604903232716417
2023-02-23 00:00:00+00:00,-0.0022473759283735406,-0.0022473759283735428,0.0,0.0,0.33487023801138566,0.6651297619886143,0.11439397043922812,0.10545639396946055,0.0,0.11501987360269698,1.656758577289824
2023-02-24 00:00:00+00:00,-0.008581143790830303,-0.00858114379083033,0.0,0.0,0.32911326244910033,0.6708867375508996,0.11173964890933599,0.1036160363738997,0.0,0.11375757716586464,1.6425416937114086
2023-02-25 00:00:00+00:00,-0.0009066995096004282,-0.0009066995096004761,0.0,0.0,0.32850441773396083,0.671495582266039,0.1117109504095033,0.10285732293148868,0.0,0.11393614439296884,1.6410524019632222
2023-02-26 00:00:00+00:00,0.007272290098037315,0.007272290098037282,0.0,0.0,0.33335247195107204,0.6666475280489277,0.11280947925188546,0.10511108249425677,0.0,0.11543191020492982,1.6529866110963798
2023-02-27 00:00:00+00:00,-0.002281134518150263,-0.002273556852048598,7.594933615025195e-06,0.003797466807512598,0.3280272368635405,0.6719727631364595,0.11173277100582317,0.10378050118807784,0.0,0.11251396466963952,1.6492159262797677
2023-02-28 00:00:00+00:00,-0.0046410847768236785,-0.004641084776823679,0.0,0.0,0.3248940127433411,0.6751059872566589,0.11057883813153657,0.10246373457552238,0.0,0.11185144003628218,1.6415617753506155
2023-03-01 00:00:00+00:00,0.0065700399043508995,0.006570039904350827,0.0,0.0,0.32930053499226863,0.6706994650077314,0.1121745959364238,0.10559915291580257,0.0,0.11152678614004227,1.6523469017201262
2023-03-02 00:00:00+00:00,-0.0029141021609508932,-0.002914102160950884,0.0,0.0,0.3273403360118563,0.6726596639881437,0.11171953268056024,0.10480305585933378,0.0,0.11081774747196228,1.647531794043183
2023-03-03 00:00:00+00:00,-0.013713907907553557,-0.01371390790755357,0.0,0.0,0.3179872763276337,0.6820127236723663,0.10790997012213703,0.10120412387030674,0.0,0.1088731823351899,1.6249376947449083
2023-03-04 00:00:00+00:00,-0.0005495596027512706,-0.0005495596027512686,0.0,0.0,0.3176122635942922,0.6823877364057078,0.10793177734044886,0.10108492492211835,0.0,0.108595561331725,1.6240446946308889
2023-03-05 00:00:00+00:00,-3.587653129943913e-05,-3.587653129947957e-05,0.0,0.0,0.3175877810109585,0.6824122189890415,0.10833978222444454,0.10094853978434377,0.0,0.10829945900217018,1.6239864295405702
2023-03-06 00:00:00+00:00,-0.000392805405298291,-0.0003737235373920527,1.9089001915462702e-05,0.00954450095773135,0.3194779581801679,0.6805220418198321,0.10617798053683784,0.09946918657116069,0.0,0.11383079107216937,1.6233485188929155
2023-03-07 00:00:00+00:00,-0.0006926019023517638,-0.0006926019023517571,0.0,0.0,0.3190063006485075,0.6809936993514926,0.10525185020677282,0.09929084533553895,0.0,0.11446360510619574,1.6222241846205503
2023-03-08 00:00:00+00:00,-0.00509331023045112,-0.005093310230451067,0.0,0.0,0.3155200318240582,0.6844799681759419,0.10343553596768111,0.09790980931738051,0.0,0.11417468653899655,1.6139616935849372
2023-03-09 00:00:00+00:00,-0.01644685649886668,-0.016446856498866673,0.0,0.0,0.3040742407274375,0.6959257592725626,0.09866194349241236,0.09337172185136748,0.0,0.11204057538365765,1.5874170972158779
2023-03-10 00:00:00+00:00,-0.0015705947037357726,-0.0015705947037357722,0.0,0.0,0.30297950402806867,0.6970204959719314,0.09779064547276958,0.09281004855062396,0.0,0.11237881000467516,1.584923908330371
2023-03-11 00:00:00+00:00,0.0038333339489122764,0.0038333339489123545,0.0,0.0,0.3056412131384706,0.6943587868615295,0.09889190899420063,0.09540476795723876,0.0,0.11134453618703122,1.5909994509546166
2023-03-12 00:00:00+00:00,0.019363721376162157,0.019363721376162216,0.0,0.0,0.3188311764478624,0.6811688235521378,0.10432797778937075,0.1004850687567129,0.0,0.11401812990177879,1.6218071210325287
2023-03-13 00:00:00+00:00,0.02223855464463198,0.022278558923511077,3.9132463974658475e-05,0.019566231987329236,0.31471430800691724,0.6852856919930828,0.10138082087081682,0.09403967251922729,0.0,0.11929381461687315,1.657873767316664
2023-03-14 00:00:00+00:00,0.00403857894247639,0.004038578942476282,0.0,0.0,0.3174707562383971,0.6825292437616028,0.10331031174468197,0.09511493852650085,0.0,0.11904550596721426,1.664569221402633
2023-03-15 00:00:00+00:00,-0.005228379779685599,-0.005228379779685593,0.0,0.0,0.3138834784908303,0.6861165215091696,0.10223364110471939,0.09283205380384818,0.0,0.11881778358226276,1.6558662213435646
2023-03-16 00:00:00+00:00,0.013300711337721483,0.013300711337721559,0.0,0.0,0.32288952940397686,0.6771104705960231,0.10385427664262138,0.09293391399595384,0.0,0.12610133876540164,1.677890419967539
2023-03-17 00:00:00+00:00,0.020045225305657777,0.02004522530565776,0.0,0.0,0.3361956374109528,0.6638043625890472,0.11157310232210767,0.09739638854157133,0.0,0.12722614654727385,1.7115241114739932
2023-03-18 00:00:00+00:00,-0.00660676459872056,-0.006606764598720527,0.0,0.0,0.3317808709247909,0.6682191290752092,0.1103159050868723,0.09637725130898923,0.0,0.12508771452892936,1.7002164745644501
2023-03-19 00:00:00+00:00,0.007679711117902777,0.007679711117902744,0.0,0.0,0.3368734909489265,0.6631265090510736,0.11380974690126827,0.0968298211313137,0.0,0.12623392291634447,1.7132736459270042
2023-03-20 00:00:00+00:00,-0.004592207518724578,-0.004476259744987958,0.00011646911976889967,0.05823455988444984,0.2753954127193988,0.7246045872806012,0.08518514051101446,0.08708844171516905,0.0,0.10312183049321533,1.7054059378085455
2023-03-21 00:00:00+00:00,0.005262138667812222,0.005262138667812194,0.0,0.0,0.27918842318993775,0.7208115768100622,0.08593402399645086,0.09005533480031964,0.0,0.10319906439316723,1.7143800203382045
2023-03-22 00:00:00+00:00,-0.010067169670400111,-0.010067169670400092,0.0,0.0,0.2718580950890711,0.7281419049109289,0.08416167643841933,0.08759287609510914,0.0,0.1001035425555426,1.6971210657939158
2023-03-23 00:00:00+00:00,0.009793359640839272,0.009793359640839251,0.0,0.0,0.2789198919173794,0.7210801080826206,0.08653983171765563,0.090716574827874,0.0,0.10166348537184978,1.71374158274528
2023-03-24 00:00:00+00:00,-0.00803651742675271,-0.008036517426752744,0.0,0.0,0.2730779703582732,0.7269220296417268,0.0846480821781089,0.08821403225319006,0.0,0.10021585592697421,1.6999690686505968
2023-03-25 00:00:00+00:00,-0.0002681857588548997,-0.00026818575885486235,0.0,0.0,0.2728829679252499,0.7271170320747501,0.08469700406046382,0.0878498594011484,0.0,0.10033610446363772,1.699513161155891
2023-03-26 00:00:00+00:00,0.005101146611351082,0.005101146611351028,0.0,0.0,0.2765732737185811,0.7234267262814188,0.08581695945002794,0.08900969376286988,0.0,0.10174662050568331,1.7081826269588678
2023-03-27 00:00:00+00:00,-0.011249870440688037,-0.01124343867587423,6.5049022838492014e-06,0.0032524511419246005,0.27163641354243023,0.7283635864575697,0.08498459577765403,0.08789797612735444,0.0,0.09875384163742175,1.6889657937165463
2023-03-28 00:00:00+00:00,0.004246570601105892,0.004246570601105913,0.0,0.0,0.27471638163364853,0.7252836183663515,0.08505002558486259,0.0904752837195549,0.0,0.099191072329231,1.6961381062024166
2023-03-29 00:00:00+00:00,0.0045748980252715565,0.004574898025271466,0.0,0.0,0.278019369394888,0.7219806306051119,0.08804019667548547,0.09108224329078753,0.0,0.09889692942861505,1.7038977650750697
2023-03-30 00:00:00+00:00,-0.00014717412514408945,-0.00014717412514409368,0.0,0.0,0.27791309688664434,0.7220869031133555,0.08705899125678389,0.09112308468360009,0.0,0.09973102094626037,1.7036469954121598
2023-03-31 00:00:00+00:00,0.00296441804647829,0.0029644180464783298,0.0,0.0,0.2800473375518159,0.719952662448184,0.08815449550662212,0.09226802739594152,0.0,0.09962481464925223,1.708697317310188
2023-04-01 00:00:00+00:00,-0.0007355292227273491,-0.0007355292227273716,0.0,0.0,0.27951740154618654,0.7204825984538133,0.08818027174121326,0.09229944515732985,0.0,0.09903768464764343,1.7074405205005105
2023-04-02 00:00:00+00:00,-0.0025491082337728566,-0.0025491082337728644,0.0,0.0,0.277676119795707,0.7223238802042928,0.08753293490383242,0.09119923712239607,0.0,0.09894394776947851,1.7030880698110253
2023-04-03 00:00:00+00:00,-0.0019847105718755476,-0.0019711630416425962,1.3574287366538374e-05,0.006787143683269187,0.28257373622767834,0.7174262637723217,0.08631308909552698,0.09418341321409814,0.0,0.10207723391805322,1.6997079329140363
2023-04-04 00:00:00+00:00,0.004910288610133984,0.0049102886101340636,0.0,0.0,0.28607929294407397,0.7139207070559261,0.08702049996855168,0.09682244704111792,0.0,0.10223634593440434,1.7080539894175786
2023-04-05 00:00:00+00:00,0.0030492984181955674,0.0030492984181956146,0.0,0.0,0.2882496322147118,0.7117503677852883,0.08676993938839689,0.0985047218376928,0.0,0.1029749709886221,1.7132623557457023
2023-04-06 00:00:00+00:00,-0.002848824589533727,-0.0028488245895337333,0.0,0.0,0.28621618733758797,0.7137838126624122,0.08659717465183074,0.09690894653982139,0.0,0.10271006614593582,1.7083815718183315
2023-04-07 00:00:00+00:00,-0.0014679411704391354,-0.0014679411704391445,0.0,0.0,0.285166854333069,0.7148331456669312,0.08633008245995022,0.09660150749706092,0.0,0.10223526437605782,1.7058737681742397
2023-04-08 00:00:00+00:00,-0.0006078292865862034,-0.0006078292865861749,0.0,0.0,0.28473209355177453,0.7152679064482257,0.08648176643955864,0.0958869700525082,0.0,0.10236335705970771,1.7048368881387244
2023-04-09 00:00:00+00:00,0.0024412760706356007,0.002441276070635548,0.0,0.0,0.28647400748308255,0.7135259925169176,0.08746117282413766,0.09617548564325944,0.0,0.10283734901568546,1.7089988656380743
2023-04-10 00:00:00+00:00,0.008595065078757402,0.008607337656898377,1.2167845387168142e-05,0.006083922693584071,0.29290100344680464,0.7070989965531953,0.09110193264639305,0.09506057466894445,0.0,0.10673849613146714,1.7236878221077563
2023-04-11 00:00:00+00:00,0.0019577258144116705,0.0019577258144117286,0.0,0.0,0.29428260460944017,0.7057173953905599,0.09265139220359903,0.09386410766238945,0.0,0.10776710474345169,1.7270623302530836
2023-04-12 00:00:00+00:00,-0.0003929339604578086,-0.00039293396045781803,0.0,0.0,0.2940051952747568,0.7059948047252432,0.09172915170224841,0.09526937769764723,0.0,0.1070066658748612,1.7263837088116998
2023-04-13 00:00:00+00:00,0.007763389854772429,0.007763389854772479,0.0,0.0,0.29944388550671286,0.7005561144932873,0.09250189487214791,0.09919961909142683,0.0,0.10774237154313814,1.7397862985821329
2023-04-14 00:00:00+00:00,0.006015837024808235,0.006015837024808138,0.0,0.0,0.303633115195172,0.696366884804828,0.09223055149017938,0.10291873445390541,0.0,0.10848382925108724,1.7502525694123974
2023-04-15 00:00:00+00:00,0.0004388605802700951,0.00043886058027007386,0.0,0.0,0.3039385891098589,0.6960614108901412,0.09167015131449424,0.1024140830803406,0.0,0.10985435471502403,1.751020686270629
2023-04-16 00:00:00+00:00,0.00621802264512028,0.006218022645120209,0.0,0.0,0.30823996864978354,0.6917600313502165,0.09113241556054215,0.10314681757790214,0.0,0.11396073551133924,1.761908572549934
2023-04-17 00:00:00+00:00,-0.007753554050859646,-0.007718135594675326,3.5693946906334815e-05,0.01784697345316741,0.3186715400961689,0.6813284599038312,0.09525733463179664,0.10069355716647382,0.0,0.1227206482978984,1.748247519199995
2023-04-18 00:00:00+00:00,0.005626174380744642,0.005626174380744671,0.0,0.0,0.32248336682029294,0.6775166331797071,0.09778123605854612,0.10155540386577283,0.0,0.12314672689597399,1.7580834646037184
2023-04-19 00:00:00+00:00,-0.02068491917885773,-0.020684919178857765,0.0,0.0,0.3081729808432862,0.6918270191567139,0.09464418211079885,0.09533098822482428,0.0,0.11819781050766309,1.7217176502287044
2023-04-20 00:00:00+00:00,-0.0030127129341798176,-0.0030127129341797738,0.0,0.0,0.3060824063335925,0.6939175936664076,0.09310572119983798,0.09607595806817147,0.0,0.11690072706558308,1.7165306091948547
2023-04-21 00:00:00+00:00,-0.006678608795399388,-0.0066786087953994095,0.0,0.0,0.3014168427150313,0.6985831572849689,0.090476721291863,0.09203213367218083,0.0,0.11890798775098743,1.7050665727707137
2023-04-22 00:00:00+00:00,0.0071369160601610915,0.007136916060161141,0.0,0.0,0.30636724148910155,0.6936327585108987,0.09166112704329428,0.09263541944758498,0.0,0.1220706949982223,1.7172354897775648
2023-04-23 00:00:00+00:00,-0.0019345401264329043,-0.0019345401264328887,0.0,0.0,0.3050227801703844,0.6949772198296158,0.09109178358661517,0.09221277112057105,0.0,0.12171822546319819,1.7139134288160554
2023-04-24 00:00:00+00:00,-0.0010964280097001122,-0.0010805975468405021,1.5847587723992723e-05,0.007923793861996362,0.3085059188981082,0.6914940811018918,0.09464137626217418,0.0936455703574106,0.0,0.12021897227852339,1.7120342461265003
2023-04-25 00:00:00+00:00,0.006564180187242252,0.006564180187242216,0.0,0.0,0.3130154095357741,0.6869845904642258,0.09672372554306666,0.09426029184166523,0.0,0.12203139215104225,1.7232723474048042
2023-04-26 00:00:00+00:00,-0.0024260335860056825,-0.002426033586005677,0.0,0.0,0.3113447086698266,0.6886552913301733,0.09735119561550033,0.09448496947829214,0.0,0.11950854357603415,1.7190916308121653
2023-04-27 00:00:00+00:00,0.005891974001102085,0.005891974001102011,0.0,0.0,0.3153784808611874,0.6846215191388124,0.100382685259254,0.09607945704672959,0.0,0.11891633855520385,1.7292204740064228
2023-04-28 00:00:00+00:00,-0.003885864962712815,-0.0038858649627127664,0.0,0.0,0.3127077560111269,0.687292243988873,0.10022351038385352,0.09555727721649743,0.0,0.11692696841077592,1.7225009567536755
2023-04-29 00:00:00+00:00,-0.000219469764786262,-0.00021946976478623707,0.0,0.0,0.31255688303194196,0.6874431169680579,0.09996767174127597,0.09643045312525408,0.0,0.11615875816541192,1.7221229198738528
2023-04-30 00:00:00+00:00,0.0037326445370877703,0.003732644537087708,0.0,0.0,0.31511332155077953,0.6848866784492202,0.09960528557225991,0.09417286348151117,0.0,0.12133517249700848,1.7285509925829137
2023-05-01 00:00:00+00:00,-0.009093823290713066,-0.009073199513196238,2.081261452079006e-05,0.010406307260395029,0.305535920300777,0.6944640796992231,0.0935236424727827,0.09655731829686509,0.0,0.11545495953112915,1.712831855307378
2023-05-02 00:00:00+00:00,0.0016194712533339484,0.001619471253333993,0.0,0.0,0.3066587664971859,0.6933412335028142,0.09537368969389493,0.0984737885144884,0.0,0.11281128828880256,1.715605737258843
2023-05-03 00:00:00+00:00,0.004609389639734562,0.0046093896397345225,0.0,0.0,0.30983998292962905,0.690160017070371,0.09611596166475356,0.09985808699789764,0.0,0.11386593426697784,1.723513632570033
2023-05-04 00:00:00+00:00,-0.0027915721176636765,-0.002791572117663686,0.0,0.0,0.30790795808255533,0.6920920419174447,0.09576074969400994,0.0986632538413504,0.0,0.11348395454719504,1.7187023199689373
2023-05-05 00:00:00+00:00,0.009271634981478316,0.00927163498147825,0.0,0.0,0.3142658349551797,0.6857341650448203,0.09707700588218798,0.10381008922241043,0.0,0.11337873985058128,1.7346375005215093
2023-05-06 00:00:00+00:00,-0.008809992546313983,-0.008809992546313964,0.0,0.0,0.30817082508081917,0.6918291749191808,0.09575767154737451,0.09963774685044599,0.0,0.11277540668299868,1.7193553570713582
2023-05-07 00:00:00+00:00,-0.0030999599259270427,-0.0030999599259270505,0.0,0.0,0.3060195133829309,0.6939804866170691,0.09466329747896457,0.0985814461362775,0.0,0.11277476976768883,1.7140254243660091
2023-05-08 00:00:00+00:00,-0.005679736235619459,-0.00529919031945759,0.00038257324459610605,0.19128662229805302,0.2678769366958935,0.7321230633041065,0.13294429848088962,0.13493263821500387,0.0,0.0,1.7042902120544645
2023-05-09 00:00:00+00:00,-0.00026918627057226363,-0.000269186270572283,0.0,0.0,0.2676798061540473,0.7323201938459526,0.13278535015007756,0.13489445600396976,0.0,0.0,1.7038314405283088
2023-05-10 00:00:00+00:00,-0.0005583751329792941,-0.0005583751329793268,0.0,0.0,0.2672706683160304,0.7327293316839695,0.13271748295033664,0.1345531853656938,0.0,0.0,1.7028800634211294
2023-05-11 00:00:00+00:00,-0.006430505953143428,-0.006430505953143425,0.0,0.0,0.2625283524964846,0.7374716475035153,0.13052665109771133,0.13200170139877326,0.0,0.0,1.6919296830358106
2023-05-12 00:00:00+00:00,0.00012645331477423305,0.00012645331477432824,0.0,0.0,0.26262159643985783,0.7373784035601423,0.1296700390405317,0.1329515573993261,0.0,0.0,1.6921436331525954
2023-05-13 00:00:00+00:00,-0.001002492823308998,-0.001002492823308964,0.0,0.0,0.2618816380792797,0.7381183619207204,0.1297045384296904,0.13217709964958932,0.0,0.0,1.690447271304352
2023-05-14 00:00:00+00:00,0.0009899381212337133,0.000989938121233606,0.0,0.0,0.2626116069597055,0.7373883930402946,0.13026510626964027,0.1323465006900652,0.0,0.0,1.6921207095001516
2023-05-15 00:00:00+00:00,0.0016952811655917,0.002199458449011177,0.0005030708000978858,0.2515354000489429,0.3417387420970844,0.6582612579029156,0.09249546106171821,0.08442598220547715,0.06373306826998938,0.10108423055989964,1.694989329868875
2023-05-16 00:00:00+00:00,-0.001621444861000798,-0.0016214448610007855,0.0,0.0,0.3406696743288229,0.6593303256711771,0.09220807046838715,0.08493557818522794,0.0629237553226475,0.10060227035256028,1.692240998130508
2023-05-17 00:00:00+00:00,0.0032638623881660056,0.003263862388165988,0.0,0.0,0.34281463691744124,0.6571853630825587,0.09317201689956277,0.08456226776688257,0.06387152666681252,0.10120882558418338,1.6977642398760187
2023-05-18 00:00:00+00:00,-0.0067505577354124435,-0.006750557735412423,0.0,0.0,0.3383481176851304,0.6616518823148696,0.09180514804762949,0.08412961747496357,0.062137677066306775,0.10027567509623059,1.686303384353617
2023-05-19 00:00:00+00:00,0.0006212073878770763,0.0006212073878771179,0.0,0.0,0.33875888555059447,0.6612411144494056,0.091949907624328,0.08462605578861732,0.06209910064620483,0.10008382149144433,1.6873509284741797
2023-05-20 00:00:00+00:00,0.0014615426729498449,0.0014615426729498303,0.0,0.0,0.3397239072360975,0.6602760927639025,0.09257455365314764,0.08483406956871188,0.06179517565998381,0.10052010835425416,1.6898170638603862
2023-05-21 00:00:00+00:00,-0.005320638525200483,-0.0053206385252005045,0.0,0.0,0.33619202495071493,0.6638079750492851,0.09185190991644654,0.08460767888803422,0.06007324710052372,0.09965918904571044,1.6808261580898696
2023-05-22 00:00:00+00:00,0.0013081145160913632,0.002038873130618037,0.0007292717220076963,0.36463586100384815,0.38262176954759264,0.6173782304524074,0.19101563072831287,0.1916061388192798,0.0,0.0,1.683024871186293
2023-05-23 00:00:00+00:00,0.006503982363192273,0.006503982363192209,0.0,0.0,0.38661123922942475,0.6133887607705751,0.1923989349675941,0.19421230426183067,0.0,0.0,1.6939712352653025
2023-05-24 00:00:00+00:00,-0.011969476062399509,-0.011969476062399554,0.0,0.0,0.37918035332953526,0.6208196466704646,0.18835830255304878,0.19082205077648648,0.0,0.0,1.673695287114401
2023-05-25 00:00:00+00:00,0.0016423298327155056,0.001642329832715417,0.0,0.0,0.3801982721974739,0.619801727802526,0.18908366750583677,0.1911146046916371,0.0,0.0,1.6764440468153043
2023-05-26 00:00:00+00:00,0.004006639013756974,0.004006639013757034,0.0,0.0,0.382671683913005,0.6173283160869949,0.18998042526873482,0.19269125864427017,0.0,0.0,1.6831609529376552
2023-05-27 00:00:00+00:00,0.0012756640503566175,0.0012756640503566374,0.0,0.0,0.38345818414303534,0.6165418158569645,0.1907923693124474,0.19266581483058795,0.0,0.0,1.6853081008562818
2023-05-28 00:00:00+00:00,0.016893353317669835,0.016893353317669765,0.0,0.0,0.39370061388889643,0.6062993861111033,0.1960817981915371,0.19761881569735934,0.0,0.0,1.713778606053178
2023-05-29 00:00:00+00:00,-0.00487204391605911,-0.004314834489583317,0.0005596241118949728,0.27981205594748637,0.4587545082515604,0.5412454917484397,0.155406216758081,0.13038259675208325,0.0,0.17296569474139611,1.7054290014220845
2023-05-30 00:00:00+00:00,0.00014794996751055223,0.0001479499675104911,0.0,0.0,0.4588345736588053,0.5411654263411947,0.15514793780141048,0.1309129762117721,0.0,0.17277365964562272,1.7056813195874365
2023-05-31 00:00:00+00:00,-0.007120147961159562,-0.007120147961159579,0.0,0.0,0.4549537638114698,0.5450462361885301,0.15352948509282438,0.1299821377187476,0.0,0.17144214099989782,1.6935366162173882
2023-06-01 00:00:00+00:00,-0.004098036612371958,-0.004098036612372013,0.0,0.0,0.4527109532603807,0.5472890467396192,0.15193791766236195,0.1296915305768438,0.0,0.17108150502117492,1.6865964411597367
2023-06-02 00:00:00+00:00,0.006881011738627096,0.006881011738627128,0.0,0.0,0.4564511194877034,0.5435488805122964,0.1532890598814893,0.13191226975102216,0.0,0.17124978985519196,1.6982019310696836
2023-06-03 00:00:00+00:00,-0.002378464291114879,-0.0023784642911149198,0.0,0.0,0.45515522564770594,0.544844774352294,0.15267667469211757,0.13121149917096547,0.0,0.17126705178462284,1.6941628184175321
2023-06-04 00:00:00+00:00,-0.0007207287212898095,-0.0007207287212898576,0.0,0.0,0.4547622571465001,0.5452377428534997,0.1530463174256587,0.13116386758687384,0.0,0.17055207213396756,1.6929417866157572
2023-06-05 00:00:00+00:00,-0.028955243878569403,-0.02861570253267107,0.0003495437869272013,0.17477189346360064,0.4085362888536655,0.5914637111463346,0.1161410589336736,0.09985178247339914,0.06863551963465919,0.12390792781193355,1.643922244312077
2023-06-06 00:00:00+00:00,0.014017600991840684,0.014017600991840653,0.0,0.0,0.4167125791822486,0.5832874208177514,0.12122149694210176,0.10250496624858815,0.06893829270640725,0.12404782328515139,1.6669660903944548
2023-06-07 00:00:00+00:00,-0.022369092317337413,-0.0223690923173374,0.0,0.0,0.40336642772439274,0.5966335722756073,0.11993911778932043,0.10192792672810545,0.0644951903310855,0.11700419287588132,1.6296775720285501
2023-06-08 00:00:00+00:00,0.003481636205852956,0.003481636205853047,0.0,0.0,0.4054364815967449,0.5945635184032553,0.12024576499742587,0.1023243966710963,0.06509894964696833,0.11776737028125439,1.6353515164671912
2023-06-09 00:00:00+00:00,-0.006074865576927491,-0.006074865576927503,0.0,0.0,0.4018025122703314,0.5981974877296687,0.12088565182941768,0.10265528606999472,0.06036254838518353,0.11789902598573548,1.6254169758336285
2023-06-10 00:00:00+00:00,-0.023934692926040002,-0.02393469292604005,0.0,0.0,0.3871337466926882,0.6128662533073119,0.12087235842651271,0.10009500290314137,0.05548075272770025,0.11068563263533389,1.586513119640278
2023-06-11 00:00:00+00:00,-0.0013233355499983057,-0.0013233355499983144,0.0,0.0,0.38632164430833693,0.6136783556916632,0.12142745466328772,0.10029916674090428,0.05534073628012966,0.10925428662401526,1.5844136304285192
2023-06-12 00:00:00+00:00,-0.0017938922675326818,-0.0011888111459815486,0.0006058013048946201,0.30290065244731,0.3592705446292537,0.6407294553707464,0.18008898479831822,0.17918155983093545,0.0,0.0,1.5815713630683201
2023-06-13 00:00:00+00:00,-5.0042145636530755e-05,-5.004214563654661e-05,0.0,0.0,0.35923847954792887,0.6407615204520711,0.1802998890261422,0.1789385905217867,0.0,0.0,1.5814922178438349
2023-06-14 00:00:00+00:00,-0.014770422432550001,-0.014770422432549984,0.0,0.0,0.34963227349089226,0.6503677265091078,0.17731798432353924,0.17231428916735303,0.0,0.0,1.558132909712491
2023-06-15 00:00:00+00:00,0.004986750404221807,0.004986750404221862,0.0,0.0,0.3528594021289143,0.6471405978710858,0.17973742040039267,0.1731219817285216,0.0,0.0,1.565902929629831
2023-06-16 00:00:00+00:00,0.010533028550124168,0.010533028550124082,0.0,0.0,0.3596047040643694,0.6403952959356306,0.1830509602662182,0.1765537437981512,0.0,0.0,1.582396629894345
2023-06-17 00:00:00+00:00,0.002206235577255411,0.002206235577255333,0.0,0.0,0.36101445670334226,0.6389855432966577,0.1838403203143293,0.17717413638901297,0.0,0.0,1.585887769636547
2023-06-18 00:00:00+00:00,-0.0019245110917782693,-0.0019245110917782545,0.0,0.0,0.3597823507361818,0.6402176492638181,0.18296524178102172,0.1768171089551601,0.0,0.0,1.582835711033566
2023-06-19 00:00:00+00:00,-0.000719564701472386,0.0,0.0007195647014723636,0.3597823507361818,0.0,1.0,0.0,0.0,0.0,0.0,1.5816967583276764
2023-06-20 00:00:00+00:00,0.0,0.0,0.0,0.0,0.0,1.0,0.0,0.0,0.0,0.0,1.5816967583276764
2023-06-21 00:00:00+00:00,0.0,0.0,0.0,0.0,0.0,1.0,0.0,0.0,0.0,0.0,1.5816967583276764
2023-06-22 00:00:00+00:00,0.0,0.0,0.0,0.0,0.0,1.0,0.0,0.0,0.0,0.0,1.5816967583276764
2023-06-23 00:00:00+00:00,0.0,0.0,0.0,0.0,0.0,1.0,0.0,0.0,0.0,0.0,1.5816967583276764
2023-06-24 00:00:00+00:00,0.0,0.0,0.0,0.0,0.0,1.0,0.0,0.0,0.0,0.0,1.5816967583276764
2023-06-25 00:00:00+00:00,0.0,0.0,0.0,0.0,0.0,1.0,0.0,0.0,0.0,0.0,1.5816967583276764
2023-06-26 00:00:00+00:00,-0.00575891956183705,-0.005027755147461811,0.0007348591060282006,0.3674295530141003,0.3642330725721389,0.6357669274278611,0.1834631046965946,0.18076996787554428,0.0,0.0,1.572587893925249
2023-06-27 00:00:00+00:00,0.005549292833160635,0.005549292833160682,0.0,0.0,0.3677416592511625,0.6322583407488376,0.18500914984296793,0.18273250940819455,0.0,0.0,1.5813146446545234
2023-06-28 00:00:00+00:00,-0.00965957811470386,-0.009659578114703912,0.0,0.0,0.36157474058746697,0.638425259412533,0.18307016706104454,0.17850457352642246,0.0,0.0,1.566039812320558
2023-06-29 00:00:00+00:00,0.004591167793271289,0.004591167793271275,0.0,0.0,0.36449246232681326,0.6355075376731868,0.18447471996251197,0.1800177423643013,0.0,0.0,1.5732297638698647
2023-06-30 00:00:00+00:00,0.00810165421959308,0.008101654219592969,0.0,0.0,0.36959974719498345,0.6304002528050164,0.18314051050917984,0.1864592366858036,0.0,0.0,1.5859755274247105
2023-07-01 00:00:00+00:00,-0.00021210328157272862,-0.0002121032815727195,0.0,0.0,0.36946600886632086,0.630533991133679,0.1838641221871568,0.18560188667916405,0.0,0.0,1.5856391368108496
2023-07-02 00:00:00+00:00,0.0014398513811557656,0.0014398513811557396,0.0,0.0,0.37037257877838037,0.6296274212216195,0.18378657164980572,0.18658600712857462,0.0,0.0,1.5879222215120012
2023-07-03 00:00:00+00:00,0.005023270180807948,0.005029563841574469,6.262164808917337e-06,0.0031310824044586683,0.37663889565350406,0.6233611043464958,0.18908957930622527,0.18754931634727878,0.0,0.0,1.5958987838567649
2023-07-04 00:00:00+00:00,-0.004221743964501368,-0.004221743964501367,0.0,0.0,0.37399606732899615,0.6260039326710037,0.18751622433674117,0.18647984299225495,0.0,0.0,1.5891613077980624
2023-07-05 00:00:00+00:00,-0.004083857038966299,-0.004083857038966274,0.0,0.0,0.3714290735264275,0.6285709264735724,0.18668347818924266,0.18474559533718482,0.0,0.0,1.5826714002051585
2023-07-06 00:00:00+00:00,-0.009935989333628936,-0.009935989333628908,0.0,0.0,0.36512092177706024,0.6348790782229397,0.18479026450409725,0.18033065727296296,0.0,0.0,1.5669459940540804
2023-07-07 00:00:00+00:00,0.005194636692334109,0.0051946366923341335,0.0,0.0,0.36840184472924026,0.6315981552707596,0.1865980553706654,0.18180378935857486,0.0,0.0,1.5750857092096997
2023-07-08 00:00:00+00:00,-0.000921332558968535,-0.0009213325589685107,0.0,0.0,0.3678193961557702,0.6321806038442297,0.1864004048859529,0.1814189912698173,0.0,0.0,1.5736345314626388
2023-07-09 00:00:00+00:00,-0.000999070781362188,-0.000999070781362234,0.0,0.0,0.36718717134859336,0.6328128286514064,0.1858233340576637,0.18136383729092967,0.0,0.0,1.5720623591817118
2023-07-10 00:00:00+00:00,0.0003286999737270868,0.0010638555846700167,0.0007343743426971867,0.36718717134859336,0.2890891687475795,0.7109108312524206,0.14521104370418897,0.0,0.1438781250433905,0.0,1.572579096037872
2023-07-11 00:00:00+00:00,0.00613893123261211,0.006138931232612015,0.0,0.0,0.29342677319772337,0.7065732268022766,0.14532416033107842,0.0,0.14810261286664497,0.0,1.5822330509662919
2023-07-12 00:00:00+00:00,-0.002021712289408284,-0.002021712289408296,0.0,0.0,0.2919953915799228,0.7080046084200772,0.14446729085635845,0.0,0.14752810072356437,0.0,1.5790342309624454
2023-07-13 00:00:00+00:00,0.03255541957506458,0.03255541957506468,0.0,0.0,0.3143180549946194,0.6856819450053806,0.14485965507427143,0.0,0.169458399920348,0.0,1.6304403528748173
2023-07-14 00:00:00+00:00,-0.0009604560762023207,-0.0009604560762023588,0.0,0.0,0.31365885447104846,0.6863411455289515,0.13973342434827266,0.0,0.1739254301227758,0.0,1.6288743865310131
2023-07-15 00:00:00+00:00,0.005113481595553138,0.005113481595553235,0.0,0.0,0.3171505923496032,0.6828494076503969,0.13891943321398387,0.0,0.17823115913561935,0.0,1.6372036057280073
2023-07-16 00:00:00+00:00,-0.0006531015943993523,-0.0006531015943993931,0.0,0.0,0.3167043308586408,0.6832956691413593,0.13874623967641156,0.0,0.17795809118222924,0.0,1.63613434544275
2023-07-17 00:00:00+00:00,-0.003396204111676071,-0.0032805374511481224,0.0001160473582327991,0.05802367911639955,0.2562407215747282,0.7437592784252717,0.1293625911333755,0.0,0.12687813044135274,0.0,1.6305776992515029
2023-07-18 00:00:00+00:00,-0.007162170738931661,-0.007162170738931664,0.0,0.0,0.2508753630199368,0.749124636980063,0.12909015193751797,0.0,0.12178521108241884,0.0,1.6188992233663693
2023-07-19 00:00:00+00:00,0.003888144145707262,0.0038881441457072757,0.0,0.0,0.25377678643913437,0.7462232135608655,0.12880580425607285,0.0,0.1249709821830615,0.0,1.6251937369041913
2023-07-20 00:00:00+00:00,-0.004887765754602147,-0.004887765754602134,0.0,0.0,0.25011150714398256,0.7498884928560173,0.12896583966464317,0.0,0.12114566747933936,0.0,1.6172501706123572
2023-07-21 00:00:00+00:00,0.001060740423498796,0.0010607404234987115,0.0,0.0,0.2509061013233051,0.7490938986766946,0.1292689338209926,0.0,0.12163716750231249,0.0,1.6189656532432362
2023-07-22 00:00:00+00:00,-0.005186263435078664,-0.005186263435078701,0.0,0.0,0.2470008493617044,0.7529991506382953,0.12947469321379007,0.0,0.11752615614791433,0.0,1.6105692708731725
2023-07-23 00:00:00+00:00,0.002409537409311824,0.002409537409311784,0.0,0.0,0.24881086767750393,0.7511891323224957,0.13041964203613987,0.0,0.11839122564136406,0.0,1.6144499977816293
2023-07-24 00:00:00+00:00,-0.010849235764391119,-0.010478974972665147,0.00037418183379759056,0.18709091689879528,0.3247900472935801,0.6752099527064199,0.13010631183274923,0.1314004021725826,0.06328333328824828,0.0,1.5969344491258757
2023-07-25 00:00:00+00:00,0.0005610560444682111,0.0005610560444681693,0.0,0.0,0.3251686654928019,0.6748313345071981,0.13026693587734797,0.13187048413261196,0.06303124548284193,0.0,1.5978304188511772
2023-07-26 00:00:00+00:00,0.006709915052216964,0.006709915052217057,0.0,0.0,0.32966654602562917,0.6703334539743709,0.12994338946507392,0.1320020115269678,0.06772114503358746,0.0,1.6085517252295167
2023-07-27 00:00:00+00:00,-0.0015415069718737184,-0.001541506971873756,0.0,0.0,0.328631626997951,0.6713683730020491,0.12957127875295643,0.131450140126967,0.06761020811802752,0.0,1.606072131530456
2023-07-28 00:00:00+00:00,0.000562609585091467,0.0005626095850913853,0.0,0.0,0.3290091328912951,0.6709908671087049,0.12990327626196738,0.13228745864354505,0.06681839798578265,0.0,1.6069757231060033
2023-07-29 00:00:00+00:00,0.0015551499824784099,0.0015551499824784563,0.0,0.0,0.33005100406059174,0.6699489959394084,0.12987306601802506,0.13252251267822565,0.06765542536434101,0.0,1.6094748113736348
2023-07-30 00:00:00+00:00,-0.004105671748048989,-0.004105671748049022,0.0,0.0,0.32728907381635564,0.6727109261836445,0.13008944439179596,0.13174838664872043,0.06545124277583925,0.0,1.6028668361113816
2023-07-31 00:00:00+00:00,-0.0021001691455393434,-0.002087291578278378,1.290450272085103e-05,0.006452251360425515,0.3323477402377609,0.6676522597622391,0.13355267072708724,0.13336906939684598,0.06542600011382771,0.0,1.5995005446377721
2023-08-01 00:00:00+00:00,0.004348782241432092,0.004348782241432152,0.0,0.0,0.3352386426235101,0.6647613573764899,0.1351293406571491,0.13403284453206116,0.06607645743429987,0.0,1.6064564242014538
2023-08-02 00:00:00+00:00,-0.007294379115396321,-0.0072943791153962986,0.0,0.0,0.3303539907589941,0.6696460092410059,0.13373950898038095,0.13259767582441015,0.06401680595420298,0.0,1.5947383220109645
2023-08-03 00:00:00+00:00,-0.0016152877802897425,-0.0016152877802897145,0.0,0.0,0.3292705697063601,0.67072943029364,0.13399099772804526,0.13251697127646736,0.06276260070184746,0.0,1.5921623606866604
2023-08-04 00:00:00+00:00,-0.0003519932006709192,-0.0003519932006709497,0.0,0.0,0.329034394375296,0.6709656056247039,0.13367247746439176,0.1321614237029047,0.06320049320799961,0.0,1.5916019303613345
2023-08-05 00:00:00+00:00,-0.00012972320881310395,-0.0001297232088130763,0.0,0.0,0.3289473432713827,0.6710526567286172,0.13349755549546583,0.1326292184859983,0.0628205692899186,0.0,1.5913954626517748
2023-08-06 00:00:00+00:00,0.0011241372699999364,0.0011241372699999264,0.0,0.0,0.32970085152623124,0.6702991484737687,0.13342241904777727,0.13203303584494303,0.06424539663351099,0.0,1.5931844096026504
2023-08-07 00:00:00+00:00,0.0007590331441107434,0.0016863062049068845,0.0009257120268613535,0.4628560134306767,0.40101008041806774,0.5989899195819323,0.40101008041806774,0.0,0.0,0.0,1.5943936893742192
2023-08-08 00:00:00+00:00,0.007678769222405624,0.007678769222405672,0.0,0.0,0.40557453637317964,0.5944254636268205,0.40557453637317964,0.0,0.0,0.0,1.6066366705645838
2023-08-09 00:00:00+00:00,-0.0025669231341937104,-0.0025669231341937633,0.0,0.0,0.4040447650937549,0.5959552349062451,0.4040447650937549,0.0,0.0,0.0,1.6025125577266677
2023-08-10 00:00:00+00:00,-0.0017241088479099664,-0.001724108847910006,0.0,0.0,0.4030154988332281,0.5969845011667719,0.4030154988332281,0.0,0.0,0.0,1.5997496516470042
2023-08-11 00:00:00+00:00,-0.00040690448779112653,-0.0004069044877911814,0.0,0.0,0.402772484276848,0.597227515723152,0.402772484276848,0.0,0.0,0.0,1.5990987063344069
2023-08-12 00:00:00+00:00,5.694054223415179e-05,5.694054223412993e-05,0.0,0.0,0.40280648879919445,0.5971935112008055,0.40280648879919445,0.0,0.0,0.0,1.5991897598818314
2023-08-13 00:00:00+00:00,-0.0017290598878431096,-0.001729059887843107,0.0,0.0,0.4017721169628456,0.5982278830371544,0.4017721169628456,0.0,0.0,0.0,1.5964246650149703
2023-08-14 00:00:00+00:00,0.0034443335303833145,0.004415993759907252,0.0009673882490528667,0.48369412452643334,0.41220573363033647,0.5877942663696635,0.16383101360409122,0.16354637470984326,0.08482834531640197,0.0,1.6019232840174122
2023-08-15 00:00:00+00:00,-0.007059828126506851,-0.007059828126506843,0.0,0.0,0.40802650248241523,0.5919734975175848,0.16370132652449082,0.1632347983591303,0.08109037759879409,0.0,1.5906139809603999
2023-08-16 00:00:00+00:00,-0.00821823515388842,-0.008218235153888472,0.0,0.0,0.4031212122462873,0.5968787877537126,0.1624038852377281,0.1626823570154359,0.07803496999312325,0.0,1.5775419412258047
2023-08-17 00:00:00+00:00,-0.027210615143557604,-0.02721061514355755,0.0,0.0,0.38642547190027576,0.6135745280997241,0.1547027154948906,0.1555475366032988,0.07617521980208633,0.0,1.5346160545902885
2023-08-18 00:00:00+00:00,-0.00630868349978464,-0.006308683499784646,0.0,0.0,0.38253004941138447,0.6174699505886153,0.1523551610904968,0.1546834456278595,0.07549144269302822,0.0,1.5249346476081902
2023-08-19 00:00:00+00:00,0.0029668989858853134,0.0029668989858852423,0.0,0.0,0.3843566011869898,0.61564339881301,0.15217273120686542,0.15497583997351388,0.07720803000661045,0.0,1.5294589746677203
2023-08-20 00:00:00+00:00,0.0015800100741483192,0.0015800100741483049,0.0,0.0,0.3853277894719231,0.6146722105280766,0.1524565234151323,0.15617240107980424,0.07669886497698658,0.0,1.5318755352556919
2023-08-21 00:00:00+00:00,-0.0007706555789438463,0.0,0.0007706555789438462,0.3853277894719231,0.0,1.0,0.0,0.0,0.0,0.0,1.5306949868281994
2023-08-22 00:00:00+00:00,0.0,0.0,0.0,0.0,0.0,1.0,0.0,0.0,0.0,0.0,1.5306949868281994
2023-08-23 00:00:00+00:00,0.0,0.0,0.0,0.0,0.0,1.0,0.0,0.0,0.0,0.0,1.5306949868281994
2023-08-24 00:00:00+00:00,0.0,0.0,0.0,0.0,0.0,1.0,0.0,0.0,0.0,0.0,1.5306949868281994
2023-08-25 00:00:00+00:00,0.0,0.0,0.0,0.0,0.0,1.0,0.0,0.0,0.0,0.0,1.5306949868281994
2023-08-26 00:00:00+00:00,0.0,0.0,0.0,0.0,0.0,1.0,0.0,0.0,0.0,0.0,1.5306949868281994
2023-08-27 00:00:00+00:00,0.0,0.0,0.0,0.0,0.0,1.0,0.0,0.0,0.0,0.0,1.5306949868281994
2023-08-28 00:00:00+00:00,0.0,0.0,0.0,0.0,0.0,1.0,0.0,0.0,0.0,0.0,1.5306949868281994
2023-08-29 00:00:00+00:00,0.0,0.0,0.0,0.0,0.0,1.0,0.0,0.0,0.0,0.0,1.5306949868281994
2023-08-30 00:00:00+00:00,0.0,0.0,0.0,0.0,0.0,1.0,0.0,0.0,0.0,0.0,1.5306949868281994
2023-08-31 00:00:00+00:00,0.0,0.0,0.0,0.0,0.0,1.0,0.0,0.0,0.0,0.0,1.5306949868281994
2023-09-01 00:00:00+00:00,0.0,0.0,0.0,0.0,0.0,1.0,0.0,0.0,0.0,0.0,1.5306949868281994
2023-09-02 00:00:00+00:00,0.0,0.0,0.0,0.0,0.0,1.0,0.0,0.0,0.0,0.0,1.5306949868281994
2023-09-03 00:00:00+00:00,0.0,0.0,0.0,0.0,0.0,1.0,0.0,0.0,0.0,0.0,1.5306949868281994
2023-09-04 00:00:00+00:00,0.0,0.0,0.0,0.0,0.0,1.0,0.0,0.0,0.0,0.0,1.5306949868281994
2023-09-05 00:00:00+00:00,0.0,0.0,0.0,0.0,0.0,1.0,0.0,0.0,0.0,0.0,1.5306949868281994
2023-09-06 00:00:00+00:00,0.0,0.0,0.0,0.0,0.0,1.0,0.0,0.0,0.0,0.0,1.5306949868281994
2023-09-07 00:00:00+00:00,0.0,0.0,0.0,0.0,0.0,1.0,0.0,0.0,0.0,0.0,1.5306949868281994
2023-09-08 00:00:00+00:00,0.0,0.0,0.0,0.0,0.0,1.0,0.0,0.0,0.0,0.0,1.5306949868281994
2023-09-09 00:00:00+00:00,0.0,0.0,0.0,0.0,0.0,1.0,0.0,0.0,0.0,0.0,1.5306949868281994
2023-09-10 00:00:00+00:00,0.0,0.0,0.0,0.0,0.0,1.0,0.0,0.0,0.0,0.0,1.5306949868281994
2023-09-11 00:00:00+00:00,0.0,0.0,0.0,0.0,0.0,1.0,0.0,0.0,0.0,0.0,1.5306949868281994
2023-09-12 00:00:00+00:00,0.0,0.0,0.0,0.0,0.0,1.0,0.0,0.0,0.0,0.0,1.5306949868281994
2023-09-13 00:00:00+00:00,0.0,0.0,0.0,0.0,0.0,1.0,0.0,0.0,0.0,0.0,1.5306949868281994
2023-09-14 00:00:00+00:00,0.0,0.0,0.0,0.0,0.0,1.0,0.0,0.0,0.0,0.0,1.5306949868281994
2023-09-15 00:00:00+00:00,0.0,0.0,0.0,0.0,0.0,1.0,0.0,0.0,0.0,0.0,1.5306949868281994
2023-09-16 00:00:00+00:00,0.0,0.0,0.0,0.0,0.0,1.0,0.0,0.0,0.0,0.0,1.5306949868281994
2023-09-17 00:00:00+00:00,0.0,0.0,0.0,0.0,0.0,1.0,0.0,0.0,0.0,0.0,1.5306949868281994
2023-09-18 00:00:00+00:00,0.0,0.0,0.0,0.0,0.0,1.0,0.0,0.0,0.0,0.0,1.5306949868281994
2023-09-19 00:00:00+00:00,0.0,0.0,0.0,0.0,0.0,1.0,0.0,0.0,0.0,0.0,1.5306949868281994
2023-09-20 00:00:00+00:00,0.0,0.0,0.0,0.0,0.0,1.0,0.0,0.0,0.0,0.0,1.5306949868281994
2023-09-21 00:00:00+00:00,0.0,0.0,0.0,0.0,0.0,1.0,0.0,0.0,0.0,0.0,1.5306949868281994
2023-09-22 00:00:00+00:00,0.0,0.0,0.0,0.0,0.0,1.0,0.0,0.0,0.0,0.0,1.5306949868281994
2023-09-23 00:00:00+00:00,0.0,0.0,0.0,0.0,0.0,1.0,0.0,0.0,0.0,0.0,1.5306949868281994
2023-09-24 00:00:00+00:00,0.0,0.0,0.0,0.0,0.0,1.0,0.0,0.0,0.0,0.0,1.5306949868281994
2023-09-25 00:00:00+00:00,0.0,0.0,0.0,0.0,0.0,1.0,0.0,0.0,0.0,0.0,1.5306949868281994
2023-09-26 00:00:00+00:00,0.0,0.0,0.0,0.0,0.0,1.0,0.0,0.0,0.0,0.0,1.5306949868281994
2023-09-27 00:00:00+00:00,0.0,0.0,0.0,0.0,0.0,1.0,0.0,0.0,0.0,0.0,1.5306949868281994
2023-09-28 00:00:00+00:00,0.0,0.0,0.0,0.0,0.0,1.0,0.0,0.0,0.0,0.0,1.5306949868281994
2023-09-29 00:00:00+00:00,0.0,0.0,0.0,0.0,0.0,1.0,0.0,0.0,0.0,0.0,1.5306949868281994
2023-09-30 00:00:00+00:00,0.0,0.0,0.0,0.0,0.0,1.0,0.0,0.0,0.0,0.0,1.5306949868281994
2023-10-01 00:00:00+00:00,0.0,0.0,0.0,0.0,0.0,1.0,0.0,0.0,0.0,0.0,1.5306949868281994
2023-10-02 00:00:00+00:00,-0.005559695415979116,-0.005077185000871413,0.0004849727112832374,0.2424863556416187,0.23862069203926659,0.7613793079607334,0.0,0.0,0.23862069203926659,0.0,1.5221847889266684
2023-10-03 00:00:00+00:00,0.002347423403294746,0.0023474234032947504,0.0,0.0,0.24040378596913672,0.7595962140308633,0.0,0.0,0.24040378596913672,0.0,1.5257580011243341
2023-10-04 00:00:00+00:00,-0.004887497554645792,-0.004887497554645743,0.0,0.0,0.23667302725645753,0.7633269727435426,0.0,0.0,0.23667302725645753,0.0,1.5183008626248577
2023-10-05 00:00:00+00:00,-0.004399887666246327,-0.004399887666246277,0.0,0.0,0.2332996317625431,0.766700368237457,0.0,0.0,0.2332996317625431,0.0,1.5116205093857435
2023-10-06 00:00:00+00:00,0.007297036940590473,0.0072970369405905445,0.0,0.0,0.23885374410897214,0.761146255891028,0.0,0.0,0.23885374410897214,0.0,1.5226508600828854
2023-10-07 00:00:00+00:00,-0.0012243677613446025,-0.0012243677613445936,0.0,0.0,0.23792067875645417,0.762079321243546,0.0,0.0,0.23792067875645417,0.0,1.5207865754580163
2023-10-08 00:00:00+00:00,-0.0008172457836203018,-0.0008172457836202562,0.0,0.0,0.237297363242408,0.7627026367575923,0.0,0.0,0.237297363242408,0.0,1.519543719041437
2023-10-09 00:00:00+00:00,-0.01182082421615649,-0.011806265348603656,1.473280698141738e-05,0.0073664034907086895,0.23563952413304645,0.7643604758669535,0.0,0.0,0.23563952413304645,0.0,1.5015814598498833
2023-10-10 00:00:00+00:00,0.00021334497431690913,0.0002133449743169334,0.0,0.0,0.23580256181586892,0.7641974381841311,0.0,0.0,0.23580256181586892,0.0,1.5019018147078698
2023-10-11 00:00:00+00:00,-0.0010664973397370714,-0.0010664973397370514,0.0,0.0,0.23498667714217766,0.7650133228578224,0.0,0.0,0.23498667714217766,0.0,1.5003000404179376
2023-10-12 00:00:00+00:00,-0.007686978988749149,-0.007686978988749127,0.0,0.0,0.22906048126002715,0.770939518739973,0.0,0.0,0.22906048126002715,0.0,1.4887672655304254
2023-10-13 00:00:00+00:00,0.006025076068840507,0.006025076068840554,0.0,0.0,0.23367763182155632,0.7663223681784439,0.0,0.0,0.23367763182155632,0.0,1.4977372015540458
2023-10-14 00:00:00+00:00,0.001604194268797876,0.0016041942687978383,0.0,0.0,0.23490499284711683,0.7650950071528834,0.0,0.0,0.23490499284711683,0.0,1.5001398629889442
2023-10-15 00:00:00+00:00,-0.0007474249772407848,-0.0007474249772408246,0.0,0.0,0.23433271399329922,0.765667286006701,0.0,0.0,0.23433271399329922,0.0,1.4990186209859917
2023-10-16 00:00:00+00:00,-0.00046866542798662536,0.0,0.00046866542798659847,0.23433271399329922,0.0,1.0,0.0,0.0,0.0,0.0,1.4983160827824273
2023-10-17 00:00:00+00:00,0.0,0.0,0.0,0.0,0.0,1.0,0.0,0.0,0.0,0.0,1.4983160827824273
2023-10-18 00:00:00+00:00,0.0,0.0,0.0,0.0,0.0,1.0,0.0,0.0,0.0,0.0,1.4983160827824273
2023-10-19 00:00:00+00:00,0.0,0.0,0.0,0.0,0.0,1.0,0.0,0.0,0.0,0.0,1.4983160827824273
2023-10-20 00:00:00+00:00,0.0,0.0,0.0,0.0,0.0,1.0,0.0,0.0,0.0,0.0,1.4983160827824273
2023-10-21 00:00:00+00:00,0.0,0.0,0.0,0.0,0.0,1.0,0.0,0.0,0.0,0.0,1.4983160827824273
2023-10-22 00:00:00+00:00,0.0,0.0,0.0,0.0,0.0,1.0,0.0,0.0,0.0,0.0,1.4983160827824273
2023-10-23 00:00:00+00:00,0.030880289720932597,0.031531952078570596,0.0006317422900230834,0.3158711450115417,0.33678365114147324,0.6632163488585266,0.16881819377948357,0.0,0.1679654573619897,0.0,1.5445845175122814
2023-10-24 00:00:00+00:00,-0.004603620900734073,-0.00460362090073402,0.0,0.0,0.33371633372961323,0.6662836662703867,0.17397222780798366,0.0,0.15974410592162958,0.0,1.5374738359445117
2023-10-25 00:00:00+00:00,0.014849615121097948,0.014849615121098017,0.0,0.0,0.3434656166363312,0.6565343833636689,0.17432384903141335,0.0,0.16914176760491784,0.0,1.560304730667046
2023-10-26 00:00:00+00:00,8.510298414732276e-05,8.510298414722995e-05,0.0,0.0,0.3435214849169933,0.6564785150830067,0.1725688074102898,0.0,0.17095267750670348,0.0,1.560437517255805
2023-10-27 00:00:00+00:00,-0.006787924457142935,-0.006787924457142975,0.0,0.0,0.3390349037750098,0.6609650962249901,0.17242721530311406,0.0,0.16660768847189572,0.0,1.549845385268581
2023-10-28 00:00:00+00:00,0.00038395918076306046,0.0003839591807630531,0.0,0.0,0.3392885899867193,0.6607114100132806,0.1733222131510604,0.0,0.1659663768356589,0.0,1.5504404626330182
2023-10-29 00:00:00+00:00,0.008613450646376197,0.008613450646376138,0.0,0.0,0.34493099453526055,0.6550690054647393,0.17408516778597324,0.0,0.17084582674928728,0.0,1.5637951050380523
2023-10-30 00:00:00+00:00,0.00904717018220036,0.009154800660215592,0.0001066540811625481,0.05332704058127405,0.2980303462040093,0.7019696537959906,0.1442652939547428,0.0,0.1537650522492665,0.0,1.5779430254834235
2023-10-31 00:00:00+00:00,0.015961522649305282,0.01596152264930526,0.0,0.0,0.3090588195058051,0.6909411804941948,0.14267856420081199,0.0,0.16638025530499312,0.0,1.6031293988239905
2023-11-01 00:00:00+00:00,0.0151317061945071,0.015131706194507082,0.0,0.0,0.3193580928681926,0.6806419071318074,0.14372334049759114,0.0,0.17563475237060144,0.0,1.627387481878772
2023-11-02 00:00:00+00:00,-0.005872755890856118,-0.005872755890856094,0.0,0.0,0.3153372355852259,0.6846627644147741,0.14261387355530522,0.0,0.1727233620299207,0.0,1.6178302324578628
2023-11-03 00:00:00+00:00,-0.004308460763961186,-0.004308460763961132,0.0,0.0,0.3123746286524709,0.6876253713475292,0.14230948839398658,0.0,0.17006514025848432,0.0,1.610859874378568
2023-11-04 00:00:00+00:00,0.014175630646385162,0.014175630646385136,0.0,0.0,0.32198590602175003,0.6780140939782501,0.14171593218040213,0.0,0.18026997384134788,0.0,1.633694828980841
2023-11-05 00:00:00+00:00,-0.005516089877075858,-0.0055160898770759016,0.0,0.0,0.3182251748100746,0.6817748251899254,0.14229808107684366,0.0,0.17592709373323098,0.0,1.6246832214724687
2023-11-06 00:00:00+00:00,0.0022392532151811473,0.0027692933337848183,0.00052857633568079,0.264288167840395,0.38613190612686543,0.6138680938731346,0.1534978963580437,0.15409712839428155,0.0785368813745402,0.0,1.6283212985998017
2023-11-07 00:00:00+00:00,0.0017087717303301275,0.001708771730330138,0.0,0.0,0.3871790771955086,0.6128209228044914,0.15477968833103875,0.1525645484822172,0.07983484038225262,0.0,1.6311037280027434
2023-11-08 00:00:00+00:00,0.0015703429730222762,0.0015703429730223306,0.0,0.0,0.3881399073924078,0.6118600926075923,0.15552183881264692,0.15255561990959807,0.08006244867016277,0.0,1.633665120280283
2023-11-09 00:00:00+00:00,0.027590408064373628,0.02759040806437363,0.0,0.0,0.4045681160452579,0.5954318839547422,0.15591897181034003,0.16679733625449145,0.08185180798042638,0.0,1.67873860758935
2023-11-10 00:00:00+00:00,0.019666525086688758,0.019666525086688858,0.0,0.0,0.41605233740107306,0.5839476625989272,0.1554137819982657,0.16021742045395285,0.10042113494885449,0.0,1.7117535625294988
2023-11-11 00:00:00+00:00,-0.00315832648808112,-0.0031583264880811488,0.0,0.0,0.41420219668219466,0.5857978033178055,0.15518879674376906,0.1588251682093824,0.10018823172904319,0.0,1.7063472859118947
2023-11-12 00:00:00+00:00,-0.0010904664048236867,-0.0010904664048237327,0.0,0.0,0.41356270651511357,0.5864372934848865,0.1550826401815081,0.15834262639519267,0.1001374399384128,0.0,1.7044865715216457
2023-11-13 00:00:00+00:00,-0.007817627577055508,-0.007714520014287529,0.00010390917215624949,0.05195458607812474,0.35664494498881205,0.643355055011188,0.14340334535299634,0.14640654300874656,0.0668350566270691,0.0,1.6911615302953973
2023-11-14 00:00:00+00:00,-0.002130780620980377,-0.002130780620980346,0.0,0.0,0.35527116929054897,0.644728830709451,0.14011620213264592,0.14141451749523304,0.07374044966267003,0.0,1.6875580360796962
2023-11-15 00:00:00+00:00,0.02593182492511259,0.025931824925112555,0.0,0.0,0.3715675690667723,0.6284324309332276,0.14543721574615973,0.14334768696468375,0.08278266635592886,0.0,1.7313194956222817
2023-11-16 00:00:00+00:00,-0.022886589917822553,-0.022886589917822525,0.0,0.0,0.35684801329215704,0.6431519867078429,0.14218087841473942,0.13981219154150323,0.07485494333591441,0.0,1.6916954963092432
2023-11-17 00:00:00+00:00,0.0026224323141608163,0.002622432314160833,0.0,0.0,0.358530224360352,0.641469775639648,0.14357516017720873,0.13937897464297222,0.07557608954017105,0.0,1.696131853244485
2023-11-18 00:00:00+00:00,-2.123426260935979e-06,-2.12342626091523e-06,0.0,0.0,0.35852886224369246,0.6414711377563076,0.1433958678332206,0.1395050859823105,0.07562790842816132,0.0,1.6961282516335656
2023-11-19 00:00:00+00:00,0.009859482628039817,0.009859482628039713,0.0,0.0,0.3647916875653284,0.6352083124346715,0.14507022945915457,0.14158363927570045,0.07813781883047345,0.0,1.7128511986654744
2023-11-20 00:00:00+00:00,-0.0038211377767920496,-0.003716627783697096,0.00010489986685456952,0.05244993342728476,0.30977645011558125,0.6902235498844187,0.12570131478211313,0.12602247493584923,0.05805266039761885,0.0,1.7063061582442303
2023-11-21 00:00:00+00:00,-0.016290364140297164,-0.01629036414029714,0.0,0.0,0.29834625511093515,0.7016537448890647,0.12195783398760512,0.12250696191662087,0.0538814592067092,0.0,1.6785098095916002
2023-11-22 00:00:00+00:00,0.020094246409830818,0.020094246409830874,0.0,0.0,0.3121677263071535,0.6878322736928465,0.1251305517871648,0.12818343635916915,0.05885373816081954,0.0,1.712238199306852
2023-11-23 00:00:00+00:00,-0.0014976792077653345,-0.0014976792077653202,0.0,0.0,0.3111360290608994,0.6888639709391007,0.12493606949642949,0.1283128587245721,0.057887100839897766,0.0,1.7096738157570086
2023-11-24 00:00:00+00:00,0.0029120599156629012,0.0029120599156629897,0.0,0.0,0.31313621754929477,0.6868637824507053,0.12597388397783585,0.12909610118893308,0.058066232382525826,0.0,1.714652488344733
2023-11-25 00:00:00+00:00,0.0023557114929990686,0.002355711492999048,0.0,0.0,0.31475046774799303,0.685249532252007,0.12590142932246884,0.12893258447326755,0.05991645395225663,0.0,1.718691714918026
2023-11-26 00:00:00+00:00,-0.0036587929649758433,-0.0036587929649758303,0.0,0.0,0.31223407461865765,0.6877659253813424,0.12524915784021515,0.12811640454283874,0.05886851223560381,0.0,1.7124033777625218
2023-11-27 00:00:00+00:00,-0.005137515811817206,-0.00508955841875364,4.8202723641496027e-05,0.024101361820748013,0.2844910883931478,0.7155089116068523,0.11520937688444272,0.11388569288067521,0.05539601862802985,0.0,1.7036058783330577
2023-11-28 00:00:00+00:00,0.006080798476117089,0.006080798476117057,0.0,0.0,0.2888156570619239,0.7111843429380761,0.11628467189412295,0.11434971447321246,0.058181270694588526,0.0,1.7139651623619294
2023-11-29 00:00:00+00:00,0.0001602378644700586,0.0001602378644701112,0.0,0.0,0.2889295974647141,0.711070402535286,0.11637600887109831,0.11325179561165122,0.05930179298196456,0.0,1.7142398044793223
2023-11-30 00:00:00+00:00,0.0008805344217539535,0.0008805344217540514,0.0,0.0,0.28955516859352476,0.7104448314064754,0.11587223172830403,0.11444330503446573,0.059239631830755,0.0,1.7157492516343071
2023-12-01 00:00:00+00:00,0.00535201279308839,0.0053520127930884445,0.0,0.0,0.29333723674287615,0.7066627632571241,0.11818394306154781,0.11579181317934431,0.059361480501984004,0.0,1.7249319635787859
2023-12-02 00:00:00+00:00,0.010541037785684049,0.010541037785684004,0.0,0.0,0.3007084949211204,0.6992915050788797,0.11927261330508586,0.11883907399841813,0.06259680761761643,0.0,1.7431145365846041
2023-12-03 00:00:00+00:00,0.0024677663069860856,0.0024677663069860778,0.0,0.0,0.302429934824722,0.6975700651752781,0.12055303843762107,0.1200913712658873,0.06178552512121368,0.0,1.7474161359072053
2023-12-04 00:00:00+00:00,0.007408212825579241,0.007421295916361519,1.2986712545475066e-05,0.006493356272737533,0.3011231504615042,0.6988768495384958,0.12343719963905762,0.12020312941504187,0.057482821407404676,0.0,1.7603613665368572
2023-12-05 00:00:00+00:00,0.008249553253709685,0.008249553253709706,0.0,0.0,0.3068413992516446,0.6931586007483553,0.12849950785688916,0.12187519300477538,0.0564666983899801,0.0,1.7748835613758762
2023-12-06 00:00:00+00:00,-0.003379883400796868,-0.003379883400796868,0.0,0.0,0.30449065877413617,0.6955093412258638,0.1280251021243941,0.1190555066371119,0.05741005001263017,0.0,1.7688846618884346
2023-12-07 00:00:00+00:00,0.010595992653352315,0.010595992653352275,0.0,0.0,0.31178300103903867,0.6882169989609613,0.12526566836789504,0.1242993620145459,0.06221797065659772,0.0,1.7876277507704321
2023-12-08 00:00:00+00:00,0.009359662212660602,0.009359662212660557,0.0,0.0,0.3181647486761147,0.6818352513238852,0.12667906131708706,0.1233020073383238,0.06818368002070387,0.0,1.8043593426796216
2023-12-09 00:00:00+00:00,-0.0046489020732275455,-0.004648902073227599,0.0,0.0,0.3149801585148323,0.6850198414851676,0.12595278647071173,0.1229204759268898,0.06610689611723075,0.0,1.7959710527905908
2023-12-10 00:00:00+00:00,0.0031937591883439698,0.0031937591883440084,0.0,0.0,0.31716098190303926,0.6828390180969607,0.12576982883053495,0.12315266137864077,0.06823849169386355,0.0,1.8017069518424405
2023-12-11 00:00:00+00:00,-0.017050968373473974,-0.017012127180913016,3.951339953920041e-05,0.019756699769600206,0.2852447753484448,0.7147552246515553,0.11401156719248993,0.11447251109692311,0.05676069705903173,0.0,1.7709861035883068
2023-12-12 00:00:00+00:00,-0.001778126234662336,-0.0017781262346623205,0.0,0.0,0.2839715864415328,0.7160284135584672,0.1148762702992097,0.11356115056084491,0.05553416558147821,0.0,1.767837066736294
2023-12-13 00:00:00+00:00,0.008368327413616594,0.008368327413616688,0.0,0.0,0.28991382008692973,0.7100861799130704,0.1177027042181834,0.11551612989097021,0.056694985977776134,0.0,1.7826309061246708
2023-12-14 00:00:00+00:00,0.007302182988004002,0.007302182988003956,0.0,0.0,0.2950614106615842,0.7049385893384159,0.11726711194161114,0.11747749948518946,0.060316799234783613,0.0,1.7956480032012645
2023-12-15 00:00:00+00:00,-0.010286226704801615,-0.01028622670480159,0.0,0.0,0.2877348902689705,0.7122651097310296,0.11550607433305224,0.11383787753730511,0.05839093839861314,0.0,1.777177560758312
2023-12-16 00:00:00+00:00,0.002329668406132024,0.0023296684061320343,0.0,0.0,0.28939037506128357,0.7106096249387166,0.11616557573917857,0.11400548487278798,0.059219314449316995,0.0,1.7813177951736974
2023-12-17 00:00:00+00:00,-0.0064386410635235425,-0.006438641063523537,0.0,0.0,0.28478536474147503,0.7152146352585251,0.11442010567977567,0.1130748232376662,0.05729043582403313,0.0,1.7698485292705068
2023-12-18 00:00:00+00:00,0.007432348239014841,0.007442939205489739,1.0512720932074144e-05,0.005256360466037072,0.28485180878556293,0.7151481912144371,0.1144275599441028,0.11214313198097399,0.05828111686048615,0.0,1.7830026598703534
2023-12-19 00:00:00+00:00,-0.004227479668705514,-0.004227479668705533,0.0,0.0,0.28181569925578326,0.7181843007442167,0.11388481817112846,0.11051139725279471,0.057419483831860074,0.0,1.7754650523765036
2023-12-20 00:00:00+00:00,0.012236004913355414,0.012236004913355417,0.0,0.0,0.290497179256441,0.709502820743559,0.11621514182646588,0.11039215109641506,0.06388988633356002,0.0,1.7971896514808734
2023-12-21 00:00:00+00:00,0.011434582153748263,0.011434582153748294,0.0,0.0,0.29851832905224174,0.7014816709477583,0.11540877146117111,0.11099924232224825,0.07211031526882238,0.0,1.8177397641965976
2023-12-22 00:00:00+00:00,0.007603513446823085,0.007603513446823163,0.0,0.0,0.3038118053517691,0.6961881946482309,0.11481794695192284,0.11433966253751517,0.07465419586233112,0.0,1.8315609729364914
2023-12-23 00:00:00+00:00,0.006101230328422469,0.006101230328422464,0.0,0.0,0.30803365142394906,0.691966348576051,0.11342895126909822,0.11284742118025608,0.08175727897459477,0.0,1.8427357482929265
2023-12-24 00:00:00+00:00,-0.0005400733598839302,-0.0005400733598839766,0.0,0.0,0.30765973689186926,0.6923402631081307,0.1116447552115823,0.11074826008759858,0.0852667215926884,0.0,1.8417405358059677
2023-12-25 00:00:00+00:00,0.005364169844985778,0.0057036422858383826,0.0003375471924124496,0.16877359620622479,0.34884162549244924,0.6511583745075509,0.11502891784112897,0.09101779506184118,0.041824806553159274,0.10097010603631978,1.851619944850426
2023-12-26 00:00:00+00:00,0.004338786167240372,0.004338786167240432,0.0,0.0,0.35165465729696394,0.6483453427030362,0.11172707120716142,0.08900948990429822,0.03874064013880009,0.1121774560467042,1.8596537278541294
2023-12-27 00:00:00+00:00,0.016296962985967278,0.016296962985967233,0.0,0.0,0.3620512839100275,0.6379487160899726,0.11231455547804946,0.09337169452380009,0.03623512862042703,0.12012990528775094,1.8899604358236841
2023-12-28 00:00:00+00:00,-0.005834202008106026,-0.005834202008106076,0.0,0.0,0.35830752035670604,0.641692479643294,0.11072323875194136,0.09256910282345068,0.03470242441811964,0.12031275436319434,1.8789340248537607
2023-12-29 00:00:00+00:00,-0.0048969998137536885,-0.004896999813753657,0.0,0.0,0.3551496885013984,0.6448503114986017,0.10996935594094055,0.09124086027423725,0.03637021101155726,0.11756926127466333,1.8697328852839963
2023-12-30 00:00:00+00:00,-0.0003326475380853733,-0.0003326475380854056,0.0,0.0,0.35493510925358623,0.6450648907464138,0.11019776097021358,0.09097270037702634,0.03491907078745906,0.11884557711888726,1.8691109232428293
2023-12-31 00:00:00+00:00,-0.001988429632197808,-0.0019884296321977975,0.0,0.0,0.35364988753719084,0.6463501124628093,0.11079277101832721,0.09076375065453707,0.034926837984537114,0.11716652787978943,1.8653943276971887
2024-01-01 00:00:00+00:00,0.011601751971061836,0.01169082742465409,8.804612157943127e-05,0.044023060789715636,0.33958603364881834,0.6604139663511817,0.12065432616853575,0.09244210702325621,0.04274214911816768,0.08374745133885872,1.887036170015357
2024-01-02 00:00:00+00:00,0.0006567066374592034,0.0006567066374592514,0.0,0.0,0.34001944725839783,0.6599805527416023,0.1226694280687405,0.09251105357899657,0.0414668297138633,0.08337213589679746,1.8882753991933316
2024-01-03 00:00:00+00:00,-0.013680935199666622,-0.013680935199666653,0.0,0.0,0.33086505544206823,0.6691349445579319,0.11855545752108586,0.08799499971211631,0.03881163979334031,0.08550295841552571,1.8624420258178431
2024-01-04 00:00:00+00:00,0.010500234954379684,0.010500234954379734,0.0,0.0,0.33781812075665607,0.662181879243344,0.12089941007836018,0.0893422573882045,0.04089950549668618,0.08667694779340517,1.8819981046778413
2024-01-05 00:00:00+00:00,-0.0034991457322757213,-0.003499145732275773,0.0,0.0,0.3354929136212869,0.6645070863787131,0.1213075076306298,0.08972201915869647,0.03909483478665453,0.08536855204530612,1.875412719041707
2024-01-06 00:00:00+00:00,-0.006691382625516384,-0.006691382625516402,0.0,0.0,0.33101648897888325,0.6689835110211168,0.12163558461299219,0.08921127201860451,0.036932032373403915,0.08323759997388264,1.8628636149578388
2024-01-07 00:00:00+00:00,-0.00396460672575738,-0.0039646067257573915,0.0,0.0,0.32835367544321514,0.6716463245567849,0.12201055986314979,0.08879292384385513,0.03536684435328797,0.0821833473829223,1.8554780933408082
2024-01-08 00:00:00+00:00,0.015355114342197718,0.015401666082152989,4.584564070591435e-05,0.022922820352957174,0.3245064061578139,0.6754935938421861,0.11237579991702752,0.08828819268666091,0.04063175828567036,0.08321065526845511,1.8839691716234992
2024-01-09 00:00:00+00:00,-0.0015583630065435505,-0.0015583630065435993,0.0,0.0,0.323452098936642,0.6765479010633579,0.11053505153853314,0.08895227669397167,0.04131050982366424,0.08265426088047297,1.8810332637609726
2024-01-10 00:00:00+00:00,0.012769510776254878,0.012769510776254886,0.0,0.0,0.3319823574222668,0.6680176425777332,0.11042900584065542,0.09682509974763404,0.04186932362611127,0.08285892820786607,1.9050531382930622
2024-01-11 00:00:00+00:00,0.0003306413401422681,0.00033064134014229704,0.0,0.0,0.33220315866482863,0.6677968413351714,0.10964753238406397,0.09805302380254591,0.04099366941828909,0.0835089330599297,1.9056830276157497
2024-01-12 00:00:00+00:00,-0.01828698821000241,-0.01828698821000245,0.0,0.0,0.31976368519599224,0.6802363148040077,0.10311806464156313,0.09623763150362076,0.03851753111705516,0.08189045793375319,1.8708338245577387
2024-01-13 00:00:00+00:00,0.005348531148577029,0.005348531148577088,0.0,0.0,0.3233825944651647,0.6766174055348353,0.10272590223878972,0.09783668524786661,0.039855265231598554,0.08296474174690985,1.8808400375421972
2024-01-14 00:00:00+00:00,-0.008287941279583544,-0.008287941279583553,0.0,0.0,0.31772796389320973,0.6822720361067903,0.10088735993223792,0.09462462838287491,0.039333005091700964,0.08288297048639594,1.8652517457547577
2024-01-15 00:00:00+00:00,0.008387449205692787,0.008424134543031658,3.6378876786182804e-05,0.018189438393091402,0.3133233673003136,0.6866766326996865,0.09710132375569361,0.08581506528254051,0.04318716504067729,0.08721981322140218,1.8808964500281056
2024-01-16 00:00:00+00:00,0.0048164209326138074,0.004816420932613899,0.0,0.0,0.3166148379000894,0.6833851620999108,0.09806081221664667,0.08797489124731678,0.04446065799273309,0.08611847644339285,1.8899556390621
2024-01-17 00:00:00+00:00,-0.0023030021408922963,-0.0023030021408922932,0.0,0.0,0.31503736749098993,0.6849626325090103,0.09746271459798778,0.08622826988268642,0.04661794710347971,0.084728435906836,1.8856030671791484
2024-01-18 00:00:00+00:00,-0.00783124374750066,-0.007831243747500622,0.0,0.0,0.30963091894148265,0.6903690810585177,0.09490544097526712,0.08486891001126329,0.04343780205588707,0.08641876589906516,1.8708364499490335
2024-01-19 00:00:00+00:00,0.0016038308457015926,0.001603830845701654,0.0,0.0,0.31073638119414343,0.689263618805857,0.0955135635006535,0.08545935140669876,0.04301446401427221,0.08674900227251897,1.8738369551547247
2024-01-20 00:00:00+00:00,-0.00022325897030128772,-0.00022325897030124522,0.0,0.0,0.3105824625446235,0.6894175374553769,0.09561978892350657,0.08479343876479409,0.04268399463110715,0.08748524022521573,1.8734186042456045
2024-01-21 00:00:00+00:00,-0.0012197501530789578,-0.0012197501530789253,0.0,0.0,0.30974051843632205,0.6902594815636784,0.09547084077920596,0.08438321812833907,0.04190790260344565,0.08797855692533138,1.8711335016162949
2024-01-22 00:00:00+00:00,-0.019353307684912502,-0.019249525717024325,0.0001058189321438025,0.05290946607190125,0.3501404972985185,0.6498595027014814,0.10717312289370505,0.09444234394810508,0.04788647712197802,0.10063855333473035,1.834920879239967
2024-01-23 00:00:00+00:00,-0.004067764200122892,-0.004067764200122901,0.0,0.0,0.3474862251249949,0.652513774875005,0.1085071709840101,0.09189455368848974,0.048380282525069665,0.09870421792742541,1.8274568537773366
2024-01-24 00:00:00+00:00,0.0008119653025280282,0.0008119653025280963,0.0,0.0,0.34801561382435964,0.6519843861756403,0.10892811412616744,0.09150964694713348,0.050868105111041756,0.09670974764001695,1.8289406853344707
2024-01-25 00:00:00+00:00,-0.0023757054984572257,-0.0023757054984571745,0.0,0.0,0.3464630023856821,0.6535369976143178,0.10885029181398362,0.09105531224935501,0.04991511774325126,0.09664228057909224,1.8245956608919696
2024-01-26 00:00:00+00:00,0.013522921845179559,0.013522921845179454,0.0,0.0,0.35518281478576286,0.644817185214237,0.1124033292079484,0.0918258017261534,0.052303818270523,0.09864986558113802,1.8492695254132654
2024-01-27 00:00:00+00:00,0.0030741305066799285,0.0030741305066798843,0.0,0.0,0.3571589919395862,0.6428410080604137,0.11285492723145629,0.09155528207435802,0.05326221524697727,0.0994865673867946,1.8549544212764117
2024-01-28 00:00:00+00:00,0.00015592667214670008,0.00015592667214661487,0.0,0.0,0.3572592123716539,0.6427407876283459,0.11259735621749044,0.09109540015802288,0.054225553929083174,0.09934090206705742,1.8552436581463052
2024-01-29 00:00:00+00:00,0.01013845996376328,0.010175458598759663,3.662594916694571e-05,0.018312974583472856,0.3466538273579877,0.6533461726420122,0.10427834737892924,0.09314207482713252,0.05137037985670705,0.09786302529521891,1.8740529716974472
2024-01-30 00:00:00+00:00,-0.0009317569264880587,-0.000931756926488067,0.0,0.0,0.34604449979105306,0.6539555002089469,0.10350398577935917,0.09425028802354742,0.05128174019147671,0.09700848579666978,1.8723068098604625
2024-01-31 00:00:00+00:00,-0.007793345234785587,-0.007793345234785575,0.0,0.0,0.3409079680445277,0.6590920319554722,0.10343974240427703,0.09256412644769507,0.049421425777115655,0.09548267341543999,1.8577152765057798
2024-02-01 00:00:00+00:00,0.002416405958399981,0.0024164059584000667,0.0,0.0,0.3424967627846024,0.6575032372153976,0.10440926542113527,0.0931955866371008,0.04973450004549626,0.09515741068087007,1.862204270768939
2024-02-02 00:00:00+00:00,0.002261152592840876,0.0022611525928409237,0.0,0.0,0.34398012382856263,0.6560198761714374,0.10445671314320555,0.09317862498154579,0.05102253711381158,0.09532224858999973,1.8664149987841876
2024-02-03 00:00:00+00:00,-0.002862464214309468,-0.002862464214309485,0.0,0.0,0.34209689974760693,0.6579031002523932,0.10429853170984522,0.09293741385556828,0.04983597686131163,0.09502497732088178,1.8610724526411173
2024-02-04 00:00:00+00:00,-0.0009490776378495713,-0.0009490776378495369,0.0,0.0,0.3414719054591826,0.6585280945408175,0.10335822690072843,0.09275389647624604,0.04862541494702562,0.09673436713518246,1.8593061503938977
2024-02-05 00:00:00+00:00,-0.0002154884282035141,-0.0001997111750584302,1.5780404668199884e-05,0.007890202334099941,0.33977226793462956,0.6602277320653706,0.10685551086463602,0.09189346343561082,0.04763140321289017,0.09339189042149253,1.8589054914340002
2024-02-06 00:00:00+00:00,0.004901069140548442,0.004901069140548337,0.0,0.0,0.34299230805870584,0.6570076919412942,0.10730601206336612,0.09425756075504658,0.0479986464839933,0.09343008875629984,1.8680161157732633
2024-02-07 00:00:00+00:00,0.008732985366351809,0.008732985366351868,0.0,0.0,0.34868027369732346,0.6513197263026766,0.10946385765871196,0.09550757488341002,0.04968055261535951,0.09402828853984196,1.8843294731764206
2024-02-08 00:00:00+00:00,0.0065100822541748204,0.006510082254174923,0.0,0.0,0.3528929935366528,0.6471070064633474,0.1110586483192745,0.0946734543359697,0.05015470677067002,0.09700618411073855,1.896596613040765
2024-02-09 00:00:00+00:00,0.010637644602589535,0.010637644602589428,0.0,0.0,0.3597042323534192,0.6402957676465808,0.11436430568680193,0.09627095930232214,0.0516404535470155,0.09742851381727965,1.9167719337647677
2024-02-10 00:00:00+00:00,0.0027287834125253596,0.002728783412525352,0.0,0.0,0.36144670599012685,0.6385532940098733,0.11554925733497146,0.09653717231275886,0.052496787296863114,0.09686348904553337,1.9220023892232192
2024-02-11 00:00:00+00:00,0.00013162207579120455,0.0001316220757912759,0.0,0.0,0.36153074263910956,0.6384692573608906,0.11686216603509632,0.09679393800624408,0.05174353123930866,0.0961311073584605,1.9222553671673643
2024-02-12 00:00:00+00:00,0.013448406002332103,0.013478846235309302,3.003539056603871e-05,0.015017695283019356,0.3552041514518367,0.6447958485481633,0.11028624675147253,0.09920647157269441,0.051408735002989994,0.09430269812467978,1.948106637785193
2024-02-13 00:00:00+00:00,-0.0017891463052237544,-0.0017891463052237037,0.0,0.0,0.35404844962212456,0.6459515503778754,0.1100021187683686,0.09863703152892121,0.05188834502561743,0.09352095429921739,1.9446211899920178
2024-02-14 00:00:00+00:00,0.014420997213880238,0.014420997213880212,0.0,0.0,0.36323128942323823,0.6367687105767619,0.1130106023479588,0.10220006400466931,0.05318781656572156,0.09483280650488854,1.9726645667549452
2024-02-15 00:00:00+00:00,0.006160982568485851,0.006160982568485783,0.0,0.0,0.36713038807046044,0.6328696119295396,0.11250258617650295,0.10332330032900708,0.05129394028742347,0.10001056127752694,1.984818118764192
2024-02-16 00:00:00+00:00,5.37591186091646e-05,5.375911860912904e-05,0.0,0.0,0.3671644087540703,0.6328355912459297,0.11302582286383586,0.10255748077393148,0.04985412598752486,0.10172697912877808,1.9849248208368562
2024-02-17 00:00:00+00:00,-0.004375261343047887,-0.004375261343047835,0.0,0.0,0.36438342010304686,0.6356165798969532,0.11247392852951385,0.102423974714949,0.049437762545430926,0.1000477543131531,1.9762402559993923
2024-02-18 00:00:00+00:00,0.0052137180019549145,0.005213718001954986,0.0,0.0,0.3676801574491476,0.6323198425508525,0.11296313187081242,0.10537752243531161,0.050684961100196976,0.09865454204282662,1.9865438153982844
2024-02-19 00:00:00+00:00,0.0013748721459891922,0.0014245540026113263,4.96111828131314e-05,0.0248055914065657,0.3508077096500344,0.6491922903499656,0.10909465291094587,0.09379461841565556,0.05376495425874831,0.09415348406468457,1.9892750591568626
2024-02-20 00:00:00+00:00,0.0024788117804273035,0.0024788117804272923,0.0,0.0,0.3524129560434459,0.647587043956554,0.10984238021156349,0.09578706391660237,0.05208840122021854,0.09469511069506151,1.994206097608011
2024-02-21 00:00:00+00:00,0.0026413890811156637,0.0026413890811157296,0.0,0.0,0.35411897911969903,0.6458810208803009,0.10869467674001816,0.0940485302570068,0.05037806251340586,0.10099770960926821,1.999473571819727
2024-02-22 00:00:00+00:00,-0.001711085127260703,-0.0017110851272607549,0.0,0.0,0.35301192745124577,0.6469880725487541,0.10770299475920284,0.09432051344889747,0.04888379533229201,0.10210462391085343,1.9960523023286354
2024-02-23 00:00:00+00:00,-0.005508053340324226,-0.005508053340324208,0.0,0.0,0.34942854517638494,0.6505714548236149,0.10715024554394492,0.09327411432840536,0.04826565314978724,0.10073853215424743,1.9850579397773322
2024-02-24 00:00:00+00:00,0.007608182163698851,0.0076081821636989466,0.0,0.0,0.3543408376988335,0.6456591623011664,0.10806811087692915,0.09479897796740584,0.04987172527827771,0.10160202357622083,2.000160622188655
2024-02-25 00:00:00+00:00,0.005710769005592198,0.0057107690055921275,0.0,0.0,0.35800711079233116,0.6419928892076686,0.10778919438422735,0.09803977226505346,0.04932633995429931,0.10285180418875108,2.011583077476056
2024-02-26 00:00:00+00:00,0.014857990723089243,0.014921409071830666,6.248597002133876e-05,0.031242985010669383,0.3764979114219406,0.6235020885780596,0.10911491950474145,0.09012331696542983,0.06358866329531004,0.11367101165645928,2.0414711601799187
2024-02-27 00:00:00+00:00,0.004163236718555341,0.00416323671855524,0.0,0.0,0.3790829361413743,0.6209170638586258,0.11377061899645668,0.09162607583946682,0.06243190710681739,0.1112543341986334,2.0499702878738515
2024-02-28 00:00:00+00:00,0.026559432053519183,0.026559432053519225,0.0,0.0,0.3951474756638791,0.604852524336121,0.12130946756134703,0.09313034561166733,0.06681131531653088,0.11389634717433386,2.10441633444637
2024-02-29 00:00:00+00:00,-0.004209077516172388,-0.004209077516172348,0.0,0.0,0.3925908434398847,0.6074091565601154,0.11928338359311326,0.09233501035864088,0.07084212782715787,0.11013032166097271,2.095558682968386
2024-03-01 00:00:00+00:00,0.009380164848995731,0.00938016484899584,0.0,0.0,0.39823549370916733,0.6017645062908329,0.1206046692025179,0.09403274174859871,0.07227791403206346,0.1113201687259873,2.115215368865374
2024-03-02 00:00:00+00:00,0.0001874915178747827,0.00018749151787473726,0.0,0.0,0.39834829829995105,0.6016517017000492,0.11980775092112436,0.09368570501850058,0.07259936174693662,0.11225548061338946,2.1156119538055145
2024-03-03 00:00:00+00:00,0.005052187040790246,0.005052187040790342,0.0,0.0,0.40137267551099737,0.5986273244890029,0.121372199328406,0.09502408754551611,0.07230663770089446,0.11266975093618081,2.1263004211018717
2024-03-04 00:00:00+00:00,0.013607012821192255,0.013711683741412227,0.00010325511868786157,0.05162755934393078,0.35854060453069914,0.6414593954693009,0.09909648205418164,0.09482495005236029,0.061518959860979966,0.10310021256317725,2.1552330181935115
2024-03-05 00:00:00+00:00,-0.018183562448791935,-0.018183562448791976,0.0,0.0,0.346660566134752,0.653339433865248,0.09424442719597849,0.09460865032931952,0.058920253439595456,0.09888723516985853,2.1160432040154915
2024-03-06 00:00:00+00:00,0.021967323507778413,0.021967323507778302,0.0,0.0,0.3607041841389409,0.6392958158610589,0.09561949246042306,0.09947635346125631,0.06017964346235828,0.10542869475490325,2.1625270096345357
2024-03-07 00:00:00+00:00,0.019479459158148194,0.019479459158148187,0.0,0.0,0.3729193755517467,0.6270806244482531,0.09485587433219726,0.09885787532499189,0.06490567502183642,0.11429995087272114,2.204651866197104
2024-03-08 00:00:00+00:00,0.005355235367829225,0.005355235367829168,0.0,0.0,0.3762596519241048,0.623740348075895,0.09618757234286295,0.09870262678406443,0.06499536856284915,0.11637408423432827,2.2164582958447134
2024-03-09 00:00:00+00:00,0.001200738462931783,0.0012007384629318402,0.0,0.0,0.37700770273753814,0.6229922972624616,0.09633886498062641,0.09913843500520547,0.06469772543412602,0.11683267731758021,2.2191196825720185
2024-03-10 00:00:00+00:00,0.009982128325954909,0.009982128325954989,0.0,0.0,0.3831650285782072,0.6168349714217926,0.09628397323595438,0.09748673509041586,0.0640982405828652,0.1252960796689718,2.241271220014105
2024-03-11 00:00:00+00:00,0.009509228655093738,0.00963038043456167,0.00011999617069335261,0.059998085346676305,0.3308414937489497,0.6691585062510503,0.08825549045948493,0.10183420721799974,0.06409784184108953,0.07665395423037553,2.2625839805233
2024-03-12 00:00:00+00:00,0.00017911726842934073,0.0001791172684294036,0.0,0.0,0.3309613301279709,0.6690386698720292,0.08747319903673102,0.09969113043560049,0.0650466033371177,0.07875039731852165,2.2629892483854834
2024-03-13 00:00:00+00:00,0.02177718575397658,0.02177718575397649,0.0,0.0,0.3452205831173057,0.6547794168826943,0.08755033056537488,0.0981748549921939,0.0690713421131866,0.0904240554465503,2.312270785606826
2024-03-14 00:00:00+00:00,-0.003576839971528911,-0.00357683997152894,0.0,0.0,0.3428701347487897,0.6571298652512102,0.08584036166173954,0.09549872118963139,0.07471172599584244,0.08681932590157634,2.304000163035869
2024-03-15 00:00:00+00:00,0.0016298644069616675,0.0016298644069615755,0.0,0.0,0.34393942452955967,0.6560605754704402,0.08343286270022011,0.0919168804065697,0.07767256641636294,0.09091711500640694,2.307755370895235
2024-03-16 00:00:00+00:00,-0.019315057035943384,-0.019315057035943356,0.0,0.0,0.3310179990247023,0.6689820009752976,0.07993578986636088,0.08823962884866526,0.07838429179963367,0.08445828851004251,2.263180944281389
2024-03-17 00:00:00+00:00,0.014668350498927785,0.014668350498927684,0.0,0.0,0.34068900380469225,0.6593109961953075,0.08251147627128688,0.08996583346265472,0.08565308214222785,0.0825586119285228,2.2963780756146024
2024-03-18 00:00:00+00:00,-0.008020755959863735,-0.007914627387575764,0.00010697524146387092,0.05348762073193546,0.30389544201633373,0.6961045579836663,0.08735648882893537,0.09337964012994304,0.06069882022101726,0.06246049283643804,2.277959387478516
2024-03-19 00:00:00+00:00,-0.030377056882600284,-0.03037705688260026,0.0,0.0,0.28208736919359023,0.7179126308064099,0.08253428465679942,0.08640724745778111,0.05426095475851534,0.05888488232049435,2.208761685588828
2024-03-20 00:00:00+00:00,0.03034968827633322,0.03034968827633317,0.0,0.0,0.3032340000923354,0.6967659999076646,0.08773761220615972,0.09336376303799257,0.05946644434147049,0.06266618050671265,2.2757969142231573
2024-03-21 00:00:00+00:00,-0.007795059016986627,-0.007795059016986668,0.0,0.0,0.2977599978313419,0.7022400021686581,0.08537782917310273,0.09346334657112147,0.05608932694332647,0.06282949514379121,2.2580569429661117
2024-03-22 00:00:00+00:00,-0.007737680184177975,-0.007737680184177945,0.0,0.0,0.29228391712082363,0.7077160828791764,0.08380436268737528,0.08997207565555877,0.05518803805232293,0.06331944072556667,2.2405848205037775
2024-03-23 00:00:00+00:00,-0.0009534826246944128,-0.0009534826246944128,0.0,0.0,0.29160847811322377,0.7083915218867763,0.08413861468589498,0.08987385238979784,0.05443358499860526,0.0631624260389257,2.238448461808273
2024-03-24 00:00:00+00:00,0.012977549849436443,0.012977549849436517,0.0,0.0,0.30068388781955957,0.6993161121804405,0.0872403072252936,0.09206560253738094,0.05722837455351926,0.06414960350336579,2.267498038306784
2024-03-25 00:00:00+00:00,0.008859776571424893,0.008962192171187936,0.00010150588451968086,0.05075294225984043,0.25659349749646654,0.7434065025035335,0.07321102971146647,0.07443962476043553,0.05212332905195439,0.056819513972610154,2.2875875643023265
2024-03-26 00:00:00+00:00,-0.00019156233068529094,-0.0001915623306852441,0.0,0.0,0.2564510615288345,0.7435489384711655,0.07333821620275832,0.07438939599518828,0.052541598757838565,0.056181850573049315,2.287149348696862
2024-03-27 00:00:00+00:00,-0.0040653678523062675,-0.0040653678523063005,0.0,0.0,0.25341592262161666,0.7465840773783834,0.07309256845261485,0.0728999111284237,0.05161486076378877,0.055808582276789316,2.2778512452612465
2024-03-28 00:00:00+00:00,0.004421712269019107,0.0044217122690191416,0.0,0.0,0.25670256998743357,0.7432974300125664,0.07414367943585963,0.07380805438574238,0.05229769205409478,0.056453144111736825,2.2879232480594185
2024-03-29 00:00:00+00:00,0.0014459284996728439,0.0014459284996728538,0.0,0.0,0.2577757731501834,0.7422242268498166,0.07306377296675352,0.0726509716508343,0.052877575859368524,0.05918345267322708,2.2912314214888516
2024-03-30 00:00:00+00:00,-0.0009079900730019075,-0.0009079900730018541,0.0,0.0,0.257101228440362,0.742898771559638,0.07284921431457658,0.07263225877398988,0.05352373940594186,0.05809601594585369,2.28915100610319
2024-03-31 00:00:00+00:00,0.0075276470870049295,0.00752764708700482,0.0,0.0,0.26265172602704256,0.7373482739729573,0.0740691946150212,0.07496112709880963,0.0553834995986998,0.05823790471451192,2.306382927005997
2024-04-01 00:00:00+00:00,-0.009938102896292822,-0.00991660649771206,2.171170501571991e-05,0.010855852507859955,0.2443019129589225,0.7556980870410777,0.07075909244058841,0.06965410988073949,0.05077604647252672,0.05311266416506787,2.283461856159158
2024-04-02 00:00:00+00:00,-0.013801721201143091,-0.013801721201143131,0.0,0.0,0.23372601302703322,0.7662739869729669,0.06743735831135078,0.0660966299677954,0.048618246634725915,0.051573778113161106,2.251946152247005
2024-04-03 00:00:00+00:00,0.0030535338657442512,0.0030535338657442287,0.0,0.0,0.23605873355556084,0.7639412664444393,0.06774482764845673,0.06653588955970845,0.04941011467954264,0.05236790166785302,2.2588225460867237
2024-04-04 00:00:00+00:00,0.0048644453119184305,0.004864445311918403,0.0,0.0,0.23975689456570898,0.7602431054342911,0.06999704418991033,0.06654498214524071,0.04889192258290104,0.054322945647656884,2.2698104648314907
2024-04-05 00:00:00+00:00,-0.004136770334936979,-0.004136770334936972,0.0,0.0,0.23659887945658734,0.7634011205434127,0.06960310402962824,0.06662982249747575,0.04652553360364418,0.05384041932583916,2.260420780234646
2024-04-06 00:00:00+00:00,0.003651372621113591,0.003651372621113604,0.0,0.0,0.2393762003735109,0.7606237996264892,0.07044949972345804,0.06706252662026252,0.04750474171615152,0.054359432313638816,2.268674418783791
2024-04-07 00:00:00+00:00,0.002588156108642714,0.002588156108642652,0.0,0.0,0.24133973158160243,0.7586602684183976,0.07074126135649728,0.06893724696871598,0.04759954369031749,0.054061679566071684,2.2745461023392877
2024-04-08 00:00:00+00:00,0.00743276639757684,0.007450013116337549,1.7119180640321792e-05,0.008559590320160897,0.2440437168884138,0.7559562831115862,0.06942798740204643,0.07151383744256383,0.0503687361846942,0.05273315585910933,2.2914522721784945
2024-04-09 00:00:00+00:00,-0.008877435895234598,-0.008877435895234619,0.0,0.0,0.2372726537666851,0.762727346233315,0.0676300887997167,0.06847871082394046,0.04849378252227577,0.0526700716207522,2.2711100515252403
2024-04-10 00:00:00+00:00,0.005128108351167615,0.005128108351167598,0.0,0.0,0.24116404675568354,0.7588359532443165,0.06873015520451482,0.06889176922923276,0.04849542315047349,0.055046699171462446,2.2827565499468876
2024-04-11 00:00:00+00:00,-0.002166563876677685,-0.0021665638766777224,0.0,0.0,0.23951641048182723,0.7604835895181727,0.06827002369907795,0.06820171118724579,0.0483399080042376,0.054704767591265885,2.2778108120665235
2024-04-12 00:00:00+00:00,-0.014181742052577384,-0.014181742052577374,0.0,0.0,0.22857627824668247,0.7714237217533175,0.06639356642762544,0.06394650830032649,0.04357050948556683,0.05466569403316372,2.245507486685224
2024-04-13 00:00:00+00:00,-0.015797651107806177,-0.01579765110780622,0.0,0.0,0.21619398427404413,0.7838060157259558,0.06425096374357477,0.06034874809798939,0.04002382358980573,0.051570448842674255,2.2100337428506043
2024-04-14 00:00:00+00:00,0.009664964477707372,0.009664964477707375,0.0,0.0,0.22369692590906803,0.7763030740909319,0.06536541139824849,0.06271488231199784,0.04330217323109752,0.05231445896772419,2.23139364046979
2024-04-15 00:00:00+00:00,-0.008211217695769046,-0.008198943878403859,1.2375281604541975e-05,0.006187640802270987,0.21351891687574748,0.7864810831242526,0.0630319408328652,0.05962861058828257,0.041114625707555655,0.04974373974704404,2.213071181522938
2024-04-16 00:00:00+00:00,-0.002021586457408131,-0.002021586457408078,0.0,0.0,0.21192575665797514,0.788074243342025,0.06353150046254905,0.0594067357824163,0.040513807207857445,0.04847371320515233,2.208597266793091
2024-04-17 00:00:00+00:00,-0.006024173748089057,-0.0060241737480890315,0.0,0.0,0.20714948741389497,0.7928505125861052,0.061395667985723615,0.057852204108241045,0.03945167403404859,0.04844994128588173,2.1952922931183747
2024-04-18 00:00:00+00:00,0.008424987324275657,0.008424987324275672,0.0,0.0,0.21377343624751843,0.7862265637524817,0.06306131990538685,0.05888677656561268,0.042160678543699995,0.04966466123281894,2.213787602860977
2024-04-19 00:00:00+00:00,0.0005064808160628598,0.0005064808160628853,0.0,0.0,0.2141714433361831,0.7858285566638171,0.06337490100449274,0.058704273492443206,0.04226390307179076,0.04982836576745638,2.214908843812664
2024-04-20 00:00:00+00:00,0.007116824143628353,0.00711682414362828,0.0,0.0,0.21972452666350523,0.7802754733364949,0.06403395821959877,0.06018394704946101,0.0445302773103711,0.050976344084074345,2.230671960548246
2024-04-21 00:00:00+00:00,-8.443451217721165e-05,-8.443451217723735e-05,0.0,0.0,0.21965863892135082,0.7803413610786493,0.06403992744198207,0.06003396907790952,0.04382719478451646,0.05175754761694277,2.2304836148494296
2024-04-22 00:00:00+00:00,0.00723293427294891,0.007244870922402676,1.1850791995423035e-05,0.0059253959977115175,0.219388671241063,0.7806113287589369,0.06335886616677532,0.05954758962734185,0.0441475589242014,0.05233465652274447,2.246616556232525
2024-04-23 00:00:00+00:00,-0.00048595305872900507,-0.00048595305872904947,0.0,0.0,0.21900914634689087,0.780990853653109,0.06300515451680418,0.05993528221243912,0.04355267177669962,0.05251603784094797,2.2455248060452324
2024-04-24 00:00:00+00:00,-0.005213517348144903,-0.005213517348144903,0.0,0.0,0.21491609780303775,0.7850839021969622,0.061309412760365334,0.05877715285117754,0.04181184371523896,0.0530176884762559,2.233817723513226
2024-04-25 00:00:00+00:00,3.461945556137991e-05,3.4619455561381263e-05,0.0,0.0,0.21494327603940605,0.7850567239605939,0.06150635676038547,0.059056194592809225,0.040973000139641134,0.05340772454657022,2.233895057066637
2024-04-26 00:00:00+00:00,-0.004069837265569198,-0.004069837265569203,0.0,0.0,0.21173516644466484,0.788264833555335,0.0610603183705812,0.05883698409196589,0.03954969804021666,0.05228816594190109,2.2248034677160167
2024-04-27 00:00:00+00:00,0.002473176088714668,0.0024731760887145753,0.0,0.0,0.21367987457693619,0.7863201254230636,0.060615473855462974,0.061020720933445634,0.04004151348863272,0.05200216629939485,2.230305798454461
2024-04-28 00:00:00+00:00,-0.000771934415724651,-0.0007719344157246942,0.0,0.0,0.21307241809377975,0.78692758190622,0.06033408878976318,0.061215862553885086,0.039130966898830166,0.05239149985130131,2.228584148651044
2024-04-29 00:00:00+00:00,-0.000778825065732236,-0.0007520035909941811,2.6841659762627356e-05,0.013420829881313677,0.2199435749298057,0.7800564250701942,0.06778290507563053,0.05897222058961808,0.04293505455700089,0.05025339470755623,2.226848471454981
2024-04-30 00:00:00+00:00,-0.011763612881440011,-0.011763612881440016,0.0,0.0,0.21065806193937492,0.789341938060625,0.06515953909759051,0.05591388807885096,0.03996830297139558,0.049616331791537883,2.2006526880911585
2024-05-01 00:00:00+00:00,-0.002188397326741587,-0.0021883973267416415,0.0,0.0,0.2089268796375165,0.7910731203624835,0.06281933544426921,0.05526346996863187,0.04254602897983095,0.048298045244784454,2.195836785631453
2024-05-02 00:00:00+00:00,0.0018212598804376867,0.0018212598804376494,0.0,0.0,0.21036501016469333,0.7896349898353066,0.06345249186332408,0.05541780556382431,0.04339602892554064,0.048098683812004286,2.199835975073113
2024-05-03 00:00:00+00:00,0.01047056807073976,0.010470568070739674,0.0,0.0,0.2185472642286529,0.7814527357713469,0.06685802978285554,0.056981700716624076,0.04485674795052308,0.04985078577865022,2.222869507394578
2024-05-04 00:00:00+00:00,0.00196573744003925,0.0019657374400392546,0.0,0.0,0.22008038142311065,0.7799196185768892,0.06779863886869314,0.05713807291225561,0.045500870653053686,0.04964279898910821,2.227239085209585
2024-05-05 00:00:00+00:00,0.0009158999306777549,0.0009158999306778558,0.0,0.0,0.22079405609311875,0.7792059439068811,0.06786378786560635,0.057436663721077245,0.045362744555553725,0.050130859950881436,2.2292790133333313
2024-05-06 00:00:00+00:00,-0.0006497413066944846,-0.0006287738934785607,2.098060527281813e-05,0.010490302636409064,0.22503666960791385,0.7749633303920863,0.06850456335827088,0.059502237439005276,0.044571436123008984,0.0524584326876287,2.2278305586742215
2024-05-07 00:00:00+00:00,-0.004468404056803266,-0.004468404056803242,0.0,0.0,0.22155827745691742,0.7784417225430827,0.06788266673887505,0.058658854103670714,0.04337101069998947,0.05164574591438219,2.2178757115679715
2024-05-08 00:00:00+00:00,-0.002466568369448807,-0.0024665683694488124,0.0,0.0,0.21963345000813161,0.7803665499918686,0.06682842327541862,0.05818782151458342,0.04175709787318839,0.05286010734494117,2.212405169490449
2024-05-09 00:00:00+00:00,0.007056040534003882,0.007056040534003946,0.0,0.0,0.22510116757944337,0.7748988324205569,0.06839998266069124,0.0589853807833398,0.044494812941465546,0.053220991193946805,2.2280159900440135
2024-05-10 00:00:00+00:00,-0.00781618349848956,-0.007816183498489527,0.0,0.0,0.21899670249320488,0.7810032975067954,0.06645336645421686,0.05697786279349385,0.04292288555746304,0.05264258768803113,2.2106014082282606
2024-05-11 00:00:00+00:00,0.00048462786475034214,0.0004846278647504512,0.0,0.0,0.2193750151128016,0.7806249848871988,0.06644958069850651,0.05699860266807966,0.04272580818062209,0.05320102356559338,2.211672727268544
2024-05-12 00:00:00+00:00,0.0006945661193020758,0.0006945661193021046,0.0,0.0,0.21991683444983073,0.7800831655501698,0.06712180565658132,0.05728857778035464,0.04210894131456901,0.053397509698325754,2.2132088802118894
2024-05-13 00:00:00+00:00,0.0028753330666579924,0.0029112145547958664,3.577733264632256e-05,0.01788866632316128,0.2400179715156988,0.7599820284843013,0.06949029863717451,0.06001467741596363,0.043296387207994204,0.06721660825456648,2.219572592888584
2024-05-14 00:00:00+00:00,-0.007317540928926003,-0.007317540928926003,0.0,0.0,0.23441577763399557,0.7655842223660045,0.06848704891408844,0.05904223898073711,0.0419895340795223,0.06489695565964775,2.203330779595399
2024-05-15 00:00:00+00:00,0.014699944069409332,0.014699944069409271,0.0,0.0,0.2455067856851724,0.7544932143148277,0.07256873110799171,0.06122795073774334,0.046185685706856605,0.06552441813258073,2.2357196188218595
2024-05-16 00:00:00+00:00,-0.003924402177366004,-0.0039244021773660095,0.0,0.0,0.24253418519226055,0.7574658148077396,0.07178580885620134,0.059688478636110445,0.04661335393731923,0.06444654376262954,2.226945755881775
2024-05-17 00:00:00+00:00,0.009224372313867857,0.009224372313867885,0.0,0.0,0.24945746893618595,0.7505425310638142,0.0730801022757197,0.06210137391072925,0.049105892901831615,0.06517009984790537,2.2474879326568167
2024-05-18 00:00:00+00:00,0.0012962667005647077,0.001296266700564763,0.0,0.0,0.25042911271708357,0.7495708872829167,0.07286701632341512,0.06264158913441739,0.049902001628743406,0.06501850563050765,2.250401276423841
2024-05-19 00:00:00+00:00,-0.003089658261024919,-0.0030896582610249654,0.0,0.0,0.24810601726190182,0.7518939827380984,0.07239245230744962,0.061794685194554534,0.04933949052163322,0.06457938923826445,2.2434483055295167
2024-05-20 00:00:00+00:00,0.028411074101499567,0.028498691157368673,8.518927308541889e-05,0.042594636542709445,0.30761456494065287,0.6923854350593471,0.08267736639177413,0.08264103327911533,0.05119863347130472,0.09109753179845867,2.3071870815807993
2024-05-21 00:00:00+00:00,0.0019113359742861658,0.0019113359742861553,0.0,0.0,0.30893542153003734,0.6910645784699626,0.08102015207882987,0.08536212927619406,0.04876338553258683,0.0937897546424266,2.311596891249233
2024-05-22 00:00:00+00:00,-0.0031890623256880524,-0.0031890623256880606,0.0,0.0,0.3067245228244534,0.6932754771755466,0.08014185938600034,0.08446309349675393,0.048592622515278495,0.09352694742642063,2.304225064691172
2024-05-23 00:00:00+00:00,-0.0029152794015102623,-0.0029152794015102216,0.0,0.0,0.30469752183203136,0.6953024781679688,0.07898523186718835,0.08574985115165878,0.048511624170517555,0.09145081464266663,2.2975076048236343
2024-05-24 00:00:00+00:00,-0.0027691787974678528,-0.0027691787974679057,0.0,0.0,0.30276675832228755,0.6972332416777125,0.07988081790434144,0.08473073749328215,0.04631274656363552,0.09184245636102845,2.2911453954773355
2024-05-25 00:00:00+00:00,0.0018250508773260954,0.0018250508773259928,0.0,0.0,0.30403692634045637,0.6959630736595436,0.08059670579231534,0.08505208771015808,0.04640755718031552,0.09198057565766742,2.295326852391433
2024-05-26 00:00:00+00:00,-0.0008233319250341431,-0.0008233319250341418,0.0,0.0,0.3034634455582312,0.6965365544417688,0.07975173372164869,0.08687535790453496,0.04508566810523871,0.09175068582680881,2.293437036515471
2024-05-27 00:00:00+00:00,0.0045219201765975825,0.004592434170028823,7.019164293160706e-05,0.03509582146580353,0.2770619688864929,0.7229380311135071,0.0797517182737626,0.05818282619707552,0.049512824620595926,0.0896145997950589,2.3038077757246467
2024-05-28 00:00:00+00:00,-0.002686335773448789,-0.0026863357734488395,0.0,0.0,0.27511468352920965,0.7248853164707904,0.07877108693269988,0.057597681780077764,0.049217275880277175,0.08952863893615484,2.2976189744815683
2024-05-29 00:00:00+00:00,-0.0030142073843700823,-0.0030142073843700545,0.0,0.0,0.2729231230376651,0.7270768769623349,0.0781475196211145,0.05661102925941832,0.04926071747110118,0.08890385668603107,2.290693474402217
2024-05-30 00:00:00+00:00,3.72245893465184e-06,3.722458934733941e-06,0.0,0.0,0.2729258295414071,0.7270741704585929,0.07895554145942132,0.05631720392653442,0.04883910367596929,0.08881398047948211,2.2907020014146076
2024-05-31 00:00:00+00:00,-0.0012759067785016454,-0.001275906778501666,0.0,0.0,0.27199696553496344,0.7280030344650366,0.07811706236420049,0.05660565643937875,0.04854106572957182,0.08873318100181235,2.2877792792034755
2024-06-01 00:00:00+00:00,0.0024217319737516174,0.002421731973751708,0.0,0.0,0.2737557344934944,0.7262442655065057,0.07819005953818582,0.0572723455233107,0.0485670359972026,0.08972629343479525,2.293319667432809
2024-06-02 00:00:00+00:00,-0.0012680414917531913,-0.0012680414917532012,0.0,0.0,0.27283365739967075,0.7271663426003293,0.07828792422617403,0.0568205758400184,0.047750607851106575,0.08997454948237173,2.2904116429406507
2024-06-03 00:00:00+00:00,0.004354882187354248,0.004660458581507105,0.00030415887431684506,0.15207943715842254,0.2717313121616245,0.7282686878383756,0.0,0.0877502420550681,0.07296134555523578,0.11101972455132063,2.3003861158062016
2024-06-04 00:00:00+00:00,0.014559491316260997,0.01455949131626105,0.0,0.0,0.2821823716876966,0.7178176283123036,0.0,0.08748192013858484,0.07491473702307694,0.11978571452603483,2.333878567483329
2024-06-05 00:00:00+00:00,0.004340831309270321,0.00434083130927033,0.0,0.0,0.28528482967624846,0.7147151703237518,0.0,0.08837874804089851,0.0753595262716571,0.12154655536369283,2.3440095406410957
2024-06-06 00:00:00+00:00,-0.0005378092714815041,-0.0005378092714815328,0.0,0.0,0.2849002423965751,0.715099757603425,0.0,0.08722479553176003,0.07392292206306769,0.12375252480174738,2.342748910577698
2024-06-07 00:00:00+00:00,-0.011126949133545061,-0.011126949133545061,0.0,0.0,0.27685383176652323,0.723146168233477,0.0,0.08507998647743854,0.07139811087921628,0.12037573440986837,2.3166812626170317
2024-06-08 00:00:00+00:00,-0.0022092876511133896,-0.002209287651113422,0.0,0.0,0.27525265641015284,0.7247473435898473,0.0,0.08534417200385967,0.06949550738380031,0.1204129770224929,2.311563047311966
2024-06-09 00:00:00+00:00,0.000771104903320996,0.0007711049033209618,0.0,0.0,0.2758110820357258,0.7241889179642743,0.0,0.08585333238174375,0.07132947229022289,0.11862827736375917,2.3133455049120837
2024-06-10 00:00:00+00:00,-0.011505441289002327,-0.011219938227462119,0.0002887427372153317,0.14437136860766583,0.23994804995068875,0.7600519500493113,0.0,0.0,0.12326056345515955,0.11668748649552921,2.2867294440241404
2024-06-11 00:00:00+00:00,-0.01175977370281478,-0.011759773702814762,0.0,0.0,0.23090365092996412,0.7690963490700359,0.0,0.0,0.11709656335128961,0.11380708757867451,2.259838023242853
2024-06-12 00:00:00+00:00,0.007819347934236776,0.007819347934236711,0.0,0.0,0.23687082347994198,0.763129176520058,0.0,0.0,0.120779231257938,0.11609159222200398,2.277508483021607
2024-06-13 00:00:00+00:00,-0.009836626444716612,-0.009836626444716601,0.0,0.0,0.22928963350768647,0.7707103664923135,0.0,0.0,0.11575478874533002,0.11353484476235645,2.25510548284945
2024-06-14 00:00:00+00:00,-0.002677555385736108,-0.002677555385736146,0.0,0.0,0.22722047352458558,0.7727795264754144,0.0,0.0,0.11271653068312881,0.11450394284145676,2.2490673130184438
2024-06-15 00:00:00+00:00,0.002884258053318378,0.002884258053318299,0.0,0.0,0.22944295887598862,0.7705570411240112,0.0,0.0,0.11434099925822346,0.11510195961776516,2.2555542035284724
2024-06-16 00:00:00+00:00,0.005052557232867239,0.005052557232867164,0.0,0.0,0.2333166702788897,0.7666833297211101,0.0,0.0,0.11828493957745993,0.11503173070142975,2.2669505202336344
2024-06-17 00:00:00+00:00,-0.007007916148687232,-0.006395721186311469,0.0006161355938470274,0.3080677969235137,0.30033975620301123,0.6996602437969888,0.0,0.1486085995960495,0.0,0.15173115660696176,2.251063921074614
2024-06-18 00:00:00+00:00,-0.005129148734832278,-0.005129148734832305,0.0,0.0,0.29673259307252037,0.7032674069274796,0.0,0.14818154329572925,0.0,0.14855104977679112,2.2395178794118076
2024-06-19 00:00:00+00:00,0.0059798083369930755,0.0059798083369930425,0.0,0.0,0.30091299934730675,0.6990870006526931,0.0,0.15056055904206914,0.0,0.15035244030523764,2.252909767097959
2024-06-20 00:00:00+00:00,-0.004915845168762201,-0.004915845168762175,0.0,0.0,0.29745941862449266,0.7025405813755073,0.0,0.14928880360710864,0.0,0.148170615017384,2.2418348115037134
2024-06-21 00:00:00+00:00,-0.00014785558778984687,-0.00014785558778982868,0.0,0.0,0.2973555287131832,0.7026444712868167,0.0,0.1495412377383001,0.0,0.1478142909748831,2.241503343699931
2024-06-22 00:00:00+00:00,0.0002690858738196855,0.0002690858738197794,0.0,0.0,0.29754454955188653,0.7024554504481135,0.0,0.14853478688971747,0.0,0.14900976266216906,2.24210650058584
2024-06-23 00:00:00+00:00,-0.006608784670603329,-0.006608784670603311,0.0,0.0,0.2928712881609411,0.707128711839059,0.0,0.1463214183246895,0.0,0.14654986983625157,2.227288901514908
2024-06-24 00:00:00+00:00,-0.0005857425763219348,0.0,0.0005857425763218822,0.2928712881609411,0.0,1.0,0.0,0.0,0.0,0.0,2.2259842835755217
2024-06-25 00:00:00+00:00,0.0,0.0,0.0,0.0,0.0,1.0,0.0,0.0,0.0,0.0,2.2259842835755217
2024-06-26 00:00:00+00:00,0.0,0.0,0.0,0.0,0.0,1.0,0.0,0.0,0.0,0.0,2.2259842835755217
2024-06-27 00:00:00+00:00,0.0,0.0,0.0,0.0,0.0,1.0,0.0,0.0,0.0,0.0,2.2259842835755217
2024-06-28 00:00:00+00:00,0.0,0.0,0.0,0.0,0.0,1.0,0.0,0.0,0.0,0.0,2.2259842835755217
2024-06-29 00:00:00+00:00,0.0,0.0,0.0,0.0,0.0,1.0,0.0,0.0,0.0,0.0,2.2259842835755217
2024-06-30 00:00:00+00:00,0.0,0.0,0.0,0.0,0.0,1.0,0.0,0.0,0.0,0.0,2.2259842835755217
2024-07-01 00:00:00+00:00,-0.003595881115927013,-0.0029595037571733137,0.0006382663102970505,0.31913315514852525,0.3171121459788216,0.6828878540211785,0.0,0.0,0.0,0.3171121459788216,2.2179799087258623
2024-07-02 00:00:00+00:00,0.0017589857291251398,0.0017589857291250837,0.0,0.0,0.3183112268025806,0.6816887731974194,0.0,0.0,0.0,0.3183112268025806,2.2218813037327974
2024-07-03 00:00:00+00:00,-0.012839997771384892,-0.012839997771384887,0.0,0.0,0.30944449566591337,0.6905555043340866,0.0,0.0,0.0,0.30944449566591337,2.1933523527445864
2024-07-04 00:00:00+00:00,-0.024012937332077433,-0.024012937332077385,0.0,0.0,0.2924542437617879,0.7075457562382121,0.0,0.0,0.0,0.2924542437617879,2.140683520150966
2024-07-05 00:00:00+00:00,-0.008941639001090684,-0.0089416390010907,0.0,0.0,0.28607054429664336,0.7139294557033568,0.0,0.0,0.0,0.28607054429664336,2.121542300898192
2024-07-06 00:00:00+00:00,0.016205683706639773,0.016205683706639874,0.0,0.0,0.2974557541350506,0.7025442458649496,0.0,0.0,0.0,0.2974557541350506,2.155923344396805
2024-07-07 00:00:00+00:00,-0.019962334830736284,-0.019962334830736294,0.0,0.0,0.2831456679334748,0.7168543320665254,0.0,0.0,0.0,0.2831456679334748,2.1128860807265553
2024-07-08 00:00:00+00:00,-0.0005662913358669419,0.0,0.0005662913358669496,0.2831456679334748,0.0,1.0,0.0,0.0,0.0,0.0,2.111689571645366
2024-07-09 00:00:00+00:00,0.0,0.0,0.0,0.0,0.0,1.0,0.0,0.0,0.0,0.0,2.111689571645366
2024-07-10 00:00:00+00:00,0.0,0.0,0.0,0.0,0.0,1.0,0.0,0.0,0.0,0.0,2.111689571645366
2024-07-11 00:00:00+00:00,0.0,0.0,0.0,0.0,0.0,1.0,0.0,0.0,0.0,0.0,2.111689571645366
2024-07-12 00:00:00+00:00,0.0,0.0,0.0,0.0,0.0,1.0,0.0,0.0,0.0,0.0,2.111689571645366
2024-07-13 00:00:00+00:00,0.0,0.0,0.0,0.0,0.0,1.0,0.0,0.0,0.0,0.0,2.111689571645366
2024-07-14 00:00:00+00:00,0.0,0.0,0.0,0.0,0.0,1.0,0.0,0.0,0.0,0.0,2.111689571645366
2024-07-15 00:00:00+00:00,0.017149367680715066,0.017619213340686918,0.00046171068098187505,0.23085534049093753,0.24417242773544026,0.7558275722645598,0.0,0.12174792730822544,0.12242450042721482,0.0,2.147903712537044
2024-07-16 00:00:00+00:00,-0.0004050378324887971,-0.00040503783248879515,0.0,0.0,0.24386616492581037,0.7561338350741896,0.0,0.12043144648294944,0.12343471844286093,0.0,2.1470337302729234
2024-07-17 00:00:00+00:00,-0.005930933563156882,-0.005930933563156927,0.0,0.0,0.2393548289511837,0.7606451710488162,0.0,0.11914179918186138,0.12021302976932233,0.0,2.134299815860818
2024-07-18 00:00:00+00:00,0.004263164786408646,0.004263164786408565,0.0,0.0,0.24258381894292227,0.7574161810570776,0.0,0.12001747387518492,0.12256634506773735,0.0,2.143398687679434
2024-07-19 00:00:00+00:00,0.010319375516857132,0.010319375516857028,0.0,0.0,0.2503200478862435,0.7496799521137563,0.0,0.12146248766411383,0.12885756022212966,0.0,2.165517223619937
2024-07-20 00:00:00+00:00,0.003897765675827447,0.0038977656758273855,0.0,0.0,0.25323077932236515,0.7467692206776345,0.0,0.12147333344640801,0.1317574458759571,0.0,2.173957902324576
2024-07-21 00:00:00+00:00,0.00890166078520882,0.008901660785208865,0.0,0.0,0.2598196140380633,0.7401803859619365,0.0,0.12103240558731666,0.13878720845074663,0.0,2.1933097381323936
2024-07-22 00:00:00+00:00,-0.007319985419780184,-0.0069034089661531226,0.0004194722420639121,0.20973612103195605,0.3287112748002426,0.6712887251997575,0.13301756140083765,0.1266768417632886,0.06901687163611632,0.0,2.1772547428282025
2024-07-23 00:00:00+00:00,-0.0038282346672875445,-0.003828234667287559,0.0,0.0,0.32613154823199286,0.6738684517680071,0.1303730239062947,0.1287496829416913,0.06700884138400688,0.0,2.168919700742191
2024-07-24 00:00:00+00:00,-0.004578606237380045,-0.004578606237380023,0.0,0.0,0.323031978224987,0.676968021775013,0.12986035403611673,0.12389376012134473,0.06927786406752556,0.0,2.1589890714719964
2024-07-25 00:00:00+00:00,-0.0075293597907042376,-0.0075293597907042245,0.0,0.0,0.31789617309762275,0.6821038269023773,0.13169402358771076,0.11883303020821291,0.06736911930169912,0.0,2.142733265968685
2024-07-26 00:00:00+00:00,0.01232309675275367,0.01232309675275356,0.0,0.0,0.3261994820721037,0.6738005179278963,0.1342586566338173,0.12105096874495644,0.07088985669332994,0.0,2.169138375320561
2024-07-27 00:00:00+00:00,-0.0006399581729809034,-0.0006399581729808689,0.0,0.0,0.3257680017943668,0.6742319982056333,0.13432186096694285,0.12018153384228587,0.07126460698513808,0.0,2.167750217488948
2024-07-28 00:00:00+00:00,0.001865439490205567,0.00186543949020553,0.0,0.0,0.327023398922002,0.6729766010779981,0.13476957953995466,0.12073901757893807,0.07151480180310925,0.0,2.1717940243495537
2024-07-29 00:00:00+00:00,-0.0018967295317964261,-0.0018790619418087243,1.7700850983108724e-05,0.008850425491554362,0.3217911849385759,0.678208815061424,0.12669004027925387,0.12520990035502352,0.0698912443042985,0.0,2.167674718486591
2024-07-30 00:00:00+00:00,-0.0038888066882545314,-0.003888806688254513,0.0,0.0,0.319143465493445,0.6808565345065549,0.12604832031681626,0.12424155497687688,0.0688535901997519,0.0,2.15924505054338
2024-07-31 00:00:00+00:00,-0.007598085966547874,-0.007598085966547874,0.0,0.0,0.31393065160532885,0.6860693483946712,0.12401979091286337,0.1234190379319222,0.06649182276054327,0.0,2.142838921026508
2024-08-01 00:00:00+00:00,-0.0014037576460569356,-0.0014037576460569805,0.0,0.0,0.31296622268732677,0.6870337773126732,0.12558928574207665,0.12247081938783842,0.0649061175574117,0.0,2.139830894506849
2024-08-02 00:00:00+00:00,-0.0212408890166087,-0.021240889016608748,0.0,0.0,0.2980563147735218,0.7019436852264782,0.12074463950327509,0.11677776846762569,0.060533906802620996,0.0,2.0943789839623186
2024-08-03 00:00:00+00:00,-0.008990308486863774,-0.008990308486863823,0.0,0.0,0.29168837475776216,0.7083116252422378,0.12025437184637813,0.1144489991114595,0.05698500379992454,0.0,2.075549870808093
2024-08-04 00:00:00+00:00,-0.015173564842576925,-0.015173564842576957,0.0,0.0,0.2807751701658828,0.7192248298341171,0.11700346726662544,0.10761784752964985,0.056153855369607514,0.0,2.0440563802593843
2024-08-05 00:00:00+00:00,-0.0005615503403317845,0.0,0.0005615503403317657,0.2807751701658828,0.0,1.0,0.0,0.0,0.0,0.0,2.0429085397033924
2024-08-06 00:00:00+00:00,0.0,0.0,0.0,0.0,0.0,1.0,0.0,0.0,0.0,0.0,2.0429085397033924
2024-08-07 00:00:00+00:00,0.0,0.0,0.0,0.0,0.0,1.0,0.0,0.0,0.0,0.0,2.0429085397033924
2024-08-08 00:00:00+00:00,0.0,0.0,0.0,0.0,0.0,1.0,0.0,0.0,0.0,0.0,2.0429085397033924
2024-08-09 00:00:00+00:00,0.0,0.0,0.0,0.0,0.0,1.0,0.0,0.0,0.0,0.0,2.0429085397033924
2024-08-10 00:00:00+00:00,0.0,0.0,0.0,0.0,0.0,1.0,0.0,0.0,0.0,0.0,2.0429085397033924
2024-08-11 00:00:00+00:00,0.0,0.0,0.0,0.0,0.0,1.0,0.0,0.0,0.0,0.0,2.0429085397033924
2024-08-12 00:00:00+00:00,0.0,0.0,0.0,0.0,0.0,1.0,0.0,0.0,0.0,0.0,2.0429085397033924
2024-08-13 00:00:00+00:00,0.0,0.0,0.0,0.0,0.0,1.0,0.0,0.0,0.0,0.0,2.0429085397033924
2024-08-14 00:00:00+00:00,0.0,0.0,0.0,0.0,0.0,1.0,0.0,0.0,0.0,0.0,2.0429085397033924
2024-08-15 00:00:00+00:00,0.0,0.0,0.0,0.0,0.0,1.0,0.0,0.0,0.0,0.0,2.0429085397033924
2024-08-16 00:00:00+00:00,0.0,0.0,0.0,0.0,0.0,1.0,0.0,0.0,0.0,0.0,2.0429085397033924
2024-08-17 00:00:00+00:00,0.0,0.0,0.0,0.0,0.0,1.0,0.0,0.0,0.0,0.0,2.0429085397033924
2024-08-18 00:00:00+00:00,0.0,0.0,0.0,0.0,0.0,1.0,0.0,0.0,0.0,0.0,2.0429085397033924
2024-08-19 00:00:00+00:00,0.0,0.0,0.0,0.0,0.0,1.0,0.0,0.0,0.0,0.0,2.0429085397033924
2024-08-20 00:00:00+00:00,0.0,0.0,0.0,0.0,0.0,1.0,0.0,0.0,0.0,0.0,2.0429085397033924
2024-08-21 00:00:00+00:00,0.0,0.0,0.0,0.0,0.0,1.0,0.0,0.0,0.0,0.0,2.0429085397033924
2024-08-22 00:00:00+00:00,0.0,0.0,0.0,0.0,0.0,1.0,0.0,0.0,0.0,0.0,2.0429085397033924
2024-08-23 00:00:00+00:00,0.0,0.0,0.0,0.0,0.0,1.0,0.0,0.0,0.0,0.0,2.0429085397033924
2024-08-24 00:00:00+00:00,0.0,0.0,0.0,0.0,0.0,1.0,0.0,0.0,0.0,0.0,2.0429085397033924
2024-08-25 00:00:00+00:00,0.0,0.0,0.0,0.0,0.0,1.0,0.0,0.0,0.0,0.0,2.0429085397033924
2024-08-26 00:00:00+00:00,0.0,0.0,0.0,0.0,0.0,1.0,0.0,0.0,0.0,0.0,2.0429085397033924
2024-08-27 00:00:00+00:00,0.0,0.0,0.0,0.0,0.0,1.0,0.0,0.0,0.0,0.0,2.0429085397033924
2024-08-28 00:00:00+00:00,0.0,0.0,0.0,0.0,0.0,1.0,0.0,0.0,0.0,0.0,2.0429085397033924
2024-08-29 00:00:00+00:00,0.0,0.0,0.0,0.0,0.0,1.0,0.0,0.0,0.0,0.0,2.0429085397033924
2024-08-30 00:00:00+00:00,0.0,0.0,0.0,0.0,0.0,1.0,0.0,0.0,0.0,0.0,2.0429085397033924
2024-08-31 00:00:00+00:00,0.0,0.0,0.0,0.0,0.0,1.0,0.0,0.0,0.0,0.0,2.0429085397033924
2024-09-01 00:00:00+00:00,0.0,0.0,0.0,0.0,0.0,1.0,0.0,0.0,0.0,0.0,2.0429085397033924
2024-09-02 00:00:00+00:00,0.0,0.0,0.0,0.0,0.0,1.0,0.0,0.0,0.0,0.0,2.0429085397033924
2024-09-03 00:00:00+00:00,0.0,0.0,0.0,0.0,0.0,1.0,0.0,0.0,0.0,0.0,2.0429085397033924
2024-09-04 00:00:00+00:00,0.0,0.0,0.0,0.0,0.0,1.0,0.0,0.0,0.0,0.0,2.0429085397033924
2024-09-05 00:00:00+00:00,0.0,0.0,0.0,0.0,0.0,1.0,0.0,0.0,0.0,0.0,2.0429085397033924
2024-09-06 00:00:00+00:00,0.0,0.0,0.0,0.0,0.0,1.0,0.0,0.0,0.0,0.0,2.0429085397033924
2024-09-07 00:00:00+00:00,0.0,0.0,0.0,0.0,0.0,1.0,0.0,0.0,0.0,0.0,2.0429085397033924
2024-09-08 00:00:00+00:00,0.0,0.0,0.0,0.0,0.0,1.0,0.0,0.0,0.0,0.0,2.0429085397033924
2024-09-09 00:00:00+00:00,0.0,0.0,0.0,0.0,0.0,1.0,0.0,0.0,0.0,0.0,2.0429085397033924
2024-09-10 00:00:00+00:00,0.0,0.0,0.0,0.0,0.0,1.0,0.0,0.0,0.0,0.0,2.0429085397033924
2024-09-11 00:00:00+00:00,0.0,0.0,0.0,0.0,0.0,1.0,0.0,0.0,0.0,0.0,2.0429085397033924
2024-09-12 00:00:00+00:00,0.0,0.0,0.0,0.0,0.0,1.0,0.0,0.0,0.0,0.0,2.0429085397033924
2024-09-13 00:00:00+00:00,0.0,0.0,0.0,0.0,0.0,1.0,0.0,0.0,0.0,0.0,2.0429085397033924
2024-09-14 00:00:00+00:00,0.0,0.0,0.0,0.0,0.0,1.0,0.0,0.0,0.0,0.0,2.0429085397033924
2024-09-15 00:00:00+00:00,0.0,0.0,0.0,0.0,0.0,1.0,0.0,0.0,0.0,0.0,2.0429085397033924
2024-09-16 00:00:00+00:00,0.0,0.0,0.0,0.0,0.0,1.0,0.0,0.0,0.0,0.0,2.0429085397033924
2024-09-17 00:00:00+00:00,0.0,0.0,0.0,0.0,0.0,1.0,0.0,0.0,0.0,0.0,2.0429085397033924
2024-09-18 00:00:00+00:00,0.0,0.0,0.0,0.0,0.0,1.0,0.0,0.0,0.0,0.0,2.0429085397033924
2024-09-19 00:00:00+00:00,0.0,0.0,0.0,0.0,0.0,1.0,0.0,0.0,0.0,0.0,2.0429085397033924
2024-09-20 00:00:00+00:00,0.0,0.0,0.0,0.0,0.0,1.0,0.0,0.0,0.0,0.0,2.0429085397033924
2024-09-21 00:00:00+00:00,0.0,0.0,0.0,0.0,0.0,1.0,0.0,0.0,0.0,0.0,2.0429085397033924
2024-09-22 00:00:00+00:00,0.0,0.0,0.0,0.0,0.0,1.0,0.0,0.0,0.0,0.0,2.0429085397033924
2024-09-23 00:00:00+00:00,0.006921915923153943,0.007483772657035662,0.0005576831598983411,0.2788415799491705,0.2841984758236658,0.7158015241763341,0.0,0.0,0.0,0.2841984758236658,2.0570493808539125
2024-09-24 00:00:00+00:00,0.0006111795179002399,0.0006111795179003055,0.0,0.0,0.28463569183665216,0.7153643081633478,0.0,0.0,0.0,0.28463569183665216,2.0583066073028
2024-09-25 00:00:00+00:00,-0.008598271971955618,-0.008598271971955644,0.0,0.0,0.2784314491903812,0.7215685508096188,0.0,0.0,0.0,0.2784314491903812,2.0406087272915374
2024-09-26 00:00:00+00:00,0.004170547664468671,0.004170547664468689,0.0,0.0,0.2814282867707427,0.7185717132292573,0.0,0.0,0.0,0.2814282867707427,2.0491191832532376
2024-09-27 00:00:00+00:00,0.0050027500247691314,0.005002750024769179,0.0,0.0,0.2850052268896305,0.7149947731103696,0.0,0.0,0.0,0.2850052268896305,2.0593704142980127
2024-09-28 00:00:00+00:00,-0.0027237276585266867,-0.00272372765852668,0.0,0.0,0.2830524570371498,0.7169475429628503,0.0,0.0,0.0,0.2830524570371498,2.0537612501414375
2024-09-29 00:00:00+00:00,-0.002589899373988236,-0.0025898993739882294,0.0,0.0,0.28119081357521125,0.7188091864247889,0.0,0.0,0.0,0.28119081357521125,2.048442215165375
2024-09-30 00:00:00+00:00,-0.0122589115345354,-0.01170311152228569,0.0005623816271504226,0.28119081357521125,0.2769201750222603,0.7230798249777396,0.1393752743009064,0.0,0.0,0.1375449007213539,2.023330543266055
2024-10-01 00:00:00+00:00,-0.01044880340888743,-0.010448803408887434,0.0,0.0,0.26928507845913924,0.7307149215408606,0.13523626222650423,0.0,0.0,0.134048816232635,2.0021891601882706
2024-10-02 00:00:00+00:00,-0.001497550850378171,-0.0014975508503781388,0.0,0.0,0.2681891545051525,0.7318108454948473,0.13509238868154527,0.0,0.0,0.13309676582360724,1.9991907801088127
2024-10-03 00:00:00+00:00,0.0007947095097082801,0.0007947095097083637,0.0,0.0,0.2687702697255831,0.7312297302744168,0.13521536003961154,0.0,0.0,0.13355490968597156,2.0007795560334865
2024-10-04 00:00:00+00:00,0.005541458923734588,0.005541458923734697,0.0,0.0,0.2728000185521172,0.7271999814478829,0.1374212837278627,0.0,0.0,0.1353787348242545,2.011866793758694
2024-10-05 00:00:00+00:00,0.0018152596573381974,0.0018152596573380955,0.0,0.0,0.27411768343734844,0.7258823165626516,0.13711043955313593,0.0,0.0,0.13700724388421254,2.015518854385342
2024-10-06 00:00:00+00:00,0.003484141073069269,0.003484141073069366,0.0,0.0,0.27663797876622753,0.7233620212337726,0.13831187684294208,0.0,0.0,0.13832610192328545,2.0225412064094517
2024-10-07 00:00:00+00:00,-0.0005532759575324064,0.0,0.0005532759575324551,0.27663797876622753,0.0,1.0,0.0,0.0,0.0,0.0,2.021422182986827
2024-10-08 00:00:00+00:00,0.0,0.0,0.0,0.0,0.0,1.0,0.0,0.0,0.0,0.0,2.021422182986827
2024-10-09 00:00:00+00:00,0.0,0.0,0.0,0.0,0.0,1.0,0.0,0.0,0.0,0.0,2.021422182986827
2024-10-10 00:00:00+00:00,0.0,0.0,0.0,0.0,0.0,1.0,0.0,0.0,0.0,0.0,2.021422182986827
2024-10-11 00:00:00+00:00,0.0,0.0,0.0,0.0,0.0,1.0,0.0,0.0,0.0,0.0,2.021422182986827
2024-10-12 00:00:00+00:00,0.0,0.0,0.0,0.0,0.0,1.0,0.0,0.0,0.0,0.0,2.021422182986827
2024-10-13 00:00:00+00:00,0.0,0.0,0.0,0.0,0.0,1.0,0.0,0.0,0.0,0.0,2.021422182986827
2024-10-14 00:00:00+00:00,0.0,0.0,0.0,0.0,0.0,1.0,0.0,0.0,0.0,0.0,2.021422182986827
2024-10-15 00:00:00+00:00,0.0,0.0,0.0,0.0,0.0,1.0,0.0,0.0,0.0,0.0,2.021422182986827
2024-10-16 00:00:00+00:00,0.0,0.0,0.0,0.0,0.0,1.0,0.0,0.0,0.0,0.0,2.021422182986827
2024-10-17 00:00:00+00:00,0.0,0.0,0.0,0.0,0.0,1.0,0.0,0.0,0.0,0.0,2.021422182986827
2024-10-18 00:00:00+00:00,0.0,0.0,0.0,0.0,0.0,1.0,0.0,0.0,0.0,0.0,2.021422182986827
2024-10-19 00:00:00+00:00,0.0,0.0,0.0,0.0,0.0,1.0,0.0,0.0,0.0,0.0,2.021422182986827
2024-10-20 00:00:00+00:00,0.0,0.0,0.0,0.0,0.0,1.0,0.0,0.0,0.0,0.0,2.021422182986827
2024-10-21 00:00:00+00:00,-0.009222390189468799,-0.008517665867946767,0.0007107784952506498,0.35538924762532487,0.3498514999372435,0.6501485000627565,0.3498514999372435,0.0,0.0,0.0,2.0027798388776747
2024-10-22 00:00:00+00:00,0.0002518837336196178,0.0002518837336195811,0.0,0.0,0.3500152205302922,0.6499847794697078,0.3500152205302922,0.0,0.0,0.0,2.0032843065411092
2024-10-23 00:00:00+00:00,-0.003931532170164287,-0.003931532170164331,0.0,0.0,0.3474496980254287,0.6525503019745712,0.3474496980254287,0.0,0.0,0.0,1.9954083298439576
2024-10-24 00:00:00+00:00,0.007971752946754673,0.007971752946754701,0.0,0.0,0.35261052696479506,0.6473894730352049,0.35261052696479506,0.0,0.0,0.0,2.01131523207737
2024-10-25 00:00:00+00:00,-0.007755301709571838,-0.007755301709571843,0.0,0.0,0.3475505849004645,0.6524494150995355,0.3475505849004645,0.0,0.0,0.0,1.9957168756195525
2024-10-26 00:00:00+00:00,0.002055341914281028,0.0020553419142811257,0.0,0.0,0.3488888409565028,0.6511111590434973,0.3488888409565028,0.0,0.0,0.0,1.9998187561630514
2024-10-27 00:00:00+00:00,0.004830525842575595,0.004830525842575646,0.0,0.0,0.3520189302593847,0.6479810697406154,0.3520189302593847,0.0,0.0,0.0,2.0094789323451643
2024-10-28 00:00:00+00:00,0.009506444071051279,0.010217675562012361,0.0007040378605187694,0.3520189302593847,0.42675585828120965,0.5732441417187905,0.2142637300942139,0.0,0.0,0.21249212818699575,2.0285819314274596
2024-10-29 00:00:00+00:00,0.010334392788693414,0.01033439278869347,0.0,0.0,0.4326193923414408,0.5673806076585594,0.22048135361312404,0.0,0.0,0.21213803872831677,2.049546093910877
2024-10-30 00:00:00+00:00,-0.004966021808260113,-0.004966021808260113,0.0,0.0,0.42978770565237245,0.5702122943476277,0.2203885935882009,0.0,0.0,0.20939911206417158,2.0393680033114814
2024-10-31 00:00:00+00:00,-0.012934477520795018,-0.012934477520795056,0.0,0.0,0.4223156605496364,0.5776843394503637,0.2169412173484293,0.0,0.0,0.20537444320120707,2.0129898437160203
2024-11-01 00:00:00+00:00,-0.0036679424761638657,-0.0036679424761639177,0.0,0.0,0.4201889469600417,0.5798110530399583,0.21527411623322473,0.0,0.0,0.20491483072681702,2.0056063127641677
2024-11-02 00:00:00+00:00,-0.0019846187184773267,-0.00198461871847735,0.0,0.0,0.41903595484125733,0.5809640451587427,0.21532583517070183,0.0,0.0,0.20371011967055552,2.0016259489339596
2024-11-03 00:00:00+00:00,-0.0057635054950071485,-0.005763505495007138,0.0,0.0,0.4156681550419339,0.5843318449580661,0.21470488323158954,0.0,0.0,0.20096327181034437,1.9900895667783298
2024-11-04 00:00:00+00:00,-0.007785393159852827,-0.006959842819817487,0.0008313363100838678,0.4156681550419339,0.3300794543475095,0.6699205456524906,0.16627480994768912,0.0,0.16380464439982037,0.0,1.9745959370776394
2024-11-05 00:00:00+00:00,0.012731585250333577,0.01273158525033354,0.0,0.0,0.33850138041572464,0.6614986195842754,0.16786743986631852,0.0,0.1706339405494061,0.0,1.9997356735855056
2024-11-06 00:00:00+00:00,0.03544242288771837,0.03544242288771828,0.0,0.0,0.36114398544784443,0.6388560145521555,0.17661073303139535,0.0,0.18453325241644905,0.0,2.0706111509923795
2024-11-07 00:00:00+00:00,0.01033045155766299,0.010330451557663,0.0,0.0,0.36767617607961023,0.6323238239203897,0.17546623210869647,0.0,0.19220994397091376,0.0,2.092001499182463
2024-11-08 00:00:00+00:00,0.00493390886931766,0.004933908869317603,0.0,0.0,0.3707806868296075,0.6292193131703923,0.1761052261168738,0.0,0.19467546071273376,0.0,2.1023232439339052
2024-11-09 00:00:00+00:00,0.00041517667207946474,0.00041517667207937545,0.0,0.0,0.37104181559548566,0.628958184404514,0.1764179364028734,0.0,0.1946238791926123,0.0,2.103196079501957
2024-11-10 00:00:00+00:00,0.018407550688249064,0.01840755068824912,0.0,0.0,0.3824101323881008,0.6175898676118989,0.1815713954805545,0.0,0.20083873690754628,0.0,2.1419107679427163
2024-11-11 00:00:00+00:00,0.02274037574832577,0.023561954604672787,0.00080266646552374,0.40133323276186994,0.3569462182909533,0.6430537817090466,0.10536301973111523,0.07464882816070591,0.0657630439567754,0.11117132644235678,2.190618623625119
2024-11-12 00:00:00+00:00,-0.012528181250745618,-0.01252818125074566,0.0,0.0,0.3487877127232374,0.6512122872767625,0.10586204436113575,0.07273044718770712,0.06345221161907325,0.10674300955532123,2.1631741564570843
2024-11-13 00:00:00+00:00,0.0018903269653964827,0.0018903269653963988,0.0,0.0,0.3500163942602328,0.649983605739767,0.10857346369831156,0.07132589170848473,0.06438289673771902,0.10573414211571748,2.167263262895884
2024-11-14 00:00:00+00:00,-0.007926974339466764,-0.007926974339466757,0.0,0.0,0.34482282157908595,0.6551771784209138,0.10574802391627829,0.06900049456688756,0.06321713655928364,0.10685716653663649,2.1500834226240393
2024-11-15 00:00:00+00:00,0.007364759214267824,0.007364759214267891,0.0,0.0,0.3496127669465585,0.6503872330534414,0.10943051530475924,0.06919470041699288,0.06541105007242401,0.10557650115238239,2.1659182693222543
2024-11-16 00:00:00+00:00,0.00017755886458981074,0.00017755886458979328,0.0,0.0,0.34972822846398727,0.6502717715360127,0.10887732640412989,0.07014223542868339,0.06458508847770363,0.10612357815347036,2.1663028473109494
2024-11-17 00:00:00+00:00,0.00371749154709744,0.0037174915470973725,0.0,0.0,0.3521366549728001,0.6478633450271998,0.10759754560147047,0.06861345192972697,0.0708335661213486,0.10509209132025407,2.174356059834281
2024-11-18 00:00:00+00:00,0.0013599987690724458,0.0015962764304512445,0.00023590109801631048,0.11795054900815524,0.3339235422718513,0.6660764577281487,0.11881474637818104,0.0,0.08217687194212807,0.13293192395154219,2.177313181399181
2024-11-19 00:00:00+00:00,0.0009498342266718307,0.0009498342266717312,0.0,0.0,0.33455560413499075,0.6654443958650091,0.12112517714210497,0.0,0.08136277826844651,0.13206764872443927,2.1793812679810576
2024-11-20 00:00:00+00:00,-0.00031424218670716986,-0.0003142421867071523,0.0,0.0,0.33434642770084205,0.6656535722991579,0.1237565507574982,0.0,0.08064858433651959,0.12994129260682427,2.1786964144457386
2024-11-21 00:00:00+00:00,0.015983429519998982,0.01598342951999901,0.0,0.0,0.3448184754217441,0.6551815245782558,0.12701673038098676,0.0,0.08642516945052672,0.1313765755902306,2.2135194550315065
2024-11-22 00:00:00+00:00,0.00327146329614858,0.003271463296148584,0.0,0.0,0.3469548885346323,0.6530451114653676,0.1273428254031531,0.0,0.08631807396772223,0.13329398916375698,2.2207609026839528
2024-11-23 00:00:00+00:00,0.0014257454780042256,0.001425745478004145,0.0,0.0,0.3478846390616272,0.6521153609383726,0.12559328739160416,0.0,0.0855241408488506,0.13676721082117244,2.223927142498683
2024-11-24 00:00:00+00:00,0.0015088429490739408,0.0015088429490740123,0.0,0.0,0.34886709635220625,0.6511329036477936,0.12569635795182307,0.0,0.08467166062393887,0.13849907777644432,2.227282699286896
2024-11-25 00:00:00+00:00,-0.016714339200574857,-0.016684011859797475,3.084190752828078e-05,0.015420953764140391,0.3221366626280301,0.6778633373719699,0.11344198387953752,0.0,0.07788334309309376,0.1308113356553988,2.190055140755443
2024-11-26 00:00:00+00:00,-0.00709457385479928,-0.0070945738547992625,0.0,0.0,0.31729314844852063,0.6827068515514794,0.11296907389459605,0.0,0.07727084621459882,0.12705322833932575,2.1745176328132705
2024-11-27 00:00:00+00:00,0.014910633067567236,0.01491063306756726,0.0,0.0,0.3273231856010829,0.6726768143989171,0.11602723676054326,0.0,0.07985510270424435,0.1314408461362953,2.206941067335104
2024-11-28 00:00:00+00:00,0.0002665145291644855,0.0002665145291644599,0.0,0.0,0.32750241597805274,0.6724975840219473,0.11573118237768527,0.0,0.07838866069032109,0.1333825729100464,2.207529249194559
2024-11-29 00:00:00+00:00,0.004263919889339496,0.004263919889339472,0.0,0.0,0.3303577170271633,0.6696422829728367,0.1174278884784655,0.0,0.07994497340662333,0.1329848551420745,2.216941977066498
2024-11-30 00:00:00+00:00,-0.0033999676781557575,-0.0033999676781557285,0.0,0.0,0.32807318758285886,0.6719268124171411,0.1165566283767179,0.0,0.07832872289092058,0.13318783631522038,2.2094044460001254
2024-12-01 00:00:00+00:00,0.001194369469873946,0.0011943694698739117,0.0,0.0,0.3288747590810742,0.6711252409189258,0.11735606740168852,0.0,0.07796856987432481,0.13355012180506085,2.212043291217032
2024-12-02 00:00:00+00:00,-0.008465124570765203,-0.008059489761575512,0.0004089305810205924,0.20446529051029622,0.2602780242916145,0.7397219757083854,0.132344816479864,0.0,0.12793320781175052,0.0,2.1933180692009544
2024-12-03 00:00:00+00:00,0.0046542474289852365,0.004654247428985217,0.0,0.0,0.2637049237571921,0.7362950762428078,0.13174418487771988,0.0,0.1319607388794722,0.0,2.20352631418548
2024-12-04 00:00:00+00:00,0.001071948890383645,0.001071948890383691,0.0,0.0,0.2644933492952849,0.7355066507047151,0.1353619215764041,0.0,0.12913142771888078,0.0,2.205888381772902
2024-12-05 00:00:00+00:00,0.0015159068635379747,0.0015159068635380072,0.0,0.0,0.26560662125865575,0.7343933787413442,0.1329063820116724,0.0,0.13270023924698335,0.0,2.20923230311103
2024-12-06 00:00:00+00:00,0.0044116084410319445,0.004411608441031882,0.0,0.0,0.26883224708920733,0.7311677529107926,0.13613785281250484,0.0,0.1326943942767025,0.0,2.2189785709876353
2024-12-07 00:00:00+00:00,0.0008358651155802033,0.0008358651155802413,0.0,0.0,0.2694428942888106,0.7305571057111894,0.13614846314080858,0.0,0.133294431148002,0.0,2.2208333377673437
2024-12-08 00:00:00+00:00,0.0011154745949768508,0.0011154745949767788,0.0,0.0,0.2702569041730652,0.7297430958269346,0.13773719454157138,0.0,0.13251970963149381,0.0,2.2233106209353006
2024-12-09 00:00:00+00:00,-0.020671324980134353,-0.02013903358412888,0.0005432315545260767,0.2716157772630383,0.29615069216188994,0.7038493078381101,0.08907608119971598,0.06415852995742376,0.05947165893334387,0.08344442207140637,2.1773518445581628
2024-12-10 00:00:00+00:00,-0.004404021392209412,-0.004404021392209393,0.0,0.0,0.2930372129241118,0.7069627870758882,0.08884147827508757,0.0629882163046282,0.058901942336640804,0.08230557600775523,2.167762740456362
2024-12-11 00:00:00+00:00,0.01566107896255242,0.015661078962552345,0.0,0.0,0.3039382903221852,0.6960617096778148,0.09157561545171221,0.06549672623433563,0.06171061666563483,0.08515533197050255,2.2017122439067283
2024-12-12 00:00:00+00:00,-0.0009064691773824629,-0.0009064691773825024,0.0,0.0,0.3033067593734665,0.6966932406265335,0.0906429007639136,0.06640780495836802,0.061674210369559515,0.08458184328162538,2.199716459620161
2024-12-13 00:00:00+00:00,0.003523247406502117,0.0035232474065020588,0.0,0.0,0.30575276414665803,0.6942472358533419,0.09160717467917606,0.06660427226696773,0.06087275537769175,0.08666856182282247,2.207466604931558
2024-12-14 00:00:00+00:00,-0.003125330576155494,-0.003125330576155439,0.0,0.0,0.3035762095804979,0.6964237904195021,0.09189053337129045,0.06618887166591282,0.05974610984749171,0.0857506946958029,2.2005675420553232
2024-12-15 00:00:00+00:00,0.005817732246959251,0.005817732246959345,0.0,0.0,0.30760438189559725,0.6923956181044029,0.0941010540309254,0.06731571054900436,0.06056726212228056,0.08562035519338694,2.2133698548063503
2024-12-16 00:00:00+00:00,-0.00022776630949583598,-0.00019168703078872022,3.6086195962815846e-05,0.01804309798140792,0.2894250759168389,0.7105749240831611,0.08838888371575464,0.06413183459623004,0.057488982159631864,0.07941537544522238,2.2128657237229716
2024-12-17 00:00:00+00:00,9.871541124595318e-05,9.871541124590873e-05,0.0,0.0,0.2894952136890118,0.7105047863109882,0.08844273278121713,0.06262574003692442,0.059336578657300514,0.07909016221356972,2.213084167672921
2024-12-18 00:00:00+00:00,-0.017095909759413996,-0.01709590975941405,0.0,0.0,0.2771372167786202,0.7228627832213798,0.0849537676246638,0.05935807610841887,0.05586993309394875,0.07695543995158875,2.175249480452397
2024-12-19 00:00:00+00:00,-0.011526397295688828,-0.011526397295688818,0.0,0.0,0.26870805528469466,0.7312919447153052,0.08359247077372722,0.05657667013273682,0.05304305382310451,0.07549586055512611,2.150176690723462
2024-12-20 00:00:00+00:00,0.0028624828315508832,0.0028624828315508533,0.0,0.0,0.2707953909587629,0.729204609041237,0.08364771718813846,0.05732637515431302,0.05307176015959219,0.07674953845671927,2.156331534585459
2024-12-21 00:00:00+00:00,-0.007900426550585093,-0.007900426550585062,0.0,0.0,0.26498848648238266,0.7350115135176173,0.08387121804909378,0.055564895171619444,0.049913059255765925,0.07563931400590353,2.1392955956777557
2024-12-22 00:00:00+00:00,-0.004586353368567941,-0.004586353368567982,0.0,0.0,0.2616019320159399,0.73839806798406,0.08243403970254627,0.05486646451976182,0.049886045044198336,0.07441538274943346,2.1294840301161564
2024-12-23 00:00:00+00:00,0.009988693760853984,0.010243263464926973,0.00025198851927984636,0.12599425963992317,0.2851852979381621,0.7148147020618378,0.1054969715597938,0.0,0.07495622951973403,0.10473209685863429,2.1507547939616156
2024-12-24 00:00:00+00:00,0.007365125023135022,0.00736512502313513,0.0,0.0,0.29041150591209774,0.7095884940879024,0.10890016716567937,0.0,0.07713608713527997,0.1043752516111384,2.16659537191325
2024-12-25 00:00:00+00:00,0.0018580808664379056,0.001858080866437962,0.0,0.0,0.29172753343045543,0.7082724665695447,0.10954213649940626,0.0,0.07713366153341127,0.10505173539763792,2.170621081319115
2024-12-26 00:00:00+00:00,-0.009509730877315548,-0.009509730877315577,0.0,0.0,0.28492738530698647,0.7150726146930136,0.1065473580017422,0.0,0.07432857097942283,0.10405145632582145,2.1499790589991425
2024-12-27 00:00:00+00:00,-0.0029611259635715648,-0.002961125963571601,0.0,0.0,0.2828036766529454,0.7171963233470546,0.1051987045390355,0.0,0.07287209963854702,0.10473287247536288,2.143612700186405
2024-12-28 00:00:00+00:00,0.010160943368797692,0.0101609433687978,0.0,0.0,0.29001776592622164,0.7099822340737785,0.1052459745552931,0.0,0.07655625733666906,0.10821553403425949,2.1653938274376343
2024-12-29 00:00:00+00:00,-0.008011112572545387,-0.00801111257254536,0.0,0.0,0.28428408516249615,0.7157159148375041,0.10435718356289661,0.0,0.0749796758336124,0.10494722576598711,2.1480466137221366
2024-12-30 00:00:00+00:00,0.0008862894470724747,0.0009172933067606177,3.097544611872177e-05,0.015487723059360886,0.27342143178940725,0.7265785682105926,0.10516670692841308,0.0,0.07216039774943032,0.09609432711156386,2.149950404767698
2024-12-31 00:00:00+00:00,-0.0003024314854433996,-0.00030243148544344356,0.0,0.0,0.2732016250772615,0.7267983749227384,0.10608728786884626,0.0,0.07140522322736252,0.09570911398105271,2.1493001920731545
2025-01-01 00:00:00+00:00,0.003779824911082308,0.0037798249110822485,0.0,0.0,0.2759384509574892,0.7240615490425106,0.10683506174485004,0.0,0.07300389940638144,0.0960994898062577,2.157424170480547
2025-01-02 00:00:00+00:00,0.007753766137363893,0.0077537661373639315,0.0,0.0,0.28150945858750964,0.7184905414124902,0.10869501011177055,0.0,0.07766991024638321,0.09514453822935588,2.1741523329575494
2025-01-03 00:00:00+00:00,0.006112511056316716,0.0061125110563166295,0.0,0.0,0.28587455824582897,0.7141254417541708,0.10935953786038678,0.0,0.0807929521564816,0.0957220682289606,2.187441863130869
2025-01-04 00:00:00+00:00,-0.000636787424095453,-0.0006367874240954098,0.0,0.0,0.28541952238417917,0.7145804776158207,0.10948087360164764,0.0,0.08035120766490451,0.09558744111762701,2.1860489276614876
2025-01-05 00:00:00+00:00,-0.0016014776612786052,-0.0016014776612786404,0.0,0.0,0.28427330206585694,0.7157266979341429,0.10981624738348719,0.0,0.07926919748100177,0.09518785720136795,2.182548019137376
2025-01-06 00:00:00+00:00,0.007819090913009363,0.008068803213955759,0.0002477135490656621,0.12385677453283105,0.3004438981455936,0.6995561018544064,0.09438458779231954,0.06759655626708795,0.0602304803896216,0.0782322736965645,2.1996135605210196
2025-01-07 00:00:00+00:00,-0.01828710697344027,-0.01828710697344022,0.0,0.0,0.28741273866973627,0.7125872613302638,0.09117648755138567,0.06313934946274616,0.0568399898890894,0.07625691176651504,2.159388992039542
2025-01-08 00:00:00+00:00,-0.004323648186600582,-0.004323648186600565,0.0,0.0,0.2843183831448371,0.7156816168551631,0.08978356444432128,0.062400429143270236,0.05576249625489563,0.07637189330234995,2.150052553739945
2025-01-09 00:00:00+00:00,-0.009089994847299776,-0.00908999484729983,0.0,0.0,0.2777531631191112,0.7222468368808889,0.08821656439865022,0.060927122462911966,0.052706319676535746,0.07590315658101328,2.1305085871050253
2025-01-10 00:00:00+00:00,0.004612402021344497,0.004612402021344512,0.0,0.0,0.28106916117332226,0.7189308388266779,0.08987381034932208,0.06154885159045279,0.053238703913793546,0.07640779531975386,2.1403353492186805
2025-01-11 00:00:00+00:00,0.0006768756433326306,0.0006768756433326642,0.0,0.0,0.2815554587843565,0.7184445412156437,0.08969344895012629,0.061804301514918294,0.0533160764881631,0.0767416318311488,2.1417840900851304
2025-01-12 00:00:00+00:00,-0.0005983280528580881,-0.0005983280528580577,0.0,0.0,0.28112533590634037,0.7188746640936599,0.0896950445026062,0.061548751829768086,0.05346428445485424,0.07641725511911182,2.1405026005808674
2025-01-13 00:00:00+00:00,-0.003395066012441994,-0.0030958807567450764,0.0003001143740122084,0.15005718700610418,0.30593628074049795,0.694063719259502,0.12360499518758625,0.0,0.07693450074195991,0.10539678481095176,2.1332354529520914
2025-01-14 00:00:00+00:00,0.006197729228081261,0.006197729228081318,0.0,0.0,0.3102114036850761,0.689788596314924,0.12547466399921103,0.0,0.07843004603515742,0.10630669365070768,2.1464566686692317
2025-01-15 00:00:00+00:00,0.015151059111449205,0.015151059111449256,0.0,0.0,0.32050645061761707,0.679493549382383,0.12864084948606322,0.0,0.08479307553849774,0.10707252559305612,2.1789777605364034
2025-01-16 00:00:00+00:00,0.000553601847586016,0.0005536018475859217,0.0,0.0,0.32088241136941104,0.679117588630589,0.12791714878951846,0.0,0.08692388839274909,0.10604137418714349,2.180184046650485
2025-01-17 00:00:00+00:00,0.010724012669883987,0.010724012669883931,0.0,0.0,0.3280880041262086,0.6719119958737915,0.13173709194313227,0.0,0.08941071544672817,0.10694019673634814,2.203564367989444
2025-01-18 00:00:00+00:00,0.0160823724418504,0.016082372441850377,0.0,0.0,0.33872290859740856,0.6612770914025914,0.1302483841471024,0.0,0.10501180394079274,0.10346272050951343,2.239002910855041
2025-01-19 00:00:00+00:00,-0.011691219107759276,-0.011691219107759306,0.0,0.0,0.3309003176056035,0.6690996823943964,0.1277245985369282,0.0,0.10237248736165494,0.10080323170702037,2.2128262372413237
2025-01-20 00:00:00+00:00,-0.0019161248128114483,-0.0018153405097112844,0.00010096759366308772,0.05048379683154386,0.290639463674439,0.7093605363255611,0.1180550775344791,0.0,0.06593984052342977,0.10664454561653013,2.2085861859817055
2025-01-21 00:00:00+00:00,0.008218423980068668,0.00821842398006856,0.0,0.0,0.29642176788907365,0.7035782321109263,0.12153992565370278,0.0,0.06760329865977706,0.1072785435755938,2.226737283654626
2025-01-22 00:00:00+00:00,-0.00037648645365706557,-0.0003764864536570451,0.0,0.0,0.29615678045141525,0.7038432195485848,0.11879398119328952,0.0,0.06953067532432414,0.10783212393380158,2.2258989472314767
2025-01-23 00:00:00+00:00,-0.0018125211636392802,-0.0018125211636392843,0.0,0.0,0.29487873323246694,0.7051212667675331,0.1192434354146574,0.0,0.0685066717860631,0.10712862603174644,2.2218644582814973
2025-01-24 00:00:00+00:00,-0.0002745687516233497,-0.0002745687516233083,0.0,0.0,0.2946850757942265,0.7053149242057736,0.12037832943723212,0.0,0.06859046034019842,0.10571628601679595,2.2212544037309105
2025-01-25 00:00:00+00:00,0.0016054698030250059,0.0016054698030249653,0.0,0.0,0.2958156225479876,0.7041843774520125,0.12004366809991958,0.0,0.06930219664881544,0.10646975779925259,2.224820560600937
2025-01-26 00:00:00+00:00,-0.009691107508332242,-0.009691107508332223,0.0,0.0,0.288924513562381,0.7110754864376191,0.11875710943651281,0.0,0.06563799752746291,0.1045294065984053,2.203259585361405
2025-01-27 00:00:00+00:00,-0.0002515178181872191,-0.00020436543682745287,4.716201964648481e-05,0.023581009823242405,0.31236499455735833,0.6876350054426417,0.12437328393898935,0.0,0.07082771095932096,0.117163999659048,2.202705426317595
2025-01-28 00:00:00+00:00,-0.006457980369659055,-0.006457980369659095,0.0,0.0,0.3078953966149469,0.692104603385053,0.12426529675733922,0.0,0.06890878360426732,0.1147213162533404,2.1884803979142946
2025-01-29 00:00:00+00:00,0.0044347153796298056,0.004434715379629745,0.0,0.0,0.3109511322261799,0.6890488677738199,0.12664394520107006,0.0,0.0689368990562391,0.11537028796887079,2.1981856855929434
2025-01-30 00:00:00+00:00,0.005923184315076657,0.005923184315076725,0.0,0.0,0.31500846335201366,0.6849915366479863,0.1270993866591191,0.0,0.07157666517036916,0.11633241152252538,2.2112059445674737
2025-01-31 00:00:00+00:00,-0.00475337286264832,-0.0047533728626483135,0.0,0.0,0.31173689217290634,0.6882631078270935,0.12490971612566194,0.0,0.06994777820448585,0.11687939784275857,2.20069525823684
2025-02-01 00:00:00+00:00,-0.012076965878551116,-0.012076965878551161,0.0,0.0,0.30332314962252105,0.6966768503774788,0.12422233888111686,0.0,0.06507802425558677,0.1140227864858174,2.1741175366940246
2025-02-02 00:00:00+00:00,-0.01266466129689603,-0.012664661296896043,0.0,0.0,0.29438679740503776,0.7056132025949621,0.12214629761948595,0.0,0.06297033510854372,0.10927016467700809,2.146583074472153
2025-02-03 00:00:00+00:00,0.008651003340632624,0.008696983896551868,4.558411163437667e-05,0.022792055817188336,0.3230661361352881,0.6769338638647119,0.13044816185191094,0.0,0.06903051327583988,0.12358746100753733,2.165153171820357
2025-02-04 00:00:00+00:00,-0.01657824169534816,-0.0165782416953482,0.0,0.0,0.3116545793824035,0.6883454206175965,0.12797986166261605,0.0,0.06706862497756136,0.11660609274222611,2.1292587392304694
2025-02-05 00:00:00+00:00,-0.005560148493878536,-0.005560148493878573,0.0,0.0,0.3078058772734539,0.6921941227265461,0.12718064551778033,0.0,0.06401008059482742,0.11661515116084613,2.1174197444584593
2025-02-06 00:00:00+00:00,-0.0017850693118778294,-0.001785069311877832,0.0,0.0,0.3065680531853193,0.6934319468146807,0.12733147132594205,0.0,0.061969842241832794,0.11726673961754447,2.113640003452262
2025-02-07 00:00:00+00:00,0.0019735424313085392,0.0019735424313085544,0.0,0.0,0.30793387504818304,0.692066124951817,0.12701808896736966,0.0,0.06265379802358917,0.11826198805722418,2.1178113616835863
2025-02-08 00:00:00+00:00,0.009408459728051266,0.00940845972805133,0.0,0.0,0.314384461233593,0.685615538766407,0.12575327679247703,0.0,0.06443622841318554,0.1241949560279304,2.1377367045915956
2025-02-09 00:00:00+00:00,0.0010888309904486526,0.0010888309904485667,0.0,0.0,0.3151301687303027,0.6848698312696972,0.125639946132745,0.0,0.06473751254261413,0.12475271005494354,2.1400643385649745
2025-02-10 00:00:00+00:00,0.0027465190917046467,0.0035933702020739026,0.0008438189564750262,0.4219094782375131,0.36035767344891434,0.6396423265510857,0.36035767344891434,0.0,0.0,0.0,2.1459420661283195
2025-02-11 00:00:00+00:00,-0.0061123440685237895,-0.0061123440685238,0.0,0.0,0.356423914983017,0.6435760850169829,0.356423914983017,0.0,0.0,0.0,2.1328253298690245
2025-02-12 00:00:00+00:00,0.007784275579198141,0.00778427557919823,0.0,0.0,0.36139499234882977,0.6386050076511703,0.36139499234882977,0.0,0.0,0.0,2.149427829999019
2025-02-13 00:00:00+00:00,-0.0046595841319629905,-0.004659584131962971,0.0,0.0,0.3584054284641477,0.6415945715358524,0.3584054284641477,0.0,0.0,0.0,2.139412390189556
2025-02-14 00:00:00+00:00,0.0033104822548133406,0.0033104822548132976,0.0,0.0,0.36052240768585436,0.6394775923141457,0.36052240768585436,0.0,0.0,0.0,2.1464948769430063
2025-02-15 00:00:00+00:00,0.0002558772343543847,0.0002558772343544502,0.0,0.0,0.36068599358569975,0.6393140064143004,0.36068599358569975,0.0,0.0,0.0,2.1470441161156746
2025-02-16 00:00:00+00:00,-0.005365947778539382,-0.005365947778539424,0.0,0.0,0.3572369606827481,0.642763039317252,0.3572369606827481,0.0,0.0,0.0,2.1355231895103777
2025-02-17 00:00:00+00:00,-0.002920343288595917,-0.0022074465302090998,0.0007144739213654961,0.3572369606827481,0.37251586163998907,0.6274841383600109,0.18670501438790407,0.0,0.0,0.18581084725208502,2.12928672869625
2025-02-18 00:00:00+00:00,-0.0055917501099801425,-0.005591750109980161,0.0,0.0,0.36898739684690895,0.631012603153091,0.18754265415728347,0.0,0.0,0.1814447426896255,2.1173802893968836
2025-02-19 00:00:00+00:00,0.0033594315759017945,0.003359431575901823,0.0,0.0,0.3711001428849813,0.6288998571150187,0.1888149627786224,0.0,0.0,0.1822851801063589,2.1244934835992755
2025-02-20 00:00:00+00:00,0.004075791338751911,0.004075791338751987,0.0,0.0,0.37365300255223227,0.6263469974477679,0.1912797535116936,0.0,0.0,0.18237324904053867,2.133152475738964
2025-02-21 00:00:00+00:00,-0.006601061781053685,-0.0066010617810536324,0.0,0.0,0.36949097351489213,0.6305090264851081,0.1883924172881381,0.0,0.0,0.181098556226754,2.1190714044582037
2025-02-22 00:00:00+00:00,0.006624511380530107,0.006624511380530119,0.0,0.0,0.373640300472716,0.6263596995272842,0.18787066827294294,0.0,0.0,0.18576963219977308,2.133109217093193
2025-02-23 00:00:00+00:00,-0.0033932133883867177,-0.003393213388386763,0.0,0.0,0.3715076919585717,0.6284923080414284,0.18793823876430335,0.0,0.0,0.18356945319426837,2.1258711223388613
2025-02-24 00:00:00+00:00,-0.022613820389720152,-0.022579318104961256,3.529931931870073e-05,0.017649659659350364,0.3750463237612627,0.6249536762387373,0.18934284389811995,0.0,0.0,0.1857034798631427,2.0777970546065974
2025-02-25 00:00:00+00:00,-0.0031287673150779405,-0.0031287673150779175,0.0,0.0,0.37308485213730264,0.6269151478626974,0.18397779785862894,0.0,0.0,0.1891070542786737,2.071296111094779
2025-02-26 00:00:00+00:00,-0.012806557865137513,-0.01280655786513755,0.0,0.0,0.36495207412748065,0.6350479258725193,0.1770540777941959,0.0,0.0,0.18789799633328472,2.0447699375922093
2025-02-27 00:00:00+00:00,-0.0009290812404577631,-0.0009290812404577993,0.0,0.0,0.36436151433473607,0.6356384856652639,0.17818313380024084,0.0,0.0,0.1861783805344952,2.0428701802021405
2025-02-28 00:00:00+00:00,-0.00608682553985751,-0.006086825539857528,0.0,0.0,0.36046879948993565,0.6395312005100643,0.1785153742560341,0.0,0.0,0.18195342523390157,2.030435585814673
2025-03-01 00:00:00+00:00,0.009776632461993007,0.00977663246199297,0.0,0.0,0.3666607248072402,0.6333392751927597,0.18038055996005126,0.0,0.0,0.18628016484718898,2.0502864082749346
2025-03-02 00:00:00+00:00,0.022100194950740892,0.022100194950741,0.0,0.0,0.380355000105168,0.619644999894832,0.19330605989221275,0.0,0.0,0.1870489402129552,2.095598137602665
2025-03-03 00:00:00+00:00,-0.000760710000210385,0.0,0.000760710000210336,0.380355000105168,0.0,1.0,0.0,0.0,0.0,0.0,2.0940039951429683
2025-03-04 00:00:00+00:00,0.0,0.0,0.0,0.0,0.0,1.0,0.0,0.0,0.0,0.0,2.0940039951429683
2025-03-05 00:00:00+00:00,0.0,0.0,0.0,0.0,0.0,1.0,0.0,0.0,0.0,0.0,2.0940039951429683
2025-03-06 00:00:00+00:00,0.0,0.0,0.0,0.0,0.0,1.0,0.0,0.0,0.0,0.0,2.0940039951429683
2025-03-07 00:00:00+00:00,0.0,0.0,0.0,0.0,0.0,1.0,0.0,0.0,0.0,0.0,2.0940039951429683
2025-03-08 00:00:00+00:00,0.0,0.0,0.0,0.0,0.0,1.0,0.0,0.0,0.0,0.0,2.0940039951429683
2025-03-09 00:00:00+00:00,0.0,0.0,0.0,0.0,0.0,1.0,0.0,0.0,0.0,0.0,2.0940039951429683
2025-03-10 00:00:00+00:00,0.0,0.0,0.0,0.0,0.0,1.0,0.0,0.0,0.0,0.0,2.0940039951429683
2025-03-11 00:00:00+00:00,0.0,0.0,0.0,0.0,0.0,1.0,0.0,0.0,0.0,0.0,2.0940039951429683
2025-03-12 00:00:00+00:00,0.0,0.0,0.0,0.0,0.0,1.0,0.0,0.0,0.0,0.0,2.0940039951429683
2025-03-13 00:00:00+00:00,0.0,0.0,0.0,0.0,0.0,1.0,0.0,0.0,0.0,0.0,2.0940039951429683
2025-03-14 00:00:00+00:00,0.0,0.0,0.0,0.0,0.0,1.0,0.0,0.0,0.0,0.0,2.0940039951429683
2025-03-15 00:00:00+00:00,0.0,0.0,0.0,0.0,0.0,1.0,0.0,0.0,0.0,0.0,2.0940039951429683
2025-03-16 00:00:00+00:00,0.0,0.0,0.0,0.0,0.0,1.0,0.0,0.0,0.0,0.0,2.0940039951429683
2025-03-17 00:00:00+00:00,0.0,0.0,0.0,0.0,0.0,1.0,0.0,0.0,0.0,0.0,2.0940039951429683
2025-03-18 00:00:00+00:00,0.0,0.0,0.0,0.0,0.0,1.0,0.0,0.0,0.0,0.0,2.0940039951429683
2025-03-19 00:00:00+00:00,0.0,0.0,0.0,0.0,0.0,1.0,0.0,0.0,0.0,0.0,2.0940039951429683
2025-03-20 00:00:00+00:00,0.0,0.0,0.0,0.0,0.0,1.0,0.0,0.0,0.0,0.0,2.0940039951429683
2025-03-21 00:00:00+00:00,0.0,0.0,0.0,0.0,0.0,1.0,0.0,0.0,0.0,0.0,2.0940039951429683
2025-03-22 00:00:00+00:00,0.0,0.0,0.0,0.0,0.0,1.0,0.0,0.0,0.0,0.0,2.0940039951429683
2025-03-23 00:00:00+00:00,0.0,0.0,0.0,0.0,0.0,1.0,0.0,0.0,0.0,0.0,2.0940039951429683
2025-03-24 00:00:00+00:00,0.0,0.0,0.0,0.0,0.0,1.0,0.0,0.0,0.0,0.0,2.0940039951429683
2025-03-25 00:00:00+00:00,0.0,0.0,0.0,0.0,0.0,1.0,0.0,0.0,0.0,0.0,2.0940039951429683
2025-03-26 00:00:00+00:00,0.0,0.0,0.0,0.0,0.0,1.0,0.0,0.0,0.0,0.0,2.0940039951429683
2025-03-27 00:00:00+00:00,0.0,0.0,0.0,0.0,0.0,1.0,0.0,0.0,0.0,0.0,2.0940039951429683
2025-03-28 00:00:00+00:00,0.0,0.0,0.0,0.0,0.0,1.0,0.0,0.0,0.0,0.0,2.0940039951429683
2025-03-29 00:00:00+00:00,0.0,0.0,0.0,0.0,0.0,1.0,0.0,0.0,0.0,0.0,2.0940039951429683
2025-03-30 00:00:00+00:00,0.0,0.0,0.0,0.0,0.0,1.0,0.0,0.0,0.0,0.0,2.0940039951429683
2025-03-31 00:00:00+00:00,0.0,0.0,0.0,0.0,0.0,1.0,0.0,0.0,0.0,0.0,2.0940039951429683
2025-04-01 00:00:00+00:00,0.0,0.0,0.0,0.0,0.0,1.0,0.0,0.0,0.0,0.0,2.0940039951429683
2025-04-02 00:00:00+00:00,0.0,0.0,0.0,0.0,0.0,1.0,0.0,0.0,0.0,0.0,2.0940039951429683
2025-04-03 00:00:00+00:00,0.0,0.0,0.0,0.0,0.0,1.0,0.0,0.0,0.0,0.0,2.0940039951429683
2025-04-04 00:00:00+00:00,0.0,0.0,0.0,0.0,0.0,1.0,0.0,0.0,0.0,0.0,2.0940039951429683
2025-04-05 00:00:00+00:00,0.0,0.0,0.0,0.0,0.0,1.0,0.0,0.0,0.0,0.0,2.0940039951429683
2025-04-06 00:00:00+00:00,0.0,0.0,0.0,0.0,0.0,1.0,0.0,0.0,0.0,0.0,2.0940039951429683
2025-04-07 00:00:00+00:00,0.0,0.0,0.0,0.0,0.0,1.0,0.0,0.0,0.0,0.0,2.0940039951429683
2025-04-08 00:00:00+00:00,0.0,0.0,0.0,0.0,0.0,1.0,0.0,0.0,0.0,0.0,2.0940039951429683
2025-04-09 00:00:00+00:00,0.0,0.0,0.0,0.0,0.0,1.0,0.0,0.0,0.0,0.0,2.0940039951429683
2025-04-10 00:00:00+00:00,0.0,0.0,0.0,0.0,0.0,1.0,0.0,0.0,0.0,0.0,2.0940039951429683
2025-04-11 00:00:00+00:00,0.0,0.0,0.0,0.0,0.0,1.0,0.0,0.0,0.0,0.0,2.0940039951429683
2025-04-12 00:00:00+00:00,0.0,0.0,0.0,0.0,0.0,1.0,0.0,0.0,0.0,0.0,2.0940039951429683
2025-04-13 00:00:00+00:00,0.0,0.0,0.0,0.0,0.0,1.0,0.0,0.0,0.0,0.0,2.0940039951429683
2025-04-14 00:00:00+00:00,0.0,0.0,0.0,0.0,0.0,1.0,0.0,0.0,0.0,0.0,2.0940039951429683
2025-04-15 00:00:00+00:00,0.0,0.0,0.0,0.0,0.0,1.0,0.0,0.0,0.0,0.0,2.0940039951429683
2025-04-16 00:00:00+00:00,0.0,0.0,0.0,0.0,0.0,1.0,0.0,0.0,0.0,0.0,2.0940039951429683
2025-04-17 00:00:00+00:00,0.0,0.0,0.0,0.0,0.0,1.0,0.0,0.0,0.0,0.0,2.0940039951429683
2025-04-18 00:00:00+00:00,0.0,0.0,0.0,0.0,0.0,1.0,0.0,0.0,0.0,0.0,2.0940039951429683
2025-04-19 00:00:00+00:00,0.0,0.0,0.0,0.0,0.0,1.0,0.0,0.0,0.0,0.0,2.0940039951429683
2025-04-20 00:00:00+00:00,0.0,0.0,0.0,0.0,0.0,1.0,0.0,0.0,0.0,0.0,2.0940039951429683
2025-04-21 00:00:00+00:00,0.0,0.0,0.0,0.0,0.0,1.0,0.0,0.0,0.0,0.0,2.0940039951429683
2025-04-22 00:00:00+00:00,0.0,0.0,0.0,0.0,0.0,1.0,0.0,0.0,0.0,0.0,2.0940039951429683
2025-04-23 00:00:00+00:00,0.0,0.0,0.0,0.0,0.0,1.0,0.0,0.0,0.0,0.0,2.0940039951429683
2025-04-24 00:00:00+00:00,0.0,0.0,0.0,0.0,0.0,1.0,0.0,0.0,0.0,0.0,2.0940039951429683
2025-04-25 00:00:00+00:00,0.0,0.0,0.0,0.0,0.0,1.0,0.0,0.0,0.0,0.0,2.0940039951429683
2025-04-26 00:00:00+00:00,0.0,0.0,0.0,0.0,0.0,1.0,0.0,0.0,0.0,0.0,2.0940039951429683
2025-04-27 00:00:00+00:00,0.0,0.0,0.0,0.0,0.0,1.0,0.0,0.0,0.0,0.0,2.0940039951429683
2025-04-28 00:00:00+00:00,0.0,0.0,0.0,0.0,0.0,1.0,0.0,0.0,0.0,0.0,2.0940039951429683
2025-04-29 00:00:00+00:00,0.0,0.0,0.0,0.0,0.0,1.0,0.0,0.0,0.0,0.0,2.0940039951429683
2025-04-30 00:00:00+00:00,0.0,0.0,0.0,0.0,0.0,1.0,0.0,0.0,0.0,0.0,2.0940039951429683
2025-05-01 00:00:00+00:00,0.0,0.0,0.0,0.0,0.0,1.0,0.0,0.0,0.0,0.0,2.0940039951429683
2025-05-02 00:00:00+00:00,0.0,0.0,0.0,0.0,0.0,1.0,0.0,0.0,0.0,0.0,2.0940039951429683
2025-05-03 00:00:00+00:00,0.0,0.0,0.0,0.0,0.0,1.0,0.0,0.0,0.0,0.0,2.0940039951429683
2025-05-04 00:00:00+00:00,0.0,0.0,0.0,0.0,0.0,1.0,0.0,0.0,0.0,0.0,2.0940039951429683
2025-05-05 00:00:00+00:00,0.0,0.0,0.0,0.0,0.0,1.0,0.0,0.0,0.0,0.0,2.0940039951429683
2025-05-06 00:00:00+00:00,0.0,0.0,0.0,0.0,0.0,1.0,0.0,0.0,0.0,0.0,2.0940039951429683
2025-05-07 00:00:00+00:00,0.0,0.0,0.0,0.0,0.0,1.0,0.0,0.0,0.0,0.0,2.0940039951429683
2025-05-08 00:00:00+00:00,0.0,0.0,0.0,0.0,0.0,1.0,0.0,0.0,0.0,0.0,2.0940039951429683
2025-05-09 00:00:00+00:00,0.0,0.0,0.0,0.0,0.0,1.0,0.0,0.0,0.0,0.0,2.0940039951429683
2025-05-10 00:00:00+00:00,0.0,0.0,0.0,0.0,0.0,1.0,0.0,0.0,0.0,0.0,2.0940039951429683
2025-05-11 00:00:00+00:00,0.0,0.0,0.0,0.0,0.0,1.0,0.0,0.0,0.0,0.0,2.0940039951429683
2025-05-12 00:00:00+00:00,-0.0005635827778676106,0.00018089780776561325,0.0007443459350853489,0.3721729675426744,0.3722865195351955,0.6277134804648047,0.18368212700935335,0.0,0.0,0.18860439252584213,2.09282385055452
2025-05-13 00:00:00+00:00,0.0034995302543667783,0.0034995302543666725,0.0,0.0,0.37447556123350456,0.6255244387664955,0.1853785717705725,0.0,0.0,0.18909698946293205,2.100147750936596
2025-05-14 00:00:00+00:00,-0.0043782488618957505,-0.0043782488618958025,0.0,0.0,0.3717248161247453,0.6282751838752547,0.18512800073811495,0.0,0.0,0.18659681538663034,2.0909527814362447
2025-05-15 00:00:00+00:00,0.0002889205634331038,0.00028892056343305685,0.0,0.0,0.37190628531468095,0.628093714685319,0.18553204859250322,0.0,0.0,0.1863742367221777,2.091556900691969
2025-05-16 00:00:00+00:00,-0.00199988930824313,-0.0019998893082431857,0.0,0.0,0.37064765027935687,0.629352349720643,0.1853666938568166,0.0,0.0,0.18528095642254028,2.0873740184086933
2025-05-17 00:00:00+00:00,-0.0026840324383345937,-0.0026840324383345963,0.0,0.0,0.3689539020824617,0.6310460979175382,0.18525971733576682,0.0,0.0,0.1836941847466949,2.0817714388323476
2025-05-18 00:00:00+00:00,0.009436282239286164,0.009436282239286076,0.0,0.0,0.3748529659369334,0.6251470340630665,0.18944984857011152,0.0,0.0,0.18540311736682188,2.1014156216868547
2025-05-19 00:00:00+00:00,-0.0033425361229457717,-0.0026996202332418397,0.0006446562166698689,0.3223281083349344,0.3245513847900882,0.675448615209912,0.3245513847900882,0.0,0.0,0.0,2.0943915640620436
2025-05-20 00:00:00+00:00,0.003923468422173393,0.003923468422173297,0.0,0.0,0.32719112914903004,0.6728088708509701,0.32719112914903004,0.0,0.0,0.0,2.1026088432273076
2025-05-21 00:00:00+00:00,0.008555626981105346,0.008555626981105312,0.0,0.0,0.3328985998869702,0.6671014001130299,0.3328985998869702,0.0,0.0,0.0,2.1205979801771337
2025-05-22 00:00:00+00:00,0.006230934259561671,0.0062309342595616365,0.0,0.0,0.33702952533066516,0.6629704746693349,0.33702952533066516,0.0,0.0,0.0,2.133811286782577
2025-05-23 00:00:00+00:00,-0.013209831984785425,-0.013209831984785389,0.0,0.0,0.3281545599478318,0.6718454400521683,0.3281545599478318,0.0,0.0,0.0,2.1056239981969402
2025-05-24 00:00:00+00:00,0.0013564262832419516,0.0013564262832420203,0.0,0.0,0.32906463431220734,0.6709353656877928,0.32906463431220734,0.0,0.0,0.0,2.1084801219307194
2025-05-25 00:00:00+00:00,0.0037935206710910663,0.0037935206710911613,0.0,0.0,0.33160022268400835,0.6683997773159919,0.33160022268400835,0.0,0.0,0.0,2.116478684857848
2025-05-26 00:00:00+00:00,0.0014208261250510112,0.0020854096150044023,0.0006632004453680167,0.33160022268400835,0.37387075262274705,0.626129247377253,0.18662914893829533,0.0,0.0,0.1872416036844517,2.119485833066408
2025-05-27 00:00:00+00:00,0.002651890495506626,0.0026518904955066874,0.0,0.0,0.3755267872004686,0.6244732127995314,0.18529086336187608,0.0,0.0,0.19023592383859256,2.1251064774024777
2025-05-28 00:00:00+00:00,-0.001969651262817229,-0.0019696512628172183,0.0,0.0,0.3742943653069436,0.6257056346930564,0.18368577850965015,0.0,0.0,0.19060858679729345,2.120920758745641
2025-05-29 00:00:00+00:00,-0.007029606729842874,-0.007029606729842904,0.0,0.0,0.36986476239999944,0.6301352376000005,0.18122397147851108,0.0,0.0,0.1886407909214884,2.1060115199064993
2025-05-30 00:00:00+00:00,-0.008247604984795598,-0.008247604984795565,0.0,0.0,0.36462443572889985,0.6353755642711001,0.17995473699218942,0.0,0.0,0.18466969873671044,2.0886419687968814
2025-05-31 00:00:00+00:00,0.0017961649998914364,0.001796164999891453,0.0,0.0,0.36576362890032726,0.6342363710996727,0.18067964500303002,0.0,0.0,0.18508398389729724,2.092393514398539
2025-06-01 00:00:00+00:00,0.002591988775830334,0.0025919887758304445,0.0,0.0,0.3674033124141773,0.6325966875858228,0.18202350258669356,0.0,0.0,0.18537980982748373,2.09781697490248
2025-06-02 00:00:00+00:00,4.846577432493504e-06,0.000683290882644386,0.0006779810469439396,0.33899052347196984,0.3360878613424014,0.6639121386575987,0.3360878613424014,0.0,0.0,0.0,2.097827142134888
2025-06-03 00:00:00+00:00,-0.001527441195675605,-0.0015274411956756194,0.0,0.0,0.33507222326406594,0.6649277767359342,0.33507222326406594,0.0,0.0,0.0,2.094622834536585
2025-06-04 00:00:00+00:00,-0.002162357354491329,-0.0021623573544913015,0.0,0.0,0.33363129599616037,0.6663687040038397,0.33363129599616037,0.0,0.0,0.0,2.0900935114454393
2025-06-05 00:00:00+00:00,-0.010159552912628711,-0.010159552912628704,0.0,0.0,0.3267918016841551,0.673208198315845,0.3267918016841551,0.0,0.0,0.0,2.0688590958235675
2025-06-06 00:00:00+00:00,0.008948950506735054,0.008948950506735031,0.0,0.0,0.3327628737036374,0.6672371262963627,0.3327628737036374,0.0,0.0,0.0,2.0873732134775014
2025-06-07 00:00:00+00:00,0.004032269914857833,0.004032269914857852,0.0,0.0,0.3354425487211238,0.6645574512788762,0.3354425487211238,0.0,0.0,0.0,2.0957900656872868
2025-06-08 00:00:00+00:00,0.0005779473171358962,0.0005779473171358468,0.0,0.0,0.3358264060678493,0.6641735939321506,0.3358264060678493,0.0,0.0,0.0,2.097001321933031
2025-06-09 00:00:00+00:00,0.017003051552437753,0.017133597789396316,0.00012834718786430144,0.06417359393215072,0.41010698957932407,0.589893010420676,0.41010698957932407,0.0,0.0,0.0,2.1326567435153883
2025-06-10 00:00:00+00:00,4.228903281910945e-05,4.228903281914647e-05,0.0,0.0,0.41013193452930374,0.5898680654706964,0.41013193452930374,0.0,0.0,0.0,2.1327469315064067
2025-06-11 00:00:00+00:00,-0.006059535270620975,-0.006059535270620951,0.0,0.0,0.4065358173828851,0.593464182617115,0.4065358173828851,0.0,0.0,0.0,2.119823476251635
2025-06-12 00:00:00+00:00,-0.01112603513887922,-0.011126035138879178,0.0,0.0,0.39985862333784666,0.6001413766621534,0.39985862333784666,0.0,0.0,0.0,2.096238245766638
2025-06-13 00:00:00+00:00,0.0014941002904367284,0.0014941002904366421,0.0,0.0,0.400753957024699,0.5992460429753009,0.400753957024699,0.0,0.0,0.0,2.0993702359384625
2025-06-14 00:00:00+00:00,-0.0024633162037340783,-0.0024633162037340766,0.0,0.0,0.3992741793767563,0.6007258206232436,0.3992741793767563,0.0,0.0,0.0,2.094198823218638
2025-06-15 00:00:00+00:00,0.0006794673095982251,0.0006794673095982982,0.0,0.0,0.3996820757816286,0.6003179242183714,0.3996820757816286,0.0,0.0,0.0,2.0956217628588143
2025-06-16 00:00:00+00:00,-0.000799364151563231,0.0,0.0007993641515632573,0.3996820757816286,0.0,1.0,0.0,0.0,0.0,0.0,2.093946597946349
2025-06-17 00:00:00+00:00,0.0,0.0,0.0,0.0,0.0,1.0,0.0,0.0,0.0,0.0,2.093946597946349
2025-06-18 00:00:00+00:00,0.0,0.0,0.0,0.0,0.0,1.0,0.0,0.0,0.0,0.0,2.093946597946349
2025-06-19 00:00:00+00:00,0.0,0.0,0.0,0.0,0.0,1.0,0.0,0.0,0.0,0.0,2.093946597946349
2025-06-20 00:00:00+00:00,0.0,0.0,0.0,0.0,0.0,1.0,0.0,0.0,0.0,0.0,2.093946597946349
2025-06-21 00:00:00+00:00,0.0,0.0,0.0,0.0,0.0,1.0,0.0,0.0,0.0,0.0,2.093946597946349
2025-06-22 00:00:00+00:00,0.0,0.0,0.0,0.0,0.0,1.0,0.0,0.0,0.0,0.0,2.093946597946349
2025-06-23 00:00:00+00:00,0.016499550597654622,0.017313401318709423,0.0008,0.4,0.41021124933354847,0.5897887506664514,0.41021124933354847,0.0,0.0,0.0,2.1284957757879517
2025-06-24 00:00:00+00:00,0.002917130399050727,0.0029171303990507703,0.0,0.0,0.41192673572962063,0.5880732642703793,0.41192673572962063,0.0,0.0,0.0,2.1347048755197537
2025-06-25 00:00:00+00:00,0.004883298394523283,0.00488329839452327,0.0,0.0,0.41478451755549206,0.5852154824445078,0.41478451755549206,0.0,0.0,0.0,2.1451292764111605
2025-06-26 00:00:00+00:00,-0.001520674995298732,-0.001520674995298712,0.0,0.0,0.4138932396604682,0.5861067603395317,0.4138932396604682,0.0,0.0,0.0,2.1418672319588388
2025-06-27 00:00:00+00:00,0.0003890200296359225,0.00038902002963590523,0.0,0.0,0.4141211582648431,0.5858788417351568,0.4141211582648431,0.0,0.0,0.0,2.1427004612128915
2025-06-28 00:00:00+00:00,0.0009640865664706233,0.0009640865664705193,0.0,0.0,0.4146854521575777,0.5853145478424221,0.4146854521575777,0.0,0.0,0.0,2.1447662099435174
2025-06-29 00:00:00+00:00,0.004097276677618611,0.004097276677618501,0.0,0.0,0.4170738618282828,0.5829261381717168,0.4170738618282828,0.0,0.0,0.0,2.1535539105144634
2025-06-30 00:00:00+00:00,-0.004502264961427582,-0.004468269819013893,3.4147723656565596e-05,0.0170738618282828,0.3973070050806709,0.6026929949193292,0.3973070050806709,0.0,0.0,0.0,2.143858040200609
2025-07-01 00:00:00+00:00,-0.005433734977509874,-0.005433734977509835,0.0,0.0,0.3940142390555542,0.6059857609444459,0.3940142390555542,0.0,0.0,0.0,2.132208883780755
2025-07-02 00:00:00+00:00,0.011813067818994272,0.011813067818994341,0.0,0.0,0.4010892128022486,0.5989107871977516,0.4010892128022486,0.0,0.0,0.0,2.1573968119291194
2025-07-03 00:00:00+00:00,0.0027089929090955422,0.002708992909095569,0.0,0.0,0.40270727456011957,0.5972927254398807,0.40270727456011957,0.0,0.0,0.0,2.1632411845947406
2025-07-04 00:00:00+00:00,-0.005881666285186937,-0.005881666285186919,0.0,0.0,0.39917341308059173,0.6008265869194085,0.39917341308059173,0.0,0.0,0.0,2.150517721852582
2025-07-05 00:00:00+00:00,0.0007905895337101398,0.0007905895337102048,0.0,0.0,0.3996480450527155,0.6003519549472848,0.3996480450527155,0.0,0.0,0.0,2.152217898655537
2025-07-06 00:00:00+00:00,0.0037148337545132026,0.0037148337545132083,0.0,0.0,0.4018699985716087,0.5981300014283916,0.4018699985716087,0.0,0.0,0.0,2.16021303035253
2025-07-07 00:00:00+00:00,-0.0034501623751063137,-0.003446435267621073,3.7399971432173776e-06,0.0018699985716086887,0.3979249874429701,0.60207501255703,0.3979249874429701,0.0,0.0,0.0,2.1527599446329932
2025-07-08 00:00:00+00:00,0.0024260415241055266,0.002426041524105437,0.0,0.0,0.3993821113808806,0.6006178886191195,0.3993821113808806,0.0,0.0,0.0,2.157982629650104
2025-07-09 00:00:00+00:00,0.00847365696830682,0.00847365696830691,0.0,0.0,0.404428777619528,0.5955712223804722,0.404428777619528,0.0,0.0,0.0,2.176268634197324
2025-07-10 00:00:00+00:00,0.017364797509741958,0.01736479750974194,0.0,0.0,0.41459423027189124,0.585405769728109,0.41459423027189124,0.0,0.0,0.0,2.2140590983569632
2025-07-11 00:00:00+00:00,0.005423746912634142,0.005423746912634033,0.0,0.0,0.41775219500661204,0.5822478049933881,0.41775219500661204,0.0,0.0,0.0,2.226067594556066
2025-07-12 00:00:00+00:00,-0.00038267758682863917,-0.0003826775868286113,0.0,0.0,0.4175292965234073,0.5824707034765929,0.4175292965234073,0.0,0.0,0.0,2.225215728380864
2025-07-13 00:00:00+00:00,0.0059263771252831,0.005926377125283026,0.0,0.0,0.42096090059675517,0.5790390994032449,0.42096090059675517,0.0,0.0,0.0,2.2384031959723605
2025-07-14 00:00:00+00:00,0.002492328239974251,0.002534356285948114,4.19218011935103e-05,0.02096090059675515,0.40151676973665246,0.5984832302633475,0.40151676973665246,0.0,0.0,0.0,2.243982031470131
2025-07-15 00:00:00+00:00,-0.00697920061920887,-0.006979200619208914,0.0,0.0,0.39731047865609836,0.6026895213439015,0.39731047865609836,0.0,0.0,0.0,2.228320830686601
2025-07-16 00:00:00+00:00,0.0029433035012156328,0.0029433035012156523,0.0,0.0,0.3990791710359417,0.6009208289640582,0.3990791710359417,0.0,0.0,0.0,2.2348794551893927
2025-07-17 00:00:00+00:00,0.0018405410622870377,0.0018405410622871015,0.0,0.0,0.40018315856245884,0.5998168414375411,0.40018315856245884,0.0,0.0,0.0,2.2389928425959305
2025-07-18 00:00:00+00:00,-0.0042064751652438614,-0.004206475165243889,0.0,0.0,0.3976493856624786,0.6023506143375212,0.3976493856624786,0.0,0.0,0.0,2.229574574808392
2025-07-19 00:00:00+00:00,-0.00028605166973938445,-0.0002860516697393651,0.0,0.0,0.39747703296170095,0.6025229670382989,0.39747703296170095,0.0,0.0,0.0,2.2289368012784596
2025-07-20 00:00:00+00:00,-0.0019391507710299072,-0.001939150771029954,0.0,0.0,0.39630638001303736,0.6036936199869625,0.39630638001303736,0.0,0.0,0.0,2.2246145567616837
2025-07-21 00:00:00+00:00,0.0015081520172772755,0.002478274771109088,0.0009677244667008427,0.48386223335042133,0.43916915960951963,0.5608308403904803,0.1748504816850509,0.08747029434471888,0.0,0.17684838357974983,2.227969613693128
2025-07-22 00:00:00+00:00,0.008184412513793538,0.00818441251379357,0.0,0.0,0.4437219684917443,0.5562780315082556,0.17723427324734825,0.08638871160287537,0.0,0.18009898364152066,2.24620423607979
2025-07-23 00:00:00+00:00,-0.006767845773912318,-0.006767845773912326,0.0,0.0,0.4399315113376493,0.5600684886623506,0.1766591789859377,0.08423956185734212,0.0,0.1790327704943695,2.2310022722332934
2025-07-24 00:00:00+00:00,-0.00017404821497879475,-0.00017404821497879757,0.0,0.0,0.4398340154479462,0.5601659845520537,0.1760724481805571,0.08608082695851488,0.0,0.17768074030887424,2.2306139702701975
2025-07-25 00:00:00+00:00,0.002726112225588384,0.002726112225588395,0.0,0.0,0.4413569391259351,0.5586430608740648,0.17451553053878435,0.08626411219092643,0.0,0.18057729639622433,2.2366948742851194
2025-07-26 00:00:00+00:00,0.002634402472947883,0.002634402472947989,0.0,0.0,0.44282476294828954,0.5571752370517105,0.17450936909500656,0.08641024838507491,0.0,0.18190514546820807,2.242587228793166
2025-07-27 00:00:00+00:00,0.016864662788382834,0.016864662788382903,0.0,0.0,0.45206549362836623,0.5479345063716339,0.17379171902237764,0.08795272641767338,0.0,0.19032104818831522,2.2804077061802968
2025-07-28 00:00:00+00:00,-0.0079642578266923,-0.007915485266332003,4.9161699064831425e-05,0.02458084953241571,0.44230037653744103,0.557699623462559,0.17807054741777026,0.09164926887767731,0.0,0.17258056024199347,2.262245951258301
2025-07-29 00:00:00+00:00,-0.004264658494211648,-0.0042646584942116605,0.0,0.0,0.4399117916019887,0.5600882083980113,0.17866421092462545,0.09191556833960499,0.0,0.16933201233775824,2.2525982448462716
2025-07-30 00:00:00+00:00,-0.0022143138311250254,-0.002214313831125028,0.0,0.0,0.43866882822448455,0.5613311717755155,0.17889301850525363,0.09251315577437322,0.0,0.16726265394485768,2.2476102853967403
2025-07-31 00:00:00+00:00,-0.00804996377515288,-0.008049963775152892,0.0,0.0,0.43411346209349044,0.5658865379065096,0.17716730505030684,0.09053185695755794,0.0,0.16641430008562566,2.2295171040186355
2025-08-01 00:00:00+00:00,-0.014454773116633235,-0.014454773116633207,0.0,0.0,0.42581372983151916,0.5741862701684808,0.17593618470638422,0.08663927037411924,0.0,0.1632382747510157,2.1972899401203927
2025-08-02 00:00:00+00:00,-0.00796100229156238,-0.007961002291562432,0.0,0.0,0.42120594906568837,0.5787940509343115,0.17617160174279728,0.08497429672697233,0.0,0.16006005059591877,2.1797973098718675
2025-08-03 00:00:00+00:00,0.008388723253853314,0.008388723253853213,0.0,0.0,0.42602090088168787,0.5739790991183119,0.17728668282304,0.08682004803410376,0.0,0.16191417002454409,2.1980830262538764
2025-08-04 00:00:00+00:00,0.010847853561255949,0.01087509329393092,2.6946684962181723e-05,0.01347334248109086,0.43079455094537644,0.5692054490546234,0.16925947025496346,0.09542511801571009,0.0,0.16610996267470288,2.221927509038161
2025-08-05 00:00:00+00:00,-0.007071382598422549,-0.007071382598422511,0.0,0.0,0.42674081592673485,0.573259184073265,0.16909400302770888,0.0932900055884749,0.0,0.16435680731055108,2.206215409515792
2025-08-06 00:00:00+00:00,0.0062579874785984035,0.006257987478598329,0.0,0.0,0.43030595413240624,0.5696940458675935,0.16931235327723448,0.09453989300534361,0.0,0.16645370784982813,2.220021877923633
2025-08-07 00:00:00+00:00,0.013612967574022417,0.013612967574022333,0.0,0.0,0.4379570269004178,0.5620429730995817,0.17064056386936527,0.0990181377612511,0.0,0.1682983252698015,2.2502429637614276
2025-08-08 00:00:00+00:00,0.002384798888467543,0.0023847988884675786,0.0,0.0,0.4392941974750368,0.5607058025249629,0.16907921022617153,0.1012888185135199,0.0,0.16892616873534533,2.255609340680188
2025-08-09 00:00:00+00:00,0.007170589623469503,0.007170589623469427,0.0,0.0,0.4432861639311936,0.5567138360688061,0.16756970672284935,0.10686635332077256,0.0,0.16885010388757166,2.27178338961307
2025-08-10 00:00:00+00:00,0.005596135371829014,0.005596135371829019,0.0,0.0,0.4463842724863336,0.5536157275136661,0.1706893095419132,0.10602096862285766,0.0,0.16967399432156277,2.284496596996817
2025-08-11 00:00:00+00:00,-0.002067117346303826,-0.0020098897034320474,5.734289576748911e-05,0.028671447883744552,0.45334679769740316,0.5466532023025968,0.18121555785411939,0.09529128771766884,0.0,0.17683995212561496,2.279774274453593
2025-08-12 00:00:00+00:00,0.016514924766772188,0.01651492476677217,0.0,0.0,0.4622280608147291,0.5377719391852709,0.18044651154073382,0.10189611232231864,0.0,0.17988543695167664,2.3174245750814166
2025-08-13 00:00:00+00:00,0.01164762014303422,0.011647620143034249,0.0,0.0,0.46841970615298173,0.5315802938470183,0.18307908054952435,0.10420702190178888,0.0,0.18113360370166848,2.3444170562420976
2025-08-14 00:00:00+00:00,-0.013506421542207492,-0.013506421542207521,0.0,0.0,0.46114165823760384,0.5388583417623961,0.17804321165621798,0.101130435126741,0.0,0.18196801145464486,2.3127523712097506
2025-08-15 00:00:00+00:00,-0.006555014637554146,-0.006555014637554146,0.0,0.0,0.457586127362855,0.542413872637145,0.17777410997498283,0.09939384869684768,0.0,0.18041816869102442,2.2975922455634326
2025-08-16 00:00:00+00:00,0.0020452028713682235,0.0020452028713681706,0.0,0.0,0.4586932095649438,0.5413067904350561,0.17746965812319626,0.09880065117818712,0.0,0.1824229002635604,2.3022912878212924
2025-08-17 00:00:00+00:00,0.00478735476039871,0.004787354760398732,0.0,0.0,0.46127229023086574,0.5387277097691342,0.17666073565571855,0.09944929765021258,0.0,0.1851622569249346,2.313313172977868
2025-08-18 00:00:00+00:00,-0.007934893518984354,-0.00756894458153497,0.00036873990938848214,0.18436995469424106,0.39278326561581295,0.607216734384187,0.14868716036879806,0.0635241107665102,0.05813649189792884,0.12243550258257585,2.2949572792742248
2025-08-19 00:00:00+00:00,-0.013233333740512943,-0.01323333374051291,0.0,0.0,0.3846400013835601,0.61535999861644,0.14633279164550536,0.06083242022448028,0.05675196113315549,0.12072282838041892,2.2645873436773694
2025-08-20 00:00:00+00:00,0.016064636071867033,0.01606463607186713,0.0,0.0,0.3943692391505348,0.6056307608494653,0.14580329817394108,0.06369856309160389,0.05957261588301093,0.12529476200197887,2.3009671152065025
2025-08-21 00:00:00+00:00,-0.010575065738781309,-0.010575065738781263,0.0,0.0,0.38789620123968677,0.6121037987603134,0.14507751825347612,0.06273343031279846,0.05775867431689573,0.12232657835651643,2.2766342367004198
2025-08-22 00:00:00+00:00,0.030107606181654978,0.030107606181654933,0.0,0.0,0.40578654590346597,0.594213454096534,0.1463906150100406,0.06964534742588001,0.0624115012115632,0.1273390822559822,2.3451782437186686
2025-08-23 00:00:00+00:00,-0.004370806319075493,-0.004370806319075479,0.0,0.0,0.4031779523261295,0.5968220476738706,0.14514978555082816,0.06917414046111049,0.06376621774671463,0.1250878085674762,2.3349279238316645
2025-08-24 00:00:00+00:00,-0.0024004076792536466,-0.002400407679253679,0.0,0.0,0.4017418889622186,0.5982581110377815,0.1430482172242412,0.06936598083472736,0.06449575754517467,0.12483193335807537,2.329323144912795
2025-08-25 00:00:00+00:00,-0.018780179704535938,-0.0186969731461061,8.479191050361305e-05,0.042395955251806526,0.347139416920422,0.6528605830795781,0.14026217351893694,0.05455601746290054,0.0527430775396795,0.09957814839890501,2.285578037661398
2025-08-26 00:00:00+00:00,0.010234168360914842,0.010234168360914819,0.0,0.0,0.353753215317562,0.6462467846824381,0.14092331311335782,0.05677324643653674,0.05462410641385222,0.10143254935381515,2.3089690281008344
2025-08-27 00:00:00+00:00,-0.0008113225233231658,-0.0008113225233231343,0.0,0.0,0.353228475011895,0.6467715249881051,0.1404052465692178,0.05565940130733884,0.056650313969224216,0.10051351316611419,2.3070957095226805
2025-08-28 00:00:00+00:00,0.00705748854776167,0.0070574885477617325,0.0,0.0,0.3577610689129685,0.6422389310870317,0.14105642672731683,0.05532440299392147,0.059435312138791815,0.10194492705293841,2.323378011071227
2025-08-29 00:00:00+00:00,-0.010995572347279214,-0.010995572347279195,0.0,0.0,0.35062077263768593,0.6493792273623142,0.13731648058536794,0.05406682128925603,0.057478476906555324,0.10175899385650664,2.2978311400604157
2025-08-30 00:00:00+00:00,1.8560012029045225e-05,1.856001202896334e-05,0.0,0.0,0.350632824900267,0.6493671750997331,0.1378700554003947,0.05423346454276362,0.056807601698592114,0.10172170325851654,2.297873787834016
2025-08-31 00:00:00+00:00,-0.0015924187068507845,-0.0015924187068508387,0.0,0.0,0.3495971111731092,0.6504028888268908,0.137366649862721,0.05454513351156861,0.056314348210857255,0.10137097958796233,2.294214610628287
2025-09-01 00:00:00+00:00,-0.0020030524323010335,-0.001979727981862917,2.337071810261754e-05,0.011685359051308769,0.33840578546019395,0.661594214539806,0.135603980344968,0.05457879513579419,0.05315252557870934,0.09507048440072242,2.2896191784722473
2025-09-02 00:00:00+00:00,0.006644285511165915,0.0066442855111659895,0.0,0.0,0.34277259200467847,0.6572274079953216,0.1371784685528119,0.05436922501041194,0.05609845710891636,0.09512644133253828,2.304832062005858
2025-09-03 00:00:00+00:00,0.0027651276737465924,0.0027651276737465256,0.0,0.0,0.344584898439794,0.6554151015602061,0.13737291711711436,0.05577288599473322,0.05624531313168188,0.09519378219626452,2.311205216923849
2025-09-04 00:00:00+00:00,-0.0066105665489822885,-0.006610566548982312,0.0,0.0,0.3402234013268036,0.6597765986731965,0.13708024893292833,0.054215145598560305,0.05434965900222121,0.09457834779309378,2.2959268410290186
2025-09-05 00:00:00+00:00,0.0010501794661619268,0.0010501794661619088,0.0,0.0,0.3409155582739711,0.659084441726029,0.13684879899794564,0.05428303046004784,0.05457440984765063,0.09520931896832698,2.2983379762532774
2025-09-06 00:00:00+00:00,-0.0006742675469703086,-0.000674267546970276,0.0,0.0,0.34047085917803366,0.6595291408219665,0.136357011838136,0.053886986744672016,0.053751931924022986,0.09647492867120266,2.2967882815439205
2025-09-07 00:00:00+00:00,0.005401604910016289,0.0054016049100163825,0.0,0.0,0.34401423510658286,0.6559857648934174,0.13679295045519863,0.054011890088445334,0.0551137533045303,0.0980956412584086,2.309194624402776
2025-09-08 00:00:00+00:00,0.0029228008828892094,0.0029355301634796578,1.2692022774791562e-05,0.006346011387395781,0.34440981505844204,0.655590184941558,0.13718559801945515,0.05625751511304528,0.05528013571864733,0.09568656620729425,2.3159439404897433
2025-09-09 00:00:00+00:00,0.00042562744959040444,0.00042562744959048483,0.0,0.0,0.3446887335214812,0.6553112664785189,0.13649234851857786,0.056282157295157995,0.05605923283186619,0.09585499487587917,2.316929669802528
2025-09-10 00:00:00+00:00,0.006731084608543769,0.006731084608543731,0.0,0.0,0.3490701970990303,0.6509298029009698,0.13851339937445187,0.05641496023919196,0.057437852496901746,0.09670398498848477,2.3325251194420145
2025-09-11 00:00:00+00:00,0.005442019196504777,0.00544201919650479,0.0,0.0,0.3525933962645029,0.6474066037354973,0.13960443251855223,0.05752224257598161,0.058317642755713814,0.09714907841425525,2.3452187659183474
2025-09-12 00:00:00+00:00,0.009730086996573961,0.009730086996573867,0.0,0.0,0.35883201652315044,0.6411679834768497,0.13891370759825095,0.06020459315887891,0.06115187939805994,0.09856183636796065,2.3680379485367307
2025-09-13 00:00:00+00:00,0.0002799265872399648,0.00027992658724004197,0.0,0.0,0.3590114462614584,0.6409885537385418,0.13874183404773424,0.05960504728054265,0.061185253199385115,0.09947931173379643,2.368700825318119
2025-09-14 00:00:00+00:00,-0.002998834539002071,-0.002998834539002038,0.0,0.0,0.3570834458933071,0.6429165541066931,0.1383784924224134,0.05898926282487363,0.06070338793751597,0.09901230270850411,2.3615974834705926
2025-09-15 00:00:00+00:00,-0.0028885357408341417,-0.0028679536728452044,2.0641266184077924e-05,0.010320633092038962,0.3481596919767027,0.6518403080232973,0.140513881088544,0.05789093141142628,0.05272964893062055,0.09702523054611184,2.354775924734124
2025-09-16 00:00:00+00:00,0.005854944159638276,0.005854944159638374,0.0,0.0,0.3519539653226139,0.6480460346773862,0.1414389939482729,0.05726845996795992,0.05301334493409336,0.10023316647228772,2.368563006281903
2025-09-17 00:00:00+00:00,0.006084542070051047,0.0060845420700509755,0.0,0.0,0.3558731820449097,0.6441268179550903,0.14017269820212067,0.05805061773937321,0.054445007336090825,0.10320485876732498,2.3829746275391916
2025-09-18 00:00:00+00:00,0.00037862681988287683,0.000378626819882883,0.0,0.0,0.3561169734276374,0.6438830265723626,0.1408728172984697,0.057992240689352804,0.05501568043447722,0.10223623500533763,2.3838768856442782
2025-09-19 00:00:00+00:00,-0.004915314339789534,-0.0049153143397895165,0.0,0.0,0.3529364526948131,0.6470635473051869,0.13982600398060718,0.05676610967906893,0.053283684864476454,0.10306065417066054,2.372159381403978
2025-09-20 00:00:00+00:00,0.006675735601748167,0.006675735601748223,0.0,0.0,0.3572274324081134,0.6427725675918866,0.13896270503894897,0.05653882515218286,0.05314114304306276,0.10858475917391883,2.3879952902394375
2025-09-21 00:00:00+00:00,-0.0013091209811054716,-0.0013091209811054235,0.0,0.0,0.35638486232762945,0.6436151376723706,0.13859959225154664,0.05616525689651147,0.052473121345112936,0.10914689183445844,2.384869115502204
2025-09-22 00:00:00+00:00,-0.015226252072471413,-0.015172651005472094,5.4426866855505824e-05,0.02721343342775291,0.34069889096124295,0.659301109038757,0.13925129619275384,0.05758735830272298,0.05466504957256831,0.0891951868931978,2.3485564971897155
2025-09-23 00:00:00+00:00,-0.0009717188336333393,-0.0009717188336333098,0.0,0.0,0.3400576125142101,0.6599423874857899,0.13857976497397392,0.057165102336612414,0.05295543902768881,0.0913573061759349,2.346274360609544
2025-09-24 00:00:00+00:00,0.0012702386162546375,0.0012702386162545278,0.0,0.0,0.34089483334906295,0.659105166650937,0.14002059626950034,0.05693573677485833,0.05247167866761592,0.09146682163708834,2.3492546889067185
2025-09-25 00:00:00+00:00,-0.020347587772641895,-0.02034758777264193,0.0,0.0,0.327205079654342,0.6727949203456579,0.13748891186403242,0.054221274598685816,0.04878272769770574,0.08671216549391804,2.3014530229238988
2025-09-26 00:00:00+00:00,0.007541325243074715,0.007541325243074644,0.0,0.0,0.33224086844939815,0.6677591315506017,0.13727232678240373,0.05600855607397569,0.051540257162767375,0.08741972843025136,2.3188090287014256
2025-09-27 00:00:00+00:00,6.95705105606681e-05,6.95705105606707e-05,0.0,0.0,0.332287321561345,0.6677126784386549,0.13725325037289646,0.05581229413391619,0.05111213977843783,0.0881096372760945,2.318970349429445
2025-09-28 00:00:00+00:00,0.008966398968573097,0.008966398968573049,0.0,0.0,0.3382210952503159,0.6617789047496839,0.13917033750335775,0.057020097682704336,0.052490339661092664,0.08954032040316118,2.3397631627787208
2025-09-29 00:00:00+00:00,0.007070913475158314,0.007102246343725123,3.1111904159186866e-05,0.015555952079593434,0.327441817066405,0.6725581829335949,0.13061012770243208,0.05641512834327717,0.052100671169770324,0.08831588985092544,2.3563074256550918
2025-09-30 00:00:00+00:00,-0.004055653385018787,-0.004055653385018801,0.0,0.0,0.32470304669182787,0.6752969533081721,0.13084023856073784,0.05570522969186464,0.051314478595956795,0.08684309984326859,2.346751059468089
2025-10-01 00:00:00+00:00,0.012776146250014664,0.0127761462500146,0.0,0.0,0.3332219011984235,0.6667780988015765,0.1343392604068394,0.057694549473989505,0.053910932896368995,0.08727715842122556,2.37673349421623
2025-10-02 00:00:00+00:00,0.012501275081459706,0.012501275081459654,0.0,0.0,0.34145455891111676,0.6585454410888831,0.13484468895864454,0.05876871262277276,0.05629076487654847,0.09155039245315098,2.406445693422746
2025-10-03 00:00:00+00:00,0.010151947494896785,0.010151947494896873,0.0,0.0,0.34807288871537806,0.6519271112846219,0.13537547389927398,0.05854822804387925,0.05527400516465451,0.09887518160757032,2.4308758037516944
2025-10-04 00:00:00+00:00,-0.004553018343722126,-0.004553018343722136,0.0,0.0,0.34509107637263536,0.6549089236273646,0.13617131754437226,0.058480811670081935,0.05433920786034404,0.09609973929783712,2.419807981625903
2025-10-05 00:00:00+00:00,0.003123893418919499,0.003123893418919552,0.0,0.0,0.3471305708856594,0.6528694291143406,0.1369576820939933,0.05865156462746888,0.05433640014182638,0.09718492402237085,2.427367203854753
2025-10-06 00:00:00+00:00,0.008031503276407559,0.008091592149622675,5.96065612321174e-05,0.0298032806160587,0.3248161134790088,0.6751838865209913,0.1279228079773063,0.06141028343234058,0.054088467940191405,0.0813945541291705,2.4468626115055567
2025-10-07 00:00:00+00:00,-0.0039831942470414106,-0.003983194247041409,0.0,0.0,0.322115969709394,0.6778840302906061,0.12500807687386747,0.05854518475563473,0.05141366160384542,0.08714904647604639,2.437116282428107
2025-10-08 00:00:00+00:00,0.005373381162184776,0.005373381162184688,0.0,0.0,0.32573903089915685,0.6742609691008431,0.12636189895983543,0.05925377084313864,0.053242731480675466,0.08688062961550733,2.45021183715016
2025-10-09 00:00:00+00:00,-0.009090020545856725,-0.00909002054585672,0.0,0.0,0.3195537606026843,0.6804462393973156,0.12582128372701823,0.05771459973757856,0.0518308635906091,0.08418701354747843,2.427939361208764
2025-10-10 00:00:00+00:00,-0.034175527282415574,-0.03417552728241554,0.0,0.0,0.29547629137754916,0.7045237086224508,0.12075645715670338,0.05239175267675028,0.04577049348535432,0.0765575880587412,2.3449632533297233
2025-10-11 00:00:00+00:00,-0.003781937144515468,-0.0037819371445154955,0.0,0.0,0.2928017119032583,0.7071982880967417,0.11892537165701346,0.0514519695760095,0.04331092416129067,0.07911344650894471,2.336094749699432
2025-10-12 00:00:00+00:00,0.0266062731361818,0.02660627313618178,0.0,0.0,0.31112997591927816,0.6888700240807218,0.12036034532243077,0.055542478596602905,0.04678659088812031,0.08844056111212416,2.3982495246819355
2025-10-13 00:00:00+00:00,0.004308426533295107,0.004638137144314617,0.0003281884280810588,0.1640942140405294,0.20687816389925645,0.7931218361007435,0.0,0.07089243435737659,0.06398425781841299,0.07200147172346687,2.4085822065675377
2025-10-14 00:00:00+00:00,-0.008632498129310773,-0.008632498129310807,0.0,0.0,0.19997192302134204,0.8000280769786579,0.0,0.069556269517171,0.06261157096353626,0.06780408254063479,2.3877901251750524
2025-10-15 00:00:00+00:00,-0.007593029829694786,-0.00759302982969475,0.0,0.0,0.19385080816052058,0.8061491918394794,0.0,0.06771989403446951,0.06040743771693438,0.06572347640911667,2.3696595635275477
2025-10-16 00:00:00+00:00,-0.005355673099084468,-0.005355673099084451,0.0,0.0,0.18951008914789058,0.8104899108521094,0.0,0.06652813796457259,0.057912880095361385,0.06506907108795659,2.356968441549175
2025-10-17 00:00:00+00:00,-0.006161820232232773,-0.006161820232232813,0.0,0.0,0.18448503252159343,0.8155149674784065,0.0,0.06585911356221635,0.057367156256395935,0.06125876270298114,2.3424452257193034
2025-10-18 00:00:00+00:00,0.003965955761416229,0.003965955761416322,0.0,0.0,0.18770655240006318,0.8122934475999368,0.0,0.06658544003369948,0.05889271948889978,0.06222839287746389,2.3517352598580468
2025-10-19 00:00:00+00:00,0.002690652950081862,0.0026906529500817615,0.0,0.0,0.18988628725117246,0.8101137127488274,0.0,0.06800119410851645,0.05883176695956966,0.06305332618308634,2.358062963272795
2025-10-20 00:00:00+00:00,-0.0012904726678701905,-0.0010120039479628053,0.0002787508168344398,0.1393754084172199,0.21079948771508644,0.7892005122849136,0.0,0.10581690804829372,0.0,0.10498257966679272,2.3550199474695748
2025-10-21 00:00:00+00:00,-0.006930513624204715,-0.006930513624204675,0.0,0.0,0.20529175137069322,0.7947082486293069,0.0,0.1037121079116902,0.0,0.10157964345900301,2.338698449638363
2025-10-22 00:00:00+00:00,-0.00039817944045272835,-0.00039817944045268216,0.0,0.0,0.20497518883623803,0.7950248111637621,0.0,0.10194492024324872,0.0,0.1030302685929893,2.3377672279982984
2025-10-23 00:00:00+00:00,0.006648824084892313,0.006648824084892418,0.0,0.0,0.21022625553008528,0.789773744469915,0.0,0.10263596462926594,0.0,0.10759029090081935,2.3533106310486853
2025-10-24 00:00:00+00:00,0.0003867009916960207,0.00038670099169612216,0.0,0.0,0.2105315437650242,0.7894684562349762,0.0,0.10467332807710618,0.0,0.10585821568791802,2.354220658603481
2025-10-25 00:00:00+00:00,0.0012223313407060399,0.0012223313407059614,0.0,0.0,0.21149535770159766,0.7885046422984027,0.0,0.10504848857332738,0.0,0.10644686912827028,2.3570982962974294
2025-10-26 00:00:00+00:00,0.007502335116013503,0.007502335116013567,0.0,0.0,0.2173669332412949,0.7826330667587055,0.0,0.1096630901957323,0.0,0.10770384304556262,2.374782037617637
2025-10-27 00:00:00+00:00,-0.0014567751918403982,-0.0012072572125071492,0.0002498195758180137,0.12490978790900684,0.22648303850105145,0.7735169614989486,0.0,0.08679716390359354,0.06711558902430326,0.07257028557315463,2.371322514059208
2025-10-28 00:00:00+00:00,-0.006764156178774683,-0.0067641561787747245,0.0,0.0,0.22121521659645663,0.7787847834035433,0.0,0.08439830913191472,0.06602540320491304,0.07079150425962885,2.355282518223867
2025-10-29 00:00:00+00:00,-0.0014351417737100691,-0.001435141773710054,0.0,0.0,0.2200959437057829,0.779904056294217,0.0,0.08290130030138372,0.06602834794417747,0.07116629546022168,2.351902353893075
2025-10-30 00:00:00+00:00,-0.007055670723865148,-0.007055670723865152,0.0,0.0,0.21455409603600428,0.7854459039639956,0.0,0.08139296053026657,0.06334225232343323,0.06981888318230452,2.335308105309322
2025-10-31 00:00:00+00:00,0.0024218511618900873,0.0024218511618901884,0.0,0.0,0.21645173331606984,0.7835482666839302,0.0,0.08211498722956084,0.06405140179567975,0.07028534429082925,2.340963873957537
2025-11-01 00:00:00+00:00,0.0006199444348422567,0.000619944434842199,0.0,0.0,0.21693718874803736,0.7830628112519626,0.0,0.08261390746837749,0.06371766286825438,0.07060561841140552,2.3424151414833636
2025-11-02 00:00:00+00:00,0.00043623920362190205,0.0004362392036218845,0.0,0.0,0.21727864248969553,0.7827213575103045,0.0,0.08327708572294651,0.06415469363147523,0.06984686313527377,2.3434369947992364
2025-11-03 00:00:00+00:00,-0.020636905741184486,-0.02061710952425071,2.021294952800021e-05,0.010106474764000103,0.21112070645731248,0.7888792935426875,0.0,0.08180982575068008,0.062443036045105677,0.06686784466152673,2.29507570642716
2025-11-04 00:00:00+00:00,-0.015154607324189162,-0.01515460732418917,0.0,0.0,0.19898158694806525,0.8010184130519347,0.0,0.07576667330743773,0.059196315930756714,0.06401859770987081,2.2602947353169704
2025-11-05 00:00:00+00:00,0.007501740741455265,0.0075017407414553336,0.0,0.0,0.20494587685532176,0.7950541231446783,0.0,0.07834235837732166,0.06153339895804018,0.06507011951995992,2.2772508804205946
2025-11-06 00:00:00+00:00,-0.005792907156141891,-0.005792907156141911,0.0,0.0,0.2003133664330608,0.7996866335669393,0.0,0.07628710250425463,0.05918556669928325,0.06484069722952292,2.264058977499076
2025-11-07 00:00:00+00:00,0.0080506846207824,0.008050684620782298,0.0,0.0,0.20669997474603904,0.7933000252539609,0.0,0.07843774298106462,0.06118210368420613,0.0670801280807683,2.282286202289772
2025-11-08 00:00:00+00:00,-0.0022301758066980426,-0.0022301758066980253,0.0,0.0,0.204926821779417,0.795073178220583,0.0,0.07782305302129826,0.05988252385347857,0.0672212449046402,2.277196302817465
2025-11-09 00:00:00+00:00,0.0070149847143503585,0.00701498471435032,0.0,0.0,0.21046539496518682,0.7895346050348131,0.0,0.08141475874068742,0.061919107489221775,0.06713152873527764,2.2931708000733044
2025-11-10 00:00:00+00:00,-0.0013823127789802658,-0.0008606414684308919,0.0005221206692488676,0.2610603346244338,0.18415584782065988,0.81584415217934,0.0,0.0,0.0,0.18415584782065988,2.2900009207719787
2025-11-11 00:00:00+00:00,-0.0062951489426290586,-0.006295148942629031,0.0,0.0,0.17898745154436424,0.8210125484556358,0.0,0.0,0.0,0.17898745154436424,2.2755850238969613
2025-11-12 00:00:00+00:00,-0.0009733264680884535,-0.00097332646808842,0.0,0.0,0.17818755974445918,0.8218124402555408,0.0,0.0,0.0,0.17818755974445918,2.2733701367628165
2025-11-13 00:00:00+00:00,-0.00480966347626377,-0.004809663476263816,0.0,0.0,0.1742158157140226,0.8257841842859773,0.0,0.0,0.0,0.1742158157140226,2.2624359914479997
2025-11-14 00:00:00+00:00,-0.0022341865381434456,-0.0022341865381434846,0.0,0.0,0.17236672860054228,0.8276332713994576,0.0,0.0,0.0,0.17236672860054228,2.257381287412495
2025-11-15 00:00:00+00:00,0.003203415481388028,0.003203415481388033,0.0,0.0,0.17500951588934016,0.8249904841106598,0.0,0.0,0.0,0.17500951588934016,2.264612617575988
2025-11-16 00:00:00+00:00,-0.001066272700238624,-0.0010662727002386041,0.0,0.0,0.17412891209439008,0.8258710879056099,0.0,0.0,0.0,0.17412891209439008,2.262197922965251
2025-11-17 00:00:00+00:00,-0.003873186137105189,-0.003850465452513582,2.2808507963539726e-05,0.011404253981769863,0.1823849676406043,0.8176150323593957,0.0,0.0,0.0,0.1823849676406043,2.253436009330634
2025-11-18 00:00:00+00:00,0.005111587161766629,0.005111587161766608,0.0,0.0,0.18654302387640714,0.8134569761235928,0.0,0.0,0.0,0.18654302387640714,2.264954643905791
2025-11-19 00:00:00+00:00,-0.007001437907688812,-0.007001437907688765,0.0,0.0,0.18080749844230673,0.8191925015576933,0.0,0.0,0.0,0.18080749844230673,2.249096704602753
2025-11-20 00:00:00+00:00,-0.0062975901404475065,-0.006297590140447466,0.0,0.0,0.17561586504205426,0.8243841349579458,0.0,0.0,0.0,0.17561586504205426,2.2349328153709336
2025-11-21 00:00:00+00:00,-0.007304238584800671,-0.0073042385848006664,0.0,0.0,0.1695500605515898,0.8304499394484103,0.0,0.0,0.0,0.1695500605515898,2.218608332866464
2025-11-22 00:00:00+00:00,0.0006757748027330646,0.0006757748027330878,0.0,0.0,0.1701108787088207,0.8298891212911794,0.0,0.0,0.0,0.1701108787088207,2.2201076124749486
2025-11-23 00:00:00+00:00,0.0020035127118911422,0.00200351271189117,0.0,0.0,0.1717702475462283,0.8282297524537718,0.0,0.0,0.0,0.1717702475462283,2.2245556262983084
2025-11-24 00:00:00+00:00,-0.00034354049509244255,0.0,0.0003435404950924566,0.1717702475462283,0.0,1.0,0.0,0.0,0.0,0.0,2.223791401357089
2025-11-25 00:00:00+00:00,0.0,0.0,0.0,0.0,0.0,1.0,0.0,0.0,0.0,0.0,2.223791401357089
2025-11-26 00:00:00+00:00,0.0,0.0,0.0,0.0,0.0,1.0,0.0,0.0,0.0,0.0,2.223791401357089
2025-11-27 00:00:00+00:00,0.0,0.0,0.0,0.0,0.0,1.0,0.0,0.0,0.0,0.0,2.223791401357089
2025-11-28 00:00:00+00:00,0.0,0.0,0.0,0.0,0.0,1.0,0.0,0.0,0.0,0.0,2.223791401357089
2025-11-29 00:00:00+00:00,0.0,0.0,0.0,0.0,0.0,1.0,0.0,0.0,0.0,0.0,2.223791401357089
2025-11-30 00:00:00+00:00,0.0,0.0,0.0,0.0,0.0,1.0,0.0,0.0,0.0,0.0,2.223791401357089
2025-12-01 00:00:00+00:00,-0.011085284606551893,-0.010704609246386027,0.0003847944342242999,0.19239721711214994,0.18365860142879695,0.816341398571203,0.0,0.0,0.0,0.18365860142879695,2.199140040767443
2025-12-02 00:00:00+00:00,0.011109279060536936,0.011109279060536936,0.0,0.0,0.1926279231363604,0.8073720768636395,0.0,0.0,0.0,0.1926279231363604,2.223570901173529
2025-12-03 00:00:00+00:00,0.009706109245873895,0.009706109245873873,0.0,0.0,0.20038903452149345,0.7996109654785064,0.0,0.0,0.0,0.20038903452149345,2.245153123256266
2025-12-04 00:00:00+00:00,-0.004537627604910166,-0.004537627604910175,0.0,0.0,0.19674415864194178,0.803255841358058,0.0,0.0,0.0,0.19674415864194178,2.234965454466928
2025-12-05 00:00:00+00:00,-0.0035745032822870337,-0.0035745032822870186,0.0,0.0,0.19386261792373594,0.806137382076264,0.0,0.0,0.0,0.19386261792373594,2.2269765631141376
2025-12-06 00:00:00+00:00,0.0014941707256477255,0.001494170725647793,0.0,0.0,0.19506532774707516,0.8049346722529248,0.0,0.0,0.0,0.19506532774707516,2.2303040463014465
2025-12-07 00:00:00+00:00,0.0008763239414499857,0.0008763239414500741,0.0,0.0,0.19577009366842368,0.8042299063315763,0.0,0.0,0.0,0.19577009366842368,2.232258515133933
2025-12-08 00:00:00+00:00,0.0006114041398337378,0.0006290378614672552,1.7622636327946252e-05,0.008811318163973125,0.2050814456998344,0.7949185543001656,0.0,0.0,0.0,0.2050814456998344,2.2336233272312653
2025-12-09 00:00:00+00:00,3.8861531515888004e-05,3.8861531515995665e-05,0.0,0.0,0.20511233625183087,0.7948876637481692,0.0,0.0,0.0,0.20511233625183087,2.2337101292545913
2025-12-10 00:00:00+00:00,-0.0008846369567531154,-0.0008846369567531307,0.0,0.0,0.20440852663201187,0.7955914733679882,0.0,0.0,0.0,0.20440852663201187,2.2317341067235787
2025-12-11 00:00:00+00:00,-0.001718218590159748,-0.0017182185901597371,0.0,0.0,0.20303917372467653,0.7969608262753235,0.0,0.0,0.0,0.20303917372467653,2.2278994996931125
2025-12-12 00:00:00+00:00,-0.0009923690877594593,-0.0009923690877594396,0.0,0.0,0.20224750881273923,0.7977524911872609,0.0,0.0,0.0,0.20224750881273923,2.2256886010989825
2025-12-13 00:00:00+00:00,0.003493947934094077,0.003493947934094087,0.0,0.0,0.2050251096884001,0.7949748903116,0.0,0.0,0.0,0.2050251096884001,2.233465041188729
2025-12-14 00:00:00+00:00,-0.004469392848518328,-0.004469392848518369,0.0,0.0,0.20145610330729374,0.7985438966927063,0.0,0.0,0.0,0.20145610330729374,2.2234828085062244
2025-12-15 00:00:00+00:00,-0.0004029122066145918,0.0,0.0004029122066145875,0.20145610330729374,0.0,1.0,0.0,0.0,0.0,0.0,2.2225869401414795
2025-12-16 00:00:00+00:00,0.0,0.0,0.0,0.0,0.0,1.0,0.0,0.0,0.0,0.0,2.2225869401414795
2025-12-17 00:00:00+00:00,0.0,0.0,0.0,0.0,0.0,1.0,0.0,0.0,0.0,0.0,2.2225869401414795
2025-12-18 00:00:00+00:00,0.0,0.0,0.0,0.0,0.0,1.0,0.0,0.0,0.0,0.0,2.2225869401414795
2025-12-19 00:00:00+00:00,0.0,0.0,0.0,0.0,0.0,1.0,0.0,0.0,0.0,0.0,2.2225869401414795
2025-12-20 00:00:00+00:00,0.0,0.0,0.0,0.0,0.0,1.0,0.0,0.0,0.0,0.0,2.2225869401414795
2025-12-21 00:00:00+00:00,0.0,0.0,0.0,0.0,0.0,1.0,0.0,0.0,0.0,0.0,2.2225869401414795
2025-12-22 00:00:00+00:00,0.0,0.0,0.0,0.0,0.0,1.0,0.0,0.0,0.0,0.0,2.2225869401414795
2025-12-23 00:00:00+00:00,0.0,0.0,0.0,0.0,0.0,1.0,0.0,0.0,0.0,0.0,2.2225869401414795
2025-12-24 00:00:00+00:00,0.0,0.0,0.0,0.0,0.0,1.0,0.0,0.0,0.0,0.0,2.2225869401414795
2025-12-25 00:00:00+00:00,0.0,0.0,0.0,0.0,0.0,1.0,0.0,0.0,0.0,0.0,2.2225869401414795
2025-12-26 00:00:00+00:00,0.0,0.0,0.0,0.0,0.0,1.0,0.0,0.0,0.0,0.0,2.2225869401414795
2025-12-27 00:00:00+00:00,0.0,0.0,0.0,0.0,0.0,1.0,0.0,0.0,0.0,0.0,2.2225869401414795
2025-12-28 00:00:00+00:00,0.0,0.0,0.0,0.0,0.0,1.0,0.0,0.0,0.0,0.0,2.2225869401414795
2025-12-29 00:00:00+00:00,0.0,0.0,0.0,0.0,0.0,1.0,0.0,0.0,0.0,0.0,2.2225869401414795
2025-12-30 00:00:00+00:00,0.0,0.0,0.0,0.0,0.0,1.0,0.0,0.0,0.0,0.0,2.2225869401414795
2025-12-31 00:00:00+00:00,0.0,0.0,0.0,0.0,0.0,1.0,0.0,0.0,0.0,0.0,2.2225869401414795
2026-01-01 00:00:00+00:00,0.0,0.0,0.0,0.0,0.0,1.0,0.0,0.0,0.0,0.0,2.2225869401414795
2026-01-02 00:00:00+00:00,0.0,0.0,0.0,0.0,0.0,1.0,0.0,0.0,0.0,0.0,2.2225869401414795
2026-01-03 00:00:00+00:00,0.0,0.0,0.0,0.0,0.0,1.0,0.0,0.0,0.0,0.0,2.2225869401414795
2026-01-04 00:00:00+00:00,0.0,0.0,0.0,0.0,0.0,1.0,0.0,0.0,0.0,0.0,2.2225869401414795
2026-01-05 00:00:00+00:00,0.0,0.0,0.0,0.0,0.0,1.0,0.0,0.0,0.0,0.0,2.2225869401414795
2026-01-06 00:00:00+00:00,0.0,0.0,0.0,0.0,0.0,1.0,0.0,0.0,0.0,0.0,2.2225869401414795
2026-01-07 00:00:00+00:00,0.0,0.0,0.0,0.0,0.0,1.0,0.0,0.0,0.0,0.0,2.2225869401414795
2026-01-08 00:00:00+00:00,0.0,0.0,0.0,0.0,0.0,1.0,0.0,0.0,0.0,0.0,2.2225869401414795
2026-01-09 00:00:00+00:00,0.0,0.0,0.0,0.0,0.0,1.0,0.0,0.0,0.0,0.0,2.2225869401414795
2026-01-10 00:00:00+00:00,0.0,0.0,0.0,0.0,0.0,1.0,0.0,0.0,0.0,0.0,2.2225869401414795
2026-01-11 00:00:00+00:00,0.0,0.0,0.0,0.0,0.0,1.0,0.0,0.0,0.0,0.0,2.2225869401414795
2026-01-12 00:00:00+00:00,0.0,0.0,0.0,0.0,0.0,1.0,0.0,0.0,0.0,0.0,2.2225869401414795
2026-01-13 00:00:00+00:00,0.0,0.0,0.0,0.0,0.0,1.0,0.0,0.0,0.0,0.0,2.2225869401414795
2026-01-14 00:00:00+00:00,0.0,0.0,0.0,0.0,0.0,1.0,0.0,0.0,0.0,0.0,2.2225869401414795
2026-01-15 00:00:00+00:00,0.0,0.0,0.0,0.0,0.0,1.0,0.0,0.0,0.0,0.0,2.2225869401414795
2026-01-16 00:00:00+00:00,0.0,0.0,0.0,0.0,0.0,1.0,0.0,0.0,0.0,0.0,2.2225869401414795
2026-01-17 00:00:00+00:00,0.0,0.0,0.0,0.0,0.0,1.0,0.0,0.0,0.0,0.0,2.2225869401414795
2026-01-18 00:00:00+00:00,0.0,0.0,0.0,0.0,0.0,1.0,0.0,0.0,0.0,0.0,2.2225869401414795
2026-01-19 00:00:00+00:00,0.0,0.0,0.0,0.0,0.0,1.0,0.0,0.0,0.0,0.0,2.2225869401414795
2026-01-20 00:00:00+00:00,0.0,0.0,0.0,0.0,0.0,1.0,0.0,0.0,0.0,0.0,2.2225869401414795
2026-01-21 00:00:00+00:00,0.0,0.0,0.0,0.0,0.0,1.0,0.0,0.0,0.0,0.0,2.2225869401414795
2026-01-22 00:00:00+00:00,0.0,0.0,0.0,0.0,0.0,1.0,0.0,0.0,0.0,0.0,2.2225869401414795
2026-01-23 00:00:00+00:00,0.0,0.0,0.0,0.0,0.0,1.0,0.0,0.0,0.0,0.0,2.2225869401414795
2026-01-24 00:00:00+00:00,0.0,0.0,0.0,0.0,0.0,1.0,0.0,0.0,0.0,0.0,2.2225869401414795
2026-01-25 00:00:00+00:00,0.0,0.0,0.0,0.0,0.0,1.0,0.0,0.0,0.0,0.0,2.2225869401414795
2026-01-26 00:00:00+00:00,0.0,0.0,0.0,0.0,0.0,1.0,0.0,0.0,0.0,0.0,2.2225869401414795
2026-01-27 00:00:00+00:00,0.0,0.0,0.0,0.0,0.0,1.0,0.0,0.0,0.0,0.0,2.2225869401414795
2026-01-28 00:00:00+00:00,0.0,0.0,0.0,0.0,0.0,1.0,0.0,0.0,0.0,0.0,2.2225869401414795
2026-01-29 00:00:00+00:00,0.0,0.0,0.0,0.0,0.0,1.0,0.0,0.0,0.0,0.0,2.2225869401414795
2026-01-30 00:00:00+00:00,0.0,0.0,0.0,0.0,0.0,1.0,0.0,0.0,0.0,0.0,2.2225869401414795
2026-01-31 00:00:00+00:00,0.0,0.0,0.0,0.0,0.0,1.0,0.0,0.0,0.0,0.0,2.2225869401414795
2026-02-01 00:00:00+00:00,0.0,0.0,0.0,0.0,0.0,1.0,0.0,0.0,0.0,0.0,2.2225869401414795
2026-02-02 00:00:00+00:00,0.0,0.0,0.0,0.0,0.0,1.0,0.0,0.0,0.0,0.0,2.2225869401414795
2026-02-03 00:00:00+00:00,0.0,0.0,0.0,0.0,0.0,1.0,0.0,0.0,0.0,0.0,2.2225869401414795
2026-02-04 00:00:00+00:00,0.0,0.0,0.0,0.0,0.0,1.0,0.0,0.0,0.0,0.0,2.2225869401414795
2026-02-05 00:00:00+00:00,0.0,0.0,0.0,0.0,0.0,1.0,0.0,0.0,0.0,0.0,2.2225869401414795
2026-02-06 00:00:00+00:00,0.0,0.0,0.0,0.0,0.0,1.0,0.0,0.0,0.0,0.0,2.2225869401414795
2026-02-07 00:00:00+00:00,0.0,0.0,0.0,0.0,0.0,1.0,0.0,0.0,0.0,0.0,2.2225869401414795
2026-02-08 00:00:00+00:00,0.0,0.0,0.0,0.0,0.0,1.0,0.0,0.0,0.0,0.0,2.2225869401414795
2026-02-09 00:00:00+00:00,0.0,0.0,0.0,0.0,0.0,1.0,0.0,0.0,0.0,0.0,2.2225869401414795
2026-02-10 00:00:00+00:00,0.0,0.0,0.0,0.0,0.0,1.0,0.0,0.0,0.0,0.0,2.2225869401414795
2026-02-11 00:00:00+00:00,0.0,0.0,0.0,0.0,0.0,1.0,0.0,0.0,0.0,0.0,2.2225869401414795
2026-02-12 00:00:00+00:00,0.0,0.0,0.0,0.0,0.0,1.0,0.0,0.0,0.0,0.0,2.2225869401414795
2026-02-13 00:00:00+00:00,0.0,0.0,0.0,0.0,0.0,1.0,0.0,0.0,0.0,0.0,2.2225869401414795
2026-02-14 00:00:00+00:00,0.0,0.0,0.0,0.0,0.0,1.0,0.0,0.0,0.0,0.0,2.2225869401414795
2026-02-15 00:00:00+00:00,0.0,0.0,0.0,0.0,0.0,1.0,0.0,0.0,0.0,0.0,2.2225869401414795
2026-02-16 00:00:00+00:00,0.0,0.0,0.0,0.0,0.0,1.0,0.0,0.0,0.0,0.0,2.2225869401414795
2026-02-17 00:00:00+00:00,0.0,0.0,0.0,0.0,0.0,1.0,0.0,0.0,0.0,0.0,2.2225869401414795
2026-02-18 00:00:00+00:00,0.0,0.0,0.0,0.0,0.0,1.0,0.0,0.0,0.0,0.0,2.2225869401414795
2026-02-19 00:00:00+00:00,0.0,0.0,0.0,0.0,0.0,1.0,0.0,0.0,0.0,0.0,2.2225869401414795
2026-02-20 00:00:00+00:00,0.0,0.0,0.0,0.0,0.0,1.0,0.0,0.0,0.0,0.0,2.2225869401414795
2026-02-21 00:00:00+00:00,0.0,0.0,0.0,0.0,0.0,1.0,0.0,0.0,0.0,0.0,2.2225869401414795
2026-02-22 00:00:00+00:00,0.0,0.0,0.0,0.0,0.0,1.0,0.0,0.0,0.0,0.0,2.2225869401414795
2026-02-23 00:00:00+00:00,0.0,0.0,0.0,0.0,0.0,1.0,0.0,0.0,0.0,0.0,2.2225869401414795
2026-02-24 00:00:00+00:00,0.0,0.0,0.0,0.0,0.0,1.0,0.0,0.0,0.0,0.0,2.2225869401414795
2026-02-25 00:00:00+00:00,0.0,0.0,0.0,0.0,0.0,1.0,0.0,0.0,0.0,0.0,2.2225869401414795
2026-02-26 00:00:00+00:00,0.0,0.0,0.0,0.0,0.0,1.0,0.0,0.0,0.0,0.0,2.2225869401414795
2026-02-27 00:00:00+00:00,0.0,0.0,0.0,0.0,0.0,1.0,0.0,0.0,0.0,0.0,2.2225869401414795
2026-02-28 00:00:00+00:00,0.0,0.0,0.0,0.0,0.0,1.0,0.0,0.0,0.0,0.0,2.2225869401414795
2026-03-01 00:00:00+00:00,0.0,0.0,0.0,0.0,0.0,1.0,0.0,0.0,0.0,0.0,2.2225869401414795
2026-03-02 00:00:00+00:00,0.0,0.0,0.0,0.0,0.0,1.0,0.0,0.0,0.0,0.0,2.2225869401414795
2026-03-03 00:00:00+00:00,0.0,0.0,0.0,0.0,0.0,1.0,0.0,0.0,0.0,0.0,2.2225869401414795
2026-03-04 00:00:00+00:00,0.0,0.0,0.0,0.0,0.0,1.0,0.0,0.0,0.0,0.0,2.2225869401414795
2026-03-05 00:00:00+00:00,0.0,0.0,0.0,0.0,0.0,1.0,0.0,0.0,0.0,0.0,2.2225869401414795
2026-03-06 00:00:00+00:00,0.0,0.0,0.0,0.0,0.0,1.0,0.0,0.0,0.0,0.0,2.2225869401414795
2026-03-07 00:00:00+00:00,0.0,0.0,0.0,0.0,0.0,1.0,0.0,0.0,0.0,0.0,2.2225869401414795
2026-03-08 00:00:00+00:00,0.0,0.0,0.0,0.0,0.0,1.0,0.0,0.0,0.0,0.0,2.2225869401414795
2026-03-09 00:00:00+00:00,0.0,0.0,0.0,0.0,0.0,1.0,0.0,0.0,0.0,0.0,2.2225869401414795
2026-03-10 00:00:00+00:00,0.0,0.0,0.0,0.0,0.0,1.0,0.0,0.0,0.0,0.0,2.2225869401414795
2026-03-11 00:00:00+00:00,0.0,0.0,0.0,0.0,0.0,1.0,0.0,0.0,0.0,0.0,2.2225869401414795
2026-03-12 00:00:00+00:00,0.0,0.0,0.0,0.0,0.0,1.0,0.0,0.0,0.0,0.0,2.2225869401414795
2026-03-13 00:00:00+00:00,0.0,0.0,0.0,0.0,0.0,1.0,0.0,0.0,0.0,0.0,2.2225869401414795
2026-03-14 00:00:00+00:00,0.0,0.0,0.0,0.0,0.0,1.0,0.0,0.0,0.0,0.0,2.2225869401414795
2026-03-15 00:00:00+00:00,0.0,0.0,0.0,0.0,0.0,1.0,0.0,0.0,0.0,0.0,2.2225869401414795
2026-03-16 00:00:00+00:00,0.0,0.0,0.0,0.0,0.0,1.0,0.0,0.0,0.0,0.0,2.2225869401414795
2026-03-17 00:00:00+00:00,0.0,0.0,0.0,0.0,0.0,1.0,0.0,0.0,0.0,0.0,2.2225869401414795
2026-03-18 00:00:00+00:00,0.0,0.0,0.0,0.0,0.0,1.0,0.0,0.0,0.0,0.0,2.2225869401414795
2026-03-19 00:00:00+00:00,0.0,0.0,0.0,0.0,0.0,1.0,0.0,0.0,0.0,0.0,2.2225869401414795
2026-03-20 00:00:00+00:00,0.0,0.0,0.0,0.0,0.0,1.0,0.0,0.0,0.0,0.0,2.2225869401414795
2026-03-21 00:00:00+00:00,0.0,0.0,0.0,0.0,0.0,1.0,0.0,0.0,0.0,0.0,2.2225869401414795
2026-03-22 00:00:00+00:00,0.0,0.0,0.0,0.0,0.0,1.0,0.0,0.0,0.0,0.0,2.2225869401414795
2026-03-23 00:00:00+00:00,0.0,0.0,0.0,0.0,0.0,1.0,0.0,0.0,0.0,0.0,2.2225869401414795
2026-03-24 00:00:00+00:00,0.0,0.0,0.0,0.0,0.0,1.0,0.0,0.0,0.0,0.0,2.2225869401414795
2026-03-25 00:00:00+00:00,0.0,0.0,0.0,0.0,0.0,1.0,0.0,0.0,0.0,0.0,2.2225869401414795
2026-03-26 00:00:00+00:00,0.0,0.0,0.0,0.0,0.0,1.0,0.0,0.0,0.0,0.0,2.2225869401414795
2026-03-27 00:00:00+00:00,0.0,0.0,0.0,0.0,0.0,1.0,0.0,0.0,0.0,0.0,2.2225869401414795
2026-03-28 00:00:00+00:00,0.0,0.0,0.0,0.0,0.0,1.0,0.0,0.0,0.0,0.0,2.2225869401414795
2026-03-29 00:00:00+00:00,0.0,0.0,0.0,0.0,0.0,1.0,0.0,0.0,0.0,0.0,2.2225869401414795
2026-03-30 00:00:00+00:00,0.0,0.0,0.0,0.0,0.0,1.0,0.0,0.0,0.0,0.0,2.2225869401414795
2026-03-31 00:00:00+00:00,0.0,0.0,0.0,0.0,0.0,1.0,0.0,0.0,0.0,0.0,2.2225869401414795
2026-04-01 00:00:00+00:00,0.0,0.0,0.0,0.0,0.0,1.0,0.0,0.0,0.0,0.0,2.2225869401414795
2026-04-02 00:00:00+00:00,0.0,0.0,0.0,0.0,0.0,1.0,0.0,0.0,0.0,0.0,2.2225869401414795
2026-04-03 00:00:00+00:00,0.0,0.0,0.0,0.0,0.0,1.0,0.0,0.0,0.0,0.0,2.2225869401414795
2026-04-04 00:00:00+00:00,0.0,0.0,0.0,0.0,0.0,1.0,0.0,0.0,0.0,0.0,2.2225869401414795
2026-04-05 00:00:00+00:00,0.0,0.0,0.0,0.0,0.0,1.0,0.0,0.0,0.0,0.0,2.2225869401414795
2026-04-06 00:00:00+00:00,0.0,0.0,0.0,0.0,0.0,1.0,0.0,0.0,0.0,0.0,2.2225869401414795
2026-04-07 00:00:00+00:00,0.0,0.0,0.0,0.0,0.0,1.0,0.0,0.0,0.0,0.0,2.2225869401414795
2026-04-08 00:00:00+00:00,0.0,0.0,0.0,0.0,0.0,1.0,0.0,0.0,0.0,0.0,2.2225869401414795
2026-04-09 00:00:00+00:00,0.0,0.0,0.0,0.0,0.0,1.0,0.0,0.0,0.0,0.0,2.2225869401414795
2026-04-10 00:00:00+00:00,0.0,0.0,0.0,0.0,0.0,1.0,0.0,0.0,0.0,0.0,2.2225869401414795
2026-04-11 00:00:00+00:00,0.0,0.0,0.0,0.0,0.0,1.0,0.0,0.0,0.0,0.0,2.2225869401414795
2026-04-12 00:00:00+00:00,0.0,0.0,0.0,0.0,0.0,1.0,0.0,0.0,0.0,0.0,2.2225869401414795
2026-04-13 00:00:00+00:00,0.0,0.0,0.0,0.0,0.0,1.0,0.0,0.0,0.0,0.0,2.2225869401414795
2026-04-14 00:00:00+00:00,0.0,0.0,0.0,0.0,0.0,1.0,0.0,0.0,0.0,0.0,2.2225869401414795
2026-04-15 00:00:00+00:00,0.0,0.0,0.0,0.0,0.0,1.0,0.0,0.0,0.0,0.0,2.2225869401414795
2026-04-16 00:00:00+00:00,0.0,0.0,0.0,0.0,0.0,1.0,0.0,0.0,0.0,0.0,2.2225869401414795
2026-04-17 00:00:00+00:00,0.0,0.0,0.0,0.0,0.0,1.0,0.0,0.0,0.0,0.0,2.2225869401414795
2026-04-18 00:00:00+00:00,0.0,0.0,0.0,0.0,0.0,1.0,0.0,0.0,0.0,0.0,2.2225869401414795
2026-04-19 00:00:00+00:00,0.0,0.0,0.0,0.0,0.0,1.0,0.0,0.0,0.0,0.0,2.2225869401414795
2026-04-20 00:00:00+00:00,0.0,0.0,0.0,0.0,0.0,1.0,0.0,0.0,0.0,0.0,2.2225869401414795
2026-04-21 00:00:00+00:00,0.0,0.0,0.0,0.0,0.0,1.0,0.0,0.0,0.0,0.0,2.2225869401414795
2026-04-22 00:00:00+00:00,0.0,0.0,0.0,0.0,0.0,1.0,0.0,0.0,0.0,0.0,2.2225869401414795
2026-04-23 00:00:00+00:00,0.0,0.0,0.0,0.0,0.0,1.0,0.0,0.0,0.0,0.0,2.2225869401414795
2026-04-24 00:00:00+00:00,0.0,0.0,0.0,0.0,0.0,1.0,0.0,0.0,0.0,0.0,2.2225869401414795
2026-04-25 00:00:00+00:00,0.0,0.0,0.0,0.0,0.0,1.0,0.0,0.0,0.0,0.0,2.2225869401414795
2026-04-26 00:00:00+00:00,0.0,0.0,0.0,0.0,0.0,1.0,0.0,0.0,0.0,0.0,2.2225869401414795
2026-04-27 00:00:00+00:00,0.0,0.0,0.0,0.0,0.0,1.0,0.0,0.0,0.0,0.0,2.2225869401414795
2026-04-28 00:00:00+00:00,0.0,0.0,0.0,0.0,0.0,1.0,0.0,0.0,0.0,0.0,2.2225869401414795
2026-04-29 00:00:00+00:00,0.0,0.0,0.0,0.0,0.0,1.0,0.0,0.0,0.0,0.0,2.2225869401414795
2026-04-30 00:00:00+00:00,0.0,0.0,0.0,0.0,0.0,1.0,0.0,0.0,0.0,0.0,2.2225869401414795
2026-05-01 00:00:00+00:00,0.0,0.0,0.0,0.0,0.0,1.0,0.0,0.0,0.0,0.0,2.2225869401414795
2026-05-02 00:00:00+00:00,0.0,0.0,0.0,0.0,0.0,1.0,0.0,0.0,0.0,0.0,2.2225869401414795
2026-05-03 00:00:00+00:00,0.0,0.0,0.0,0.0,0.0,1.0,0.0,0.0,0.0,0.0,2.2225869401414795
2026-05-04 00:00:00+00:00,0.0,0.0,0.0,0.0,0.0,1.0,0.0,0.0,0.0,0.0,2.2225869401414795
2026-05-05 00:00:00+00:00,0.0,0.0,0.0,0.0,0.0,1.0,0.0,0.0,0.0,0.0,2.2225869401414795
2026-05-06 00:00:00+00:00,0.0,0.0,0.0,0.0,0.0,1.0,0.0,0.0,0.0,0.0,2.2225869401414795
2026-05-07 00:00:00+00:00,0.0,0.0,0.0,0.0,0.0,1.0,0.0,0.0,0.0,0.0,2.2225869401414795
2026-05-08 00:00:00+00:00,0.0,0.0,0.0,0.0,0.0,1.0,0.0,0.0,0.0,0.0,2.2225869401414795
2026-05-09 00:00:00+00:00,0.0,0.0,0.0,0.0,0.0,1.0,0.0,0.0,0.0,0.0,2.2225869401414795
2026-05-10 00:00:00+00:00,0.0,0.0,0.0,0.0,0.0,1.0,0.0,0.0,0.0,0.0,2.2225869401414795
2026-05-11 00:00:00+00:00,0.0,0.0,0.0,0.0,0.0,1.0,0.0,0.0,0.0,0.0,2.2225869401414795
2026-05-12 00:00:00+00:00,0.0,0.0,0.0,0.0,0.0,1.0,0.0,0.0,0.0,0.0,2.2225869401414795
2026-05-13 00:00:00+00:00,0.0,0.0,0.0,0.0,0.0,1.0,0.0,0.0,0.0,0.0,2.2225869401414795
2026-05-14 00:00:00+00:00,0.0,0.0,0.0,0.0,0.0,1.0,0.0,0.0,0.0,0.0,2.2225869401414795
2026-05-15 00:00:00+00:00,0.0,0.0,0.0,0.0,0.0,1.0,0.0,0.0,0.0,0.0,2.2225869401414795
2026-05-16 00:00:00+00:00,0.0,0.0,0.0,0.0,0.0,1.0,0.0,0.0,0.0,0.0,2.2225869401414795
2026-05-17 00:00:00+00:00,0.0,0.0,0.0,0.0,0.0,1.0,0.0,0.0,0.0,0.0,2.2225869401414795
2026-05-18 00:00:00+00:00,0.0,0.0,0.0,0.0,0.0,1.0,0.0,0.0,0.0,0.0,2.2225869401414795
2026-05-19 00:00:00+00:00,0.0,0.0,0.0,0.0,0.0,1.0,0.0,0.0,0.0,0.0,2.2225869401414795
2026-05-20 00:00:00+00:00,0.0,0.0,0.0,0.0,0.0,1.0,0.0,0.0,0.0,0.0,2.2225869401414795
2026-05-21 00:00:00+00:00,0.0,0.0,0.0,0.0,0.0,1.0,0.0,0.0,0.0,0.0,2.2225869401414795
2026-05-22 00:00:00+00:00,0.0,0.0,0.0,0.0,0.0,1.0,0.0,0.0,0.0,0.0,2.2225869401414795
2026-05-23 00:00:00+00:00,0.0,0.0,0.0,0.0,0.0,1.0,0.0,0.0,0.0,0.0,2.2225869401414795
2026-05-24 00:00:00+00:00,0.0,0.0,0.0,0.0,0.0,1.0,0.0,0.0,0.0,0.0,2.2225869401414795
2026-05-25 00:00:00+00:00,0.0,0.0,0.0,0.0,0.0,1.0,0.0,0.0,0.0,0.0,2.2225869401414795
2026-05-26 00:00:00+00:00,0.0,0.0,0.0,0.0,0.0,1.0,0.0,0.0,0.0,0.0,2.2225869401414795
2026-05-27 00:00:00+00:00,0.0,0.0,0.0,0.0,0.0,1.0,0.0,0.0,0.0,0.0,2.2225869401414795
2026-05-28 00:00:00+00:00,0.0,0.0,0.0,0.0,0.0,1.0,0.0,0.0,0.0,0.0,2.2225869401414795
2026-05-29 00:00:00+00:00,0.0,0.0,0.0,0.0,0.0,1.0,0.0,0.0,0.0,0.0,2.2225869401414795
2026-05-30 00:00:00+00:00,0.0,0.0,0.0,0.0,0.0,1.0,0.0,0.0,0.0,0.0,2.2225869401414795
2026-05-31 00:00:00+00:00,0.0,0.0,0.0,0.0,0.0,1.0,0.0,0.0,0.0,0.0,2.2225869401414795
2026-06-01 00:00:00+00:00,0.0,0.0,0.0,0.0,0.0,1.0,0.0,0.0,0.0,0.0,2.2225869401414795
2026-06-02 00:00:00+00:00,0.0,0.0,0.0,0.0,0.0,1.0,0.0,0.0,0.0,0.0,2.2225869401414795
2026-06-03 00:00:00+00:00,0.0,0.0,0.0,0.0,0.0,1.0,0.0,0.0,0.0,0.0,2.2225869401414795
2026-06-04 00:00:00+00:00,0.0,0.0,0.0,0.0,0.0,1.0,0.0,0.0,0.0,0.0,2.2225869401414795
2026-06-05 00:00:00+00:00,0.0,0.0,0.0,0.0,0.0,1.0,0.0,0.0,0.0,0.0,2.2225869401414795
2026-06-06 00:00:00+00:00,0.0,0.0,0.0,0.0,0.0,1.0,0.0,0.0,0.0,0.0,2.2225869401414795
2026-06-07 00:00:00+00:00,0.0,0.0,0.0,0.0,0.0,1.0,0.0,0.0,0.0,0.0,2.2225869401414795
2026-06-08 00:00:00+00:00,0.0,0.0,0.0,0.0,0.0,1.0,0.0,0.0,0.0,0.0,2.2225869401414795
2026-06-09 00:00:00+00:00,0.0,0.0,0.0,0.0,0.0,1.0,0.0,0.0,0.0,0.0,2.2225869401414795
2026-06-10 00:00:00+00:00,0.0,0.0,0.0,0.0,0.0,1.0,0.0,0.0,0.0,0.0,2.2225869401414795
2026-06-11 00:00:00+00:00,0.0,0.0,0.0,0.0,0.0,1.0,0.0,0.0,0.0,0.0,2.2225869401414795
2026-06-12 00:00:00+00:00,0.0,0.0,0.0,0.0,0.0,1.0,0.0,0.0,0.0,0.0,2.2225869401414795
2026-06-13 00:00:00+00:00,0.0,0.0,0.0,0.0,0.0,1.0,0.0,0.0,0.0,0.0,2.2225869401414795
2026-06-14 00:00:00+00:00,0.0,0.0,0.0,0.0,0.0,1.0,0.0,0.0,0.0,0.0,2.2225869401414795
2026-06-15 00:00:00+00:00,0.0,0.0,0.0,0.0,0.0,1.0,0.0,0.0,0.0,0.0,2.2225869401414795
2026-06-16 00:00:00+00:00,0.0,0.0,0.0,0.0,0.0,1.0,0.0,0.0,0.0,0.0,2.2225869401414795
2026-06-17 00:00:00+00:00,0.0,0.0,0.0,0.0,0.0,1.0,0.0,0.0,0.0,0.0,2.2225869401414795
2026-06-18 00:00:00+00:00,0.0,0.0,0.0,0.0,0.0,1.0,0.0,0.0,0.0,0.0,2.2225869401414795
2026-06-19 00:00:00+00:00,0.0,0.0,0.0,0.0,0.0,1.0,0.0,0.0,0.0,0.0,2.2225869401414795
2026-06-20 00:00:00+00:00,0.0,0.0,0.0,0.0,0.0,1.0,0.0,0.0,0.0,0.0,2.2225869401414795
2026-06-21 00:00:00+00:00,0.0,0.0,0.0,0.0,0.0,1.0,0.0,0.0,0.0,0.0,2.2225869401414795
2026-06-22 00:00:00+00:00,0.0,0.0,0.0,0.0,0.0,1.0,0.0,0.0,0.0,0.0,2.2225869401414795
2026-06-23 00:00:00+00:00,0.0,0.0,0.0,0.0,0.0,1.0,0.0,0.0,0.0,0.0,2.2225869401414795
2026-06-24 00:00:00+00:00,0.0,0.0,0.0,0.0,0.0,1.0,0.0,0.0,0.0,0.0,2.2225869401414795
2026-06-25 00:00:00+00:00,0.0,0.0,0.0,0.0,0.0,1.0,0.0,0.0,0.0,0.0,2.2225869401414795
2026-06-26 00:00:00+00:00,0.0,0.0,0.0,0.0,0.0,1.0,0.0,0.0,0.0,0.0,2.2225869401414795
2026-06-27 00:00:00+00:00,0.0,0.0,0.0,0.0,0.0,1.0,0.0,0.0,0.0,0.0,2.2225869401414795
2026-06-28 00:00:00+00:00,0.0,0.0,0.0,0.0,0.0,1.0,0.0,0.0,0.0,0.0,2.2225869401414795
2026-06-29 00:00:00+00:00,0.0,0.0,0.0,0.0,0.0,1.0,0.0,0.0,0.0,0.0,2.2225869401414795
2026-06-30 00:00:00+00:00,0.0,0.0,0.0,0.0,0.0,1.0,0.0,0.0,0.0,0.0,2.2225869401414795
2026-07-01 00:00:00+00:00,0.0,0.0,0.0,0.0,0.0,1.0,0.0,0.0,0.0,0.0,2.2225869401414795
2026-07-02 00:00:00+00:00,0.0,0.0,0.0,0.0,0.0,1.0,0.0,0.0,0.0,0.0,2.2225869401414795
2026-07-03 00:00:00+00:00,0.0,0.0,0.0,0.0,0.0,1.0,0.0,0.0,0.0,0.0,2.2225869401414795
2026-07-04 00:00:00+00:00,0.0,0.0,0.0,0.0,0.0,1.0,0.0,0.0,0.0,0.0,2.2225869401414795
2026-07-05 00:00:00+00:00,0.0,0.0,0.0,0.0,0.0,1.0,0.0,0.0,0.0,0.0,2.2225869401414795
2026-07-06 00:00:00+00:00,0.0,0.0,0.0,0.0,0.0,1.0,0.0,0.0,0.0,0.0,2.2225869401414795
2026-07-07 00:00:00+00:00,0.0,0.0,0.0,0.0,0.0,1.0,0.0,0.0,0.0,0.0,2.2225869401414795
2026-07-08 00:00:00+00:00,0.0,0.0,0.0,0.0,0.0,1.0,0.0,0.0,0.0,0.0,2.2225869401414795
2026-07-09 00:00:00+00:00,0.0,0.0,0.0,0.0,0.0,1.0,0.0,0.0,0.0,0.0,2.2225869401414795
2026-07-10 00:00:00+00:00,0.0,0.0,0.0,0.0,0.0,1.0,0.0,0.0,0.0,0.0,2.2225869401414795
2026-07-11 00:00:00+00:00,0.0,0.0,0.0,0.0,0.0,1.0,0.0,0.0,0.0,0.0,2.2225869401414795
2026-07-12 00:00:00+00:00,0.0,0.0,0.0,0.0,0.0,1.0,0.0,0.0,0.0,0.0,2.2225869401414795
2026-07-13 00:00:00+00:00,0.0,0.0,0.0,0.0,0.0,1.0,0.0,0.0,0.0,0.0,2.2225869401414795
2026-07-14 00:00:00+00:00,0.0,0.0,0.0,0.0,0.0,1.0,0.0,0.0,0.0,0.0,2.2225869401414795
2026-07-15 00:00:00+00:00,0.0,0.0,0.0,0.0,0.0,1.0,0.0,0.0,0.0,0.0,2.2225869401414795
2026-07-16 00:00:00+00:00,0.0,0.0,0.0,0.0,0.0,1.0,0.0,0.0,0.0,0.0,2.2225869401414795
2026-07-17 00:00:00+00:00,0.0,0.0,0.0,0.0,0.0,1.0,0.0,0.0,0.0,0.0,2.2225869401414795
2026-07-18 00:00:00+00:00,0.0,0.0,0.0,0.0,0.0,1.0,0.0,0.0,0.0,0.0,2.2225869401414795
2026-07-19 00:00:00+00:00,0.0,0.0,0.0,0.0,0.0,1.0,0.0,0.0,0.0,0.0,2.2225869401414795
2026-07-20 00:00:00+00:00,0.0,0.0,0.0,0.0,0.0,1.0,0.0,0.0,0.0,0.0,2.2225869401414795
2026-07-21 00:00:00+00:00,0.0,0.0,0.0,0.0,0.0,1.0,0.0,0.0,0.0,0.0,2.2225869401414795
2026-07-22 00:00:00+00:00,0.0,0.0,0.0,0.0,0.0,1.0,0.0,0.0,0.0,0.0,2.2225869401414795
2026-07-23 00:00:00+00:00,0.0,0.0,0.0,0.0,0.0,1.0,0.0,0.0,0.0,0.0,2.2225869401414795
2026-07-24 00:00:00+00:00,0.0,0.0,0.0,0.0,0.0,1.0,0.0,0.0,0.0,0.0,2.2225869401414795
2026-07-25 00:00:00+00:00,0.0,0.0,0.0,0.0,0.0,1.0,0.0,0.0,0.0,0.0,2.2225869401414795
2026-07-26 00:00:00+00:00,0.0,0.0,0.0,0.0,0.0,1.0,0.0,0.0,0.0,0.0,2.2225869401414795
2026-07-27 00:00:00+00:00,0.0,0.0,0.0,0.0,0.0,1.0,0.0,0.0,0.0,0.0,2.2225869401414795
2026-07-28 00:00:00+00:00,0.0,0.0,0.0,0.0,0.0,1.0,0.0,0.0,0.0,0.0,2.2225869401414795
2026-07-29 00:00:00+00:00,0.0,0.0,0.0,0.0,0.0,1.0,0.0,0.0,0.0,0.0,2.2225869401414795
2026-07-30 00:00:00+00:00,0.0,0.0,0.0,0.0,0.0,1.0,0.0,0.0,0.0,0.0,2.2225869401414795
2026-07-31 00:00:00+00:00,0.0,0.0,0.0,0.0,0.0,1.0,0.0,0.0,0.0,0.0,2.2225869401414795
2026-08-01 00:00:00+00:00,0.0,0.0,0.0,0.0,0.0,1.0,0.0,0.0,0.0,0.0,2.2225869401414795
2026-08-02 00:00:00+00:00,0.0,0.0,0.0,0.0,0.0,1.0,0.0,0.0,0.0,0.0,2.2225869401414795
2026-08-03 00:00:00+00:00,0.0,0.0,0.0,0.0,0.0,1.0,0.0,0.0,0.0,0.0,2.2225869401414795
2026-08-04 00:00:00+00:00,0.0,0.0,0.0,0.0,0.0,1.0,0.0,0.0,0.0,0.0,2.2225869401414795
2026-08-05 00:00:00+00:00,0.0,0.0,0.0,0.0,0.0,1.0,0.0,0.0,0.0,0.0,2.2225869401414795
2026-08-06 00:00:00+00:00,0.0,0.0,0.0,0.0,0.0,1.0,0.0,0.0,0.0,0.0,2.2225869401414795
2026-08-07 00:00:00+00:00,0.0,0.0,0.0,0.0,0.0,1.0,0.0,0.0,0.0,0.0,2.2225869401414795
2026-08-08 00:00:00+00:00,0.0,0.0,0.0,0.0,0.0,1.0,0.0,0.0,0.0,0.0,2.2225869401414795
2026-08-09 00:00:00+00:00,0.0,0.0,0.0,0.0,0.0,1.0,0.0,0.0,0.0,0.0,2.2225869401414795
2026-08-10 00:00:00+00:00,0.0,0.0,0.0,0.0,0.0,1.0,0.0,0.0,0.0,0.0,2.2225869401414795
2026-08-11 00:00:00+00:00,0.0,0.0,0.0,0.0,0.0,1.0,0.0,0.0,0.0,0.0,2.2225869401414795
2026-08-12 00:00:00+00:00,0.0,0.0,0.0,0.0,0.0,1.0,0.0,0.0,0.0,0.0,2.2225869401414795
2026-08-13 00:00:00+00:00,0.0,0.0,0.0,0.0,0.0,1.0,0.0,0.0,0.0,0.0,2.2225869401414795
2026-08-14 00:00:00+00:00,0.0,0.0,0.0,0.0,0.0,1.0,0.0,0.0,0.0,0.0,2.2225869401414795
2026-08-15 00:00:00+00:00,0.0,0.0,0.0,0.0,0.0,1.0,0.0,0.0,0.0,0.0,2.2225869401414795
2026-08-16 00:00:00+00:00,0.0,0.0,0.0,0.0,0.0,1.0,0.0,0.0,0.0,0.0,2.2225869401414795
2026-08-17 00:00:00+00:00,0.0,0.0,0.0,0.0,0.0,1.0,0.0,0.0,0.0,0.0,2.2225869401414795
2026-08-18 00:00:00+00:00,0.0,0.0,0.0,0.0,0.0,1.0,0.0,0.0,0.0,0.0,2.2225869401414795
2026-08-19 00:00:00+00:00,0.0,0.0,0.0,0.0,0.0,1.0,0.0,0.0,0.0,0.0,2.2225869401414795
2026-08-20 00:00:00+00:00,0.0,0.0,0.0,0.0,0.0,1.0,0.0,0.0,0.0,0.0,2.2225869401414795
2026-08-21 00:00:00+00:00,0.0,0.0,0.0,0.0,0.0,1.0,0.0,0.0,0.0,0.0,2.2225869401414795
2026-08-22 00:00:00+00:00,0.0,0.0,0.0,0.0,0.0,1.0,0.0,0.0,0.0,0.0,2.2225869401414795
2026-08-23 00:00:00+00:00,0.0,0.0,0.0,0.0,0.0,1.0,0.0,0.0,0.0,0.0,2.2225869401414795
2026-08-24 00:00:00+00:00,0.004933671901896863,0.005736266311725692,0.0007980167730970675,0.39900838654853377,0.40243617180531277,0.5975638281946872,0.10941306708409111,0.0685236011080667,0.08543405742605038,0.13906544618710456,2.2335524548775783
2026-08-25 00:00:00+00:00,-0.0057301861400970155,-0.005730186140097052,0.0,0.0,0.3989922857309166,0.6010077142690833,0.10941169241350632,0.06781740219626226,0.08386030833632765,0.1379028827848204,2.220753783557459
2026-08-26 00:00:00+00:00,0.009814397905332006,0.009814397905332057,0.0,0.0,0.4048334867122517,0.5951665132877483,0.10901687433551494,0.06892147599956129,0.08775632569114689,0.1391388106860286,2.2425491448390638
2026-08-27 00:00:00+00:00,0.008732986843113855,0.008732986843113895,0.0,0.0,0.4099860705949995,0.5900139294050005,0.10974953538513421,0.06843818141237508,0.09302191735943661,0.13877643643805362,2.2621332970159793
2026-08-28 00:00:00+00:00,-0.013385758766075617,-0.013385758766075626,0.0,0.0,0.40198113432146454,0.5980188656785356,0.10790662780438169,0.06748400966535989,0.08995633233314164,0.13663416451858126,2.2318529264054163
2026-08-29 00:00:00+00:00,0.0024326468340336582,0.0024326468340337393,0.0,0.0,0.40343237267137255,0.5965676273286277,0.10817592469103825,0.06773031751531428,0.09100473877131277,0.13652139169370725,2.237282236360865
2026-08-30 00:00:00+00:00,-0.006755192905205876,-0.0067551929052058705,0.0,0.0,0.3993750351702652,0.600624964829735,0.10814871939072522,0.06705947128188885,0.08827486854251694,0.13589197595513416,2.2221689632708572
