date,return,equity,cash,gross_exposure,open_positions
2021-01-01 00:00:00+00:00,0.0,1.0,1.0,0.0,0
2021-01-02 00:00:00+00:00,0.0,1.0,1.0,0.0,0
2021-01-03 00:00:00+00:00,0.007008020939917925,1.007008020939918,1.0024258659109788,0.051099820025200186,2
2021-01-04 00:00:00+00:00,-0.0017150172219028148,1.0052809848414117,1.0053855233386646,0.026907729956278163,1
2021-01-05 00:00:00+00:00,0.0016453117559867003,1.0069349854638412,1.0052158314600743,0.05345968191848124,2
2021-01-06 00:00:00+00:00,0.002492687343001565,1.0094449595573323,1.0055513857876766,0.05053615144198877,2
2021-01-07 00:00:00+00:00,0.0027747327094667096,1.0122458995050223,1.0051502200744824,0.0818956737931543,3
2021-01-08 00:00:00+00:00,-0.0002315115082176522,1.0120115529301408,1.0055632835294301,0.07560640146644115,3
2021-01-09 00:00:00+00:00,0.002329145470725935,1.0143686750549703,1.005345734048921,0.09253904085093033,4
2021-01-10 00:00:00+00:00,-0.0038222121825689515,1.010491542747559,1.008742135786363,0.043229709279833155,2
2021-01-11 00:00:00+00:00,-0.005841353991411058,1.0045889039410434,1.005154028722588,0.014149425756800962,1
2021-01-12 00:00:00+00:00,0.002412261095788182,1.0070122346712809,1.0051517264619103,0.01652411810941573,1
2021-01-13 00:00:00+00:00,-0.0004598962308557386,1.0065491135401299,1.005140429932887,0.016082836181010456,1
2021-01-14 00:00:00+00:00,-0.0010911679939712426,1.0054507993630748,1.0051164032869824,0.015031940876302517,1
2021-01-15 00:00:00+00:00,-0.00023843100106069048,1.0052110687224654,1.005099144658588,0.01481420710654066,1
2021-01-16 00:00:00+00:00,0.000765796204324376,1.005980855543438,1.0050455556817746,0.015621351707670893,1
2021-01-17 00:00:00+00:00,0.001959702383028672,1.0079522786233277,1.0057108616326305,0.01395403532901273,1
2021-01-18 00:00:00+00:00,-0.0005158274969770948,1.0074323491223731,1.0055414728413845,0.03594979264204172,2
2021-01-19 00:00:00+00:00,-0.002179874145439964,1.0052362733912414,1.0054009271620403,0.03398350706625451,2
2021-01-20 00:00:00+00:00,0.000429571078030655,1.0056680938208777,1.0053321393155699,0.04933519760511261,3
2021-01-21 00:00:00+00:00,-0.006716885571298903,0.9989131363119766,1.0017142248984257,0.0121649048645729,1
2021-01-22 00:00:00+00:00,-0.0007433554671002485,0.9981705887709409,0.9981705887709409,0.0,0
2021-01-23 00:00:00+00:00,0.0,0.9981705887709409,0.9981705887709409,0.0,0
2021-01-24 00:00:00+00:00,0.0,0.9981705887709409,0.9981705887709409,0.0,0
2021-01-25 00:00:00+00:00,0.0,0.9981705887709409,0.9981705887709409,0.0,0
2021-01-26 00:00:00+00:00,0.0,0.9981705887709409,0.9981705887709409,0.0,0
2021-01-27 00:00:00+00:00,0.0,0.9981705887709409,0.9981705887709409,0.0,0
2021-01-28 00:00:00+00:00,0.0,0.9981705887709409,0.9981705887709409,0.0,0
2021-01-29 00:00:00+00:00,0.0,0.9981705887709409,0.9981705887709409,0.0,0
2021-01-30 00:00:00+00:00,0.0,0.9981705887709409,0.9981705887709409,0.0,0
2021-01-31 00:00:00+00:00,-1.2369504913567475e-05,0.9981582418949385,0.9980983064803332,0.013615112199611475,1
2021-02-01 00:00:00+00:00,0.0011401933471626435,0.9992963352817628,0.9980867876061633,0.01475002779151055,1
2021-02-02 00:00:00+00:00,0.0017253320475432155,1.0010204532740168,0.9987174588691922,0.03850290642393957,2
2021-02-03 00:00:00+00:00,0.0033599289325143555,1.004383810857011,0.9985836486599317,0.05876538464206345,3
2021-02-04 00:00:00+00:00,0.0027562961285059195,1.00715219006641,1.0005386472452469,0.055381254029891344,3
2021-02-05 00:00:00+00:00,0.006192282043546937,1.0133887604880771,1.0031430022558023,0.04608498506746347,3
2021-02-06 00:00:00+00:00,-0.00031241778714463653,1.0130721598140082,1.0030255727522792,0.045902786167393995,3
2021-02-07 00:00:00+00:00,-0.0009329989081727774,1.0121269645950015,1.0029826535206152,0.04505418819168264,3
2021-02-08 00:00:00+00:00,0.006109932862847556,1.0183109923973546,1.009814721362106,0.03166513779879444,2
2021-02-09 00:00:00+00:00,0.006917378815199715,1.025355035283449,1.012769045611434,0.06932363496785242,4
2021-02-10 00:00:00+00:00,0.00226560933595632,1.0276780892240571,1.0264928994669076,0.03836650096332889,2
2021-02-11 00:00:00+00:00,0.0009117339026101234,1.0286150581789724,1.0260255752019276,0.08522574457190753,4
2021-02-12 00:00:00+00:00,0.002221139722386356,1.0308997559437385,1.025619157756181,0.08764731866579548,4
2021-02-13 00:00:00+00:00,-0.0023775751076843266,1.0284487143454888,1.025199209491334,0.08588129369630183,4
2021-02-14 00:00:00+00:00,0.0005146209469688579,1.028977975596774,1.0246968913990884,0.08683964822473103,4
2021-02-15 00:00:00+00:00,-0.0015288305971095095,1.02740484258393,1.0245359013785382,0.08559813891702722,4
2021-02-16 00:00:00+00:00,-0.0007943383455103481,1.0265887355211025,1.024280082203561,0.08512041047023487,4
2021-02-17 00:00:00+00:00,0.006247372923086747,1.033002218190543,1.0232632517009759,0.059046081110199676,3
2021-02-18 00:00:00+00:00,0.003557761072966903,1.0366773932707096,1.0301249922181621,0.0432107654573955,2
2021-02-19 00:00:00+00:00,0.011606528638219649,1.048709619124301,1.0406888969125956,0.03941289503484359,2
2021-02-20 00:00:00+00:00,-0.006696239643986135,1.0416872081976913,1.0365282633821051,0.054635975670039943,3
2021-02-21 00:00:00+00:00,0.0023334676351767225,1.0441179515839982,1.0363678896310204,0.056990413784189585,3
2021-02-22 00:00:00+00:00,-0.005713899741079831,1.0381519662907857,1.0325463573924307,0.03748735261396742,2
2021-02-23 00:00:00+00:00,-0.004455075134273345,1.0335269212801665,1.032444224555754,0.017756229210491335,1
2021-02-24 00:00:00+00:00,0.002322685547493597,1.0359274793231696,1.0331527318282026,0.016014463535466122,1
2021-02-25 00:00:00+00:00,-0.00271407423087644,1.0331158952464818,1.0331158952464818,0.0,0
2021-02-26 00:00:00+00:00,0.0,1.0331158952464818,1.0331158952464818,0.0,0
2021-02-27 00:00:00+00:00,0.0,1.0331158952464818,1.0331158952464818,0.0,0
2021-02-28 00:00:00+00:00,0.0,1.0331158952464818,1.0331158952464818,0.0,0
2021-03-01 00:00:00+00:00,0.0,1.0331158952464818,1.0331158952464818,0.0,0
2021-03-02 00:00:00+00:00,0.0,1.0331158952464818,1.0331158952464818,0.0,0
2021-03-03 00:00:00+00:00,0.0,1.0331158952464818,1.0331158952464818,0.0,0
2021-03-04 00:00:00+00:00,0.0,1.0331158952464818,1.0331158952464818,0.0,0
2021-03-05 00:00:00+00:00,0.0,1.0331158952464818,1.0331158952464818,0.0,0
2021-03-06 00:00:00+00:00,0.0,1.0331158952464818,1.0331158952464818,0.0,0
2021-03-07 00:00:00+00:00,0.0,1.0331158952464818,1.0331158952464818,0.0,0
2021-03-08 00:00:00+00:00,0.0,1.0331158952464818,1.0331158952464818,0.0,0
2021-03-09 00:00:00+00:00,0.0,1.0331158952464818,1.0331158952464818,0.0,0
2021-03-10 00:00:00+00:00,0.0,1.0331158952464818,1.0331158952464818,0.0,0
2021-03-11 00:00:00+00:00,0.0,1.0331158952464818,1.0331158952464818,0.0,0
2021-03-12 00:00:00+00:00,0.0,1.0331158952464818,1.0331158952464818,0.0,0
2021-03-13 00:00:00+00:00,0.0,1.0331158952464818,1.0331158952464818,0.0,0
2021-03-14 00:00:00+00:00,-0.0009932440260378428,1.0320897590553235,1.0329968519189536,0.023264734867143803,1
2021-03-15 00:00:00+00:00,-0.0013826509803335219,1.0306627391381735,1.0329488039852976,0.0219589995452318,1
2021-03-16 00:00:00+00:00,0.0004942431773211631,1.0311721371651117,1.0329263893391638,0.022463887898267906,1
2021-03-17 00:00:00+00:00,0.0007732279310057599,1.0319694682632428,1.0329083337190053,0.023236658398179698,1
2021-03-18 00:00:00+00:00,-0.0005175980023361948,1.0314353229279978,1.0328862387648237,0.02275224738639187,1
2021-03-19 00:00:00+00:00,0.00013546582964862885,1.0315750471697471,1.032867710118725,0.02290257464349187,1
2021-03-20 00:00:00+00:00,-1.0696407574450895e-05,1.031564013022599,1.0328336965622644,0.0229250959018895,1
2021-03-21 00:00:00+00:00,-0.00030695779413236757,1.0312473664086552,1.0328141269384796,0.022644059706687883,1
2021-03-22 00:00:00+00:00,-0.001328968997260982,1.029876870630191,1.0327799427852302,0.021376647966310745,1
2021-03-23 00:00:00+00:00,8.671665416248864e-05,1.0299661781066114,1.0327592582005105,0.02148158633123316,1
2021-03-24 00:00:00+00:00,-0.0008612443441192719,1.029079125561083,1.029079125561083,0.0,0
2021-03-25 00:00:00+00:00,0.0,1.029079125561083,1.029079125561083,0.0,0
2021-03-26 00:00:00+00:00,0.0,1.029079125561083,1.029079125561083,0.0,0
2021-03-27 00:00:00+00:00,0.0,1.029079125561083,1.029079125561083,0.0,0
2021-03-28 00:00:00+00:00,0.0,1.029079125561083,1.029079125561083,0.0,0
2021-03-29 00:00:00+00:00,0.0,1.029079125561083,1.029079125561083,0.0,0
2021-03-30 00:00:00+00:00,0.0,1.029079125561083,1.029079125561083,0.0,0
2021-03-31 00:00:00+00:00,0.0,1.029079125561083,1.029079125561083,0.0,0
2021-04-01 00:00:00+00:00,0.0,1.029079125561083,1.029079125561083,0.0,0
2021-04-02 00:00:00+00:00,0.0,1.029079125561083,1.029079125561083,0.0,0
2021-04-03 00:00:00+00:00,-0.002071763621918965,1.0269471168646693,1.0289090793566644,0.03066749456106034,1
2021-04-04 00:00:00+00:00,0.0022234648127756884,1.0292304976435993,1.0287674880728215,0.05666239716816937,2
2021-04-05 00:00:00+00:00,-0.00044803195430287435,1.028769369492312,1.028631136684247,0.05637210067887271,2
2021-04-06 00:00:00+00:00,0.00427706765408975,1.0331694856860858,1.0283241306910211,0.08520268891557652,3
2021-04-07 00:00:00+00:00,-0.0028013537751625517,1.0302752124469763,1.0289427419013075,0.0772958262648765,3
2021-04-08 00:00:00+00:00,0.00491200445877138,1.0353359288842774,1.0295866340404154,0.07629140918957589,3
2021-04-09 00:00:00+00:00,0.002207471699398722,1.0376214036466602,1.0294988663638314,0.07841056396120046,3
2021-04-10 00:00:00+00:00,0.0010857785713482837,1.0387480307319121,1.0314378658571164,0.07022854742812631,3
2021-04-11 00:00:00+00:00,0.0027964412209726675,1.0416528285432551,1.0312432422893174,0.07300818913689806,3
2021-04-12 00:00:00+00:00,0.0019572312372178047,1.0436915839976162,1.0403669965675533,0.04692990325846337,2
2021-04-13 00:00:00+00:00,-0.0003193480159178197,1.0433582831610364,1.0399960734671692,0.07176948428633173,3
2021-04-14 00:00:00+00:00,-0.0002415526230529208,1.0431062572309548,1.0418974985130545,0.09465422736207693,3
2021-04-15 00:00:00+00:00,0.0005254950917539247,1.0436544044493075,1.0415643642030332,0.09544893207793327,3
2021-04-16 00:00:00+00:00,-0.003902713692473192,1.0395813201148532,1.0375263083731934,0.07091061551058254,2
2021-04-17 00:00:00+00:00,-0.0023510574139007367,1.0371372047448444,1.0373692354892874,0.06887257391766087,2
2021-04-18 00:00:00+00:00,-0.0034763881737877034,1.0335317132316741,1.0335317132316741,0.0,0
2021-04-19 00:00:00+00:00,-0.00046548731586981695,1.0330506173286156,1.0334834386963379,0.016787448606237224,1
2021-04-20 00:00:00+00:00,4.316720023522791e-05,1.0330952112314669,1.033464012592242,0.016848693096006406,1
2021-04-21 00:00:00+00:00,0.0005025729286842751,1.033614416917385,1.033455300296345,0.017350979089760094,1
2021-04-22 00:00:00+00:00,0.003319743138166409,1.0370457512854565,1.0341642140671066,0.016490710856455655,1
2021-04-23 00:00:00+00:00,-0.0028076749501361187,1.0341340639074272,1.0341340639074272,0.0,0
2021-04-24 00:00:00+00:00,0.0,1.0341340639074272,1.0341340639074272,0.0,0
2021-04-25 00:00:00+00:00,0.0,1.0341340639074272,1.0341340639074272,0.0,0
2021-04-26 00:00:00+00:00,-0.0012158491200555677,1.0328767129158059,1.0340950681577226,0.015235786316262092,1
2021-04-27 00:00:00+00:00,-0.0002757267612051306,1.0325919211650294,1.0340751922609108,0.01498343413108203,1
2021-04-28 00:00:00+00:00,0.0011768445815854012,1.0338071213724414,1.0339969926362953,0.038777716384647935,2
2021-04-29 00:00:00+00:00,-0.0007557643725921714,1.033025806781976,1.0339786745713009,0.03806844181951665,2
2021-04-30 00:00:00+00:00,0.00021909237766748468,1.0332521348621757,1.033944893425529,0.03831184152819635,2
2021-05-01 00:00:00+00:00,0.0037918019780278645,1.0371700223509477,1.0338999133860924,0.041987965945069976,2
2021-05-02 00:00:00+00:00,-0.0009585104021088142,1.0361758840957689,1.033853216036211,0.04111388744546788,2
2021-05-03 00:00:00+00:00,0.0031008432592742885,1.0393889031013899,1.0345222835607362,0.03894641239322993,2
2021-05-04 00:00:00+00:00,-0.003853641756625281,1.0353834706230254,1.0365396947179022,0.04588478048058462,3
2021-05-05 00:00:00+00:00,0.003155448102482694,1.0386505694307449,1.0364680011420486,0.04895499713075221,3
2021-05-06 00:00:00+00:00,-0.0013210948817327095,1.0372784134795612,1.03630328020436,0.04785571548368052,3
2021-05-07 00:00:00+00:00,-0.0005380352524946286,1.0367203211264575,1.0362005506259642,0.04744224344391339,3
2021-05-08 00:00:00+00:00,0.003202741915721008,1.040040668753809,1.0361022546841705,0.05057781201028258,3
2021-05-09 00:00:00+00:00,-1.9214848720361388e-05,1.040020684529696,1.0360261867582188,0.05063270943782249,3
2021-05-10 00:00:00+00:00,-0.0013972859579547414,1.0385674782312202,1.0359146066922542,0.04941175221855056,3
2021-05-11 00:00:00+00:00,0.002649988940894188,1.0413196705629053,1.0358862613632784,0.05195136333881337,3
2021-05-12 00:00:00+00:00,-0.0020209329590833436,1.0392152333197229,1.0430621107787936,0.0319047831426557,2
2021-05-13 00:00:00+00:00,-0.002021927201254825,1.0371140157715153,1.0393766448295605,0.014166634381052238,1
2021-05-14 00:00:00+00:00,0.0005777989391548832,1.0377132591496108,1.0393713990461504,0.014740974059578913,1
2021-05-15 00:00:00+00:00,0.00025668062554085047,1.0379796200381013,1.0393553786744705,0.015009240252717196,1
2021-05-16 00:00:00+00:00,0.0011313561584487264,1.0391539446735756,1.0393357566889958,0.01614123893913886,1
2021-05-17 00:00:00+00:00,-6.6770230877089e-05,1.039084560124773,1.0393114672463801,0.016098917885305927,1
2021-05-18 00:00:00+00:00,0.003255914674337834,1.042467730791961,1.0400122664703164,0.01536690216226709,1
2021-05-19 00:00:00+00:00,-0.0023829944891455845,1.0399835359343717,1.0399835359343717,0.0,0
2021-05-20 00:00:00+00:00,0.0,1.0399835359343717,1.0399835359343717,0.0,0
2021-05-21 00:00:00+00:00,0.0,1.0399835359343717,1.0399835359343717,0.0,0
2021-05-22 00:00:00+00:00,0.0,1.0399835359343717,1.0399835359343717,0.0,0
2021-05-23 00:00:00+00:00,0.0,1.0399835359343717,1.0399835359343717,0.0,0
2021-05-24 00:00:00+00:00,0.0,1.0399835359343717,1.0399835359343717,0.0,0
2021-05-25 00:00:00+00:00,0.0,1.0399835359343717,1.0399835359343717,0.0,0
2021-05-26 00:00:00+00:00,0.0,1.0399835359343717,1.0399835359343717,0.0,0
2021-05-27 00:00:00+00:00,0.0,1.0399835359343717,1.0399835359343717,0.0,0
2021-05-28 00:00:00+00:00,0.0,1.0399835359343717,1.0399835359343717,0.0,0
2021-05-29 00:00:00+00:00,0.0,1.0399835359343717,1.0399835359343717,0.0,0
2021-05-30 00:00:00+00:00,0.0,1.0399835359343717,1.0399835359343717,0.0,0
2021-05-31 00:00:00+00:00,0.0,1.0399835359343717,1.0399835359343717,0.0,0
2021-06-01 00:00:00+00:00,0.0,1.0399835359343717,1.0399835359343717,0.0,0
2021-06-02 00:00:00+00:00,0.0,1.0399835359343717,1.0399835359343717,0.0,0
2021-06-03 00:00:00+00:00,0.0,1.0399835359343717,1.0399835359343717,0.0,0
2021-06-04 00:00:00+00:00,0.0,1.0399835359343717,1.0399835359343717,0.0,0
2021-06-05 00:00:00+00:00,0.0,1.0399835359343717,1.0399835359343717,0.0,0
2021-06-06 00:00:00+00:00,0.0,1.0399835359343717,1.0399835359343717,0.0,0
2021-06-07 00:00:00+00:00,0.0,1.0399835359343717,1.0399835359343717,0.0,0
2021-06-08 00:00:00+00:00,0.0,1.0399835359343717,1.0399835359343717,0.0,0
2021-06-09 00:00:00+00:00,0.0,1.0399835359343717,1.0399835359343717,0.0,0
2021-06-10 00:00:00+00:00,0.0,1.0399835359343717,1.0399835359343717,0.0,0
2021-06-11 00:00:00+00:00,0.0,1.0399835359343717,1.0399835359343717,0.0,0
2021-06-12 00:00:00+00:00,0.0,1.0399835359343717,1.0399835359343717,0.0,0
2021-06-13 00:00:00+00:00,0.0,1.0399835359343717,1.0399835359343717,0.0,0
2021-06-14 00:00:00+00:00,0.0,1.0399835359343717,1.0399835359343717,0.0,0
2021-06-15 00:00:00+00:00,0.0,1.0399835359343717,1.0399835359343717,0.0,0
2021-06-16 00:00:00+00:00,0.0,1.0399835359343717,1.0399835359343717,0.0,0
2021-06-17 00:00:00+00:00,0.0,1.0399835359343717,1.0399835359343717,0.0,0
2021-06-18 00:00:00+00:00,0.0,1.0399835359343717,1.0399835359343717,0.0,0
2021-06-19 00:00:00+00:00,0.0,1.0399835359343717,1.0399835359343717,0.0,0
2021-06-20 00:00:00+00:00,0.0,1.0399835359343717,1.0399835359343717,0.0,0
2021-06-21 00:00:00+00:00,0.0,1.0399835359343717,1.0399835359343717,0.0,0
2021-06-22 00:00:00+00:00,0.0,1.0399835359343717,1.0399835359343717,0.0,0
2021-06-23 00:00:00+00:00,0.0,1.0399835359343717,1.0399835359343717,0.0,0
2021-06-24 00:00:00+00:00,0.0,1.0399835359343717,1.0399835359343717,0.0,0
2021-06-25 00:00:00+00:00,0.0,1.0399835359343717,1.0399835359343717,0.0,0
2021-06-26 00:00:00+00:00,0.0,1.0399835359343717,1.0399835359343717,0.0,0
2021-06-27 00:00:00+00:00,0.0,1.0399835359343717,1.0399835359343717,0.0,0
2021-06-28 00:00:00+00:00,0.0,1.0399835359343717,1.0399835359343717,0.0,0
2021-06-29 00:00:00+00:00,0.0,1.0399835359343717,1.0399835359343717,0.0,0
2021-06-30 00:00:00+00:00,0.0,1.0399835359343717,1.0399835359343717,0.0,0
2021-07-01 00:00:00+00:00,0.0,1.0399835359343717,1.0399835359343717,0.0,0
2021-07-02 00:00:00+00:00,0.0,1.0399835359343717,1.0399835359343717,0.0,0
2021-07-03 00:00:00+00:00,0.0,1.0399835359343717,1.0399835359343717,0.0,0
2021-07-04 00:00:00+00:00,0.0,1.0399835359343717,1.0399835359343717,0.0,0
2021-07-05 00:00:00+00:00,0.0,1.0399835359343717,1.0399835359343717,0.0,0
2021-07-06 00:00:00+00:00,0.0,1.0399835359343717,1.0399835359343717,0.0,0
2021-07-07 00:00:00+00:00,0.0,1.0399835359343717,1.0399835359343717,0.0,0
2021-07-08 00:00:00+00:00,0.0,1.0399835359343717,1.0399835359343717,0.0,0
2021-07-09 00:00:00+00:00,0.0,1.0399835359343717,1.0399835359343717,0.0,0
2021-07-10 00:00:00+00:00,0.0,1.0399835359343717,1.0399835359343717,0.0,0
2021-07-11 00:00:00+00:00,0.0,1.0399835359343717,1.0399835359343717,0.0,0
2021-07-12 00:00:00+00:00,0.0,1.0399835359343717,1.0399835359343717,0.0,0
2021-07-13 00:00:00+00:00,0.0,1.0399835359343717,1.0399835359343717,0.0,0
2021-07-14 00:00:00+00:00,0.0,1.0399835359343717,1.0399835359343717,0.0,0
2021-07-15 00:00:00+00:00,0.0,1.0399835359343717,1.0399835359343717,0.0,0
2021-07-16 00:00:00+00:00,0.0,1.0399835359343717,1.0399835359343717,0.0,0
2021-07-17 00:00:00+00:00,0.0,1.0399835359343717,1.0399835359343717,0.0,0
2021-07-18 00:00:00+00:00,0.0,1.0399835359343717,1.0399835359343717,0.0,0
2021-07-19 00:00:00+00:00,0.0,1.0399835359343717,1.0399835359343717,0.0,0
2021-07-20 00:00:00+00:00,0.0,1.0399835359343717,1.0399835359343717,0.0,0
2021-07-21 00:00:00+00:00,0.0,1.0399835359343717,1.0399835359343717,0.0,0
2021-07-22 00:00:00+00:00,0.0,1.0399835359343717,1.0399835359343717,0.0,0
2021-07-23 00:00:00+00:00,0.0,1.0399835359343717,1.0399835359343717,0.0,0
2021-07-24 00:00:00+00:00,0.0,1.0399835359343717,1.0399835359343717,0.0,0
2021-07-25 00:00:00+00:00,0.0,1.0399835359343717,1.0399835359343717,0.0,0
2021-07-26 00:00:00+00:00,0.0,1.0399835359343717,1.0399835359343717,0.0,0
2021-07-27 00:00:00+00:00,0.0,1.0399835359343717,1.0399835359343717,0.0,0
2021-07-28 00:00:00+00:00,0.0,1.0399835359343717,1.0399835359343717,0.0,0
2021-07-29 00:00:00+00:00,0.0,1.0399835359343717,1.0399835359343717,0.0,0
2021-07-30 00:00:00+00:00,0.0,1.0399835359343717,1.0399835359343717,0.0,0
2021-07-31 00:00:00+00:00,0.0,1.0399835359343717,1.0399835359343717,0.0,0
2021-08-01 00:00:00+00:00,0.0,1.0399835359343717,1.0399835359343717,0.0,0
2021-08-02 00:00:00+00:00,0.0,1.0399835359343717,1.0399835359343717,0.0,0
2021-08-03 00:00:00+00:00,0.0,1.0399835359343717,1.0399835359343717,0.0,0
2021-08-04 00:00:00+00:00,0.0,1.0399835359343717,1.0399835359343717,0.0,0
2021-08-05 00:00:00+00:00,0.0,1.0399835359343717,1.0399835359343717,0.0,0
2021-08-06 00:00:00+00:00,0.0,1.0399835359343717,1.0399835359343717,0.0,0
2021-08-07 00:00:00+00:00,0.0,1.0399835359343717,1.0399835359343717,0.0,0
2021-08-08 00:00:00+00:00,0.0,1.0399835359343717,1.0399835359343717,0.0,0
2021-08-09 00:00:00+00:00,0.0,1.0399835359343717,1.0399835359343717,0.0,0
2021-08-10 00:00:00+00:00,0.0,1.0399835359343717,1.0399835359343717,0.0,0
2021-08-11 00:00:00+00:00,0.002074920899195032,1.0421414195079006,1.040612790923137,0.029873850598977784,1
2021-08-12 00:00:00+00:00,-0.0015640222128830983,1.0405114871788248,1.0405114871788248,0.0,0
2021-08-13 00:00:00+00:00,0.0,1.0405114871788248,1.0405114871788248,0.0,0
2021-08-14 00:00:00+00:00,-0.0012998093950175038,1.0391590205721661,1.0402642862068439,0.08362708861214206,3
2021-08-15 00:00:00+00:00,0.005448398983669334,1.0448207735237223,1.0409379375717172,0.08334444473035969,3
2021-08-16 00:00:00+00:00,0.001601290087760443,1.046493834671852,1.0430139552961486,0.07593178401815093,3
2021-08-17 00:00:00+00:00,0.0002459376088015386,1.0467512068631768,1.0502073328754702,0.05779911536829411,2
2021-08-18 00:00:00+00:00,-0.0004953225039855402,1.0462327274343435,1.0501953474768582,0.05734364655585631,2
2021-08-19 00:00:00+00:00,0.004310724633824536,1.0507427486252081,1.0501875231115183,0.06139718344740175,2
2021-08-20 00:00:00+00:00,0.002687454641291609,1.0535665721018044,1.0508654520480087,0.05656640682112182,2
2021-08-21 00:00:00+00:00,-0.0013483053156115865,1.0521460426922888,1.0507198401601725,0.08842525294218657,3
2021-08-22 00:00:00+00:00,0.00034278574643087367,1.0525067033588873,1.0506551824917658,0.08879905276985446,3
2021-08-23 00:00:00+00:00,0.0038863477898298804,1.0565971104592673,1.0526979731591102,0.0803675470341507,3
2021-08-24 00:00:00+00:00,-0.003602321810257658,1.0527909076436046,1.0526028805111702,0.07713308237531821,3
2021-08-25 00:00:00+00:00,0.0025280399327949343,1.055452405099011,1.0525617330011567,0.07949922930045224,3
2021-08-26 00:00:00+00:00,-0.003587509241119502,1.0516659598421565,1.0525250648819449,0.0762199012727086,3
2021-08-27 00:00:00+00:00,0.0036378043564981866,1.0554917148524512,1.0525068810755436,0.07958547970172945,3
2021-08-28 00:00:00+00:00,0.0009268622781513081,1.0564700103078493,1.0524160240509237,0.09827497034660605,4
2021-08-29 00:00:00+00:00,-0.0009842353681536187,1.0554301951583107,1.0523650050532831,0.09743492582923444,4
2021-08-30 00:00:00+00:00,0.0010348587397139841,1.0565224163199283,1.0530345331638584,0.09418421786010489,4
2021-08-31 00:00:00+00:00,0.0015466726900168482,1.058156510687641,1.0587757243629532,0.0592942585569565,2
2021-09-01 00:00:00+00:00,0.004198972176260529,1.0625996804341473,1.0594468732630762,0.05720423998893138,2
2021-09-02 00:00:00+00:00,-5.442116503096006e-05,1.0625418525215766,1.0593609670889932,0.057233778837896876,2
2021-09-03 00:00:00+00:00,0.0014126998057812923,1.0640429051902685,1.059289153459911,0.05863123694231809,2
2021-09-04 00:00:00+00:00,-0.0014688550546420043,1.0624799803906237,1.0591276898221467,0.07589334262500837,3
2021-09-05 00:00:00+00:00,0.0019065348199927001,1.0645056354687836,1.0590113988910168,0.07776107559715689,3
2021-09-06 00:00:00+00:00,0.0031259974999453544,1.0678332774239367,1.0589088444469195,0.08073104801575987,3
2021-09-07 00:00:00+00:00,-0.011294787476473167,1.0557723274951276,1.0557723274951276,0.0,0
2021-09-08 00:00:00+00:00,0.00179438558304712,1.057666790138565,1.0557173256026955,0.0200661937065455,1
2021-09-09 00:00:00+00:00,5.3101413710843204e-05,1.0577229537403563,1.056437576895845,0.01579287138192975,1
2021-09-10 00:00:00+00:00,-0.0012498176461775978,1.0564009929280045,1.0564009929280045,0.0,0
2021-09-11 00:00:00+00:00,0.0,1.0564009929280045,1.0564009929280045,0.0,0
2021-09-12 00:00:00+00:00,0.0,1.0564009929280045,1.0564009929280045,0.0,0
2021-09-13 00:00:00+00:00,0.0,1.0564009929280045,1.0564009929280045,0.0,0
2021-09-14 00:00:00+00:00,0.0,1.0564009929280045,1.0564009929280045,0.0,0
2021-09-15 00:00:00+00:00,0.0,1.0564009929280045,1.0564009929280045,0.0,0
2021-09-16 00:00:00+00:00,0.0,1.0564009929280045,1.0564009929280045,0.0,0
2021-09-17 00:00:00+00:00,0.0,1.0564009929280045,1.0564009929280045,0.0,0
2021-09-18 00:00:00+00:00,0.0,1.0564009929280045,1.0564009929280045,0.0,0
2021-09-19 00:00:00+00:00,0.0,1.0564009929280045,1.0564009929280045,0.0,0
2021-09-20 00:00:00+00:00,0.0,1.0564009929280045,1.0564009929280045,0.0,0
2021-09-21 00:00:00+00:00,0.0,1.0564009929280045,1.0564009929280045,0.0,0
2021-09-22 00:00:00+00:00,0.0,1.0564009929280045,1.0564009929280045,0.0,0
2021-09-23 00:00:00+00:00,0.0,1.0564009929280045,1.0564009929280045,0.0,0
2021-09-24 00:00:00+00:00,0.0,1.0564009929280045,1.0564009929280045,0.0,0
2021-09-25 00:00:00+00:00,0.0,1.0564009929280045,1.0564009929280045,0.0,0
2021-09-26 00:00:00+00:00,0.0,1.0564009929280045,1.0564009929280045,0.0,0
2021-09-27 00:00:00+00:00,0.0,1.0564009929280045,1.0564009929280045,0.0,0
2021-09-28 00:00:00+00:00,0.0,1.0564009929280045,1.0564009929280045,0.0,0
2021-09-29 00:00:00+00:00,0.0,1.0564009929280045,1.0564009929280045,0.0,0
2021-09-30 00:00:00+00:00,0.0,1.0564009929280045,1.0564009929280045,0.0,0
2021-10-01 00:00:00+00:00,0.0,1.0564009929280045,1.0564009929280045,0.0,0
2021-10-02 00:00:00+00:00,0.0,1.0564009929280045,1.0564009929280045,0.0,0
2021-10-03 00:00:00+00:00,0.0,1.0564009929280045,1.0564009929280045,0.0,0
2021-10-04 00:00:00+00:00,0.0,1.0564009929280045,1.0564009929280045,0.0,0
2021-10-05 00:00:00+00:00,0.0,1.0564009929280045,1.0564009929280045,0.0,0
2021-10-06 00:00:00+00:00,0.0,1.0564009929280045,1.0564009929280045,0.0,0
2021-10-07 00:00:00+00:00,-0.0010247686655253663,1.055318426292222,1.0563034288744568,0.03321033175963435,1
2021-10-08 00:00:00+00:00,7.525440042921439e-05,1.0553978436476545,1.056278638341295,0.033306570739545384,1
2021-10-09 00:00:00+00:00,0.000596236198818767,1.0560271100461927,1.0562659135496597,0.03389465458554561,1
2021-10-10 00:00:00+00:00,-0.00017480468983566144,1.055842511554763,1.0562511437633657,0.033739733940429034,1
2021-10-11 00:00:00+00:00,0.0017166603920928392,1.057655034574637,1.0562401361905076,0.03540603957947828,1
2021-10-12 00:00:00+00:00,-0.0009268922392471346,1.056674702331289,1.0562289874579993,0.0345216862145601,1
2021-10-13 00:00:00+00:00,0.0008413670649063398,1.0575637536241502,1.0562181231047225,0.03534359798432199,1
2021-10-14 00:00:00+00:00,-2.722186644565916e-05,1.0575349647648913,1.0561994027034203,0.035335039443573656,1
2021-10-15 00:00:00+00:00,0.002541351123055424,1.060222532435267,1.0569011760958267,0.03032131223504904,1
2021-10-16 00:00:00+00:00,-0.00041773599782846116,1.0597796393177599,1.0568629854925295,0.029952109620476064,1
2021-10-17 00:00:00+00:00,0.0002830166123737321,1.0600795745611422,1.0568264076021618,0.030261076464400877,1
2021-10-18 00:00:00+00:00,0.00020782199452717975,1.060299882412685,1.0568036813743715,0.030484001441110263,1
2021-10-19 00:00:00+00:00,0.0011090384985710244,1.061475795802311,1.056792334705896,0.03156873037905762,1
2021-10-20 00:00:00+00:00,0.0009276436484781936,1.0624604670823004,1.0589642536700734,0.020247767229430388,1
2021-10-21 00:00:00+00:00,-0.0022140405640571625,1.060108136510473,1.05878565215771,0.05261066187245648,2
2021-10-22 00:00:00+00:00,-0.001142745172122539,1.0588967030555478,1.0605466058760282,0.03284962983532574,1
2021-10-23 00:00:00+00:00,0.0015895779858412507,1.0605799019440048,1.0605241673045263,0.03440570778523682,1
2021-10-24 00:00:00+00:00,-0.0007437667071953369,1.0597910779226183,1.060486842213251,0.03372221563623962,1
2021-10-25 00:00:00+00:00,0.0011121477400692914,1.0609697221748755,1.0604446616230536,0.03483542209457318,1
2021-10-26 00:00:00+00:00,-0.0007899944751313948,1.0601315619560756,1.0604005231519262,0.034113979483000975,1
2021-10-27 00:00:00+00:00,-0.0017666968870829747,1.0582586308256694,1.0603634227994445,0.03243958950671872,1
2021-10-28 00:00:00+00:00,0.003007903164775394,1.0614417703104808,1.0603495638668228,0.03535424650038331,1
2021-10-29 00:00:00+00:00,0.001055571038050429,1.0625621975017976,1.0603100630902174,0.036408599941008875,1
2021-10-30 00:00:00+00:00,-0.001018366550394667,1.061480119702148,1.060187013666078,0.06724368371642436,2
2021-10-31 00:00:00+00:00,-0.0005830042461926199,1.0608612722851125,1.0601700206896834,0.06671558369496342,2
2021-11-01 00:00:00+00:00,0.0018634786590132624,1.0628381646261895,1.0601577636723203,0.06846303678219448,2
2021-11-02 00:00:00+00:00,0.0023740205135782677,1.065361364231626,1.0608404467092574,0.06318869228511438,2
2021-11-03 00:00:00+00:00,0.003124982753861305,1.06869060012148,1.0607411062281247,0.08908428479212704,3
2021-11-04 00:00:00+00:00,-0.0006889411644974697,1.0679543351749448,1.0606989268438074,0.08849578029775132,3
2021-11-05 00:00:00+00:00,0.0010699640197842086,1.0690970078883546,1.0613829574450273,0.08253507558607558,3
2021-11-06 00:00:00+00:00,0.003951478415502807,1.073321521639104,1.062099462144819,0.08092149058525103,3
2021-11-07 00:00:00+00:00,0.0004197337119984379,1.0737720308655494,1.0642959742705458,0.06985992780245154,3
2021-11-08 00:00:00+00:00,0.0012438898391917697,1.0751076849843513,1.0642379835383116,0.07106942166886972,3
2021-11-09 00:00:00+00:00,-0.0023117936389475124,1.0726222578770208,1.064062083734426,0.10762506682675739,4
2021-11-10 00:00:00+00:00,-0.0049132873754061945,1.067352156478814,1.0657188260417065,0.06757285505332865,2
2021-11-11 00:00:00+00:00,0.0004989789223259766,1.0678847427075961,1.0656829059258512,0.06807152120267951,2
2021-11-12 00:00:00+00:00,-0.0007908317855422897,1.0670402255097673,1.065637682227396,0.06737632161104151,2
2021-11-13 00:00:00+00:00,-2.084636021415509e-05,1.0670179816048633,1.0656007464534318,0.06739149528367883,2
2021-11-14 00:00:00+00:00,0.0005331465614393238,1.06758685857275,1.0655764905014136,0.06791116770747424,2
2021-11-15 00:00:00+00:00,-0.0015521510226031987,1.0659298025384984,1.0655268180911142,0.06650877609580391,2
2021-11-16 00:00:00+00:00,-0.004054105927103313,1.061608410208151,1.061608410208151,0.0,0
2021-11-17 00:00:00+00:00,0.0,1.061608410208151,1.061608410208151,0.0,0
2021-11-18 00:00:00+00:00,0.0,1.061608410208151,1.061608410208151,0.0,0
2021-11-19 00:00:00+00:00,0.0,1.061608410208151,1.061608410208151,0.0,0
2021-11-20 00:00:00+00:00,0.0,1.061608410208151,1.061608410208151,0.0,0
2021-11-21 00:00:00+00:00,0.0,1.061608410208151,1.061608410208151,0.0,0
2021-11-22 00:00:00+00:00,0.0,1.061608410208151,1.061608410208151,0.0,0
2021-11-23 00:00:00+00:00,0.0,1.061608410208151,1.061608410208151,0.0,0
2021-11-24 00:00:00+00:00,0.0,1.061608410208151,1.061608410208151,0.0,0
2021-11-25 00:00:00+00:00,0.0,1.061608410208151,1.061608410208151,0.0,0
2021-11-26 00:00:00+00:00,0.0,1.061608410208151,1.061608410208151,0.0,0
2021-11-27 00:00:00+00:00,0.0,1.061608410208151,1.061608410208151,0.0,0
2021-11-28 00:00:00+00:00,0.0,1.061608410208151,1.061608410208151,0.0,0
2021-11-29 00:00:00+00:00,0.0,1.061608410208151,1.061608410208151,0.0,0
2021-11-30 00:00:00+00:00,0.0,1.061608410208151,1.061608410208151,0.0,0
2021-12-01 00:00:00+00:00,0.0,1.061608410208151,1.061608410208151,0.0,0
2021-12-02 00:00:00+00:00,0.0,1.061608410208151,1.061608410208151,0.0,0
2021-12-03 00:00:00+00:00,0.0,1.061608410208151,1.061608410208151,0.0,0
2021-12-04 00:00:00+00:00,0.0,1.061608410208151,1.061608410208151,0.0,0
2021-12-05 00:00:00+00:00,0.0,1.061608410208151,1.061608410208151,0.0,0
2021-12-06 00:00:00+00:00,0.0,1.061608410208151,1.061608410208151,0.0,0
2021-12-07 00:00:00+00:00,0.0,1.061608410208151,1.061608410208151,0.0,0
2021-12-08 00:00:00+00:00,0.0,1.061608410208151,1.061608410208151,0.0,0
2021-12-09 00:00:00+00:00,0.0,1.061608410208151,1.061608410208151,0.0,0
2021-12-10 00:00:00+00:00,0.0,1.061608410208151,1.061608410208151,0.0,0
2021-12-11 00:00:00+00:00,0.0,1.061608410208151,1.061608410208151,0.0,0
2021-12-12 00:00:00+00:00,0.0,1.061608410208151,1.061608410208151,0.0,0
2021-12-13 00:00:00+00:00,0.0,1.061608410208151,1.061608410208151,0.0,0
2021-12-14 00:00:00+00:00,0.0,1.061608410208151,1.061608410208151,0.0,0
2021-12-15 00:00:00+00:00,0.0,1.061608410208151,1.061608410208151,0.0,0
2021-12-16 00:00:00+00:00,0.0,1.061608410208151,1.061608410208151,0.0,0
2021-12-17 00:00:00+00:00,0.0,1.061608410208151,1.061608410208151,0.0,0
2021-12-18 00:00:00+00:00,0.0,1.061608410208151,1.061608410208151,0.0,0
2021-12-19 00:00:00+00:00,0.0,1.061608410208151,1.061608410208151,0.0,0
2021-12-20 00:00:00+00:00,0.0,1.061608410208151,1.061608410208151,0.0,0
2021-12-21 00:00:00+00:00,0.0,1.061608410208151,1.061608410208151,0.0,0
2021-12-22 00:00:00+00:00,0.0,1.061608410208151,1.061608410208151,0.0,0
2021-12-23 00:00:00+00:00,0.0,1.061608410208151,1.061608410208151,0.0,0
2021-12-24 00:00:00+00:00,0.0,1.061608410208151,1.061608410208151,0.0,0
2021-12-25 00:00:00+00:00,0.0,1.061608410208151,1.061608410208151,0.0,0
2021-12-26 00:00:00+00:00,0.0,1.061608410208151,1.061608410208151,0.0,0
2021-12-27 00:00:00+00:00,0.0,1.061608410208151,1.061608410208151,0.0,0
2021-12-28 00:00:00+00:00,0.0,1.061608410208151,1.061608410208151,0.0,0
2021-12-29 00:00:00+00:00,0.0,1.061608410208151,1.061608410208151,0.0,0
2021-12-30 00:00:00+00:00,0.0,1.061608410208151,1.061608410208151,0.0,0
2021-12-31 00:00:00+00:00,0.0,1.061608410208151,1.061608410208151,0.0,0
2022-01-01 00:00:00+00:00,0.0,1.0,1.0,0.0,0
2022-01-02 00:00:00+00:00,0.0,1.0,1.0,0.0,0
2022-01-03 00:00:00+00:00,0.0,1.0,1.0,0.0,0
2022-01-04 00:00:00+00:00,0.0,1.0,1.0,0.0,0
2022-01-05 00:00:00+00:00,0.0,1.0,1.0,0.0,0
2022-01-06 00:00:00+00:00,4.4143338020274925e-05,1.0000441433380203,0.9999293110060079,0.035228109577676,1
2022-01-07 00:00:00+00:00,0.0018163585262502835,1.0018605820443989,0.9999293110060079,0.03335117336332683,1
2022-01-08 00:00:00+00:00,0.0015152474145418982,1.0033786487010732,1.0005345988822743,0.073528265872649,3
2022-01-09 00:00:00+00:00,-0.0009351092952050166,1.0024403800000625,1.0005357999054896,0.07453426983543208,3
2022-01-10 00:00:00+00:00,0.002154056554124928,1.004599693270721,1.0005245368618105,0.07221342585356588,3
2022-01-11 00:00:00+00:00,-0.004287272343275306,1.0002927007896987,1.0005283603553352,0.07683391209032289,3
2022-01-12 00:00:00+00:00,-0.0036127132249315075,0.9966789301207533,1.0004224205891712,0.052262201165131444,2
2022-01-13 00:00:00+00:00,0.0019526646344563137,0.9986251098195079,1.0004309784468344,0.05022005996924278,2
2022-01-14 00:00:00+00:00,-0.0005718007778500178,0.9980540952049326,1.0004428383732895,0.05083280323852637,2
2022-01-15 00:00:00+00:00,-0.0003602211667255162,0.9976945749943027,1.0004580244378016,0.051226693017140716,2
2022-01-16 00:00:00+00:00,-0.00022929378853364657,0.9974658098254028,1.0004706774947654,0.05148047325346596,2
2022-01-17 00:00:00+00:00,0.0024257554908513335,0.9998854179905233,1.0004773512025702,0.04894268543789439,2
2022-01-18 00:00:00+00:00,0.00023653848787552612,1.0001219293753436,1.0004893913013029,0.04870666742702568,2
2022-01-19 00:00:00+00:00,0.0015660673542687853,1.0016881876792267,1.0005005419876538,0.047078022046247066,2
2022-01-20 00:00:00+00:00,0.001883955778189339,1.003575323928349,1.0005150418994164,0.04512353100553269,2
2022-01-21 00:00:00+00:00,0.00561862355806797,1.0092140358856685,1.0019056581730708,0.03108135300511876,2
2022-01-22 00:00:00+00:00,0.005852921851587256,1.0151208867692323,1.0059930394639252,0.06563326302623022,4
2022-01-23 00:00:00+00:00,-0.003324185026699955,1.0117464371171436,1.005987733737523,0.06918219577809824,4
2022-01-24 00:00:00+00:00,0.0013991355710436526,1.013162007546191,1.0059900884530864,0.06769067914720547,4
2022-01-25 00:00:00+00:00,-0.0012906725164334443,1.0118543471883565,1.0059881672742332,0.0690686003871261,4
2022-01-26 00:00:00+00:00,0.0008303250782397686,1.0126945152283529,1.0059731838845447,0.06816686679761275,4
2022-01-27 00:00:00+00:00,-0.0007627322402281589,1.011922100472086,1.0059475092396186,0.06895684184091973,4
2022-01-28 00:00:00+00:00,-0.0009331570753750018,1.010977818204302,1.005935766959297,0.06994366340365891,4
2022-01-29 00:00:00+00:00,-0.0011433812257206633,1.0098218851473473,1.0059367574715072,0.07116939813967861,4
2022-01-30 00:00:00+00:00,0.0011294372990993118,1.0109624156498795,1.0059392730141525,0.06996343260580819,4
2022-01-31 00:00:00+00:00,-0.0011631038020091244,1.0097865614205488,1.0059282075350526,0.07119840204985034,4
2022-02-01 00:00:00+00:00,-0.0022323863711081193,1.0075323276631054,1.0093900104550733,0.0530391458988384,2
2022-02-02 00:00:00+00:00,0.0024115096936729863,1.0099620016379538,1.0093922129380744,0.050508021638579176,2
2022-02-03 00:00:00+00:00,-0.000618184160498525,1.0093376591258358,1.0093853252691227,0.051151006810498924,2
2022-02-04 00:00:00+00:00,-0.004405842498769408,1.0048906763716507,1.00578528323738,0.022629198042598452,1
2022-02-05 00:00:00+00:00,-0.000803950912474094,1.004082793595445,1.0057769090795599,0.02344366310757102,1
2022-02-06 00:00:00+00:00,-0.00036049094991974506,1.0037208308353838,1.0057719918349741,0.023807839317977808,1
2022-02-07 00:00:00+00:00,-0.0007735027171750231,1.0029444500454474,1.0057649387825298,0.024593338142516682,1
2022-02-08 00:00:00+00:00,0.0014294889741404138,1.0043781480784626,1.005763051896065,0.023128905306324183,1
2022-02-09 00:00:00+00:00,-0.0008294746399752917,1.0035450418756862,1.005763051896065,0.023978269312604786,1
2022-02-10 00:00:00+00:00,0.00046294339160968256,1.0040096264210052,1.0057601175128266,0.023501522029204927,1
2022-02-11 00:00:00+00:00,0.0008198465184781067,1.004832760217745,1.0057547007114531,0.022657704501812013,1
2022-02-12 00:00:00+00:00,-0.000206849807237397,1.004624910754988,1.0057547007114531,0.022869284816205374,1
2022-02-13 00:00:00+00:00,0.00031969158370936945,1.0049460808837412,1.0057547007114531,0.022542386621216437,1
2022-02-14 00:00:00+00:00,-0.0003099563994218846,1.0046345914148973,1.0057547007114531,0.02285942844677263,1
2022-02-15 00:00:00+00:00,-0.001631885107447717,1.0029951431867405,1.0057547007114531,0.024531345892247536,1
2022-02-16 00:00:00+00:00,0.00028923201926156494,1.003285241497314,1.0057543792247496,0.024234783870830577,1
2022-02-17 00:00:00+00:00,0.0014131632502343283,1.0047030473301004,1.005748558600297,0.022783622078256998,1
2022-02-18 00:00:00+00:00,0.00016647569599759215,1.0048703059691755,1.0057398570092573,0.022604722386755614,1
2022-02-19 00:00:00+00:00,-3.827695083558069e-05,1.0048318425978777,1.0057321439694358,0.02263619012490458,1
2022-02-20 00:00:00+00:00,0.001067367724912005,1.0059043676756305,1.005715879532692,0.021529656112489113,1
2022-02-21 00:00:00+00:00,0.0013470867466267578,1.0072594081177004,1.0057065163781438,0.02014612259557846,1
2022-02-22 00:00:00+00:00,-0.0010002724279966069,1.0062518743039202,1.0057006461396771,0.02116173459207996,1
2022-02-23 00:00:00+00:00,0.0004815170843746053,1.0067364017725815,1.0056994322611283,0.020669058666156225,1
2022-02-24 00:00:00+00:00,0.0002560946033700606,1.0069942215320917,1.0056947353019237,0.02040307341547423,1
2022-02-25 00:00:00+00:00,-0.0007921210461531158,1.0061965602158616,1.0056869019441699,0.021204211814018502,1
2022-02-26 00:00:00+00:00,6.907774386610832e-05,1.0062660660041272,1.0056863653107393,0.021133140911829728,1
2022-02-27 00:00:00+00:00,0.0007615537149097129,1.0070323916648802,1.0056862104869146,0.020355931202163165,1
2022-02-28 00:00:00+00:00,-0.002008739095166967,1.0050095263296435,1.0056860336221236,0.022409509525523227,1
2022-03-01 00:00:00+00:00,-0.0007399954346480886,1.0042658238683817,1.0056860336221236,0.023166648174056254,1
2022-03-02 00:00:00+00:00,-2.845590861499936e-05,1.0042372465718725,1.0056796648983475,0.023189422287429363,1
2022-03-03 00:00:00+00:00,0.00037437757778713276,1.0046132104797678,1.0056740969157025,0.022800964050672973,1
2022-03-04 00:00:00+00:00,0.0015844769276520676,1.0062049969329874,1.0056600327251561,0.021168945809392558,1
2022-03-05 00:00:00+00:00,-0.0006082955143388302,1.0055929269468478,1.0056362051911478,0.02176680137538661,1
2022-03-06 00:00:00+00:00,0.0005267173207548215,1.006122590159099,1.0056112235356587,0.02120407279020712,1
2022-03-07 00:00:00+00:00,-0.00033392056170189477,1.0057866251386522,1.0055878868852217,0.02152198534617712,1
2022-03-08 00:00:00+00:00,-6.754472386116817e-05,1.005718689558794,1.0055689240554924,0.021572133423573746,1
2022-03-09 00:00:00+00:00,-0.0006860782942585963,1.0050286877957575,1.005560554640182,0.02226516553925246,1
2022-03-10 00:00:00+00:00,0.0012000637996005814,1.0062347863415413,1.0055599874008099,0.021039288849559214,1
2022-03-11 00:00:00+00:00,-7.298117225884582e-06,1.0062274427221138,1.0055543521331312,0.021041140176803863,1
2022-03-12 00:00:00+00:00,-1.8675568204340465e-05,1.0062086508528783,1.0055543521331312,0.021060209056378756,1
2022-03-13 00:00:00+00:00,0.000624241587893648,1.006836768138839,1.0055520876238262,0.020420969313664997,1
2022-03-14 00:00:00+00:00,-0.00069665481527037,1.006135350456124,1.0055459691028268,0.021126264868948648,1
2022-03-15 00:00:00+00:00,9.504282109817908e-05,1.0062309763982378,1.0055413717423511,0.02102465447931717,1
2022-03-16 00:00:00+00:00,-0.000777580018157642,1.0054485512973392,1.0055413717423511,0.021819200671929672,1
2022-03-17 00:00:00+00:00,-0.00036757070048232254,1.0050789778690399,1.0055413717423511,0.022194929578224245,1
2022-03-18 00:00:00+00:00,-0.0002934732650743399,1.004784014059747,1.0055402444338326,0.022493882584588162,1
2022-03-19 00:00:00+00:00,-0.00015925374165459694,1.0046239984459533,1.0055402444338326,0.022656744497577673,1
2022-03-20 00:00:00+00:00,0.0005084461187943035,1.0051347956188108,1.0055402444338326,0.022137042885246778,1
2022-03-21 00:00:00+00:00,-0.0002872365445774072,1.0048460841732827,1.0055402444338326,0.022430722353005306,1
2022-03-22 00:00:00+00:00,-0.00046696433184789665,1.0043768568929767,1.0055402444338326,0.02290838408312041,1
2022-03-23 00:00:00+00:00,-0.00024436365647384495,1.0041314236917487,1.0055402444338326,0.02315840681256106,1
2022-03-24 00:00:00+00:00,-0.0003243855592317546,1.0038056979583323,1.0055402444338326,0.023490412322330505,1
2022-03-25 00:00:00+00:00,-4.754925087024908e-05,1.003757967749375,1.003757967749375,0.0,0
2022-03-26 00:00:00+00:00,0.0,1.003757967749375,1.003757967749375,0.0,0
2022-03-27 00:00:00+00:00,0.0,1.003757967749375,1.003757967749375,0.0,0
2022-03-28 00:00:00+00:00,0.0,1.003757967749375,1.003757967749375,0.0,0
2022-03-29 00:00:00+00:00,0.0,1.003757967749375,1.003757967749375,0.0,0
2022-03-30 00:00:00+00:00,0.0,1.003757967749375,1.003757967749375,0.0,0
2022-03-31 00:00:00+00:00,0.0,1.003757967749375,1.003757967749375,0.0,0
2022-04-01 00:00:00+00:00,0.0,1.003757967749375,1.003757967749375,0.0,0
2022-04-02 00:00:00+00:00,0.0,1.003757967749375,1.003757967749375,0.0,0
2022-04-03 00:00:00+00:00,0.0,1.003757967749375,1.003757967749375,0.0,0
2022-04-04 00:00:00+00:00,0.0,1.003757967749375,1.003757967749375,0.0,0
2022-04-05 00:00:00+00:00,0.0,1.003757967749375,1.003757967749375,0.0,0
2022-04-06 00:00:00+00:00,0.0,1.003757967749375,1.003757967749375,0.0,0
2022-04-07 00:00:00+00:00,0.0,1.003757967749375,1.003757967749375,0.0,0
2022-04-08 00:00:00+00:00,0.0,1.003757967749375,1.003757967749375,0.0,0
2022-04-09 00:00:00+00:00,0.0,1.003757967749375,1.003757967749375,0.0,0
2022-04-10 00:00:00+00:00,0.0,1.003757967749375,1.003757967749375,0.0,0
2022-04-11 00:00:00+00:00,0.0,1.003757967749375,1.003757967749375,0.0,0
2022-04-12 00:00:00+00:00,0.0,1.003757967749375,1.003757967749375,0.0,0
2022-04-13 00:00:00+00:00,0.0,1.003757967749375,1.003757967749375,0.0,0
2022-04-14 00:00:00+00:00,0.0,1.003757967749375,1.003757967749375,0.0,0
2022-04-15 00:00:00+00:00,0.0,1.003757967749375,1.003757967749375,0.0,0
2022-04-16 00:00:00+00:00,0.0,1.003757967749375,1.003757967749375,0.0,0
2022-04-17 00:00:00+00:00,0.0,1.003757967749375,1.003757967749375,0.0,0
2022-04-18 00:00:00+00:00,0.0,1.003757967749375,1.003757967749375,0.0,0
2022-04-19 00:00:00+00:00,0.0,1.003757967749375,1.003757967749375,0.0,0
2022-04-20 00:00:00+00:00,0.0,1.003757967749375,1.003757967749375,0.0,0
2022-04-21 00:00:00+00:00,0.0,1.003757967749375,1.003757967749375,0.0,0
2022-04-22 00:00:00+00:00,0.0,1.003757967749375,1.003757967749375,0.0,0
2022-04-23 00:00:00+00:00,0.0,1.003757967749375,1.003757967749375,0.0,0
2022-04-24 00:00:00+00:00,0.0,1.003757967749375,1.003757967749375,0.0,0
2022-04-25 00:00:00+00:00,0.0,1.003757967749375,1.003757967749375,0.0,0
2022-04-26 00:00:00+00:00,0.0,1.003757967749375,1.003757967749375,0.0,0
2022-04-27 00:00:00+00:00,0.0,1.003757967749375,1.003757967749375,0.0,0
2022-04-28 00:00:00+00:00,0.0,1.003757967749375,1.003757967749375,0.0,0
2022-04-29 00:00:00+00:00,0.0,1.003757967749375,1.003757967749375,0.0,0
2022-04-30 00:00:00+00:00,0.0,1.003757967749375,1.003757967749375,0.0,0
2022-05-01 00:00:00+00:00,0.0,1.003757967749375,1.003757967749375,0.0,0
2022-05-02 00:00:00+00:00,0.0,1.003757967749375,1.003757967749375,0.0,0
2022-05-03 00:00:00+00:00,0.0,1.003757967749375,1.003757967749375,0.0,0
2022-05-04 00:00:00+00:00,0.0,1.003757967749375,1.003757967749375,0.0,0
2022-05-05 00:00:00+00:00,0.0,1.003757967749375,1.003757967749375,0.0,0
2022-05-06 00:00:00+00:00,0.0004418559832797264,1.0042014842131899,1.0036821973810965,0.03457221438269416,1
2022-05-07 00:00:00+00:00,0.0005081929644430438,1.0047118123423502,1.0036826907787475,0.034047210198891106,1
2022-05-08 00:00:00+00:00,0.0013829928173851869,1.0061013215623618,1.0036884317632384,0.032624811562354646,1
2022-05-09 00:00:00+00:00,0.011766323212577534,1.0179394348964659,1.0049642967571124,0.06048606735772541,3
2022-05-10 00:00:00+00:00,-0.004685413408510253,1.0131699678191506,1.0056009538698367,0.08660933829203298,4
2022-05-11 00:00:00+00:00,0.010878705567761271,1.0241919455891533,1.0118594968702153,0.05512525552418233,4
2022-05-12 00:00:00+00:00,0.0022715503910011314,1.0265184492036166,1.0124658142773495,0.04853586988528663,4
2022-05-13 00:00:00+00:00,-0.0021180699453634544,1.0243442113279972,1.0124324749983795,0.05072890919613283,4
2022-05-14 00:00:00+00:00,-0.0015211679610679374,1.0227860117326197,1.0124159398637385,0.052313512630212104,4
2022-05-15 00:00:00+00:00,-0.0028756538329082204,1.019844833217736,1.0124082991601568,0.05534083707225221,4
2022-05-16 00:00:00+00:00,0.0030558363717874126,1.0229613121526622,1.0123943796662174,0.05211210599258693,4
2022-05-17 00:00:00+00:00,-0.0016818189408916995,1.0212408764420844,1.0123770234612346,0.05386755377679979,4
2022-05-18 00:00:00+00:00,0.004061902749735946,1.0253890575662472,1.012351356943486,0.04957913273383507,4
2022-05-19 00:00:00+00:00,-0.0028675521954237837,1.0224487009230596,1.0123349651306874,0.052581479120421507,4
2022-05-20 00:00:00+00:00,0.0016202249130914392,1.024105297780653,1.0123318660796452,0.05087579297125331,4
2022-05-21 00:00:00+00:00,-0.0008384641224060685,1.023246622230898,1.0123201786326745,0.051746232103846095,4
2022-05-22 00:00:00+00:00,-0.001618056174072735,1.0215909517161983,1.0140522177801603,0.03842710367637318,3
2022-05-23 00:00:00+00:00,0.0015853569555277502,1.0232105380372059,1.0140635026070988,0.036794460692902826,3
2022-05-24 00:00:00+00:00,-0.000380559651033896,1.0228211453919163,1.0140567295285838,0.03718255108480014,3
2022-05-25 00:00:00+00:00,0.0005837956669207944,1.023418263944631,1.014063879985915,0.036584388526987255,3
2022-05-26 00:00:00+00:00,0.002025065877101051,1.0254907533489472,1.014065093916734,0.03449066293846185,3
2022-05-27 00:00:00+00:00,0.0011072798769413694,1.02662625862412,1.014070860905989,0.03335207661670231,3
2022-05-28 00:00:00+00:00,-0.0011172795618190623,1.0254792300877325,1.0140777272765449,0.03451460692993806,3
2022-05-29 00:00:00+00:00,-0.00046553785867609054,1.0250018306828406,1.0140846161318346,0.035003157777360835,3
2022-05-30 00:00:00+00:00,-0.0029361083045098546,1.0219923142956349,1.014093663405038,0.038059840487833924,3
2022-05-31 00:00:00+00:00,0.0006418196787465469,1.0226482490744775,1.0141048900975205,0.03740499864948012,3
2022-06-01 00:00:00+00:00,0.0027300803830705433,1.0254401609980572,1.0141161841459438,0.03459152454673069,3
2022-06-02 00:00:00+00:00,-0.0005338717176376351,1.0248927074979706,1.014115793574496,0.0351437776515528,3
2022-06-03 00:00:00+00:00,0.0011887601975577589,1.0261110591554115,1.0141193175955638,0.033918135353964894,3
2022-06-04 00:00:00+00:00,-0.00041999487746291475,1.025680097766858,1.0141238514807247,0.034356978499506516,3
2022-06-05 00:00:00+00:00,1.855866365740866e-05,1.0256991330188125,1.0141267569363026,0.03434061523119668,3
2022-06-06 00:00:00+00:00,-0.001608157374564212,1.0240496473939642,1.014136274241477,0.03601597080166259,3
2022-06-07 00:00:00+00:00,0.0008946174706949694,1.0249657800993819,1.0141370281138402,0.035090696748385206,3
2022-06-08 00:00:00+00:00,0.0006889301221142397,1.0256719098994287,1.0141455994119197,0.034386439293662974,3
2022-06-09 00:00:00+00:00,-6.110790326452342e-05,1.0256092332395774,1.0141539201216585,0.03445776528642739,3
2022-06-10 00:00:00+00:00,0.0019160268806208691,1.0275743280994774,1.0141589696345625,0.032484420810029106,3
2022-06-11 00:00:00+00:00,0.0016429664125638954,1.0292625982069576,1.016279637804995,0.025687340700072656,3
2022-06-12 00:00:00+00:00,0.0017993242973328716,1.0311145754082474,1.0162756714047982,0.02384126460317435,3
2022-06-13 00:00:00+00:00,0.0035764347456814782,1.034802289402516,1.0232779106514067,0.00993351374677285,2
2022-06-14 00:00:00+00:00,0.0002030516119155834,1.035012407675393,1.0232224723888363,0.033667777143687926,3
2022-06-15 00:00:00+00:00,-0.0012589860305816103,1.033709341512651,1.0232179917078121,0.03496645634583588,3
2022-06-16 00:00:00+00:00,0.0037933145997837148,1.0376305262497438,1.0232157446142292,0.031053173474055694,3
2022-06-17 00:00:00+00:00,-0.0002497292714876975,1.03737139953435,1.0232101503513413,0.031305329220269885,3
2022-06-18 00:00:00+00:00,0.0021691499677893855,1.0396216136722356,1.0310412664457727,0.020007614467302016,2
2022-06-19 00:00:00+00:00,-0.003166270936358795,1.0363298899720548,1.0309945053848992,0.0395030401449195,3
2022-06-20 00:00:00+00:00,-0.00026573803224061443,1.0360544977063415,1.0309878137240474,0.03977289027076549,3
2022-06-21 00:00:00+00:00,-0.0005595355160434856,1.0354747884183182,1.0309853037395094,0.04035258185196147,3
2022-06-22 00:00:00+00:00,0.0013782459952382808,1.036901927398626,1.030969348079915,0.03890530574728303,3
2022-06-23 00:00:00+00:00,-0.0026664758237613384,1.034137053477606,1.030959991753075,0.04167388061828472,3
2022-06-24 00:00:00+00:00,-0.0014842307238314145,1.032602155490182,1.027281468957477,0.023300366945839833,2
2022-06-25 00:00:00+00:00,-0.0002491917941969124,1.032344839506364,1.0272862011262183,0.023560012462672666,2
2022-06-26 00:00:00+00:00,0.0007411349979462578,1.0331099463968714,1.0272910858781865,0.02280670632218965,2
2022-06-27 00:00:00+00:00,0.0003632692413488847,1.033485243463329,1.027293351387137,0.022437479136896945,2
2022-06-28 00:00:00+00:00,0.0007812124061385983,1.0342926149570837,1.027291223402523,0.021637304362904484,2
2022-06-29 00:00:00+00:00,0.00029747296311088967,1.0346002890459787,1.0272944237814448,0.021336578612899025,2
2022-06-30 00:00:00+00:00,0.00019087644235149526,1.0347977698684077,1.0272904908135136,0.02113786601277557,2
2022-07-01 00:00:00+00:00,0.0006631580833238448,1.0354840043741014,1.0272870955884434,0.02045786008238544,2
2022-07-02 00:00:00+00:00,-3.5625826010132755e-05,1.0354471144011252,1.0272871167738675,0.020494236491940293,2
2022-07-03 00:00:00+00:00,-5.684121715010537e-05,1.035388258326848,1.0272895139117266,0.02055456113048931,2
2022-07-04 00:00:00+00:00,-0.0011916628486897674,1.0341544246054304,1.0272914393685215,0.021774030930026705,2
2022-07-05 00:00:00+00:00,0.00021400485007161407,1.034375738668019,1.027293491971327,0.02155739750500481,2
2022-07-06 00:00:00+00:00,-0.000523257018805845,1.0338344943026785,1.027298928180396,0.02209747272731307,2
2022-07-07 00:00:00+00:00,-0.0010760168776483559,1.0327220709381137,1.0273035903323045,0.023202965960740157,2
2022-07-08 00:00:00+00:00,-0.0007312648362099994,1.0319668776020587,1.0272639930201786,0.004662446543979677,1
2022-07-09 00:00:00+00:00,1.0786145662189384e-05,1.031978008547119,1.0272650210982532,0.0046526064462857316,1
2022-07-10 00:00:00+00:00,0.00016271560274971897,1.0321459274708042,1.027266242716673,0.004490343958516645,1
2022-07-11 00:00:00+00:00,0.0004061306350848781,1.0325651135518283,1.0272674226761604,0.004083698018505474,1
2022-07-12 00:00:00+00:00,9.039139135635921e-05,1.0326584485491084,1.027267306153822,0.0039928328619827725,1
2022-07-13 00:00:00+00:00,-0.0002800892166359148,1.0323692120532018,1.02726600136701,0.00427285533718377,1
2022-07-14 00:00:00+00:00,-0.00026740612238973505,1.032093150205332,1.0272665055028762,0.004541964337684843,1
2022-07-15 00:00:00+00:00,-2.710191308397114e-05,1.0320651785064807,1.0272675795466089,0.004570230758886049,1
2022-07-16 00:00:00+00:00,-0.0002706206120188792,1.0317858803962299,1.0272686359952135,0.004843185662631757,1
2022-07-17 00:00:00+00:00,0.00012262990160127885,1.0319124081972164,1.027270140817251,0.004721435235383608,1
2022-07-18 00:00:00+00:00,-0.000604516018675394,1.0312886006165913,1.027271448131371,0.005330440475488877,1
2022-07-19 00:00:00+00:00,-1.0660880951030016e-05,1.031277606171594,1.031277606171594,0.0,0
2022-07-20 00:00:00+00:00,0.0,1.031277606171594,1.031277606171594,0.0,0
2022-07-21 00:00:00+00:00,0.0,1.031277606171594,1.031277606171594,0.0,0
2022-07-22 00:00:00+00:00,0.0,1.031277606171594,1.031277606171594,0.0,0
2022-07-23 00:00:00+00:00,0.0,1.031277606171594,1.031277606171594,0.0,0
2022-07-24 00:00:00+00:00,0.0,1.031277606171594,1.031277606171594,0.0,0
2022-07-25 00:00:00+00:00,0.0,1.031277606171594,1.031277606171594,0.0,0
2022-07-26 00:00:00+00:00,0.0,1.031277606171594,1.031277606171594,0.0,0
2022-07-27 00:00:00+00:00,0.0,1.031277606171594,1.031277606171594,0.0,0
2022-07-28 00:00:00+00:00,0.0,1.031277606171594,1.031277606171594,0.0,0
2022-07-29 00:00:00+00:00,0.0,1.031277606171594,1.031277606171594,0.0,0
2022-07-30 00:00:00+00:00,0.0,1.031277606171594,1.031277606171594,0.0,0
2022-07-31 00:00:00+00:00,0.0,1.031277606171594,1.031277606171594,0.0,0
2022-08-01 00:00:00+00:00,0.0,1.031277606171594,1.031277606171594,0.0,0
2022-08-02 00:00:00+00:00,0.0,1.031277606171594,1.031277606171594,0.0,0
2022-08-03 00:00:00+00:00,0.0,1.031277606171594,1.031277606171594,0.0,0
2022-08-04 00:00:00+00:00,0.0,1.031277606171594,1.031277606171594,0.0,0
2022-08-05 00:00:00+00:00,0.0,1.031277606171594,1.031277606171594,0.0,0
2022-08-06 00:00:00+00:00,0.0,1.031277606171594,1.031277606171594,0.0,0
2022-08-07 00:00:00+00:00,0.0,1.031277606171594,1.031277606171594,0.0,0
2022-08-08 00:00:00+00:00,0.0,1.031277606171594,1.031277606171594,0.0,0
2022-08-09 00:00:00+00:00,0.0,1.031277606171594,1.031277606171594,0.0,0
2022-08-10 00:00:00+00:00,0.0,1.031277606171594,1.031277606171594,0.0,0
2022-08-11 00:00:00+00:00,0.0,1.031277606171594,1.031277606171594,0.0,0
2022-08-12 00:00:00+00:00,0.0,1.031277606171594,1.031277606171594,0.0,0
2022-08-13 00:00:00+00:00,0.0,1.031277606171594,1.031277606171594,0.0,0
2022-08-14 00:00:00+00:00,0.0,1.031277606171594,1.031277606171594,0.0,0
2022-08-15 00:00:00+00:00,0.0,1.031277606171594,1.031277606171594,0.0,0
2022-08-16 00:00:00+00:00,0.0,1.031277606171594,1.031277606171594,0.0,0
2022-08-17 00:00:00+00:00,0.0,1.031277606171594,1.031277606171594,0.0,0
2022-08-18 00:00:00+00:00,0.0,1.031277606171594,1.031277606171594,0.0,0
2022-08-19 00:00:00+00:00,0.0,1.031277606171594,1.031277606171594,0.0,0
2022-08-20 00:00:00+00:00,0.0,1.031277606171594,1.031277606171594,0.0,0
2022-08-21 00:00:00+00:00,0.0,1.031277606171594,1.031277606171594,0.0,0
2022-08-22 00:00:00+00:00,0.0,1.031277606171594,1.031277606171594,0.0,0
2022-08-23 00:00:00+00:00,0.0,1.031277606171594,1.031277606171594,0.0,0
2022-08-24 00:00:00+00:00,0.0,1.031277606171594,1.031277606171594,0.0,0
2022-08-25 00:00:00+00:00,0.0,1.031277606171594,1.031277606171594,0.0,0
2022-08-26 00:00:00+00:00,0.0,1.031277606171594,1.031277606171594,0.0,0
2022-08-27 00:00:00+00:00,4.5293988765626736e-05,1.0313243168479023,1.0312210743734245,0.01751867258285575,1
2022-08-28 00:00:00+00:00,0.0006064540572499055,1.031949767664195,1.031204127570745,0.016885546138611793,1
2022-08-29 00:00:00+00:00,-0.001129924127380777,1.0307837427234663,1.0311909769283505,0.01802309150110615,1
2022-08-30 00:00:00+00:00,0.0005108824873660822,1.0313103520858853,1.031189902532328,0.01750222512360952,1
2022-08-31 00:00:00+00:00,6.780822898955208e-06,1.0313173452187367,1.0311911599721528,0.017496544923970507,1
2022-09-01 00:00:00+00:00,-7.388738999036804e-05,1.0312411438718467,1.031189522634608,0.017570142908384864,1
2022-09-02 00:00:00+00:00,0.0002153848599573127,1.0314632576012017,1.0311936800289545,0.01735505148041573,1
2022-09-03 00:00:00+00:00,5.54276252668906e-05,1.0315204291601205,1.0311877589645813,0.017292924898305913,1
2022-09-04 00:00:00+00:00,-0.0005811540449269792,1.0309209568902893,1.0311905344625365,0.01788716482779114,1
2022-09-05 00:00:00+00:00,3.5616427438434073e-06,1.030924628662435,1.0311942062346822,0.017887101120327226,1
2022-09-06 00:00:00+00:00,0.0007174827856555321,1.0316642993368086,1.031199708201659,0.01716264135950617,1
2022-09-07 00:00:00+00:00,-0.0021315921743149113,1.0294652117898222,1.031111710993687,0.057965086752852044,2
2022-09-08 00:00:00+00:00,-0.0005492567639817647,1.0288997710589627,1.0311212766810731,0.05855579758432405,2
2022-09-09 00:00:00+00:00,-0.0030897001368785926,1.0257207792954874,1.027430015817396,0.019381407134635938,1
2022-09-10 00:00:00+00:00,-0.00020111257469090926,1.0255144939486494,1.0274359511125397,0.01959224641925918,1
2022-09-11 00:00:00+00:00,3.840137436172952e-05,1.025553875114645,1.027440918120376,0.019557937423387305,1
2022-09-12 00:00:00+00:00,-0.0017195938862550886,1.0237903389409726,1.0237903389409726,0.0,0
2022-09-13 00:00:00+00:00,0.0,1.0237903389409726,1.0237903389409726,0.0,0
2022-09-14 00:00:00+00:00,0.0,1.0237903389409726,1.0237903389409726,0.0,0
2022-09-15 00:00:00+00:00,0.0,1.0237903389409726,1.0237903389409726,0.0,0
2022-09-16 00:00:00+00:00,0.0,1.0237903389409726,1.0237903389409726,0.0,0
2022-09-17 00:00:00+00:00,0.0,1.0237903389409726,1.0237903389409726,0.0,0
2022-09-18 00:00:00+00:00,0.0,1.0237903389409726,1.0237903389409726,0.0,0
2022-09-19 00:00:00+00:00,-0.0007241547335660181,1.0230489563208494,1.0237411251523079,0.022487883973620747,1
2022-09-20 00:00:00+00:00,0.0008612357507398194,1.0239300426567899,1.0237359609926633,0.021602995138317652,1
2022-09-21 00:00:00+00:00,0.0012697271769541718,1.025230154459251,1.023732881345226,0.020304479138709332,1
2022-09-22 00:00:00+00:00,-0.0013431980247751163,1.0238530673408415,1.023720054476203,0.021664265352633896,1
2022-09-23 00:00:00+00:00,-1.696017061980637e-05,1.0238357026181297,1.0237175805018595,0.021679176868504943,1
2022-09-24 00:00:00+00:00,0.00016995564559763032,1.0240097092759541,1.0237170809737495,0.02150507841471992,1
2022-09-25 00:00:00+00:00,0.0003619115100157444,1.024380310176109,1.0237162497235932,0.021134706251217047,1
2022-09-26 00:00:00+00:00,-0.0006719926234540763,1.0236919341640591,1.023718202113428,0.021823269873890775,1
2022-09-27 00:00:00+00:00,0.00013290301597668197,1.0238279859095405,1.0237194005646972,0.02168865508501281,1
2022-09-28 00:00:00+00:00,-0.00015335934802052087,1.0236709723171362,1.0237169830564765,0.02184300301721536,1
2022-09-29 00:00:00+00:00,3.0577457541314246e-05,1.0237022735728285,1.0237210124921234,0.02181569475172686,1
2022-09-30 00:00:00+00:00,0.00011876728467985487,1.0238238559121813,1.0237251419623237,0.021698384267446347,1
2022-10-01 00:00:00+00:00,0.00027352011427406175,1.0241038923302468,1.0237296158796854,0.021423374241001544,1
2022-10-02 00:00:00+00:00,0.0005782718140090459,1.0246961027457984,1.023730379154989,0.02083380013801547,1
2022-10-03 00:00:00+00:00,-0.0007615812986980774,1.0239157133570984,1.0237301645937222,0.021611631060617323,1
2022-10-04 00:00:00+00:00,-0.0006185281891658567,1.0232823926250572,1.023734970988387,0.022248614776361454,1
2022-10-05 00:00:00+00:00,0.0001489415549424944,1.02343480189576,1.0237347919162592,0.02209620718020207,1
2022-10-06 00:00:00+00:00,3.2367669264843357e-06,1.0234381145156781,1.0237362641066037,0.022094337378909257,1
2022-10-07 00:00:00+00:00,0.0003460608003411636,1.023792286328687,1.0237375753768168,0.021742033753321455,1
2022-10-08 00:00:00+00:00,0.0002608219661608402,1.0240593138457477,1.0237424253355272,0.021480346489687323,1
2022-10-09 00:00:00+00:00,-0.00012847074532895686,1.0239277521824368,1.0237425380426195,0.021611703765851715,1
2022-10-10 00:00:00+00:00,0.0005421711289026465,1.0244828962477524,1.0237447166769535,0.02106024210442466,1
2022-10-11 00:00:00+00:00,0.0001645303208406279,1.0246514547473677,1.0237479711385025,0.020895450535452807,1
2022-10-12 00:00:00+00:00,-0.000232488927769392,1.0244132346293162,1.0237496761121385,0.021134516959140176,1
2022-10-13 00:00:00+00:00,0.00012055349051420805,1.0245367312204798,1.0237453465038255,0.021007204549245952,1
2022-10-14 00:00:00+00:00,-0.00014214591864258885,1.0243910975056374,1.0237497914551226,0.021156696304640083,1
2022-10-15 00:00:00+00:00,0.000347556887808409,1.024747131687385,1.023750790040942,0.02080288404035158,1
2022-10-16 00:00:00+00:00,-0.0005124287994953125,1.0242220217449083,1.0237507044622836,0.021326157465138013,1
2022-10-17 00:00:00+00:00,-0.00040803676090295227,1.02380410150871,1.0237529041042077,0.021745214695183424,1
2022-10-18 00:00:00+00:00,0.0003425392715232789,1.0241547946198233,1.023757429143702,0.02139976499317472,1
2022-10-19 00:00:00+00:00,0.0004206847230656674,1.0245856408959744,1.0237619650058922,0.02097468542380088,1
2022-10-20 00:00:00+00:00,3.714637752771921e-05,1.0246237005410006,1.023762379500549,0.020937165854976878,1
2022-10-21 00:00:00+00:00,-0.0002725852435522258,1.0243444032400393,1.0237655044832479,0.02121858485493565,1
2022-10-22 00:00:00+00:00,-0.00023089100253337325,1.0241078913338357,1.023765069497805,0.021454004746484255,1
2022-10-23 00:00:00+00:00,-0.0008180820047888337,1.0232700870969733,1.0237680069525257,0.02229319271697736,1
2022-10-24 00:00:00+00:00,0.00034245007235367275,1.0236205060123371,1.0237717558609323,0.021946890585194164,1
2022-10-25 00:00:00+00:00,-0.0019038831797437705,1.0216716521484994,1.0237717496037728,0.023896263346008445,1
2022-10-26 00:00:00+00:00,-4.762843639682934e-05,1.0216229915251966,1.0216229915251966,0.0,0
2022-10-27 00:00:00+00:00,0.0,1.0216229915251966,1.0216229915251966,0.0,0
2022-10-28 00:00:00+00:00,0.0,1.0216229915251966,1.0216229915251966,0.0,0
2022-10-29 00:00:00+00:00,0.0,1.0216229915251966,1.0216229915251966,0.0,0
2022-10-30 00:00:00+00:00,0.0,1.0216229915251966,1.0216229915251966,0.0,0
2022-10-31 00:00:00+00:00,0.0,1.0216229915251966,1.0216229915251966,0.0,0
2022-11-01 00:00:00+00:00,0.0,1.0216229915251966,1.0216229915251966,0.0,0
2022-11-02 00:00:00+00:00,0.0,1.0216229915251966,1.0216229915251966,0.0,0
2022-11-03 00:00:00+00:00,0.0,1.0216229915251966,1.0216229915251966,0.0,0
2022-11-04 00:00:00+00:00,0.0,1.0216229915251966,1.0216229915251966,0.0,0
2022-11-05 00:00:00+00:00,0.0,1.0216229915251966,1.0216229915251966,0.0,0
2022-11-06 00:00:00+00:00,0.0,1.0216229915251966,1.0216229915251966,0.0,0
2022-11-07 00:00:00+00:00,0.0,1.0216229915251966,1.0216229915251966,0.0,0
2022-11-08 00:00:00+00:00,0.0,1.0216229915251966,1.0216229915251966,0.0,0
2022-11-09 00:00:00+00:00,0.0,1.0216229915251966,1.0216229915251966,0.0,0
2022-11-10 00:00:00+00:00,-0.007298523465365303,1.0141666521487933,1.0141666521487933,0.0,0
2022-11-11 00:00:00+00:00,0.0,1.0141666521487933,1.0141666521487933,0.0,0
2022-11-12 00:00:00+00:00,0.0,1.0141666521487933,1.0141666521487933,0.0,0
2022-11-13 00:00:00+00:00,0.0,1.0141666521487933,1.0141666521487933,0.0,0
2022-11-14 00:00:00+00:00,0.0,1.0141666521487933,1.0141666521487933,0.0,0
2022-11-15 00:00:00+00:00,0.0,1.0141666521487933,1.0141666521487933,0.0,0
2022-11-16 00:00:00+00:00,0.0,1.0141666521487933,1.0141666521487933,0.0,0
2022-11-17 00:00:00+00:00,0.0,1.0141666521487933,1.0141666521487933,0.0,0
2022-11-18 00:00:00+00:00,0.0,1.0141666521487933,1.0141666521487933,0.0,0
2022-11-19 00:00:00+00:00,0.0,1.0141666521487933,1.0141666521487933,0.0,0
2022-11-20 00:00:00+00:00,0.0,1.0141666521487933,1.0141666521487933,0.0,0
2022-11-21 00:00:00+00:00,0.0,1.0141666521487933,1.0141666521487933,0.0,0
2022-11-22 00:00:00+00:00,-0.0009168770524671244,1.0132367860180607,1.0141294222959567,0.01850949996751952,1
2022-11-23 00:00:00+00:00,-0.002230851746070517,1.0109764049647894,1.014110831485124,0.020768334846608765,1
2022-11-24 00:00:00+00:00,-0.0001592562632789507,1.0108154006402714,1.0140461953009305,0.02086697989295912,1
2022-11-25 00:00:00+00:00,-0.00039751458362735637,1.0104135867771618,1.0104135867771618,0.0,0
2022-11-26 00:00:00+00:00,0.0,1.0104135867771618,1.0104135867771618,0.0,0
2022-11-27 00:00:00+00:00,0.0,1.0104135867771618,1.0104135867771618,0.0,0
2022-11-28 00:00:00+00:00,0.0,1.0104135867771618,1.0104135867771618,0.0,0
2022-11-29 00:00:00+00:00,0.0,1.0104135867771618,1.0104135867771618,0.0,0
2022-11-30 00:00:00+00:00,0.0,1.0104135867771618,1.0104135867771618,0.0,0
2022-12-01 00:00:00+00:00,0.0,1.0104135867771618,1.0104135867771618,0.0,0
2022-12-02 00:00:00+00:00,0.0,1.0104135867771618,1.0104135867771618,0.0,0
2022-12-03 00:00:00+00:00,0.0,1.0104135867771618,1.0104135867771618,0.0,0
2022-12-04 00:00:00+00:00,0.0,1.0104135867771618,1.0104135867771618,0.0,0
2022-12-05 00:00:00+00:00,0.0,1.0104135867771618,1.0104135867771618,0.0,0
2022-12-06 00:00:00+00:00,0.0,1.0104135867771618,1.0104135867771618,0.0,0
2022-12-07 00:00:00+00:00,0.0,1.0104135867771618,1.0104135867771618,0.0,0
2022-12-08 00:00:00+00:00,0.0,1.0104135867771618,1.0104135867771618,0.0,0
2022-12-09 00:00:00+00:00,0.0,1.0104135867771618,1.0104135867771618,0.0,0
2022-12-10 00:00:00+00:00,0.0,1.0104135867771618,1.0104135867771618,0.0,0
2022-12-11 00:00:00+00:00,0.0,1.0104135867771618,1.0104135867771618,0.0,0
2022-12-12 00:00:00+00:00,0.0,1.0104135867771618,1.0104135867771618,0.0,0
2022-12-13 00:00:00+00:00,0.0,1.0104135867771618,1.0104135867771618,0.0,0
2022-12-14 00:00:00+00:00,0.0,1.0104135867771618,1.0104135867771618,0.0,0
2022-12-15 00:00:00+00:00,0.0,1.0104135867771618,1.0104135867771618,0.0,0
2022-12-16 00:00:00+00:00,0.0,1.0104135867771618,1.0104135867771618,0.0,0
2022-12-17 00:00:00+00:00,-0.0016252460418891834,1.008771416094581,1.0102658998174785,0.032499996162172126,1
2022-12-18 00:00:00+00:00,-0.0012706294625340897,1.007489641412329,1.0102087338482721,0.03375684916914155,1
2022-12-19 00:00:00+00:00,0.0013584468355392065,1.0088582625275442,1.0101466105645247,0.032292872721331814,1
2022-12-20 00:00:00+00:00,-0.0014713811981724723,1.0073738474484402,1.0101349807150637,0.03380246249350023,1
2022-12-21 00:00:00+00:00,0.000660706899126895,1.0080394262994494,1.0101197693402157,0.03310478300631333,1
2022-12-22 00:00:00+00:00,2.6052512922314364e-05,1.0080656882596293,1.0100944973789165,0.03305279897532944,1
2022-12-23 00:00:00+00:00,-4.247125639811333e-05,1.008022874443317,1.0100869436141426,0.033089182244927955,1
2022-12-24 00:00:00+00:00,0.0002056319221399594,1.00823015612455,1.0100718157395179,0.032861785419122526,1
2022-12-25 00:00:00+00:00,0.00013794434418934465,1.0083692357722285,1.0100481566877884,0.03269586494177069,1
2022-12-26 00:00:00+00:00,-0.0001563765027271513,1.0082115505176807,1.0100464293535067,0.03285566630088954,1
2022-12-27 00:00:00+00:00,-0.0003039949473511161,1.0079050593004624,1.0100464293535067,0.033169744683029335,1
2022-12-28 00:00:00+00:00,0.00027788663389860524,1.0081851426446808,1.0100417199737612,0.03287804923489928,1
2022-12-29 00:00:00+00:00,-0.0002311595864242788,1.007952090984068,1.0100392148039765,0.03311437869631984,1
2022-12-30 00:00:00+00:00,4.5596761565569466e-05,1.0079980503352302,1.0100336402336594,0.03306174383574586,1
2022-12-31 00:00:00+00:00,-0.00011600267262168451,1.0078811198673938,1.0078811198673938,0.0,0
2023-01-01 00:00:00+00:00,0.0,1.0,1.0,0.0,0
2023-01-02 00:00:00+00:00,0.0,1.0,1.0,0.0,0
2023-01-03 00:00:00+00:00,0.0,1.0,1.0,0.0,0
2023-01-04 00:00:00+00:00,0.0,1.0,1.0,0.0,0
2023-01-05 00:00:00+00:00,0.0,1.0,1.0,0.0,0
2023-01-06 00:00:00+00:00,0.0,1.0,1.0,0.0,0
2023-01-07 00:00:00+00:00,0.0,1.0,1.0,0.0,0
2023-01-08 00:00:00+00:00,0.0,1.0,1.0,0.0,0
2023-01-09 00:00:00+00:00,0.0,1.0,1.0,0.0,0
2023-01-10 00:00:00+00:00,0.0,1.0,1.0,0.0,0
2023-01-11 00:00:00+00:00,0.0,1.0,1.0,0.0,0
2023-01-12 00:00:00+00:00,0.0,1.0,1.0,0.0,0
2023-01-13 00:00:00+00:00,0.0,1.0,1.0,0.0,0
2023-01-14 00:00:00+00:00,0.014605374327254284,1.0146053743272543,1.0110925984657626,0.014026163033022105,1
2023-01-15 00:00:00+00:00,-0.0013620390313298092,1.0132234422060236,1.0107171515620397,0.15598548438185422,3
2023-01-16 00:00:00+00:00,0.0024721141560173354,1.0157282462207098,1.0106610919886052,0.1581220307747333,3
2023-01-17 00:00:00+00:00,-0.001138052606453277,1.01457229404265,1.010612723565923,0.15721051145281356,3
2023-01-18 00:00:00+00:00,-0.004853875244022254,1.0096476867013255,1.0122912291428516,0.14082147037405435,2
2023-01-19 00:00:00+00:00,0.00302885913725337,1.0127057673225976,1.0122482922051352,0.1434583410580623,2
2023-01-20 00:00:00+00:00,0.00962165671207793,1.0224496745661171,1.0156401342892085,0.09521272979431927,2
2023-01-21 00:00:00+00:00,-0.0015259218154889398,1.020889496302457,1.0155607848674386,0.1135380609810469,3
2023-01-22 00:00:00+00:00,-0.0004549412390638663,1.020425051570062,1.0155258859772605,0.11316878967857517,3
2023-01-23 00:00:00+00:00,0.00045623904583735886,1.0208906093219388,1.015491016676349,0.11360736795659503,3
2023-01-24 00:00:00+00:00,-0.004246910068378962,1.0165549787144958,1.0153588484657592,0.0624005208859495,2
2023-01-25 00:00:00+00:00,0.002203631625709912,1.018795091414864,1.0153413333912378,0.06447929373575012,2
2023-01-26 00:00:00+00:00,-0.0002809664886840313,1.0185088441353407,1.0153217052973613,0.06423564129752313,2
2023-01-27 00:00:00+00:00,0.0001856801437107869,1.0186979610038904,1.0153023585121228,0.06442835358121449,2
2023-01-28 00:00:00+00:00,-0.000461298545291533,1.0182280371163879,1.0152821429331158,0.06401643024888982,2
2023-01-29 00:00:00+00:00,0.0030234279333338776,1.0213065762063094,1.0152623825431975,0.06685712712141781,2
2023-01-30 00:00:00+00:00,-0.003482404575367748,1.0177499735124753,1.0152339644247932,0.06362411270467264,2
2023-01-31 00:00:00+00:00,0.000539206809013093,1.0182987512280661,1.0152144263472953,0.06414792783968956,2
2023-02-01 00:00:00+00:00,0.002034903721456427,1.0203708911464946,1.0151949835066498,0.06606748404626857,2
2023-02-02 00:00:00+00:00,-0.0010260917642835876,1.0193238969785745,1.0151715633726435,0.0651311754143833,2
2023-02-03 00:00:00+00:00,0.00013012756012953375,1.0194565391102701,1.0151528277255988,0.06527118985866548,2
2023-02-04 00:00:00+00:00,-0.0005023824321761516,1.018944382054654,1.015132899469583,0.06482092023917906,2
2023-02-05 00:00:00+00:00,-0.001446040620952438,1.0174709470877117,1.0151221735214693,0.06347719675275208,2
2023-02-06 00:00:00+00:00,-0.0009957869059922242,1.0164577628413742,1.0151053878291374,0.06256020394466073,2
2023-02-07 00:00:00+00:00,0.0018429374241670793,1.0183310308925997,1.0150912287925993,0.06429857290596436,2
2023-02-08 00:00:00+00:00,-0.0010352784803790982,1.0172767746904143,1.015073771999361,0.06334601774715405,2
2023-02-09 00:00:00+00:00,-0.004070515392273766,1.0131359339208343,1.0131359339208343,0.0,0
2023-02-10 00:00:00+00:00,0.0,1.0131359339208343,1.0131359339208343,0.0,0
2023-02-11 00:00:00+00:00,0.0,1.0131359339208343,1.0131359339208343,0.0,0
2023-02-12 00:00:00+00:00,0.0,1.0131359339208343,1.0131359339208343,0.0,0
2023-02-13 00:00:00+00:00,0.0,1.0131359339208343,1.0131359339208343,0.0,0
2023-02-14 00:00:00+00:00,0.0,1.0131359339208343,1.0131359339208343,0.0,0
2023-02-15 00:00:00+00:00,0.0,1.0131359339208343,1.0131359339208343,0.0,0
2023-02-16 00:00:00+00:00,-0.0018742158608903159,1.011237098484242,1.01300566549956,0.05104330357223971,1
2023-02-17 00:00:00+00:00,0.002273242790319596,1.013535885927675,1.012990023784751,0.05321105262131067,1
2023-02-18 00:00:00+00:00,0.0001039535055065155,1.0136412465359739,1.012973837919103,0.05332543246276912,1
2023-02-19 00:00:00+00:00,-0.0008190603010462816,1.0128110132314332,1.0129575710736651,0.05256547438664422,1
2023-02-20 00:00:00+00:00,0.0012491097898905679,1.0140761253833697,1.0129413990959084,0.05376339521217908,1
2023-02-21 00:00:00+00:00,-0.0008955716326026764,1.0131679475721767,1.0129250740222502,0.05293132584305937,1
2023-02-22 00:00:00+00:00,-0.0006048598989399911,1.0125551229097989,1.0129092312292038,0.05237378163171797,1
2023-02-23 00:00:00+00:00,-0.0005344148959857131,1.0120139983691092,1.0129001467594914,0.051876061903276295,1
2023-02-24 00:00:00+00:00,-0.0016407784765979372,1.0103535075825694,1.0128921614635078,0.05032574732924972,1
2023-02-25 00:00:00+00:00,-0.0010965344245605912,1.0092456201805295,1.0092456201805295,0.0,0
2023-02-26 00:00:00+00:00,0.0,1.0092456201805295,1.0092456201805295,0.0,0
2023-02-27 00:00:00+00:00,0.0,1.0092456201805295,1.0092456201805295,0.0,0
2023-02-28 00:00:00+00:00,0.0,1.0092456201805295,1.0092456201805295,0.0,0
2023-03-01 00:00:00+00:00,0.0,1.0092456201805295,1.0092456201805295,0.0,0
2023-03-02 00:00:00+00:00,0.0,1.0092456201805295,1.0092456201805295,0.0,0
2023-03-03 00:00:00+00:00,0.0,1.0092456201805295,1.0092456201805295,0.0,0
2023-03-04 00:00:00+00:00,0.0,1.0092456201805295,1.0092456201805295,0.0,0
2023-03-05 00:00:00+00:00,0.0,1.0092456201805295,1.0092456201805295,0.0,0
2023-03-06 00:00:00+00:00,0.0,1.0092456201805295,1.0092456201805295,0.0,0
2023-03-07 00:00:00+00:00,0.0,1.0092456201805295,1.0092456201805295,0.0,0
2023-03-08 00:00:00+00:00,0.0,1.0092456201805295,1.0092456201805295,0.0,0
2023-03-09 00:00:00+00:00,0.0,1.0092456201805295,1.0092456201805295,0.0,0
2023-03-10 00:00:00+00:00,0.0,1.0092456201805295,1.0092456201805295,0.0,0
2023-03-11 00:00:00+00:00,0.0,1.0092456201805295,1.0092456201805295,0.0,0
2023-03-12 00:00:00+00:00,0.0,1.0092456201805295,1.0092456201805295,0.0,0
2023-03-13 00:00:00+00:00,0.0,1.0092456201805295,1.0092456201805295,0.0,0
2023-03-14 00:00:00+00:00,0.0,1.0092456201805295,1.0092456201805295,0.0,0
2023-03-15 00:00:00+00:00,0.0,1.0092456201805295,1.0092456201805295,0.0,0
2023-03-16 00:00:00+00:00,0.0,1.0092456201805295,1.0092456201805295,0.0,0
2023-03-17 00:00:00+00:00,0.0,1.0092456201805295,1.0092456201805295,0.0,0
2023-03-18 00:00:00+00:00,-0.002580883799472966,1.0066408745097166,1.0091105974124843,0.12376933734118449,3
2023-03-19 00:00:00+00:00,0.0029001011497280516,1.0095602348672454,1.0093004767488196,0.12611506535472228,3
2023-03-20 00:00:00+00:00,-0.0017236283110056982,1.0078201282647627,1.0095027384155606,0.12440551961039027,3
2023-03-21 00:00:00+00:00,0.0025263723776838276,1.0103662571984846,1.0096500211103414,0.12646625128181335,3
2023-03-22 00:00:00+00:00,-0.00439619356673604,1.0059244915585415,1.0098146203138103,0.12244544114367928,3
2023-03-23 00:00:00+00:00,0.004387117800604967,1.0103376008015224,1.0098130835877217,0.12628008102833163,3
2023-03-24 00:00:00+00:00,-0.0036314377773651874,1.0066686226700792,1.0098211716120102,0.12308762302613636,3
2023-03-25 00:00:00+00:00,-0.00010063315666530848,1.006567318428864,1.0098313028348374,0.12298930256214277,3
2023-03-26 00:00:00+00:00,0.0022927024504704185,1.0088750777863893,1.0098333068601673,0.12499344129334082,3
2023-03-27 00:00:00+00:00,-0.004632975287640173,1.004200984482689,1.0062245458675694,0.07718743991375598,2
2023-03-28 00:00:00+00:00,0.0014411163532419557,1.0056481549433687,1.0062184153333538,0.07852150253329324,2
2023-03-29 00:00:00+00:00,0.0020210919681078465,1.007680662352067,1.0061980358236013,0.08040036302307446,2
2023-03-30 00:00:00+00:00,-0.00047031142562459216,1.007206738623182,1.0061879084683751,0.07997771619448671,2
2023-03-31 00:00:00+00:00,0.0012383675325804422,1.0084540307468892,1.0061727063176988,0.08113070746969728,2
2023-04-01 00:00:00+00:00,-6.004110948854002e-05,1.008393482048015,1.0061501183772192,0.08109793415232967,2
2023-04-02 00:00:00+00:00,-0.0009925700644640711,1.0073925808645334,1.00613847954084,0.08019650669884179,2
2023-04-03 00:00:00+00:00,-0.00021042922964376043,1.0071805960197933,1.0061379590073016,0.08000342924287307,2
2023-04-04 00:00:00+00:00,0.0018179399116831085,1.0090115898235705,1.0061337729099478,0.08167704145400895,2
2023-04-05 00:00:00+00:00,0.0008021942110489899,1.0098210130798084,1.0061157937029395,0.08243092868405472,2
2023-04-06 00:00:00+00:00,-0.0009730220844338389,1.0088384349327564,1.0061102456313398,0.08154274360380843,2
2023-04-07 00:00:00+00:00,-0.00038199335441513327,1.0084530653549335,1.0061048556589194,0.08119710975658252,2
2023-04-08 00:00:00+00:00,-0.00027202825642336226,1.0081787376258802,1.0061004008651568,0.08095152005376002,2
2023-04-09 00:00:00+00:00,0.0007792426430970334,1.008964353490102,1.0060999478303616,0.08166757320086164,2
2023-04-10 00:00:00+00:00,0.0030458630303842327,1.0120375207133732,1.0067774160356908,0.0757100855136593,2
2023-04-11 00:00:00+00:00,0.00021777492233088225,1.0122579171058426,1.0067592239060381,0.07592930068466594,2
2023-04-12 00:00:00+00:00,0.00022201715153014057,1.0124826557252122,1.0067497695054533,0.07614375252986165,2
2023-04-13 00:00:00+00:00,0.0023133160552726295,1.0148248481083864,1.0074200176409192,0.0699953713477251,2
2023-04-14 00:00:00+00:00,0.0016697695997749396,1.0165193717888539,1.0094991516439598,0.058089139290172086,2
2023-04-15 00:00:00+00:00,-0.0003054385518731495,1.0162088875839836,1.0094874677252892,0.057812853056696,2
2023-04-16 00:00:00+00:00,0.00027685407474797863,1.0164902291553064,1.0094708539914454,0.05808997342457102,2
2023-04-17 00:00:00+00:00,-0.003219210805529893,1.0132179328258941,1.0092583889768962,0.1253668438296101,3
2023-04-18 00:00:00+00:00,0.001998539339375993,1.015242888724008,1.0092261839512122,0.1271430676416512,3
2023-04-19 00:00:00+00:00,-0.006216053856796244,1.00893208424997,1.0072471469408903,0.03407625325374885,1
2023-04-20 00:00:00+00:00,-0.0006750249849311052,1.0082510298850027,1.0072409271614473,0.033429959042099645,1
2023-04-21 00:00:00+00:00,-0.0010754501592098453,1.0071667061543894,1.0071667061543894,0.0,0
2023-04-22 00:00:00+00:00,0.0,1.0071667061543894,1.0071667061543894,0.0,0
2023-04-23 00:00:00+00:00,0.0,1.0071667061543894,1.0071667061543894,0.0,0
2023-04-24 00:00:00+00:00,0.0,1.0071667061543894,1.0071667061543894,0.0,0
2023-04-25 00:00:00+00:00,0.0,1.0071667061543894,1.0071667061543894,0.0,0
2023-04-26 00:00:00+00:00,0.0,1.0071667061543894,1.0071667061543894,0.0,0
2023-04-27 00:00:00+00:00,0.0,1.0071667061543894,1.0071667061543894,0.0,0
2023-04-28 00:00:00+00:00,0.0,1.0071667061543894,1.0071667061543894,0.0,0
2023-04-29 00:00:00+00:00,0.0,1.0071667061543894,1.0071667061543894,0.0,0
2023-04-30 00:00:00+00:00,0.0,1.0071667061543894,1.0071667061543894,0.0,0
2023-05-01 00:00:00+00:00,0.0,1.0071667061543894,1.0071667061543894,0.0,0
2023-05-02 00:00:00+00:00,0.0,1.0071667061543894,1.0071667061543894,0.0,0
2023-05-03 00:00:00+00:00,0.0,1.0071667061543894,1.0071667061543894,0.0,0
2023-05-04 00:00:00+00:00,0.0,1.0071667061543894,1.0071667061543894,0.0,0
2023-05-05 00:00:00+00:00,0.0,1.0071667061543894,1.0071667061543894,0.0,0
2023-05-06 00:00:00+00:00,0.0,1.0071667061543894,1.0071667061543894,0.0,0
2023-05-07 00:00:00+00:00,0.0,1.0071667061543894,1.0071667061543894,0.0,0
2023-05-08 00:00:00+00:00,0.0,1.0071667061543894,1.0071667061543894,0.0,0
2023-05-09 00:00:00+00:00,0.0,1.0071667061543894,1.0071667061543894,0.0,0
2023-05-10 00:00:00+00:00,0.0,1.0071667061543894,1.0071667061543894,0.0,0
2023-05-11 00:00:00+00:00,0.0,1.0071667061543894,1.0071667061543894,0.0,0
2023-05-12 00:00:00+00:00,0.0,1.0071667061543894,1.0071667061543894,0.0,0
2023-05-13 00:00:00+00:00,0.0,1.0071667061543894,1.0071667061543894,0.0,0
2023-05-14 00:00:00+00:00,0.0,1.0071667061543894,1.0071667061543894,0.0,0
2023-05-15 00:00:00+00:00,0.0,1.0071667061543894,1.0071667061543894,0.0,0
2023-05-16 00:00:00+00:00,0.0,1.0071667061543894,1.0071667061543894,0.0,0
2023-05-17 00:00:00+00:00,0.0,1.0071667061543894,1.0071667061543894,0.0,0
2023-05-18 00:00:00+00:00,0.0,1.0071667061543894,1.0071667061543894,0.0,0
2023-05-19 00:00:00+00:00,0.0,1.0071667061543894,1.0071667061543894,0.0,0
2023-05-20 00:00:00+00:00,0.0,1.0071667061543894,1.0071667061543894,0.0,0
2023-05-21 00:00:00+00:00,0.0,1.0071667061543894,1.0071667061543894,0.0,0
2023-05-22 00:00:00+00:00,0.0,1.0071667061543894,1.0071667061543894,0.0,0
2023-05-23 00:00:00+00:00,0.0,1.0071667061543894,1.0071667061543894,0.0,0
2023-05-24 00:00:00+00:00,0.0,1.0071667061543894,1.0071667061543894,0.0,0
2023-05-25 00:00:00+00:00,0.0,1.0071667061543894,1.0071667061543894,0.0,0
2023-05-26 00:00:00+00:00,0.0,1.0071667061543894,1.0071667061543894,0.0,0
2023-05-27 00:00:00+00:00,0.0,1.0071667061543894,1.0071667061543894,0.0,0
2023-05-28 00:00:00+00:00,0.0,1.0071667061543894,1.0071667061543894,0.0,0
2023-05-29 00:00:00+00:00,0.0,1.0071667061543894,1.0071667061543894,0.0,0
2023-05-30 00:00:00+00:00,0.0,1.0071667061543894,1.0071667061543894,0.0,0
2023-05-31 00:00:00+00:00,0.0,1.0071667061543894,1.0071667061543894,0.0,0
2023-06-01 00:00:00+00:00,0.0,1.0071667061543894,1.0071667061543894,0.0,0
2023-06-02 00:00:00+00:00,0.0,1.0071667061543894,1.0071667061543894,0.0,0
2023-06-03 00:00:00+00:00,0.0,1.0071667061543894,1.0071667061543894,0.0,0
2023-06-04 00:00:00+00:00,0.0,1.0071667061543894,1.0071667061543894,0.0,0
2023-06-05 00:00:00+00:00,0.0,1.0071667061543894,1.0071667061543894,0.0,0
2023-06-06 00:00:00+00:00,0.0,1.0071667061543894,1.0071667061543894,0.0,0
2023-06-07 00:00:00+00:00,0.0,1.0071667061543894,1.0071667061543894,0.0,0
2023-06-08 00:00:00+00:00,0.0,1.0071667061543894,1.0071667061543894,0.0,0
2023-06-09 00:00:00+00:00,0.0,1.0071667061543894,1.0071667061543894,0.0,0
2023-06-10 00:00:00+00:00,0.0,1.0071667061543894,1.0071667061543894,0.0,0
2023-06-11 00:00:00+00:00,0.0,1.0071667061543894,1.0071667061543894,0.0,0
2023-06-12 00:00:00+00:00,0.0,1.0071667061543894,1.0071667061543894,0.0,0
2023-06-13 00:00:00+00:00,0.0,1.0071667061543894,1.0071667061543894,0.0,0
2023-06-14 00:00:00+00:00,0.0,1.0071667061543894,1.0071667061543894,0.0,0
2023-06-15 00:00:00+00:00,0.0,1.0071667061543894,1.0071667061543894,0.0,0
2023-06-16 00:00:00+00:00,0.0,1.0071667061543894,1.0071667061543894,0.0,0
2023-06-17 00:00:00+00:00,0.0,1.0071667061543894,1.0071667061543894,0.0,0
2023-06-18 00:00:00+00:00,0.0,1.0071667061543894,1.0071667061543894,0.0,0
2023-06-19 00:00:00+00:00,0.0,1.0071667061543894,1.0071667061543894,0.0,0
2023-06-20 00:00:00+00:00,0.0,1.0071667061543894,1.0071667061543894,0.0,0
2023-06-21 00:00:00+00:00,0.0,1.0071667061543894,1.0071667061543894,0.0,0
2023-06-22 00:00:00+00:00,-0.0003025551566024909,1.006861982673884,1.007051764891815,0.049613244298697345,1
2023-06-23 00:00:00+00:00,0.0013107802868910223,1.008181757512393,1.0070365430537067,0.05087246006577045,1
2023-06-24 00:00:00+00:00,-0.00026264787027208136,1.0079169607209353,1.0070212220941017,0.0506383088639839,1
2023-06-25 00:00:00+00:00,-0.00012505415399255426,1.0077909165181176,1.0070058702509936,0.05053480555518539,1
2023-06-26 00:00:00+00:00,-0.0003434890453963835,1.0074447513782436,1.00699061172723,0.05022370836831917,1
2023-06-27 00:00:00+00:00,0.0006871045325071989,1.0081369712331663,1.0069753702922268,0.05089097428654314,1
2023-06-28 00:00:00+00:00,-0.0010352497743318922,1.0070932976612015,1.0069632090571925,0.0499194667069692,1
2023-06-29 00:00:00+00:00,0.000607268700721697,1.0077048738995777,1.006950092461921,0.05050908703070338,1
2023-06-30 00:00:00+00:00,1.8542554067524364e-05,1.0077235593216862,1.0069348344565054,0.05054183375336107,1
2023-07-01 00:00:00+00:00,0.0001729843797850794,1.0078978797565903,1.006919539882481,0.05072122150495678,1
2023-07-02 00:00:00+00:00,4.96751137306628e-05,1.007947947198396,1.0069042286042773,0.050783565238458436,1
2023-07-03 00:00:00+00:00,0.0008743518968890029,1.0088292483979944,1.0068887879230264,0.051628094939830026,1
2023-07-04 00:00:00+00:00,-0.0006666305176508125,1.0081567320339135,1.0068732357300916,0.051010885915993766,1
2023-07-05 00:00:00+00:00,-0.00045923366016731304,1.0076937525278393,1.0068578747239303,0.05059012166685213,1
2023-07-06 00:00:00+00:00,-0.0010285805530314551,1.006657258330578,1.0068480438025245,0.04962233754743428,1
2023-07-07 00:00:00+00:00,0.0007511608219532562,1.0074134198241707,1.0068459124694062,0.05033780382141068,1
2023-07-08 00:00:00+00:00,-0.00010131734703988649,1.0073113513691017,1.0068418284898504,0.05024563115451932,1
2023-07-09 00:00:00+00:00,-0.00021107544905629716,1.0070987326732719,1.0068323687321583,0.05005451208016661,1
2023-07-10 00:00:00+00:00,0.0004107435374340884,1.0075123919692754,1.0068295104027292,0.050447372867149134,1
2023-07-11 00:00:00+00:00,0.0003407746746306728,1.007855726676835,1.0068191980698273,0.05078107807668352,1
2023-07-12 00:00:00+00:00,-0.0004065766070714405,1.0074459561150653,1.0068098930692422,0.05040422712205966,1
2023-07-13 00:00:00+00:00,0.0017777775200671364,1.0092369708885292,1.0068070896630028,0.05209217902376493,1
2023-07-14 00:00:00+00:00,0.00047357066141295867,1.0097149159083552,1.0111294831780524,0.10441915774642627,2
2023-07-15 00:00:00+00:00,-0.00021402572346562732,1.0094988109429839,1.0111209626661573,0.10423587971479152,2
2023-07-16 00:00:00+00:00,-0.00037789705778357163,1.0091173243124925,1.0111058590089548,0.10391221231666929,2
2023-07-17 00:00:00+00:00,-0.0014197825162187705,1.0076845971786201,1.0074545175910667,0.04998940290244934,1
2023-07-18 00:00:00+00:00,-0.00047452325865171563,1.0072064273998738,1.007445369064564,0.04954746983052983,1
2023-07-19 00:00:00+00:00,7.146296120397189e-05,1.0072784053537194,1.007433909726121,0.04962676366465497,1
2023-07-20 00:00:00+00:00,-0.00018237072538351828,1.0070947072602718,1.0074249450403718,0.04946231332583836,1
2023-07-21 00:00:00+00:00,0.00016304598169947226,1.0072589100054814,1.0074212699469889,0.04962091801960004,1
2023-07-22 00:00:00+00:00,-0.00018076437167857673,1.0070768334814966,1.0074196119367904,0.04945073864120652,1
2023-07-23 00:00:00+00:00,0.000465962652590024,1.0075460936741876,1.0074084806650623,0.049904500711394635,1
2023-07-24 00:00:00+00:00,-0.00151719107743864,1.006017453730757,1.0073964263750534,0.04847281616662253,1
2023-07-25 00:00:00+00:00,-9.694563233320075e-05,1.0059199247325668,1.0059199247325668,0.0,0
2023-07-26 00:00:00+00:00,0.0,1.0059199247325668,1.0059199247325668,0.0,0
2023-07-27 00:00:00+00:00,0.0,1.0059199247325668,1.0059199247325668,0.0,0
2023-07-28 00:00:00+00:00,0.0,1.0059199247325668,1.0059199247325668,0.0,0
2023-07-29 00:00:00+00:00,0.0,1.0059199247325668,1.0059199247325668,0.0,0
2023-07-30 00:00:00+00:00,0.0,1.0059199247325668,1.0059199247325668,0.0,0
2023-07-31 00:00:00+00:00,0.0,1.0059199247325668,1.0059199247325668,0.0,0
2023-08-01 00:00:00+00:00,0.0,1.0059199247325668,1.0059199247325668,0.0,0
2023-08-02 00:00:00+00:00,0.0,1.0059199247325668,1.0059199247325668,0.0,0
2023-08-03 00:00:00+00:00,0.0,1.0059199247325668,1.0059199247325668,0.0,0
2023-08-04 00:00:00+00:00,0.0,1.0059199247325668,1.0059199247325668,0.0,0
2023-08-05 00:00:00+00:00,0.0,1.0059199247325668,1.0059199247325668,0.0,0
2023-08-06 00:00:00+00:00,0.0,1.0059199247325668,1.0059199247325668,0.0,0
2023-08-07 00:00:00+00:00,0.0,1.0059199247325668,1.0059199247325668,0.0,0
2023-08-08 00:00:00+00:00,0.0,1.0059199247325668,1.0059199247325668,0.0,0
2023-08-09 00:00:00+00:00,0.0,1.0059199247325668,1.0059199247325668,0.0,0
2023-08-10 00:00:00+00:00,0.0,1.0059199247325668,1.0059199247325668,0.0,0
2023-08-11 00:00:00+00:00,0.0,1.0059199247325668,1.0059199247325668,0.0,0
2023-08-12 00:00:00+00:00,0.0,1.0059199247325668,1.0059199247325668,0.0,0
2023-08-13 00:00:00+00:00,0.0,1.0059199247325668,1.0059199247325668,0.0,0
2023-08-14 00:00:00+00:00,0.0,1.0059199247325668,1.0059199247325668,0.0,0
2023-08-15 00:00:00+00:00,0.0,1.0059199247325668,1.0059199247325668,0.0,0
2023-08-16 00:00:00+00:00,0.0,1.0059199247325668,1.0059199247325668,0.0,0
2023-08-17 00:00:00+00:00,0.0,1.0059199247325668,1.0059199247325668,0.0,0
2023-08-18 00:00:00+00:00,0.0022759617784875452,1.0082093600334772,1.0054828877794886,0.18837820787049436,3
2023-08-19 00:00:00+00:00,-0.0007139072702707638,1.0074895920413942,1.00541775278826,0.18916255503549503,3
2023-08-20 00:00:00+00:00,-0.0007275488982869671,1.006756594098669,1.0053735412519154,0.18998444403519235,3
2023-08-21 00:00:00+00:00,0.002753117015037887,1.0095283128078836,1.0059896764695286,0.17482381939158576,3
2023-08-22 00:00:00+00:00,0.00151320273625144,1.0110559338131477,1.0066163572065845,0.1611079946902605,3
2023-08-23 00:00:00+00:00,-0.004150852236744829,1.0068591900288053,1.0063864119895594,0.06511982718448235,1
2023-08-24 00:00:00+00:00,0.0006304907611389687,1.0074940054458863,1.0063893676229552,0.06445163576071153,1
2023-08-25 00:00:00+00:00,0.00028280721985263213,1.0077789320245847,1.006394101862384,0.06415538395999304,1
2023-08-26 00:00:00+00:00,0.00012394341463894953,1.007903839586621,1.006401373313868,0.06403071968328385,1
2023-08-27 00:00:00+00:00,-0.000201953170818725,1.0077002902103362,1.0064048039295679,0.06424905186714529,1
2023-08-28 00:00:00+00:00,-4.08229069599475e-05,1.0076591529551455,1.0064103240346807,0.06429797752797155,1
2023-08-29 00:00:00+00:00,-0.004875797324947029,1.0027460111527084,1.0027460111527084,0.0,0
2023-08-30 00:00:00+00:00,0.0,1.0027460111527084,1.0027460111527084,0.0,0
2023-08-31 00:00:00+00:00,0.0,1.0027460111527084,1.0027460111527084,0.0,0
2023-09-01 00:00:00+00:00,0.0,1.0027460111527084,1.0027460111527084,0.0,0
2023-09-02 00:00:00+00:00,0.0,1.0027460111527084,1.0027460111527084,0.0,0
2023-09-03 00:00:00+00:00,0.0,1.0027460111527084,1.0027460111527084,0.0,0
2023-09-04 00:00:00+00:00,0.0,1.0027460111527084,1.0027460111527084,0.0,0
2023-09-05 00:00:00+00:00,0.0,1.0027460111527084,1.0027460111527084,0.0,0
2023-09-06 00:00:00+00:00,0.0,1.0027460111527084,1.0027460111527084,0.0,0
2023-09-07 00:00:00+00:00,0.0,1.0027460111527084,1.0027460111527084,0.0,0
2023-09-08 00:00:00+00:00,0.0,1.0027460111527084,1.0027460111527084,0.0,0
2023-09-09 00:00:00+00:00,0.0,1.0027460111527084,1.0027460111527084,0.0,0
2023-09-10 00:00:00+00:00,0.0,1.0027460111527084,1.0027460111527084,0.0,0
2023-09-11 00:00:00+00:00,0.0007261483498408605,1.0034741535140166,1.0026688310972989,0.028152267201291655,1
2023-09-12 00:00:00+00:00,-0.00030520425995450573,1.0031678889276099,1.0026639644054658,0.028461308130996652,1
2023-09-13 00:00:00+00:00,-0.0007820118920157659,1.00238339970878,1.002652903646256,0.029255172084882722,1
2023-09-14 00:00:00+00:00,-0.0007261784980375774,1.0016554904371218,1.002636229617877,0.029986491746460484,1
2023-09-15 00:00:00+00:00,-0.0004895026325193452,1.0011651774376753,1.0026259206727515,0.030480622817117654,1
2023-09-16 00:00:00+00:00,3.27217785924816e-05,1.0011979373429458,1.0026204078295047,0.030441398514541106,1
2023-09-17 00:00:00+00:00,0.0004898037185256943,1.0016883278156365,1.002610063175761,0.029926604357594293,1
2023-09-18 00:00:00+00:00,-0.0013374530771000925,1.0003486166793043,1.0025939512589848,0.03128982134210236,1
2023-09-19 00:00:00+00:00,-0.0013342087929727464,0.9990139427588927,0.9990139427588927,0.0,0
2023-09-20 00:00:00+00:00,0.0,0.9990139427588927,0.9990139427588927,0.0,0
2023-09-21 00:00:00+00:00,0.0,0.9990139427588927,0.9990139427588927,0.0,0
2023-09-22 00:00:00+00:00,0.0,0.9990139427588927,0.9990139427588927,0.0,0
2023-09-23 00:00:00+00:00,0.0,0.9990139427588927,0.9990139427588927,0.0,0
2023-09-24 00:00:00+00:00,0.0,0.9990139427588927,0.9990139427588927,0.0,0
2023-09-25 00:00:00+00:00,0.0,0.9990139427588927,0.9990139427588927,0.0,0
2023-09-26 00:00:00+00:00,0.0,0.9990139427588927,0.9990139427588927,0.0,0
2023-09-27 00:00:00+00:00,0.0,0.9990139427588927,0.9990139427588927,0.0,0
2023-09-28 00:00:00+00:00,0.0,0.9990139427588927,0.9990139427588927,0.0,0
2023-09-29 00:00:00+00:00,0.0,0.9990139427588927,0.9990139427588927,0.0,0
2023-09-30 00:00:00+00:00,0.0,0.9990139427588927,0.9990139427588927,0.0,0
2023-10-01 00:00:00+00:00,0.0,0.9990139427588927,0.9990139427588927,0.0,0
2023-10-02 00:00:00+00:00,0.0,0.9990139427588927,0.9990139427588927,0.0,0
2023-10-03 00:00:00+00:00,0.0,0.9990139427588927,0.9990139427588927,0.0,0
2023-10-04 00:00:00+00:00,0.0,0.9990139427588927,0.9990139427588927,0.0,0
2023-10-05 00:00:00+00:00,0.0,0.9990139427588927,0.9990139427588927,0.0,0
2023-10-06 00:00:00+00:00,0.0,0.9990139427588927,0.9990139427588927,0.0,0
2023-10-07 00:00:00+00:00,0.0,0.9990139427588927,0.9990139427588927,0.0,0
2023-10-08 00:00:00+00:00,0.0,0.9990139427588927,0.9990139427588927,0.0,0
2023-10-09 00:00:00+00:00,0.0,0.9990139427588927,0.9990139427588927,0.0,0
2023-10-10 00:00:00+00:00,0.0,0.9990139427588927,0.9990139427588927,0.0,0
2023-10-11 00:00:00+00:00,0.0,0.9990139427588927,0.9990139427588927,0.0,0
2023-10-12 00:00:00+00:00,0.0,0.9990139427588927,0.9990139427588927,0.0,0
2023-10-13 00:00:00+00:00,0.0,0.9990139427588927,0.9990139427588927,0.0,0
2023-10-14 00:00:00+00:00,0.0,0.9990139427588927,0.9990139427588927,0.0,0
2023-10-15 00:00:00+00:00,0.0,0.9990139427588927,0.9990139427588927,0.0,0
2023-10-16 00:00:00+00:00,0.0,0.9990139427588927,0.9990139427588927,0.0,0
2023-10-17 00:00:00+00:00,0.0,0.9990139427588927,0.9990139427588927,0.0,0
2023-10-18 00:00:00+00:00,0.0,0.9990139427588927,0.9990139427588927,0.0,0
2023-10-19 00:00:00+00:00,0.0,0.9990139427588927,0.9990139427588927,0.0,0
2023-10-20 00:00:00+00:00,0.0,0.9990139427588927,0.9990139427588927,0.0,0
2023-10-21 00:00:00+00:00,0.002741892229263243,1.0017531313254688,0.999641141995072,0.026845478163877196,1
2023-10-22 00:00:00+00:00,-0.00025494581147755824,1.0014977385605028,0.9996435550519311,0.026594903777867353,1
2023-10-23 00:00:00+00:00,0.0026296592972769872,1.0041313363999103,0.9996431297082069,0.02914833758583478,1
2023-10-24 00:00:00+00:00,-0.0004128063741203336,1.0037168245837904,0.9995156991647922,0.080231974707796,2
2023-10-25 00:00:00+00:00,0.0031591978703280343,1.006887764638428,1.0015673337553073,0.07186181390641694,2
2023-10-26 00:00:00+00:00,-0.0003526020111819239,1.006532733987582,1.0015466162195443,0.071555018152942,2
2023-10-27 00:00:00+00:00,-0.0010127022112556006,1.0055134160621717,1.0015251193359787,0.0706352057323278,2
2023-10-28 00:00:00+00:00,0.00020733701657360548,1.0057218962139827,1.0015036905225843,0.0708491644097724,2
2023-10-29 00:00:00+00:00,0.0013545866330231249,1.0070842336511328,1.0014821604291795,0.07212745575668528,2
2023-10-30 00:00:00+00:00,0.001122979611247965,1.0082151687123322,1.0014604065429218,0.07318984552437217,2
2023-10-31 00:00:00+00:00,0.0021798678320923415,1.0104129445264358,1.0014393372489296,0.0752266268689827,2
2023-11-01 00:00:00+00:00,0.0015685356436700992,1.0119978132447511,1.0090509731485817,0.043661797984106895,1
2023-11-02 00:00:00+00:00,-0.0012958148072383935,1.0106864514934557,1.0089763970170875,0.06890443218261354,2
2023-11-03 00:00:00+00:00,-0.0007994875285903813,1.0098784202801714,1.0089556917184015,0.06817994003784797,2
2023-11-04 00:00:00+00:00,0.002311569089032961,1.0122128240201724,1.0089347697131608,0.07034960849699867,2
2023-11-05 00:00:00+00:00,-0.0008785788829416274,1.0113235152079456,1.0089135800295272,0.06955307149404506,2
2023-11-06 00:00:00+00:00,0.0032517892554067007,1.0146121261484389,1.0086296103730372,0.17912967610732422,4
2023-11-07 00:00:00+00:00,-0.0016038438318334292,1.0129848467482123,1.0085510535364863,0.17788856323597896,4
2023-11-08 00:00:00+00:00,0.00045767222365378224,1.0134484617755513,1.00847084369739,0.17834379413594897,4
2023-11-09 00:00:00+00:00,0.006738079693813681,1.0202771582765677,1.0134869642053328,0.10236005197788389,2
2023-11-10 00:00:00+00:00,-0.0005054739696227495,1.0197614347312582,1.0133231798992688,0.14657079014078117,3
2023-11-11 00:00:00+00:00,-0.0008681769129873507,1.0188761013968697,1.0131710540441807,0.17010964086356462,4
2023-11-12 00:00:00+00:00,-0.001305128057510041,1.0175463376098102,1.0130864762090457,0.16910823161662267,4
2023-11-13 00:00:00+00:00,-0.004131316230897797,1.0133425319095521,1.0129660378281757,0.16578016725027028,4
2023-11-14 00:00:00+00:00,-0.0003084004359446002,1.01303001663095,1.012876918148511,0.16561078750735478,4
2023-11-15 00:00:00+00:00,0.01077705162164988,1.0239474934144626,1.013514901736852,0.1690817839252107,4
2023-11-16 00:00:00+00:00,-0.00976829113857891,1.013945276188172,1.0133926039119345,0.1416069092285596,3
2023-11-17 00:00:00+00:00,0.0009864804838339847,1.0149455134148073,1.013360244926793,0.14248474522846452,3
2023-11-18 00:00:00+00:00,-5.872431110520715e-05,1.0148859114387228,1.013322668193811,0.1424714108520856,3
2023-11-19 00:00:00+00:00,0.0023575696112141387,1.01727857562238,1.0132893604127293,0.1445210811909329,3
2023-11-20 00:00:00+00:00,0.002052231968082685,1.019366267235718,1.0139211838796969,0.13449117028347868,3
2023-11-21 00:00:00+00:00,-0.005819166245267682,1.0134344054618554,1.01376700961573,0.08466739642651988,2
2023-11-22 00:00:00+00:00,0.004790927447863469,1.0182896961715917,1.01374074389705,0.08905757303533418,2
2023-11-23 00:00:00+00:00,-0.00019718677250757377,1.0180889029129259,1.0137136396567392,0.08890453447690322,2
2023-11-24 00:00:00+00:00,0.0008640854827717259,1.0189686187541038,1.013686186185326,0.08971806157675928,2
2023-11-25 00:00:00+00:00,8.234501722870213e-05,1.0190525257425707,1.013658741381755,0.08981994427373206,2
2023-11-26 00:00:00+00:00,-0.0008671972465064126,1.0181688061982013,1.0136313501785734,0.0890568559761638,2
2023-11-27 00:00:00+00:00,-0.0010011704528670728,1.0171494456734047,1.0136044170531027,0.08817041164911199,2
2023-11-28 00:00:00+00:00,0.0011124021860258182,1.0182809249402867,1.0135775073907989,0.08921003235742916,2
2023-11-29 00:00:00+00:00,-0.00041495624928367114,1.0178583829069563,1.013550235172875,0.08885873120105464,2
2023-11-30 00:00:00+00:00,0.000321283965316832,1.0181854044843477,1.0135231099197763,0.08917801303972164,2
2023-12-01 00:00:00+00:00,0.001862994182441069,1.0200822779695484,1.0134955744042737,0.09089870717411942,2
2023-12-02 00:00:00+00:00,0.002477778819704124,1.022609816232257,1.0162534349038284,0.06662796788227567,2
2023-12-03 00:00:00+00:00,0.0008746483563846219,1.0235042402272474,1.0162329656487625,0.0674636259706633,2
2023-12-04 00:00:00+00:00,0.0025874684910358603,1.026152525199277,1.016211875547431,0.06989085984221727,2
2023-12-05 00:00:00+00:00,0.002050100258341514,1.0282562407562856,1.0183030960325687,0.056519093611925586,2
2023-12-06 00:00:00+00:00,-0.0009955249437266778,1.0272325860200702,1.0182857951024535,0.05559574111985503,2
2023-12-07 00:00:00+00:00,0.0013165294380337311,1.0285849679592731,1.0182685011884836,0.056854255697949635,2
2023-12-08 00:00:00+00:00,0.0005703059327535343,1.0291715760688414,1.01823971420937,0.05741980174951207,2
2023-12-09 00:00:00+00:00,-0.0015898572750258078,1.0275353401513785,1.0181168767402076,0.08319791300997822,3
2023-12-10 00:00:00+00:00,0.0010604618574912017,1.0286250021868333,1.018059014478211,0.08422536877662629,3
2023-12-11 00:00:00+00:00,-0.006758181828314558,1.0216733673889042,1.0143778998593354,0.05428196065826662,2
2023-12-12 00:00:00+00:00,-0.00014351482248642355,1.0215267421169443,1.0143612453629882,0.05416252015481397,2
2023-12-13 00:00:00+00:00,0.001550462198883995,1.0231105807157457,1.0143409699762356,0.05564655259875783,2
2023-12-14 00:00:00+00:00,0.0008031977844398241,1.0239323408674135,1.01432386522238,0.056421151421711405,2
2023-12-15 00:00:00+00:00,-0.0019056885210158026,1.0219810447591255,1.0143066664644405,0.054636379593987504,2
2023-12-16 00:00:00+00:00,0.0002810480439916496,1.0222682705327517,1.0142897806085582,0.054918515566926306,2
2023-12-17 00:00:00+00:00,-0.0009728519133614943,1.0212737548897952,1.0142726061397656,0.05401501261590411,2
2023-12-18 00:00:00+00:00,0.0010489996157108106,1.02234507066621,1.014252378368133,0.05502609629256819,2
2023-12-19 00:00:00+00:00,-0.0007880481114533877,1.021539413564018,1.0142354867195948,0.054297359565932554,2
2023-12-20 00:00:00+00:00,0.0011575513892658762,1.0227218979313788,1.0142107211588416,0.05541500860772049,2
2023-12-21 00:00:00+00:00,0.0036731372872884638,1.026478495869197,1.0148132868356248,0.07566730891755735,3
2023-12-22 00:00:00+00:00,0.00195340321649895,1.028483622264695,1.0147329818293107,0.07754746416900146,3
2023-12-23 00:00:00+00:00,0.0017300820096455283,1.0302629832767902,1.016828525152196,0.0706121706921575,3
2023-12-24 00:00:00+00:00,-0.00044456749356169833,1.0298049618446055,1.0167869078015508,0.07023922415546423,3
2023-12-25 00:00:00+00:00,0.0015095081763414342,1.0313594608545469,1.016730571918426,0.07169521321228958,3
2023-12-26 00:00:00+00:00,-0.002345459326177912,1.0289404491884437,1.016660593312027,0.06958080367162488,3
2023-12-27 00:00:00+00:00,0.005432890639274213,1.0345305701232101,1.0172290704118538,0.10915131427126017,4
2023-12-28 00:00:00+00:00,-0.0009023187591689075,1.0335970937828542,1.0242805686181833,0.07688122293913105,3
2023-12-29 00:00:00+00:00,-0.0007824436004715274,1.0327883623513578,1.0242877483023323,0.07615141721935464,3
2023-12-30 00:00:00+00:00,-8.27354836008265e-05,1.0327029141067414,1.0243128903585752,0.07605062996049124,3
2023-12-31 00:00:00+00:00,-0.0006569745056944631,1.0320244546202169,1.0320244546202169,0.0,0
2024-01-01 00:00:00+00:00,0.0,1.0,1.0,0.0,0
2024-01-02 00:00:00+00:00,0.0,1.0,1.0,0.0,0
2024-01-03 00:00:00+00:00,-0.00372025461757175,0.9962797453824283,0.9962797453824283,0.0,0
2024-01-04 00:00:00+00:00,0.0,0.9962797453824283,0.9962797453824283,0.0,0
2024-01-05 00:00:00+00:00,0.0,0.9962797453824283,0.9962797453824283,0.0,0
2024-01-06 00:00:00+00:00,0.0,0.9962797453824283,0.9962797453824283,0.0,0
2024-01-07 00:00:00+00:00,0.0,0.9962797453824283,0.9962797453824283,0.0,0
2024-01-08 00:00:00+00:00,0.0,0.9962797453824283,0.9962797453824283,0.0,0
2024-01-09 00:00:00+00:00,-0.0009425855965919938,0.9953406664442545,0.9961748087545192,0.04501013476626671,1
2024-01-10 00:00:00+00:00,0.0005223446344111426,0.9958605773007829,0.9961614553272086,0.0455221171036963,1
2024-01-11 00:00:00+00:00,5.687813371468842e-05,0.9959172199918599,0.9960622727433392,0.08303520556412804,2
2024-01-12 00:00:00+00:00,-0.004368108428687956,0.991566945588938,0.9924663890192009,0.03661602549817198,1
2024-01-13 00:00:00+00:00,0.0007899320016671041,0.9923502160510539,0.9924553981255255,0.03738750827934679,1
2024-01-14 00:00:00+00:00,-0.001521118872434557,0.9908407334093541,0.9924443643532479,0.035932165330640656,1
2024-01-15 00:00:00+00:00,0.0005387535727987558,0.991374552394553,0.9924335675356081,0.036462171401037406,1
2024-01-16 00:00:00+00:00,0.0010802754101510992,0.9924455099457544,0.9924226317653974,0.03751295340686656,1
2024-01-17 00:00:00+00:00,-0.000834347657366008,0.9916174653594678,0.9924115828273323,0.03672037635201158,1
2024-01-18 00:00:00+00:00,-0.0008719251638045211,0.9907528491385529,0.9924006536759663,0.035890766790725455,1
2024-01-19 00:00:00+00:00,0.0002967060872423044,0.9910468115398449,0.9923900053362782,0.03618748355684187,1
2024-01-20 00:00:00+00:00,-0.0003039300714348103,0.9907456026116184,0.9923793061322079,0.03590526203571491,1
2024-01-21 00:00:00+00:00,-0.00023224931711884889,0.9905155026219733,0.9923686352308929,0.03569207275463004,1
2024-01-22 00:00:00+00:00,-0.0017266417958501368,0.9888052371557087,0.9888052371557087,0.0,0
2024-01-23 00:00:00+00:00,0.0,0.9888052371557087,0.9888052371557087,0.0,0
2024-01-24 00:00:00+00:00,0.0,0.9888052371557087,0.9888052371557087,0.0,0
2024-01-25 00:00:00+00:00,0.0,0.9888052371557087,0.9888052371557087,0.0,0
2024-01-26 00:00:00+00:00,0.0,0.9888052371557087,0.9888052371557087,0.0,0
2024-01-27 00:00:00+00:00,0.0,0.9888052371557087,0.9888052371557087,0.0,0
2024-01-28 00:00:00+00:00,0.0,0.9888052371557087,0.9888052371557087,0.0,0
2024-01-29 00:00:00+00:00,0.0,0.9888052371557087,0.9888052371557087,0.0,0
2024-01-30 00:00:00+00:00,0.0,0.9888052371557087,0.9888052371557087,0.0,0
2024-01-31 00:00:00+00:00,0.0,0.9888052371557087,0.9888052371557087,0.0,0
2024-02-01 00:00:00+00:00,0.0,0.9888052371557087,0.9888052371557087,0.0,0
2024-02-02 00:00:00+00:00,0.0,0.9888052371557087,0.9888052371557087,0.0,0
2024-02-03 00:00:00+00:00,0.0,0.9888052371557087,0.9888052371557087,0.0,0
2024-02-04 00:00:00+00:00,0.0,0.9888052371557087,0.9888052371557087,0.0,0
2024-02-05 00:00:00+00:00,0.0,0.9888052371557087,0.9888052371557087,0.0,0
2024-02-06 00:00:00+00:00,0.0,0.9888052371557087,0.9888052371557087,0.0,0
2024-02-07 00:00:00+00:00,0.0,0.9888052371557087,0.9888052371557087,0.0,0
2024-02-08 00:00:00+00:00,0.0,0.9888052371557087,0.9888052371557087,0.0,0
2024-02-09 00:00:00+00:00,0.0,0.9888052371557087,0.9888052371557087,0.0,0
2024-02-10 00:00:00+00:00,0.0,0.9888052371557087,0.9888052371557087,0.0,0
2024-02-11 00:00:00+00:00,0.0,0.9888052371557087,0.9888052371557087,0.0,0
2024-02-12 00:00:00+00:00,0.0,0.9888052371557087,0.9888052371557087,0.0,0
2024-02-13 00:00:00+00:00,-0.0004579472126027273,0.9883524165535462,0.9886616706296989,0.06290426139633916,1
2024-02-14 00:00:00+00:00,0.0026714170339185994,0.9909927180346421,0.9886412861514039,0.06542153493373325,1
2024-02-15 00:00:00+00:00,0.0011352287834138775,0.9921177214923085,0.9891511166835976,0.11176970404233336,2
2024-02-16 00:00:00+00:00,0.0008665765980546691,0.9929774674922691,0.9889898618501535,0.18038009585052442,3
2024-02-17 00:00:00+00:00,-0.0023449167987443786,0.9906490179479719,0.9889591136716832,0.17848467640345025,3
2024-02-18 00:00:00+00:00,0.0020279920219352654,0.9926580462529084,0.9889469363588769,0.18015959845453008,3
2024-02-19 00:00:00+00:00,0.001206083826046589,0.9938552750672891,0.9895314834532298,0.16889991364076198,3
2024-02-20 00:00:00+00:00,0.002147944689509629,0.9959900212275111,0.9894271246533656,0.17078602341891477,3
2024-02-21 00:00:00+00:00,0.0030285334385142804,0.9990064103112252,0.9900738230456888,0.159188300470897,3
2024-02-22 00:00:00+00:00,0.00015454986435359253,0.9991608066164271,0.9901840159024488,0.15920794231722238,3
2024-02-23 00:00:00+00:00,-0.002380460970499154,0.9967823433130243,0.9902460951120539,0.15713941423942454,3
2024-02-24 00:00:00+00:00,0.003024772131274167,0.9997973827660236,0.9903357252344979,0.15959153887913854,3
2024-02-25 00:00:00+00:00,0.003312316755917477,1.003109028389482,0.9944834729350152,0.12080518440283328,3
2024-02-26 00:00:00+00:00,0.004594476836264905,1.0077177895846656,0.994430716197792,0.12487850307278141,3
2024-02-27 00:00:00+00:00,0.0018501533660035818,1.0095822220450474,0.9963964303111782,0.10598122197693027,3
2024-02-28 00:00:00+00:00,0.006218423957493169,1.0158602323216714,1.010098832996728,0.03874866933902705,1
2024-02-29 00:00:00+00:00,-0.0016245196255743055,1.0142099474374244,1.010208759517301,0.15695669906702128,4
2024-03-01 00:00:00+00:00,0.0034827539743818026,1.0177421911627196,1.0099683351068618,0.16011885432427286,4
2024-03-02 00:00:00+00:00,-0.0002573910578853589,1.0174802334234816,1.0096982939694252,0.16016802262223415,4
2024-03-03 00:00:00+00:00,0.0019276966843331245,1.0194416266958266,1.009457322407282,0.16202022514469944,4
2024-03-04 00:00:00+00:00,0.006462010532615636,1.0260292692249218,1.0098760177398018,0.156813977330452,4
2024-03-05 00:00:00+00:00,-0.008863827674234326,1.0169347225937915,1.0169347225937915,0.0,0
2024-03-06 00:00:00+00:00,0.0,1.0169347225937915,1.0169347225937915,0.0,0
2024-03-07 00:00:00+00:00,0.003581580455424449,1.020576956120676,1.0175512005544187,0.03132759138393645,1
2024-03-08 00:00:00+00:00,0.0007671155738673274,1.0213598565980462,1.0174616360550472,0.05600884795750149,2
2024-03-09 00:00:00+00:00,9.506154775906772e-05,1.0214569486468335,1.0174497494929016,0.056110213558148506,2
2024-03-10 00:00:00+00:00,0.002280144846468435,1.0237860184441798,1.0195140708324757,0.04563843594845975,2
2024-03-11 00:00:00+00:00,0.00046262486199633024,1.0242596473096763,1.0194693473164924,0.046123407412622316,2
2024-03-12 00:00:00+00:00,-0.000447080405280853,1.0238017208914443,1.0191419064564182,0.11904838791555433,4
2024-03-13 00:00:00+00:00,0.005499513337776651,1.0294321321107254,1.02672944159148,0.09418899733976101,3
2024-03-14 00:00:00+00:00,-0.004047207067262026,1.0252658071103802,1.0228215630230857,0.09431967129913238,3
2024-03-15 00:00:00+00:00,-0.003592141804696136,1.0215829069437334,1.022995187650054,0.03695737044046798,1
2024-03-16 00:00:00+00:00,-0.0025257266187915794,1.0190026678023631,1.0192585009004251,0.023194484865296947,1
2024-03-17 00:00:00+00:00,0.0025047280311027986,1.0215549923481761,1.0192449699627348,0.025648249615339538,1
2024-03-18 00:00:00+00:00,-0.0007598799036618864,1.0207787332390053,1.01922362606534,0.024928205691574064,1
2024-03-19 00:00:00+00:00,-0.0033454628558413635,1.0173637559029214,1.019211021360986,0.021667579042534597,1
2024-03-20 00:00:00+00:00,0.0027946620227357055,1.020206943754851,1.019200217162072,0.024404658093429794,1
2024-03-21 00:00:00+00:00,-0.0015891007925041833,1.018585732092012,1.0191852273993873,0.022866587478001067,1
2024-03-22 00:00:00+00:00,-0.0005550062150114776,1.018020410680179,1.0191749029416661,0.022334112905872474,1
2024-03-23 00:00:00+00:00,-0.0003332219654479385,1.017681183918066,1.0191641596502898,0.022018781201796483,1
2024-03-24 00:00:00+00:00,0.0014266538249509964,1.0191330626716832,1.019150836066427,0.0234251076074138,1
2024-03-25 00:00:00+00:00,0.0006429377351591103,1.019788301774823,1.0191363944128753,0.02406674245363926,1
2024-03-26 00:00:00+00:00,0.00016278014425119558,1.0199543030616915,1.0191153209901063,0.024246240298660304,1
2024-03-27 00:00:00+00:00,-0.0005542534915160546,1.0193889898280328,1.0190916422312997,0.023728353839602218,1
2024-03-28 00:00:00+00:00,0.0004086158264549056,1.0198055283025904,1.0190665702262411,0.024151696031149705,1
2024-03-29 00:00:00+00:00,0.0002699329709408005,1.020080807438627,1.0190372367282772,0.024443794631388623,1
2024-03-30 00:00:00+00:00,0.00023249262096181056,1.0203179686991413,1.0189953427180352,0.02471161129050129,1
2024-03-31 00:00:00+00:00,0.0010230068548950921,1.0213617609752932,1.018958849899075,0.0257440479318624,1
2024-04-01 00:00:00+00:00,-0.0013513769795971964,1.0199815162036703,1.0189178369080265,0.024465888796323856,1
2024-04-02 00:00:00+00:00,-0.001367684788145973,1.0185865029997685,1.018907851166046,0.023139641864888164,1
2024-04-03 00:00:00+00:00,0.00043617189067268747,1.0190307818005955,1.0188988435345057,0.023574374542192772,1
2024-04-04 00:00:00+00:00,-0.00014239589638498362,1.018885675998977,1.0188899571816525,0.02344403737740791,1
2024-04-05 00:00:00+00:00,-0.001238460257527274,1.0176238265822886,1.0188830132201125,0.022239935647229064,1
2024-04-06 00:00:00+00:00,0.0005437406106565401,1.018177149983173,1.0188761503545511,0.02277803492555913,1
2024-04-07 00:00:00+00:00,0.00010106232916573532,1.0182800493374538,1.0188691660201612,0.022883644225922966,1
2024-04-08 00:00:00+00:00,0.0001405170888286733,1.018423135085599,1.0188556642686306,0.023034183987874244,1
2024-04-09 00:00:00+00:00,-0.00106113666638874,1.017342448955061,1.0188470900662792,0.022004816535353168,1
2024-04-10 00:00:00+00:00,9.353347264706713e-05,1.0174376045271831,1.018828080767055,0.022114966769569543,1
2024-04-11 00:00:00+00:00,-0.0001375154337074358,1.0172976911537264,1.0188102459662536,0.021998005535817267,1
2024-04-12 00:00:00+00:00,-0.00208566356122708,1.0151759504283666,1.0151759504283666,0.0,0
2024-04-13 00:00:00+00:00,0.0,1.0151759504283666,1.0151759504283666,0.0,0
2024-04-14 00:00:00+00:00,0.0,1.0151759504283666,1.0151759504283666,0.0,0
2024-04-15 00:00:00+00:00,0.0,1.0151759504283666,1.0151759504283666,0.0,0
2024-04-16 00:00:00+00:00,0.0,1.0151759504283666,1.0151759504283666,0.0,0
2024-04-17 00:00:00+00:00,0.0,1.0151759504283666,1.0151759504283666,0.0,0
2024-04-18 00:00:00+00:00,0.0,1.0151759504283666,1.0151759504283666,0.0,0
2024-04-19 00:00:00+00:00,0.0,1.0151759504283666,1.0151759504283666,0.0,0
2024-04-20 00:00:00+00:00,0.0,1.0151759504283666,1.0151759504283666,0.0,0
2024-04-21 00:00:00+00:00,0.0,1.0151759504283666,1.0151759504283666,0.0,0
2024-04-22 00:00:00+00:00,0.0,1.0151759504283666,1.0151759504283666,0.0,0
2024-04-23 00:00:00+00:00,0.0,1.0151759504283666,1.0151759504283666,0.0,0
2024-04-24 00:00:00+00:00,0.0,1.0151759504283666,1.0151759504283666,0.0,0
2024-04-25 00:00:00+00:00,0.0,1.0151759504283666,1.0151759504283666,0.0,0
2024-04-26 00:00:00+00:00,0.0,1.0151759504283666,1.0151759504283666,0.0,0
2024-04-27 00:00:00+00:00,0.0,1.0151759504283666,1.0151759504283666,0.0,0
2024-04-28 00:00:00+00:00,0.0,1.0151759504283666,1.0151759504283666,0.0,0
2024-04-29 00:00:00+00:00,0.0,1.0151759504283666,1.0151759504283666,0.0,0
2024-04-30 00:00:00+00:00,0.0,1.0151759504283666,1.0151759504283666,0.0,0
2024-05-01 00:00:00+00:00,0.0,1.0151759504283666,1.0151759504283666,0.0,0
2024-05-02 00:00:00+00:00,0.0,1.0151759504283666,1.0151759504283666,0.0,0
2024-05-03 00:00:00+00:00,0.0,1.0151759504283666,1.0151759504283666,0.0,0
2024-05-04 00:00:00+00:00,0.0,1.0151759504283666,1.0151759504283666,0.0,0
2024-05-05 00:00:00+00:00,0.0,1.0151759504283666,1.0151759504283666,0.0,0
2024-05-06 00:00:00+00:00,0.0,1.0151759504283666,1.0151759504283666,0.0,0
2024-05-07 00:00:00+00:00,0.0,1.0151759504283666,1.0151759504283666,0.0,0
2024-05-08 00:00:00+00:00,0.0,1.0151759504283666,1.0151759504283666,0.0,0
2024-05-09 00:00:00+00:00,0.0,1.0151759504283666,1.0151759504283666,0.0,0
2024-05-10 00:00:00+00:00,0.0,1.0151759504283666,1.0151759504283666,0.0,0
2024-05-11 00:00:00+00:00,0.0,1.0151759504283666,1.0151759504283666,0.0,0
2024-05-12 00:00:00+00:00,0.0,1.0151759504283666,1.0151759504283666,0.0,0
2024-05-13 00:00:00+00:00,0.0,1.0151759504283666,1.0151759504283666,0.0,0
2024-05-14 00:00:00+00:00,0.0,1.0151759504283666,1.0151759504283666,0.0,0
2024-05-15 00:00:00+00:00,0.0,1.0151759504283666,1.0151759504283666,0.0,0
2024-05-16 00:00:00+00:00,0.0,1.0151759504283666,1.0151759504283666,0.0,0
2024-05-17 00:00:00+00:00,0.0,1.0151759504283666,1.0151759504283666,0.0,0
2024-05-18 00:00:00+00:00,0.0,1.0151759504283666,1.0151759504283666,0.0,0
2024-05-19 00:00:00+00:00,0.0,1.0151759504283666,1.0151759504283666,0.0,0
2024-05-20 00:00:00+00:00,0.0,1.0151759504283666,1.0151759504283666,0.0,0
2024-05-21 00:00:00+00:00,0.0,1.0151759504283666,1.0151759504283666,0.0,0
2024-05-22 00:00:00+00:00,-0.0007041185318933385,1.0144611462285376,1.0150705988537787,0.04314536922767533,1
2024-05-23 00:00:00+00:00,0.0005007860656374152,1.0149691742346993,1.0150572920969894,0.04363741935069881,1
2024-05-24 00:00:00+00:00,-0.0006491904910452817,1.014310265898082,1.0150442303499854,0.04302903200516779,1
2024-05-25 00:00:00+00:00,0.00023556124802137646,1.014549198090198,1.0150310963065465,0.04326734988572826,1
2024-05-26 00:00:00+00:00,0.0008678807874282768,1.0154297058471211,1.0150177870220733,0.04411006681558847,1
2024-05-27 00:00:00+00:00,0.0007766202503054487,1.0162183091194437,1.0150040847647006,0.044865337784212526,1
2024-05-28 00:00:00+00:00,-0.0005796384935055077,1.015629269869673,1.0149895084445206,0.04432573588326303,1
2024-05-29 00:00:00+00:00,-0.0009070377178316269,1.0147080558145674,1.014969366819207,0.04347796599125913,1
2024-05-30 00:00:00+00:00,-0.00025142685090107086,1.01445293096351,1.0149437228817628,0.043262688774002696,1
2024-05-31 00:00:00+00:00,0.00014673819931743104,1.0146017899598918,1.0149292186168475,0.043417353611398535,1
2024-06-01 00:00:00+00:00,0.0005947374512274006,1.0152052116424632,1.014910783300469,0.04400409018401448,1
2024-06-02 00:00:00+00:00,-0.0004019318312127318,1.014797168352691,1.0148948820512464,0.04363535988154919,1
2024-06-03 00:00:00+00:00,-0.00018913050603786008,1.0146052392507148,1.0148764971588002,0.04347256817921621,1
2024-06-04 00:00:00+00:00,0.0004936872027792027,1.0151061368732055,1.0148628473171617,0.04395800722857767,1
2024-06-05 00:00:00+00:00,0.0015967442618303185,1.0167270017724066,1.014696018694514,0.10397722335515183,2
2024-06-06 00:00:00+00:00,0.0003579753702513955,1.0170909649973108,1.014643829852301,0.1043491745321925,2
2024-06-07 00:00:00+00:00,-0.003906132296124132,1.0131180731308387,1.0146205252583065,0.10085992744494894,2
2024-06-08 00:00:00+00:00,-0.00010493404094202852,1.0130117625574737,1.0146075598675408,0.10077836599725709,2
2024-06-09 00:00:00+00:00,-0.0005238204731276008,1.012481126256727,1.014594615973789,0.10031987276155287,2
2024-06-10 00:00:00+00:00,-0.002962372166532834,1.0094817803491642,1.0109172940499769,0.04253988579242704,1
2024-06-11 00:00:00+00:00,-0.0021869486854044773,1.00727409549669,1.00727409549669,0.0,0
2024-06-12 00:00:00+00:00,0.0,1.00727409549669,1.00727409549669,0.0,0
2024-06-13 00:00:00+00:00,0.0,1.00727409549669,1.00727409549669,0.0,0
2024-06-14 00:00:00+00:00,0.0,1.00727409549669,1.00727409549669,0.0,0
2024-06-15 00:00:00+00:00,0.0,1.00727409549669,1.00727409549669,0.0,0
2024-06-16 00:00:00+00:00,0.0,1.00727409549669,1.00727409549669,0.0,0
2024-06-17 00:00:00+00:00,0.0,1.00727409549669,1.00727409549669,0.0,0
2024-06-18 00:00:00+00:00,0.0,1.00727409549669,1.00727409549669,0.0,0
2024-06-19 00:00:00+00:00,0.0,1.00727409549669,1.00727409549669,0.0,0
2024-06-20 00:00:00+00:00,0.0,1.00727409549669,1.00727409549669,0.0,0
2024-06-21 00:00:00+00:00,0.0,1.00727409549669,1.00727409549669,0.0,0
2024-06-22 00:00:00+00:00,0.0,1.00727409549669,1.00727409549669,0.0,0
2024-06-23 00:00:00+00:00,0.0,1.00727409549669,1.00727409549669,0.0,0
2024-06-24 00:00:00+00:00,0.0,1.00727409549669,1.00727409549669,0.0,0
2024-06-25 00:00:00+00:00,0.0,1.00727409549669,1.00727409549669,0.0,0
2024-06-26 00:00:00+00:00,0.0,1.00727409549669,1.00727409549669,0.0,0
2024-06-27 00:00:00+00:00,0.0,1.00727409549669,1.00727409549669,0.0,0
2024-06-28 00:00:00+00:00,0.0,1.00727409549669,1.00727409549669,0.0,0
2024-06-29 00:00:00+00:00,0.0,1.00727409549669,1.00727409549669,0.0,0
2024-06-30 00:00:00+00:00,0.0,1.00727409549669,1.00727409549669,0.0,0
2024-07-01 00:00:00+00:00,0.0,1.00727409549669,1.00727409549669,0.0,0
2024-07-02 00:00:00+00:00,0.0,1.00727409549669,1.00727409549669,0.0,0
2024-07-03 00:00:00+00:00,0.0,1.00727409549669,1.00727409549669,0.0,0
2024-07-04 00:00:00+00:00,0.0,1.00727409549669,1.00727409549669,0.0,0
2024-07-05 00:00:00+00:00,0.002054359817525775,1.0093433989237128,1.0077734629825883,0.08746294001687632,2
2024-07-06 00:00:00+00:00,-0.0026689120270485533,1.0066495501869033,1.0077051266315846,0.05217119314632994,1
2024-07-07 00:00:00+00:00,0.0021519343042204486,1.0088157938862785,1.007719712029781,0.049926309755977005,1
2024-07-08 00:00:00+00:00,-0.0007519879784034789,1.0080571765368525,1.007732862604827,0.05072948134990123,1
2024-07-09 00:00:00+00:00,-0.0011856679061696962,1.0068619554950486,1.007743602242666,0.0519874428969429,1
2024-07-10 00:00:00+00:00,0.0002962124580387915,1.0071602005497915,1.007756595377224,0.05168882414912765,1
2024-07-11 00:00:00+00:00,0.0003661899749392017,1.0075290125183907,1.0077722254142851,0.05131936045736093,1
2024-07-12 00:00:00+00:00,-0.0004895674195393163,1.007035759139621,1.0077792003395714,0.05184123045773388,1
2024-07-13 00:00:00+00:00,-0.0011549957701216806,1.0058726370974536,1.007792449277546,0.05307067901053402,1
2024-07-14 00:00:00+00:00,-0.001694479563582596,1.004168206470325,1.004168206470325,0.0,0
2024-07-15 00:00:00+00:00,0.0,1.004168206470325,1.004168206470325,0.0,0
2024-07-16 00:00:00+00:00,0.0,1.004168206470325,1.004168206470325,0.0,0
2024-07-17 00:00:00+00:00,0.0,1.004168206470325,1.004168206470325,0.0,0
2024-07-18 00:00:00+00:00,0.0,1.004168206470325,1.004168206470325,0.0,0
2024-07-19 00:00:00+00:00,0.0,1.004168206470325,1.004168206470325,0.0,0
2024-07-20 00:00:00+00:00,0.0,1.004168206470325,1.004168206470325,0.0,0
2024-07-21 00:00:00+00:00,0.0,1.004168206470325,1.004168206470325,0.0,0
2024-07-22 00:00:00+00:00,-0.0009736121038640411,1.00319053615019,1.0041008593560319,0.02872017726067862,1
2024-07-23 00:00:00+00:00,-0.0009578775850740406,1.0022296024220534,1.0040923009322724,0.0277974574416527,1
2024-07-24 00:00:00+00:00,0.0008091093806135152,1.0030405157949016,1.0040861790879836,0.028589542980228082,1
2024-07-25 00:00:00+00:00,-0.0010068940687956163,1.002030560248786,1.0040790291406572,0.02761758516782996,1
2024-07-26 00:00:00+00:00,0.0018012452025333303,1.003835462988226,1.004074241570714,0.02937070439816513,1
2024-07-27 00:00:00+00:00,0.00014141577749127165,1.0039774211606978,1.0040692590770393,0.029512910041057844,1
2024-07-28 00:00:00+00:00,0.00013669593913778755,1.0041146607971565,1.0040606858814118,0.02965409161780003,1
2024-07-29 00:00:00+00:00,-0.00037607387209126486,1.003737039508647,1.0040534775221466,0.02929621410723825,1
2024-07-30 00:00:00+00:00,-0.0005598149337160407,1.003175132524406,1.0040453370615303,0.028760609945127778,1
2024-07-31 00:00:00+00:00,-0.0012007065657381188,1.0019706135561988,1.0040395445803076,0.027598815606033434,1
2024-08-01 00:00:00+00:00,-0.0015003947441102339,1.0004672621138662,1.0004672621138662,0.0,0
2024-08-02 00:00:00+00:00,0.0,1.0004672621138662,1.0004672621138662,0.0,0
2024-08-03 00:00:00+00:00,0.0,1.0004672621138662,1.0004672621138662,0.0,0
2024-08-04 00:00:00+00:00,0.0,1.0004672621138662,1.0004672621138662,0.0,0
2024-08-05 00:00:00+00:00,0.002990187882531359,1.0034588471979085,1.0010963413843057,0.021168256439172178,1
2024-08-06 00:00:00+00:00,-0.0003642883811976194,1.0030932987988643,1.0010932488028355,0.021537308690113437,1
2024-08-07 00:00:00+00:00,0.0010351762762459416,1.0041316771846422,1.001091246375679,0.020478936852123198,1
2024-08-08 00:00:00+00:00,-0.0030768123678817094,1.0010421524212987,1.0010421524212987,0.0,0
2024-08-09 00:00:00+00:00,0.0,1.0010421524212987,1.0010421524212987,0.0,0
2024-08-10 00:00:00+00:00,0.0,1.0010421524212987,1.0010421524212987,0.0,0
2024-08-11 00:00:00+00:00,0.0,1.0010421524212987,1.0010421524212987,0.0,0
2024-08-12 00:00:00+00:00,0.0,1.0010421524212987,1.0010421524212987,0.0,0
2024-08-13 00:00:00+00:00,0.0,1.0010421524212987,1.0010421524212987,0.0,0
2024-08-14 00:00:00+00:00,0.0,1.0010421524212987,1.0010421524212987,0.0,0
2024-08-15 00:00:00+00:00,0.0,1.0010421524212987,1.0010421524212987,0.0,0
2024-08-16 00:00:00+00:00,0.0,1.0010421524212987,1.0010421524212987,0.0,0
2024-08-17 00:00:00+00:00,0.0,1.0010421524212987,1.0010421524212987,0.0,0
2024-08-18 00:00:00+00:00,0.0,1.0010421524212987,1.0010421524212987,0.0,0
2024-08-19 00:00:00+00:00,0.0,1.0010421524212987,1.0010421524212987,0.0,0
2024-08-20 00:00:00+00:00,0.0,1.0010421524212987,1.0010421524212987,0.0,0
2024-08-21 00:00:00+00:00,0.0,1.0010421524212987,1.0010421524212987,0.0,0
2024-08-22 00:00:00+00:00,0.0,1.0010421524212987,1.0010421524212987,0.0,0
2024-08-23 00:00:00+00:00,0.0,1.0010421524212987,1.0010421524212987,0.0,0
2024-08-24 00:00:00+00:00,0.0,1.0010421524212987,1.0010421524212987,0.0,0
2024-08-25 00:00:00+00:00,0.0,1.0010421524212987,1.0010421524212987,0.0,0
2024-08-26 00:00:00+00:00,0.0,1.0010421524212987,1.0010421524212987,0.0,0
2024-08-27 00:00:00+00:00,0.0,1.0010421524212987,1.0010421524212987,0.0,0
2024-08-28 00:00:00+00:00,0.0,1.0010421524212987,1.0010421524212987,0.0,0
2024-08-29 00:00:00+00:00,0.0,1.0010421524212987,1.0010421524212987,0.0,0
2024-08-30 00:00:00+00:00,0.0,1.0010421524212987,1.0010421524212987,0.0,0
2024-08-31 00:00:00+00:00,0.0,1.0010421524212987,1.0010421524212987,0.0,0
2024-09-01 00:00:00+00:00,0.0,1.0010421524212987,1.0010421524212987,0.0,0
2024-09-02 00:00:00+00:00,0.0,1.0010421524212987,1.0010421524212987,0.0,0
2024-09-03 00:00:00+00:00,0.0,1.0010421524212987,1.0010421524212987,0.0,0
2024-09-04 00:00:00+00:00,0.0,1.0010421524212987,1.0010421524212987,0.0,0
2024-09-05 00:00:00+00:00,0.0,1.0010421524212987,1.0010421524212987,0.0,0
2024-09-06 00:00:00+00:00,0.0,1.0010421524212987,1.0010421524212987,0.0,0
2024-09-07 00:00:00+00:00,0.0,1.0010421524212987,1.0010421524212987,0.0,0
2024-09-08 00:00:00+00:00,0.0,1.0010421524212987,1.0010421524212987,0.0,0
2024-09-09 00:00:00+00:00,0.0,1.0010421524212987,1.0010421524212987,0.0,0
2024-09-10 00:00:00+00:00,0.0,1.0010421524212987,1.0010421524212987,0.0,0
2024-09-11 00:00:00+00:00,0.0,1.0010421524212987,1.0010421524212987,0.0,0
2024-09-12 00:00:00+00:00,0.0,1.0010421524212987,1.0010421524212987,0.0,0
2024-09-13 00:00:00+00:00,0.0,1.0010421524212987,1.0010421524212987,0.0,0
2024-09-14 00:00:00+00:00,0.0,1.0010421524212987,1.0010421524212987,0.0,0
2024-09-15 00:00:00+00:00,0.0,1.0010421524212987,1.0010421524212987,0.0,0
2024-09-16 00:00:00+00:00,0.0,1.0010421524212987,1.0010421524212987,0.0,0
2024-09-17 00:00:00+00:00,0.0,1.0010421524212987,1.0010421524212987,0.0,0
2024-09-18 00:00:00+00:00,0.0,1.0010421524212987,1.0010421524212987,0.0,0
2024-09-19 00:00:00+00:00,0.0,1.0010421524212987,1.0010421524212987,0.0,0
2024-09-20 00:00:00+00:00,0.0,1.0010421524212987,1.0010421524212987,0.0,0
2024-09-21 00:00:00+00:00,0.0,1.0010421524212987,1.0010421524212987,0.0,0
2024-09-22 00:00:00+00:00,0.0,1.0010421524212987,1.0010421524212987,0.0,0
2024-09-23 00:00:00+00:00,0.0,1.0010421524212987,1.0010421524212987,0.0,0
2024-09-24 00:00:00+00:00,0.0,1.0010421524212987,1.0010421524212987,0.0,0
2024-09-25 00:00:00+00:00,0.0,1.0010421524212987,1.0010421524212987,0.0,0
2024-09-26 00:00:00+00:00,0.0,1.0010421524212987,1.0010421524212987,0.0,0
2024-09-27 00:00:00+00:00,0.0,1.0010421524212987,1.0010421524212987,0.0,0
2024-09-28 00:00:00+00:00,0.0,1.0010421524212987,1.0010421524212987,0.0,0
2024-09-29 00:00:00+00:00,0.0,1.0010421524212987,1.0010421524212987,0.0,0
2024-09-30 00:00:00+00:00,0.0,1.0010421524212987,1.0010421524212987,0.0,0
2024-10-01 00:00:00+00:00,0.0,1.0010421524212987,1.0010421524212987,0.0,0
2024-10-02 00:00:00+00:00,0.0,1.0010421524212987,1.0010421524212987,0.0,0
2024-10-03 00:00:00+00:00,0.0,1.0010421524212987,1.0010421524212987,0.0,0
2024-10-04 00:00:00+00:00,0.0,1.0010421524212987,1.0010421524212987,0.0,0
2024-10-05 00:00:00+00:00,0.0,1.0010421524212987,1.0010421524212987,0.0,0
2024-10-06 00:00:00+00:00,0.0,1.0010421524212987,1.0010421524212987,0.0,0
2024-10-07 00:00:00+00:00,0.0,1.0010421524212987,1.0010421524212987,0.0,0
2024-10-08 00:00:00+00:00,0.0,1.0010421524212987,1.0010421524212987,0.0,0
2024-10-09 00:00:00+00:00,0.0,1.0010421524212987,1.0010421524212987,0.0,0
2024-10-10 00:00:00+00:00,0.0,1.0010421524212987,1.0010421524212987,0.0,0
2024-10-11 00:00:00+00:00,0.0,1.0010421524212987,1.0010421524212987,0.0,0
2024-10-12 00:00:00+00:00,0.0,1.0010421524212987,1.0010421524212987,0.0,0
2024-10-13 00:00:00+00:00,0.0,1.0010421524212987,1.0010421524212987,0.0,0
2024-10-14 00:00:00+00:00,0.0,1.0010421524212987,1.0010421524212987,0.0,0
2024-10-15 00:00:00+00:00,0.0,1.0010421524212987,1.0010421524212987,0.0,0
2024-10-16 00:00:00+00:00,0.00032762571978861565,1.0013701195770244,1.0009161139567284,0.0559218254615045,1
2024-10-17 00:00:00+00:00,-0.00017435731368364848,1.001195523372972,1.0008993426991475,0.05577394105274943,1
2024-10-18 00:00:00+00:00,0.0008158150342272297,1.0020123137331405,1.0008824362423383,0.05656049945006191,1
2024-10-19 00:00:00+00:00,-5.886446515757093e-05,1.0019533308142112,1.0008654571280604,0.05652190713232752,1
2024-10-20 00:00:00+00:00,0.0005312334525655604,1.0024856019414492,1.0008484477329331,0.057039815361769344,1
2024-10-21 00:00:00+00:00,-0.001766180649480309,1.0007150312699176,1.0007428601271635,0.09398434301265929,2
2024-10-22 00:00:00+00:00,0.0003317876127431063,1.0010470561211788,1.0007145922144285,0.09431308642634227,2
2024-10-23 00:00:00+00:00,9.083020831690547e-05,1.0011379814338213,1.0006864475457415,0.09442345536300141,2
2024-10-24 00:00:00+00:00,0.002680818642007532,1.0038218507976708,1.000657798776046,0.09687319075430934,2
2024-10-25 00:00:00+00:00,-0.004093398001184356,0.9997128084400705,1.0006316674376738,0.09318727721594786,2
2024-10-26 00:00:00+00:00,0.0017021607062230881,1.001414480300105,1.0006111749040367,0.09474865889863672,2
2024-10-27 00:00:00+00:00,0.00206626968401058,1.0034836726818783,1.0005894287716939,0.09663696596583171,2
2024-10-28 00:00:00+00:00,0.0019549011507509206,1.005445384068364,1.000564889082276,0.09842391259454143,2
2024-10-29 00:00:00+00:00,0.0024231195535795447,1.0078816984385564,1.0019008819732809,0.08060897968717498,2
2024-10-30 00:00:00+00:00,-0.0011157034106218378,1.0067572013901052,1.001876700009463,0.07960608591745355,2
2024-10-31 00:00:00+00:00,-0.0024940037921845626,1.0042463451120291,1.0018528497615369,0.07732863019089474,2
2024-11-01 00:00:00+00:00,-0.0008437159393934746,1.0033990464635805,1.0017742365684628,0.045904330486160626,1
2024-11-02 00:00:00+00:00,-9.892873833450277e-05,1.0032997814618678,1.0017604041571972,0.045823720584218096,1
2024-11-03 00:00:00+00:00,-0.0004126674008811948,1.0028857523487473,1.0017467616064428,0.04544340387607912,1
2024-11-04 00:00:00+00:00,-0.0012379413227795455,1.001644238633888,1.001644238633888,0.0,0
2024-11-05 00:00:00+00:00,0.0,1.001644238633888,1.001644238633888,0.0,0
2024-11-06 00:00:00+00:00,0.0,1.001644238633888,1.001644238633888,0.0,0
2024-11-07 00:00:00+00:00,0.0016936772676019451,1.0033407007110866,1.001443253315887,0.08893729128873541,2
2024-11-08 00:00:00+00:00,0.0018589018628039078,1.0052058126086654,1.0013219739193733,0.13149914437751925,3
2024-11-09 00:00:00+00:00,0.0024550734423747222,1.0076736667033217,1.001966686878401,0.1248561591009258,3
2024-11-10 00:00:00+00:00,0.004994353780755745,1.0127063454903895,1.0031161021124826,0.16328316664248801,4
2024-11-11 00:00:00+00:00,0.010391035954957939,1.0232294135381943,1.005076116036419,0.1537495898223232,4
2024-11-12 00:00:00+00:00,-0.005047483758704341,1.0180646796919317,1.007597847861373,0.08272362539181735,3
2024-11-13 00:00:00+00:00,0.0005595140403744647,1.0186343011742287,1.0092692883735583,0.06148892460449272,2
2024-11-14 00:00:00+00:00,-0.0018725727937908276,1.0167268342950277,1.0092436780948746,0.05975338615515119,2
2024-11-15 00:00:00+00:00,0.00252955891129214,1.0192987047190685,1.0092251072094283,0.06214401348707723,2
2024-11-16 00:00:00+00:00,-0.000558570860726304,1.0187293541642364,1.009199195041202,0.0616452974581626,2
2024-11-17 00:00:00+00:00,0.002098488826739464,1.0208671463314216,1.0112508242901237,0.0521956266451268,2
2024-11-18 00:00:00+00:00,0.00038032164984724837,1.0212554042087891,1.0112151771262408,0.05259086536443037,2
2024-11-19 00:00:00+00:00,0.0004309803233104592,1.0216955451930776,1.0111806521426214,0.053032796010782146,2
2024-11-20 00:00:00+00:00,0.0005924171961959601,1.0223008152033268,1.0181099217527136,0.019752458459510992,1
2024-11-21 00:00:00+00:00,0.0035569142370297513,1.0259370515274506,1.0180006088400793,0.06691919229514112,2
2024-11-22 00:00:00+00:00,0.00026732952148633693,1.0262113147885106,1.0179681158019214,0.06720022878261253,2
2024-11-23 00:00:00+00:00,-0.0007499440903283583,1.0254417136775569,1.0179397585452779,0.0665278097904985,2
2024-11-24 00:00:00+00:00,-0.0001078417611455329,1.0253311282372017,1.0179004312355149,0.0664654873644151,2
2024-11-25 00:00:00+00:00,-0.003859299189344134,1.0213740686451867,1.0178648530001433,0.06288357396496586,2
2024-11-26 00:00:00+00:00,-0.0008189120898203228,1.0205376530721442,1.0178281848918898,0.0621514592193835,2
2024-11-27 00:00:00+00:00,0.0027250324919823044,1.023318651336057,1.0177965216162237,0.06473112336988394,2
2024-11-28 00:00:00+00:00,-0.0012177824996125741,1.0220724717909329,1.017695125692099,0.09561321266663869,3
2024-11-29 00:00:00+00:00,0.0014067794333578743,1.0235103023236496,1.0176527921745522,0.09692505921152643,3
2024-11-30 00:00:00+00:00,-3.146981923307646e-05,1.0234780926394522,1.0176113429988909,0.09693713706360818,3
2024-12-01 00:00:00+00:00,0.0003158356515680083,1.0238013435097066,1.0175682151268517,0.09726439169215688,3
2024-12-02 00:00:00+00:00,-0.002215853609393359,1.021532749607389,1.0174902103775447,0.09533597995218826,3
2024-12-03 00:00:00+00:00,0.0003796156945918838,1.0219205394716795,1.0174250175389519,0.09574306872287763,3
2024-12-04 00:00:00+00:00,0.0028895718219206223,1.0248734522667788,1.017252590943174,0.13283053811184445,4
2024-12-05 00:00:00+00:00,-0.0025381092216035794,1.0222722115066039,1.0177143789361043,0.0864300987563081,3
2024-12-06 00:00:00+00:00,0.0025866142861004082,1.0249164354131703,1.0183528243933821,0.08179720187596827,3
2024-12-07 00:00:00+00:00,0.0009268191747122678,1.025866347617989,1.0182761098938433,0.08272220204404943,3
2024-12-08 00:00:00+00:00,-0.0004538219609113714,1.02540078694048,1.0182216564424573,0.08235883678585985,3
2024-12-09 00:00:00+00:00,-0.0089717248800959,1.0162011731882161,1.0162011731882161,0.0,0
2024-12-10 00:00:00+00:00,0.0,1.0162011731882161,1.0162011731882161,0.0,0
2024-12-11 00:00:00+00:00,0.0,1.0162011731882161,1.0162011731882161,0.0,0
2024-12-12 00:00:00+00:00,0.0,1.0162011731882161,1.0162011731882161,0.0,0
2024-12-13 00:00:00+00:00,0.0,1.0162011731882161,1.0162011731882161,0.0,0
2024-12-14 00:00:00+00:00,0.0,1.0162011731882161,1.0162011731882161,0.0,0
2024-12-15 00:00:00+00:00,0.0,1.0162011731882161,1.0162011731882161,0.0,0
2024-12-16 00:00:00+00:00,0.0,1.0162011731882161,1.0162011731882161,0.0,0
2024-12-17 00:00:00+00:00,-7.936577966638492e-05,1.0161205215898081,1.016098738472872,0.04424081145945879,1
2024-12-18 00:00:00+00:00,-0.0024707760224833564,1.0136099153691107,1.016085774268983,0.04188628559683365,1
2024-12-19 00:00:00+00:00,-0.0011606170781949254,1.0124335023907056,1.0124335023907056,0.0,0
2024-12-20 00:00:00+00:00,0.0,1.0124335023907056,1.0124335023907056,0.0,0
2024-12-21 00:00:00+00:00,0.0,1.0124335023907056,1.0124335023907056,0.0,0
2024-12-22 00:00:00+00:00,0.0,1.0124335023907056,1.0124335023907056,0.0,0
2024-12-23 00:00:00+00:00,0.0,1.0124335023907056,1.0124335023907056,0.0,0
2024-12-24 00:00:00+00:00,0.0,1.0124335023907056,1.0124335023907056,0.0,0
2024-12-25 00:00:00+00:00,0.0,1.0124335023907056,1.0124335023907056,0.0,0
2024-12-26 00:00:00+00:00,0.0,1.0124335023907056,1.0124335023907056,0.0,0
2024-12-27 00:00:00+00:00,0.0,1.0124335023907056,1.0124335023907056,0.0,0
2024-12-28 00:00:00+00:00,0.0,1.0124335023907056,1.0124335023907056,0.0,0
2024-12-29 00:00:00+00:00,0.0,1.0124335023907056,1.0124335023907056,0.0,0
2024-12-30 00:00:00+00:00,0.0,1.0124335023907056,1.0124335023907056,0.0,0
2024-12-31 00:00:00+00:00,0.0,1.0124335023907056,1.0124335023907056,0.0,0
2025-01-01 00:00:00+00:00,0.0,1.0,1.0,0.0,0
2025-01-02 00:00:00+00:00,0.0,1.0,1.0,0.0,0
2025-01-03 00:00:00+00:00,0.0,1.0,1.0,0.0,0
2025-01-04 00:00:00+00:00,0.0,1.0,1.0,0.0,0
2025-01-05 00:00:00+00:00,0.0,1.0,1.0,0.0,0
2025-01-06 00:00:00+00:00,0.0,1.0,1.0,0.0,0
2025-01-07 00:00:00+00:00,0.0,1.0,1.0,0.0,0
2025-01-08 00:00:00+00:00,0.0,1.0,1.0,0.0,0
2025-01-09 00:00:00+00:00,0.0,1.0,1.0,0.0,0
2025-01-10 00:00:00+00:00,0.0,1.0,1.0,0.0,0
2025-01-11 00:00:00+00:00,0.0,1.0,1.0,0.0,0
2025-01-12 00:00:00+00:00,0.0,1.0,1.0,0.0,0
2025-01-13 00:00:00+00:00,0.0,1.0,1.0,0.0,0
2025-01-14 00:00:00+00:00,0.0,1.0,1.0,0.0,0
2025-01-15 00:00:00+00:00,0.0,1.0,1.0,0.0,0
2025-01-16 00:00:00+00:00,0.0,1.0,1.0,0.0,0
2025-01-17 00:00:00+00:00,0.0,1.0,1.0,0.0,0
2025-01-18 00:00:00+00:00,0.0,1.0,1.0,0.0,0
2025-01-19 00:00:00+00:00,0.0005668121653905622,1.0005668121653906,1.0005668121653906,0.0,0
2025-01-20 00:00:00+00:00,0.0,1.0005668121653906,1.0005668121653906,0.0,0
2025-01-21 00:00:00+00:00,0.0,1.0005668121653906,1.0005668121653906,0.0,0
2025-01-22 00:00:00+00:00,0.0,1.0005668121653906,1.0005668121653906,0.0,0
2025-01-23 00:00:00+00:00,0.0,1.0005668121653906,1.0005668121653906,0.0,0
2025-01-24 00:00:00+00:00,0.0,1.0005668121653906,1.0005668121653906,0.0,0
2025-01-25 00:00:00+00:00,0.0,1.0005668121653906,1.0005668121653906,0.0,0
2025-01-26 00:00:00+00:00,0.0,1.0005668121653906,1.0005668121653906,0.0,0
2025-01-27 00:00:00+00:00,0.0,1.0005668121653906,1.0005668121653906,0.0,0
2025-01-28 00:00:00+00:00,0.0,1.0005668121653906,1.0005668121653906,0.0,0
2025-01-29 00:00:00+00:00,0.0,1.0005668121653906,1.0005668121653906,0.0,0
2025-01-30 00:00:00+00:00,0.0,1.0005668121653906,1.0005668121653906,0.0,0
2025-01-31 00:00:00+00:00,0.0,1.0005668121653906,1.0005668121653906,0.0,0
2025-02-01 00:00:00+00:00,0.0,1.0005668121653906,1.0005668121653906,0.0,0
2025-02-02 00:00:00+00:00,0.0,1.0005668121653906,1.0005668121653906,0.0,0
2025-02-03 00:00:00+00:00,0.0,1.0005668121653906,1.0005668121653906,0.0,0
2025-02-04 00:00:00+00:00,0.0,1.0005668121653906,1.0005668121653906,0.0,0
2025-02-05 00:00:00+00:00,0.0,1.0005668121653906,1.0005668121653906,0.0,0
2025-02-06 00:00:00+00:00,0.0,1.0005668121653906,1.0005668121653906,0.0,0
2025-02-07 00:00:00+00:00,0.0,1.0005668121653906,1.0005668121653906,0.0,0
2025-02-08 00:00:00+00:00,0.0,1.0005668121653906,1.0005668121653906,0.0,0
2025-02-09 00:00:00+00:00,0.0,1.0005668121653906,1.0005668121653906,0.0,0
2025-02-10 00:00:00+00:00,0.0,1.0005668121653906,1.0005668121653906,0.0,0
2025-02-11 00:00:00+00:00,0.0,1.0005668121653906,1.0005668121653906,0.0,0
2025-02-12 00:00:00+00:00,0.0,1.0005668121653906,1.0005668121653906,0.0,0
2025-02-13 00:00:00+00:00,0.0,1.0005668121653906,1.0005668121653906,0.0,0
2025-02-14 00:00:00+00:00,0.0,1.0005668121653906,1.0005668121653906,0.0,0
2025-02-15 00:00:00+00:00,0.0,1.0005668121653906,1.0005668121653906,0.0,0
2025-02-16 00:00:00+00:00,0.0,1.0005668121653906,1.0005668121653906,0.0,0
2025-02-17 00:00:00+00:00,0.0,1.0005668121653906,1.0005668121653906,0.0,0
2025-02-18 00:00:00+00:00,0.0,1.0005668121653906,1.0005668121653906,0.0,0
2025-02-19 00:00:00+00:00,0.0,1.0005668121653906,1.0005668121653906,0.0,0
2025-02-20 00:00:00+00:00,0.0,1.0005668121653906,1.0005668121653906,0.0,0
2025-02-21 00:00:00+00:00,0.0,1.0005668121653906,1.0005668121653906,0.0,0
2025-02-22 00:00:00+00:00,0.0,1.0005668121653906,1.0005668121653906,0.0,0
2025-02-23 00:00:00+00:00,0.0,1.0005668121653906,1.0005668121653906,0.0,0
2025-02-24 00:00:00+00:00,0.0,1.0005668121653906,1.0005668121653906,0.0,0
2025-02-25 00:00:00+00:00,0.0,1.0005668121653906,1.0005668121653906,0.0,0
2025-02-26 00:00:00+00:00,0.0,1.0005668121653906,1.0005668121653906,0.0,0
2025-02-27 00:00:00+00:00,0.0,1.0005668121653906,1.0005668121653906,0.0,0
2025-02-28 00:00:00+00:00,0.0,1.0005668121653906,1.0005668121653906,0.0,0
2025-03-01 00:00:00+00:00,0.0,1.0005668121653906,1.0005668121653906,0.0,0
2025-03-02 00:00:00+00:00,0.0,1.0005668121653906,1.0005668121653906,0.0,0
2025-03-03 00:00:00+00:00,0.0,1.0005668121653906,1.0005668121653906,0.0,0
2025-03-04 00:00:00+00:00,0.0,1.0005668121653906,1.0005668121653906,0.0,0
2025-03-05 00:00:00+00:00,0.0,1.0005668121653906,1.0005668121653906,0.0,0
2025-03-06 00:00:00+00:00,0.0,1.0005668121653906,1.0005668121653906,0.0,0
2025-03-07 00:00:00+00:00,0.0,1.0005668121653906,1.0005668121653906,0.0,0
2025-03-08 00:00:00+00:00,0.0,1.0005668121653906,1.0005668121653906,0.0,0
2025-03-09 00:00:00+00:00,0.0,1.0005668121653906,1.0005668121653906,0.0,0
2025-03-10 00:00:00+00:00,0.0,1.0005668121653906,1.0005668121653906,0.0,0
2025-03-11 00:00:00+00:00,-0.0005120278582908533,1.0000544940834806,1.0005367699768632,0.01596105921268503,1
2025-03-12 00:00:00+00:00,0.00012751116896181358,1.0001820122010467,1.0005366829906026,0.01583144237647885,1
2025-03-13 00:00:00+00:00,0.00036203440973259227,1.000544112505459,1.000537802819128,0.015464928755132824,1
2025-03-14 00:00:00+00:00,-0.00038772790233621013,1.0001561736355224,1.0005403173020195,0.015861319649138846,1
2025-03-15 00:00:00+00:00,-0.00020997636775610395,0.9999461644749936,1.000541848677958,0.01607620277637658,1
2025-03-16 00:00:00+00:00,0.0004162918470591581,1.0003624339107626,1.0005405165052377,0.01565206285871727,1
2025-03-17 00:00:00+00:00,-0.0003251843347058525,1.0000371317182266,1.0005423217356535,0.015984249597370437,1
2025-03-18 00:00:00+00:00,-4.202430455191308e-05,0.99999510585324,1.0005440485640416,0.01602867426008128,1
2025-03-19 00:00:00+00:00,-0.0010306776564336095,0.9989644332410942,1.0005475833548683,0.017080491205287582,1
2025-03-20 00:00:00+00:00,0.0006022792547251132,0.9995660887954436,1.0005474110642993,0.01646812107370313,1
2025-03-21 00:00:00+00:00,0.00015115017943378994,0.9997171733891209,1.000549802918254,0.016316897484544325,1
2025-03-22 00:00:00+00:00,-0.00012272562044279844,0.9995944824787494,1.000549569736018,0.016441407638735785,1
2025-03-23 00:00:00+00:00,-0.0002100856904789783,0.9993844819816988,1.0005507776866807,0.016656200999408937,1
2025-03-24 00:00:00+00:00,-0.0006245133661094693,0.9987603530148189,1.0005527190437804,0.017293456913283017,1
2025-03-25 00:00:00+00:00,0.00012759921331184643,0.9988877940501506,1.0005540493746796,0.017164999441632786,1
2025-03-26 00:00:00+00:00,0.0004701688566604023,0.9993574399822112,1.000554370874774,0.01668730659117846,1
2025-03-27 00:00:00+00:00,5.14598872338734e-05,0.999408866803379,1.0005568976268762,0.016637518915833288,1
2025-03-28 00:00:00+00:00,0.000887493533769268,1.0002958357102587,1.000557355604243,0.015736517572726833,1
2025-03-29 00:00:00+00:00,0.0005714809500845242,1.000867485724816,1.0005586431833489,0.015157661506150125,1
2025-03-30 00:00:00+00:00,0.00016834986810132513,1.0010359816340249,1.000558354983202,0.014986500712276453,1
2025-03-31 00:00:00+00:00,-0.00012043191737909353,1.0009154249513912,1.0005590106958753,0.015109407318619521,1
2025-04-01 00:00:00+00:00,-0.0006844310213094396,1.0002303673848474,1.0005598824512678,0.01580552709107379,1
2025-04-02 00:00:00+00:00,0.000915193001046477,1.0011457712165122,1.000561128964627,0.014877964107675614,1
2025-04-03 00:00:00+00:00,-0.0001848154194281637,1.000960744040896,1.0005619054470227,0.015066339612721214,1
2025-04-04 00:00:00+00:00,5.486866969439674e-06,1.0009662361793403,1.00056316345385,0.015062026901778667,1
2025-04-05 00:00:00+00:00,9.084904455414211e-05,1.0010571730055282,1.000564270272009,0.014970923512870807,1
2025-04-06 00:00:00+00:00,0.0018682542806141011,1.0029274023541352,1.000565089000665,0.01307905210121427,1
2025-04-07 00:00:00+00:00,0.00015038317720539318,1.0030782257634077,1.0012173028464353,0.03138076688654467,2
2025-04-08 00:00:00+00:00,0.0008335755048782811,1.0039143672018809,1.0012088362600637,0.030513315624902948,2
2025-04-09 00:00:00+00:00,-0.003999366763557277,0.999899345448236,1.001206128179331,0.03464855715470736,2
2025-04-10 00:00:00+00:00,0.0022274982599133075,1.0021266195003105,1.001212928448719,0.032355787388622756,2
2025-04-11 00:00:00+00:00,-0.001991992783029417,1.0001303905065841,1.001214185200768,0.03441759385530862,2
2025-04-12 00:00:00+00:00,-0.001006065064786843,0.9991241942604638,0.9976568933086155,0.010925990575484214,1
2025-04-13 00:00:00+00:00,0.00031226498069414355,0.9994361857576957,0.9976588467448647,0.01061236687283292,1
2025-04-14 00:00:00+00:00,-0.00017143961888710368,0.9992648427989074,0.9976608541158032,0.010787664428159581,1
2025-04-15 00:00:00+00:00,0.00023327634217729099,0.9994979476463018,0.9976613639997098,0.01055243671117252,1
2025-04-16 00:00:00+00:00,7.576716380941484e-05,0.9995736767710283,0.9976612440529619,0.010475755822058076,1
2025-04-17 00:00:00+00:00,-4.0762884527589804e-05,0.9995329312646652,0.997662076058633,0.010517779802154908,1
2025-04-18 00:00:00+00:00,-3.388604880250057e-05,0.9994990610429767,0.997661879636627,0.010551826896887164,1
2025-04-19 00:00:00+00:00,-0.00016154819035130163,0.9993375937784074,0.9976633351149005,0.0107165625362677,1
2025-04-20 00:00:00+00:00,0.00017288044246188683,0.9995103597037887,0.9976642119010738,0.010542736828144978,1
2025-04-21 00:00:00+00:00,5.45730926206911e-05,0.9995649060752242,0.9976661554138336,0.010489535753966123,1
2025-04-22 00:00:00+00:00,-0.0011750992015588935,0.9983903181521889,0.9976666967566435,0.011678900400508193,1
2025-04-23 00:00:00+00:00,-0.0002555958943764036,0.998135133685884,0.9976698109234067,0.01194066746812848,1
2025-04-24 00:00:00+00:00,0.00017285769438779575,0.9983076690237803,0.9976719183126137,0.01176788693048697,1
2025-04-25 00:00:00+00:00,-9.808969923896793e-05,0.9982097453247778,0.9976734219866384,0.011868647044797573,1
2025-04-26 00:00:00+00:00,-0.0002412364940751477,0.997968940705464,0.9976732488786657,0.012112632129345722,1
2025-04-27 00:00:00+00:00,0.00019767568015804926,0.9981662148945947,0.9976726645880047,0.011912016253467462,1
2025-04-28 00:00:00+00:00,-6.15189644873615e-05,0.998104808742668,0.9976711008295968,0.011972705135103881,1
2025-04-29 00:00:00+00:00,1.9158570286004206e-05,0.998123931003799,0.9976726223867517,0.011954841973409925,1
2025-04-30 00:00:00+00:00,2.419998491021147e-05,0.9981480855878678,0.9976711397189911,0.011928867855501825,1
2025-05-01 00:00:00+00:00,-0.0005014545318735575,0.9976475597068689,0.9976475597068689,0.0,0
2025-05-02 00:00:00+00:00,0.00016762621299748481,0.9978147915892088,0.9975356555196009,0.0663928286956677,1
2025-05-03 00:00:00+00:00,-0.000701964343885475,0.9971143611837117,0.997538470128687,0.06573418663391041,1
2025-05-04 00:00:00+00:00,-0.0010841806356255423,0.9960333091018122,0.9975336654759548,0.06472499814526328,1
2025-05-05 00:00:00+00:00,0.00032106783746788103,0.9963531033624116,0.9975343004804951,0.06502455115727046,1
2025-05-06 00:00:00+00:00,0.0014388452203195623,0.9977867012629352,0.9975296634655046,0.06637255053809014,1
2025-05-07 00:00:00+00:00,0.00012826661005771456,0.997914683980667,0.997527998425416,0.0664939569271979,1
2025-05-08 00:00:00+00:00,0.004008124582743244,1.0019144503570103,0.9981899542000008,0.05639142593819219,1
2025-05-09 00:00:00+00:00,0.004326539775724614,1.0062492730783532,0.9986770865431007,0.1310593838397748,3
2025-05-10 00:00:00+00:00,0.005211078280588088,1.0114929168101494,1.0005662872259349,0.19610734327713453,4
2025-05-11 00:00:00+00:00,-0.003312350738152059,1.0081424975005178,1.0012203439147351,0.18500255725272646,4
2025-05-12 00:00:00+00:00,0.00029302280478504805,1.0084379062427584,1.0011941834030536,0.18526724175091974,4
2025-05-13 00:00:00+00:00,0.004645714785938226,1.013122821134491,1.0011670096314083,0.18906157677462798,4
2025-05-14 00:00:00+00:00,-0.0036670624023478204,1.0094076365281481,1.0011388714270337,0.1861047458232098,4
2025-05-15 00:00:00+00:00,-0.001905278628810736,1.0074844337305127,1.001126736438305,0.1845631332790484,4
2025-05-16 00:00:00+00:00,-0.0012658627169541692,1.0062090967479416,1.00110946590798,0.18354675779003576,4
2025-05-17 00:00:00+00:00,-0.002723237596190642,1.0034689503060485,0.9973784012894155,0.07877496598872007,2
2025-05-18 00:00:00+00:00,0.0010646486084477935,1.0045372921276126,0.9990725741405668,0.057976549810705665,1
2025-05-19 00:00:00+00:00,-0.00030264439284466427,1.0042332745487468,1.0011174865874517,0.035947915793474935,1
2025-05-20 00:00:00+00:00,0.00042609015267647266,1.004661168458022,1.001111453898323,0.036364518641604525,1
2025-05-21 00:00:00+00:00,0.0009488990213548654,1.005614490457565,1.0011037405131153,0.037285714883223166,1
2025-05-22 00:00:00+00:00,0.0006871452036663062,1.0063054936314202,1.0010923880765306,0.037958066437893276,1
2025-05-23 00:00:00+00:00,-0.0015021814975255676,1.0047938401380287,1.0010828697655685,0.03652020358385987,1
2025-05-24 00:00:00+00:00,0.00013963396094962555,1.004934143481865,1.0010769687513774,0.036660591341865854,1
2025-05-25 00:00:00+00:00,0.0004210886473587916,1.0053573098410284,1.0010701424150785,0.03707286184752799,1
2025-05-26 00:00:00+00:00,0.0001364938463370713,1.0054945349271918,1.001059965868406,0.03721439847575522,1
2025-05-27 00:00:00+00:00,-0.00017573485375887987,1.005317834492141,1.0010534494954018,0.03705165565350307,1
2025-05-28 00:00:00+00:00,-0.0004007861185273409,1.0049149170593685,1.0010494640287773,0.03666953055847931,1
2025-05-29 00:00:00+00:00,-0.0007484248694739071,1.004162813743736,1.0010441865307524,0.035953265693610806,1
2025-05-30 00:00:00+00:00,-0.0005465921724322476,1.003613946209896,1.0010391896305764,0.03543101602244153,1
2025-05-31 00:00:00+00:00,0.0001953490621531273,1.003810001253052,1.0010318105798648,0.035626757910096396,1
2025-06-01 00:00:00+00:00,0.00035184379117603193,1.0041631855695132,1.001029712148906,0.035968037037039796,1
2025-06-02 00:00:00+00:00,7.53276235214706e-05,1.00423882679591,1.0010263332379505,0.03604401445285344,1
2025-06-03 00:00:00+00:00,-0.00017052905233616578,1.0040675749004573,1.0010207157602726,0.035885198636103524,1
2025-06-04 00:00:00+00:00,-0.0002357761625593202,1.003830839700697,1.0010194332035405,0.03565910740201825,1
2025-06-05 00:00:00+00:00,-0.0011335367322984347,1.0026929605708823,1.0026929605708823,0.0,0
2025-06-06 00:00:00+00:00,0.0,1.0026929605708823,1.0026929605708823,0.0,0
2025-06-07 00:00:00+00:00,0.0,1.0026929605708823,1.0026929605708823,0.0,0
2025-06-08 00:00:00+00:00,0.0,1.0026929605708823,1.0026929605708823,0.0,0
2025-06-09 00:00:00+00:00,0.0,1.0026929605708823,1.0026929605708823,0.0,0
2025-06-10 00:00:00+00:00,0.0,1.0026929605708823,1.0026929605708823,0.0,0
2025-06-11 00:00:00+00:00,-0.0006830360562004589,1.002008085125514,1.0026074340127362,0.03649939764934356,1
2025-06-12 00:00:00+00:00,-0.0017067780870526628,1.0002978796827722,1.0025996962461217,0.03485983983269538,1
2025-06-13 00:00:00+00:00,-0.001274076087940279,0.999023424073451,0.999023424073451,0.0,0
2025-06-14 00:00:00+00:00,0.0,0.999023424073451,0.999023424073451,0.0,0
2025-06-15 00:00:00+00:00,0.0,0.999023424073451,0.999023424073451,0.0,0
2025-06-16 00:00:00+00:00,0.0,0.999023424073451,0.999023424073451,0.0,0
2025-06-17 00:00:00+00:00,0.0,0.999023424073451,0.999023424073451,0.0,0
2025-06-18 00:00:00+00:00,0.0,0.999023424073451,0.999023424073451,0.0,0
2025-06-19 00:00:00+00:00,0.0,0.999023424073451,0.999023424073451,0.0,0
2025-06-20 00:00:00+00:00,0.0,0.999023424073451,0.999023424073451,0.0,0
2025-06-21 00:00:00+00:00,0.0,0.999023424073451,0.999023424073451,0.0,0
2025-06-22 00:00:00+00:00,0.0,0.999023424073451,0.999023424073451,0.0,0
2025-06-23 00:00:00+00:00,0.0,0.999023424073451,0.999023424073451,0.0,0
2025-06-24 00:00:00+00:00,0.0,0.999023424073451,0.999023424073451,0.0,0
2025-06-25 00:00:00+00:00,0.0,0.999023424073451,0.999023424073451,0.0,0
2025-06-26 00:00:00+00:00,0.0,0.999023424073451,0.999023424073451,0.0,0
2025-06-27 00:00:00+00:00,0.0,0.999023424073451,0.999023424073451,0.0,0
2025-06-28 00:00:00+00:00,0.0,0.999023424073451,0.999023424073451,0.0,0
2025-06-29 00:00:00+00:00,0.0,0.999023424073451,0.999023424073451,0.0,0
2025-06-30 00:00:00+00:00,0.0,0.999023424073451,0.999023424073451,0.0,0
2025-07-01 00:00:00+00:00,0.0,0.999023424073451,0.999023424073451,0.0,0
2025-07-02 00:00:00+00:00,0.0,0.999023424073451,0.999023424073451,0.0,0
2025-07-03 00:00:00+00:00,0.0,0.999023424073451,0.999023424073451,0.0,0
2025-07-04 00:00:00+00:00,0.0,0.999023424073451,0.999023424073451,0.0,0
2025-07-05 00:00:00+00:00,0.0,0.999023424073451,0.999023424073451,0.0,0
2025-07-06 00:00:00+00:00,0.0,0.999023424073451,0.999023424073451,0.0,0
2025-07-07 00:00:00+00:00,0.0,0.999023424073451,0.999023424073451,0.0,0
2025-07-08 00:00:00+00:00,0.0,0.999023424073451,0.999023424073451,0.0,0
2025-07-09 00:00:00+00:00,0.0,0.999023424073451,0.999023424073451,0.0,0
2025-07-10 00:00:00+00:00,0.0,0.999023424073451,0.999023424073451,0.0,0
2025-07-11 00:00:00+00:00,0.0007880475746531168,0.9998107020598138,0.9987671993684373,0.11238922737166923,2
2025-07-12 00:00:00+00:00,-0.0002943155809407294,0.9995164421922064,0.9987366418639237,0.11215848507050087,2
2025-07-13 00:00:00+00:00,0.0013820892723375167,1.0008978631444851,0.9987082271267212,0.11341225696315597,2
2025-07-14 00:00:00+00:00,0.001186460482633267,1.0020853889062582,0.999350281942781,0.09917639433997943,2
2025-07-15 00:00:00+00:00,-0.0004688115437500029,1.0016155997081158,0.9992107841733417,0.04028248029227059,1
2025-07-16 00:00:00+00:00,0.002582421015014269,1.0042021928817682,0.999882089205289,0.03452920140882511,1
2025-07-17 00:00:00+00:00,0.0024864387741054816,1.006699080151191,1.0017529974679789,0.11570997055183224,2
2025-07-18 00:00:00+00:00,0.0032153973390192103,1.0099360176947023,1.006105557144888,0.02257750264448609,1
2025-07-19 00:00:00+00:00,0.0004504684272872428,1.010390961984254,1.0059388659080455,0.1022766781656316,2
2025-07-20 00:00:00+00:00,0.0036238740639529254,1.014052491585841,1.0059307778431532,0.10552614366092448,2
2025-07-21 00:00:00+00:00,0.0008924178766431812,1.014957450157187,1.006585518634648,0.0899309366631945,2
2025-07-22 00:00:00+00:00,0.0037077614707858864,1.0187206702853668,1.0064757401637394,0.134073795783249,3
2025-07-23 00:00:00+00:00,-0.005431120859149541,1.0131878752033332,1.0101798909355737,0.06258862025809943,2
2025-07-24 00:00:00+00:00,-0.0008980462303558312,1.0122779856513646,1.010160955251877,0.06176473082412106,2
2025-07-25 00:00:00+00:00,-0.0007728662428121424,1.0114956301679128,1.0065219145776243,0.02367295264218105,1
2025-07-26 00:00:00+00:00,9.350533108398729e-05,1.0115902104017016,1.0065147135432577,0.02377135441963644,1
2025-07-27 00:00:00+00:00,0.0008288522299091383,1.0124286692033473,1.0065078670180312,0.024586596076297002,1
2025-07-28 00:00:00+00:00,-0.0018495784348402378,1.0105561029699748,1.0063770756836705,0.07482730501645211,2
2025-07-29 00:00:00+00:00,-0.0011880463222210258,1.0093555155084433,1.0063641136461454,0.07373969150173285,2
2025-07-30 00:00:00+00:00,-0.001114422108826063,1.008230667406295,1.002713646878601,0.024288482665520097,1
2025-07-31 00:00:00+00:00,-0.0007182472396252138,1.007506508512525,1.0027101868065325,0.02359061114308081,1
2025-08-01 00:00:00+00:00,-0.001341681970041031,1.0061547551953547,1.0027096875206656,0.022279316496184788,1
2025-08-02 00:00:00+00:00,-0.0006038880584271489,1.0055471503537625,1.0027064692366605,0.02169172640972405,1
2025-08-03 00:00:00+00:00,0.0006523465673216045,1.0062031155855757,1.0027028815633963,0.022333071955905573,1
2025-08-04 00:00:00+00:00,0.0014325673489508084,1.0076445693153762,1.0027013945351784,0.023733117875974357,1
2025-08-05 00:00:00+00:00,-0.0006980468655233274,1.006941186182204,1.002700321441211,0.023052227498461156,1
2025-08-06 00:00:00+00:00,0.00044956353825420514,1.0073938702246779,1.0026963721504951,0.023495150540625627,1
2025-08-07 00:00:00+00:00,0.0014451065531837504,1.0088496617081766,1.0026914127614595,0.02490918365836326,1
2025-08-08 00:00:00+00:00,0.0007700420546834508,1.009626518374545,1.009626518374545,0.0,0
2025-08-09 00:00:00+00:00,0.0021583102656621556,1.0118056056536375,1.0095427521925353,0.03809192842869523,1
2025-08-10 00:00:00+00:00,-0.00010367827064838853,1.011700703398211,1.0095313286072407,0.03800348058969933,1
2025-08-11 00:00:00+00:00,-0.0002564373910373119,1.011441265509321,1.0095203829043935,0.037767547321594055,1
2025-08-12 00:00:00+00:00,0.0029286875215117636,1.0144034609223602,1.0102026579858687,0.032752078259718466,1
2025-08-13 00:00:00+00:00,0.0011252434366932906,1.0155449117589221,1.0101926108730652,0.03384913763083693,1
2025-08-14 00:00:00+00:00,-0.004655020413771305,1.0108175294635828,1.0083913371839055,0.02034549095838832,1
2025-08-15 00:00:00+00:00,-0.0006957385730615995,1.0101142647180081,1.0101142647180081,0.0,0
2025-08-16 00:00:00+00:00,0.0,1.0101142647180081,1.0101142647180081,0.0,0
2025-08-17 00:00:00+00:00,0.0,1.0101142647180081,1.0101142647180081,0.0,0
2025-08-18 00:00:00+00:00,0.0,1.0101142647180081,1.0101142647180081,0.0,0
2025-08-19 00:00:00+00:00,0.0,1.0101142647180081,1.0101142647180081,0.0,0
2025-08-20 00:00:00+00:00,0.0,1.0101142647180081,1.0101142647180081,0.0,0
2025-08-21 00:00:00+00:00,0.0,1.0101142647180081,1.0101142647180081,0.0,0
2025-08-22 00:00:00+00:00,0.0,1.0101142647180081,1.0101142647180081,0.0,0
2025-08-23 00:00:00+00:00,-0.0016083948905067924,1.0084896020958076,1.0099138586345944,0.078381716370391,2
2025-08-24 00:00:00+00:00,-0.00021976404336165878,1.008267972343163,1.0098935655262358,0.07819925999081617,2
2025-08-25 00:00:00+00:00,-0.005079562029347673,1.0031464126354412,1.0062637222328605,0.029802288780989825,1
2025-08-26 00:00:00+00:00,-0.00047532975118180776,1.0026695873007243,1.0026695873007243,0.0,0
2025-08-27 00:00:00+00:00,0.0,1.0026695873007243,1.0026695873007243,0.0,0
2025-08-28 00:00:00+00:00,0.0,1.0026695873007243,1.0026695873007243,0.0,0
2025-08-29 00:00:00+00:00,-0.0012074099810374106,1.0014589540333347,1.0026105712981406,0.025291267184408436,1
2025-08-30 00:00:00+00:00,-0.0002951239829119823,1.0011633994780975,1.002610334904157,0.025003758459878723,1
2025-08-31 00:00:00+00:00,-0.0002544180913108818,1.000908685396912,1.002605220273069,0.024760748638619507,1
2025-09-01 00:00:00+00:00,-0.0004165587686822958,1.0004917481073596,1.0026022226656088,0.02435733101580446,1
2025-09-02 00:00:00+00:00,0.001515510852670987,1.0020080042096242,1.0025961692504477,0.02583973191419824,1
2025-09-03 00:00:00+00:00,0.00013185797282067035,1.0021401269538093,1.0025911358611634,0.025973188417518178,1
2025-09-04 00:00:00+00:00,-0.0010423736944312756,1.0010955224473386,1.0025869409437127,0.024961019392054588,1
2025-09-05 00:00:00+00:00,0.00013151833646540823,1.0012271848650938,1.0025863897913667,0.02508978851047967,1
2025-09-06 00:00:00+00:00,-0.00040502952583931773,1.0008216582931504,1.002581210852253,0.0246999357793053,1
2025-09-07 00:00:00+00:00,0.0007667528698567239,1.0015890411718615,1.0025787894863567,0.025449594477553947,1
2025-09-08 00:00:00+00:00,0.0009458739217746981,1.0025364181262413,1.0025710160698191,0.02637827895701759,1
2025-09-09 00:00:00+00:00,0.0003731684636303356,1.002910533101127,1.0025633180245064,0.026749144052908905,1
2025-09-10 00:00:00+00:00,0.0008350411218751574,1.0037480046378282,1.0025568468660764,0.02756761745914226,1
2025-09-11 00:00:00+00:00,0.0005726545231998781,1.0043228054728368,1.0025533677869978,0.028127630655584147,1
2025-09-12 00:00:00+00:00,0.0016579513980654603,1.0059879238722795,1.003242824177545,0.023786494572431274,1
2025-09-13 00:00:00+00:00,0.0005147085256320683,1.0065057144333796,1.0030669379239003,0.09581672782587305,2
2025-09-14 00:00:00+00:00,-0.0008366394058950677,1.005663632090426,1.00305729936931,0.09506920331597424,2
2025-09-15 00:00:00+00:00,-0.0010538212922043266,1.0046038423421335,1.0030561594794039,0.09411569661914498,2
2025-09-16 00:00:00+00:00,0.003050062460105085,1.0076679468089387,1.0030509300559378,0.09687548824759827,2
2025-09-17 00:00:00+00:00,0.0030762775662973585,1.010767813107984,1.0037034216798948,0.08478920846549177,2
2025-09-18 00:00:00+00:00,-0.0003268510254015311,1.0104374426118268,1.0036775985057085,0.08451552950483616,2
2025-09-19 00:00:00+00:00,-0.0007207603429533194,1.009709159374157,1.0036654326766892,0.08386725751570726,2
2025-09-20 00:00:00+00:00,0.003082115553659337,1.0128211996789362,1.0057338185281601,0.06336750086007126,2
2025-09-21 00:00:00+00:00,-0.00017368976033160788,1.0126452830075052,1.0057326554131782,0.06320593771514155,2
2025-09-22 00:00:00+00:00,-0.004266967468986693,1.0083243585272894,1.0056856189907823,0.038229246080497464,1
2025-09-23 00:00:00+00:00,-0.0009473677231860433,1.0073691045755184,1.0073691045755184,0.0,0
2025-09-24 00:00:00+00:00,0.0,1.0073691045755184,1.0073691045755184,0.0,0
2025-09-25 00:00:00+00:00,0.0,1.0073691045755184,1.0073691045755184,0.0,0
2025-09-26 00:00:00+00:00,0.0,1.0073691045755184,1.0073691045755184,0.0,0
2025-09-27 00:00:00+00:00,0.0,1.0073691045755184,1.0073691045755184,0.0,0
2025-09-28 00:00:00+00:00,0.0,1.0073691045755184,1.0073691045755184,0.0,0
2025-09-29 00:00:00+00:00,0.0,1.0073691045755184,1.0073691045755184,0.0,0
2025-09-30 00:00:00+00:00,0.0,1.0073691045755184,1.0073691045755184,0.0,0
2025-10-01 00:00:00+00:00,0.0,1.0073691045755184,1.0073691045755184,0.0,0
2025-10-02 00:00:00+00:00,0.0,1.0073691045755184,1.0073691045755184,0.0,0
2025-10-03 00:00:00+00:00,0.0037167971904707997,1.0111132912331717,1.0079541309104416,0.03738740652760896,1
2025-10-04 00:00:00+00:00,-0.001228956939186454,1.009870676537607,1.0079478060355835,0.03620920449880501,1
2025-10-05 00:00:00+00:00,0.000517825419668938,1.0103936132444966,1.0079461214263141,0.03670968885200229,1
2025-10-06 00:00:00+00:00,0.001755699674114819,1.0121675609819978,1.0079420093882858,0.03840203582307499,1
2025-10-07 00:00:00+00:00,0.0020885075729459857,1.014281480598199,1.0100256807112884,0.02554334272220597,1
2025-10-08 00:00:00+00:00,2.9548426459635735e-05,1.0143114510199378,1.0100256807112884,0.025572135532299395,1
2025-10-09 00:00:00+00:00,-0.0009917019901265478,1.0133055563353532,1.0100256807112884,0.024604834205220937,1
2025-10-10 00:00:00+00:00,-0.0015432760161278036,1.0117417461732519,1.0117417461732519,0.0,0
2025-10-11 00:00:00+00:00,0.0,1.0117417461732519,1.0117417461732519,0.0,0
2025-10-12 00:00:00+00:00,0.0,1.0117417461732519,1.0117417461732519,0.0,0
2025-10-13 00:00:00+00:00,0.0,1.0117417461732519,1.0117417461732519,0.0,0
2025-10-14 00:00:00+00:00,0.0,1.0117417461732519,1.0117417461732519,0.0,0
2025-10-15 00:00:00+00:00,0.0,1.0117417461732519,1.0117417461732519,0.0,0
2025-10-16 00:00:00+00:00,0.0,1.0117417461732519,1.0117417461732519,0.0,0
2025-10-17 00:00:00+00:00,0.0,1.0117417461732519,1.0117417461732519,0.0,0
2025-10-18 00:00:00+00:00,0.0,1.0117417461732519,1.0117417461732519,0.0,0
2025-10-19 00:00:00+00:00,0.0,1.0117417461732519,1.0117417461732519,0.0,0
2025-10-20 00:00:00+00:00,0.0,1.0117417461732519,1.0117417461732519,0.0,0
2025-10-21 00:00:00+00:00,0.0,1.0117417461732519,1.0117417461732519,0.0,0
2025-10-22 00:00:00+00:00,0.0,1.0117417461732519,1.0117417461732519,0.0,0
2025-10-23 00:00:00+00:00,0.0,1.0117417461732519,1.0117417461732519,0.0,0
2025-10-24 00:00:00+00:00,0.0,1.0117417461732519,1.0117417461732519,0.0,0
2025-10-25 00:00:00+00:00,0.0,1.0117417461732519,1.0117417461732519,0.0,0
2025-10-26 00:00:00+00:00,0.0,1.0117417461732519,1.0117417461732519,0.0,0
2025-10-27 00:00:00+00:00,0.0,1.0117417461732519,1.0117417461732519,0.0,0
2025-10-28 00:00:00+00:00,0.0,1.0117417461732519,1.0117417461732519,0.0,0
2025-10-29 00:00:00+00:00,0.0,1.0117417461732519,1.0117417461732519,0.0,0
2025-10-30 00:00:00+00:00,0.0,1.0117417461732519,1.0117417461732519,0.0,0
2025-10-31 00:00:00+00:00,0.0,1.0117417461732519,1.0117417461732519,0.0,0
2025-11-01 00:00:00+00:00,0.0,1.0117417461732519,1.0117417461732519,0.0,0
2025-11-02 00:00:00+00:00,0.0,1.0117417461732519,1.0117417461732519,0.0,0
2025-11-03 00:00:00+00:00,0.0,1.0117417461732519,1.0117417461732519,0.0,0
2025-11-04 00:00:00+00:00,0.0,1.0117417461732519,1.0117417461732519,0.0,0
2025-11-05 00:00:00+00:00,-0.0023630884722447565,1.009350910915981,1.0116010393227743,0.07577245300304337,2
2025-11-06 00:00:00+00:00,0.002071525290352705,1.0114418068547841,1.0116116654756975,0.07355907593580624,2
2025-11-07 00:00:00+00:00,-0.001893092318060341,1.0095270541400623,1.0116255776284218,0.07560905795392021,2
2025-11-08 00:00:00+00:00,0.0007701813455260886,1.010304573044965,1.0116389331405309,0.0747945007533581,2
2025-11-09 00:00:00+00:00,-0.0025830472378436387,1.0076949086081803,1.0116480098102654,0.07758694282204798,2
2025-11-10 00:00:00+00:00,-0.00045438004956854794,1.007237032145657,1.0116644514975035,0.0780931229647626,2
2025-11-11 00:00:00+00:00,0.002602384814639258,1.009858250502855,1.0116682150781504,0.07529851896699168,2
2025-11-12 00:00:00+00:00,0.0006701896098531002,1.0105350470097665,1.011674357775169,0.07458442638144425,2
2025-11-13 00:00:00+00:00,0.0024169885031875005,1.0129774986004572,1.0116884000368243,0.07200729294709023,2
2025-11-14 00:00:00+00:00,0.0033229318291492227,1.0163435537727685,1.0117034700796692,0.06847171126607683,2
2025-11-15 00:00:00+00:00,-0.0010344422319356061,1.0152922050785904,1.0116818441770294,0.08875052724308849,3
2025-11-16 00:00:00+00:00,0.0015824105494381957,1.016898814174669,1.012393123948914,0.07851110768614714,3
2025-11-17 00:00:00+00:00,0.0021500202436688376,1.0190851672109074,1.0124151145905358,0.07621884059361575,3
2025-11-18 00:00:00+00:00,-0.0023432081236788305,1.0166972385683781,1.012433532919499,0.07876468416027174,3
2025-11-19 00:00:00+00:00,0.0018320432549840948,1.0185598718866582,1.0124464238532604,0.07680461076189475,3
2025-11-20 00:00:00+00:00,0.0038096550539266083,1.022440233650318,1.0152611776770935,0.05636617477693795,3
2025-11-21 00:00:00+00:00,0.0014717688420005093,1.0239450293290122,1.0152623868474433,0.05481491368471486,3
2025-11-22 00:00:00+00:00,0.00021735563471958486,1.02416758955078,1.0152649109115341,0.05458815804492289,3
2025-11-23 00:00:00+00:00,-0.0010946989706559496,1.0230464343447196,1.0152665723454357,0.05574550378974392,3
2025-11-24 00:00:00+00:00,-0.0023868124653552147,1.0206046143625884,1.015270912121508,0.05827565131889659,3
2025-11-25 00:00:00+00:00,9.555023449014932e-05,1.0207021333728126,1.0152684968219943,0.05817217618141883,3
2025-11-26 00:00:00+00:00,-0.0016945101311302002,1.018972543266946,1.0152716178287804,0.05997136610574668,3
2025-11-27 00:00:00+00:00,0.00018393624555201882,1.0191599692508753,1.015275625565008,0.0597803671989268,3
2025-11-28 00:00:00+00:00,0.0004746296815116846,1.0196436928224903,1.0152734317657826,0.05927545107263821,3
2025-11-29 00:00:00+00:00,0.0004912130036700546,1.0201445550635149,1.0152743133288191,0.05875624081893378,3
2025-11-30 00:00:00+00:00,0.0004356846981041773,1.0205890164360103,1.0152845570703333,0.05830519490034652,3
2025-12-01 00:00:00+00:00,0.0031207558858110662,1.023774025616047,1.01528866094891,0.055016766205903275,3
2025-12-02 00:00:00+00:00,-0.004065153927944598,1.0196122266144863,1.015292658093679,0.059326997835418865,3
2025-12-03 00:00:00+00:00,-0.002689783027805759,1.0168696909523953,1.017026681070533,0.040841760923670395,2
2025-12-04 00:00:00+00:00,0.0011527953615420028,1.0180419336154178,1.0170376912910175,0.039654080085385346,2
2025-12-05 00:00:00+00:00,0.0015279490509321203,1.0195974498216946,1.0170438769556167,0.03807403189462414,2
2025-12-06 00:00:00+00:00,4.368010713373671e-05,1.019641985947536,1.0170444185012133,0.03802922180368026,2
2025-12-07 00:00:00+00:00,-0.00014256539518409106,1.0194966202848632,1.0170458258710018,0.038178610406309675,2
2025-12-08 00:00:00+00:00,-0.0005617957707672039,1.0189238713952757,1.0170506752409891,0.03876694191283348,2
2025-12-09 00:00:00+00:00,-0.0017381763184866061,1.0171528020516758,1.0170096375629045,0.019017839626580622,1
2025-12-10 00:00:00+00:00,0.0002290367015138628,1.0173857673743933,1.0170124168448527,0.018787232372735423,1
2025-12-11 00:00:00+00:00,-2.8792815337963518e-05,1.0173564739738659,1.017008387765873,0.01881260662859456,1
2025-12-12 00:00:00+00:00,0.0005808347049196527,1.0179473899212246,1.017014013597373,0.01822671506776137,1
2025-12-13 00:00:00+00:00,-0.00011935526631645654,1.0178258925394044,1.0170118199561955,0.0183461050731575,1
2025-12-14 00:00:00+00:00,0.0005119846680070594,1.0183470037910851,1.0170093983224677,0.017822616276900415,1
2025-12-15 00:00:00+00:00,0.0002168556789161613,1.0185678381219645,1.0170084680530938,0.017601030205412406,1
2025-12-16 00:00:00+00:00,-0.0001896430954875239,1.018374673764179,1.0170061896803364,0.017791810555444234,1
2025-12-17 00:00:00+00:00,0.0008181828634181709,1.019207890470792,1.0170084909227086,0.016962009387356924,1
2025-12-18 00:00:00+00:00,0.0004972648374752531,1.0197147067168004,1.017005810017502,0.01645393220682299,1
2025-12-19 00:00:00+00:00,-0.0009170215772021928,1.0187796063281507,1.0170082966729617,0.01738933876246225,1
2025-12-20 00:00:00+00:00,7.027869700482192e-05,1.0188512048314184,1.017012523652102,0.017321991759847482,1
2025-12-21 00:00:00+00:00,-2.7440607113016213e-05,1.0188232469358,1.0170154443717085,0.0173527752168966,1
2025-12-22 00:00:00+00:00,1.472131788959885e-05,1.0188382453566915,1.0170178106318262,0.01734012117190072,1
2025-12-23 00:00:00+00:00,0.0002625101053013168,1.0191057006917652,1.0170157798703894,0.01707113650795203,1
2025-12-24 00:00:00+00:00,0.0002027320479789374,1.0193123060775735,1.0170174635369762,0.016866637154100323,1
2025-12-25 00:00:00+00:00,0.00035363043575165065,1.0196727659325386,1.0170214157434325,0.016511045236570362,1
2025-12-26 00:00:00+00:00,-0.000308649488719448,1.0193580444546724,1.017025305431753,0.0168287035397607,1
2025-12-27 00:00:00+00:00,-0.000333870537809311,1.01901771083615,1.0170288473009657,0.017171781837211134,1
2025-12-28 00:00:00+00:00,-6.923739019004671e-05,1.0189471567092943,1.0170340861387535,0.01724735445568367,1
2025-12-29 00:00:00+00:00,0.00028037949547554675,1.0192328485990088,1.0170362561977642,0.016964348211931532,1
2025-12-30 00:00:00+00:00,-0.0002374734722498939,1.0189908078354208,1.0170370336357195,0.017206670579748416,1
2025-12-31 00:00:00+00:00,1.49426410522846e-05,1.019006034249298,1.019006034249298,0.0,0
2026-01-01 00:00:00+00:00,0.0,1.0,1.0,0.0,0
2026-01-02 00:00:00+00:00,0.0,1.0,1.0,0.0,0
2026-01-03 00:00:00+00:00,0.0,1.0,1.0,0.0,0
2026-01-04 00:00:00+00:00,0.0,1.0,1.0,0.0,0
2026-01-05 00:00:00+00:00,0.0,1.0,1.0,0.0,0
2026-01-06 00:00:00+00:00,0.0,1.0,1.0,0.0,0
2026-01-07 00:00:00+00:00,0.0,1.0,1.0,0.0,0
2026-01-08 00:00:00+00:00,0.0,1.0,1.0,0.0,0
2026-01-09 00:00:00+00:00,0.0,1.0,1.0,0.0,0
2026-01-10 00:00:00+00:00,0.0,1.0,1.0,0.0,0
2026-01-11 00:00:00+00:00,0.0,1.0,1.0,0.0,0
2026-01-12 00:00:00+00:00,0.0,1.0,1.0,0.0,0
2026-01-13 00:00:00+00:00,0.0,1.0,1.0,0.0,0
2026-01-14 00:00:00+00:00,0.0,1.0,1.0,0.0,0
2026-01-15 00:00:00+00:00,0.0,1.0,1.0,0.0,0
2026-01-16 00:00:00+00:00,0.0,1.0,1.0,0.0,0
2026-01-17 00:00:00+00:00,0.0,1.0,1.0,0.0,0
2026-01-18 00:00:00+00:00,0.0,1.0,1.0,0.0,0
2026-01-19 00:00:00+00:00,0.0,1.0,1.0,0.0,0
2026-01-20 00:00:00+00:00,0.0,1.0,1.0,0.0,0
2026-01-21 00:00:00+00:00,0.0,1.0,1.0,0.0,0
2026-01-22 00:00:00+00:00,0.0,1.0,1.0,0.0,0
2026-01-23 00:00:00+00:00,0.0,1.0,1.0,0.0,0
2026-01-24 00:00:00+00:00,0.0,1.0,1.0,0.0,0
2026-01-25 00:00:00+00:00,0.0,1.0,1.0,0.0,0
2026-01-26 00:00:00+00:00,0.0,1.0,1.0,0.0,0
2026-01-27 00:00:00+00:00,0.0,1.0,1.0,0.0,0
2026-01-28 00:00:00+00:00,0.0,1.0,1.0,0.0,0
2026-01-29 00:00:00+00:00,0.0,1.0,1.0,0.0,0
2026-01-30 00:00:00+00:00,0.0,1.0,1.0,0.0,0
2026-01-31 00:00:00+00:00,0.003179632244205255,1.0031796322442053,1.0006152743166892,0.024536724399236702,1
2026-02-01 00:00:00+00:00,0.004955535902705366,1.0081509249286542,1.000358640596274,0.13187409886661458,4
2026-02-02 00:00:00+00:00,-0.003530633842490638,1.004591513154763,1.0003400834702716,0.13586601878187696,4
2026-02-03 00:00:00+00:00,0.005759030432264556,1.010376986251016,1.0024096337989734,0.12132279907634058,4
2026-02-04 00:00:00+00:00,0.006359164237751624,1.0168021394486306,1.0044547666384138,0.09391139557346122,4
2026-02-05 00:00:00+00:00,0.01171794395292225,1.028716969929901,1.0086244578233254,0.05967201769302949,4
2026-02-06 00:00:00+00:00,-0.005866801786898579,1.0226816913725034,1.0106984754631998,0.06041450791797685,4
2026-02-07 00:00:00+00:00,0.000459071339687922,1.023151175226636,1.0106849369689517,0.059914693230973017,4
2026-02-08 00:00:00+00:00,-5.274729865023531e-05,1.023097206766032,1.0106712767558772,0.059957251993720775,4
2026-02-09 00:00:00+00:00,6.686279487433389e-05,1.0231656139047045,1.0106651740386068,0.05988042048284299,4
2026-02-10 00:00:00+00:00,0.001761269127998677,1.0249676839133046,1.0106530614025897,0.05800515028199817,4
2026-02-11 00:00:00+00:00,0.0017215458494879154,1.0267322127754048,1.0106459764034337,0.056179975616431135,4
2026-02-12 00:00:00+00:00,0.00011580525214016646,1.0268511137581857,1.010641302615866,0.056053127017917925,4
2026-02-13 00:00:00+00:00,-0.0021560029062966946,1.024637219772589,1.0106408097859045,0.05833441915849895,4
2026-02-14 00:00:00+00:00,-0.001320461671966866,1.0232842255962087,1.0106398696616095,0.0597328382347389,4
2026-02-15 00:00:00+00:00,0.0011075182668991435,1.0244175315682862,1.0123705080131662,0.04770597096472648,3
2026-02-16 00:00:00+00:00,-0.0005388709423997939,1.023865502727639,1.012367781284425,0.04826819049670205,3
2026-02-17 00:00:00+00:00,0.0006825995580159727,1.0245643928672687,1.0123706115255053,0.047555893577127556,3
2026-02-18 00:00:00+00:00,0.0008711287140201751,1.025456920329258,1.0123714485158934,0.04664494803267866,3
2026-02-19 00:00:00+00:00,-0.00020105186204888437,1.025250750305975,1.0123668254135743,0.04685091102360836,3
2026-02-20 00:00:00+00:00,-0.0008984848360554798,1.0243295780536705,1.0123661279136293,0.04779165561620363,3
2026-02-21 00:00:00+00:00,-4.994116330148124e-06,1.0243244624325973,1.0123698698622063,0.04780054152490219,3
2026-02-22 00:00:00+00:00,0.0004771377754513306,1.0248132063279427,1.012371111987223,0.047302046784554685,3
2026-02-23 00:00:00+00:00,0.0019514700965388432,1.0268130986546298,1.0123665865330256,0.04525784148172428,3
2026-02-24 00:00:00+00:00,0.0005358999531108743,1.0273633677460525,1.0123668382650555,0.04469823290626362,3
2026-02-25 00:00:00+00:00,-0.0035852202564042868,1.0236800437893216,1.0123680747729948,0.04845839074084338,3
2026-02-26 00:00:00+00:00,0.00042596087288671036,1.0241160914343308,1.0123694112413253,0.04801328364053056,3
2026-02-27 00:00:00+00:00,0.0013700357350443504,1.0255191670764299,1.0123664070218126,0.0465765029564741,3
2026-02-28 00:00:00+00:00,-0.0006068962752219242,1.0248967833137625,1.012362662168803,0.0472083981671566,3
2026-03-01 00:00:00+00:00,0.000455770869873362,1.0253639014122238,1.0123648328885864,0.046733445542834026,3
2026-03-02 00:00:00+00:00,-0.0019164516090475203,1.023398841113503,1.0123618788244155,0.048740424826466726,3
2026-03-03 00:00:00+00:00,0.00053296653257906,1.0239442784452968,1.0123615038905942,0.04818141285195596,3
2026-03-04 00:00:00+00:00,-0.002766267747672857,1.0211117744124194,1.0140751892433135,0.030835427527364446,2
2026-03-05 00:00:00+00:00,0.00029452073535218837,1.0214125130030962,1.0174353373040528,0.012737030033995119,1
2026-03-06 00:00:00+00:00,0.0005800391625301327,1.0220049722617364,1.0174343719130219,0.012148998823430398,1
2026-03-07 00:00:00+00:00,5.59534039432652e-05,1.0220621569187813,1.0174333567551868,0.012091375565576266,1
2026-03-08 00:00:00+00:00,0.00019662189132563235,1.022263116713127,1.0174307741548825,0.011889889009297635,1
2026-03-09 00:00:00+00:00,-0.0003475202363151242,1.0219078595932307,1.0174290479493213,0.01223997427256497,1
2026-03-10 00:00:00+00:00,-0.0002633531697541214,1.0216387369192101,1.0174305826668297,0.01250812331217681,1
2026-03-11 00:00:00+00:00,-9.554870698313955e-05,1.0215411206588936,1.0174309078425572,0.012605194717585566,1
2026-03-12 00:00:00+00:00,-0.00013374579741598502,1.0214044938271178,1.017429955012891,0.012739711660440278,1
2026-03-13 00:00:00+00:00,-0.00011260656346445685,1.0212894769771608,1.01743052161406,0.012854320432261894,1
2026-03-14 00:00:00+00:00,-2.6668398982798713e-05,1.0212622408219119,1.0174300310048077,0.012880851960776749,1
2026-03-15 00:00:00+00:00,-0.000506907962696701,1.0207445548600378,1.017430053428586,0.01339457169544773,1
2026-03-16 00:00:00+00:00,-0.0010664008755052468,1.0196560319730679,1.0174335147705336,0.014479804844736214,1
2026-03-17 00:00:00+00:00,-2.8959609689516164e-05,1.0196265031323644,1.0196265031323644,0.0,0
2026-03-18 00:00:00+00:00,0.0,1.0196265031323644,1.0196265031323644,0.0,0
2026-03-19 00:00:00+00:00,0.0,1.0196265031323644,1.0196265031323644,0.0,0
2026-03-20 00:00:00+00:00,0.0,1.0196265031323644,1.0196265031323644,0.0,0
2026-03-21 00:00:00+00:00,0.0,1.0196265031323644,1.0196265031323644,0.0,0
2026-03-22 00:00:00+00:00,0.0,1.0196265031323644,1.0196265031323644,0.0,0
2026-03-23 00:00:00+00:00,0.0,1.0196265031323644,1.0196265031323644,0.0,0
2026-03-24 00:00:00+00:00,0.0,1.0196265031323644,1.0196265031323644,0.0,0
2026-03-25 00:00:00+00:00,0.0,1.0196265031323644,1.0196265031323644,0.0,0
2026-03-26 00:00:00+00:00,0.0,1.0196265031323644,1.0196265031323644,0.0,0
2026-03-27 00:00:00+00:00,0.0,1.0196265031323644,1.0196265031323644,0.0,0
2026-03-28 00:00:00+00:00,0.0,1.0196265031323644,1.0196265031323644,0.0,0
2026-03-29 00:00:00+00:00,0.0,1.0196265031323644,1.0196265031323644,0.0,0
2026-03-30 00:00:00+00:00,0.0,1.0196265031323644,1.0196265031323644,0.0,0
2026-03-31 00:00:00+00:00,0.0,1.0196265031323644,1.0196265031323644,0.0,0
2026-04-01 00:00:00+00:00,0.0,1.0196265031323644,1.0196265031323644,0.0,0
2026-04-02 00:00:00+00:00,0.0,1.0196265031323644,1.0196265031323644,0.0,0
2026-04-03 00:00:00+00:00,0.0,1.0196265031323644,1.0196265031323644,0.0,0
2026-04-04 00:00:00+00:00,0.0,1.0196265031323644,1.0196265031323644,0.0,0
2026-04-05 00:00:00+00:00,0.0,1.0196265031323644,1.0196265031323644,0.0,0
2026-04-06 00:00:00+00:00,0.0,1.0196265031323644,1.0196265031323644,0.0,0
2026-04-07 00:00:00+00:00,0.0,1.0196265031323644,1.0196265031323644,0.0,0
2026-04-08 00:00:00+00:00,0.0,1.0196265031323644,1.0196265031323644,0.0,0
2026-04-09 00:00:00+00:00,0.0,1.0196265031323644,1.0196265031323644,0.0,0
2026-04-10 00:00:00+00:00,0.0,1.0196265031323644,1.0196265031323644,0.0,0
2026-04-11 00:00:00+00:00,0.0,1.0196265031323644,1.0196265031323644,0.0,0
2026-04-12 00:00:00+00:00,0.0,1.0196265031323644,1.0196265031323644,0.0,0
2026-04-13 00:00:00+00:00,0.0,1.0196265031323644,1.0196265031323644,0.0,0
2026-04-14 00:00:00+00:00,0.0,1.0196265031323644,1.0196265031323644,0.0,0
2026-04-15 00:00:00+00:00,0.0,1.0196265031323644,1.0196265031323644,0.0,0
2026-04-16 00:00:00+00:00,0.0,1.0196265031323644,1.0196265031323644,0.0,0
2026-04-17 00:00:00+00:00,0.0,1.0196265031323644,1.0196265031323644,0.0,0
2026-04-18 00:00:00+00:00,0.0,1.0196265031323644,1.0196265031323644,0.0,0
2026-04-19 00:00:00+00:00,0.0,1.0196265031323644,1.0196265031323644,0.0,0
2026-04-20 00:00:00+00:00,0.0,1.0196265031323644,1.0196265031323644,0.0,0
2026-04-21 00:00:00+00:00,0.0,1.0196265031323644,1.0196265031323644,0.0,0
2026-04-22 00:00:00+00:00,0.0,1.0196265031323644,1.0196265031323644,0.0,0
2026-04-23 00:00:00+00:00,0.0,1.0196265031323644,1.0196265031323644,0.0,0
2026-04-24 00:00:00+00:00,0.0,1.0196265031323644,1.0196265031323644,0.0,0
2026-04-25 00:00:00+00:00,0.0,1.0196265031323644,1.0196265031323644,0.0,0
2026-04-26 00:00:00+00:00,0.0,1.0196265031323644,1.0196265031323644,0.0,0
2026-04-27 00:00:00+00:00,0.0,1.0196265031323644,1.0196265031323644,0.0,0
2026-04-28 00:00:00+00:00,0.0,1.0196265031323644,1.0196265031323644,0.0,0
2026-04-29 00:00:00+00:00,0.0,1.0196265031323644,1.0196265031323644,0.0,0
2026-04-30 00:00:00+00:00,0.0,1.0196265031323644,1.0196265031323644,0.0,0
2026-05-01 00:00:00+00:00,0.0,1.0196265031323644,1.0196265031323644,0.0,0
2026-05-02 00:00:00+00:00,0.0,1.0196265031323644,1.0196265031323644,0.0,0
2026-05-03 00:00:00+00:00,0.0,1.0196265031323644,1.0196265031323644,0.0,0
2026-05-04 00:00:00+00:00,0.0,1.0196265031323644,1.0196265031323644,0.0,0
2026-05-05 00:00:00+00:00,0.0,1.0196265031323644,1.0196265031323644,0.0,0
2026-05-06 00:00:00+00:00,0.0,1.0196265031323644,1.0196265031323644,0.0,0
2026-05-07 00:00:00+00:00,0.0,1.0196265031323644,1.0196265031323644,0.0,0
2026-05-08 00:00:00+00:00,0.0,1.0196265031323644,1.0196265031323644,0.0,0
2026-05-09 00:00:00+00:00,0.0,1.0196265031323644,1.0196265031323644,0.0,0
2026-05-10 00:00:00+00:00,0.0,1.0196265031323644,1.0196265031323644,0.0,0
2026-05-11 00:00:00+00:00,0.0,1.0196265031323644,1.0196265031323644,0.0,0
2026-05-12 00:00:00+00:00,0.0,1.0196265031323644,1.0196265031323644,0.0,0
2026-05-13 00:00:00+00:00,0.0,1.0196265031323644,1.0196265031323644,0.0,0
2026-05-14 00:00:00+00:00,0.0,1.0196265031323644,1.0196265031323644,0.0,0
2026-05-15 00:00:00+00:00,0.0,1.0196265031323644,1.0196265031323644,0.0,0
2026-05-16 00:00:00+00:00,0.0,1.0196265031323644,1.0196265031323644,0.0,0
2026-05-17 00:00:00+00:00,0.0,1.0196265031323644,1.0196265031323644,0.0,0
2026-05-18 00:00:00+00:00,0.0,1.0196265031323644,1.0196265031323644,0.0,0
2026-05-19 00:00:00+00:00,0.0,1.0196265031323644,1.0196265031323644,0.0,0
2026-05-20 00:00:00+00:00,0.0,1.0196265031323644,1.0196265031323644,0.0,0
2026-05-21 00:00:00+00:00,0.0,1.0196265031323644,1.0196265031323644,0.0,0
2026-05-22 00:00:00+00:00,0.0,1.0196265031323644,1.0196265031323644,0.0,0
2026-05-23 00:00:00+00:00,0.0,1.0196265031323644,1.0196265031323644,0.0,0
2026-05-24 00:00:00+00:00,0.0,1.0196265031323644,1.0196265031323644,0.0,0
2026-05-25 00:00:00+00:00,0.0,1.0196265031323644,1.0196265031323644,0.0,0
2026-05-26 00:00:00+00:00,0.0,1.0196265031323644,1.0196265031323644,0.0,0
2026-05-27 00:00:00+00:00,0.0,1.0196265031323644,1.0196265031323644,0.0,0
2026-05-28 00:00:00+00:00,0.0,1.0196265031323644,1.0196265031323644,0.0,0
2026-05-29 00:00:00+00:00,0.0,1.0196265031323644,1.0196265031323644,0.0,0
2026-05-30 00:00:00+00:00,0.0,1.0196265031323644,1.0196265031323644,0.0,0
2026-05-31 00:00:00+00:00,0.0,1.0196265031323644,1.0196265031323644,0.0,0
2026-06-01 00:00:00+00:00,0.0,1.0196265031323644,1.0196265031323644,0.0,0
2026-06-02 00:00:00+00:00,0.0,1.0196265031323644,1.0196265031323644,0.0,0
2026-06-03 00:00:00+00:00,0.004231334994573954,1.0239408844364635,1.0193637642976157,0.12857381288354533,3
2026-06-04 00:00:00+00:00,0.0028949997653473503,1.0269051930566366,1.0207535230302978,0.10841938823391552,3
2026-06-05 00:00:00+00:00,0.007747944161942577,1.0348615971520483,1.0235583139798057,0.0820619592515536,3
2026-06-06 00:00:00+00:00,0.0008943392169915576,1.03578711446254,1.0256028994099782,0.10637049004582919,4
2026-06-07 00:00:00+00:00,-0.006188069156982223,1.0293775921663346,1.0290840840148074,0.07761667585729953,2
2026-06-08 00:00:00+00:00,0.0003208986416769477,1.0297079180374336,1.0290870984574472,0.07727390853625532,2
2026-06-09 00:00:00+00:00,0.0013872524201075098,1.0311363828387348,1.0290879724419995,0.07578237560157434,2
2026-06-10 00:00:00+00:00,0.0005629999315734935,1.0317169125517158,1.0290881078024205,0.07517718219462251,2
2026-06-11 00:00:00+00:00,-0.0025307355725942005,1.0291059098602742,1.0290917170755531,0.07790858210466775,2
2026-06-12 00:00:00+00:00,0.0001577964296226586,1.0292682990985538,1.0290960419779407,0.07774272073368708,2
2026-06-13 00:00:00+00:00,-0.0009134011359420713,1.028328164264968,1.0291003438259347,0.07873221548522537,2
2026-06-14 00:00:00+00:00,-0.0012799182822879063,1.0270119882473336,1.0290949881578815,0.08010945919766921,2
2026-06-15 00:00:00+00:00,-0.0016582826457620659,1.0253089120902334,1.0253089120902334,0.0,0
2026-06-16 00:00:00+00:00,0.0,1.0253089120902334,1.0253089120902334,0.0,0
2026-06-17 00:00:00+00:00,0.0,1.0253089120902334,1.0253089120902334,0.0,0
2026-06-18 00:00:00+00:00,0.0,1.0253089120902334,1.0253089120902334,0.0,0
2026-06-19 00:00:00+00:00,0.0,1.0253089120902334,1.0253089120902334,0.0,0
2026-06-20 00:00:00+00:00,0.0,1.0253089120902334,1.0253089120902334,0.0,0
2026-06-21 00:00:00+00:00,0.0,1.0253089120902334,1.0253089120902334,0.0,0
2026-06-22 00:00:00+00:00,0.0,1.0253089120902334,1.0253089120902334,0.0,0
2026-06-23 00:00:00+00:00,0.0,1.0253089120902334,1.0253089120902334,0.0,0
2026-06-24 00:00:00+00:00,0.0,1.0253089120902334,1.0253089120902334,0.0,0
2026-06-25 00:00:00+00:00,0.0,1.0253089120902334,1.0253089120902334,0.0,0
2026-06-26 00:00:00+00:00,0.0,1.0253089120902334,1.0253089120902334,0.0,0
2026-06-27 00:00:00+00:00,0.0,1.0253089120902334,1.0253089120902334,0.0,0
2026-06-28 00:00:00+00:00,0.0,1.0253089120902334,1.0253089120902334,0.0,0
2026-06-29 00:00:00+00:00,0.0,1.0253089120902334,1.0253089120902334,0.0,0
2026-06-30 00:00:00+00:00,0.0,1.0253089120902334,1.0253089120902334,0.0,0
2026-07-01 00:00:00+00:00,0.0,1.0253089120902334,1.0253089120902334,0.0,0
2026-07-02 00:00:00+00:00,0.0,1.0253089120902334,1.0253089120902334,0.0,0
2026-07-03 00:00:00+00:00,0.0,1.0253089120902334,1.0253089120902334,0.0,0
2026-07-04 00:00:00+00:00,0.0,1.0253089120902334,1.0253089120902334,0.0,0
2026-07-05 00:00:00+00:00,0.0,1.0253089120902334,1.0253089120902334,0.0,0
2026-07-06 00:00:00+00:00,0.0,1.0253089120902334,1.0253089120902334,0.0,0
2026-07-07 00:00:00+00:00,0.0,1.0253089120902334,1.0253089120902334,0.0,0
2026-07-08 00:00:00+00:00,0.0,1.0253089120902334,1.0253089120902334,0.0,0
2026-07-09 00:00:00+00:00,0.0,1.0253089120902334,1.0253089120902334,0.0,0
2026-07-10 00:00:00+00:00,0.0,1.0253089120902334,1.0253089120902334,0.0,0
2026-07-11 00:00:00+00:00,0.0,1.0253089120902334,1.0253089120902334,0.0,0
2026-07-12 00:00:00+00:00,0.0,1.0253089120902334,1.0253089120902334,0.0,0
2026-07-13 00:00:00+00:00,0.0,1.0253089120902334,1.0253089120902334,0.0,0
2026-07-14 00:00:00+00:00,0.0,1.0253089120902334,1.0253089120902334,0.0,0
2026-07-15 00:00:00+00:00,0.0,1.0253089120902334,1.0253089120902334,0.0,0
2026-07-16 00:00:00+00:00,0.0,1.0253089120902334,1.0253089120902334,0.0,0
2026-07-17 00:00:00+00:00,0.0,1.0253089120902334,1.0253089120902334,0.0,0
2026-07-18 00:00:00+00:00,0.0,1.0253089120902334,1.0253089120902334,0.0,0
2026-07-19 00:00:00+00:00,0.0,1.0253089120902334,1.0253089120902334,0.0,0
2026-07-20 00:00:00+00:00,0.0,1.0253089120902334,1.0253089120902334,0.0,0
2026-07-21 00:00:00+00:00,0.0,1.0253089120902334,1.0253089120902334,0.0,0
2026-07-22 00:00:00+00:00,0.0,1.0253089120902334,1.0253089120902334,0.0,0
2026-07-23 00:00:00+00:00,0.0,1.0253089120902334,1.0253089120902334,0.0,0
2026-07-24 00:00:00+00:00,0.0,1.0253089120902334,1.0253089120902334,0.0,0
2026-07-25 00:00:00+00:00,0.0,1.0253089120902334,1.0253089120902334,0.0,0
2026-07-26 00:00:00+00:00,0.0,1.0253089120902334,1.0253089120902334,0.0,0
2026-07-27 00:00:00+00:00,0.0,1.0253089120902334,1.0253089120902334,0.0,0
2026-07-28 00:00:00+00:00,0.0,1.0253089120902334,1.0253089120902334,0.0,0
2026-07-29 00:00:00+00:00,0.0,1.0253089120902334,1.0253089120902334,0.0,0
2026-07-30 00:00:00+00:00,0.0,1.0253089120902334,1.0253089120902334,0.0,0
2026-07-31 00:00:00+00:00,0.0,1.0253089120902334,1.0253089120902334,0.0,0
2026-08-01 00:00:00+00:00,0.0,1.0253089120902334,1.0253089120902334,0.0,0
2026-08-02 00:00:00+00:00,0.0,1.0253089120902334,1.0253089120902334,0.0,0
2026-08-03 00:00:00+00:00,0.0,1.0253089120902334,1.0253089120902334,0.0,0
2026-08-04 00:00:00+00:00,0.0,1.0253089120902334,1.0253089120902334,0.0,0
2026-08-05 00:00:00+00:00,0.0,1.0253089120902334,1.0253089120902334,0.0,0
2026-08-06 00:00:00+00:00,0.0,1.0253089120902334,1.0253089120902334,0.0,0
2026-08-07 00:00:00+00:00,0.0,1.0253089120902334,1.0253089120902334,0.0,0
2026-08-08 00:00:00+00:00,0.0,1.0253089120902334,1.0253089120902334,0.0,0
2026-08-09 00:00:00+00:00,0.0,1.0253089120902334,1.0253089120902334,0.0,0
2026-08-10 00:00:00+00:00,0.0,1.0253089120902334,1.0253089120902334,0.0,0
2026-08-11 00:00:00+00:00,0.0,1.0253089120902334,1.0253089120902334,0.0,0
2026-08-12 00:00:00+00:00,0.0,1.0253089120902334,1.0253089120902334,0.0,0
2026-08-13 00:00:00+00:00,0.0,1.0253089120902334,1.0253089120902334,0.0,0
2026-08-14 00:00:00+00:00,0.0,1.0253089120902334,1.0253089120902334,0.0,0
2026-08-15 00:00:00+00:00,0.0,1.0253089120902334,1.0253089120902334,0.0,0
2026-08-16 00:00:00+00:00,0.0,1.0253089120902334,1.0253089120902334,0.0,0
2026-08-17 00:00:00+00:00,0.0,1.0253089120902334,1.0253089120902334,0.0,0
2026-08-18 00:00:00+00:00,0.0,1.0253089120902334,1.0253089120902334,0.0,0
2026-08-19 00:00:00+00:00,0.0,1.0253089120902334,1.0253089120902334,0.0,0
2026-08-20 00:00:00+00:00,0.010860543593909089,1.036444324227213,1.0259836983438197,0.26636577612233403,4
2026-08-21 00:00:00+00:00,0.015006206652429688,1.0519974219403043,1.0336014958547952,0.17814857804662873,4
2026-08-22 00:00:00+00:00,-0.002530329851419877,1.049335521459952,1.0373741411482607,0.12465623553599771,3
2026-08-23 00:00:00+00:00,0.00018837963118256695,1.0495331948984714,1.0390658238267558,0.09284556887837865,2
2026-08-24 00:00:00+00:00,0.0008268644076292464,1.0504010165419584,1.0390451477732987,0.09361472683809727,2
2026-08-25 00:00:00+00:00,0.0003706315023546125,1.0507903282487943,1.0461153151116394,0.046228947608082216,1
2026-08-26 00:00:00+00:00,0.0008679919519283263,1.0517024057968782,1.046114342389479,0.04705702015052319,1
2026-08-27 00:00:00+00:00,0.00027584713537498473,1.0519925148927842,1.046107325631745,0.04732648421994864,1
2026-08-28 00:00:00+00:00,-0.0031776055401373515,1.0486496976492778,1.0460297868844084,0.08282093170353125,2
2026-08-29 00:00:00+00:00,0.0005842762378303057,1.0492623987494223,1.046027201783394,0.08335896844806906,2
2026-08-30 00:00:00+00:00,-0.0018835138588785272,1.0472860984797776,1.0460291023049382,0.08162738961588545,2
2026-08-31 00:00:00+00:00,0.0007477790736014622,1.0480692371082945,1.0480692371082945,0.0,0
