date,return,equity,cash,gross_exposure,open_positions,test_year,selected_candidate
2020-01-01 00:00:00+00:00,0.0,1.0,1.0,0.0,0,2020,ALL
2020-01-02 00:00:00+00:00,0.0,1.0,1.0,0.0,0,2020,ALL
2020-01-03 00:00:00+00:00,0.0,1.0,1.0,0.0,0,2020,ALL
2020-01-04 00:00:00+00:00,0.0,1.0,1.0,0.0,0,2020,ALL
2020-01-05 00:00:00+00:00,0.0,1.0,1.0,0.0,0,2020,ALL
2020-01-06 00:00:00+00:00,0.0,1.0,1.0,0.0,0,2020,ALL
2020-01-07 00:00:00+00:00,0.0,1.0,1.0,0.0,0,2020,ALL
2020-01-08 00:00:00+00:00,0.0,1.0,1.0,0.0,0,2020,ALL
2020-01-09 00:00:00+00:00,0.0,1.0,1.0,0.0,0,2020,ALL
2020-01-10 00:00:00+00:00,0.0,1.0,1.0,0.0,0,2020,ALL
2020-01-11 00:00:00+00:00,0.0,1.0,1.0,0.0,0,2020,ALL
2020-01-12 00:00:00+00:00,0.0,1.0,1.0,0.0,0,2020,ALL
2020-01-13 00:00:00+00:00,0.0,1.0,1.0,0.0,0,2020,ALL
2020-01-14 00:00:00+00:00,0.0,1.0,1.0,0.0,0,2020,ALL
2020-01-15 00:00:00+00:00,0.0,1.0,1.0,0.0,0,2020,ALL
2020-01-16 00:00:00+00:00,0.0,1.0,1.0,0.0,0,2020,ALL
2020-01-17 00:00:00+00:00,0.0,1.0,1.0,0.0,0,2020,ALL
2020-01-18 00:00:00+00:00,0.0,1.0,1.0,0.0,0,2020,ALL
2020-01-19 00:00:00+00:00,0.0,1.0,1.0,0.0,0,2020,ALL
2020-01-20 00:00:00+00:00,0.0,1.0,1.0,0.0,0,2020,ALL
2020-01-21 00:00:00+00:00,0.0,1.0,1.0,0.0,0,2020,ALL
2020-01-22 00:00:00+00:00,0.0,1.0,1.0,0.0,0,2020,ALL
2020-01-23 00:00:00+00:00,0.0,1.0,1.0,0.0,0,2020,ALL
2020-01-24 00:00:00+00:00,0.0,1.0,1.0,0.0,0,2020,ALL
2020-01-25 00:00:00+00:00,0.0,1.0,1.0,0.0,0,2020,ALL
2020-01-26 00:00:00+00:00,0.0,1.0,1.0,0.0,0,2020,ALL
2020-01-27 00:00:00+00:00,0.0,1.0,1.0,0.0,0,2020,ALL
2020-01-28 00:00:00+00:00,0.0,1.0,1.0,0.0,0,2020,ALL
2020-01-29 00:00:00+00:00,0.0,1.0,1.0,0.0,0,2020,ALL
2020-01-30 00:00:00+00:00,0.0,1.0,1.0,0.0,0,2020,ALL
2020-01-31 00:00:00+00:00,0.0,1.0,1.0,0.0,0,2020,ALL
2020-02-01 00:00:00+00:00,0.0,1.0,1.0,0.0,0,2020,ALL
2020-02-02 00:00:00+00:00,0.0,1.0,1.0,0.0,0,2020,ALL
2020-02-03 00:00:00+00:00,0.0,1.0,1.0,0.0,0,2020,ALL
2020-02-04 00:00:00+00:00,0.0,1.0,1.0,0.0,0,2020,ALL
2020-02-05 00:00:00+00:00,0.0,1.0,1.0,0.0,0,2020,ALL
2020-02-06 00:00:00+00:00,0.0,1.0,1.0,0.0,0,2020,ALL
2020-02-07 00:00:00+00:00,0.0,1.0,1.0,0.0,0,2020,ALL
2020-02-08 00:00:00+00:00,0.0,1.0,1.0,0.0,0,2020,ALL
2020-02-09 00:00:00+00:00,0.0,1.0,1.0,0.0,0,2020,ALL
2020-02-10 00:00:00+00:00,-0.001589680346248179,0.9984103196537518,0.9402964332273035,0.05820641602202412,1,2020,ALL
2020-02-11 00:00:00+00:00,0.003603789048875816,1.0020083798300046,0.9402964332273035,0.061588253995611186,1,2020,ALL
2020-02-12 00:00:00+00:00,0.006393389634262725,1.008414609819054,0.9737715478176983,0.0343539866083178,1,2020,ALL
2020-02-13 00:00:00+00:00,0.0003335338505661145,1.0087509502268341,0.9737715478176983,0.034675954854139435,1,2020,ALL
2020-02-14 00:00:00+00:00,0.0022187956113008944,1.0109891624080931,1.0109891624080931,0.0,0,2020,ALL
2020-02-15 00:00:00+00:00,0.0,1.0109891624080931,1.0109891624080931,0.0,0,2020,ALL
2020-02-16 00:00:00+00:00,0.0,1.0109891624080931,1.0109891624080931,0.0,0,2020,ALL
2020-02-17 00:00:00+00:00,0.0012947793012485498,1.0122981702493656,0.9707667069275338,0.041026907429459344,1,2020,ALL
2020-02-18 00:00:00+00:00,0.0022608069951792764,1.0145867810338727,0.9707667069275338,0.04319007001223287,1,2020,ALL
2020-02-19 00:00:00+00:00,-0.003692268820974398,1.0108406538960886,0.9707667069275338,0.03964417815419044,1,2020,ALL
2020-02-20 00:00:00+00:00,-0.00022855417082501273,1.0106096220486012,0.9707667069275338,0.039424634648047414,1,2020,ALL
2020-02-21 00:00:00+00:00,0.001274979428414147,1.0118981285268704,0.9707667069275338,0.040647788981699275,1,2020,ALL
2020-02-22 00:00:00+00:00,-0.0005669575120907933,1.0113244252814315,0.9707667069275338,0.04010356848902513,1,2020,ALL
2020-02-23 00:00:00+00:00,0.0019793442259943284,1.0133261844432193,0.9707667069275338,0.041999780691614405,1,2020,ALL
2020-02-24 00:00:00+00:00,-0.001371021695558361,1.0119368922596703,0.9707667069275338,0.04068453838084994,1,2020,ALL
2020-02-25 00:00:00+00:00,-0.0028883080313309994,1.0090141068065566,0.9707667069275338,0.03790571372690965,1,2020,ALL
2020-02-26 00:00:00+00:00,-0.003201490426785858,1.0057837578031235,1.0057837578031235,0.0,0,2020,ALL
2020-02-27 00:00:00+00:00,0.0,1.0057837578031235,1.0057837578031235,0.0,0,2020,ALL
2020-02-28 00:00:00+00:00,0.0,1.0057837578031235,1.0057837578031235,0.0,0,2020,ALL
2020-02-29 00:00:00+00:00,0.0,1.0057837578031235,1.0057837578031235,0.0,0,2020,ALL
2020-03-01 00:00:00+00:00,0.0,1.0057837578031235,1.0057837578031235,0.0,0,2020,ALL
2020-03-02 00:00:00+00:00,0.0,1.0057837578031235,1.0057837578031235,0.0,0,2020,ALL
2020-03-03 00:00:00+00:00,0.0,1.0057837578031235,1.0057837578031235,0.0,0,2020,ALL
2020-03-04 00:00:00+00:00,0.0,1.0057837578031235,1.0057837578031235,0.0,0,2020,ALL
2020-03-05 00:00:00+00:00,0.0,1.0057837578031235,1.0057837578031235,0.0,0,2020,ALL
2020-03-06 00:00:00+00:00,0.0,1.0057837578031235,1.0057837578031235,0.0,0,2020,ALL
2020-03-07 00:00:00+00:00,0.0,1.0057837578031235,1.0057837578031235,0.0,0,2020,ALL
2020-03-08 00:00:00+00:00,0.0,1.0057837578031235,1.0057837578031235,0.0,0,2020,ALL
2020-03-09 00:00:00+00:00,0.0,1.0057837578031235,1.0057837578031235,0.0,0,2020,ALL
2020-03-10 00:00:00+00:00,0.0,1.0057837578031235,1.0057837578031235,0.0,0,2020,ALL
2020-03-11 00:00:00+00:00,0.0,1.0057837578031235,1.0057837578031235,0.0,0,2020,ALL
2020-03-12 00:00:00+00:00,0.0,1.0057837578031235,1.0057837578031235,0.0,0,2020,ALL
2020-03-13 00:00:00+00:00,0.0,1.0057837578031235,1.0057837578031235,0.0,0,2020,ALL
2020-03-14 00:00:00+00:00,0.0,1.0057837578031235,1.0057837578031235,0.0,0,2020,ALL
2020-03-15 00:00:00+00:00,0.0,1.0057837578031235,1.0057837578031235,0.0,0,2020,ALL
2020-03-16 00:00:00+00:00,0.0,1.0057837578031235,1.0057837578031235,0.0,0,2020,ALL
2020-03-17 00:00:00+00:00,0.0,1.0057837578031235,1.0057837578031235,0.0,0,2020,ALL
2020-03-18 00:00:00+00:00,0.0,1.0057837578031235,1.0057837578031235,0.0,0,2020,ALL
2020-03-19 00:00:00+00:00,0.0,1.0057837578031235,1.0057837578031235,0.0,0,2020,ALL
2020-03-20 00:00:00+00:00,0.0,1.0057837578031235,1.0057837578031235,0.0,0,2020,ALL
2020-03-21 00:00:00+00:00,0.0,1.0057837578031235,1.0057837578031235,0.0,0,2020,ALL
2020-03-22 00:00:00+00:00,0.0,1.0057837578031235,1.0057837578031235,0.0,0,2020,ALL
2020-03-23 00:00:00+00:00,0.0,1.0057837578031235,1.0057837578031235,0.0,0,2020,ALL
2020-03-24 00:00:00+00:00,0.0,1.0057837578031235,1.0057837578031235,0.0,0,2020,ALL
2020-03-25 00:00:00+00:00,0.0,1.0057837578031235,1.0057837578031235,0.0,0,2020,ALL
2020-03-26 00:00:00+00:00,0.0,1.0057837578031235,1.0057837578031235,0.0,0,2020,ALL
2020-03-27 00:00:00+00:00,0.0,1.0057837578031235,1.0057837578031235,0.0,0,2020,ALL
2020-03-28 00:00:00+00:00,0.0,1.0057837578031235,1.0057837578031235,0.0,0,2020,ALL
2020-03-29 00:00:00+00:00,0.0,1.0057837578031235,1.0057837578031235,0.0,0,2020,ALL
2020-03-30 00:00:00+00:00,0.0,1.0057837578031235,1.0057837578031235,0.0,0,2020,ALL
2020-03-31 00:00:00+00:00,0.0,1.0057837578031235,1.0057837578031235,0.0,0,2020,ALL
2020-04-01 00:00:00+00:00,0.0,1.0057837578031235,1.0057837578031235,0.0,0,2020,ALL
2020-04-02 00:00:00+00:00,0.0,1.0057837578031235,1.0057837578031235,0.0,0,2020,ALL
2020-04-03 00:00:00+00:00,0.0,1.0057837578031235,1.0057837578031235,0.0,0,2020,ALL
2020-04-04 00:00:00+00:00,0.0,1.0057837578031235,1.0057837578031235,0.0,0,2020,ALL
2020-04-05 00:00:00+00:00,0.0,1.0057837578031235,1.0057837578031235,0.0,0,2020,ALL
2020-04-06 00:00:00+00:00,0.0,1.0057837578031235,1.0057837578031235,0.0,0,2020,ALL
2020-04-07 00:00:00+00:00,0.0,1.0057837578031235,1.0057837578031235,0.0,0,2020,ALL
2020-04-08 00:00:00+00:00,0.0,1.0057837578031235,1.0057837578031235,0.0,0,2020,ALL
2020-04-09 00:00:00+00:00,0.0,1.0057837578031235,1.0057837578031235,0.0,0,2020,ALL
2020-04-10 00:00:00+00:00,0.0,1.0057837578031235,1.0057837578031235,0.0,0,2020,ALL
2020-04-11 00:00:00+00:00,0.0,1.0057837578031235,1.0057837578031235,0.0,0,2020,ALL
2020-04-12 00:00:00+00:00,0.0,1.0057837578031235,1.0057837578031235,0.0,0,2020,ALL
2020-04-13 00:00:00+00:00,0.0,1.0057837578031235,1.0057837578031235,0.0,0,2020,ALL
2020-04-14 00:00:00+00:00,0.0,1.0057837578031235,1.0057837578031235,0.0,0,2020,ALL
2020-04-15 00:00:00+00:00,0.0,1.0057837578031235,1.0057837578031235,0.0,0,2020,ALL
2020-04-16 00:00:00+00:00,0.0,1.0057837578031235,1.0057837578031235,0.0,0,2020,ALL
2020-04-17 00:00:00+00:00,0.0,1.0057837578031235,1.0057837578031235,0.0,0,2020,ALL
2020-04-18 00:00:00+00:00,0.0,1.0057837578031235,1.0057837578031235,0.0,0,2020,ALL
2020-04-19 00:00:00+00:00,0.0,1.0057837578031235,1.0057837578031235,0.0,0,2020,ALL
2020-04-20 00:00:00+00:00,0.0,1.0057837578031235,1.0057837578031235,0.0,0,2020,ALL
2020-04-21 00:00:00+00:00,0.0,1.0057837578031235,1.0057837578031235,0.0,0,2020,ALL
2020-04-22 00:00:00+00:00,0.0,1.0057837578031235,1.0057837578031235,0.0,0,2020,ALL
2020-04-23 00:00:00+00:00,0.0,1.0057837578031235,1.0057837578031235,0.0,0,2020,ALL
2020-04-24 00:00:00+00:00,0.0,1.0057837578031235,1.0057837578031235,0.0,0,2020,ALL
2020-04-25 00:00:00+00:00,0.0,1.0057837578031235,1.0057837578031235,0.0,0,2020,ALL
2020-04-26 00:00:00+00:00,0.0,1.0057837578031235,1.0057837578031235,0.0,0,2020,ALL
2020-04-27 00:00:00+00:00,0.0,1.0057837578031235,1.0057837578031235,0.0,0,2020,ALL
2020-04-28 00:00:00+00:00,0.0,1.0057837578031235,1.0057837578031235,0.0,0,2020,ALL
2020-04-29 00:00:00+00:00,0.0,1.0057837578031235,1.0057837578031235,0.0,0,2020,ALL
2020-04-30 00:00:00+00:00,0.0,1.0057837578031235,1.0057837578031235,0.0,0,2020,ALL
2020-05-01 00:00:00+00:00,0.0,1.0057837578031235,1.0057837578031235,0.0,0,2020,ALL
2020-05-02 00:00:00+00:00,0.0,1.0057837578031235,1.0057837578031235,0.0,0,2020,ALL
2020-05-03 00:00:00+00:00,0.0,1.0057837578031235,1.0057837578031235,0.0,0,2020,ALL
2020-05-04 00:00:00+00:00,0.0,1.0057837578031235,1.0057837578031235,0.0,0,2020,ALL
2020-05-05 00:00:00+00:00,0.0,1.0057837578031235,1.0057837578031235,0.0,0,2020,ALL
2020-05-06 00:00:00+00:00,0.0,1.0057837578031235,1.0057837578031235,0.0,0,2020,ALL
2020-05-07 00:00:00+00:00,0.0,1.0057837578031235,1.0057837578031235,0.0,0,2020,ALL
2020-05-08 00:00:00+00:00,0.0,1.0057837578031235,1.0057837578031235,0.0,0,2020,ALL
2020-05-09 00:00:00+00:00,0.0,1.0057837578031235,1.0057837578031235,0.0,0,2020,ALL
2020-05-10 00:00:00+00:00,0.0,1.0057837578031235,1.0057837578031235,0.0,0,2020,ALL
2020-05-11 00:00:00+00:00,0.0,1.0057837578031235,1.0057837578031235,0.0,0,2020,ALL
2020-05-12 00:00:00+00:00,0.0,1.0057837578031235,1.0057837578031235,0.0,0,2020,ALL
2020-05-13 00:00:00+00:00,0.0,1.0057837578031235,1.0057837578031235,0.0,0,2020,ALL
2020-05-14 00:00:00+00:00,0.0,1.0057837578031235,1.0057837578031235,0.0,0,2020,ALL
2020-05-15 00:00:00+00:00,0.0,1.0057837578031235,1.0057837578031235,0.0,0,2020,ALL
2020-05-16 00:00:00+00:00,0.0,1.0057837578031235,1.0057837578031235,0.0,0,2020,ALL
2020-05-17 00:00:00+00:00,0.0,1.0057837578031235,1.0057837578031235,0.0,0,2020,ALL
2020-05-18 00:00:00+00:00,0.0,1.0057837578031235,1.0057837578031235,0.0,0,2020,ALL
2020-05-19 00:00:00+00:00,0.0,1.0057837578031235,1.0057837578031235,0.0,0,2020,ALL
2020-05-20 00:00:00+00:00,0.0,1.0057837578031235,1.0057837578031235,0.0,0,2020,ALL
2020-05-21 00:00:00+00:00,0.0,1.0057837578031235,1.0057837578031235,0.0,0,2020,ALL
2020-05-22 00:00:00+00:00,0.0,1.0057837578031235,1.0057837578031235,0.0,0,2020,ALL
2020-05-23 00:00:00+00:00,0.0,1.0057837578031235,1.0057837578031235,0.0,0,2020,ALL
2020-05-24 00:00:00+00:00,0.0,1.0057837578031235,1.0057837578031235,0.0,0,2020,ALL
2020-05-25 00:00:00+00:00,0.0,1.0057837578031235,1.0057837578031235,0.0,0,2020,ALL
2020-05-26 00:00:00+00:00,0.0,1.0057837578031235,1.0057837578031235,0.0,0,2020,ALL
2020-05-27 00:00:00+00:00,0.0,1.0057837578031235,1.0057837578031235,0.0,0,2020,ALL
2020-05-28 00:00:00+00:00,0.0,1.0057837578031235,1.0057837578031235,0.0,0,2020,ALL
2020-05-29 00:00:00+00:00,0.0,1.0057837578031235,1.0057837578031235,0.0,0,2020,ALL
2020-05-30 00:00:00+00:00,0.0,1.0057837578031235,1.0057837578031235,0.0,0,2020,ALL
2020-05-31 00:00:00+00:00,0.0,1.0057837578031235,1.0057837578031235,0.0,0,2020,ALL
2020-06-01 00:00:00+00:00,0.004150411343139204,1.0099581741202548,0.9686503225671411,0.040900556687999294,1,2020,ALL
2020-06-02 00:00:00+00:00,-0.0030929574839151375,1.0068344164271683,1.0068344164271683,0.0,0,2020,ALL
2020-06-03 00:00:00+00:00,0.0,1.0068344164271683,1.0068344164271683,0.0,0,2020,ALL
2020-06-04 00:00:00+00:00,0.0,1.0068344164271683,1.0068344164271683,0.0,0,2020,ALL
2020-06-05 00:00:00+00:00,0.0,1.0068344164271683,1.0068344164271683,0.0,0,2020,ALL
2020-06-06 00:00:00+00:00,0.0,1.0068344164271683,1.0068344164271683,0.0,0,2020,ALL
2020-06-07 00:00:00+00:00,0.0,1.0068344164271683,1.0068344164271683,0.0,0,2020,ALL
2020-06-08 00:00:00+00:00,0.00034862580528094433,1.0071854248863799,0.8499156141139429,0.15614782232395644,3,2020,ALL
2020-06-09 00:00:00+00:00,-0.0007931825017754024,1.0063865430313168,0.8499156141139429,0.1554779622212267,3,2020,ALL
2020-06-10 00:00:00+00:00,0.0014983326987738632,1.0078944448963467,0.8499156141139429,0.15674144408906876,3,2020,ALL
2020-06-11 00:00:00+00:00,-0.010344084954987842,0.9974686991326785,0.8499156141139429,0.1479275341141395,3,2020,ALL
2020-06-12 00:00:00+00:00,0.003691880732270336,1.0011512346040492,0.8499156141139429,0.1510617130187323,3,2020,ALL
2020-06-13 00:00:00+00:00,0.0006939714121219076,1.001846004940075,0.8499156141139429,0.15165044335852768,3,2020,ALL
2020-06-14 00:00:00+00:00,-0.0027087155572663724,0.9991322890805087,0.8499156141139429,0.14934626435092827,3,2020,ALL
2020-06-15 00:00:00+00:00,-0.004654101285851864,0.9944822262091629,0.9420312297090634,0.052742015008187704,1,2020,ALL
2020-06-16 00:00:00+00:00,0.0005571304149964984,0.9950362825045576,0.9420312297090634,0.05326946738271462,1,2020,ALL
2020-06-17 00:00:00+00:00,-0.0003380514281304814,0.9946999090682153,0.9420312297090634,0.05294931554632314,1,2020,ALL
2020-06-18 00:00:00+00:00,-0.00044093009203893807,0.9942613159457587,0.9420312297090634,0.05253154819466465,1,2020,ALL
2020-06-19 00:00:00+00:00,-0.00042584585888105764,0.9938379138817176,0.9420312297090634,0.05212790078646571,1,2020,ALL
2020-06-20 00:00:00+00:00,0.00027278287714871396,0.9941090158472858,0.9420312297090634,0.05238639355245778,1,2020,ALL
2020-06-21 00:00:00+00:00,-0.0003596930905370721,0.993751441703045,0.9420312297090634,0.05204542084019112,1,2020,ALL
2020-06-22 00:00:00+00:00,0.005727434436124446,0.9994430879312034,0.8871729664730044,0.1123326808839036,2,2020,ALL
2020-06-23 00:00:00+00:00,-0.0003361072443749391,0.9991071678690092,0.8871729664730044,0.11203422915556574,2,2020,ALL
2020-06-24 00:00:00+00:00,-0.003066150036824311,0.9960437553894562,0.902072488439839,0.09434451693628076,2,2020,ALL
2020-06-25 00:00:00+00:00,-0.0015291685503869834,0.9945206366039053,0.9430519395697694,0.05175226650890981,1,2020,ALL
2020-06-26 00:00:00+00:00,-0.0004883445272005904,0.9940349678938317,0.9430519395697694,0.0512889686688643,1,2020,ALL
2020-06-27 00:00:00+00:00,-0.001889848189522203,0.9921563927094358,0.9921563927094358,0.0,0,2020,ALL
2020-06-28 00:00:00+00:00,0.0,0.9921563927094358,0.9921563927094358,0.0,0,2020,ALL
2020-06-29 00:00:00+00:00,0.0010968940146771633,0.9932446831182226,0.8657649923011272,0.1283467135377777,2,2020,ALL
2020-06-30 00:00:00+00:00,-0.0009988299942140788,0.9922526005371304,0.8657649923011272,0.12747520960643724,2,2020,ALL
2020-07-01 00:00:00+00:00,0.0020658487592060126,0.994302444340769,0.8657649923011272,0.12927399783761287,2,2020,ALL
2020-07-02 00:00:00+00:00,-0.0022565786849797487,0.9920587226384463,0.8657649923011272,0.12730469220756657,2,2020,ALL
2020-07-03 00:00:00+00:00,-0.0006151209946062552,0.9914484864902692,0.8657649923011272,0.126767548593535,2,2020,ALL
2020-07-04 00:00:00+00:00,0.0016702078857080416,0.9931044115706785,0.8657649923011272,0.1282235964173729,2,2020,ALL
2020-07-05 00:00:00+00:00,-0.0009154753598783483,0.9921952489520991,0.8657649923011272,0.12742477529951934,2,2020,ALL
2020-07-06 00:00:00+00:00,0.005627596760748421,0.9977789237211319,0.8657649923011272,0.1323077971297187,2,2020,ALL
2020-07-07 00:00:00+00:00,-0.0012206837873481868,0.9965609511655877,0.8657649923011272,0.13124732482391593,2,2020,ALL
2020-07-08 00:00:00+00:00,0.0031134083412087676,0.9996636523434695,0.880768768173418,0.11893488764078922,2,2020,ALL
2020-07-09 00:00:00+00:00,-0.0025005000816629153,0.9971639932991493,0.880768768173418,0.11672626158575375,2,2020,ALL
2020-07-10 00:00:00+00:00,0.0003036073012900875,0.9974667395680984,0.880768768173418,0.1169943485486147,2,2020,ALL
2020-07-11 00:00:00+00:00,-0.0008057068637951081,0.996663073769621,0.880768768173418,0.116282331157171,2,2020,ALL
2020-07-12 00:00:00+00:00,0.0012013770626368991,0.997860441925625,0.880768768173418,0.11734273534909243,2,2020,ALL
2020-07-13 00:00:00+00:00,-0.000832448590492918,0.9970297744072353,0.8116177851037816,0.18596434536138784,3,2020,ALL
2020-07-14 00:00:00+00:00,-0.0009545428008012058,0.9960780668138904,0.8116177851037816,0.1851865710688054,3,2020,ALL
2020-07-15 00:00:00+00:00,-0.0024735829550148747,0.9936141850859554,0.8116177851037816,0.1831660645690458,3,2020,ALL
2020-07-16 00:00:00+00:00,-0.004047296638341691,0.9895927337348485,0.875513398532236,0.11527907523336661,2,2020,ALL
2020-07-17 00:00:00+00:00,-5.2996861680254526e-06,0.9895874892039255,0.875513398532236,0.11527438646527,2,2020,ALL
2020-07-18 00:00:00+00:00,0.000683371650809228,0.990263745240043,0.875513398532236,0.11587856998641423,2,2020,ALL
2020-07-19 00:00:00+00:00,0.0009435013544727422,0.9911980604249622,0.875513398532236,0.11671195345471924,2,2020,ALL
2020-07-20 00:00:00+00:00,-0.0009541038825063852,0.990252354507178,0.875513398532236,0.11586840006257243,2,2020,ALL
2020-07-21 00:00:00+00:00,0.003582044563882336,0.9937994825705121,0.875513398532236,0.1190240950139391,2,2020,ALL
2020-07-22 00:00:00+00:00,0.0044297957716936676,0.9982018113163142,0.8917548895044318,0.10663867827640224,2,2020,ALL
2020-07-23 00:00:00+00:00,0.002084352069212425,1.000282415327223,0.8917548895044318,0.10849688463961299,2,2020,ALL
2020-07-24 00:00:00+00:00,0.0006774713971808843,1.0009600780527101,0.9267133016486335,0.07417556207488112,1,2020,ALL
2020-07-25 00:00:00+00:00,0.0012646972996517292,1.0022259895604826,0.9267133016486335,0.07534497079342795,1,2020,ALL
2020-07-26 00:00:00+00:00,0.0014114126315405429,1.0036405439818066,0.945656666956066,0.05777354987643025,1,2020,ALL
2020-07-27 00:00:00+00:00,0.013297697844896206,1.016986652680564,0.8914494023270818,0.12344041096566244,2,2020,ALL
2020-07-28 00:00:00+00:00,1.988390085805314e-05,1.01700687434234,0.8914494023270818,0.123457840043069,2,2020,ALL
2020-07-29 00:00:00+00:00,-0.0005329729906151659,1.0164648371470455,0.8914494023270818,0.12299041762315127,2,2020,ALL
2020-07-30 00:00:00+00:00,0.0038345704372602096,1.020362543162084,0.9099290757320412,0.10822963677969946,2,2020,ALL
2020-07-31 00:00:00+00:00,0.003725545934108787,1.0241639506860785,0.9099290757320412,0.11153963667390583,2,2020,ALL
2020-08-01 00:00:00+00:00,0.006307444259506356,1.0306238077176266,0.9862357221797227,0.043069144342981806,1,2020,ALL
2020-08-02 00:00:00+00:00,-0.004191006617878412,1.026304456518939,1.026304456518939,0.0,0,2020,ALL
2020-08-03 00:00:00+00:00,0.004695260043663385,1.0311232228262661,0.8606006241101772,0.1653755777594587,3,2020,ALL
2020-08-04 00:00:00+00:00,0.0008147487517158325,1.031963329184929,0.8606006241101772,0.16605503338001204,3,2020,ALL
2020-08-05 00:00:00+00:00,0.006852101110619291,1.0390344462589556,0.8745294002358853,0.15832492042527627,3,2020,ALL
2020-08-06 00:00:00+00:00,-0.0013485779775469497,1.037633227286818,0.8929316758382037,0.139453467413507,3,2020,ALL
2020-08-07 00:00:00+00:00,-0.0033193196464601504,1.034188990929665,0.8929316758382037,0.13658752542364702,3,2020,ALL
2020-08-08 00:00:00+00:00,0.003901853748851325,1.0382242451209447,0.8929316758382037,0.13994334072386802,3,2020,ALL
2020-08-09 00:00:00+00:00,-0.002052379660981374,1.0360934147967207,0.8929316758382037,0.13817454769423965,3,2020,ALL
2020-08-10 00:00:00+00:00,0.0015026107863389537,1.037650259937449,0.9334667225534874,0.10040332605924669,2,2020,ALL
2020-08-11 00:00:00+00:00,-0.004202854901809494,1.033289166456107,0.9334667225534874,0.09660649423528055,2,2020,ALL
2020-08-12 00:00:00+00:00,0.0017538189584256347,1.0351013685857735,0.9334667225534874,0.09818810902660322,2,2020,ALL
2020-08-13 00:00:00+00:00,0.005090504045435207,1.040370556289995,0.9462372002699373,0.09048060371464296,2,2020,ALL
2020-08-14 00:00:00+00:00,0.0011226413482388065,1.0415385192939763,0.9462372002699373,0.09150052279260942,2,2020,ALL
2020-08-15 00:00:00+00:00,-0.00010551796914304301,1.0414286182646362,0.9462372002699373,0.09140464965646836,2,2020,ALL
2020-08-16 00:00:00+00:00,0.0003773452349351558,1.0418215963912634,0.9462372002699373,0.09174737445683433,2,2020,ALL
2020-08-17 00:00:00+00:00,0.0014085906432543815,1.0432890965438804,0.9462372002699373,0.09302493105261853,2,2020,ALL
2020-08-18 00:00:00+00:00,-0.0022923886836032636,1.0408974724252364,0.9462372002699373,0.0909410145215798,2,2020,ALL
2020-08-19 00:00:00+00:00,-0.002141397953776658,1.0386684967076938,0.9462372002699373,0.08899017995706941,2,2020,ALL
2020-08-20 00:00:00+00:00,0.0012000460841896654,1.0399149467699391,0.9462372002699373,0.09008212334188737,2,2020,ALL
2020-08-21 00:00:00+00:00,-0.003934674976232455,1.0358232194514734,0.9462372002699373,0.08648774954955814,2,2020,ALL
2020-08-22 00:00:00+00:00,0.0012415921673429864,1.0371092894474963,0.9462372002699373,0.08762055272493965,2,2020,ALL
2020-08-23 00:00:00+00:00,-0.0004715382548288183,1.0366202527430834,0.9462372002699373,0.08719012795088292,2,2020,ALL
2020-08-24 00:00:00+00:00,0.0033391153449942035,1.0400816473359495,0.9013529487785543,0.13338250791438636,3,2020,ALL
2020-08-25 00:00:00+00:00,-0.007507074244272771,1.032273677189293,0.9358234374993819,0.09343475651973317,2,2020,ALL
2020-08-26 00:00:00+00:00,0.0022555286508501027,1.034602000043712,0.9358234374993819,0.09547493871088268,2,2020,ALL
2020-08-27 00:00:00+00:00,0.0012192704436781998,1.0358634596833356,0.9358234374993819,0.09657645633579555,2,2020,ALL
2020-08-28 00:00:00+00:00,0.000819483260909637,1.036712332449134,0.9358234374993819,0.09731619060748684,2,2020,ALL
2020-08-29 00:00:00+00:00,-0.0005531750090747023,1.0361388490952237,0.9358234374993819,0.09681657210656577,2,2020,ALL
2020-08-30 00:00:00+00:00,0.002447633534202298,1.038674937288359,0.9358234374993819,0.0990218364731981,2,2020,ALL
2020-08-31 00:00:00+00:00,-0.0011904858272681063,1.0374384094963787,0.8672947963854796,0.16400357992673018,3,2020,ALL
2020-09-01 00:00:00+00:00,0.008857752169421529,1.0466277818187364,0.8920911359553259,0.1476519623766059,3,2020,ALL
2020-09-02 00:00:00+00:00,-0.006815524144186846,1.039494464901774,0.9251849296073034,0.10996646846529604,2,2020,ALL
2020-09-03 00:00:00+00:00,-0.007422653947190216,1.0317786572087886,1.0317786572087886,0.0,0,2020,ALL
2020-09-04 00:00:00+00:00,0.0,1.0317786572087886,1.0317786572087886,0.0,0,2020,ALL
2020-09-05 00:00:00+00:00,0.0,1.0317786572087886,1.0317786572087886,0.0,0,2020,ALL
2020-09-06 00:00:00+00:00,0.0,1.0317786572087886,1.0317786572087886,0.0,0,2020,ALL
2020-09-07 00:00:00+00:00,-0.0004616864912474483,1.0313022989407978,0.918483043197504,0.10939494254901329,3,2020,ALL
2020-09-08 00:00:00+00:00,-0.0014003724737269296,1.0298580915892699,0.918483043197504,0.10814601477752411,3,2020,ALL
2020-09-09 00:00:00+00:00,0.0029878846666664405,1.0329351887899718,0.918483043197504,0.1108028333573788,3,2020,ALL
2020-09-10 00:00:00+00:00,0.0019510661451018763,1.0349505136669044,0.918483043197504,0.11253433756629364,3,2020,ALL
2020-09-11 00:00:00+00:00,0.0017650826539554743,1.0367772868662801,0.918483043197504,0.11409802777058066,3,2020,ALL
2020-09-12 00:00:00+00:00,0.004777259013112545,1.0417302405045523,0.9274097908708256,0.10974093406212015,3,2020,ALL
2020-09-13 00:00:00+00:00,0.0003583336732835285,1.042103527528203,0.9376236824190153,0.10025860420701828,3,2020,ALL
2020-09-14 00:00:00+00:00,0.0026012859751491924,1.0448143368190155,0.9376236824190153,0.10259301640743855,3,2020,ALL
2020-09-15 00:00:00+00:00,-0.00301588056441382,1.0416633015671821,0.9554771777656585,0.08273894613725623,2,2020,ALL
2020-09-16 00:00:00+00:00,0.0009632646328603389,1.0426666989849303,0.9554771777656585,0.0836216609815519,2,2020,ALL
2020-09-17 00:00:00+00:00,0.001652323302073322,1.0443895214679588,0.9554771777656585,0.08513331652095485,2,2020,ALL
2020-09-18 00:00:00+00:00,-0.0003878435812948444,1.043984461695686,0.9554771777656585,0.08477835367996761,2,2020,ALL
2020-09-19 00:00:00+00:00,0.0008349537869782875,1.0448561404755252,0.9554771777656585,0.08554188394699909,2,2020,ALL
2020-09-20 00:00:00+00:00,-0.0018513368704460298,1.0429217597783509,0.9554771777656585,0.0838457738491109,2,2020,ALL
2020-09-21 00:00:00+00:00,-0.007440662720408886,1.035161730720065,0.9333545644191943,0.09834904370938534,3,2020,ALL
2020-09-22 00:00:00+00:00,0.0016201790644629899,1.0368388780845108,0.9333545644191943,0.09980751672477477,3,2020,ALL
2020-09-23 00:00:00+00:00,-0.004188045338951563,1.0324965498539052,0.9333545644191943,0.09602161425986286,3,2020,ALL
2020-09-24 00:00:00+00:00,0.006074887688770625,1.0387688504333108,0.9333545644191943,0.10148002221104734,3,2020,ALL
2020-09-25 00:00:00+00:00,4.3777320086091365e-05,1.0388143249497717,0.9333545644191943,0.10151935528582207,3,2020,ALL
2020-09-26 00:00:00+00:00,0.0015816995009876322,1.0404574170491636,0.9333545644191943,0.10293823742803745,3,2020,ALL
2020-09-27 00:00:00+00:00,0.0005366256915806389,1.0410157532301478,0.9333545644191943,0.10341936563101349,3,2020,ALL
2020-09-28 00:00:00+00:00,-7.145389758955734e-05,1.0409413685971274,0.9333545644191943,0.10335529687222193,3,2020,ALL
2020-09-29 00:00:00+00:00,0.002715106236940823,1.0437676349992953,0.9333545644191943,0.1057831905088488,3,2020,ALL
2020-09-30 00:00:00+00:00,-3.4752936502124854e-05,1.0437313610089531,0.9333545644191943,0.10575211276880672,3,2020,ALL
2020-10-01 00:00:00+00:00,-0.002769413744865168,1.040840837031828,0.9333545644191943,0.10326869276108833,3,2020,ALL
2020-10-02 00:00:00+00:00,-0.0008788972538569251,1.0399260448784586,0.9333545644191943,0.1024798647789611,3,2020,ALL
2020-10-03 00:00:00+00:00,0.0005610465521164176,1.0405094918003936,0.9333545644191943,0.10298313299938197,3,2020,ALL
2020-10-04 00:00:00+00:00,0.0017436753032604724,1.042323802504054,0.9333545644191943,0.10454451661093671,3,2020,ALL
2020-10-05 00:00:00+00:00,0.000463067089197855,1.0428064683532812,0.8812630229952557,0.15491220112311194,3,2020,ALL
2020-10-06 00:00:00+00:00,-0.003946405447927348,1.0386911312254379,0.8812630229952557,0.1515639283878836,3,2020,ALL
2020-10-07 00:00:00+00:00,0.0006510296043724662,1.0393673499016647,0.8812630229952557,0.1521159260211198,3,2020,ALL
2020-10-08 00:00:00+00:00,0.00333327122215632,1.0428318431783408,0.8812630229952557,0.15493276431860376,3,2020,ALL
2020-10-09 00:00:00+00:00,0.0033423625196735696,1.0463173652453022,0.8812630229952557,0.15774787624914405,3,2020,ALL
2020-10-10 00:00:00+00:00,0.0026167411495263693,1.0490553069504036,0.9048175224460198,0.1374930221016488,3,2020,ALL
2020-10-11 00:00:00+00:00,0.000985713488738993,1.0500893749168978,0.9048175224460198,0.13834236965055904,3,2020,ALL
2020-10-12 00:00:00+00:00,0.00434783671105099,1.054654992051046,0.9178737632202727,0.12969286625644955,3,2020,ALL
2020-10-13 00:00:00+00:00,-0.0011006909502975226,1.0534941428456093,0.9178737632202727,0.12873387151352386,3,2020,ALL
2020-10-14 00:00:00+00:00,-0.0001501175242433206,1.0533359949130805,0.9178737632202727,0.1286030595621921,3,2020,ALL
2020-10-15 00:00:00+00:00,0.0008077511527060377,1.0541868282771583,0.9178737632202727,0.12930636335084925,3,2020,ALL
2020-10-16 00:00:00+00:00,-0.003274289910326744,1.050735114981731,0.9178737632202727,0.1264460946123119,3,2020,ALL
2020-10-17 00:00:00+00:00,0.0006647328128903673,1.0514335730903155,0.9178737632202727,0.12702638881645284,3,2020,ALL
2020-10-18 00:00:00+00:00,0.002119947182030346,1.0536625567306803,0.9178737632202727,0.1288731317659566,3,2020,ALL
2020-10-19 00:00:00+00:00,0.0002546162074423819,1.0539308362947992,0.8919919706456472,0.1536522702177162,3,2020,ALL
2020-10-20 00:00:00+00:00,-0.0018564655118251672,1.0519742500453688,0.9168465721185391,0.12845150717425072,3,2020,ALL
2020-10-21 00:00:00+00:00,0.005924830798615721,1.0582070194813884,0.969155979108579,0.0841527590853178,2,2020,ALL
2020-10-22 00:00:00+00:00,0.003674732831575822,1.0620956475584806,0.969155979108579,0.08750593099929281,2,2020,ALL
2020-10-23 00:00:00+00:00,-0.00046289720693970526,1.061604006449723,0.969155979108579,0.08708334442926041,2,2020,ALL
2020-10-24 00:00:00+00:00,0.00032768489653656196,1.0619518780487391,0.969155979108579,0.08738239543458985,2,2020,ALL
2020-10-25 00:00:00+00:00,-0.0014399896988123162,1.0604226782837145,0.969155979108579,0.08606634037933816,2,2020,ALL
2020-10-26 00:00:00+00:00,0.0001688609827534826,1.0606017422993035,0.8773243565863615,0.17280509582759174,3,2020,ALL
2020-10-27 00:00:00+00:00,0.005794725594637118,1.066747638361122,0.9015135029107213,0.154895243737549,3,2020,ALL
2020-10-28 00:00:00+00:00,-0.006366601752142542,1.0599560809776383,0.9701122748247729,0.08476181963124267,2,2020,ALL
2020-10-29 00:00:00+00:00,-0.0008380758952000189,1.0590677573362002,0.9701122748247729,0.08399413719776622,2,2020,ALL
2020-10-30 00:00:00+00:00,-0.004254449707064678,1.0545620068262396,1.0161989193698917,0.036378218832104126,1,2020,ALL
2020-10-31 00:00:00+00:00,0.00037758249565600366,1.054960190980601,1.0161989193698917,0.03674192821880803,1,2020,ALL
2020-11-01 00:00:00+00:00,0.0009706957695854168,1.0559842363750669,1.0161989193698917,0.037676052004098515,1,2020,ALL
2020-11-02 00:00:00+00:00,-0.004878754597456125,1.0508323484270108,0.8646137924677918,0.17721052862330433,3,2020,ALL
2020-11-03 00:00:00+00:00,-0.0005635772496207503,1.0502401232222718,0.9152179857099376,0.1285631109751063,2,2020,ALL
2020-11-04 00:00:00+00:00,0.0027276855707789593,1.0531048480522383,0.9152179857099376,0.1309336507160974,2,2020,ALL
2020-11-05 00:00:00+00:00,0.00847000571548473,1.0620246521342454,0.9565763457883486,0.09928988572345084,2,2020,ALL
2020-11-06 00:00:00+00:00,0.004660833573169487,1.0669745722884463,0.9728540394258246,0.08821253599394784,2,2020,ALL
2020-11-07 00:00:00+00:00,-0.003366095008935255,1.0633830345060054,1.0304900931417116,0.030932354849514877,1,2020,ALL
2020-11-08 00:00:00+00:00,0.0013568131570442787,1.0648258465982008,1.0304900931417116,0.03224541700051847,1,2020,ALL
2020-11-09 00:00:00+00:00,-0.0019363847393317757,1.062763934078802,0.9236074555894457,0.13093827709723357,3,2020,ALL
2020-11-10 00:00:00+00:00,0.0005306967213223324,1.0633279394141573,0.9236074555894457,0.131399240672347,3,2020,ALL
2020-11-11 00:00:00+00:00,0.0018855063275970974,1.0653328509722335,0.9236074555894457,0.13303391071949755,3,2020,ALL
2020-11-12 00:00:00+00:00,0.0014677663258921836,1.0668965106567572,0.9236074555894457,0.13430454935043892,3,2020,ALL
2020-11-13 00:00:00+00:00,0.001943838256594832,1.0689703849099994,0.9236074555894457,0.13598405659553642,3,2020,ALL
2020-11-14 00:00:00+00:00,-0.002390659578784038,1.066414840619878,0.9236074555894457,0.13391353870077635,3,2020,ALL
2020-11-15 00:00:00+00:00,-0.0017150288682730164,1.06458590838266,0.9236074555894457,0.13242562359987625,3,2020,ALL
2020-11-16 00:00:00+00:00,0.003906267463914315,1.068744465679117,0.9236074555894457,0.13580141441709945,3,2020,ALL
2020-11-17 00:00:00+00:00,0.00511612673038897,1.0742122978079331,0.9389265632033698,0.12593947665711064,3,2020,ALL
2020-11-18 00:00:00+00:00,-0.00022724839288068566,1.0739681847896436,0.9555740401180712,0.11023989942007645,3,2020,ALL
2020-11-19 00:00:00+00:00,-0.0003832212989592909,1.0735566173068276,0.9555740401180712,0.10989879367958508,3,2020,ALL
2020-11-20 00:00:00+00:00,0.0048770652566136885,1.0787924229861023,0.9933983966699453,0.07915705051003785,2,2020,ALL
2020-11-21 00:00:00+00:00,0.002630631992628807,1.0816303288474152,0.9933983966699453,0.08157309371260858,2,2020,ALL
2020-11-22 00:00:00+00:00,-0.001297233275159404,1.0802272019934127,0.9933983966699453,0.08038013221962628,2,2020,ALL
2020-11-23 00:00:00+00:00,0.005394369373497021,1.0860543465282644,0.943949397954604,0.13084515432208352,3,2020,ALL
2020-11-24 00:00:00+00:00,0.0052534196435003455,1.091759845766225,0.986841505421446,0.09610020074620397,3,2020,ALL
2020-11-25 00:00:00+00:00,-0.005643548965972078,1.0855984456175611,1.05168344571708,0.03124083314359209,1,2020,ALL
2020-11-26 00:00:00+00:00,-0.0030184131949165804,1.0823216609449282,1.0823216609449282,0.0,0,2020,ALL
2020-11-27 00:00:00+00:00,0.0,1.0823216609449282,1.0823216609449282,0.0,0,2020,ALL
2020-11-28 00:00:00+00:00,0.0,1.0823216609449282,1.0823216609449282,0.0,0,2020,ALL
2020-11-29 00:00:00+00:00,0.0,1.0823216609449282,1.0823216609449282,0.0,0,2020,ALL
2020-11-30 00:00:00+00:00,0.008155670073366261,1.0911487193248528,0.9461304603895773,0.1329042103674057,3,2020,ALL
2020-12-01 00:00:00+00:00,-0.006159784039626248,1.084427478858697,0.9461304603895773,0.1275299834846219,3,2020,ALL
2020-12-02 00:00:00+00:00,0.00199394981457357,1.0865897728290856,0.9461304603895773,0.12926618301753684,3,2020,ALL
2020-12-03 00:00:00+00:00,0.0023617923830394627,1.089156072278042,0.9461304603895773,0.13131782995004312,3,2020,ALL
2020-12-04 00:00:00+00:00,-0.007418701327659649,1.0810759486786043,0.9461304603895773,0.12482516927138233,3,2020,ALL
2020-12-05 00:00:00+00:00,0.004174225494755435,1.0855886034653455,0.9461304603895773,0.12846316056616566,3,2020,ALL
2020-12-06 00:00:00+00:00,0.0005339783502391615,1.0861682842768623,0.9461304603895773,0.1289282939986761,3,2020,ALL
2020-12-07 00:00:00+00:00,-0.001337866995415271,1.0847151355778615,0.9461304603895773,0.12776135470300773,3,2020,ALL
2020-12-08 00:00:00+00:00,-0.006854711619139642,1.0772797261345592,0.9461304603895773,0.12174114351484654,3,2020,ALL
2020-12-09 00:00:00+00:00,0.002405086160538028,1.0798706766949138,0.9461304603895773,0.12384836368986891,3,2020,ALL
2020-12-10 00:00:00+00:00,-0.0022813089191389135,1.077407158088653,0.9461304603895773,0.12184502090367016,3,2020,ALL
2020-12-11 00:00:00+00:00,-0.001999454060260142,1.0752529319718593,0.9461304603895773,0.12008567262912738,3,2020,ALL
2020-12-12 00:00:00+00:00,0.004669539537967671,1.0802738680510175,0.9461304603895773,0.12417537036553133,3,2020,ALL
2020-12-13 00:00:00+00:00,0.0037983494876325796,1.084377125744232,0.9461304603895773,0.12748947028901328,3,2020,ALL
2020-12-14 00:00:00+00:00,-0.00011432215428697212,1.0842531574151575,0.9897872943408853,0.08712528289931594,2,2020,ALL
2020-12-15 00:00:00+00:00,0.00054245197572933,1.084841312682588,0.9897872943408853,0.08762020512166308,2,2020,ALL
2020-12-16 00:00:00+00:00,0.007226459737472046,1.092680874750235,1.0036389323902126,0.0814894306449498,2,2020,ALL
2020-12-17 00:00:00+00:00,0.0028071824232420717,1.0957482292960468,1.0303352128075487,0.05969712269626217,2,2020,ALL
2020-12-18 00:00:00+00:00,0.0009284565227754005,1.0967655838868562,1.0303352128075487,0.060569343217247086,2,2020,ALL
2020-12-19 00:00:00+00:00,0.0013592646671385378,1.0982563785931672,1.0634392739943186,0.031702164701695706,1,2020,ALL
2020-12-20 00:00:00+00:00,-0.0009563210937628686,1.097206092851959,1.0634392739943186,0.03077527465224931,1,2020,ALL
2020-12-21 00:00:00+00:00,-0.006937301614863278,1.0895944432521791,0.9433032732002057,0.13426203754796082,3,2020,ALL
2020-12-22 00:00:00+00:00,0.002413050186194976,1.0922236893263457,0.9955665716440368,0.08849571624098769,2,2020,ALL
2020-12-23 00:00:00+00:00,-0.0043685906740695835,1.0874522111031568,1.02599932111589,0.056510887889893176,1,2020,ALL
2020-12-24 00:00:00+00:00,0.0012075304520022812,1.0887653427631612,1.02599932111589,0.05764880565354715,1,2020,ALL
2020-12-25 00:00:00+00:00,0.0023888011873540727,1.0913661867067037,1.02599932111589,0.05989453071481372,1,2020,ALL
2020-12-26 00:00:00+00:00,0.0037014082438941998,1.0954057785072873,1.042847600495083,0.04798055573873769,1,2020,ALL
2020-12-27 00:00:00+00:00,0.000381249493009328,1.0958234014049826,1.061064639194579,0.03171931003283791,1,2020,ALL
2020-12-28 00:00:00+00:00,0.006115245539686898,1.102524630572709,0.9738479240045783,0.11671095864886881,3,2020,ALL
2020-12-29 00:00:00+00:00,0.003725535436838401,1.1066321251538949,0.9859360122418814,0.10906615682716479,3,2020,ALL
2020-12-30 00:00:00+00:00,0.002166100047866326,1.109029201053161,0.9859360122418814,0.11099183745061651,3,2020,ALL
2020-12-31 00:00:00+00:00,-0.0017629132684786608,1.1070740787594942,1.1070740787594942,0.0,0,2020,ALL
2021-01-01 00:00:00+00:00,0.0,1.0,1.0,0.0,0,2021,TOP2
2021-01-02 00:00:00+00:00,0.0,1.0,1.0,0.0,0,2021,TOP2
2021-01-03 00:00:00+00:00,0.0,1.0,1.0,0.0,0,2021,TOP2
2021-01-04 00:00:00+00:00,-0.002010006228193806,0.9979899937718062,0.9646444576458477,0.03341269585272315,1,2021,TOP2
2021-01-05 00:00:00+00:00,-0.002087243879832612,0.9959069452651718,0.9959069452651718,0.0,0,2021,TOP2
2021-01-06 00:00:00+00:00,0.0,0.9959069452651718,0.9959069452651718,0.0,0,2021,TOP2
2021-01-07 00:00:00+00:00,0.0,0.9959069452651718,0.9959069452651718,0.0,0,2021,TOP2
2021-01-08 00:00:00+00:00,0.0,0.9959069452651718,0.9959069452651718,0.0,0,2021,TOP2
2021-01-09 00:00:00+00:00,0.0,0.9959069452651718,0.9959069452651718,0.0,0,2021,TOP2
2021-01-10 00:00:00+00:00,0.0,0.9959069452651718,0.9959069452651718,0.0,0,2021,TOP2
2021-01-11 00:00:00+00:00,-0.010230801832431413,0.9857180186646217,0.9857180186646217,0.0,0,2021,TOP2
2021-01-12 00:00:00+00:00,0.0,0.9857180186646217,0.9857180186646217,0.0,0,2021,TOP2
2021-01-13 00:00:00+00:00,0.0,0.9857180186646217,0.9857180186646217,0.0,0,2021,TOP2
2021-01-14 00:00:00+00:00,0.0,0.9857180186646217,0.9857180186646217,0.0,0,2021,TOP2
2021-01-15 00:00:00+00:00,0.0,0.9857180186646217,0.9857180186646217,0.0,0,2021,TOP2
2021-01-16 00:00:00+00:00,0.0,0.9857180186646217,0.9857180186646217,0.0,0,2021,TOP2
2021-01-17 00:00:00+00:00,0.0,0.9857180186646217,0.9857180186646217,0.0,0,2021,TOP2
2021-01-18 00:00:00+00:00,0.0008737098855566838,0.9865792502419003,0.9421904595835452,0.04499262542514589,2,2021,TOP2
2021-01-19 00:00:00+00:00,0.0013083269679410314,0.9878700184810029,0.9421904595835452,0.046240454759115784,2,2021,TOP2
2021-01-20 00:00:00+00:00,-8.129908502640948e-05,0.9877897055523753,0.9421904595835452,0.04616290867632685,2,2021,TOP2
2021-01-21 00:00:00+00:00,-0.007462057973007141,0.9804187615044039,0.9421904595835452,0.038991809848884604,2,2021,TOP2
2021-01-22 00:00:00+00:00,0.003427084405612124,0.9837787393529253,0.9421904595835452,0.0422740176279216,2,2021,TOP2
2021-01-23 00:00:00+00:00,-0.0005511319492003119,0.9832365474587239,0.9421904595835452,0.041745893174197565,2,2021,TOP2
2021-01-24 00:00:00+00:00,0.0027905530099208153,0.985980321165699,0.9421904595835452,0.04441251071865433,2,2021,TOP2
2021-01-25 00:00:00+00:00,-0.0013060818945541675,0.9846925501198378,0.91430759848893,0.07147911459504995,3,2021,TOP2
2021-01-26 00:00:00+00:00,0.0009502137525947418,0.9856282185230392,0.91430759848893,0.07236057033856336,3,2021,TOP2
2021-01-27 00:00:00+00:00,-0.0041477850485386325,0.9815400445348316,0.91430759848893,0.06849689568983833,3,2021,TOP2
2021-01-28 00:00:00+00:00,0.004607465216182716,0.9860624561483162,0.91430759848893,0.07276907990156099,3,2021,TOP2
2021-01-29 00:00:00+00:00,0.0016413756472739571,0.9876809550505292,0.91430759848893,0.0742885201809379,3,2021,TOP2
2021-01-30 00:00:00+00:00,0.0012780793734317175,0.9889432897067107,0.91430759848893,0.07547014272164725,3,2021,TOP2
2021-01-31 00:00:00+00:00,-0.002163073683788208,0.9868041325019872,0.91430759848893,0.0734659813688115,3,2021,TOP2
2021-02-01 00:00:00+00:00,0.0057403437957921355,0.992468727481657,0.9224804900466456,0.0705193377856886,3,2021,TOP2
2021-02-02 00:00:00+00:00,0.0033806951729546952,0.9958239617179627,0.9287930256133479,0.06731203373433119,3,2021,TOP2
2021-02-03 00:00:00+00:00,0.003849513338049615,0.9996573993409454,0.9287930256133479,0.07088866022931159,3,2021,TOP2
2021-02-04 00:00:00+00:00,0.0007192623526390829,1.0003764152738284,0.9381959206618067,0.06215709773105885,3,2021,TOP2
2021-02-05 00:00:00+00:00,0.005051892574996497,1.0054302094583518,0.9594617177402104,0.0457202213397841,2,2021,TOP2
2021-02-06 00:00:00+00:00,4.6074315010580236e-05,1.0054765339665435,0.9594617177402104,0.04576418710122207,2,2021,TOP2
2021-02-07 00:00:00+00:00,-0.0010486398178943812,1.0044221512370677,0.9594617177402104,0.04476248700955375,2,2021,TOP2
2021-02-08 00:00:00+00:00,0.011602735325141333,1.0160761956125806,0.9415974709324023,0.07330033416960015,3,2021,TOP2
2021-02-09 00:00:00+00:00,0.005766482636390791,1.0219353813518306,0.9775853741076997,0.043398054371563174,2,2021,TOP2
2021-02-10 00:00:00+00:00,-0.0007647598184249427,1.021153846235146,0.9851275929026861,0.03527994676344173,2,2021,TOP2
2021-02-11 00:00:00+00:00,0.0018583017445674699,1.0230514582090764,0.9851275929026861,0.03706936244710373,2,2021,TOP2
2021-02-12 00:00:00+00:00,0.00011949825034851536,1.023173711068349,0.9851275929026861,0.03718441722465369,2,2021,TOP2
2021-02-13 00:00:00+00:00,-0.0002675638233138322,1.0228999467983013,0.9851275929026861,0.03692673365938035,2,2021,TOP2
2021-02-14 00:00:00+00:00,0.000554884133380229,1.0234675377488152,0.9851275929026861,0.037460831371809125,2,2021,TOP2
2021-02-15 00:00:00+00:00,-0.0018155895739440098,1.0216093407580082,0.9587932339267432,0.06148740455393347,2,2021,TOP2
2021-02-16 00:00:00+00:00,2.3398035324806443e-05,1.0216332444094514,0.9587932339267432,0.06150936339100085,2,2021,TOP2
2021-02-17 00:00:00+00:00,0.008650189118903473,1.030470565183752,0.9677690098383722,0.06084749770043071,2,2021,TOP2
2021-02-18 00:00:00+00:00,0.005801987408727172,1.0364493424280121,0.9780214634436954,0.05637311597636021,2,2021,TOP2
2021-02-19 00:00:00+00:00,0.0010926826878046025,1.0375818526812697,1.0010797260417303,0.03517999716862069,1,2021,TOP2
2021-02-20 00:00:00+00:00,-0.0007557851054128539,1.0367976637713665,1.0010797260417303,0.03445024904831635,1,2021,TOP2
2021-02-21 00:00:00+00:00,0.0003697143821022042,1.0371809827789928,1.0010797260417303,0.03480709474689164,1,2021,TOP2
2021-02-22 00:00:00+00:00,-0.013051217468297405,1.0236445082187617,0.9904550195886276,0.032422865910634334,1,2021,TOP2
2021-02-23 00:00:00+00:00,-0.004644933280685715,1.0188897477749452,1.0188897477749452,0.0,0,2021,TOP2
2021-02-24 00:00:00+00:00,0.0,1.0188897477749452,1.0188897477749452,0.0,0,2021,TOP2
2021-02-25 00:00:00+00:00,0.0,1.0188897477749452,1.0188897477749452,0.0,0,2021,TOP2
2021-02-26 00:00:00+00:00,0.0,1.0188897477749452,1.0188897477749452,0.0,0,2021,TOP2
2021-02-27 00:00:00+00:00,0.0,1.0188897477749452,1.0188897477749452,0.0,0,2021,TOP2
2021-02-28 00:00:00+00:00,0.0,1.0188897477749452,1.0188897477749452,0.0,0,2021,TOP2
2021-03-01 00:00:00+00:00,0.004620368336751612,1.0235973937042053,0.9915344520082187,0.03132378207798762,2,2021,TOP2
2021-03-02 00:00:00+00:00,-0.00204576974586157,1.0215033491242225,0.9915344520082187,0.02933803118873504,2,2021,TOP2
2021-03-03 00:00:00+00:00,0.00020118687365466847,1.0217088621894606,0.9915344520082187,0.02953327635485119,2,2021,TOP2
2021-03-04 00:00:00+00:00,-0.0017934360117134451,1.0198764927225232,0.9915344520082187,0.027789679354846695,2,2021,TOP2
2021-03-05 00:00:00+00:00,-0.0008290358583483703,1.0190309785389697,0.9915344520082187,0.026983013382158506,2,2021,TOP2
2021-03-06 00:00:00+00:00,0.0006432892177956617,1.0196865101800636,0.9915344520082187,0.0276085423223592,2,2021,TOP2
2021-03-07 00:00:00+00:00,0.0016558800121706518,1.021374988690951,0.9915344520082187,0.029216044071117754,2,2021,TOP2
2021-03-08 00:00:00+00:00,0.0020519909504845835,1.0234708409247961,0.9353226016120856,0.08612677155810408,4,2021,TOP2
2021-03-09 00:00:00+00:00,0.006287244922863255,1.0299056527730992,0.9353226016120856,0.09183661717589521,4,2021,TOP2
2021-03-10 00:00:00+00:00,-0.00207393095136732,1.027769699562825,0.9353226016120856,0.0899492347264791,4,2021,TOP2
2021-03-11 00:00:00+00:00,0.0044698174794040035,1.0323636425307325,0.9394847123310827,0.08996726189617336,4,2021,TOP2
2021-03-12 00:00:00+00:00,-0.003970916393410073,1.0282642128186468,0.9394847123310827,0.08633919121254291,4,2021,TOP2
2021-03-13 00:00:00+00:00,0.005712924538981534,1.034138608672615,0.9482837380143126,0.08302066080726138,4,2021,TOP2
2021-03-14 00:00:00+00:00,-0.003532447399505756,1.0304855684336809,0.9482837380143126,0.07976999672524633,4,2021,TOP2
2021-03-15 00:00:00+00:00,-0.002948178020397263,1.0274475135304881,0.9482837380143126,0.07704897279293131,4,2021,TOP2
2021-03-16 00:00:00+00:00,0.0002855376293160461,1.0277408884577484,0.9482837380143126,0.07731243481289427,4,2021,TOP2
2021-03-17 00:00:00+00:00,0.0022494948827311845,1.0300527863271076,0.9482837380143126,0.07938335723974067,4,2021,TOP2
2021-03-18 00:00:00+00:00,-0.0015689359439770012,1.0284366994864453,0.9482837380143126,0.07793669898415484,4,2021,TOP2
2021-03-19 00:00:00+00:00,0.0006486609714853042,1.0291038062350453,0.9482837380143126,0.07853441774393108,4,2021,TOP2
2021-03-20 00:00:00+00:00,8.224809151680113e-05,1.0291884480590807,0.9482837380143126,0.07861020029649976,4,2021,TOP2
2021-03-21 00:00:00+00:00,-0.0004747585475161076,1.0286998320463598,0.9482837380143126,0.07817255483757406,4,2021,TOP2
2021-03-22 00:00:00+00:00,-0.002760121120412906,1.0258604959133635,0.9482837380143126,0.07562115727049337,4,2021,TOP2
2021-03-23 00:00:00+00:00,-0.00080129007502594,1.025038484079627,0.9482837380143126,0.07487986769026703,4,2021,TOP2
2021-03-24 00:00:00+00:00,-0.0030802180197790907,1.0218811420699978,0.9482837380143126,0.07202149156662281,4,2021,TOP2
2021-03-25 00:00:00+00:00,-0.001888191711569509,1.019951634567332,0.9708583204277911,0.04813298246280716,3,2021,TOP2
2021-03-26 00:00:00+00:00,0.004633950725564606,1.0246780401843762,0.9708583204277911,0.052523541684274956,3,2021,TOP2
2021-03-27 00:00:00+00:00,0.002752097187303626,1.0274980537366594,0.9708583204277911,0.05512393245212373,3,2021,TOP2
2021-03-28 00:00:00+00:00,0.0012429693363558147,1.0287752023106194,0.9760498628767962,0.05125059324466856,3,2021,TOP2
2021-03-29 00:00:00+00:00,0.003808055166882207,1.0326928350353386,0.946224150692813,0.08373127168986973,3,2021,TOP2
2021-03-30 00:00:00+00:00,0.004116365451335868,1.0369437761433202,0.946224150692813,0.08748750659164822,3,2021,TOP2
2021-03-31 00:00:00+00:00,0.0007570212651550889,1.037728764632631,0.946224150692813,0.08817777540570712,3,2021,TOP2
2021-04-01 00:00:00+00:00,0.0029659758221196597,1.0408066430584495,0.9544005421155187,0.08301839877676336,3,2021,TOP2
2021-04-02 00:00:00+00:00,0.0034964215465080883,1.0444457418309878,0.9621467091377024,0.07879684831593968,3,2021,TOP2
2021-04-03 00:00:00+00:00,0.001215628672648572,1.0457154000217832,0.9707692767091434,0.071669713682211,3,2021,TOP2
2021-04-04 00:00:00+00:00,0.004415747415951632,1.0503330150972503,0.9806751859978428,0.0663197558280674,3,2021,TOP2
2021-04-05 00:00:00+00:00,0.002003990944179357,1.0524378729478778,0.9154931974056854,0.1301213867937027,4,2021,TOP2
2021-04-06 00:00:00+00:00,0.002524675686644162,1.0550949372574128,0.9154931974056854,0.13231201754659605,4,2021,TOP2
2021-04-07 00:00:00+00:00,-0.005132702920234045,1.0496794483918275,0.9154931974056854,0.12783545604491323,4,2021,TOP2
2021-04-08 00:00:00+00:00,0.007119323853804982,1.0571524563276122,0.9593578491320467,0.0925075722145974,2,2021,TOP2
2021-04-09 00:00:00+00:00,-0.0002467545573904273,1.056891599141157,0.9593578491320467,0.09228358905337825,2,2021,TOP2
2021-04-10 00:00:00+00:00,0.0027753629350866227,1.0598248569118178,0.9593578491320467,0.09479585907478895,2,2021,TOP2
2021-04-11 00:00:00+00:00,0.0005794806669829899,1.0604390049267862,0.9593578491320467,0.09532010358456994,2,2021,TOP2
2021-04-12 00:00:00+00:00,0.005078385198670876,1.0658243226734998,0.900791049789208,0.15484097085561394,4,2021,TOP2
2021-04-13 00:00:00+00:00,0.003013819467018397,1.0690365247655949,0.9141493696306843,0.14488481127328404,4,2021,TOP2
2021-04-14 00:00:00+00:00,-0.0005144092648924348,1.068486602472747,0.956786274423673,0.10454069128295233,3,2021,TOP2
2021-04-15 00:00:00+00:00,0.0029113107217406675,1.0715972989745624,0.9714548273298425,0.09345159020142052,3,2021,TOP2
2021-04-16 00:00:00+00:00,-0.00599628043277034,1.0651717010589117,0.998171467012795,0.06290087690041914,2,2021,TOP2
2021-04-17 00:00:00+00:00,-0.0012604333547696633,1.0638291231183403,0.998171467012795,0.06171823526797887,2,2021,TOP2
2021-04-18 00:00:00+00:00,-0.003066310584816545,1.0605670926176864,1.0605670926176864,0.0,0,2021,TOP2
2021-04-19 00:00:00+00:00,0.00029186264578662247,1.060876632535372,1.0092192148360128,0.04869314311872817,2,2021,TOP2
2021-04-20 00:00:00+00:00,0.00407785754194423,1.0652027363124288,1.016582280042087,0.045644321604597554,2,2021,TOP2
2021-04-21 00:00:00+00:00,-0.0008448744011961828,1.0643027737884343,1.016582280042087,0.04483732911498864,2,2021,TOP2
2021-04-22 00:00:00+00:00,0.002691872370758519,1.067167741019317,1.0427710770646055,0.02286113327545745,1,2021,TOP2
2021-04-23 00:00:00+00:00,-0.0038977143833143213,1.063008225965737,1.063008225965737,0.0,0,2021,TOP2
2021-04-24 00:00:00+00:00,0.0,1.063008225965737,1.063008225965737,0.0,0,2021,TOP2
2021-04-25 00:00:00+00:00,0.0,1.063008225965737,1.063008225965737,0.0,0,2021,TOP2
2021-04-26 00:00:00+00:00,-0.0007209784888193571,1.0622418199013777,1.0174565531860786,0.04216108411120267,2,2021,TOP2
2021-04-27 00:00:00+00:00,0.0008846984322530282,1.063181583574118,1.0174565531860786,0.043007733668904174,2,2021,TOP2
2021-04-28 00:00:00+00:00,0.0006241854547743841,1.063845206054369,1.0174565531860786,0.04360470170311565,2,2021,TOP2
2021-04-29 00:00:00+00:00,0.0001991500072928698,1.0640570708349133,1.0174565531860786,0.043795129909967645,2,2021,TOP2
2021-04-30 00:00:00+00:00,0.0010101280405614421,1.0651319047189214,1.0174565531860786,0.0447600445744077,2,2021,TOP2
2021-05-01 00:00:00+00:00,0.003521651103296941,1.0688829276663316,1.023796202658058,0.042181163007917556,2,2021,TOP2
2021-05-02 00:00:00+00:00,-0.0013388016930777624,1.06745190539307,1.023796202658058,0.040897114440895076,2,2021,TOP2
2021-05-03 00:00:00+00:00,0.006685670887509154,1.0745885375207727,0.9563585684499115,0.11002347870156368,4,2021,TOP2
2021-05-04 00:00:00+00:00,-0.007838634243322096,1.066165231013081,0.9563585684499115,0.10299216234882276,4,2021,TOP2
2021-05-05 00:00:00+00:00,0.007722248910156271,1.0743984243063183,0.9563585684499115,0.10986599867048275,4,2021,TOP2
2021-05-06 00:00:00+00:00,-0.002220469033551109,1.07201275587545,0.9563585684499115,0.10788508512763959,4,2021,TOP2
2021-05-07 00:00:00+00:00,0.00011339803804255588,1.0721343200187228,0.9563585684499115,0.10798623773818705,4,2021,TOP2
2021-05-08 00:00:00+00:00,0.00629330634924008,1.0788815897421349,0.968087903840045,0.10269309158252565,4,2021,TOP2
2021-05-09 00:00:00+00:00,-0.0005459337594558855,1.0782925918598392,0.968087903840045,0.10220295386590116,4,2021,TOP2
2021-05-10 00:00:00+00:00,-0.0030984810020973086,1.0749515227492592,0.968087903840045,0.09941250060830979,4,2021,TOP2
2021-05-11 00:00:00+00:00,0.003856003322632917,1.0790965393926497,0.968087903840045,0.10287182981337704,4,2021,TOP2
2021-05-12 00:00:00+00:00,-0.007240249141517552,1.0712836115996975,1.0301438090917858,0.038402344684877285,2,2021,TOP2
2021-05-13 00:00:00+00:00,-0.00381332996583994,1.0671984537016712,1.0501550409784184,0.01597023746064867,1,2021,TOP2
2021-05-14 00:00:00+00:00,0.0008811454778234751,1.0681388107930907,1.0501550409784184,0.016836547490788566,1,2021,TOP2
2021-05-15 00:00:00+00:00,-0.0010952235469688931,1.0669689600160788,1.0501550409784184,0.015758583115114237,1,2021,TOP2
2021-05-16 00:00:00+00:00,2.545270874620975e-05,1.0669961172662594,1.0501550409784184,0.01578363408761915,1,2021,TOP2
2021-05-17 00:00:00+00:00,-2.207672607401623e-05,1.0669725614852565,1.0669725614852565,0.0,0,2021,TOP2
2021-05-18 00:00:00+00:00,0.0,1.0669725614852565,1.0669725614852565,0.0,0,2021,TOP2
2021-05-19 00:00:00+00:00,0.0,1.0669725614852565,1.0669725614852565,0.0,0,2021,TOP2
2021-05-20 00:00:00+00:00,0.0,1.0669725614852565,1.0669725614852565,0.0,0,2021,TOP2
2021-05-21 00:00:00+00:00,0.0,1.0669725614852565,1.0669725614852565,0.0,0,2021,TOP2
2021-05-22 00:00:00+00:00,0.0,1.0669725614852565,1.0669725614852565,0.0,0,2021,TOP2
2021-05-23 00:00:00+00:00,0.0,1.0669725614852565,1.0669725614852565,0.0,0,2021,TOP2
2021-05-24 00:00:00+00:00,0.0,1.0669725614852565,1.0669725614852565,0.0,0,2021,TOP2
2021-05-25 00:00:00+00:00,0.0,1.0669725614852565,1.0669725614852565,0.0,0,2021,TOP2
2021-05-26 00:00:00+00:00,0.0,1.0669725614852565,1.0669725614852565,0.0,0,2021,TOP2
2021-05-27 00:00:00+00:00,0.0,1.0669725614852565,1.0669725614852565,0.0,0,2021,TOP2
2021-05-28 00:00:00+00:00,0.0,1.0669725614852565,1.0669725614852565,0.0,0,2021,TOP2
2021-05-29 00:00:00+00:00,0.0,1.0669725614852565,1.0669725614852565,0.0,0,2021,TOP2
2021-05-30 00:00:00+00:00,0.0,1.0669725614852565,1.0669725614852565,0.0,0,2021,TOP2
2021-05-31 00:00:00+00:00,0.0,1.0669725614852565,1.0669725614852565,0.0,0,2021,TOP2
2021-06-01 00:00:00+00:00,0.0,1.0669725614852565,1.0669725614852565,0.0,0,2021,TOP2
2021-06-02 00:00:00+00:00,0.0,1.0669725614852565,1.0669725614852565,0.0,0,2021,TOP2
2021-06-03 00:00:00+00:00,0.0,1.0669725614852565,1.0669725614852565,0.0,0,2021,TOP2
2021-06-04 00:00:00+00:00,0.0,1.0669725614852565,1.0669725614852565,0.0,0,2021,TOP2
2021-06-05 00:00:00+00:00,0.0,1.0669725614852565,1.0669725614852565,0.0,0,2021,TOP2
2021-06-06 00:00:00+00:00,0.0,1.0669725614852565,1.0669725614852565,0.0,0,2021,TOP2
2021-06-07 00:00:00+00:00,0.0,1.0669725614852565,1.0669725614852565,0.0,0,2021,TOP2
2021-06-08 00:00:00+00:00,0.0,1.0669725614852565,1.0669725614852565,0.0,0,2021,TOP2
2021-06-09 00:00:00+00:00,0.0,1.0669725614852565,1.0669725614852565,0.0,0,2021,TOP2
2021-06-10 00:00:00+00:00,0.0,1.0669725614852565,1.0669725614852565,0.0,0,2021,TOP2
2021-06-11 00:00:00+00:00,0.0,1.0669725614852565,1.0669725614852565,0.0,0,2021,TOP2
2021-06-12 00:00:00+00:00,0.0,1.0669725614852565,1.0669725614852565,0.0,0,2021,TOP2
2021-06-13 00:00:00+00:00,0.0,1.0669725614852565,1.0669725614852565,0.0,0,2021,TOP2
2021-06-14 00:00:00+00:00,0.0,1.0669725614852565,1.0669725614852565,0.0,0,2021,TOP2
2021-06-15 00:00:00+00:00,0.0,1.0669725614852565,1.0669725614852565,0.0,0,2021,TOP2
2021-06-16 00:00:00+00:00,0.0,1.0669725614852565,1.0669725614852565,0.0,0,2021,TOP2
2021-06-17 00:00:00+00:00,0.0,1.0669725614852565,1.0669725614852565,0.0,0,2021,TOP2
2021-06-18 00:00:00+00:00,0.0,1.0669725614852565,1.0669725614852565,0.0,0,2021,TOP2
2021-06-19 00:00:00+00:00,0.0,1.0669725614852565,1.0669725614852565,0.0,0,2021,TOP2
2021-06-20 00:00:00+00:00,0.0,1.0669725614852565,1.0669725614852565,0.0,0,2021,TOP2
2021-06-21 00:00:00+00:00,0.0,1.0669725614852565,1.0669725614852565,0.0,0,2021,TOP2
2021-06-22 00:00:00+00:00,0.0,1.0669725614852565,1.0669725614852565,0.0,0,2021,TOP2
2021-06-23 00:00:00+00:00,0.0,1.0669725614852565,1.0669725614852565,0.0,0,2021,TOP2
2021-06-24 00:00:00+00:00,0.0,1.0669725614852565,1.0669725614852565,0.0,0,2021,TOP2
2021-06-25 00:00:00+00:00,0.0,1.0669725614852565,1.0669725614852565,0.0,0,2021,TOP2
2021-06-26 00:00:00+00:00,0.0,1.0669725614852565,1.0669725614852565,0.0,0,2021,TOP2
2021-06-27 00:00:00+00:00,0.0,1.0669725614852565,1.0669725614852565,0.0,0,2021,TOP2
2021-06-28 00:00:00+00:00,0.0,1.0669725614852565,1.0669725614852565,0.0,0,2021,TOP2
2021-06-29 00:00:00+00:00,0.0,1.0669725614852565,1.0669725614852565,0.0,0,2021,TOP2
2021-06-30 00:00:00+00:00,0.0,1.0669725614852565,1.0669725614852565,0.0,0,2021,TOP2
2021-07-01 00:00:00+00:00,0.0,1.0669725614852565,1.0669725614852565,0.0,0,2021,TOP2
2021-07-02 00:00:00+00:00,0.0,1.0669725614852565,1.0669725614852565,0.0,0,2021,TOP2
2021-07-03 00:00:00+00:00,0.0,1.0669725614852565,1.0669725614852565,0.0,0,2021,TOP2
2021-07-04 00:00:00+00:00,0.0,1.0669725614852565,1.0669725614852565,0.0,0,2021,TOP2
2021-07-05 00:00:00+00:00,0.0,1.0669725614852565,1.0669725614852565,0.0,0,2021,TOP2
2021-07-06 00:00:00+00:00,0.0,1.0669725614852565,1.0669725614852565,0.0,0,2021,TOP2
2021-07-07 00:00:00+00:00,0.0,1.0669725614852565,1.0669725614852565,0.0,0,2021,TOP2
2021-07-08 00:00:00+00:00,0.0,1.0669725614852565,1.0669725614852565,0.0,0,2021,TOP2
2021-07-09 00:00:00+00:00,0.0,1.0669725614852565,1.0669725614852565,0.0,0,2021,TOP2
2021-07-10 00:00:00+00:00,0.0,1.0669725614852565,1.0669725614852565,0.0,0,2021,TOP2
2021-07-11 00:00:00+00:00,0.0,1.0669725614852565,1.0669725614852565,0.0,0,2021,TOP2
2021-07-12 00:00:00+00:00,0.0,1.0669725614852565,1.0669725614852565,0.0,0,2021,TOP2
2021-07-13 00:00:00+00:00,0.0,1.0669725614852565,1.0669725614852565,0.0,0,2021,TOP2
2021-07-14 00:00:00+00:00,0.0,1.0669725614852565,1.0669725614852565,0.0,0,2021,TOP2
2021-07-15 00:00:00+00:00,0.0,1.0669725614852565,1.0669725614852565,0.0,0,2021,TOP2
2021-07-16 00:00:00+00:00,0.0,1.0669725614852565,1.0669725614852565,0.0,0,2021,TOP2
2021-07-17 00:00:00+00:00,0.0,1.0669725614852565,1.0669725614852565,0.0,0,2021,TOP2
2021-07-18 00:00:00+00:00,0.0,1.0669725614852565,1.0669725614852565,0.0,0,2021,TOP2
2021-07-19 00:00:00+00:00,0.0,1.0669725614852565,1.0669725614852565,0.0,0,2021,TOP2
2021-07-20 00:00:00+00:00,0.0,1.0669725614852565,1.0669725614852565,0.0,0,2021,TOP2
2021-07-21 00:00:00+00:00,0.0,1.0669725614852565,1.0669725614852565,0.0,0,2021,TOP2
2021-07-22 00:00:00+00:00,0.0,1.0669725614852565,1.0669725614852565,0.0,0,2021,TOP2
2021-07-23 00:00:00+00:00,0.0,1.0669725614852565,1.0669725614852565,0.0,0,2021,TOP2
2021-07-24 00:00:00+00:00,0.0,1.0669725614852565,1.0669725614852565,0.0,0,2021,TOP2
2021-07-25 00:00:00+00:00,0.0,1.0669725614852565,1.0669725614852565,0.0,0,2021,TOP2
2021-07-26 00:00:00+00:00,0.0,1.0669725614852565,1.0669725614852565,0.0,0,2021,TOP2
2021-07-27 00:00:00+00:00,0.0,1.0669725614852565,1.0669725614852565,0.0,0,2021,TOP2
2021-07-28 00:00:00+00:00,0.0,1.0669725614852565,1.0669725614852565,0.0,0,2021,TOP2
2021-07-29 00:00:00+00:00,0.0,1.0669725614852565,1.0669725614852565,0.0,0,2021,TOP2
2021-07-30 00:00:00+00:00,0.0,1.0669725614852565,1.0669725614852565,0.0,0,2021,TOP2
2021-07-31 00:00:00+00:00,0.0,1.0669725614852565,1.0669725614852565,0.0,0,2021,TOP2
2021-08-01 00:00:00+00:00,0.0,1.0669725614852565,1.0669725614852565,0.0,0,2021,TOP2
2021-08-02 00:00:00+00:00,0.0,1.0669725614852565,1.0669725614852565,0.0,0,2021,TOP2
2021-08-03 00:00:00+00:00,0.0,1.0669725614852565,1.0669725614852565,0.0,0,2021,TOP2
2021-08-04 00:00:00+00:00,0.0,1.0669725614852565,1.0669725614852565,0.0,0,2021,TOP2
2021-08-05 00:00:00+00:00,0.0,1.0669725614852565,1.0669725614852565,0.0,0,2021,TOP2
2021-08-06 00:00:00+00:00,0.0,1.0669725614852565,1.0669725614852565,0.0,0,2021,TOP2
2021-08-07 00:00:00+00:00,0.0,1.0669725614852565,1.0669725614852565,0.0,0,2021,TOP2
2021-08-08 00:00:00+00:00,0.0,1.0669725614852565,1.0669725614852565,0.0,0,2021,TOP2
2021-08-09 00:00:00+00:00,0.0,1.0669725614852565,1.0669725614852565,0.0,0,2021,TOP2
2021-08-10 00:00:00+00:00,0.0,1.0669725614852565,1.0669725614852565,0.0,0,2021,TOP2
2021-08-11 00:00:00+00:00,0.0,1.0669725614852565,1.0669725614852565,0.0,0,2021,TOP2
2021-08-12 00:00:00+00:00,0.0,1.0669725614852565,1.0669725614852565,0.0,0,2021,TOP2
2021-08-13 00:00:00+00:00,0.0,1.0669725614852565,1.0669725614852565,0.0,0,2021,TOP2
2021-08-14 00:00:00+00:00,0.0,1.0669725614852565,1.0669725614852565,0.0,0,2021,TOP2
2021-08-15 00:00:00+00:00,0.0,1.0669725614852565,1.0669725614852565,0.0,0,2021,TOP2
2021-08-16 00:00:00+00:00,0.00443359518978137,1.0717030859014862,1.0093872026670339,0.05814659307622885,2,2021,TOP2
2021-08-17 00:00:00+00:00,-0.0019678632047113176,1.0695941208323652,1.030906711995551,0.03617017715720727,1,2021,TOP2
2021-08-18 00:00:00+00:00,3.3987754955555616e-05,1.0696304739352458,1.030906711995551,0.03620293445569794,1,2021,TOP2
2021-08-19 00:00:00+00:00,0.0020364338278193728,1.071808705615634,1.030906711995551,0.03816165459916594,1,2021,TOP2
2021-08-20 00:00:00+00:00,0.0012068887536071937,1.0731022594884598,1.030906711995551,0.03932108717488225,1,2021,TOP2
2021-08-21 00:00:00+00:00,-0.0007348717864801291,1.0723136669139537,1.030906711995551,0.038614592162728834,1,2021,TOP2
2021-08-22 00:00:00+00:00,0.00017453911138476386,1.0725008275885026,1.030906711995551,0.03878236223507167,1,2021,TOP2
2021-08-23 00:00:00+00:00,0.006847681501121805,1.0798449716655183,0.9682657420137337,0.10332893385583711,3,2021,TOP2
2021-08-24 00:00:00+00:00,-0.005637718637384936,1.0737571095432732,0.9682657420137337,0.09824509341261593,3,2021,TOP2
2021-08-25 00:00:00+00:00,0.0035288453763009375,1.0775462323545553,0.9682657420137337,0.10141605720436864,3,2021,TOP2
2021-08-26 00:00:00+00:00,-0.002382708114033516,1.0749787542034779,0.9682657420137337,0.09926988023946101,3,2021,TOP2
2021-08-27 00:00:00+00:00,0.007930849868922785,1.0835042493153473,0.976634865164898,0.09863310108657043,3,2021,TOP2
2021-08-28 00:00:00+00:00,0.001257778585641578,1.0848670577575878,0.976634865164898,0.09976539689241287,3,2021,TOP2
2021-08-29 00:00:00+00:00,-0.0012573699645779257,1.0835029785036034,0.976634865164898,0.09863204389737643,3,2021,TOP2
2021-08-30 00:00:00+00:00,0.0005975169143894732,1.0841503898600506,0.9483964263476422,0.1252169115854235,3,2021,TOP2
2021-08-31 00:00:00+00:00,0.0015822763914707938,1.08586581542673,0.9839479154168433,0.0938586504538172,2,2021,TOP2
2021-09-01 00:00:00+00:00,0.006308042329886909,1.092715502955019,0.9958789610321028,0.08862008607093268,2,2021,TOP2
2021-09-02 00:00:00+00:00,0.00012886250360932827,1.0928563130104625,0.9958789610321028,0.08873751363637067,2,2021,TOP2
2021-09-03 00:00:00+00:00,0.0021884933927107664,1.0952480218306682,0.9958789610321028,0.09072745060289944,2,2021,TOP2
2021-09-04 00:00:00+00:00,-0.0005562672841155081,1.0946387711881316,0.9958789610321028,0.0902213705155299,2,2021,TOP2
2021-09-05 00:00:00+00:00,0.002636612157003171,1.0975249090797732,0.9958789610321028,0.09261379601206146,2,2021,TOP2
2021-09-06 00:00:00+00:00,0.0028912427309315536,1.1006981199951664,0.9853712773169734,0.10477608763309194,3,2021,TOP2
2021-09-07 00:00:00+00:00,-0.008338665924517263,1.0915197660887825,1.065404203583131,0.023925872271860688,1,2021,TOP2
2021-09-08 00:00:00+00:00,0.0026627386381992135,1.0944261979443053,1.0752533060198288,0.017518670478182584,1,2021,TOP2
2021-09-09 00:00:00+00:00,-0.00028613889588491315,1.094113040040398,1.0752533060198288,0.017237463891183386,1,2021,TOP2
2021-09-10 00:00:00+00:00,-0.001736142593393164,1.092213503789597,1.092213503789597,0.0,0,2021,TOP2
2021-09-11 00:00:00+00:00,0.0,1.092213503789597,1.092213503789597,0.0,0,2021,TOP2
2021-09-12 00:00:00+00:00,0.0,1.092213503789597,1.092213503789597,0.0,0,2021,TOP2
2021-09-13 00:00:00+00:00,-0.0018350034042609042,1.0902092882919634,1.0334576944636846,0.052055687323295366,2,2021,TOP2
2021-09-14 00:00:00+00:00,0.0002823738392172537,1.0905171348742486,1.0334576944636846,0.05232328643524136,2,2021,TOP2
2021-09-15 00:00:00+00:00,0.0017803240938427667,1.0924586088042136,1.0334576944636846,0.05400745974724891,2,2021,TOP2
2021-09-16 00:00:00+00:00,-0.0011898281196713878,1.0911587708318813,1.0334576944636846,0.052880550393419205,2,2021,TOP2
2021-09-17 00:00:00+00:00,-0.002212930060553009,1.0887441127870714,1.0334576944636846,0.05077999290564178,2,2021,TOP2
2021-09-18 00:00:00+00:00,0.002814836716491742,1.0918087496906086,1.0334576944636846,0.053444392384159996,2,2021,TOP2
2021-09-19 00:00:00+00:00,-0.0029311904162040436,1.0886084503471878,1.0334576944636846,0.0506617010605733,2,2021,TOP2
2021-09-20 00:00:00+00:00,-0.009326591704969744,1.0784554438042198,0.9985699138748316,0.07407401982931662,3,2021,TOP2
2021-09-21 00:00:00+00:00,-0.0027337460131862112,1.075507220534321,1.075507220534321,0.0,0,2021,TOP2
2021-09-22 00:00:00+00:00,0.0,1.075507220534321,1.075507220534321,0.0,0,2021,TOP2
2021-09-23 00:00:00+00:00,0.0,1.075507220534321,1.075507220534321,0.0,0,2021,TOP2
2021-09-24 00:00:00+00:00,0.0,1.075507220534321,1.075507220534321,0.0,0,2021,TOP2
2021-09-25 00:00:00+00:00,0.0,1.075507220534321,1.075507220534321,0.0,0,2021,TOP2
2021-09-26 00:00:00+00:00,0.0,1.075507220534321,1.075507220534321,0.0,0,2021,TOP2
2021-09-27 00:00:00+00:00,0.0,1.075507220534321,1.075507220534321,0.0,0,2021,TOP2
2021-09-28 00:00:00+00:00,0.0,1.075507220534321,1.075507220534321,0.0,0,2021,TOP2
2021-09-29 00:00:00+00:00,0.0,1.075507220534321,1.075507220534321,0.0,0,2021,TOP2
2021-09-30 00:00:00+00:00,0.0,1.075507220534321,1.075507220534321,0.0,0,2021,TOP2
2021-10-01 00:00:00+00:00,0.0,1.075507220534321,1.075507220534321,0.0,0,2021,TOP2
2021-10-02 00:00:00+00:00,0.0,1.075507220534321,1.075507220534321,0.0,0,2021,TOP2
2021-10-03 00:00:00+00:00,0.0,1.075507220534321,1.075507220534321,0.0,0,2021,TOP2
2021-10-04 00:00:00+00:00,-0.0012190066614542472,1.0741961700680476,1.0139843132029578,0.05605294316146692,2,2021,TOP2
2021-10-05 00:00:00+00:00,0.0009276298168154895,1.0751926264645117,1.0139843132029578,0.056927765085984135,2,2021,TOP2
2021-10-06 00:00:00+00:00,-0.0008745729705970096,1.0742522920552207,1.0139843132029578,0.0561022576335027,2,2021,TOP2
2021-10-07 00:00:00+00:00,0.00017682394516560507,1.0744422455836051,1.0139843132029578,0.05626913184878388,2,2021,TOP2
2021-10-08 00:00:00+00:00,0.0003860255928640477,1.0748570077884547,1.0139843132029578,0.05663329554016125,2,2021,TOP2
2021-10-09 00:00:00+00:00,-0.00015960053656161044,1.0746854600332847,1.0139843132029578,0.05648270967437003,2,2021,TOP2
2021-10-10 00:00:00+00:00,-0.0028425507414291395,1.071630612082064,1.0139843132029578,0.05379306845957456,2,2021,TOP2
2021-10-11 00:00:00+00:00,0.0008825854551497425,1.0725764176735808,1.0139843132029578,0.054627440530260175,2,2021,TOP2
2021-10-12 00:00:00+00:00,0.0005291325130918345,1.0731439527289475,1.0139843132029578,0.055127403341881494,2,2021,TOP2
2021-10-13 00:00:00+00:00,0.000559523744007917,1.073744402251238,1.0139843132029578,0.055655786351934224,2,2021,TOP2
2021-10-14 00:00:00+00:00,0.002074874254989645,1.0759722868679082,1.0139843132029578,0.05761112476734295,2,2021,TOP2
2021-10-15 00:00:00+00:00,0.002554828289669242,1.0787212113052984,1.0139843132029578,0.06001263108936757,2,2021,TOP2
2021-10-16 00:00:00+00:00,-0.000929134974152368,1.0777189337005146,1.0243396445045145,0.04952987975511769,2,2021,TOP2
2021-10-17 00:00:00+00:00,0.00047399253903934735,1.0782297644342702,1.0243396445045145,0.04998018206076038,2,2021,TOP2
2021-10-18 00:00:00+00:00,-0.0008465445105618752,1.077316994946064,0.967018570354281,0.102382516111059,3,2021,TOP2
2021-10-19 00:00:00+00:00,0.002749897400180945,1.0802795061496369,0.967018570354281,0.10484410298501712,3,2021,TOP2
2021-10-20 00:00:00+00:00,0.006398038689863439,1.0871911762258488,0.967018570354281,0.11053493488490536,3,2021,TOP2
2021-10-21 00:00:00+00:00,-0.002193753099079765,1.0848061472137112,0.967018570354281,0.10857937813310126,3,2021,TOP2
2021-10-22 00:00:00+00:00,-0.0006598119933591828,1.0840903791073098,0.9746659562936811,0.10093662384840428,3,2021,TOP2
2021-10-23 00:00:00+00:00,0.002086315077465928,1.086352133210577,0.9746659562936811,0.10280844811048642,3,2021,TOP2
2021-10-24 00:00:00+00:00,-0.0005478736411316243,1.0857569495118038,0.9746659562936811,0.1023166310545589,3,2021,TOP2
2021-10-25 00:00:00+00:00,0.0036775206288681694,1.0897498430915704,0.9746659562936811,0.10560578423338114,3,2021,TOP2
2021-10-26 00:00:00+00:00,-0.0039830175694141046,1.0854093503202704,0.9746659562936811,0.10202915056325275,3,2021,TOP2
2021-10-27 00:00:00+00:00,-0.004721635875696739,1.0802844425919815,0.9746659562936811,0.0977691449900775,3,2021,TOP2
2021-10-28 00:00:00+00:00,0.005641173570939628,1.0863785146386287,0.9746659562936811,0.10283023535503867,3,2021,TOP2
2021-10-29 00:00:00+00:00,0.0029269426168001544,1.0895582822111005,0.9863629828528544,0.09471296858835876,3,2021,TOP2
2021-10-30 00:00:00+00:00,-0.0012770187583753811,1.0881668958463737,0.9863629828528544,0.09355542185864472,3,2021,TOP2
2021-10-31 00:00:00+00:00,3.348128094948777e-05,1.0882033290679336,0.9863629828528544,0.09358576976814367,3,2021,TOP2
2021-11-01 00:00:00+00:00,-1.7619834543070034e-05,1.0881841551053262,0.9485004665662045,0.128364016222605,3,2021,TOP2
2021-11-02 00:00:00+00:00,0.007394436809013527,1.0962306640768222,0.9485004665662045,0.1347619642030603,3,2021,TOP2
2021-11-03 00:00:00+00:00,0.002983082362667533,1.0995008104362451,0.9583704078579135,0.12835861623634082,3,2021,TOP2
2021-11-04 00:00:00+00:00,-0.0015728942055565076,1.0977714119825053,0.9583704078579135,0.12698545671984895,3,2021,TOP2
2021-11-05 00:00:00+00:00,-0.0022515119388798466,1.0952997665422657,0.9583704078579135,0.12501541848823938,3,2021,TOP2
2021-11-06 00:00:00+00:00,0.003484911473256913,1.0991167892653444,0.9583704078579135,0.12805407285381076,3,2021,TOP2
2021-11-07 00:00:00+00:00,0.0014885259703476539,1.100752853150611,0.9583704078579135,0.12935005790370271,3,2021,TOP2
2021-11-08 00:00:00+00:00,0.005237967581322334,1.106518560910462,0.9874072120783803,0.10764514310006233,3,2021,TOP2
2021-11-09 00:00:00+00:00,-0.001995260022654488,1.104310768661552,0.9874072120783803,0.10586110350518581,3,2021,TOP2
2021-11-10 00:00:00+00:00,-0.002777779610349973,1.1012432367248741,0.9874072120783803,0.10337046426277724,3,2021,TOP2
2021-11-11 00:00:00+00:00,0.0006564163218378827,1.101966110759774,0.9874072120783803,0.10395864043623684,3,2021,TOP2
2021-11-12 00:00:00+00:00,-0.0013841193600028223,1.1004408581318044,0.9874072120783803,0.10271669323994281,3,2021,TOP2
2021-11-13 00:00:00+00:00,0.001505788457879076,1.1020978892745579,0.9874072120783803,0.10406578064646435,3,2021,TOP2
2021-11-14 00:00:00+00:00,0.00024611875772118097,1.1023691362379533,0.9874072120783803,0.10428623260616912,3,2021,TOP2
2021-11-15 00:00:00+00:00,-0.003605620655437458,1.098394411310417,0.9221289262706531,0.16047558438455078,4,2021,TOP2
2021-11-16 00:00:00+00:00,-0.011813342373422575,1.085418702068553,1.0577440268273777,0.02549677390709584,1,2021,TOP2
2021-11-17 00:00:00+00:00,-1.1640236444176999e-05,1.08540606753822,1.0577440268273777,0.025485430327086663,1,2021,TOP2
2021-11-18 00:00:00+00:00,-0.0019573355260608105,1.0832815636820254,1.0832815636820254,0.0,0,2021,TOP2
2021-11-19 00:00:00+00:00,0.0,1.0832815636820254,1.0832815636820254,0.0,0,2021,TOP2
2021-11-20 00:00:00+00:00,0.0,1.0832815636820254,1.0832815636820254,0.0,0,2021,TOP2
2021-11-21 00:00:00+00:00,0.0,1.0832815636820254,1.0832815636820254,0.0,0,2021,TOP2
2021-11-22 00:00:00+00:00,-0.0034646165155495234,1.0795284084855024,1.0139985628953085,0.06070228914320776,2,2021,TOP2
2021-11-23 00:00:00+00:00,0.0027040294756395244,1.0824474851218373,1.0139985628953085,0.06323532842687914,2,2021,TOP2
2021-11-24 00:00:00+00:00,-0.0020105976221451716,1.0802711187821543,1.0139985628953085,0.06134807710267985,2,2021,TOP2
2021-11-25 00:00:00+00:00,0.0035119533605194597,1.0840649805680334,1.0139985628953085,0.06463304223332736,2,2021,TOP2
2021-11-26 00:00:00+00:00,-0.005691483382792906,1.0778950427452627,1.0390353272339963,0.036051483651224146,1,2021,TOP2
2021-11-27 00:00:00+00:00,0.0007734525693945393,1.0787287434356116,1.0390353272339963,0.03679647589179554,1,2021,TOP2
2021-11-28 00:00:00+00:00,0.0006992495835411727,1.079483044060213,1.0390353272339963,0.03746952492563717,1,2021,TOP2
2021-11-29 00:00:00+00:00,0.002351767385497583,1.0820217370764316,0.9712116098274276,0.10241025984229057,3,2021,TOP2
2021-11-30 00:00:00+00:00,0.002123122686856327,1.0843190019740903,0.9712116098274276,0.10431191553476564,3,2021,TOP2
2021-12-01 00:00:00+00:00,0.0025320752122914847,1.0870645792412055,0.9712116098274276,0.10657413701644641,3,2021,TOP2
2021-12-02 00:00:00+00:00,-0.0004099572460557477,1.086618929240015,0.9792954501111306,0.09876827675360554,3,2021,TOP2
2021-12-03 00:00:00+00:00,-0.0061305016755636155,1.07995741007361,0.9792954501111306,0.09320919419925858,3,2021,TOP2
2021-12-04 00:00:00+00:00,-0.011180365584931296,1.0678830914128314,1.0678830914128314,0.0,0,2021,TOP2
2021-12-05 00:00:00+00:00,0.0,1.0678830914128314,1.0678830914128314,0.0,0,2021,TOP2
2021-12-06 00:00:00+00:00,0.0,1.0678830914128314,1.0678830914128314,0.0,0,2021,TOP2
2021-12-07 00:00:00+00:00,0.0,1.0678830914128314,1.0678830914128314,0.0,0,2021,TOP2
2021-12-08 00:00:00+00:00,0.0,1.0678830914128314,1.0678830914128314,0.0,0,2021,TOP2
2021-12-09 00:00:00+00:00,0.0,1.0678830914128314,1.0678830914128314,0.0,0,2021,TOP2
2021-12-10 00:00:00+00:00,0.0,1.0678830914128314,1.0678830914128314,0.0,0,2021,TOP2
2021-12-11 00:00:00+00:00,0.0,1.0678830914128314,1.0678830914128314,0.0,0,2021,TOP2
2021-12-12 00:00:00+00:00,0.0,1.0678830914128314,1.0678830914128314,0.0,0,2021,TOP2
2021-12-13 00:00:00+00:00,-0.005104910357404346,1.0624316439589812,1.0101842814652908,0.049177152046223874,2,2021,TOP2
2021-12-14 00:00:00+00:00,0.00116556457892103,1.0636699766507045,1.0101842814652908,0.05028410725085052,2,2021,TOP2
2021-12-15 00:00:00+00:00,0.002909119541213201,1.0667643197651808,1.0101842814652908,0.05303893020376289,2,2021,TOP2
2021-12-16 00:00:00+00:00,-0.0010522657839989735,1.065641800171901,1.0101842814652908,0.052041425831517,2,2021,TOP2
2021-12-17 00:00:00+00:00,-0.00020915078431060774,1.0654189203536009,1.0101842814652908,0.05184311807601303,2,2021,TOP2
2021-12-18 00:00:00+00:00,0.0013892043970096246,1.0668990050024134,1.0101842814652908,0.0531584744865278,2,2021,TOP2
2021-12-19 00:00:00+00:00,-0.0005895567991848205,1.0662700074399707,1.0101842814652908,0.05259992833272815,2,2021,TOP2
2021-12-20 00:00:00+00:00,-0.00010895571794278247,1.0661538312257892,1.0661538312257892,0.0,0,2021,TOP2
2021-12-21 00:00:00+00:00,0.0,1.0661538312257892,1.0661538312257892,0.0,0,2021,TOP2
2021-12-22 00:00:00+00:00,0.0,1.0661538312257892,1.0661538312257892,0.0,0,2021,TOP2
2021-12-23 00:00:00+00:00,0.0,1.0661538312257892,1.0661538312257892,0.0,0,2021,TOP2
2021-12-24 00:00:00+00:00,0.0,1.0661538312257892,1.0661538312257892,0.0,0,2021,TOP2
2021-12-25 00:00:00+00:00,0.0,1.0661538312257892,1.0661538312257892,0.0,0,2021,TOP2
2021-12-26 00:00:00+00:00,0.0,1.0661538312257892,1.0661538312257892,0.0,0,2021,TOP2
2021-12-27 00:00:00+00:00,0.0009813344401889967,1.0672000846989105,0.977719925554462,0.08384571968029188,2,2021,TOP2
2021-12-28 00:00:00+00:00,-0.005793469303358001,1.0610172937676663,0.977719925554462,0.07850707872763872,2,2021,TOP2
2021-12-29 00:00:00+00:00,-0.0029214506884027713,1.0579175840643815,0.977719925554462,0.07580709472831576,2,2021,TOP2
2021-12-30 00:00:00+00:00,1.8418375274720233e-05,1.0579370691874546,1.0089212187272159,0.046331536995754534,1,2021,TOP2
2021-12-31 00:00:00+00:00,-0.0007258279820812064,1.0571691888593573,1.0571691888593573,0.0,0,2021,TOP2
2022-01-01 00:00:00+00:00,0.0,1.0,1.0,0.0,0,2022,TOP2
2022-01-02 00:00:00+00:00,0.0,1.0,1.0,0.0,0,2022,TOP2
2022-01-03 00:00:00+00:00,0.0,1.0,1.0,0.0,0,2022,TOP2
2022-01-04 00:00:00+00:00,0.0,1.0,1.0,0.0,0,2022,TOP2
2022-01-05 00:00:00+00:00,0.0,1.0,1.0,0.0,0,2022,TOP2
2022-01-06 00:00:00+00:00,0.0,1.0,1.0,0.0,0,2022,TOP2
2022-01-07 00:00:00+00:00,0.0,1.0,1.0,0.0,0,2022,TOP2
2022-01-08 00:00:00+00:00,0.0,1.0,1.0,0.0,0,2022,TOP2
2022-01-09 00:00:00+00:00,0.0,1.0,1.0,0.0,0,2022,TOP2
2022-01-10 00:00:00+00:00,0.0,1.0,1.0,0.0,0,2022,TOP2
2022-01-11 00:00:00+00:00,0.0,1.0,1.0,0.0,0,2022,TOP2
2022-01-12 00:00:00+00:00,0.0,1.0,1.0,0.0,0,2022,TOP2
2022-01-13 00:00:00+00:00,0.0,1.0,1.0,0.0,0,2022,TOP2
2022-01-14 00:00:00+00:00,0.0,1.0,1.0,0.0,0,2022,TOP2
2022-01-15 00:00:00+00:00,0.0,1.0,1.0,0.0,0,2022,TOP2
2022-01-16 00:00:00+00:00,0.0,1.0,1.0,0.0,0,2022,TOP2
2022-01-17 00:00:00+00:00,0.0,1.0,1.0,0.0,0,2022,TOP2
2022-01-18 00:00:00+00:00,0.0,1.0,1.0,0.0,0,2022,TOP2
2022-01-19 00:00:00+00:00,0.0,1.0,1.0,0.0,0,2022,TOP2
2022-01-20 00:00:00+00:00,0.0,1.0,1.0,0.0,0,2022,TOP2
2022-01-21 00:00:00+00:00,0.0,1.0,1.0,0.0,0,2022,TOP2
2022-01-22 00:00:00+00:00,0.0,1.0,1.0,0.0,0,2022,TOP2
2022-01-23 00:00:00+00:00,0.0,1.0,1.0,0.0,0,2022,TOP2
2022-01-24 00:00:00+00:00,0.0,1.0,1.0,0.0,0,2022,TOP2
2022-01-25 00:00:00+00:00,0.0,1.0,1.0,0.0,0,2022,TOP2
2022-01-26 00:00:00+00:00,0.0,1.0,1.0,0.0,0,2022,TOP2
2022-01-27 00:00:00+00:00,0.0,1.0,1.0,0.0,0,2022,TOP2
2022-01-28 00:00:00+00:00,0.0,1.0,1.0,0.0,0,2022,TOP2
2022-01-29 00:00:00+00:00,0.0,1.0,1.0,0.0,0,2022,TOP2
2022-01-30 00:00:00+00:00,0.0,1.0,1.0,0.0,0,2022,TOP2
2022-01-31 00:00:00+00:00,0.0,1.0,1.0,0.0,0,2022,TOP2
2022-02-01 00:00:00+00:00,0.0,1.0,1.0,0.0,0,2022,TOP2
2022-02-02 00:00:00+00:00,0.0,1.0,1.0,0.0,0,2022,TOP2
2022-02-03 00:00:00+00:00,0.0,1.0,1.0,0.0,0,2022,TOP2
2022-02-04 00:00:00+00:00,0.0,1.0,1.0,0.0,0,2022,TOP2
2022-02-05 00:00:00+00:00,0.0,1.0,1.0,0.0,0,2022,TOP2
2022-02-06 00:00:00+00:00,0.0,1.0,1.0,0.0,0,2022,TOP2
2022-02-07 00:00:00+00:00,0.0,1.0,1.0,0.0,0,2022,TOP2
2022-02-08 00:00:00+00:00,0.0,1.0,1.0,0.0,0,2022,TOP2
2022-02-09 00:00:00+00:00,0.0,1.0,1.0,0.0,0,2022,TOP2
2022-02-10 00:00:00+00:00,0.0,1.0,1.0,0.0,0,2022,TOP2
2022-02-11 00:00:00+00:00,0.0,1.0,1.0,0.0,0,2022,TOP2
2022-02-12 00:00:00+00:00,0.0,1.0,1.0,0.0,0,2022,TOP2
2022-02-13 00:00:00+00:00,0.0,1.0,1.0,0.0,0,2022,TOP2
2022-02-14 00:00:00+00:00,0.0,1.0,1.0,0.0,0,2022,TOP2
2022-02-15 00:00:00+00:00,0.0,1.0,1.0,0.0,0,2022,TOP2
2022-02-16 00:00:00+00:00,0.0,1.0,1.0,0.0,0,2022,TOP2
2022-02-17 00:00:00+00:00,0.0,1.0,1.0,0.0,0,2022,TOP2
2022-02-18 00:00:00+00:00,0.0,1.0,1.0,0.0,0,2022,TOP2
2022-02-19 00:00:00+00:00,0.0,1.0,1.0,0.0,0,2022,TOP2
2022-02-20 00:00:00+00:00,0.0,1.0,1.0,0.0,0,2022,TOP2
2022-02-21 00:00:00+00:00,0.0,1.0,1.0,0.0,0,2022,TOP2
2022-02-22 00:00:00+00:00,0.0,1.0,1.0,0.0,0,2022,TOP2
2022-02-23 00:00:00+00:00,0.0,1.0,1.0,0.0,0,2022,TOP2
2022-02-24 00:00:00+00:00,0.0,1.0,1.0,0.0,0,2022,TOP2
2022-02-25 00:00:00+00:00,0.0,1.0,1.0,0.0,0,2022,TOP2
2022-02-26 00:00:00+00:00,0.0,1.0,1.0,0.0,0,2022,TOP2
2022-02-27 00:00:00+00:00,0.0,1.0,1.0,0.0,0,2022,TOP2
2022-02-28 00:00:00+00:00,0.0,1.0,1.0,0.0,0,2022,TOP2
2022-03-01 00:00:00+00:00,0.0,1.0,1.0,0.0,0,2022,TOP2
2022-03-02 00:00:00+00:00,0.0,1.0,1.0,0.0,0,2022,TOP2
2022-03-03 00:00:00+00:00,0.0,1.0,1.0,0.0,0,2022,TOP2
2022-03-04 00:00:00+00:00,0.0,1.0,1.0,0.0,0,2022,TOP2
2022-03-05 00:00:00+00:00,0.0,1.0,1.0,0.0,0,2022,TOP2
2022-03-06 00:00:00+00:00,0.0,1.0,1.0,0.0,0,2022,TOP2
2022-03-07 00:00:00+00:00,0.0,1.0,1.0,0.0,0,2022,TOP2
2022-03-08 00:00:00+00:00,0.0,1.0,1.0,0.0,0,2022,TOP2
2022-03-09 00:00:00+00:00,0.0,1.0,1.0,0.0,0,2022,TOP2
2022-03-10 00:00:00+00:00,0.0,1.0,1.0,0.0,0,2022,TOP2
2022-03-11 00:00:00+00:00,0.0,1.0,1.0,0.0,0,2022,TOP2
2022-03-12 00:00:00+00:00,0.0,1.0,1.0,0.0,0,2022,TOP2
2022-03-13 00:00:00+00:00,0.0,1.0,1.0,0.0,0,2022,TOP2
2022-03-14 00:00:00+00:00,0.0,1.0,1.0,0.0,0,2022,TOP2
2022-03-15 00:00:00+00:00,0.0,1.0,1.0,0.0,0,2022,TOP2
2022-03-16 00:00:00+00:00,0.0,1.0,1.0,0.0,0,2022,TOP2
2022-03-17 00:00:00+00:00,0.0,1.0,1.0,0.0,0,2022,TOP2
2022-03-18 00:00:00+00:00,0.0,1.0,1.0,0.0,0,2022,TOP2
2022-03-19 00:00:00+00:00,0.0,1.0,1.0,0.0,0,2022,TOP2
2022-03-20 00:00:00+00:00,0.0,1.0,1.0,0.0,0,2022,TOP2
2022-03-21 00:00:00+00:00,0.0,1.0,1.0,0.0,0,2022,TOP2
2022-03-22 00:00:00+00:00,0.0,1.0,1.0,0.0,0,2022,TOP2
2022-03-23 00:00:00+00:00,0.0,1.0,1.0,0.0,0,2022,TOP2
2022-03-24 00:00:00+00:00,0.0,1.0,1.0,0.0,0,2022,TOP2
2022-03-25 00:00:00+00:00,0.0,1.0,1.0,0.0,0,2022,TOP2
2022-03-26 00:00:00+00:00,0.0,1.0,1.0,0.0,0,2022,TOP2
2022-03-27 00:00:00+00:00,0.0,1.0,1.0,0.0,0,2022,TOP2
2022-03-28 00:00:00+00:00,0.0,1.0,1.0,0.0,0,2022,TOP2
2022-03-29 00:00:00+00:00,0.0,1.0,1.0,0.0,0,2022,TOP2
2022-03-30 00:00:00+00:00,0.0,1.0,1.0,0.0,0,2022,TOP2
2022-03-31 00:00:00+00:00,0.0,1.0,1.0,0.0,0,2022,TOP2
2022-04-01 00:00:00+00:00,0.0,1.0,1.0,0.0,0,2022,TOP2
2022-04-02 00:00:00+00:00,0.0,1.0,1.0,0.0,0,2022,TOP2
2022-04-03 00:00:00+00:00,0.0,1.0,1.0,0.0,0,2022,TOP2
2022-04-04 00:00:00+00:00,0.0,1.0,1.0,0.0,0,2022,TOP2
2022-04-05 00:00:00+00:00,0.0,1.0,1.0,0.0,0,2022,TOP2
2022-04-06 00:00:00+00:00,0.0,1.0,1.0,0.0,0,2022,TOP2
2022-04-07 00:00:00+00:00,0.0,1.0,1.0,0.0,0,2022,TOP2
2022-04-08 00:00:00+00:00,0.0,1.0,1.0,0.0,0,2022,TOP2
2022-04-09 00:00:00+00:00,0.0,1.0,1.0,0.0,0,2022,TOP2
2022-04-10 00:00:00+00:00,0.0,1.0,1.0,0.0,0,2022,TOP2
2022-04-11 00:00:00+00:00,0.0,1.0,1.0,0.0,0,2022,TOP2
2022-04-12 00:00:00+00:00,0.0,1.0,1.0,0.0,0,2022,TOP2
2022-04-13 00:00:00+00:00,0.0,1.0,1.0,0.0,0,2022,TOP2
2022-04-14 00:00:00+00:00,0.0,1.0,1.0,0.0,0,2022,TOP2
2022-04-15 00:00:00+00:00,0.0,1.0,1.0,0.0,0,2022,TOP2
2022-04-16 00:00:00+00:00,0.0,1.0,1.0,0.0,0,2022,TOP2
2022-04-17 00:00:00+00:00,0.0,1.0,1.0,0.0,0,2022,TOP2
2022-04-18 00:00:00+00:00,0.0,1.0,1.0,0.0,0,2022,TOP2
2022-04-19 00:00:00+00:00,0.0,1.0,1.0,0.0,0,2022,TOP2
2022-04-20 00:00:00+00:00,0.0,1.0,1.0,0.0,0,2022,TOP2
2022-04-21 00:00:00+00:00,0.0,1.0,1.0,0.0,0,2022,TOP2
2022-04-22 00:00:00+00:00,0.0,1.0,1.0,0.0,0,2022,TOP2
2022-04-23 00:00:00+00:00,0.0,1.0,1.0,0.0,0,2022,TOP2
2022-04-24 00:00:00+00:00,0.0,1.0,1.0,0.0,0,2022,TOP2
2022-04-25 00:00:00+00:00,0.0,1.0,1.0,0.0,0,2022,TOP2
2022-04-26 00:00:00+00:00,0.0,1.0,1.0,0.0,0,2022,TOP2
2022-04-27 00:00:00+00:00,0.0,1.0,1.0,0.0,0,2022,TOP2
2022-04-28 00:00:00+00:00,0.0,1.0,1.0,0.0,0,2022,TOP2
2022-04-29 00:00:00+00:00,0.0,1.0,1.0,0.0,0,2022,TOP2
2022-04-30 00:00:00+00:00,0.0,1.0,1.0,0.0,0,2022,TOP2
2022-05-01 00:00:00+00:00,0.0,1.0,1.0,0.0,0,2022,TOP2
2022-05-02 00:00:00+00:00,0.0,1.0,1.0,0.0,0,2022,TOP2
2022-05-03 00:00:00+00:00,0.0,1.0,1.0,0.0,0,2022,TOP2
2022-05-04 00:00:00+00:00,0.0,1.0,1.0,0.0,0,2022,TOP2
2022-05-05 00:00:00+00:00,0.0,1.0,1.0,0.0,0,2022,TOP2
2022-05-06 00:00:00+00:00,0.0,1.0,1.0,0.0,0,2022,TOP2
2022-05-07 00:00:00+00:00,0.0,1.0,1.0,0.0,0,2022,TOP2
2022-05-08 00:00:00+00:00,0.0,1.0,1.0,0.0,0,2022,TOP2
2022-05-09 00:00:00+00:00,0.0,1.0,1.0,0.0,0,2022,TOP2
2022-05-10 00:00:00+00:00,0.0,1.0,1.0,0.0,0,2022,TOP2
2022-05-11 00:00:00+00:00,0.0,1.0,1.0,0.0,0,2022,TOP2
2022-05-12 00:00:00+00:00,0.0,1.0,1.0,0.0,0,2022,TOP2
2022-05-13 00:00:00+00:00,0.0,1.0,1.0,0.0,0,2022,TOP2
2022-05-14 00:00:00+00:00,0.0,1.0,1.0,0.0,0,2022,TOP2
2022-05-15 00:00:00+00:00,0.0,1.0,1.0,0.0,0,2022,TOP2
2022-05-16 00:00:00+00:00,0.0,1.0,1.0,0.0,0,2022,TOP2
2022-05-17 00:00:00+00:00,0.0,1.0,1.0,0.0,0,2022,TOP2
2022-05-18 00:00:00+00:00,0.0,1.0,1.0,0.0,0,2022,TOP2
2022-05-19 00:00:00+00:00,0.0,1.0,1.0,0.0,0,2022,TOP2
2022-05-20 00:00:00+00:00,0.0,1.0,1.0,0.0,0,2022,TOP2
2022-05-21 00:00:00+00:00,0.0,1.0,1.0,0.0,0,2022,TOP2
2022-05-22 00:00:00+00:00,0.0,1.0,1.0,0.0,0,2022,TOP2
2022-05-23 00:00:00+00:00,0.0,1.0,1.0,0.0,0,2022,TOP2
2022-05-24 00:00:00+00:00,0.0,1.0,1.0,0.0,0,2022,TOP2
2022-05-25 00:00:00+00:00,0.0,1.0,1.0,0.0,0,2022,TOP2
2022-05-26 00:00:00+00:00,0.0,1.0,1.0,0.0,0,2022,TOP2
2022-05-27 00:00:00+00:00,0.0,1.0,1.0,0.0,0,2022,TOP2
2022-05-28 00:00:00+00:00,0.0,1.0,1.0,0.0,0,2022,TOP2
2022-05-29 00:00:00+00:00,0.0,1.0,1.0,0.0,0,2022,TOP2
2022-05-30 00:00:00+00:00,0.0,1.0,1.0,0.0,0,2022,TOP2
2022-05-31 00:00:00+00:00,0.0,1.0,1.0,0.0,0,2022,TOP2
2022-06-01 00:00:00+00:00,0.0,1.0,1.0,0.0,0,2022,TOP2
2022-06-02 00:00:00+00:00,0.0,1.0,1.0,0.0,0,2022,TOP2
2022-06-03 00:00:00+00:00,0.0,1.0,1.0,0.0,0,2022,TOP2
2022-06-04 00:00:00+00:00,0.0,1.0,1.0,0.0,0,2022,TOP2
2022-06-05 00:00:00+00:00,0.0,1.0,1.0,0.0,0,2022,TOP2
2022-06-06 00:00:00+00:00,0.0,1.0,1.0,0.0,0,2022,TOP2
2022-06-07 00:00:00+00:00,0.0,1.0,1.0,0.0,0,2022,TOP2
2022-06-08 00:00:00+00:00,0.0,1.0,1.0,0.0,0,2022,TOP2
2022-06-09 00:00:00+00:00,0.0,1.0,1.0,0.0,0,2022,TOP2
2022-06-10 00:00:00+00:00,0.0,1.0,1.0,0.0,0,2022,TOP2
2022-06-11 00:00:00+00:00,0.0,1.0,1.0,0.0,0,2022,TOP2
2022-06-12 00:00:00+00:00,0.0,1.0,1.0,0.0,0,2022,TOP2
2022-06-13 00:00:00+00:00,0.0,1.0,1.0,0.0,0,2022,TOP2
2022-06-14 00:00:00+00:00,0.0,1.0,1.0,0.0,0,2022,TOP2
2022-06-15 00:00:00+00:00,0.0,1.0,1.0,0.0,0,2022,TOP2
2022-06-16 00:00:00+00:00,0.0,1.0,1.0,0.0,0,2022,TOP2
2022-06-17 00:00:00+00:00,0.0,1.0,1.0,0.0,0,2022,TOP2
2022-06-18 00:00:00+00:00,0.0,1.0,1.0,0.0,0,2022,TOP2
2022-06-19 00:00:00+00:00,0.0,1.0,1.0,0.0,0,2022,TOP2
2022-06-20 00:00:00+00:00,0.0,1.0,1.0,0.0,0,2022,TOP2
2022-06-21 00:00:00+00:00,0.0,1.0,1.0,0.0,0,2022,TOP2
2022-06-22 00:00:00+00:00,0.0,1.0,1.0,0.0,0,2022,TOP2
2022-06-23 00:00:00+00:00,0.0,1.0,1.0,0.0,0,2022,TOP2
2022-06-24 00:00:00+00:00,0.0,1.0,1.0,0.0,0,2022,TOP2
2022-06-25 00:00:00+00:00,0.0,1.0,1.0,0.0,0,2022,TOP2
2022-06-26 00:00:00+00:00,0.0,1.0,1.0,0.0,0,2022,TOP2
2022-06-27 00:00:00+00:00,0.0,1.0,1.0,0.0,0,2022,TOP2
2022-06-28 00:00:00+00:00,0.0,1.0,1.0,0.0,0,2022,TOP2
2022-06-29 00:00:00+00:00,0.0,1.0,1.0,0.0,0,2022,TOP2
2022-06-30 00:00:00+00:00,0.0,1.0,1.0,0.0,0,2022,TOP2
2022-07-01 00:00:00+00:00,0.0,1.0,1.0,0.0,0,2022,TOP2
2022-07-02 00:00:00+00:00,0.0,1.0,1.0,0.0,0,2022,TOP2
2022-07-03 00:00:00+00:00,0.0,1.0,1.0,0.0,0,2022,TOP2
2022-07-04 00:00:00+00:00,0.0,1.0,1.0,0.0,0,2022,TOP2
2022-07-05 00:00:00+00:00,0.0,1.0,1.0,0.0,0,2022,TOP2
2022-07-06 00:00:00+00:00,0.0,1.0,1.0,0.0,0,2022,TOP2
2022-07-07 00:00:00+00:00,0.0,1.0,1.0,0.0,0,2022,TOP2
2022-07-08 00:00:00+00:00,0.0,1.0,1.0,0.0,0,2022,TOP2
2022-07-09 00:00:00+00:00,0.0,1.0,1.0,0.0,0,2022,TOP2
2022-07-10 00:00:00+00:00,0.0,1.0,1.0,0.0,0,2022,TOP2
2022-07-11 00:00:00+00:00,0.0,1.0,1.0,0.0,0,2022,TOP2
2022-07-12 00:00:00+00:00,0.0,1.0,1.0,0.0,0,2022,TOP2
2022-07-13 00:00:00+00:00,0.0,1.0,1.0,0.0,0,2022,TOP2
2022-07-14 00:00:00+00:00,0.0,1.0,1.0,0.0,0,2022,TOP2
2022-07-15 00:00:00+00:00,0.0,1.0,1.0,0.0,0,2022,TOP2
2022-07-16 00:00:00+00:00,0.0,1.0,1.0,0.0,0,2022,TOP2
2022-07-17 00:00:00+00:00,0.0,1.0,1.0,0.0,0,2022,TOP2
2022-07-18 00:00:00+00:00,0.0,1.0,1.0,0.0,0,2022,TOP2
2022-07-19 00:00:00+00:00,0.0,1.0,1.0,0.0,0,2022,TOP2
2022-07-20 00:00:00+00:00,0.0,1.0,1.0,0.0,0,2022,TOP2
2022-07-21 00:00:00+00:00,0.0,1.0,1.0,0.0,0,2022,TOP2
2022-07-22 00:00:00+00:00,0.0,1.0,1.0,0.0,0,2022,TOP2
2022-07-23 00:00:00+00:00,0.0,1.0,1.0,0.0,0,2022,TOP2
2022-07-24 00:00:00+00:00,0.0,1.0,1.0,0.0,0,2022,TOP2
2022-07-25 00:00:00+00:00,0.0,1.0,1.0,0.0,0,2022,TOP2
2022-07-26 00:00:00+00:00,0.0,1.0,1.0,0.0,0,2022,TOP2
2022-07-27 00:00:00+00:00,0.0,1.0,1.0,0.0,0,2022,TOP2
2022-07-28 00:00:00+00:00,0.0,1.0,1.0,0.0,0,2022,TOP2
2022-07-29 00:00:00+00:00,0.0,1.0,1.0,0.0,0,2022,TOP2
2022-07-30 00:00:00+00:00,0.0,1.0,1.0,0.0,0,2022,TOP2
2022-07-31 00:00:00+00:00,0.0,1.0,1.0,0.0,0,2022,TOP2
2022-08-01 00:00:00+00:00,0.0,1.0,1.0,0.0,0,2022,TOP2
2022-08-02 00:00:00+00:00,0.0,1.0,1.0,0.0,0,2022,TOP2
2022-08-03 00:00:00+00:00,0.0,1.0,1.0,0.0,0,2022,TOP2
2022-08-04 00:00:00+00:00,0.0,1.0,1.0,0.0,0,2022,TOP2
2022-08-05 00:00:00+00:00,0.0,1.0,1.0,0.0,0,2022,TOP2
2022-08-06 00:00:00+00:00,0.0,1.0,1.0,0.0,0,2022,TOP2
2022-08-07 00:00:00+00:00,0.0,1.0,1.0,0.0,0,2022,TOP2
2022-08-08 00:00:00+00:00,0.0,1.0,1.0,0.0,0,2022,TOP2
2022-08-09 00:00:00+00:00,0.0,1.0,1.0,0.0,0,2022,TOP2
2022-08-10 00:00:00+00:00,0.0,1.0,1.0,0.0,0,2022,TOP2
2022-08-11 00:00:00+00:00,0.0,1.0,1.0,0.0,0,2022,TOP2
2022-08-12 00:00:00+00:00,0.0,1.0,1.0,0.0,0,2022,TOP2
2022-08-13 00:00:00+00:00,0.0,1.0,1.0,0.0,0,2022,TOP2
2022-08-14 00:00:00+00:00,0.0,1.0,1.0,0.0,0,2022,TOP2
2022-08-15 00:00:00+00:00,0.0,1.0,1.0,0.0,0,2022,TOP2
2022-08-16 00:00:00+00:00,0.0,1.0,1.0,0.0,0,2022,TOP2
2022-08-17 00:00:00+00:00,0.0,1.0,1.0,0.0,0,2022,TOP2
2022-08-18 00:00:00+00:00,0.0,1.0,1.0,0.0,0,2022,TOP2
2022-08-19 00:00:00+00:00,0.0,1.0,1.0,0.0,0,2022,TOP2
2022-08-20 00:00:00+00:00,0.0,1.0,1.0,0.0,0,2022,TOP2
2022-08-21 00:00:00+00:00,0.0,1.0,1.0,0.0,0,2022,TOP2
2022-08-22 00:00:00+00:00,0.0,1.0,1.0,0.0,0,2022,TOP2
2022-08-23 00:00:00+00:00,0.0,1.0,1.0,0.0,0,2022,TOP2
2022-08-24 00:00:00+00:00,0.0,1.0,1.0,0.0,0,2022,TOP2
2022-08-25 00:00:00+00:00,0.0,1.0,1.0,0.0,0,2022,TOP2
2022-08-26 00:00:00+00:00,0.0,1.0,1.0,0.0,0,2022,TOP2
2022-08-27 00:00:00+00:00,0.0,1.0,1.0,0.0,0,2022,TOP2
2022-08-28 00:00:00+00:00,0.0,1.0,1.0,0.0,0,2022,TOP2
2022-08-29 00:00:00+00:00,0.0,1.0,1.0,0.0,0,2022,TOP2
2022-08-30 00:00:00+00:00,0.0,1.0,1.0,0.0,0,2022,TOP2
2022-08-31 00:00:00+00:00,0.0,1.0,1.0,0.0,0,2022,TOP2
2022-09-01 00:00:00+00:00,0.0,1.0,1.0,0.0,0,2022,TOP2
2022-09-02 00:00:00+00:00,0.0,1.0,1.0,0.0,0,2022,TOP2
2022-09-03 00:00:00+00:00,0.0,1.0,1.0,0.0,0,2022,TOP2
2022-09-04 00:00:00+00:00,0.0,1.0,1.0,0.0,0,2022,TOP2
2022-09-05 00:00:00+00:00,0.0,1.0,1.0,0.0,0,2022,TOP2
2022-09-06 00:00:00+00:00,0.0,1.0,1.0,0.0,0,2022,TOP2
2022-09-07 00:00:00+00:00,0.0,1.0,1.0,0.0,0,2022,TOP2
2022-09-08 00:00:00+00:00,0.0,1.0,1.0,0.0,0,2022,TOP2
2022-09-09 00:00:00+00:00,0.0,1.0,1.0,0.0,0,2022,TOP2
2022-09-10 00:00:00+00:00,0.0,1.0,1.0,0.0,0,2022,TOP2
2022-09-11 00:00:00+00:00,0.0,1.0,1.0,0.0,0,2022,TOP2
2022-09-12 00:00:00+00:00,0.0,1.0,1.0,0.0,0,2022,TOP2
2022-09-13 00:00:00+00:00,0.0,1.0,1.0,0.0,0,2022,TOP2
2022-09-14 00:00:00+00:00,0.0,1.0,1.0,0.0,0,2022,TOP2
2022-09-15 00:00:00+00:00,0.0,1.0,1.0,0.0,0,2022,TOP2
2022-09-16 00:00:00+00:00,0.0,1.0,1.0,0.0,0,2022,TOP2
2022-09-17 00:00:00+00:00,0.0,1.0,1.0,0.0,0,2022,TOP2
2022-09-18 00:00:00+00:00,0.0,1.0,1.0,0.0,0,2022,TOP2
2022-09-19 00:00:00+00:00,0.0,1.0,1.0,0.0,0,2022,TOP2
2022-09-20 00:00:00+00:00,0.0,1.0,1.0,0.0,0,2022,TOP2
2022-09-21 00:00:00+00:00,0.0,1.0,1.0,0.0,0,2022,TOP2
2022-09-22 00:00:00+00:00,0.0,1.0,1.0,0.0,0,2022,TOP2
2022-09-23 00:00:00+00:00,0.0,1.0,1.0,0.0,0,2022,TOP2
2022-09-24 00:00:00+00:00,0.0,1.0,1.0,0.0,0,2022,TOP2
2022-09-25 00:00:00+00:00,0.0,1.0,1.0,0.0,0,2022,TOP2
2022-09-26 00:00:00+00:00,0.0,1.0,1.0,0.0,0,2022,TOP2
2022-09-27 00:00:00+00:00,0.0,1.0,1.0,0.0,0,2022,TOP2
2022-09-28 00:00:00+00:00,0.0,1.0,1.0,0.0,0,2022,TOP2
2022-09-29 00:00:00+00:00,0.0,1.0,1.0,0.0,0,2022,TOP2
2022-09-30 00:00:00+00:00,0.0,1.0,1.0,0.0,0,2022,TOP2
2022-10-01 00:00:00+00:00,0.0,1.0,1.0,0.0,0,2022,TOP2
2022-10-02 00:00:00+00:00,0.0,1.0,1.0,0.0,0,2022,TOP2
2022-10-03 00:00:00+00:00,0.0,1.0,1.0,0.0,0,2022,TOP2
2022-10-04 00:00:00+00:00,0.0,1.0,1.0,0.0,0,2022,TOP2
2022-10-05 00:00:00+00:00,0.0,1.0,1.0,0.0,0,2022,TOP2
2022-10-06 00:00:00+00:00,0.0,1.0,1.0,0.0,0,2022,TOP2
2022-10-07 00:00:00+00:00,0.0,1.0,1.0,0.0,0,2022,TOP2
2022-10-08 00:00:00+00:00,0.0,1.0,1.0,0.0,0,2022,TOP2
2022-10-09 00:00:00+00:00,0.0,1.0,1.0,0.0,0,2022,TOP2
2022-10-10 00:00:00+00:00,0.0,1.0,1.0,0.0,0,2022,TOP2
2022-10-11 00:00:00+00:00,0.0,1.0,1.0,0.0,0,2022,TOP2
2022-10-12 00:00:00+00:00,0.0,1.0,1.0,0.0,0,2022,TOP2
2022-10-13 00:00:00+00:00,0.0,1.0,1.0,0.0,0,2022,TOP2
2022-10-14 00:00:00+00:00,0.0,1.0,1.0,0.0,0,2022,TOP2
2022-10-15 00:00:00+00:00,0.0,1.0,1.0,0.0,0,2022,TOP2
2022-10-16 00:00:00+00:00,0.0,1.0,1.0,0.0,0,2022,TOP2
2022-10-17 00:00:00+00:00,0.0,1.0,1.0,0.0,0,2022,TOP2
2022-10-18 00:00:00+00:00,0.0,1.0,1.0,0.0,0,2022,TOP2
2022-10-19 00:00:00+00:00,0.0,1.0,1.0,0.0,0,2022,TOP2
2022-10-20 00:00:00+00:00,0.0,1.0,1.0,0.0,0,2022,TOP2
2022-10-21 00:00:00+00:00,0.0,1.0,1.0,0.0,0,2022,TOP2
2022-10-22 00:00:00+00:00,0.0,1.0,1.0,0.0,0,2022,TOP2
2022-10-23 00:00:00+00:00,0.0,1.0,1.0,0.0,0,2022,TOP2
2022-10-24 00:00:00+00:00,0.0,1.0,1.0,0.0,0,2022,TOP2
2022-10-25 00:00:00+00:00,0.0,1.0,1.0,0.0,0,2022,TOP2
2022-10-26 00:00:00+00:00,0.0,1.0,1.0,0.0,0,2022,TOP2
2022-10-27 00:00:00+00:00,0.0,1.0,1.0,0.0,0,2022,TOP2
2022-10-28 00:00:00+00:00,0.0,1.0,1.0,0.0,0,2022,TOP2
2022-10-29 00:00:00+00:00,0.0,1.0,1.0,0.0,0,2022,TOP2
2022-10-30 00:00:00+00:00,0.0,1.0,1.0,0.0,0,2022,TOP2
2022-10-31 00:00:00+00:00,0.0,1.0,1.0,0.0,0,2022,TOP2
2022-11-01 00:00:00+00:00,0.0,1.0,1.0,0.0,0,2022,TOP2
2022-11-02 00:00:00+00:00,0.0,1.0,1.0,0.0,0,2022,TOP2
2022-11-03 00:00:00+00:00,0.0,1.0,1.0,0.0,0,2022,TOP2
2022-11-04 00:00:00+00:00,0.0,1.0,1.0,0.0,0,2022,TOP2
2022-11-05 00:00:00+00:00,0.0,1.0,1.0,0.0,0,2022,TOP2
2022-11-06 00:00:00+00:00,0.0,1.0,1.0,0.0,0,2022,TOP2
2022-11-07 00:00:00+00:00,0.0,1.0,1.0,0.0,0,2022,TOP2
2022-11-08 00:00:00+00:00,0.0,1.0,1.0,0.0,0,2022,TOP2
2022-11-09 00:00:00+00:00,0.0,1.0,1.0,0.0,0,2022,TOP2
2022-11-10 00:00:00+00:00,0.0,1.0,1.0,0.0,0,2022,TOP2
2022-11-11 00:00:00+00:00,0.0,1.0,1.0,0.0,0,2022,TOP2
2022-11-12 00:00:00+00:00,0.0,1.0,1.0,0.0,0,2022,TOP2
2022-11-13 00:00:00+00:00,0.0,1.0,1.0,0.0,0,2022,TOP2
2022-11-14 00:00:00+00:00,0.0,1.0,1.0,0.0,0,2022,TOP2
2022-11-15 00:00:00+00:00,0.0,1.0,1.0,0.0,0,2022,TOP2
2022-11-16 00:00:00+00:00,0.0,1.0,1.0,0.0,0,2022,TOP2
2022-11-17 00:00:00+00:00,0.0,1.0,1.0,0.0,0,2022,TOP2
2022-11-18 00:00:00+00:00,0.0,1.0,1.0,0.0,0,2022,TOP2
2022-11-19 00:00:00+00:00,0.0,1.0,1.0,0.0,0,2022,TOP2
2022-11-20 00:00:00+00:00,0.0,1.0,1.0,0.0,0,2022,TOP2
2022-11-21 00:00:00+00:00,0.0,1.0,1.0,0.0,0,2022,TOP2
2022-11-22 00:00:00+00:00,0.0,1.0,1.0,0.0,0,2022,TOP2
2022-11-23 00:00:00+00:00,0.0,1.0,1.0,0.0,0,2022,TOP2
2022-11-24 00:00:00+00:00,0.0,1.0,1.0,0.0,0,2022,TOP2
2022-11-25 00:00:00+00:00,0.0,1.0,1.0,0.0,0,2022,TOP2
2022-11-26 00:00:00+00:00,0.0,1.0,1.0,0.0,0,2022,TOP2
2022-11-27 00:00:00+00:00,0.0,1.0,1.0,0.0,0,2022,TOP2
2022-11-28 00:00:00+00:00,0.0,1.0,1.0,0.0,0,2022,TOP2
2022-11-29 00:00:00+00:00,0.0,1.0,1.0,0.0,0,2022,TOP2
2022-11-30 00:00:00+00:00,0.0,1.0,1.0,0.0,0,2022,TOP2
2022-12-01 00:00:00+00:00,0.0,1.0,1.0,0.0,0,2022,TOP2
2022-12-02 00:00:00+00:00,0.0,1.0,1.0,0.0,0,2022,TOP2
2022-12-03 00:00:00+00:00,0.0,1.0,1.0,0.0,0,2022,TOP2
2022-12-04 00:00:00+00:00,0.0,1.0,1.0,0.0,0,2022,TOP2
2022-12-05 00:00:00+00:00,0.0,1.0,1.0,0.0,0,2022,TOP2
2022-12-06 00:00:00+00:00,0.0,1.0,1.0,0.0,0,2022,TOP2
2022-12-07 00:00:00+00:00,0.0,1.0,1.0,0.0,0,2022,TOP2
2022-12-08 00:00:00+00:00,0.0,1.0,1.0,0.0,0,2022,TOP2
2022-12-09 00:00:00+00:00,0.0,1.0,1.0,0.0,0,2022,TOP2
2022-12-10 00:00:00+00:00,0.0,1.0,1.0,0.0,0,2022,TOP2
2022-12-11 00:00:00+00:00,0.0,1.0,1.0,0.0,0,2022,TOP2
2022-12-12 00:00:00+00:00,0.0,1.0,1.0,0.0,0,2022,TOP2
2022-12-13 00:00:00+00:00,0.0,1.0,1.0,0.0,0,2022,TOP2
2022-12-14 00:00:00+00:00,0.0,1.0,1.0,0.0,0,2022,TOP2
2022-12-15 00:00:00+00:00,0.0,1.0,1.0,0.0,0,2022,TOP2
2022-12-16 00:00:00+00:00,0.0,1.0,1.0,0.0,0,2022,TOP2
2022-12-17 00:00:00+00:00,0.0,1.0,1.0,0.0,0,2022,TOP2
2022-12-18 00:00:00+00:00,0.0,1.0,1.0,0.0,0,2022,TOP2
2022-12-19 00:00:00+00:00,0.0,1.0,1.0,0.0,0,2022,TOP2
2022-12-20 00:00:00+00:00,0.0,1.0,1.0,0.0,0,2022,TOP2
2022-12-21 00:00:00+00:00,0.0,1.0,1.0,0.0,0,2022,TOP2
2022-12-22 00:00:00+00:00,0.0,1.0,1.0,0.0,0,2022,TOP2
2022-12-23 00:00:00+00:00,0.0,1.0,1.0,0.0,0,2022,TOP2
2022-12-24 00:00:00+00:00,0.0,1.0,1.0,0.0,0,2022,TOP2
2022-12-25 00:00:00+00:00,0.0,1.0,1.0,0.0,0,2022,TOP2
2022-12-26 00:00:00+00:00,0.0,1.0,1.0,0.0,0,2022,TOP2
2022-12-27 00:00:00+00:00,0.0,1.0,1.0,0.0,0,2022,TOP2
2022-12-28 00:00:00+00:00,0.0,1.0,1.0,0.0,0,2022,TOP2
2022-12-29 00:00:00+00:00,0.0,1.0,1.0,0.0,0,2022,TOP2
2022-12-30 00:00:00+00:00,0.0,1.0,1.0,0.0,0,2022,TOP2
2022-12-31 00:00:00+00:00,0.0,1.0,1.0,0.0,0,2022,TOP2
2023-01-01 00:00:00+00:00,0.0,1.0,1.0,0.0,0,2023,TOP1
2023-01-02 00:00:00+00:00,0.0,1.0,1.0,0.0,0,2023,TOP1
2023-01-03 00:00:00+00:00,0.0,1.0,1.0,0.0,0,2023,TOP1
2023-01-04 00:00:00+00:00,0.0,1.0,1.0,0.0,0,2023,TOP1
2023-01-05 00:00:00+00:00,0.0,1.0,1.0,0.0,0,2023,TOP1
2023-01-06 00:00:00+00:00,0.0,1.0,1.0,0.0,0,2023,TOP1
2023-01-07 00:00:00+00:00,0.0,1.0,1.0,0.0,0,2023,TOP1
2023-01-08 00:00:00+00:00,0.0,1.0,1.0,0.0,0,2023,TOP1
2023-01-09 00:00:00+00:00,0.0,1.0,1.0,0.0,0,2023,TOP1
2023-01-10 00:00:00+00:00,0.0,1.0,1.0,0.0,0,2023,TOP1
2023-01-11 00:00:00+00:00,0.0,1.0,1.0,0.0,0,2023,TOP1
2023-01-12 00:00:00+00:00,0.0,1.0,1.0,0.0,0,2023,TOP1
2023-01-13 00:00:00+00:00,0.0,1.0,1.0,0.0,0,2023,TOP1
2023-01-14 00:00:00+00:00,0.0,1.0,1.0,0.0,0,2023,TOP1
2023-01-15 00:00:00+00:00,0.0,1.0,1.0,0.0,0,2023,TOP1
2023-01-16 00:00:00+00:00,-0.0010894616265749724,0.998910538373425,0.9132862542955326,0.08571767019028415,1,2023,TOP1
2023-01-17 00:00:00+00:00,0.00011467246848195778,0.999025085910653,0.9132862542955326,0.08582250118070445,1,2023,TOP1
2023-01-18 00:00:00+00:00,-0.004365504560058464,0.9946638373424972,0.9946638373424972,0.0,0,2023,TOP1
2023-01-19 00:00:00+00:00,0.0,0.9946638373424972,0.9946638373424972,0.0,0,2023,TOP1
2023-01-20 00:00:00+00:00,0.0,0.9946638373424972,0.9946638373424972,0.0,0,2023,TOP1
2023-01-21 00:00:00+00:00,0.0,0.9946638373424972,0.9946638373424972,0.0,0,2023,TOP1
2023-01-22 00:00:00+00:00,0.0,0.9946638373424972,0.9946638373424972,0.0,0,2023,TOP1
2023-01-23 00:00:00+00:00,-0.00017519174041302765,0.9944895804537073,0.9300069267013462,0.06483994907512523,1,2023,TOP1
2023-01-24 00:00:00+00:00,-0.00280364831546831,0.9917013814167175,0.9300069267013462,0.06221071773363499,1,2023,TOP1
2023-01-25 00:00:00+00:00,0.002237789849130589,0.9939206007014205,0.9300069267013462,0.06430460738510675,1,2023,TOP1
2023-01-26 00:00:00+00:00,-0.00043283558328988114,0.993490396498472,0.9300069267013462,0.06389942974876399,1,2023,TOP1
2023-01-27 00:00:00+00:00,-0.00013848754362855153,0.9933528104538424,0.9300069267013462,0.0637697735244286,1,2023,TOP1
2023-01-28 00:00:00+00:00,-0.001018643119354623,0.992340938448382,0.9300069267013462,0.0628151165913812,1,2023,TOP1
2023-01-29 00:00:00+00:00,0.002901618069375944,0.9952203328463654,0.9300069267013462,0.06552660148984953,1,2023,TOP1
2023-01-30 00:00:00+00:00,-0.00579474107711675,0.9894532887028387,0.8645630745011816,0.12622143523863227,2,2023,TOP1
2023-01-31 00:00:00+00:00,0.001597792685744892,0.9910342299304143,0.8645630745011816,0.12761532509135723,2,2023,TOP1
2023-02-01 00:00:00+00:00,0.003940811344153916,0.994939708866169,0.8645630745011816,0.1310397335669357,2,2023,TOP1
2023-02-02 00:00:00+00:00,-0.0006164477811047009,0.9943263804903055,0.8645630745011816,0.13050373452340389,2,2023,TOP1
2023-02-03 00:00:00+00:00,0.0006556777233397426,0.9949783381477221,0.8645630745011816,0.13107347029215222,2,2023,TOP1
2023-02-04 00:00:00+00:00,-0.00017648568929296005,0.9948027387098826,0.8645630745011816,0.13092009012520736,2,2023,TOP1
2023-02-05 00:00:00+00:00,-0.002578352273553297,0.9922377868067929,0.8645630745011816,0.12867350347187678,2,2023,TOP1
2023-02-06 00:00:00+00:00,-0.00025774581111315253,0.9919820416736153,0.9919820416736153,0.0,0,2023,TOP1
2023-02-07 00:00:00+00:00,0.0,0.9919820416736153,0.9919820416736153,0.0,0,2023,TOP1
2023-02-08 00:00:00+00:00,0.0,0.9919820416736153,0.9919820416736153,0.0,0,2023,TOP1
2023-02-09 00:00:00+00:00,0.0,0.9919820416736153,0.9919820416736153,0.0,0,2023,TOP1
2023-02-10 00:00:00+00:00,0.0,0.9919820416736153,0.9919820416736153,0.0,0,2023,TOP1
2023-02-11 00:00:00+00:00,0.0,0.9919820416736153,0.9919820416736153,0.0,0,2023,TOP1
2023-02-12 00:00:00+00:00,0.0,0.9919820416736153,0.9919820416736153,0.0,0,2023,TOP1
2023-02-13 00:00:00+00:00,0.0,0.9919820416736153,0.9919820416736153,0.0,0,2023,TOP1
2023-02-14 00:00:00+00:00,0.0,0.9919820416736153,0.9919820416736153,0.0,0,2023,TOP1
2023-02-15 00:00:00+00:00,0.0,0.9919820416736153,0.9919820416736153,0.0,0,2023,TOP1
2023-02-16 00:00:00+00:00,0.0,0.9919820416736153,0.9919820416736153,0.0,0,2023,TOP1
2023-02-17 00:00:00+00:00,0.0,0.9919820416736153,0.9919820416736153,0.0,0,2023,TOP1
2023-02-18 00:00:00+00:00,0.0,0.9919820416736153,0.9919820416736153,0.0,0,2023,TOP1
2023-02-19 00:00:00+00:00,0.0,0.9919820416736153,0.9919820416736153,0.0,0,2023,TOP1
2023-02-20 00:00:00+00:00,0.001522184945718763,0.9934920218038743,0.9215135324554329,0.07244999231876145,1,2023,TOP1
2023-02-21 00:00:00+00:00,-0.0011375157998892993,0.9923619089320085,0.9215135324554329,0.07139368796694692,1,2023,TOP1
2023-02-22 00:00:00+00:00,-0.0007881809241668813,0.9915797482055184,0.9215135324554329,0.07066120085337137,1,2023,TOP1
2023-02-23 00:00:00+00:00,-0.0007071610584196142,0.99087854162127,0.9215135324554329,0.07000354357491935,1,2023,TOP1
2023-02-24 00:00:00+00:00,-0.0022074324809375767,0.9886912441438311,0.9215135324554329,0.06794609751659283,1,2023,TOP1
2023-02-25 00:00:00+00:00,-8.270066373639029e-05,0.9886094787217101,0.9215135324554329,0.06786900966500298,1,2023,TOP1
2023-02-26 00:00:00+00:00,0.001165818243177963,0.9897620176873825,0.9215135324554329,0.06895443956458824,1,2023,TOP1
2023-02-27 00:00:00+00:00,-0.0005619670372420948,0.9892058040587279,0.8665528394148464,0.12399135158794494,2,2023,TOP1
2023-02-28 00:00:00+00:00,-0.0019800299456104176,0.98724714694432,0.8665528394148464,0.1222533870095658,2,2023,TOP1
2023-03-01 00:00:00+00:00,0.0034610795458309696,0.990664087851289,0.8665528394148464,0.12528085953497614,2,2023,TOP1
2023-03-02 00:00:00+00:00,-0.0010642328842196402,0.9896097905517822,0.8665528394148464,0.12434896290619996,2,2023,TOP1
2023-03-03 00:00:00+00:00,-0.005428565501381155,0.9842376289829637,0.9317900468310327,0.05328751980974999,1,2023,TOP1
2023-03-04 00:00:00+00:00,-9.235213220082361e-05,0.9841467325393349,0.9317900468310327,0.05320008081844604,1,2023,TOP1
2023-03-05 00:00:00+00:00,-7.300567025558813e-05,0.984074884247496,0.9317900468310327,0.053130954009099125,1,2023,TOP1
2023-03-06 00:00:00+00:00,-0.00012103701067989192,0.9839557747652216,0.8761323301745149,0.10958159640501537,2,2023,TOP1
2023-03-07 00:00:00+00:00,-0.0006654369442186114,0.9833010142412155,0.8761323301745149,0.10898868455800341,2,2023,TOP1
2023-03-08 00:00:00+00:00,-0.002245684282038196,0.9810928306090219,0.8761323301745149,0.10698325088090982,2,2023,TOP1
2023-03-09 00:00:00+00:00,-0.0047224131334294706,0.9764597049406403,0.9764597049406403,0.0,0,2023,TOP1
2023-03-10 00:00:00+00:00,0.0,0.9764597049406403,0.9764597049406403,0.0,0,2023,TOP1
2023-03-11 00:00:00+00:00,0.0,0.9764597049406403,0.9764597049406403,0.0,0,2023,TOP1
2023-03-12 00:00:00+00:00,0.0,0.9764597049406403,0.9764597049406403,0.0,0,2023,TOP1
2023-03-13 00:00:00+00:00,0.005576310687198882,0.9819047476289199,0.9319927293365726,0.0508318331415278,1,2023,TOP1
2023-03-14 00:00:00+00:00,0.0017464708888563774,0.9836196156862836,0.9495764178511666,0.03461012498349237,1,2023,TOP1
2023-03-15 00:00:00+00:00,-0.0005397658809642714,0.983088691377889,0.9495764178511666,0.034088759051588605,1,2023,TOP1
2023-03-16 00:00:00+00:00,0.0010009765373832913,0.9840727400921252,0.9495764178511666,0.03505464671008887,1,2023,TOP1
2023-03-17 00:00:00+00:00,0.0031576138891578065,0.9871800618441816,0.9871800618441816,0.0,0,2023,TOP1
2023-03-18 00:00:00+00:00,0.0,0.9871800618441816,0.9871800618441816,0.0,0,2023,TOP1
2023-03-19 00:00:00+00:00,0.0,0.9871800618441816,0.9871800618441816,0.0,0,2023,TOP1
2023-03-20 00:00:00+00:00,-0.0006362567001616526,0.9865519619155673,0.9307189551133047,0.056594086229226834,1,2023,TOP1
2023-03-21 00:00:00+00:00,0.0007931785837147487,0.9873344738034804,0.9307189551133047,0.05734178253907949,1,2023,TOP1
2023-03-22 00:00:00+00:00,-0.0017433813837536283,0.9856131732623132,0.9307189551133047,0.05569549965257912,1,2023,TOP1
2023-03-23 00:00:00+00:00,0.002134625213603192,0.9877170879928183,0.9307189551133047,0.057706942172420964,1,2023,TOP1
2023-03-24 00:00:00+00:00,-0.001715051167326287,0.9860231026480681,0.9307189551133047,0.05608808494064523,1,2023,TOP1
2023-03-25 00:00:00+00:00,1.7324208418267872e-05,0.9860401847178037,0.9307189551133047,0.05610443718410065,1,2023,TOP1
2023-03-26 00:00:00+00:00,0.0010318757169818227,0.9870576556403824,0.9307189551133047,0.05707741610141947,1,2023,TOP1
2023-03-27 00:00:00+00:00,-0.003362450961760244,0.9837387226768616,0.8844168533404275,0.10096366753376167,2,2023,TOP1
2023-03-28 00:00:00+00:00,0.0018086022384731226,0.9855179147327677,0.8844168533404275,0.10258673118058405,2,2023,TOP1
2023-03-29 00:00:00+00:00,0.002753679256697783,0.9882317149716715,0.8844168533404275,0.10505113331059199,2,2023,TOP1
2023-03-30 00:00:00+00:00,-0.0006381907908977746,0.9876010345919035,0.8844168533404275,0.10447962045130278,2,2023,TOP1
2023-03-31 00:00:00+00:00,0.0016271807382008951,0.9892080399724188,0.8844168533404275,0.10593442673081499,2,2023,TOP1
2023-04-01 00:00:00+00:00,-4.494338083427252e-05,0.989163581618754,0.8844168533404275,0.10589424259525376,2,2023,TOP1
2023-04-02 00:00:00+00:00,-0.0012640564346387828,0.9879132230284984,0.8844168533404275,0.10476261201444134,2,2023,TOP1
2023-04-03 00:00:00+00:00,-0.0014160966394817232,0.9865142424332681,0.8248183913824237,0.1639062510157142,3,2023,TOP1
2023-04-04 00:00:00+00:00,0.0027112121515566745,0.989188891835037,0.8248183913824237,0.16616694931510076,3,2023,TOP1
2023-04-05 00:00:00+00:00,0.0016124078967989508,0.9907838678156576,0.8248183913824237,0.16750926395191662,3,2023,TOP1
2023-04-06 00:00:00+00:00,-0.0015368741473338332,0.9892611577036163,0.8248183913824237,0.16622786110688464,3,2023,TOP1
2023-04-07 00:00:00+00:00,-0.0008716424798129729,0.9883988756549329,0.8248183913824237,0.16550047587227115,3,2023,TOP1
2023-04-08 00:00:00+00:00,-0.00028902842532851913,0.9881132002843058,0.8248183913824237,0.16525921205677432,3,2023,TOP1
2023-04-09 00:00:00+00:00,0.0014931171192291703,0.9895885690193867,0.8248183913824237,0.16650371962182098,3,2023,TOP1
2023-04-10 00:00:00+00:00,0.0051155883556017745,0.9946508967798989,0.8248183913824237,0.17074584253359046,3,2023,TOP1
2023-04-11 00:00:00+00:00,0.0014137857203657678,0.9960571200145153,0.8401088267823825,0.15656561265267616,3,2023,TOP1
2023-04-12 00:00:00+00:00,-0.0002104790801529255,0.9958474708281149,0.8401088267823825,0.15638804998543113,3,2023,TOP1
2023-04-13 00:00:00+00:00,0.003781704555045007,0.9996134717446756,0.8528694969686051,0.1468007174012479,3,2023,TOP1
2023-04-14 00:00:00+00:00,0.0026566729595065564,1.0022691178250183,0.8528694969686051,0.14906138301519142,3,2023,TOP1
2023-04-15 00:00:00+00:00,0.0003333090812556172,1.0026031832238513,0.8528694969686051,0.14934491408034484,3,2023,TOP1
2023-04-16 00:00:00+00:00,0.002937819653490825,1.0055486505601787,0.868942054700882,0.1358527961657497,3,2023,TOP1
2023-04-17 00:00:00+00:00,-0.004780625896521951,1.000741498641098,0.8253824896600501,0.1752290768586764,3,2023,TOP1
2023-04-18 00:00:00+00:00,0.003805785839162912,1.004550106465289,0.8253824896600501,0.17835607766314018,3,2023,TOP1
2023-04-19 00:00:00+00:00,-0.011623553878224002,0.9928736641794141,0.9092611274121633,0.08421266449478704,2,2023,TOP1
2023-04-20 00:00:00+00:00,-0.00043365358479119376,0.992443100955698,0.9092611274121633,0.08381535774034049,2,2023,TOP1
2023-04-21 00:00:00+00:00,-0.001410400860552552,0.9910433583520606,0.9092611274121633,0.08252134505586868,2,2023,TOP1
2023-04-22 00:00:00+00:00,0.002078230542223114,0.9931029749280551,0.9092611274121633,0.08442412280757267,2,2023,TOP1
2023-04-23 00:00:00+00:00,-0.00045394657408059924,0.9926521592348773,0.9092611274121633,0.08400831151870022,2,2023,TOP1
2023-04-24 00:00:00+00:00,-0.00038626624610427207,0.9922687312116423,0.867259340221852,0.12598340253768098,2,2023,TOP1
2023-04-25 00:00:00+00:00,0.0032862758926410773,0.9955296000220446,0.867259340221852,0.12884625409164355,2,2023,TOP1
2023-04-26 00:00:00+00:00,-0.000170129025707344,0.9953602315411301,0.887996447377776,0.10786424930511954,2,2023,TOP1
2023-04-27 00:00:00+00:00,0.0022998453353735293,0.9976494061266562,0.887996447377776,0.10991131561397353,2,2023,TOP1
2023-04-28 00:00:00+00:00,-0.001311947520763579,0.9963405424616971,0.887996447377776,0.10874203193240654,2,2023,TOP1
2023-04-29 00:00:00+00:00,-0.0004871421568443113,0.9958551829808909,0.887996447377776,0.10830765099827223,2,2023,TOP1
2023-04-30 00:00:00+00:00,0.002232804966984636,0.998078733379848,0.887996447377776,0.11029419054876993,2,2023,TOP1
2023-05-01 00:00:00+00:00,-0.003859188907345379,0.9942269590033311,0.8801745952391358,0.1147146159449628,2,2023,TOP1
2023-05-02 00:00:00+00:00,0.0024620538823687532,0.9966747993477009,0.8801745952391358,0.11688888309889205,2,2023,TOP1
2023-05-03 00:00:00+00:00,0.0018045947343168223,0.99847339344243,0.8801745952391358,0.11847967004452298,2,2023,TOP1
2023-05-04 00:00:00+00:00,-0.0012351426876897609,0.9972401363316669,0.8801745952391358,0.11738952016427551,2,2023,TOP1
2023-05-05 00:00:00+00:00,0.004886699102140568,1.0021133488104974,0.8801745952391358,0.12168159791115658,2,2023,TOP1
2023-05-06 00:00:00+00:00,-0.004270299754795204,0.9978340244227949,0.8801745952391358,0.11791482982525094,2,2023,TOP1
2023-05-07 00:00:00+00:00,-0.0016626632691598697,0.9961749624416691,0.8801745952391358,0.11644577667181212,2,2023,TOP1
2023-05-08 00:00:00+00:00,-0.002589585720634058,0.9935952819836771,0.9386712407705494,0.05527808173915011,1,2023,TOP1
2023-05-09 00:00:00+00:00,-3.1116285808763244e-05,0.9935643649889047,0.9386712407705494,0.05524868458720159,1,2023,TOP1
2023-05-10 00:00:00+00:00,-0.00016994807987746885,0.9933955106328402,0.9386712407705494,0.055088098623909364,1,2023,TOP1
2023-05-11 00:00:00+00:00,-0.0013927338117145638,0.9920119751167763,0.9386712407705494,0.05377025246086142,1,2023,TOP1
2023-05-12 00:00:00+00:00,0.0003940694531907596,0.9924028967333693,0.9386712407705494,0.054142985817237144,1,2023,TOP1
2023-05-13 00:00:00+00:00,-0.00036965030567093216,0.9920360546992432,0.9386712407705494,0.05379322019185327,1,2023,TOP1
2023-05-14 00:00:00+00:00,0.00012286277876372154,0.9921579390055574,0.9386712407705494,0.053909459504620644,1,2023,TOP1
2023-05-15 00:00:00+00:00,0.0009461831806238941,0.9930967021599669,0.8773315903446371,0.11656982805757267,2,2023,TOP1
2023-05-16 00:00:00+00:00,-5.403824589433892e-05,0.9930430369561788,0.8773315903446371,0.11652208646083866,2,2023,TOP1
2023-05-17 00:00:00+00:00,0.0007888524819448239,0.9938264014205597,0.8773315903446371,0.11721847086111484,2,2023,TOP1
2023-05-18 00:00:00+00:00,-0.0019820787029124487,0.9918565592759119,0.8773315903446371,0.11546525337784912,2,2023,TOP1
2023-05-19 00:00:00+00:00,0.0004877063896389089,0.9923402940574759,0.8773315903446371,0.1158964363349509,2,2023,TOP1
2023-05-20 00:00:00+00:00,0.0007218660405681199,0.9930566308164435,0.8773315903446371,0.11653418030818918,2,2023,TOP1
2023-05-21 00:00:00+00:00,-0.0012465675853519098,0.9918187186100489,0.8773315903446371,0.11543150589641607,2,2023,TOP1
2023-05-22 00:00:00+00:00,0.0006055822959623036,0.9924193464668432,0.8773315903446371,0.11596686071461136,2,2023,TOP1
2023-05-23 00:00:00+00:00,0.0019480240398748183,0.9943526032113974,0.8773315903446371,0.11768563031747989,2,2023,TOP1
2023-05-24 00:00:00+00:00,-0.003656151501014726,0.9907170994486282,0.8773315903446371,0.11444791774270817,2,2023,TOP1
2023-05-25 00:00:00+00:00,0.0005036869303609581,0.9912161107033055,0.8773315903446371,0.11489373420077173,2,2023,TOP1
2023-05-26 00:00:00+00:00,0.001198105963445606,0.9924036926366026,0.8773315903446371,0.11595291628373895,2,2023,TOP1
2023-05-27 00:00:00+00:00,0.0004028730080312126,0.9928035052974363,0.8773315903446371,0.11630893156265064,2,2023,TOP1
2023-05-28 00:00:00+00:00,0.00513149486435438,0.9978980713861832,0.8773315903446371,0.120820436975158,2,2023,TOP1
2023-05-29 00:00:00+00:00,-0.0018279168234247578,0.9960739967134333,0.8411844581381904,0.15550003221277142,2,2023,TOP1
2023-05-30 00:00:00+00:00,0.0002932285740189222,0.9963660740711069,0.8411844581381904,0.15574759114273273,2,2023,TOP1
2023-05-31 00:00:00+00:00,-0.0024174647458635734,0.9939573942130655,0.8411844581381904,0.15370169482548923,2,2023,TOP1
2023-06-01 00:00:00+00:00,-0.0014762236646793658,0.9924900907860451,0.8411844581381904,0.15245052222941763,2,2023,TOP1
2023-06-02 00:00:00+00:00,0.003167672427520918,0.9956339742812157,0.8411844581381904,0.15512680375790508,2,2023,TOP1
2023-06-03 00:00:00+00:00,-0.0011083422517776942,0.9945304710802145,0.8411844581381904,0.15418935608425002,2,2023,TOP1
2023-06-04 00:00:00+00:00,5.175109786037524e-06,0.9945356178845879,0.8411844581381904,0.15419373322453822,2,2023,TOP1
2023-06-05 00:00:00+00:00,-0.012709961091569855,0.9818951088770944,0.9233829015698748,0.059591097641920984,1,2023,TOP1
2023-06-06 00:00:00+00:00,0.0034786218128919355,0.9853107506208062,0.9233829015698748,0.06285108430199617,1,2023,TOP1
2023-06-07 00:00:00+00:00,-0.002055960718116201,0.9832849904223923,0.9233829015698748,0.060920373478685154,1,2023,TOP1
2023-06-08 00:00:00+00:00,0.00036837627229657777,0.9836472092817692,0.9233829015698748,0.06126618074370145,1,2023,TOP1
2023-06-09 00:00:00+00:00,-4.809069454847492e-05,0.9835999050042842,0.9233829015698748,0.061221034211209176,1,2023,TOP1
2023-06-10 00:00:00+00:00,-0.0014719234853206586,0.9821521212039492,0.9233829015698748,0.05983718648597281,1,2023,TOP1
2023-06-11 00:00:00+00:00,0.00019529535606999104,0.9823439309521746,0.9233829015698748,0.060020760066333965,1,2023,TOP1
2023-06-12 00:00:00+00:00,-0.0003230503791187278,0.9820265843728556,0.9104827497562761,0.07285325647499562,1,2023,TOP1
2023-06-13 00:00:00+00:00,8.172553967611407e-05,0.9821068410254399,0.9104827497562761,0.07292902185100296,1,2023,TOP1
2023-06-14 00:00:00+00:00,-0.0022655471607723188,0.9798818316601796,0.9104827497562761,0.07082392964294791,1,2023,TOP1
2023-06-15 00:00:00+00:00,0.001324365714760134,0.9811795535625468,0.9104827497562761,0.0720528710056982,1,2023,TOP1
2023-06-16 00:00:00+00:00,0.0021012250618870354,0.9832412326307035,0.9104827497562761,0.0739986083372023,1,2023,TOP1
2023-06-17 00:00:00+00:00,0.0004830905541057806,0.9837162271825947,0.9104827497562761,0.07444573486000372,1,2023,TOP1
2023-06-18 00:00:00+00:00,-0.0004969788797640762,0.9832273409940037,0.9104827497562761,0.07398552522368396,1,2023,TOP1
2023-06-19 00:00:00+00:00,-0.0001479430179347485,0.983081879373861,0.983081879373861,0.0,0,2023,TOP1
2023-06-20 00:00:00+00:00,0.0,0.983081879373861,0.983081879373861,0.0,0,2023,TOP1
2023-06-21 00:00:00+00:00,0.0,0.983081879373861,0.983081879373861,0.0,0,2023,TOP1
2023-06-22 00:00:00+00:00,0.0,0.983081879373861,0.983081879373861,0.0,0,2023,TOP1
2023-06-23 00:00:00+00:00,0.0,0.983081879373861,0.983081879373861,0.0,0,2023,TOP1
2023-06-24 00:00:00+00:00,0.0,0.983081879373861,0.983081879373861,0.0,0,2023,TOP1
2023-06-25 00:00:00+00:00,0.0,0.983081879373861,0.983081879373861,0.0,0,2023,TOP1
2023-06-26 00:00:00+00:00,-0.0006066008469450823,0.9824855410732165,0.9118690127936077,0.07187538678937803,1,2023,TOP1
2023-06-27 00:00:00+00:00,0.0010079132417697423,0.9834758012599114,0.9118690127936077,0.0728099139547406,1,2023,TOP1
2023-06-28 00:00:00+00:00,-0.0014590003720651445,0.9820409096999562,0.9118690127936077,0.07145516669747314,1,2023,TOP1
2023-06-29 00:00:00+00:00,0.0008787746737966007,0.9829039023800327,0.9118690127936077,0.0722704319460112,1,2023,TOP1
2023-06-30 00:00:00+00:00,5.86047491468733e-05,0.9829615052166671,0.9118690127936077,0.07232479811850723,1,2023,TOP1
2023-07-01 00:00:00+00:00,0.0002703398039411997,0.9832272388372691,0.9118690127936077,0.07257551787117628,1,2023,TOP1
2023-07-02 00:00:00+00:00,7.386658137664703e-05,0.9832998664721185,0.9118690127936077,0.07264401848724986,1,2023,TOP1
2023-07-03 00:00:00+00:00,0.0017951313429578342,0.9850650188819489,0.8423983056085181,0.14482974274668467,2,2023,TOP1
2023-07-04 00:00:00+00:00,-0.001625512151475439,0.9834637837237629,0.8423983056085181,0.14343738981533,2,2023,TOP1
2023-07-05 00:00:00+00:00,-0.0015610417046453273,0.9819285557423618,0.8423983056085181,0.1420981692790831,2,2023,TOP1
2023-07-06 00:00:00+00:00,-0.0037871540171350304,0.9782098410679425,0.8423983056085181,0.13883681165091807,2,2023,TOP1
2023-07-07 00:00:00+00:00,0.001976543172998335,0.9801433150510652,0.8423983056085181,0.14053558018234363,2,2023,TOP1
2023-07-08 00:00:00+00:00,-0.00034999353297449076,0.9798002712294092,0.8423983056085181,0.14023466787622466,2,2023,TOP1
2023-07-09 00:00:00+00:00,-0.0003841852458482675,0.9794238464213247,0.8423983056085181,0.139904231772055,2,2023,TOP1
2023-07-10 00:00:00+00:00,0.0003476419230394878,0.9797643352107653,0.8707907800112757,0.11122425187690407,2,2023,TOP1
2023-07-11 00:00:00+00:00,0.001904214615185973,0.9816300167773117,0.8707907800112757,0.11291345504075023,2,2023,TOP1
2023-07-12 00:00:00+00:00,-0.0008118019994997061,0.9808331275669229,0.8707907800112757,0.11219273132486933,2,2023,TOP1
2023-07-13 00:00:00+00:00,0.00939243744810736,0.9900455413646267,0.8934465934137275,0.09757020653590576,2,2023,TOP1
2023-07-14 00:00:00+00:00,0.00044552539389286494,0.9904866317944151,0.9197674029530951,0.07139846876398673,1,2023,TOP1
2023-07-15 00:00:00+00:00,-5.2974103746494805e-05,0.9904341616528229,0.9197674029530951,0.07134927432410061,1,2023,TOP1
2023-07-16 00:00:00+00:00,-0.00013551630239971857,0.9902999416774654,0.9197674029530951,0.07122340995486216,1,2023,TOP1
2023-07-17 00:00:00+00:00,-0.0010393686317967665,0.9892706549820156,0.8863047918741727,0.10408260124699123,2,2023,TOP1
2023-07-18 00:00:00+00:00,-0.0022094819382091346,0.9870848793378325,0.8863047918741727,0.10209870455240513,2,2023,TOP1
2023-07-19 00:00:00+00:00,0.0010687956929418263,0.9881398714054368,0.8863047918741727,0.1030573529903449,2,2023,TOP1
2023-07-20 00:00:00+00:00,-0.0014045439216042732,0.9867519855553595,0.8863047918741727,0.10179578572081974,2,2023,TOP1
2023-07-21 00:00:00+00:00,0.00038867199004655184,0.9871355084132677,0.8863047918741727,0.10214475690492733,2,2023,TOP1
2023-07-22 00:00:00+00:00,-0.0014641643892984169,0.985690179754437,0.8863047918741727,0.10082822160714233,2,2023,TOP1
2023-07-23 00:00:00+00:00,0.000982469638423522,0.986658590428938,0.8863047918741727,0.10171076350851796,2,2023,TOP1
2023-07-24 00:00:00+00:00,-0.005219295453583794,0.9815089277336728,0.8841065960191743,0.09923733647477131,1,2023,TOP1
2023-07-25 00:00:00+00:00,0.00017826088820260821,0.9816838923869093,0.8841065960191743,0.09939787860884765,1,2023,TOP1
2023-07-26 00:00:00+00:00,0.00041845244871674403,0.9820946804155444,0.8841065960191743,0.09977458014018496,1,2023,TOP1
2023-07-27 00:00:00+00:00,-0.00043911480741010145,0.9816634280990952,0.8841065960191743,0.09937910416896259,1,2023,TOP1
2023-07-28 00:00:00+00:00,0.0003106916917854363,0.9819684227703352,0.8841065960191743,0.09965883268941848,1,2023,TOP1
2023-07-29 00:00:00+00:00,0.00013177177822876196,0.9820978184955681,0.8841065960191743,0.09977745661476183,1,2023,TOP1
2023-07-30 00:00:00+00:00,-0.00024409919154522175,0.981858089212055,0.8841065960191743,0.09955765936738037,1,2023,TOP1
2023-07-31 00:00:00+00:00,-0.0006643464851897596,0.9812057952415318,0.7867374408671436,0.19819323868395858,2,2023,TOP1
2023-08-01 00:00:00+00:00,-0.0014027922693150563,0.9798293673373599,0.8820449324994881,0.09979741177139481,1,2023,TOP1
2023-08-02 00:00:00+00:00,-0.0017882320577141675,0.9780772050515975,0.8820449324994881,0.09818475684344699,1,2023,TOP1
2023-08-03 00:00:00+00:00,-0.00021825950078246947,0.9778637304090961,0.8820449324994881,0.0979878841293373,1,2023,TOP1
2023-08-04 00:00:00+00:00,-0.00029783713643649623,0.977572486275806,0.8820449324994881,0.09771915138512424,1,2023,TOP1
2023-08-05 00:00:00+00:00,0.0003336983308965813,0.9778987005828066,0.8820449324994881,0.09802014055872223,1,2023,TOP1
2023-08-06 00:00:00+00:00,-0.00033091831735920785,0.9775750959902619,0.8820449324994881,0.09772156009559944,1,2023,TOP1
2023-08-07 00:00:00+00:00,9.644893989158021e-05,0.9776693820719347,0.8483464186912959,0.13227678574383697,1,2023,TOP1
2023-08-08 00:00:00+00:00,0.0029421657817738645,0.9805458474737547,0.8816963294619237,0.100810704840068,1,2023,TOP1
2023-08-09 00:00:00+00:00,-0.0006380750124793666,0.9799201856698914,0.8816963294619237,0.10023658828991269,1,2023,TOP1
2023-08-10 00:00:00+00:00,-0.0004277557698356693,0.9795010191564927,0.8816963294619237,0.09985154459440436,1,2023,TOP1
2023-08-11 00:00:00+00:00,-0.00010074732116294172,0.9794023370527363,0.8816963294619237,0.09976084791142542,1,2023,TOP1
2023-08-12 00:00:00+00:00,1.4035529439571093e-05,0.9794160834830712,0.8816963294619237,0.09977348306720606,1,2023,TOP1
2023-08-13 00:00:00+00:00,-0.0004282810502242995,0.9789966181342304,0.8816963294619237,0.09938776791460367,1,2023,TOP1
2023-08-14 00:00:00+00:00,0.0024685031461026963,0.9814132743661187,0.8285923475817241,0.15571516177331063,2,2023,TOP1
2023-08-15 00:00:00+00:00,-0.0042095308307216195,0.9772819849299951,0.9249842201401376,0.05351348494733964,1,2023,TOP1
2023-08-16 00:00:00+00:00,-0.002418182583394435,0.9749187386549723,0.9249842201401376,0.051219159643731776,1,2023,TOP1
2023-08-17 00:00:00+00:00,-0.001977315433597804,0.9729910167865261,0.9729910167865261,0.0,0,2023,TOP1
2023-08-18 00:00:00+00:00,0.0,0.9729910167865261,0.9729910167865261,0.0,0,2023,TOP1
2023-08-19 00:00:00+00:00,0.0,0.9729910167865261,0.9729910167865261,0.0,0,2023,TOP1
2023-08-20 00:00:00+00:00,0.0,0.9729910167865261,0.9729910167865261,0.0,0,2023,TOP1
2023-08-21 00:00:00+00:00,0.0,0.9729910167865261,0.9729910167865261,0.0,0,2023,TOP1
2023-08-22 00:00:00+00:00,0.0,0.9729910167865261,0.9729910167865261,0.0,0,2023,TOP1
2023-08-23 00:00:00+00:00,0.0,0.9729910167865261,0.9729910167865261,0.0,0,2023,TOP1
2023-08-24 00:00:00+00:00,0.0,0.9729910167865261,0.9729910167865261,0.0,0,2023,TOP1
2023-08-25 00:00:00+00:00,0.0,0.9729910167865261,0.9729910167865261,0.0,0,2023,TOP1
2023-08-26 00:00:00+00:00,0.0,0.9729910167865261,0.9729910167865261,0.0,0,2023,TOP1
2023-08-27 00:00:00+00:00,0.0,0.9729910167865261,0.9729910167865261,0.0,0,2023,TOP1
2023-08-28 00:00:00+00:00,0.0,0.9729910167865261,0.9729910167865261,0.0,0,2023,TOP1
2023-08-29 00:00:00+00:00,0.0,0.9729910167865261,0.9729910167865261,0.0,0,2023,TOP1
2023-08-30 00:00:00+00:00,0.0,0.9729910167865261,0.9729910167865261,0.0,0,2023,TOP1
2023-08-31 00:00:00+00:00,0.0,0.9729910167865261,0.9729910167865261,0.0,0,2023,TOP1
2023-09-01 00:00:00+00:00,0.0,0.9729910167865261,0.9729910167865261,0.0,0,2023,TOP1
2023-09-02 00:00:00+00:00,0.0,0.9729910167865261,0.9729910167865261,0.0,0,2023,TOP1
2023-09-03 00:00:00+00:00,0.0,0.9729910167865261,0.9729910167865261,0.0,0,2023,TOP1
2023-09-04 00:00:00+00:00,0.0,0.9729910167865261,0.9729910167865261,0.0,0,2023,TOP1
2023-09-05 00:00:00+00:00,0.0,0.9729910167865261,0.9729910167865261,0.0,0,2023,TOP1
2023-09-06 00:00:00+00:00,0.0,0.9729910167865261,0.9729910167865261,0.0,0,2023,TOP1
2023-09-07 00:00:00+00:00,0.0,0.9729910167865261,0.9729910167865261,0.0,0,2023,TOP1
2023-09-08 00:00:00+00:00,0.0,0.9729910167865261,0.9729910167865261,0.0,0,2023,TOP1
2023-09-09 00:00:00+00:00,0.0,0.9729910167865261,0.9729910167865261,0.0,0,2023,TOP1
2023-09-10 00:00:00+00:00,0.0,0.9729910167865261,0.9729910167865261,0.0,0,2023,TOP1
2023-09-11 00:00:00+00:00,0.0,0.9729910167865261,0.9729910167865261,0.0,0,2023,TOP1
2023-09-12 00:00:00+00:00,0.0,0.9729910167865261,0.9729910167865261,0.0,0,2023,TOP1
2023-09-13 00:00:00+00:00,0.0,0.9729910167865261,0.9729910167865261,0.0,0,2023,TOP1
2023-09-14 00:00:00+00:00,0.0,0.9729910167865261,0.9729910167865261,0.0,0,2023,TOP1
2023-09-15 00:00:00+00:00,0.0,0.9729910167865261,0.9729910167865261,0.0,0,2023,TOP1
2023-09-16 00:00:00+00:00,0.0,0.9729910167865261,0.9729910167865261,0.0,0,2023,TOP1
2023-09-17 00:00:00+00:00,0.0,0.9729910167865261,0.9729910167865261,0.0,0,2023,TOP1
2023-09-18 00:00:00+00:00,0.0,0.9729910167865261,0.9729910167865261,0.0,0,2023,TOP1
2023-09-19 00:00:00+00:00,0.0,0.9729910167865261,0.9729910167865261,0.0,0,2023,TOP1
2023-09-20 00:00:00+00:00,0.0,0.9729910167865261,0.9729910167865261,0.0,0,2023,TOP1
2023-09-21 00:00:00+00:00,0.0,0.9729910167865261,0.9729910167865261,0.0,0,2023,TOP1
2023-09-22 00:00:00+00:00,0.0,0.9729910167865261,0.9729910167865261,0.0,0,2023,TOP1
2023-09-23 00:00:00+00:00,0.0,0.9729910167865261,0.9729910167865261,0.0,0,2023,TOP1
2023-09-24 00:00:00+00:00,0.0,0.9729910167865261,0.9729910167865261,0.0,0,2023,TOP1
2023-09-25 00:00:00+00:00,0.0,0.9729910167865261,0.9729910167865261,0.0,0,2023,TOP1
2023-09-26 00:00:00+00:00,0.0,0.9729910167865261,0.9729910167865261,0.0,0,2023,TOP1
2023-09-27 00:00:00+00:00,0.0,0.9729910167865261,0.9729910167865261,0.0,0,2023,TOP1
2023-09-28 00:00:00+00:00,0.0,0.9729910167865261,0.9729910167865261,0.0,0,2023,TOP1
2023-09-29 00:00:00+00:00,0.0,0.9729910167865261,0.9729910167865261,0.0,0,2023,TOP1
2023-09-30 00:00:00+00:00,0.0,0.9729910167865261,0.9729910167865261,0.0,0,2023,TOP1
2023-10-01 00:00:00+00:00,0.0,0.9729910167865261,0.9729910167865261,0.0,0,2023,TOP1
2023-10-02 00:00:00+00:00,0.0,0.9729910167865261,0.9729910167865261,0.0,0,2023,TOP1
2023-10-03 00:00:00+00:00,0.0,0.9729910167865261,0.9729910167865261,0.0,0,2023,TOP1
2023-10-04 00:00:00+00:00,0.0,0.9729910167865261,0.9729910167865261,0.0,0,2023,TOP1
2023-10-05 00:00:00+00:00,0.0,0.9729910167865261,0.9729910167865261,0.0,0,2023,TOP1
2023-10-06 00:00:00+00:00,0.0,0.9729910167865261,0.9729910167865261,0.0,0,2023,TOP1
2023-10-07 00:00:00+00:00,0.0,0.9729910167865261,0.9729910167865261,0.0,0,2023,TOP1
2023-10-08 00:00:00+00:00,0.0,0.9729910167865261,0.9729910167865261,0.0,0,2023,TOP1
2023-10-09 00:00:00+00:00,0.0,0.9729910167865261,0.9729910167865261,0.0,0,2023,TOP1
2023-10-10 00:00:00+00:00,0.0,0.9729910167865261,0.9729910167865261,0.0,0,2023,TOP1
2023-10-11 00:00:00+00:00,0.0,0.9729910167865261,0.9729910167865261,0.0,0,2023,TOP1
2023-10-12 00:00:00+00:00,0.0,0.9729910167865261,0.9729910167865261,0.0,0,2023,TOP1
2023-10-13 00:00:00+00:00,0.0,0.9729910167865261,0.9729910167865261,0.0,0,2023,TOP1
2023-10-14 00:00:00+00:00,0.0,0.9729910167865261,0.9729910167865261,0.0,0,2023,TOP1
2023-10-15 00:00:00+00:00,0.0,0.9729910167865261,0.9729910167865261,0.0,0,2023,TOP1
2023-10-16 00:00:00+00:00,0.0,0.9729910167865261,0.9729910167865261,0.0,0,2023,TOP1
2023-10-17 00:00:00+00:00,0.0,0.9729910167865261,0.9729910167865261,0.0,0,2023,TOP1
2023-10-18 00:00:00+00:00,0.0,0.9729910167865261,0.9729910167865261,0.0,0,2023,TOP1
2023-10-19 00:00:00+00:00,0.0,0.9729910167865261,0.9729910167865261,0.0,0,2023,TOP1
2023-10-20 00:00:00+00:00,0.0,0.9729910167865261,0.9729910167865261,0.0,0,2023,TOP1
2023-10-21 00:00:00+00:00,0.0,0.9729910167865261,0.9729910167865261,0.0,0,2023,TOP1
2023-10-22 00:00:00+00:00,0.0,0.9729910167865261,0.9729910167865261,0.0,0,2023,TOP1
2023-10-23 00:00:00+00:00,0.004702083897158316,0.9775661021786377,0.9382152645410095,0.040253889276571315,1,2023,TOP1
2023-10-24 00:00:00+00:00,-0.00215916407349237,0.9754553765713496,0.9382152645410095,0.03817715594662702,1,2023,TOP1
2023-10-25 00:00:00+00:00,0.0028724608551158326,0.9782573339564631,0.9382152645410095,0.040932041115917334,1,2023,TOP1
2023-10-26 00:00:00+00:00,0.0004163863615367358,0.9786646669683958,0.9382152645410095,0.04133121772208893,1,2023,TOP1
2023-10-27 00:00:00+00:00,-0.0013117017525471342,0.9773809508095774,0.9382152645410095,0.040072078585250186,1,2023,TOP1
2023-10-28 00:00:00+00:00,-0.0001262908244099581,0.9772575165635371,0.9382152645410095,0.03995083318449905,1,2023,TOP1
2023-10-29 00:00:00+00:00,0.0015156813095604793,0.97873872751602,0.9382152645410095,0.04140375958950421,1,2023,TOP1
2023-10-30 00:00:00+00:00,0.002386908756733419,0.981074887555282,0.8798494574164136,0.1031780870378914,2,2023,TOP1
2023-10-31 00:00:00+00:00,0.0027962586191636607,0.9838182266656534,0.9109977964540574,0.0740181755509839,1,2023,TOP1
2023-11-01 00:00:00+00:00,0.0016702491702798028,0.9854614482424479,0.9109977964540574,0.07556221699102991,1,2023,TOP1
2023-11-02 00:00:00+00:00,-0.0010236112489240279,0.9844527188186459,0.9109977964540574,0.0746149824775081,1,2023,TOP1
2023-11-03 00:00:00+00:00,-0.0004800638497208798,0.9839801186565816,0.9109977964540574,0.07417052521565809,1,2023,TOP1
2023-11-04 00:00:00+00:00,0.0007376934338874097,0.9847059943291904,0.9109977964540574,0.0748530000828776,1,2023,TOP1
2023-11-05 00:00:00+00:00,-0.00010714918070031665,0.9846004838886673,0.9109977964540574,0.07475386071710724,1,2023,TOP1
2023-11-06 00:00:00+00:00,0.0008051943275364515,0.9853932786131842,0.8786001507737513,0.10837614803881207,2,2023,TOP1
2023-11-07 00:00:00+00:00,0.0013669826614195468,0.9867402941397277,0.8786001507737513,0.10959331853398822,2,2023,TOP1
2023-11-08 00:00:00+00:00,0.0006398539361451849,0.987371663800886,0.8786001507737513,0.11016268444287627,2,2023,TOP1
2023-11-09 00:00:00+00:00,0.004458385487725147,0.9917737472977669,0.9072254564857203,0.08524957536173026,2,2023,TOP1
2023-11-10 00:00:00+00:00,0.007104374617077136,0.9988196795339527,0.9177491131858286,0.08116636867422496,2,2023,TOP1
2023-11-11 00:00:00+00:00,0.0009760592128833512,0.999794586684171,0.9412530048457979,0.058553609529460274,1,2023,TOP1
2023-11-12 00:00:00+00:00,-0.0001038762795504411,0.9996907317421916,0.9412530048457979,0.0584558054214952,1,2023,TOP1
2023-11-13 00:00:00+00:00,-0.0035456969013996087,0.9961461314122954,0.9106397620312837,0.08583717457175104,2,2023,TOP1
2023-11-14 00:00:00+00:00,0.001396674968606293,0.9975374237791129,0.9106397620312837,0.08711218213610714,2,2023,TOP1
2023-11-15 00:00:00+00:00,0.008326637642484647,1.0058435564417392,0.9195096347842232,0.08583235544395175,2,2023,TOP1
2023-11-16 00:00:00+00:00,-0.005745451174019367,1.0000645313995011,0.9195096347842232,0.08054969863049596,2,2023,TOP1
2023-11-17 00:00:00+00:00,4.127283738353249e-05,1.0001058069002786,0.9423779104794965,0.05772178905720356,1,2023,TOP1
2023-11-18 00:00:00+00:00,-7.22351601413207e-05,1.000033564097159,0.9423779104794965,0.05765371852265247,1,2023,TOP1
2023-11-19 00:00:00+00:00,0.0012482986039059618,1.0012819045990806,0.9423779104794965,0.05882858149041423,1,2023,TOP1
2023-11-20 00:00:00+00:00,-0.001661205862543591,0.9996185692291019,0.9186437150116025,0.08100575230404787,2,2023,TOP1
2023-11-21 00:00:00+00:00,-0.004600678722246898,0.9950196453472866,0.9186437150116025,0.07675821346122967,2,2023,TOP1
2023-11-22 00:00:00+00:00,0.004943580617326582,0.9999386051798846,0.9186437150116025,0.08129988155988593,2,2023,TOP1
2023-11-23 00:00:00+00:00,-0.0005869271522931374,0.9993517140618784,0.9186437150116025,0.08076035485268467,2,2023,TOP1
2023-11-24 00:00:00+00:00,0.0007972824108675169,1.0001484796057702,0.9186437150116025,0.08149266459545557,2,2023,TOP1
2023-11-25 00:00:00+00:00,0.0008655048593488868,1.0010141129749395,0.9186437150116025,0.082286949699978,2,2023,TOP1
2023-11-26 00:00:00+00:00,-0.0010089760033622497,1.0000041137559208,0.9186437150116025,0.08136006404887319,2,2023,TOP1
2023-11-27 00:00:00+00:00,-0.0016253769567066145,0.9983787301128101,0.9058785661117397,0.0926503752645236,2,2023,TOP1
2023-11-28 00:00:00+00:00,0.002314106322224063,1.000689084644138,0.9058785661117397,0.09474523104857746,2,2023,TOP1
2023-11-29 00:00:00+00:00,0.0005060629847366549,1.0011954963491065,0.9058785661117397,0.09520311526064917,2,2023,TOP1
2023-11-30 00:00:00+00:00,-0.00025324761883005475,1.0009419459736728,0.9058785661117397,0.0949739195607989,2,2023,TOP1
2023-12-01 00:00:00+00:00,0.0020039638376989632,1.00294779743704,0.9058785661117397,0.09678393189890216,2,2023,TOP1
2023-12-02 00:00:00+00:00,0.002974029754394314,1.005930594028722,0.9058785661117397,0.09946215823526837,2,2023,TOP1
2023-12-03 00:00:00+00:00,0.0007347838308406907,1.0066697355641623,0.9249766558287466,0.08115181856503598,2,2023,TOP1
2023-12-04 00:00:00+00:00,0.0037691327026714294,1.0104640073852669,0.8571381501475496,0.15173806896345754,3,2023,TOP1
2023-12-05 00:00:00+00:00,0.003546620344943019,1.014047739591692,0.877483597666891,0.1346723005169253,3,2023,TOP1
2023-12-06 00:00:00+00:00,-0.0018250367981502702,1.0121970651518561,0.877483597666891,0.13309015815487926,3,2023,TOP1
2023-12-07 00:00:00+00:00,0.005512471318109391,1.0177767724417803,0.8956313463190453,0.12001200010655796,3,2023,TOP1
2023-12-08 00:00:00+00:00,0.003550964579497551,1.0213908617105565,0.902790307520513,0.11611671754280171,3,2023,TOP1
2023-12-09 00:00:00+00:00,-0.0015925746067787516,1.0197642205606003,0.902790307520513,0.1147068221081365,3,2023,TOP1
2023-12-10 00:00:00+00:00,0.001074068316499588,1.0208595170002044,0.902790307520513,0.1156566672627372,3,2023,TOP1
2023-12-11 00:00:00+00:00,-0.007404648954060455,1.0133004106454062,0.9534660774829641,0.05904895777584013,2,2023,TOP1
2023-12-12 00:00:00+00:00,-0.0002481411007060341,1.0130489691661628,0.9534660774829641,0.05881541119600693,2,2023,TOP1
2023-12-13 00:00:00+00:00,0.001877905329921381,1.0149513792248313,0.9534660774829641,0.060579553858852435,2,2023,TOP1
2023-12-14 00:00:00+00:00,0.0015937686208205015,1.0165689768846984,0.9534660774829641,0.06207439026431323,2,2023,TOP1
2023-12-15 00:00:00+00:00,-0.0019234053961642017,1.0146137026289852,0.9534660774829641,0.060266902553730774,2,2023,TOP1
2023-12-16 00:00:00+00:00,0.0006647279979687948,1.0152881447642454,0.9534660774829641,0.06089115449647721,2,2023,TOP1
2023-12-17 00:00:00+00:00,-0.0016661651165952307,1.0135965070741466,0.9534660774829641,0.059323832680476994,2,2023,TOP1
2023-12-18 00:00:00+00:00,0.002646093442933095,1.0162785781452954,0.9428949745553634,0.0722081574560559,2,2023,TOP1
2023-12-19 00:00:00+00:00,-0.0009715921080157841,1.015291169899224,0.9428949745553634,0.07130584554482682,2,2023,TOP1
2023-12-20 00:00:00+00:00,0.005291853673282443,1.0206639422061063,0.9519107793768923,0.06736121458411486,2,2023,TOP1
2023-12-21 00:00:00+00:00,0.003921032431330795,1.0246659986249864,0.9621909871778089,0.060971098417448716,2,2023,TOP1
2023-12-22 00:00:00+00:00,0.0009687063130974227,1.0256585990466707,0.9621909871778089,0.061879861318233635,2,2023,TOP1
2023-12-23 00:00:00+00:00,0.0013354223330210857,1.0270282864458926,0.9852802087384179,0.04064939423620658,1,2023,TOP1
2023-12-24 00:00:00+00:00,-0.0006610176363798237,1.026349402635491,0.9852802087384179,0.04001482710626047,1,2023,TOP1
2023-12-25 00:00:00+00:00,0.002439534921943709,1.0288532178453362,0.9908855368832811,0.03690291316925522,1,2023,TOP1
2023-12-26 00:00:00+00:00,-0.002569866254942599,1.0262092026795064,0.9908855368832811,0.034421505579946686,1,2023,TOP1
2023-12-27 00:00:00+00:00,-0.0017074584508500745,1.0244569931040513,0.9908855368832811,0.0327700005434591,1,2023,TOP1
2023-12-28 00:00:00+00:00,-0.0015663146831640384,1.0228523710734823,0.9908855368832811,0.03125263732502477,1,2023,TOP1
2023-12-29 00:00:00+00:00,0.0013415916022629926,1.0242246212248691,0.9908855368832811,0.032550559370187616,1,2023,TOP1
2023-12-30 00:00:00+00:00,-0.0013091352407526013,1.0228837726787772,0.9908855368832811,0.031282376991569216,1,2023,TOP1
2023-12-31 00:00:00+00:00,-0.00011771260680726314,1.0227633663634343,1.0227633663634343,0.0,0,2023,TOP1
2024-01-01 00:00:00+00:00,0.001975599861475219,1.0019755998614752,0.9747876515114036,0.027134341748272634,1,2024,TOP1
2024-01-02 00:00:00+00:00,-0.0007850714835729855,1.001188977390788,0.9747876515114036,0.026369972578193387,1,2024,TOP1
2024-01-03 00:00:00+00:00,-0.002028459429091689,0.999158106169297,0.9747876515114036,0.024390989281294104,1,2024,TOP1
2024-01-04 00:00:00+00:00,0.001581997782251987,1.000738772077376,0.9747876515114036,0.02593196275597673,1,2024,TOP1
2024-01-05 00:00:00+00:00,-0.001228499236461733,0.9995093652599812,0.9747876515114036,0.024733849034168195,1,2024,TOP1
2024-01-06 00:00:00+00:00,-0.0015269946822175084,0.9979831197744027,0.9747876515114036,0.023242345289610184,1,2024,TOP1
2024-01-07 00:00:00+00:00,-0.0010732574928443706,0.9969120269133726,0.9747876515114036,0.022192906499954937,1,2024,TOP1
2024-01-08 00:00:00+00:00,0.0067032949436260925,1.003594622262621,0.9246664237449749,0.07864549766089945,2,2024,TOP1
2024-01-09 00:00:00+00:00,-0.000611835418529938,1.0029805875268747,0.9246664237449749,0.07808143522997295,2,2024,TOP1
2024-01-10 00:00:00+00:00,0.0012831784629212528,1.0042675906155172,0.9246664237449749,0.07926290523998147,2,2024,TOP1
2024-01-11 00:00:00+00:00,-0.0008825993905460239,1.0033812246520948,0.9246664237449749,0.07844954537036804,2,2024,TOP1
2024-01-12 00:00:00+00:00,-0.0048193508680711705,0.9985455784760614,0.9757582633818151,0.022820505728965657,1,2024,TOP1
2024-01-13 00:00:00+00:00,0.0009240174377880273,0.9994682520029995,0.9757582633818151,0.023722603067849356,1,2024,TOP1
2024-01-14 00:00:00+00:00,-0.0005048942123986322,0.998963626267087,0.9757582633818151,0.0232294372638825,1,2024,TOP1
2024-01-15 00:00:00+00:00,0.0009191565072186325,0.999881830184645,0.9287180640341627,0.0711721765534441,2,2024,TOP1
2024-01-16 00:00:00+00:00,0.0015092838026091737,1.001390935635466,0.9287180640341627,0.0725719287195128,2,2024,TOP1
2024-01-17 00:00:00+00:00,0.0007026352110868217,1.0020945481669066,0.9287180640341627,0.07322311479188139,2,2024,TOP1
2024-01-18 00:00:00+00:00,-0.003526912699317264,0.9985602481790601,0.9287180640341627,0.06994288454027604,2,2024,TOP1
2024-01-19 00:00:00+00:00,0.00018026510092505887,0.9987402537429779,0.9287180640341627,0.0701105111628305,2,2024,TOP1
2024-01-20 00:00:00+00:00,-0.00014159493000398538,0.998598837186657,0.9287180640341627,0.06997882487963707,2,2024,TOP1
2024-01-21 00:00:00+00:00,-0.0005737548477252608,0.9980258862628884,0.9287180640341627,0.06944491438819198,2,2024,TOP1
2024-01-22 00:00:00+00:00,-0.006345761468220079,0.9916926520495551,0.8746267201562263,0.11804658595723772,3,2024,TOP1
2024-01-23 00:00:00+00:00,-0.0014614535395900408,0.9902433393130319,0.8947484205470639,0.09643581024459737,2,2024,TOP1
2024-01-24 00:00:00+00:00,-0.0007622599754051329,0.989488516449562,0.8947484205470639,0.09574653401985933,2,2024,TOP1
2024-01-25 00:00:00+00:00,-0.0009005392738400397,0.9885974431794855,0.9436436941437294,0.04547224893802858,1,2024,TOP1
2024-01-26 00:00:00+00:00,0.00211927216868113,0.9906925502268452,0.9436436941437294,0.04749087501701985,1,2024,TOP1
2024-01-27 00:00:00+00:00,0.0003373817449816574,0.991026791808181,0.9436436941437294,0.047812125823559856,1,2024,TOP1
2024-01-28 00:00:00+00:00,-0.00010167303076935585,0.9909260311106842,0.9436436941437294,0.047715304152377715,1,2024,TOP1
2024-01-29 00:00:00+00:00,0.0032598218669956935,0.9941562734554742,0.9121594094503561,0.08247884783758845,2,2024,TOP1
2024-01-30 00:00:00+00:00,-0.0005013628308458973,0.9936578404519113,0.9121594094503561,0.08201860608727247,2,2024,TOP1
2024-01-31 00:00:00+00:00,-0.0018714774022629,0.9917982322579242,0.9121594094503561,0.08029740346104736,2,2024,TOP1
2024-02-01 00:00:00+00:00,0.000850995657137199,0.992642248246332,0.9121594094503561,0.0810794009001352,2,2024,TOP1
2024-02-02 00:00:00+00:00,0.0010461162775905475,0.9936806674600465,0.9121594094503561,0.08203969411829995,2,2024,TOP1
2024-02-03 00:00:00+00:00,-0.0010769505005000513,0.9926105225678882,0.9121594094503561,0.08105003048870031,2,2024,TOP1
2024-02-04 00:00:00+00:00,-0.0012998466275860876,0.9913202811276218,0.9121594094503561,0.07985398179004324,2,2024,TOP1
2024-02-05 00:00:00+00:00,0.00042912495281854923,0.9917456813964888,0.8419751398943089,0.15101708463331665,3,2024,TOP1
2024-02-06 00:00:00+00:00,0.0030294313005794216,0.9947501068059258,0.8419751398943089,0.1535812520816577,3,2024,TOP1
2024-02-07 00:00:00+00:00,0.004429369236069958,0.9991562223265893,0.8419751398943089,0.15731382032158664,3,2024,TOP1
2024-02-08 00:00:00+00:00,0.0016275784088379819,1.0007824274211041,0.8606878310692575,0.13998506819594506,3,2024,TOP1
2024-02-09 00:00:00+00:00,0.004680458639541252,1.0054665481798284,0.8736471417232047,0.13110272708252033,3,2024,TOP1
2024-02-10 00:00:00+00:00,0.0015048987552241933,1.0069796735366037,0.8736471417232047,0.1324083646545943,3,2024,TOP1
2024-02-11 00:00:00+00:00,0.00011483720946192655,1.0070953122722974,0.8736471417232047,0.13250798501682545,3,2024,TOP1
2024-02-12 00:00:00+00:00,0.007207791186720769,1.0143542449882814,0.8504092005666007,0.16162503901541284,3,2024,TOP1
2024-02-13 00:00:00+00:00,-0.0005103427970255536,1.0138365766057194,0.8504092005666007,0.1611969619268091,3,2024,TOP1
2024-02-14 00:00:00+00:00,0.006561214925030923,1.020488576283687,0.9171778847639361,0.10123649977148934,2,2024,TOP1
2024-02-15 00:00:00+00:00,-0.0007150836356542012,1.0197588416024146,0.9171778847639361,0.10059334879341304,2,2024,TOP1
2024-02-16 00:00:00+00:00,-0.00041842497179445104,1.01933214903788,0.9171778847639361,0.10021685705720594,2,2024,TOP1
2024-02-17 00:00:00+00:00,-0.0010198462019475052,1.0182925870171606,0.9171778847639361,0.09929827982880181,2,2024,TOP1
2024-02-18 00:00:00+00:00,0.0015005573365178826,1.019820593429331,0.9171778847639361,0.10064780935658514,2,2024,TOP1
2024-02-19 00:00:00+00:00,0.0009402944280147985,1.0207795250509073,0.8345218665603704,0.18246609960289714,3,2024,TOP1
2024-02-20 00:00:00+00:00,0.0018721830285841623,1.0226906111536338,0.8345218665603704,0.18399381253828268,3,2024,TOP1
2024-02-21 00:00:00+00:00,-0.0026772299882693584,1.0199526331807318,0.8345218665603704,0.1818033118284071,3,2024,TOP1
2024-02-22 00:00:00+00:00,-0.0014809395956510985,1.0184421449405658,0.8345218665603704,0.1805898148401239,3,2024,TOP1
2024-02-23 00:00:00+00:00,-0.0026000219972056593,1.015794172960839,0.8345218665603704,0.17845377658753037,3,2024,TOP1
2024-02-24 00:00:00+00:00,0.004145391762623518,1.020005037757952,0.8345218665603704,0.18184534814189499,3,2024,TOP1
2024-02-25 00:00:00+00:00,0.003047398424012693,1.0231133995025006,0.856375609346082,0.16297097686091924,3,2024,TOP1
2024-02-26 00:00:00+00:00,0.007251438182628744,1.030532443072812,0.8632072250811443,0.16236773438470514,3,2024,TOP1
2024-02-27 00:00:00+00:00,0.002137615610139809,1.0327353253098799,0.9401514571970264,0.08964917326234867,2,2024,TOP1
2024-02-28 00:00:00+00:00,0.006316887475629418,1.03925899815197,1.0012232765778109,0.03659888597721542,1,2024,TOP1
2024-02-29 00:00:00+00:00,0.0022032752790950294,1.0415487718111753,1.0147749641579769,0.025705764701388665,1,2024,TOP1
2024-03-01 00:00:00+00:00,0.0007670004585471624,1.0423476401967537,1.0147749641579769,0.026452476098638468,1,2024,TOP1
2024-03-02 00:00:00+00:00,0.00012058225216882157,1.0424733288227515,1.0147749641579769,0.026569854497912028,1,2024,TOP1
2024-03-03 00:00:00+00:00,2.8609288030168045e-05,1.0425031532424796,1.0147749641579769,0.02659770284460076,1,2024,TOP1
2024-03-04 00:00:00+00:00,0.006302696067182811,1.0490737337664466,0.9567892703517763,0.08796756647728192,2,2024,TOP1
2024-03-05 00:00:00+00:00,-0.008352659942447604,1.0403111776137417,1.0403111776137417,0.0,0,2024,TOP1
2024-03-06 00:00:00+00:00,0.0,1.0403111776137417,1.0403111776137417,0.0,0,2024,TOP1
2024-03-07 00:00:00+00:00,0.0,1.0403111776137417,1.0403111776137417,0.0,0,2024,TOP1
2024-03-08 00:00:00+00:00,0.0,1.0403111776137417,1.0403111776137417,0.0,0,2024,TOP1
2024-03-09 00:00:00+00:00,0.0,1.0403111776137417,1.0403111776137417,0.0,0,2024,TOP1
2024-03-10 00:00:00+00:00,0.0,1.0403111776137417,1.0403111776137417,0.0,0,2024,TOP1
2024-03-11 00:00:00+00:00,0.0009817472329960442,1.0413325002338187,1.0047159283474663,0.03516318935415035,1,2024,TOP1
2024-03-12 00:00:00+00:00,0.0005245063519871973,1.041878685744722,1.0047159283474663,0.03566898709583656,1,2024,TOP1
2024-03-13 00:00:00+00:00,0.0031112032540923096,1.0451201821021803,1.0148770046572437,0.02893751164971724,1,2024,TOP1
2024-03-14 00:00:00+00:00,0.00225108769697302,1.0474728392859687,1.0148770046572437,0.031118548764419125,1,2024,TOP1
2024-03-15 00:00:00+00:00,0.0014239930122292854,1.048964433289612,1.0263358691610944,0.021572289212469453,1,2024,TOP1
2024-03-16 00:00:00+00:00,-0.0002228178825967042,1.0487307052556671,1.0263358691610944,0.02135422943405958,1,2024,TOP1
2024-03-17 00:00:00+00:00,0.002323687366595495,1.0511676275464306,1.0263358691610944,0.02362302427758054,1,2024,TOP1
2024-03-18 00:00:00+00:00,-0.0004037021727196777,1.0507432688912974,1.0155310965682973,0.033511680127301206,1,2024,TOP1
2024-03-19 00:00:00+00:00,-0.002878118728974366,1.0477191050097576,1.0155310965682973,0.030721982912739403,1,2024,TOP1
2024-03-20 00:00:00+00:00,0.0029711431180137193,1.0508320284182189,1.0155310965682973,0.03359331548264547,1,2024,TOP1
2024-03-21 00:00:00+00:00,-0.0001809984670402276,1.0506418294319584,1.0155310965682973,0.033418365688565974,1,2024,TOP1
2024-03-22 00:00:00+00:00,0.0,1.0506418294319584,1.0155310965682973,0.033418365688565974,1,2024,TOP1
2024-03-23 00:00:00+00:00,-0.00011465311449676552,1.0505213700739935,1.0155310965682973,0.033307531386278906,1,2024,TOP1
2024-03-24 00:00:00+00:00,0.0009535404890437249,1.0515230847349648,1.0155310965682973,0.03422843367793413,1,2024,TOP1
2024-03-25 00:00:00+00:00,0.0018045256894769768,1.0534205851544471,0.9894055463956236,0.060768737255536026,2,2024,TOP1
2024-03-26 00:00:00+00:00,-0.00019933792554671648,1.0532105984802742,0.9894055463956236,0.06058147551564507,2,2024,TOP1
2024-03-27 00:00:00+00:00,-0.0009232590863985646,1.052238212225336,0.9894055463956236,0.05971334731973858,2,2024,TOP1
2024-03-28 00:00:00+00:00,0.000993015034002065,1.0532831005894272,0.9894055463956236,0.06064613982514019,2,2024,TOP1
2024-03-29 00:00:00+00:00,0.002072018829052613,1.0554655230061714,0.9894055463956236,0.06258847415725723,2,2024,TOP1
2024-03-30 00:00:00+00:00,-0.00041457197007621627,1.0550279565849512,0.9894055463956236,0.06219968843455338,2,2024,TOP1
2024-03-31 00:00:00+00:00,0.0014694175264253762,1.0565782331552258,0.9894055463956236,0.06357568673263927,2,2024,TOP1
2024-04-01 00:00:00+00:00,-0.004372446306838307,1.0519584015617804,0.940536367438371,0.1059186693675223,3,2024,TOP1
2024-04-02 00:00:00+00:00,-0.0056368267798745375,1.046028694272543,0.940536367438371,0.10085031836295497,3,2024,TOP1
2024-04-03 00:00:00+00:00,0.001415938244625048,1.0475098063057386,0.940536367438371,0.10212165864549932,3,2024,TOP1
2024-04-04 00:00:00+00:00,0.0029594318237817774,1.0506098401622432,0.940536367438371,0.1047710277555309,3,2024,TOP1
2024-04-05 00:00:00+00:00,-0.002198951324754117,1.0482996002624188,0.940536367438371,0.10279812450283445,3,2024,TOP1
2024-04-06 00:00:00+00:00,0.001744552248312603,1.0501284136869617,0.940536367438371,0.10436061420699706,3,2024,TOP1
2024-04-07 00:00:00+00:00,0.00032544893373143147,1.0504701768594773,0.940536367438371,0.10465200425753003,3,2024,TOP1
2024-04-08 00:00:00+00:00,0.004685765271054798,1.0553924335324842,0.895280181924351,0.15170873555746897,4,2024,TOP1
2024-04-09 00:00:00+00:00,-0.005400101016887815,1.0496932077789498,0.895280181924351,0.14710300563087578,4,2024,TOP1
2024-04-10 00:00:00+00:00,0.0033408088143660475,1.053200032099878,0.895280181924351,0.14994288393693384,4,2024,TOP1
2024-04-11 00:00:00+00:00,-0.0013748513927269723,1.0517520385689254,0.895280181924351,0.1487725727230148,4,2024,TOP1
2024-04-12 00:00:00+00:00,-0.009206134220457574,1.04206946813522,0.9160543066543021,0.12092779352457336,3,2024,TOP1
2024-04-13 00:00:00+00:00,-0.007401931370874304,1.0343561414483997,0.9992897883481994,0.033901624107048174,1,2024,TOP1
2024-04-14 00:00:00+00:00,0.0008152081009289436,1.035199356954154,0.9992897883481994,0.03468855381789516,1,2024,TOP1
2024-04-15 00:00:00+00:00,-0.002340803222135479,1.0327761589638431,1.0078239286709394,0.024160346921580374,1,2024,TOP1
2024-04-16 00:00:00+00:00,-0.00039944548733239493,1.0323636211877205,1.0078239286709394,0.02377039641182672,1,2024,TOP1
2024-04-17 00:00:00+00:00,-0.0007643102061650753,1.0315745751355732,1.0078239286709394,0.023023683441899846,1,2024,TOP1
2024-04-18 00:00:00+00:00,0.0017865009224107276,1.0334174840655883,1.0078239286709394,0.02476593998967469,1,2024,TOP1
2024-04-19 00:00:00+00:00,7.49585007078224e-05,1.033494947490799,1.0078239286709394,0.024839036593440444,1,2024,TOP1
2024-04-20 00:00:00+00:00,0.0015199747304899258,1.035065833695074,1.0078239286709394,0.02631900709820941,1,2024,TOP1
2024-04-21 00:00:00+00:00,-0.000421187654924271,1.0346298767438877,1.0078239286709394,0.025908731881308166,1,2024,TOP1
2024-04-22 00:00:00+00:00,0.0031797278044107813,1.0379197181302444,0.9632620875453786,0.0719300628755348,2,2024,TOP1
2024-04-23 00:00:00+00:00,-0.0002561690918577719,1.0376538351786297,0.9632620875453786,0.07169225912459035,2,2024,TOP1
2024-04-24 00:00:00+00:00,-0.001017804977204495,1.0365977059405695,0.9632620875453786,0.07074646024674439,2,2024,TOP1
2024-04-25 00:00:00+00:00,-0.00018524083952620174,1.0364056857112702,0.9632620875453786,0.07057429264843741,2,2024,TOP1
2024-04-26 00:00:00+00:00,-0.0021004597143932102,1.0342287573206657,0.9632620875453786,0.06861796219932768,2,2024,TOP1
2024-04-27 00:00:00+00:00,0.00022876198090582278,1.0344653495399,0.9632620875453786,0.06883097826929685,2,2024,TOP1
2024-04-28 00:00:00+00:00,-0.0002814675319002813,1.0341741811311287,0.9632620875453786,0.06856881063129043,2,2024,TOP1
2024-04-29 00:00:00+00:00,-0.00011642163369263159,1.0340537808834387,0.9136719420030479,0.11641738670259792,3,2024,TOP1
2024-04-30 00:00:00+00:00,-0.006188188275813911,1.0276548614000147,0.9357012682916473,0.08947906204919363,2,2024,TOP1
2024-05-01 00:00:00+00:00,-0.002999703831704781,1.024572201174603,0.9357012682916473,0.0867395511815284,2,2024,TOP1
2024-05-02 00:00:00+00:00,0.0004350111063133877,1.0250179014613339,0.9357012682916473,0.08713665687433432,2,2024,TOP1
2024-05-03 00:00:00+00:00,0.004906943005329678,1.0300476058832473,0.9357012682916473,0.09159415259326739,2,2024,TOP1
2024-05-04 00:00:00+00:00,0.0006720201580425744,1.0307398186381442,0.9357012682916473,0.09220420966375953,2,2024,TOP1
2024-05-05 00:00:00+00:00,0.0005602397258230862,1.0313172800315331,0.9357012682916473,0.09271250815943095,2,2024,TOP1
2024-05-06 00:00:00+00:00,0.0005722939712797803,1.031907496693372,0.902449305748024,0.12545522865196906,3,2024,TOP1
2024-05-07 00:00:00+00:00,-0.002575200645229203,1.0292501278420703,0.902449305748024,0.1231972857364588,3,2024,TOP1
2024-05-08 00:00:00+00:00,-0.0012446696634701437,1.0279690514318225,0.902449305748024,0.12210459595934947,3,2024,TOP1
2024-05-09 00:00:00+00:00,0.004348288492811214,1.0324389574291295,0.902449305748024,0.12590541140058492,3,2024,TOP1
2024-05-10 00:00:00+00:00,-0.00400621469597795,1.0283027853051767,0.902449305748024,0.12238951537975487,3,2024,TOP1
2024-05-11 00:00:00+00:00,0.0003816592508312233,1.0286952465758439,0.902449305748024,0.12272433575254399,3,2024,TOP1
2024-05-12 00:00:00+00:00,0.00025498709128735086,1.0289575505845894,0.902449305748024,0.12294797269789337,3,2024,TOP1
2024-05-13 00:00:00+00:00,0.002071582064823607,1.0310891205918453,0.8483393542444466,0.17723954476650886,4,2024,TOP1
2024-05-14 00:00:00+00:00,-0.005318402792421462,1.0256053733336543,0.8483393542444466,0.17284037671625851,4,2024,TOP1
2024-05-15 00:00:00+00:00,0.01094737131427892,1.0368330561774575,0.8483393542444466,0.18179754282520624,4,2024,TOP1
2024-05-16 00:00:00+00:00,-0.0029831026086870605,1.0337400767828016,0.8483393542444466,0.17934945805270297,4,2024,TOP1
2024-05-17 00:00:00+00:00,0.0069938420249757716,1.0409698915747068,0.857905727595831,0.17585923037788265,4,2024,TOP1
2024-05-18 00:00:00+00:00,0.0009071854671092172,1.0419142443320415,0.857905727595831,0.17660620126580198,4,2024,TOP1
2024-05-19 00:00:00+00:00,-0.0022301545977704285,1.039590614489562,0.857905727595831,0.1747658014236094,4,2024,TOP1
2024-05-20 00:00:00+00:00,0.01666476872600442,1.0569151516497552,0.8758650382262954,0.17130051843883212,4,2024,TOP1
2024-05-21 00:00:00+00:00,0.0008554557098858773,1.057819295751099,0.9293596346281785,0.12143819047251211,3,2024,TOP1
2024-05-22 00:00:00+00:00,-0.0010606217792300532,1.0566973495675356,0.9293596346281785,0.1205053793231065,3,2024,TOP1
2024-05-23 00:00:00+00:00,-0.002140483468639931,1.0544355063594306,0.9293596346281785,0.1186187974294342,3,2024,TOP1
2024-05-24 00:00:00+00:00,-0.0009594631343428084,1.0534238143635366,0.9293596346281785,0.11777233250637667,3,2024,TOP1
2024-05-25 00:00:00+00:00,0.0007018235337066248,1.0541631319874238,0.9293596346281785,0.11839106640350076,3,2024,TOP1
2024-05-26 00:00:00+00:00,-0.0014286437064134905,1.052657108463377,0.9293596346281785,0.11712975939067442,3,2024,TOP1
2024-05-27 00:00:00+00:00,0.002225144561548209,1.0549994227034492,0.9100961148048299,0.13734918217045342,3,2024,TOP1
2024-05-28 00:00:00+00:00,-0.0011576054743599462,1.053778149596281,0.9100961148048299,0.13634941552593213,3,2024,TOP1
2024-05-29 00:00:00+00:00,-0.0017182887465949648,1.051967454460422,0.9100961148048299,0.13486286011420484,3,2024,TOP1
2024-05-30 00:00:00+00:00,-0.0005739500431112265,1.051363677694583,0.9100961148048299,0.13436602945949486,3,2024,TOP1
2024-05-31 00:00:00+00:00,-0.0001098974327095048,1.0512481355255603,0.9100961148048299,0.13427088805266987,3,2024,TOP1
2024-06-01 00:00:00+00:00,0.0015855451666169085,1.052914936925758,0.9100961148048299,0.13564136770432994,3,2024,TOP1
2024-06-02 00:00:00+00:00,-0.000912041344695802,1.051954634970834,0.9100961148048299,0.13485231724839275,3,2024,TOP1
2024-06-03 00:00:00+00:00,-0.0002798875788566635,1.0516602059349849,1.0516602059349849,0.0,0,2024,TOP1
2024-06-04 00:00:00+00:00,0.0,1.0516602059349849,1.0516602059349849,0.0,0,2024,TOP1
2024-06-05 00:00:00+00:00,0.0,1.0516602059349849,1.0516602059349849,0.0,0,2024,TOP1
2024-06-06 00:00:00+00:00,0.0,1.0516602059349849,1.0516602059349849,0.0,0,2024,TOP1
2024-06-07 00:00:00+00:00,0.0,1.0516602059349849,1.0516602059349849,0.0,0,2024,TOP1
2024-06-08 00:00:00+00:00,0.0,1.0516602059349849,1.0516602059349849,0.0,0,2024,TOP1
2024-06-09 00:00:00+00:00,0.0,1.0516602059349849,1.0516602059349849,0.0,0,2024,TOP1
2024-06-10 00:00:00+00:00,0.0,1.0516602059349849,1.0516602059349849,0.0,0,2024,TOP1
2024-06-11 00:00:00+00:00,0.0,1.0516602059349849,1.0516602059349849,0.0,0,2024,TOP1
2024-06-12 00:00:00+00:00,0.0,1.0516602059349849,1.0516602059349849,0.0,0,2024,TOP1
2024-06-13 00:00:00+00:00,0.0,1.0516602059349849,1.0516602059349849,0.0,0,2024,TOP1
2024-06-14 00:00:00+00:00,0.0,1.0516602059349849,1.0516602059349849,0.0,0,2024,TOP1
2024-06-15 00:00:00+00:00,0.0,1.0516602059349849,1.0516602059349849,0.0,0,2024,TOP1
2024-06-16 00:00:00+00:00,0.0,1.0516602059349849,1.0516602059349849,0.0,0,2024,TOP1
2024-06-17 00:00:00+00:00,0.0,1.0516602059349849,1.0516602059349849,0.0,0,2024,TOP1
2024-06-18 00:00:00+00:00,0.0,1.0516602059349849,1.0516602059349849,0.0,0,2024,TOP1
2024-06-19 00:00:00+00:00,0.0,1.0516602059349849,1.0516602059349849,0.0,0,2024,TOP1
2024-06-20 00:00:00+00:00,0.0,1.0516602059349849,1.0516602059349849,0.0,0,2024,TOP1
2024-06-21 00:00:00+00:00,0.0,1.0516602059349849,1.0516602059349849,0.0,0,2024,TOP1
2024-06-22 00:00:00+00:00,0.0,1.0516602059349849,1.0516602059349849,0.0,0,2024,TOP1
2024-06-23 00:00:00+00:00,0.0,1.0516602059349849,1.0516602059349849,0.0,0,2024,TOP1
2024-06-24 00:00:00+00:00,0.0,1.0516602059349849,1.0516602059349849,0.0,0,2024,TOP1
2024-06-25 00:00:00+00:00,0.0,1.0516602059349849,1.0516602059349849,0.0,0,2024,TOP1
2024-06-26 00:00:00+00:00,0.0,1.0516602059349849,1.0516602059349849,0.0,0,2024,TOP1
2024-06-27 00:00:00+00:00,0.0,1.0516602059349849,1.0516602059349849,0.0,0,2024,TOP1
2024-06-28 00:00:00+00:00,0.0,1.0516602059349849,1.0516602059349849,0.0,0,2024,TOP1
2024-06-29 00:00:00+00:00,0.0,1.0516602059349849,1.0516602059349849,0.0,0,2024,TOP1
2024-06-30 00:00:00+00:00,0.0,1.0516602059349849,1.0516602059349849,0.0,0,2024,TOP1
2024-07-01 00:00:00+00:00,0.0,1.0516602059349849,1.0516602059349849,0.0,0,2024,TOP1
2024-07-02 00:00:00+00:00,0.0,1.0516602059349849,1.0516602059349849,0.0,0,2024,TOP1
2024-07-03 00:00:00+00:00,0.0,1.0516602059349849,1.0516602059349849,0.0,0,2024,TOP1
2024-07-04 00:00:00+00:00,0.0,1.0516602059349849,1.0516602059349849,0.0,0,2024,TOP1
2024-07-05 00:00:00+00:00,0.0,1.0516602059349849,1.0516602059349849,0.0,0,2024,TOP1
2024-07-06 00:00:00+00:00,0.0,1.0516602059349849,1.0516602059349849,0.0,0,2024,TOP1
2024-07-07 00:00:00+00:00,0.0,1.0516602059349849,1.0516602059349849,0.0,0,2024,TOP1
2024-07-08 00:00:00+00:00,0.0,1.0516602059349849,1.0516602059349849,0.0,0,2024,TOP1
2024-07-09 00:00:00+00:00,0.0,1.0516602059349849,1.0516602059349849,0.0,0,2024,TOP1
2024-07-10 00:00:00+00:00,0.0,1.0516602059349849,1.0516602059349849,0.0,0,2024,TOP1
2024-07-11 00:00:00+00:00,0.0,1.0516602059349849,1.0516602059349849,0.0,0,2024,TOP1
2024-07-12 00:00:00+00:00,0.0,1.0516602059349849,1.0516602059349849,0.0,0,2024,TOP1
2024-07-13 00:00:00+00:00,0.0,1.0516602059349849,1.0516602059349849,0.0,0,2024,TOP1
2024-07-14 00:00:00+00:00,0.0,1.0516602059349849,1.0516602059349849,0.0,0,2024,TOP1
2024-07-15 00:00:00+00:00,0.0,1.0516602059349849,1.0516602059349849,0.0,0,2024,TOP1
2024-07-16 00:00:00+00:00,0.0,1.0516602059349849,1.0516602059349849,0.0,0,2024,TOP1
2024-07-17 00:00:00+00:00,0.0,1.0516602059349849,1.0516602059349849,0.0,0,2024,TOP1
2024-07-18 00:00:00+00:00,0.0,1.0516602059349849,1.0516602059349849,0.0,0,2024,TOP1
2024-07-19 00:00:00+00:00,0.0,1.0516602059349849,1.0516602059349849,0.0,0,2024,TOP1
2024-07-20 00:00:00+00:00,0.0,1.0516602059349849,1.0516602059349849,0.0,0,2024,TOP1
2024-07-21 00:00:00+00:00,0.0,1.0516602059349849,1.0516602059349849,0.0,0,2024,TOP1
2024-07-22 00:00:00+00:00,-0.001377162006008792,1.0502118994561398,1.0067309632782409,0.04140206009893423,1,2024,TOP1
2024-07-23 00:00:00+00:00,-0.0013584689367286407,1.048785219213746,1.0067309632782409,0.04009806313539807,1,2024,TOP1
2024-07-24 00:00:00+00:00,0.0011656548435015068,1.0500077407843151,1.0067309632782409,0.04121567472802459,1,2024,TOP1
2024-07-25 00:00:00+00:00,-0.0014374331127767759,1.0484984248890399,1.0067309632782409,0.03983550248558469,1,2024,TOP1
2024-07-26 00:00:00+00:00,0.0025985218671131793,1.0512229709737477,1.0067309632782409,0.04232404439782549,1,2024,TOP1
2024-07-27 00:00:00+00:00,0.00019883468907533342,1.05143199056633,1.0067309632782409,0.04251442574427674,1,2024,TOP1
2024-07-28 00:00:00+00:00,0.00022653402147354562,1.051670175683459,1.0067309632782409,0.04273127967712219,1,2024,TOP1
2024-07-29 00:00:00+00:00,-0.002202058325278533,1.049354336617648,0.9320318344205821,0.1118044669022173,2,2024,TOP1
2024-07-30 00:00:00+00:00,-0.00141092232834239,1.0478737791537713,0.9320318344205821,0.11054952136195206,2,2024,TOP1
2024-07-31 00:00:00+00:00,-0.003354122134280657,1.0443590825171793,0.9320318344205821,0.10755615571021714,2,2024,TOP1
2024-08-01 00:00:00+00:00,-0.003516094938281311,1.0406870168333926,1.0406870168333926,0.0,0,2024,TOP1
2024-08-02 00:00:00+00:00,0.0,1.0406870168333926,1.0406870168333926,0.0,0,2024,TOP1
2024-08-03 00:00:00+00:00,0.0,1.0406870168333926,1.0406870168333926,0.0,0,2024,TOP1
2024-08-04 00:00:00+00:00,0.0,1.0406870168333926,1.0406870168333926,0.0,0,2024,TOP1
2024-08-05 00:00:00+00:00,0.0,1.0406870168333926,1.0406870168333926,0.0,0,2024,TOP1
2024-08-06 00:00:00+00:00,0.0,1.0406870168333926,1.0406870168333926,0.0,0,2024,TOP1
2024-08-07 00:00:00+00:00,0.0,1.0406870168333926,1.0406870168333926,0.0,0,2024,TOP1
2024-08-08 00:00:00+00:00,0.0,1.0406870168333926,1.0406870168333926,0.0,0,2024,TOP1
2024-08-09 00:00:00+00:00,0.0,1.0406870168333926,1.0406870168333926,0.0,0,2024,TOP1
2024-08-10 00:00:00+00:00,0.0,1.0406870168333926,1.0406870168333926,0.0,0,2024,TOP1
2024-08-11 00:00:00+00:00,0.0,1.0406870168333926,1.0406870168333926,0.0,0,2024,TOP1
2024-08-12 00:00:00+00:00,0.0,1.0406870168333926,1.0406870168333926,0.0,0,2024,TOP1
2024-08-13 00:00:00+00:00,0.0,1.0406870168333926,1.0406870168333926,0.0,0,2024,TOP1
2024-08-14 00:00:00+00:00,0.0,1.0406870168333926,1.0406870168333926,0.0,0,2024,TOP1
2024-08-15 00:00:00+00:00,0.0,1.0406870168333926,1.0406870168333926,0.0,0,2024,TOP1
2024-08-16 00:00:00+00:00,0.0,1.0406870168333926,1.0406870168333926,0.0,0,2024,TOP1
2024-08-17 00:00:00+00:00,0.0,1.0406870168333926,1.0406870168333926,0.0,0,2024,TOP1
2024-08-18 00:00:00+00:00,0.0,1.0406870168333926,1.0406870168333926,0.0,0,2024,TOP1
2024-08-19 00:00:00+00:00,0.0,1.0406870168333926,1.0406870168333926,0.0,0,2024,TOP1
2024-08-20 00:00:00+00:00,0.0,1.0406870168333926,1.0406870168333926,0.0,0,2024,TOP1
2024-08-21 00:00:00+00:00,0.0,1.0406870168333926,1.0406870168333926,0.0,0,2024,TOP1
2024-08-22 00:00:00+00:00,0.0,1.0406870168333926,1.0406870168333926,0.0,0,2024,TOP1
2024-08-23 00:00:00+00:00,0.0,1.0406870168333926,1.0406870168333926,0.0,0,2024,TOP1
2024-08-24 00:00:00+00:00,0.0,1.0406870168333926,1.0406870168333926,0.0,0,2024,TOP1
2024-08-25 00:00:00+00:00,0.0,1.0406870168333926,1.0406870168333926,0.0,0,2024,TOP1
2024-08-26 00:00:00+00:00,0.0,1.0406870168333926,1.0406870168333926,0.0,0,2024,TOP1
2024-08-27 00:00:00+00:00,0.0,1.0406870168333926,1.0406870168333926,0.0,0,2024,TOP1
2024-08-28 00:00:00+00:00,0.0,1.0406870168333926,1.0406870168333926,0.0,0,2024,TOP1
2024-08-29 00:00:00+00:00,0.0,1.0406870168333926,1.0406870168333926,0.0,0,2024,TOP1
2024-08-30 00:00:00+00:00,0.0,1.0406870168333926,1.0406870168333926,0.0,0,2024,TOP1
2024-08-31 00:00:00+00:00,0.0,1.0406870168333926,1.0406870168333926,0.0,0,2024,TOP1
2024-09-01 00:00:00+00:00,0.0,1.0406870168333926,1.0406870168333926,0.0,0,2024,TOP1
2024-09-02 00:00:00+00:00,0.0,1.0406870168333926,1.0406870168333926,0.0,0,2024,TOP1
2024-09-03 00:00:00+00:00,0.0,1.0406870168333926,1.0406870168333926,0.0,0,2024,TOP1
2024-09-04 00:00:00+00:00,0.0,1.0406870168333926,1.0406870168333926,0.0,0,2024,TOP1
2024-09-05 00:00:00+00:00,0.0,1.0406870168333926,1.0406870168333926,0.0,0,2024,TOP1
2024-09-06 00:00:00+00:00,0.0,1.0406870168333926,1.0406870168333926,0.0,0,2024,TOP1
2024-09-07 00:00:00+00:00,0.0,1.0406870168333926,1.0406870168333926,0.0,0,2024,TOP1
2024-09-08 00:00:00+00:00,0.0,1.0406870168333926,1.0406870168333926,0.0,0,2024,TOP1
2024-09-09 00:00:00+00:00,0.0,1.0406870168333926,1.0406870168333926,0.0,0,2024,TOP1
2024-09-10 00:00:00+00:00,0.0,1.0406870168333926,1.0406870168333926,0.0,0,2024,TOP1
2024-09-11 00:00:00+00:00,0.0,1.0406870168333926,1.0406870168333926,0.0,0,2024,TOP1
2024-09-12 00:00:00+00:00,0.0,1.0406870168333926,1.0406870168333926,0.0,0,2024,TOP1
2024-09-13 00:00:00+00:00,0.0,1.0406870168333926,1.0406870168333926,0.0,0,2024,TOP1
2024-09-14 00:00:00+00:00,0.0,1.0406870168333926,1.0406870168333926,0.0,0,2024,TOP1
2024-09-15 00:00:00+00:00,0.0,1.0406870168333926,1.0406870168333926,0.0,0,2024,TOP1
2024-09-16 00:00:00+00:00,0.0,1.0406870168333926,1.0406870168333926,0.0,0,2024,TOP1
2024-09-17 00:00:00+00:00,0.0,1.0406870168333926,1.0406870168333926,0.0,0,2024,TOP1
2024-09-18 00:00:00+00:00,0.0,1.0406870168333926,1.0406870168333926,0.0,0,2024,TOP1
2024-09-19 00:00:00+00:00,0.0,1.0406870168333926,1.0406870168333926,0.0,0,2024,TOP1
2024-09-20 00:00:00+00:00,0.0,1.0406870168333926,1.0406870168333926,0.0,0,2024,TOP1
2024-09-21 00:00:00+00:00,0.0,1.0406870168333926,1.0406870168333926,0.0,0,2024,TOP1
2024-09-22 00:00:00+00:00,0.0,1.0406870168333926,1.0406870168333926,0.0,0,2024,TOP1
2024-09-23 00:00:00+00:00,0.0,1.0406870168333926,1.0406870168333926,0.0,0,2024,TOP1
2024-09-24 00:00:00+00:00,0.0,1.0406870168333926,1.0406870168333926,0.0,0,2024,TOP1
2024-09-25 00:00:00+00:00,0.0,1.0406870168333926,1.0406870168333926,0.0,0,2024,TOP1
2024-09-26 00:00:00+00:00,0.0,1.0406870168333926,1.0406870168333926,0.0,0,2024,TOP1
2024-09-27 00:00:00+00:00,0.0,1.0406870168333926,1.0406870168333926,0.0,0,2024,TOP1
2024-09-28 00:00:00+00:00,0.0,1.0406870168333926,1.0406870168333926,0.0,0,2024,TOP1
2024-09-29 00:00:00+00:00,0.0,1.0406870168333926,1.0406870168333926,0.0,0,2024,TOP1
2024-09-30 00:00:00+00:00,-0.0034807200378966785,1.0370646766807217,0.9671350445926986,0.0674303480394715,1,2024,TOP1
2024-10-01 00:00:00+00:00,-0.0017976783424560328,1.0352003679717265,1.0352003679717265,0.0,0,2024,TOP1
2024-10-02 00:00:00+00:00,0.0,1.0352003679717265,1.0352003679717265,0.0,0,2024,TOP1
2024-10-03 00:00:00+00:00,0.0,1.0352003679717265,1.0352003679717265,0.0,0,2024,TOP1
2024-10-04 00:00:00+00:00,0.0,1.0352003679717265,1.0352003679717265,0.0,0,2024,TOP1
2024-10-05 00:00:00+00:00,0.0,1.0352003679717265,1.0352003679717265,0.0,0,2024,TOP1
2024-10-06 00:00:00+00:00,0.0,1.0352003679717265,1.0352003679717265,0.0,0,2024,TOP1
2024-10-07 00:00:00+00:00,0.0,1.0352003679717265,1.0352003679717265,0.0,0,2024,TOP1
2024-10-08 00:00:00+00:00,0.0,1.0352003679717265,1.0352003679717265,0.0,0,2024,TOP1
2024-10-09 00:00:00+00:00,0.0,1.0352003679717265,1.0352003679717265,0.0,0,2024,TOP1
2024-10-10 00:00:00+00:00,0.0,1.0352003679717265,1.0352003679717265,0.0,0,2024,TOP1
2024-10-11 00:00:00+00:00,0.0,1.0352003679717265,1.0352003679717265,0.0,0,2024,TOP1
2024-10-12 00:00:00+00:00,0.0,1.0352003679717265,1.0352003679717265,0.0,0,2024,TOP1
2024-10-13 00:00:00+00:00,0.0,1.0352003679717265,1.0352003679717265,0.0,0,2024,TOP1
2024-10-14 00:00:00+00:00,0.0,1.0352003679717265,1.0352003679717265,0.0,0,2024,TOP1
2024-10-15 00:00:00+00:00,0.0,1.0352003679717265,1.0352003679717265,0.0,0,2024,TOP1
2024-10-16 00:00:00+00:00,0.0,1.0352003679717265,1.0352003679717265,0.0,0,2024,TOP1
2024-10-17 00:00:00+00:00,0.0,1.0352003679717265,1.0352003679717265,0.0,0,2024,TOP1
2024-10-18 00:00:00+00:00,0.0,1.0352003679717265,1.0352003679717265,0.0,0,2024,TOP1
2024-10-19 00:00:00+00:00,0.0,1.0352003679717265,1.0352003679717265,0.0,0,2024,TOP1
2024-10-20 00:00:00+00:00,0.0,1.0352003679717265,1.0352003679717265,0.0,0,2024,TOP1
2024-10-21 00:00:00+00:00,-0.0022584900444777567,1.0328623782466226,0.9449838407421405,0.08508252343711467,1,2024,TOP1
2024-10-22 00:00:00+00:00,6.124451614719639e-05,1.032925635403225,0.9449838407421405,0.08513855368373592,1,2024,TOP1
2024-10-23 00:00:00+00:00,-0.0009563029637288389,1.0319378455567774,0.9449838407421405,0.0842628315155176,1,2024,TOP1
2024-10-24 00:00:00+00:00,0.0019333068086886396,1.0339328980197358,0.9449838407421405,0.08602981629461365,1,2024,TOP1
2024-10-25 00:00:00+00:00,-0.0018921360326258352,1.0319765563280754,0.9449838407421405,0.0842971819974941,1,2024,TOP1
2024-10-26 00:00:00+00:00,0.0004985032982876003,1.0324910000451604,0.9449838407421405,0.08475343542867925,1,2024,TOP1
2024-10-27 00:00:00+00:00,0.0011734627746291526,1.033702589798853,0.9449838407421405,0.08582618437086058,1,2024,TOP1
2024-10-28 00:00:00+00:00,0.003907015700860272,1.037741282047217,0.8611635646724675,0.17015581863179188,2,2024,TOP1
2024-10-29 00:00:00+00:00,0.0042351410287613245,1.0421362627280546,0.8849190724845878,0.15086049288018358,2,2024,TOP1
2024-10-30 00:00:00+00:00,-0.0018251366131655233,1.0402342216790421,0.8849190724845878,0.14930786351535333,2,2024,TOP1
2024-10-31 00:00:00+00:00,-0.00452311281710438,1.035529124938175,0.8849190724845878,0.14544260400457526,2,2024,TOP1
2024-11-01 00:00:00+00:00,-0.0018004676722256363,1.0336646882250757,0.9523113585438145,0.07870379109201703,1,2024,TOP1
2024-11-02 00:00:00+00:00,-0.0006179847494572899,1.0330258992117,0.9523113585438145,0.07813409201984052,1,2024,TOP1
2024-11-03 00:00:00+00:00,-0.0023107381320883746,1.0306388468749568,1.0306388468749568,0.0,0,2024,TOP1
2024-11-04 00:00:00+00:00,-0.001307099197181194,1.0292916996656227,0.9433479261414889,0.08349797589162876,1,2024,TOP1
2024-11-05 00:00:00+00:00,0.001873012536137475,1.0312195759224387,0.9433479261414889,0.08521138643275611,1,2024,TOP1
2024-11-06 00:00:00+00:00,0.006733224886344535,1.0381630092343253,0.9663692615989736,0.06915459999706736,1,2024,TOP1
2024-11-07 00:00:00+00:00,0.00026162206578339564,1.038434615585421,0.9663692615989736,0.06939806599746313,1,2024,TOP1
2024-11-08 00:00:00+00:00,0.0006722989264669188,1.0391327540626851,0.9906763190179348,0.046631611654334465,1,2024,TOP1
2024-11-09 00:00:00+00:00,0.00010219855085447094,1.0392389519242957,0.9906763190179348,0.04672903456557357,1,2024,TOP1
2024-11-10 00:00:00+00:00,0.0025238910162652672,1.0418618777788105,1.0418618777788105,0.0,0,2024,TOP1
2024-11-11 00:00:00+00:00,0.002715406149395694,1.044690955928552,0.9907020652200634,0.051679293672549975,1,2024,TOP1
2024-11-12 00:00:00+00:00,-0.0024405338793727083,1.0421413522571341,0.9907020652200634,0.04935922264831001,1,2024,TOP1
2024-11-13 00:00:00+00:00,0.0008139467352230589,1.0429895998084449,0.9907020652200634,0.050132364309274494,1,2024,TOP1
2024-11-14 00:00:00+00:00,-0.0012956628343772092,1.0416382369473312,0.9907020652200634,0.048900059464544336,1,2024,TOP1
2024-11-15 00:00:00+00:00,0.0020720166438188414,1.0437965287111242,0.9907020652200634,0.0508666795018198,1,2024,TOP1
2024-11-16 00:00:00+00:00,-0.0006380164881435446,1.0431305693155395,0.9907020652200634,0.050260730188242356,1,2024,TOP1
2024-11-17 00:00:00+00:00,0.004695560195296711,1.0480286516953148,1.004740683355115,0.04130418406994527,1,2024,TOP1
2024-11-18 00:00:00+00:00,0.0006975509146158743,1.0487597050398485,0.9399768949328082,0.10372519995217301,2,2024,TOP1
2024-11-19 00:00:00+00:00,0.000891165970398955,1.0496943240001058,0.9399768949328082,0.10452321838722871,2,2024,TOP1
2024-11-20 00:00:00+00:00,0.0009805485986134066,1.0507236002984766,0.9399768949328082,0.10540041675489988,2,2024,TOP1
2024-11-21 00:00:00+00:00,0.005921045031695105,1.0569449820517087,0.9727489640895717,0.07965979250755162,2,2024,TOP1
2024-11-22 00:00:00+00:00,0.0003543677452109151,1.0573195292618103,0.9727489640895717,0.07998581585954757,2,2024,TOP1
2024-11-23 00:00:00+00:00,-0.0008533098494006852,1.0564173080935275,0.9727489640895717,0.07920008822550306,2,2024,TOP1
2024-11-24 00:00:00+00:00,-0.00013222685721603344,1.0562776213529697,0.9727489640895717,0.07907831764570315,2,2024,TOP1
2024-11-25 00:00:00+00:00,-0.006847785205468471,1.0490444590846013,0.9485454282577892,0.09580054492114463,2,2024,TOP1
2024-11-26 00:00:00+00:00,-0.002248135369163351,1.0466860651323084,0.9485454282577892,0.09376320192254932,2,2024,TOP1
2024-11-27 00:00:00+00:00,0.004323768044074194,1.0512116928929054,0.9485454282577892,0.09766469049881042,2,2024,TOP1
2024-11-28 00:00:00+00:00,0.000616654061566857,1.0518599268528943,0.9485454282577892,0.09822077631972953,2,2024,TOP1
2024-11-29 00:00:00+00:00,0.0009945771474673126,1.0529060826984789,0.9485454282577892,0.09911677418865816,2,2024,TOP1
2024-11-30 00:00:00+00:00,-0.0006321772804575021,1.0522404593945414,0.9485454282577892,0.09854689601692215,2,2024,TOP1
2024-12-01 00:00:00+00:00,0.0005909014735465679,1.052862229832523,0.9485454282577892,0.09907925141480972,2,2024,TOP1
2024-12-02 00:00:00+00:00,-0.0025862225450885568,1.0501392937968579,0.9613886363895713,0.08451322403754831,2,2024,TOP1
2024-12-03 00:00:00+00:00,0.0012862225158365437,1.051490006601304,0.9613886363895713,0.08568923113493426,2,2024,TOP1
2024-12-04 00:00:00+00:00,0.0006600492776605016,1.0521840418206283,0.9613886363895713,0.08629232322698098,2,2024,TOP1
2024-12-05 00:00:00+00:00,0.00020179544584308928,1.0523963677684565,0.9613886363895713,0.08647666807503492,2,2024,TOP1
2024-12-06 00:00:00+00:00,0.001593525039164545,1.0540733877316213,0.9613886363895713,0.08793007433904468,2,2024,TOP1
2024-12-07 00:00:00+00:00,0.000244396568916061,1.0543309996509687,0.9613886363895713,0.08815292663515109,2,2024,TOP1
2024-12-08 00:00:00+00:00,0.00047938062614516497,1.0548364255057456,0.9613886363895713,0.08858983900880223,2,2024,TOP1
2024-12-09 00:00:00+00:00,-0.012245834831281388,1.041919072864983,0.9894399455511083,0.050367757612471684,1,2024,TOP1
2024-12-10 00:00:00+00:00,-0.000353886724049457,1.0415503515375621,0.9894399455511083,0.05003157639909312,1,2024,TOP1
2024-12-11 00:00:00+00:00,0.0023474072059121998,1.043995294338082,0.9894399455511083,0.05225631675051087,1,2024,TOP1
2024-12-12 00:00:00+00:00,-0.0005791265932802991,1.0433906888998712,0.9894399455511083,0.05170713513424921,1,2024,TOP1
2024-12-13 00:00:00+00:00,0.0007341891393384259,1.0441567350117482,0.9894399455511083,0.052402850669755315,1,2024,TOP1
2024-12-14 00:00:00+00:00,-2.195846805275181e-06,1.0441544422035174,0.9894399455511083,0.05240076988701312,1,2024,TOP1
2024-12-15 00:00:00+00:00,0.0015302031116724013,1.0457522105800439,1.0081810896232812,0.03592736460573499,1,2024,TOP1
2024-12-16 00:00:00+00:00,0.000770574924888745,1.046558041011164,0.9791322288108808,0.06442625211224552,1,2024,TOP1
2024-12-17 00:00:00+00:00,4.5607996636887194e-05,1.0466057724267785,0.9791322288108808,0.06446891981060446,1,2024,TOP1
2024-12-18 00:00:00+00:00,-0.0036019015995153447,1.0428360014210125,0.9791322288108808,0.06108704774607545,1,2024,TOP1
2024-12-19 00:00:00+00:00,-0.0025339647962612233,1.0401934917051379,1.0401934917051379,0.0,0,2024,TOP1
2024-12-20 00:00:00+00:00,0.0,1.0401934917051379,1.0401934917051379,0.0,0,2024,TOP1
2024-12-21 00:00:00+00:00,0.0,1.0401934917051379,1.0401934917051379,0.0,0,2024,TOP1
2024-12-22 00:00:00+00:00,0.0,1.0401934917051379,1.0401934917051379,0.0,0,2024,TOP1
2024-12-23 00:00:00+00:00,-0.00026431863174625203,1.039918549184659,0.9872370684221944,0.05065923749871479,1,2024,TOP1
2024-12-24 00:00:00+00:00,0.0020193490756019727,1.0420185077456563,0.9872370684221944,0.05257242449750565,1,2024,TOP1
2024-12-25 00:00:00+00:00,0.00040817015370397947,1.0424438286001252,0.9872370684221944,0.05295897837686549,1,2024,TOP1
2024-12-26 00:00:00+00:00,-0.0019377002757229311,1.040423884906021,0.9872370684221944,0.051120333986402894,1,2024,TOP1
2024-12-27 00:00:00+00:00,-0.0007965278468893278,1.0395951583091245,0.9872370684221944,0.05036392240618866,1,2024,TOP1
2024-12-28 00:00:00+00:00,0.0005346054504582476,1.0401509315470265,0.9872370684221944,0.05087133176541301,1,2024,TOP1
2024-12-29 00:00:00+00:00,-0.000833691982699003,1.0392837660545988,0.9872370684221944,0.05007939056912987,1,2024,TOP1
2024-12-30 00:00:00+00:00,-0.0003267058439238024,1.0389442259747337,0.9538818642763702,0.0818738480581652,2,2024,TOP1
2024-12-31 00:00:00+00:00,-9.411370148026954e-05,1.0388464470879957,1.0388464470879957,0.0,0,2024,TOP1
2025-01-01 00:00:00+00:00,0.0,1.0,1.0,0.0,0,2025,TOP1
2025-01-02 00:00:00+00:00,0.0,1.0,1.0,0.0,0,2025,TOP1
2025-01-03 00:00:00+00:00,0.0,1.0,1.0,0.0,0,2025,TOP1
2025-01-04 00:00:00+00:00,0.0,1.0,1.0,0.0,0,2025,TOP1
2025-01-05 00:00:00+00:00,0.0,1.0,1.0,0.0,0,2025,TOP1
2025-01-06 00:00:00+00:00,0.002526594913293545,1.0025265949132935,0.9322437437595849,0.07010572239211993,1,2025,TOP1
2025-01-07 00:00:00+00:00,-0.003621318003665719,0.9988961273059803,0.9322437437595849,0.06672604060059452,1,2025,TOP1
2025-01-08 00:00:00+00:00,-0.0013034874865416324,0.9975940787036821,0.9322437437595849,0.06550794189658415,1,2025,TOP1
2025-01-09 00:00:00+00:00,-0.0017283897003150805,0.9958698473729554,0.9322437437595849,0.0638899789778879,1,2025,TOP1
2025-01-10 00:00:00+00:00,0.001500473256915269,0.9973641234463068,0.9322437437595849,0.06529248261076809,1,2025,TOP1
2025-01-11 00:00:00+00:00,-8.693155357974991e-05,0.9972774210335709,0.9322437437595849,0.06521121996985112,1,2025,TOP1
2025-01-12 00:00:00+00:00,-3.78652504396948e-05,0.9972396588742656,0.9322437437595849,0.06517582261825744,1,2025,TOP1
2025-01-13 00:00:00+00:00,-0.0031546425771954434,0.9940937241867129,0.9211496667205119,0.07337744489422063,1,2025,TOP1
2025-01-14 00:00:00+00:00,0.0010921799636469665,0.9951794534342568,0.9211496667205119,0.07438837936040187,1,2025,TOP1
2025-01-15 00:00:00+00:00,0.0016710749273252112,0.9968424728670799,0.9211496667205119,0.07593256528171731,1,2025,TOP1
2025-01-16 00:00:00+00:00,-0.0006896295059800606,0.9961550208849766,0.9211496667205119,0.07529486133376162,1,2025,TOP1
2025-01-17 00:00:00+00:00,0.0014525177317032956,0.9976019537163374,0.9211496667205119,0.07663606382387289,1,2025,TOP1
2025-01-18 00:00:00+00:00,-0.0012996361965254,0.9963054341075632,0.9211496667205119,0.07543446498851206,1,2025,TOP1
2025-01-19 00:00:00+00:00,-0.0027993424613084184,0.9935164340014336,0.9211496667205119,0.07283902389964621,1,2025,TOP1
2025-01-20 00:00:00+00:00,0.001470011243817515,0.9949769143303333,0.8719396142445187,0.12365844705917076,2,2025,TOP1
2025-01-21 00:00:00+00:00,0.0004685581730736743,0.9954431188955624,0.9221209098768021,0.0736578591252012,1,2025,TOP1
2025-01-22 00:00:00+00:00,0.0003522161102906818,0.9957937299989155,0.9221209098768021,0.07398401687284538,1,2025,TOP1
2025-01-23 00:00:00+00:00,-0.0006148315181807584,0.9951814846281054,0.9221209098768021,0.07341432279420444,1,2025,TOP1
2025-01-24 00:00:00+00:00,-0.0009888060120598618,0.9941974431930145,0.9221209098768021,0.07249720245178645,1,2025,TOP1
2025-01-25 00:00:00+00:00,0.000633931008285904,0.994827695780613,0.9221209098768021,0.07308480273738265,1,2025,TOP1
2025-01-26 00:00:00+00:00,-0.002026229306661409,0.9928119467483439,0.9221209098768021,0.07120284672547413,1,2025,TOP1
2025-01-27 00:00:00+00:00,-0.002804376448615087,0.9900277283069792,0.933235646841327,0.05736413217715716,1,2025,TOP1
2025-01-28 00:00:00+00:00,-0.00041994123416555507,0.9896119748408958,0.933235646841327,0.05696811420317819,1,2025,TOP1
2025-01-29 00:00:00+00:00,0.0013479339405102486,0.9909459064097191,0.933235646841327,0.0582375477764284,1,2025,TOP1
2025-01-30 00:00:00+00:00,0.0005556338646544035,0.9914965095133611,0.933235646841327,0.0587605322994322,1,2025,TOP1
2025-01-31 00:00:00+00:00,-0.0012868262633275451,0.9902206257649218,0.933235646841327,0.05754776000507488,1,2025,TOP1
2025-02-01 00:00:00+00:00,-0.0010078682574707898,0.9892226138283204,0.933235646841327,0.05659693400085367,1,2025,TOP1
2025-02-02 00:00:00+00:00,-0.0016506615410001313,0.9875897421041864,0.933235646841327,0.055037120117358715,1,2025,TOP1
2025-02-03 00:00:00+00:00,-0.0010776907782431566,0.9865254257464332,0.9643396359938164,0.022488816986982765,1,2025,TOP1
2025-02-04 00:00:00+00:00,-0.001002368206743598,0.9855365640245208,0.9643396359938164,0.021508007723371428,1,2025,TOP1
2025-02-05 00:00:00+00:00,-0.0010949682600168709,0.9844574327678279,0.9643396359938164,0.020435415594811226,1,2025,TOP1
2025-02-06 00:00:00+00:00,-0.0006856263237500215,0.983782462837311,0.9643396359938164,0.019763339536892886,1,2025,TOP1
2025-02-07 00:00:00+00:00,0.0002554615483032485,0.9840337814284609,0.9643396359938164,0.02001368835738105,1,2025,TOP1
2025-02-08 00:00:00+00:00,0.0007641040453127967,0.9847856856215748,0.9643396359938164,0.020761928129421656,1,2025,TOP1
2025-02-09 00:00:00+00:00,0.0001197883671926192,0.9849036514908901,0.9643396359938164,0.020879215409492117,1,2025,TOP1
2025-02-10 00:00:00+00:00,0.00042066842752319644,0.9853179693612247,0.9280712655116891,0.058099725803892825,1,2025,TOP1
2025-02-11 00:00:00+00:00,-0.0009854866135585727,0.9843469516923206,0.9280712655116891,0.057170580031644866,1,2025,TOP1
2025-02-12 00:00:00+00:00,0.00124860195330867,0.9855760092189371,0.9280712655116891,0.05834633064254492,1,2025,TOP1
2025-02-13 00:00:00+00:00,-0.0007522665254312555,0.9848345933789335,0.9280712655116891,0.05763742282091393,1,2025,TOP1
2025-02-14 00:00:00+00:00,0.0005323793407057131,0.9853588989704608,0.9280712655116891,0.05813885023886018,1,2025,TOP1
2025-02-15 00:00:00+00:00,4.125154726963842e-05,0.9853995465496592,0.9280712655116891,0.05817770186591118,1,2025,TOP1
2025-02-16 00:00:00+00:00,-0.0008655073858661044,0.9845466759640914,0.9280712655116891,0.05736184157759736,1,2025,TOP1
2025-02-17 00:00:00+00:00,-0.0006295071172518485,0.9839268968243053,0.8871241024610734,0.09838413267862665,2,2025,TOP1
2025-02-18 00:00:00+00:00,-0.0012573879230058926,0.9826897190271178,0.8871241024610734,0.09724902450455693,2,2025,TOP1
2025-02-19 00:00:00+00:00,0.0009028127626651283,0.9835769038471953,0.8871241024610734,0.09806330446440255,2,2025,TOP1
2025-02-20 00:00:00+00:00,0.0011759595204210438,0.9847335504713406,0.8871241024610734,0.09912269970241863,2,2025,TOP1
2025-02-21 00:00:00+00:00,-0.0018148454760277266,0.982946411242175,0.8871241024610734,0.09748477402751633,2,2025,TOP1
2025-02-22 00:00:00+00:00,0.0015238442301257482,0.9844442684594691,0.8871241024610734,0.09885797410420134,2,2025,TOP1
2025-02-23 00:00:00+00:00,-0.000800849094212297,0.9836558771587708,0.8871241024610734,0.09813571690998626,2,2025,TOP1
2025-02-24 00:00:00+00:00,-0.0055397922789418574,0.9782066279253508,0.8871241024610734,0.09311174435349268,2,2025,TOP1
2025-02-25 00:00:00+00:00,-0.0036409789161365724,0.9746449982174495,0.9746449982174495,0.0,0,2025,TOP1
2025-02-26 00:00:00+00:00,0.0,0.9746449982174495,0.9746449982174495,0.0,0,2025,TOP1
2025-02-27 00:00:00+00:00,0.0,0.9746449982174495,0.9746449982174495,0.0,0,2025,TOP1
2025-02-28 00:00:00+00:00,0.0,0.9746449982174495,0.9746449982174495,0.0,0,2025,TOP1
2025-03-01 00:00:00+00:00,0.0,0.9746449982174495,0.9746449982174495,0.0,0,2025,TOP1
2025-03-02 00:00:00+00:00,0.0,0.9746449982174495,0.9746449982174495,0.0,0,2025,TOP1
2025-03-03 00:00:00+00:00,0.0,0.9746449982174495,0.9746449982174495,0.0,0,2025,TOP1
2025-03-04 00:00:00+00:00,0.0,0.9746449982174495,0.9746449982174495,0.0,0,2025,TOP1
2025-03-05 00:00:00+00:00,0.0,0.9746449982174495,0.9746449982174495,0.0,0,2025,TOP1
2025-03-06 00:00:00+00:00,0.0,0.9746449982174495,0.9746449982174495,0.0,0,2025,TOP1
2025-03-07 00:00:00+00:00,0.0,0.9746449982174495,0.9746449982174495,0.0,0,2025,TOP1
2025-03-08 00:00:00+00:00,0.0,0.9746449982174495,0.9746449982174495,0.0,0,2025,TOP1
2025-03-09 00:00:00+00:00,0.0,0.9746449982174495,0.9746449982174495,0.0,0,2025,TOP1
2025-03-10 00:00:00+00:00,0.0,0.9746449982174495,0.9746449982174495,0.0,0,2025,TOP1
2025-03-11 00:00:00+00:00,0.0,0.9746449982174495,0.9746449982174495,0.0,0,2025,TOP1
2025-03-12 00:00:00+00:00,0.0,0.9746449982174495,0.9746449982174495,0.0,0,2025,TOP1
2025-03-13 00:00:00+00:00,0.0,0.9746449982174495,0.9746449982174495,0.0,0,2025,TOP1
2025-03-14 00:00:00+00:00,0.0,0.9746449982174495,0.9746449982174495,0.0,0,2025,TOP1
2025-03-15 00:00:00+00:00,0.0,0.9746449982174495,0.9746449982174495,0.0,0,2025,TOP1
2025-03-16 00:00:00+00:00,0.0,0.9746449982174495,0.9746449982174495,0.0,0,2025,TOP1
2025-03-17 00:00:00+00:00,0.0,0.9746449982174495,0.9746449982174495,0.0,0,2025,TOP1
2025-03-18 00:00:00+00:00,0.0,0.9746449982174495,0.9746449982174495,0.0,0,2025,TOP1
2025-03-19 00:00:00+00:00,0.0,0.9746449982174495,0.9746449982174495,0.0,0,2025,TOP1
2025-03-20 00:00:00+00:00,0.0,0.9746449982174495,0.9746449982174495,0.0,0,2025,TOP1
2025-03-21 00:00:00+00:00,0.0,0.9746449982174495,0.9746449982174495,0.0,0,2025,TOP1
2025-03-22 00:00:00+00:00,0.0,0.9746449982174495,0.9746449982174495,0.0,0,2025,TOP1
2025-03-23 00:00:00+00:00,0.0,0.9746449982174495,0.9746449982174495,0.0,0,2025,TOP1
2025-03-24 00:00:00+00:00,0.0,0.9746449982174495,0.9746449982174495,0.0,0,2025,TOP1
2025-03-25 00:00:00+00:00,0.0,0.9746449982174495,0.9746449982174495,0.0,0,2025,TOP1
2025-03-26 00:00:00+00:00,0.0,0.9746449982174495,0.9746449982174495,0.0,0,2025,TOP1
2025-03-27 00:00:00+00:00,0.0,0.9746449982174495,0.9746449982174495,0.0,0,2025,TOP1
2025-03-28 00:00:00+00:00,0.0,0.9746449982174495,0.9746449982174495,0.0,0,2025,TOP1
2025-03-29 00:00:00+00:00,0.0,0.9746449982174495,0.9746449982174495,0.0,0,2025,TOP1
2025-03-30 00:00:00+00:00,0.0,0.9746449982174495,0.9746449982174495,0.0,0,2025,TOP1
2025-03-31 00:00:00+00:00,0.0,0.9746449982174495,0.9746449982174495,0.0,0,2025,TOP1
2025-04-01 00:00:00+00:00,0.0,0.9746449982174495,0.9746449982174495,0.0,0,2025,TOP1
2025-04-02 00:00:00+00:00,0.0,0.9746449982174495,0.9746449982174495,0.0,0,2025,TOP1
2025-04-03 00:00:00+00:00,0.0,0.9746449982174495,0.9746449982174495,0.0,0,2025,TOP1
2025-04-04 00:00:00+00:00,0.0,0.9746449982174495,0.9746449982174495,0.0,0,2025,TOP1
2025-04-05 00:00:00+00:00,0.0,0.9746449982174495,0.9746449982174495,0.0,0,2025,TOP1
2025-04-06 00:00:00+00:00,0.0,0.9746449982174495,0.9746449982174495,0.0,0,2025,TOP1
2025-04-07 00:00:00+00:00,0.0,0.9746449982174495,0.9746449982174495,0.0,0,2025,TOP1
2025-04-08 00:00:00+00:00,0.0,0.9746449982174495,0.9746449982174495,0.0,0,2025,TOP1
2025-04-09 00:00:00+00:00,0.0,0.9746449982174495,0.9746449982174495,0.0,0,2025,TOP1
2025-04-10 00:00:00+00:00,0.0,0.9746449982174495,0.9746449982174495,0.0,0,2025,TOP1
2025-04-11 00:00:00+00:00,0.0,0.9746449982174495,0.9746449982174495,0.0,0,2025,TOP1
2025-04-12 00:00:00+00:00,0.0,0.9746449982174495,0.9746449982174495,0.0,0,2025,TOP1
2025-04-13 00:00:00+00:00,0.0,0.9746449982174495,0.9746449982174495,0.0,0,2025,TOP1
2025-04-14 00:00:00+00:00,0.0,0.9746449982174495,0.9746449982174495,0.0,0,2025,TOP1
2025-04-15 00:00:00+00:00,0.0,0.9746449982174495,0.9746449982174495,0.0,0,2025,TOP1
2025-04-16 00:00:00+00:00,0.0,0.9746449982174495,0.9746449982174495,0.0,0,2025,TOP1
2025-04-17 00:00:00+00:00,0.0,0.9746449982174495,0.9746449982174495,0.0,0,2025,TOP1
2025-04-18 00:00:00+00:00,0.0,0.9746449982174495,0.9746449982174495,0.0,0,2025,TOP1
2025-04-19 00:00:00+00:00,0.0,0.9746449982174495,0.9746449982174495,0.0,0,2025,TOP1
2025-04-20 00:00:00+00:00,0.0,0.9746449982174495,0.9746449982174495,0.0,0,2025,TOP1
2025-04-21 00:00:00+00:00,0.0,0.9746449982174495,0.9746449982174495,0.0,0,2025,TOP1
2025-04-22 00:00:00+00:00,0.0,0.9746449982174495,0.9746449982174495,0.0,0,2025,TOP1
2025-04-23 00:00:00+00:00,0.0,0.9746449982174495,0.9746449982174495,0.0,0,2025,TOP1
2025-04-24 00:00:00+00:00,0.0,0.9746449982174495,0.9746449982174495,0.0,0,2025,TOP1
2025-04-25 00:00:00+00:00,0.0,0.9746449982174495,0.9746449982174495,0.0,0,2025,TOP1
2025-04-26 00:00:00+00:00,0.0,0.9746449982174495,0.9746449982174495,0.0,0,2025,TOP1
2025-04-27 00:00:00+00:00,0.0,0.9746449982174495,0.9746449982174495,0.0,0,2025,TOP1
2025-04-28 00:00:00+00:00,0.0,0.9746449982174495,0.9746449982174495,0.0,0,2025,TOP1
2025-04-29 00:00:00+00:00,0.0,0.9746449982174495,0.9746449982174495,0.0,0,2025,TOP1
2025-04-30 00:00:00+00:00,0.0,0.9746449982174495,0.9746449982174495,0.0,0,2025,TOP1
2025-05-01 00:00:00+00:00,0.0,0.9746449982174495,0.9746449982174495,0.0,0,2025,TOP1
2025-05-02 00:00:00+00:00,0.0,0.9746449982174495,0.9746449982174495,0.0,0,2025,TOP1
2025-05-03 00:00:00+00:00,0.0,0.9746449982174495,0.9746449982174495,0.0,0,2025,TOP1
2025-05-04 00:00:00+00:00,0.0,0.9746449982174495,0.9746449982174495,0.0,0,2025,TOP1
2025-05-05 00:00:00+00:00,0.0,0.9746449982174495,0.9746449982174495,0.0,0,2025,TOP1
2025-05-06 00:00:00+00:00,0.0,0.9746449982174495,0.9746449982174495,0.0,0,2025,TOP1
2025-05-07 00:00:00+00:00,0.0,0.9746449982174495,0.9746449982174495,0.0,0,2025,TOP1
2025-05-08 00:00:00+00:00,0.0,0.9746449982174495,0.9746449982174495,0.0,0,2025,TOP1
2025-05-09 00:00:00+00:00,0.0,0.9746449982174495,0.9746449982174495,0.0,0,2025,TOP1
2025-05-10 00:00:00+00:00,0.0,0.9746449982174495,0.9746449982174495,0.0,0,2025,TOP1
2025-05-11 00:00:00+00:00,0.0,0.9746449982174495,0.9746449982174495,0.0,0,2025,TOP1
2025-05-12 00:00:00+00:00,-0.00144147416689977,0.9732400726306211,0.8791540408400382,0.09667299409103941,1,2025,TOP1
2025-05-13 00:00:00+00:00,0.0012342835702963129,0.9744413268622231,0.8791540408400382,0.0977865812906533,1,2025,TOP1
2025-05-14 00:00:00+00:00,-0.0005597400726035096,0.9738958930031774,0.8791540408400382,0.09728129345631195,1,2025,TOP1
2025-05-15 00:00:00+00:00,0.00024049690335026241,0.9741301119496302,0.8791540408400382,0.09749834231025481,1,2025,TOP1
2025-05-16 00:00:00+00:00,-0.0002817071402713145,0.9738556925415407,0.8791540408400382,0.09724402950744453,1,2025,TOP1
2025-05-17 00:00:00+00:00,-0.00031697576595690613,0.9735470038874658,0.8791540408400382,0.09695778701029072,1,2025,TOP1
2025-05-18 00:00:00+00:00,0.0031285579589108714,0.9765928021148518,0.8791540408400382,0.09977419561541503,1,2025,TOP1
2025-05-19 00:00:00+00:00,-0.0008252668772793514,0.9757868524226769,0.8791540408400382,0.09903065545792038,1,2025,TOP1
2025-05-20 00:00:00+00:00,0.0011971525686991225,0.9769550181595575,0.8791540408400382,0.10010796352094314,1,2025,TOP1
2025-05-21 00:00:00+00:00,0.002519152435796146,0.9794161167732174,0.9041473494630032,0.07685065216018136,1,2025,TOP1
2025-05-22 00:00:00+00:00,0.00143842307614106,0.9808249315167283,0.9041473494630032,0.07817662417609261,1,2025,TOP1
2025-05-23 00:00:00+00:00,-0.0030641167211202802,0.9778195694435763,0.9041473494630032,0.07534336832969692,1,2025,TOP1
2025-05-24 00:00:00+00:00,0.0003114386980107575,0.9781241002971733,0.9041473494630032,0.07563125252889125,1,2025,TOP1
2025-05-25 00:00:00+00:00,0.0008718775715053084,0.9789769047623713,0.9041473494630032,0.07643648684187461,1,2025,TOP1
2025-05-26 00:00:00+00:00,0.000675223057319041,0.9796379325410497,0.8341336123715252,0.14852867098776565,2,2025,TOP1
2025-05-27 00:00:00+00:00,0.0009965864682226488,0.9806142264483777,0.8341336123715252,0.14937639096607955,2,2025,TOP1
2025-05-28 00:00:00+00:00,-0.0008116646669402705,0.9798182965288705,0.8341336123715252,0.1486854089921077,2,2025,TOP1
2025-05-29 00:00:00+00:00,-0.002800239401380633,0.9770745707287367,0.8341336123715252,0.14629483013829858,2,2025,TOP1
2025-05-30 00:00:00+00:00,-0.00328050610096442,0.9738692716383639,0.9054659293345914,0.0702387315175228,1,2025,TOP1
2025-05-31 00:00:00+00:00,0.00028401586688442393,0.9741458659637804,0.9054659293345914,0.07050272349227693,1,2025,TOP1
2025-06-01 00:00:00+00:00,0.0002957212152379096,0.9744339415630823,0.9054659293345914,0.070777514294976,1,2025,TOP1
2025-06-02 00:00:00+00:00,-0.00013829981215029985,0.9742991775320112,0.8853303411516349,0.09131572563341638,1,2025,TOP1
2025-06-03 00:00:00+00:00,-0.00041500878301425903,0.9738948348160519,0.8853303411516349,0.09093845710881601,1,2025,TOP1
2025-06-04 00:00:00+00:00,-0.0005868542807413446,0.9733233004632482,0.8853303411516349,0.0904046571881445,1,2025,TOP1
2025-06-05 00:00:00+00:00,-0.002752960499045498,0.9706437798642723,0.8853303411516349,0.08789366447551643,1,2025,TOP1
2025-06-06 00:00:00+00:00,0.0024069202038925486,0.9729800419888102,0.8853303411516349,0.09008376025680427,1,2025,TOP1
2025-06-07 00:00:00+00:00,0.0010915854976270012,0.9740421328921256,0.8853303411516349,0.0910759285915976,1,2025,TOP1
2025-06-08 00:00:00+00:00,0.00015690971348636396,0.9741949695641214,0.8853303411516349,0.09121852523242521,1,2025,TOP1
2025-06-09 00:00:00+00:00,0.003907262802392397,0.9780014053309771,0.8853303411516349,0.09475555318653175,1,2025,TOP1
2025-06-10 00:00:00+00:00,9.7709153961123e-06,0.9780109612999658,0.8853303411516349,0.09476439816701074,1,2025,TOP1
2025-06-11 00:00:00+00:00,-0.0014001146685242993,0.9766416338070721,0.8853303411516349,0.09349518748191633,1,2025,TOP1
2025-06-12 00:00:00+00:00,-0.002558767991667321,0.9741426344551569,0.8853303411516349,0.09116970160452455,1,2025,TOP1
2025-06-13 00:00:00+00:00,0.00034067075816368586,0.9744744963649963,0.8853303411516349,0.09147920807151823,1,2025,TOP1
2025-06-14 00:00:00+00:00,-0.0005622870472429264,0.9739265619778217,0.8853303411516349,0.09096807119241947,1,2025,TOP1
2025-06-15 00:00:00+00:00,0.00015478820522263348,0.9740773143223689,0.8853303411516349,0.09110875683669123,1,2025,TOP1
2025-06-16 00:00:00+00:00,-0.00018220890271725132,0.9738998287637645,0.9738998287637645,0.0,0,2025,TOP1
2025-06-17 00:00:00+00:00,0.0,0.9738998287637645,0.9738998287637645,0.0,0,2025,TOP1
2025-06-18 00:00:00+00:00,0.0,0.9738998287637645,0.9738998287637645,0.0,0,2025,TOP1
2025-06-19 00:00:00+00:00,0.0,0.9738998287637645,0.9738998287637645,0.0,0,2025,TOP1
2025-06-20 00:00:00+00:00,0.0,0.9738998287637645,0.9738998287637645,0.0,0,2025,TOP1
2025-06-21 00:00:00+00:00,0.0,0.9738998287637645,0.9738998287637645,0.0,0,2025,TOP1
2025-06-22 00:00:00+00:00,0.0,0.9738998287637645,0.9738998287637645,0.0,0,2025,TOP1
2025-06-23 00:00:00+00:00,0.0034072235916262628,0.977218123236209,0.8933606600184122,0.08581243145602933,1,2025,TOP1
2025-06-24 00:00:00+00:00,0.0006102451321312596,0.9778144658389445,0.8933606600184122,0.08636996973456787,1,2025,TOP1
2025-06-25 00:00:00+00:00,0.0009273558618980715,0.9787212478156889,0.9146300138292115,0.06548466596542815,1,2025,TOP1
2025-06-26 00:00:00+00:00,-0.00024007254060598449,0.9784862837191808,0.9146300138292115,0.06526026062139019,1,2025,TOP1
2025-06-27 00:00:00+00:00,6.134450073025377e-05,0.978546308471727,0.9146300138292115,0.06531759824666711,1,2025,TOP1
2025-06-28 00:00:00+00:00,0.0001520552259333119,0.9786951015517479,0.9146300138292115,0.06545969998312998,1,2025,TOP1
2025-06-29 00:00:00+00:00,0.0006467709457114168,0.9793280931081417,0.9146300138292115,0.06606374281942098,1,2025,TOP1
2025-06-30 00:00:00+00:00,-0.0007379826672914147,0.9786053659498364,0.9146300138292115,0.0653740050347366,1,2025,TOP1
2025-07-01 00:00:00+00:00,-0.0008940698204580322,0.9777304244260023,0.9146300138292115,0.06453763636723825,1,2025,TOP1
2025-07-02 00:00:00+00:00,0.0019349234813719196,0.9796222579826759,0.9146300138292115,0.06634418891961692,1,2025,TOP1
2025-07-03 00:00:00+00:00,0.00044809462607053874,0.980061221452057,0.9146300138292115,0.0667623676875029,1,2025,TOP1
2025-07-04 00:00:00+00:00,-0.0009750974540311264,0.9791055662502245,0.9146300138292115,0.06585148184576381,1,2025,TOP1
2025-07-05 00:00:00+00:00,0.00013042935651697007,0.9792332703591926,0.9146300138292115,0.0659733063463867,1,2025,TOP1
2025-07-06 00:00:00+00:00,0.0006132331472921138,0.9798337686595081,0.9146300138292115,0.06654573144534572,1,2025,TOP1
2025-07-07 00:00:00+00:00,-0.0005733578481940116,0.9792719732783217,0.9146300138292115,0.06601022107546632,1,2025,TOP1
2025-07-08 00:00:00+00:00,0.0004024404502467327,0.9796660719321619,0.9146300138292115,0.06638594513606258,1,2025,TOP1
2025-07-09 00:00:00+00:00,0.0014085051939352056,0.9810459366828004,0.9146300138292115,0.06769909580193596,1,2025,TOP1
2025-07-10 00:00:00+00:00,0.0022901772677499377,0.9832927057856098,0.9371143076763937,0.04696302315425144,1,2025,TOP1
2025-07-11 00:00:00+00:00,0.0006143772236899547,0.983896818428265,0.9371143076763937,0.04754818785429606,1,2025,TOP1
2025-07-12 00:00:00+00:00,-4.355602676331394e-05,0.9838539637921092,0.9371143076763937,0.04750670103067424,1,2025,TOP1
2025-07-13 00:00:00+00:00,0.000669623415323839,0.9845127754435236,0.9845127754435236,0.0,0,2025,TOP1
2025-07-14 00:00:00+00:00,0.00055527957724677,0.9850594552812658,0.8581805809735665,0.1288032652521175,1,2025,TOP1
2025-07-15 00:00:00+00:00,-0.002238869759243367,0.9828540354557799,0.8581805809735665,0.12684839252290236,1,2025,TOP1
2025-07-16 00:00:00+00:00,0.0009396800401011429,0.9837776037752305,0.8581805809735665,0.12766810539260848,1,2025,TOP1
2025-07-17 00:00:00+00:00,0.000588812250815085,0.9843568640804108,0.8581805809735665,0.1281814428395525,1,2025,TOP1
2025-07-18 00:00:00+00:00,-0.0013473631871130376,0.9830305778787668,0.8581805809735665,0.12700520178589755,1,2025,TOP1
2025-07-19 00:00:00+00:00,-9.137278727300302e-05,0.9829407556348915,0.8581805809735665,0.12692542652862235,1,2025,TOP1
2025-07-20 00:00:00+00:00,-0.000619203065196694,0.9823321157060956,0.8581805809735665,0.12638448112152942,1,2025,TOP1
2025-07-21 00:00:00+00:00,9.361777567695739e-05,0.9824240794537441,0.7978133551482105,0.18791347664053842,2,2025,TOP1
2025-07-22 00:00:00+00:00,0.0025108329028995513,0.9848907821570374,0.7978133551482105,0.18994738340336909,2,2025,TOP1
2025-07-23 00:00:00+00:00,-0.0032083891121673647,0.9817308692948907,0.7978133551482105,0.18734005408098808,2,2025,TOP1
2025-07-24 00:00:00+00:00,0.00083724946918462,0.9825528229440901,0.7978133551482105,0.18801988400209577,2,2025,TOP1
2025-07-25 00:00:00+00:00,-0.0004888941604435093,0.9820724586066254,0.7978133551482105,0.18762271749260087,2,2025,TOP1
2025-07-26 00:00:00+00:00,0.000593104176496162,0.9826549298834468,0.7978133551482105,0.188104256249099,2,2025,TOP1
2025-07-27 00:00:00+00:00,0.0037492899498134946,0.9863391881361936,0.7978133551482105,0.19113691847144923,2,2025,TOP1
2025-07-28 00:00:00+00:00,-0.004569484670380652,0.9818321263362095,0.7234060762005743,0.2632079794536507,3,2025,TOP1
2025-07-29 00:00:00+00:00,-0.0019053436018042769,0.979961398776249,0.7234060762005743,0.26180145758399725,3,2025,TOP1
2025-07-30 00:00:00+00:00,-0.00153551467217794,0.97845665367026,0.7925944867006258,0.18995442084475797,2,2025,TOP1
2025-07-31 00:00:00+00:00,-0.004075864354089687,0.9744685970735435,0.7925944867006258,0.1866392728499506,2,2025,TOP1
2025-08-01 00:00:00+00:00,-0.005884800306423021,0.9687340439748855,0.9687340439748855,0.0,0,2025,TOP1
2025-08-02 00:00:00+00:00,0.0,0.9687340439748855,0.9687340439748855,0.0,0,2025,TOP1
2025-08-03 00:00:00+00:00,0.0,0.9687340439748855,0.9687340439748855,0.0,0,2025,TOP1
2025-08-04 00:00:00+00:00,0.002776951886696022,0.9714241718060082,0.9253477620211361,0.04743181312773988,1,2025,TOP1
2025-08-05 00:00:00+00:00,-0.0013893058870870778,0.9700745664852594,0.9253477620211361,0.04610656336056292,1,2025,TOP1
2025-08-06 00:00:00+00:00,0.0009102599759804875,0.9709575865368475,0.9253477620211361,0.04697406472551472,1,2025,TOP1
2025-08-07 00:00:00+00:00,0.002798771339429962,0.9736750748018489,0.9373595285468436,0.037297397453042384,1,2025,TOP1
2025-08-08 00:00:00+00:00,0.0009460960520693007,0.9745962649461173,0.9373595285468436,0.03820734568619796,1,2025,TOP1
2025-08-09 00:00:00+00:00,0.00242439436842945,0.976959070642345,0.9505797907924097,0.027001417605541124,1,2025,TOP1
2025-08-10 00:00:00+00:00,-6.369125782990093e-05,0.9768968468902874,0.9505797907924097,0.026939442154667183,1,2025,TOP1
2025-08-11 00:00:00+00:00,-0.00044642556557672464,0.9764607351629043,0.8929535572258972,0.08552026203396242,2,2025,TOP1
2025-08-12 00:00:00+00:00,0.004326670506222596,0.980685559026218,0.8929535572258972,0.08945986916278777,2,2025,TOP1
2025-08-13 00:00:00+00:00,0.001573236558597424,0.9822284094001666,0.9218110731567467,0.061510475226750995,1,2025,TOP1
2025-08-14 00:00:00+00:00,-0.0005505412754224226,0.9816876521188993,0.9218110731567467,0.06099351339798711,1,2025,TOP1
2025-08-15 00:00:00+00:00,-0.0009151712286101787,0.9807892398241982,0.9218110731567467,0.06013337450360181,1,2025,TOP1
2025-08-16 00:00:00+00:00,0.0007917925394587133,0.9815658214270723,0.9218110731567467,0.06087696511625652,1,2025,TOP1
2025-08-17 00:00:00+00:00,0.0012099760447448205,0.9827534925573393,0.9218110731567467,0.06201190823754508,1,2025,TOP1
2025-08-18 00:00:00+00:00,-0.002495675267600417,0.9803008589718161,0.8724200701913373,0.1100486527101782,2,2025,TOP1
2025-08-19 00:00:00+00:00,-0.004331976983578123,0.9760542182137683,0.8724200701913373,0.1061766304458855,2,2025,TOP1
2025-08-20 00:00:00+00:00,0.006313518893408254,0.9822165549614518,0.8879877962655548,0.09593481011893054,2,2025,TOP1
2025-08-21 00:00:00+00:00,-0.0028521008611418486,0.9794151742792184,0.8879877962655548,0.09334894987812274,2,2025,TOP1
2025-08-22 00:00:00+00:00,0.01014087838865696,0.9893473044535892,0.8879877962655548,0.1024508862881217,2,2025,TOP1
2025-08-23 00:00:00+00:00,-0.0016667546400382927,0.9876983052432818,0.8879877962655548,0.10095239452007272,2,2025,TOP1
2025-08-24 00:00:00+00:00,0.000165593762271099,0.9878618619216359,0.9015122395707433,0.08741062458157985,2,2025,TOP1
2025-08-25 00:00:00+00:00,-0.00863593655100392,0.9793307495609241,0.8962122078380595,0.08487279885792437,2,2025,TOP1
2025-08-26 00:00:00+00:00,0.003137984302884478,0.9824038740803783,0.8962122078380595,0.08773547063116201,2,2025,TOP1
2025-08-27 00:00:00+00:00,0.001011975820449651,0.9833980430468636,0.8962122078380595,0.0886577269756162,2,2025,TOP1
2025-08-28 00:00:00+00:00,0.0033803299007271193,0.9867222528560915,0.8962122078380595,0.09172798602245817,2,2025,TOP1
2025-08-29 00:00:00+00:00,-0.0025420663773475516,0.9842139393933254,0.8962122078380595,0.08941321397003428,2,2025,TOP1
2025-08-30 00:00:00+00:00,-0.000510642278430451,0.9837113581448506,0.8962122078380595,0.08894799229705229,2,2025,TOP1
2025-08-31 00:00:00+00:00,-0.0006685508710521093,0.983053697059499,0.8962122078380595,0.08833850020726118,2,2025,TOP1
2025-09-01 00:00:00+00:00,-0.0021362969002288734,0.9809536024937122,0.856053189698538,0.12732550497562883,3,2025,TOP1
2025-09-02 00:00:00+00:00,0.003014606669691222,0.9839107917664474,0.856053189698538,0.12994836842714405,3,2025,TOP1
2025-09-03 00:00:00+00:00,0.001543191309173464,0.9854291543493032,0.856053189698538,0.13128895576079697,3,2025,TOP1
2025-09-04 00:00:00+00:00,-0.0037725784401915208,0.9817115455672689,0.856053189698538,0.12799926458654504,3,2025,TOP1
2025-09-05 00:00:00+00:00,0.0006629384712466546,0.9823623599184925,0.856053189698538,0.12857696444154723,3,2025,TOP1
2025-09-06 00:00:00+00:00,-0.00040209992841444553,0.9819673520838923,0.856053189698538,0.12822642434918458,3,2025,TOP1
2025-09-07 00:00:00+00:00,0.0026406079366225743,0.9845603428673093,0.856053189698538,0.13052237386946058,3,2025,TOP1
2025-09-08 00:00:00+00:00,0.001188879959803435,0.9857308669281614,0.8265146864142542,0.16152094436291056,3,2025,TOP1
2025-09-09 00:00:00+00:00,0.000847145937252991,0.9865659248273044,0.8265146864142542,0.16223065725796967,3,2025,TOP1
2025-09-10 00:00:00+00:00,0.002993886148092262,0.9895195908838248,0.8265146864142542,0.16473135647974083,3,2025,TOP1
2025-09-11 00:00:00+00:00,0.0027613400406547584,0.9922519909511446,0.8265146864142542,0.1670314658457065,3,2025,TOP1
2025-09-12 00:00:00+00:00,0.006383114499277642,0.9985856490215219,0.8382537845782561,0.16055895115293237,3,2025,TOP1
2025-09-13 00:00:00+00:00,0.000412182733195543,0.9989972487836655,0.8585229637165398,0.14061528721741817,3,2025,TOP1
2025-09-14 00:00:00+00:00,-0.0014356441718822444,0.9975630442057228,0.8585229637165398,0.13937974276090903,3,2025,TOP1
2025-09-15 00:00:00+00:00,-0.0021766048260922766,0.9953917436693733,0.7385851748817348,0.2579954780827865,4,2025,TOP1
2025-09-16 00:00:00+00:00,0.004054143924569598,0.9994272050595372,0.7385851748817348,0.260991524802713,4,2025,TOP1
2025-09-17 00:00:00+00:00,0.003937977047802299,1.003362926454011,0.7600824757202608,0.24246505857409795,4,2025,TOP1
2025-09-18 00:00:00+00:00,0.0006418599806636838,1.0040069449625832,0.7600824757202608,0.24295097804469168,4,2025,TOP1
2025-09-19 00:00:00+00:00,-0.003810523264206278,1.0001811531413787,0.7600824757202608,0.24005519066922384,4,2025,TOP1
2025-09-20 00:00:00+00:00,0.0028956435330524943,1.0030773212293536,0.7600824757202608,0.2422493663911001,4,2025,TOP1
2025-09-21 00:00:00+00:00,-0.0011062933513342754,1.0019676234580033,0.8055333207977969,0.19604855292855647,3,2025,TOP1
2025-09-22 00:00:00+00:00,-0.010369927212630636,0.9915772921333312,0.8362766395833915,0.15661981550204504,2,2025,TOP1
2025-09-23 00:00:00+00:00,-0.0010034687127393749,0.9905822753444126,0.8362766395833915,0.15577265977969476,2,2025,TOP1
2025-09-24 00:00:00+00:00,0.0012659131807011281,0.99183626650334,0.8362766395833915,0.15684002710282485,2,2025,TOP1
2025-09-25 00:00:00+00:00,-0.006034464817069929,0.9858510654488316,0.9858510654488316,0.0,0,2025,TOP1
2025-09-26 00:00:00+00:00,0.0,0.9858510654488316,0.9858510654488316,0.0,0,2025,TOP1
2025-09-27 00:00:00+00:00,0.0,0.9858510654488316,0.9858510654488316,0.0,0,2025,TOP1
2025-09-28 00:00:00+00:00,0.0,0.9858510654488316,0.9858510654488316,0.0,0,2025,TOP1
2025-09-29 00:00:00+00:00,0.0009732665871495794,0.9868105613507387,0.9242295193988134,0.06341748295261954,1,2025,TOP1
2025-09-30 00:00:00+00:00,-0.001051975508840175,0.9857724608083329,0.9242295193988134,0.06243118351983009,1,2025,TOP1
2025-10-01 00:00:00+00:00,0.0030556285086191792,0.9887846152425906,0.9242295193988134,0.06528731823759126,1,2025,TOP1
2025-10-02 00:00:00+00:00,0.0019750691650697316,0.9907375332470517,0.9408032565665132,0.05040111533564646,1,2025,TOP1
2025-10-03 00:00:00+00:00,0.0003205458560042729,0.991055110057722,0.9408032565665132,0.05070540778330875,1,2025,TOP1
2025-10-04 00:00:00+00:00,-0.0002889830835337559,0.9907687118960656,0.9408032565665132,0.05043099840519987,1,2025,TOP1
2025-10-05 00:00:00+00:00,0.00030536314290130484,0.9910712561438184,0.9408032565665132,0.050720873262830875,1,2025,TOP1
2025-10-06 00:00:00+00:00,0.004525328549102037,0.9955561791934404,0.8840319207916275,0.1120220643823087,2,2025,TOP1
2025-10-07 00:00:00+00:00,0.0008605117518023508,0.9964128669852159,0.8994044581076529,0.09735764369550469,2,2025,TOP1
2025-10-08 00:00:00+00:00,0.0009803978477835873,0.9973897480155121,0.8994044581076529,0.09824172556697987,2,2025,TOP1
2025-10-09 00:00:00+00:00,-0.0036594580563129586,0.9937398420668527,0.8994044581076529,0.09492965861466739,2,2025,TOP1
2025-10-10 00:00:00+00:00,-0.0059323296168977135,0.9878446497702683,0.9878446497702683,0.0,0,2025,TOP1
2025-10-11 00:00:00+00:00,0.0,0.9878446497702683,0.9878446497702683,0.0,0,2025,TOP1
2025-10-12 00:00:00+00:00,0.0,0.9878446497702683,0.9878446497702683,0.0,0,2025,TOP1
2025-10-13 00:00:00+00:00,0.0,0.9878446497702683,0.9878446497702683,0.0,0,2025,TOP1
2025-10-14 00:00:00+00:00,0.0,0.9878446497702683,0.9878446497702683,0.0,0,2025,TOP1
2025-10-15 00:00:00+00:00,0.0,0.9878446497702683,0.9878446497702683,0.0,0,2025,TOP1
2025-10-16 00:00:00+00:00,0.0,0.9878446497702683,0.9878446497702683,0.0,0,2025,TOP1
2025-10-17 00:00:00+00:00,0.0,0.9878446497702683,0.9878446497702683,0.0,0,2025,TOP1
2025-10-18 00:00:00+00:00,0.0,0.9878446497702683,0.9878446497702683,0.0,0,2025,TOP1
2025-10-19 00:00:00+00:00,0.0,0.9878446497702683,0.9878446497702683,0.0,0,2025,TOP1
2025-10-20 00:00:00+00:00,0.0,0.9878446497702683,0.9878446497702683,0.0,0,2025,TOP1
2025-10-21 00:00:00+00:00,0.0,0.9878446497702683,0.9878446497702683,0.0,0,2025,TOP1
2025-10-22 00:00:00+00:00,0.0,0.9878446497702683,0.9878446497702683,0.0,0,2025,TOP1
2025-10-23 00:00:00+00:00,0.0,0.9878446497702683,0.9878446497702683,0.0,0,2025,TOP1
2025-10-24 00:00:00+00:00,0.0,0.9878446497702683,0.9878446497702683,0.0,0,2025,TOP1
2025-10-25 00:00:00+00:00,0.0,0.9878446497702683,0.9878446497702683,0.0,0,2025,TOP1
2025-10-26 00:00:00+00:00,0.0,0.9878446497702683,0.9878446497702683,0.0,0,2025,TOP1
2025-10-27 00:00:00+00:00,0.0,0.9878446497702683,0.9878446497702683,0.0,0,2025,TOP1
2025-10-28 00:00:00+00:00,0.0,0.9878446497702683,0.9878446497702683,0.0,0,2025,TOP1
2025-10-29 00:00:00+00:00,0.0,0.9878446497702683,0.9878446497702683,0.0,0,2025,TOP1
2025-10-30 00:00:00+00:00,0.0,0.9878446497702683,0.9878446497702683,0.0,0,2025,TOP1
2025-10-31 00:00:00+00:00,0.0,0.9878446497702683,0.9878446497702683,0.0,0,2025,TOP1
2025-11-01 00:00:00+00:00,0.0,0.9878446497702683,0.9878446497702683,0.0,0,2025,TOP1
2025-11-02 00:00:00+00:00,0.0,0.9878446497702683,0.9878446497702683,0.0,0,2025,TOP1
2025-11-03 00:00:00+00:00,0.0,0.9878446497702683,0.9878446497702683,0.0,0,2025,TOP1
2025-11-04 00:00:00+00:00,0.0,0.9878446497702683,0.9878446497702683,0.0,0,2025,TOP1
2025-11-05 00:00:00+00:00,0.0,0.9878446497702683,0.9878446497702683,0.0,0,2025,TOP1
2025-11-06 00:00:00+00:00,0.0,0.9878446497702683,0.9878446497702683,0.0,0,2025,TOP1
2025-11-07 00:00:00+00:00,0.0,0.9878446497702683,0.9878446497702683,0.0,0,2025,TOP1
2025-11-08 00:00:00+00:00,0.0,0.9878446497702683,0.9878446497702683,0.0,0,2025,TOP1
2025-11-09 00:00:00+00:00,0.0,0.9878446497702683,0.9878446497702683,0.0,0,2025,TOP1
2025-11-10 00:00:00+00:00,0.0,0.9878446497702683,0.9878446497702683,0.0,0,2025,TOP1
2025-11-11 00:00:00+00:00,0.0,0.9878446497702683,0.9878446497702683,0.0,0,2025,TOP1
2025-11-12 00:00:00+00:00,0.0,0.9878446497702683,0.9878446497702683,0.0,0,2025,TOP1
2025-11-13 00:00:00+00:00,0.0,0.9878446497702683,0.9878446497702683,0.0,0,2025,TOP1
2025-11-14 00:00:00+00:00,0.0,0.9878446497702683,0.9878446497702683,0.0,0,2025,TOP1
2025-11-15 00:00:00+00:00,0.0,0.9878446497702683,0.9878446497702683,0.0,0,2025,TOP1
2025-11-16 00:00:00+00:00,0.0,0.9878446497702683,0.9878446497702683,0.0,0,2025,TOP1
2025-11-17 00:00:00+00:00,0.0,0.9878446497702683,0.9878446497702683,0.0,0,2025,TOP1
2025-11-18 00:00:00+00:00,0.0,0.9878446497702683,0.9878446497702683,0.0,0,2025,TOP1
2025-11-19 00:00:00+00:00,0.0,0.9878446497702683,0.9878446497702683,0.0,0,2025,TOP1
2025-11-20 00:00:00+00:00,0.0,0.9878446497702683,0.9878446497702683,0.0,0,2025,TOP1
2025-11-21 00:00:00+00:00,0.0,0.9878446497702683,0.9878446497702683,0.0,0,2025,TOP1
2025-11-22 00:00:00+00:00,0.0,0.9878446497702683,0.9878446497702683,0.0,0,2025,TOP1
2025-11-23 00:00:00+00:00,0.0,0.9878446497702683,0.9878446497702683,0.0,0,2025,TOP1
2025-11-24 00:00:00+00:00,0.0,0.9878446497702683,0.9878446497702683,0.0,0,2025,TOP1
2025-11-25 00:00:00+00:00,0.0,0.9878446497702683,0.9878446497702683,0.0,0,2025,TOP1
2025-11-26 00:00:00+00:00,0.0,0.9878446497702683,0.9878446497702683,0.0,0,2025,TOP1
2025-11-27 00:00:00+00:00,0.0,0.9878446497702683,0.9878446497702683,0.0,0,2025,TOP1
2025-11-28 00:00:00+00:00,0.0,0.9878446497702683,0.9878446497702683,0.0,0,2025,TOP1
2025-11-29 00:00:00+00:00,0.0,0.9878446497702683,0.9878446497702683,0.0,0,2025,TOP1
2025-11-30 00:00:00+00:00,0.0,0.9878446497702683,0.9878446497702683,0.0,0,2025,TOP1
2025-12-01 00:00:00+00:00,0.0,0.9878446497702683,0.9878446497702683,0.0,0,2025,TOP1
2025-12-02 00:00:00+00:00,0.0,0.9878446497702683,0.9878446497702683,0.0,0,2025,TOP1
2025-12-03 00:00:00+00:00,0.0,0.9878446497702683,0.9878446497702683,0.0,0,2025,TOP1
2025-12-04 00:00:00+00:00,0.0,0.9878446497702683,0.9878446497702683,0.0,0,2025,TOP1
2025-12-05 00:00:00+00:00,0.0,0.9878446497702683,0.9878446497702683,0.0,0,2025,TOP1
2025-12-06 00:00:00+00:00,0.0,0.9878446497702683,0.9878446497702683,0.0,0,2025,TOP1
2025-12-07 00:00:00+00:00,0.0,0.9878446497702683,0.9878446497702683,0.0,0,2025,TOP1
2025-12-08 00:00:00+00:00,0.0,0.9878446497702683,0.9878446497702683,0.0,0,2025,TOP1
2025-12-09 00:00:00+00:00,0.0,0.9878446497702683,0.9878446497702683,0.0,0,2025,TOP1
2025-12-10 00:00:00+00:00,0.0,0.9878446497702683,0.9878446497702683,0.0,0,2025,TOP1
2025-12-11 00:00:00+00:00,0.0,0.9878446497702683,0.9878446497702683,0.0,0,2025,TOP1
2025-12-12 00:00:00+00:00,0.0,0.9878446497702683,0.9878446497702683,0.0,0,2025,TOP1
2025-12-13 00:00:00+00:00,0.0,0.9878446497702683,0.9878446497702683,0.0,0,2025,TOP1
2025-12-14 00:00:00+00:00,0.0,0.9878446497702683,0.9878446497702683,0.0,0,2025,TOP1
2025-12-15 00:00:00+00:00,0.0,0.9878446497702683,0.9878446497702683,0.0,0,2025,TOP1
2025-12-16 00:00:00+00:00,0.0,0.9878446497702683,0.9878446497702683,0.0,0,2025,TOP1
2025-12-17 00:00:00+00:00,0.0,0.9878446497702683,0.9878446497702683,0.0,0,2025,TOP1
2025-12-18 00:00:00+00:00,0.0,0.9878446497702683,0.9878446497702683,0.0,0,2025,TOP1
2025-12-19 00:00:00+00:00,0.0,0.9878446497702683,0.9878446497702683,0.0,0,2025,TOP1
2025-12-20 00:00:00+00:00,0.0,0.9878446497702683,0.9878446497702683,0.0,0,2025,TOP1
2025-12-21 00:00:00+00:00,0.0,0.9878446497702683,0.9878446497702683,0.0,0,2025,TOP1
2025-12-22 00:00:00+00:00,0.0,0.9878446497702683,0.9878446497702683,0.0,0,2025,TOP1
2025-12-23 00:00:00+00:00,0.0,0.9878446497702683,0.9878446497702683,0.0,0,2025,TOP1
2025-12-24 00:00:00+00:00,0.0,0.9878446497702683,0.9878446497702683,0.0,0,2025,TOP1
2025-12-25 00:00:00+00:00,0.0,0.9878446497702683,0.9878446497702683,0.0,0,2025,TOP1
2025-12-26 00:00:00+00:00,0.0,0.9878446497702683,0.9878446497702683,0.0,0,2025,TOP1
2025-12-27 00:00:00+00:00,0.0,0.9878446497702683,0.9878446497702683,0.0,0,2025,TOP1
2025-12-28 00:00:00+00:00,0.0,0.9878446497702683,0.9878446497702683,0.0,0,2025,TOP1
2025-12-29 00:00:00+00:00,0.0,0.9878446497702683,0.9878446497702683,0.0,0,2025,TOP1
2025-12-30 00:00:00+00:00,0.0,0.9878446497702683,0.9878446497702683,0.0,0,2025,TOP1
2025-12-31 00:00:00+00:00,0.0,0.9878446497702683,0.9878446497702683,0.0,0,2025,TOP1
2026-01-01 00:00:00+00:00,0.0,1.0,1.0,0.0,0,2026,TOP1
2026-01-02 00:00:00+00:00,0.0,1.0,1.0,0.0,0,2026,TOP1
2026-01-03 00:00:00+00:00,0.0,1.0,1.0,0.0,0,2026,TOP1
2026-01-04 00:00:00+00:00,0.0,1.0,1.0,0.0,0,2026,TOP1
2026-01-05 00:00:00+00:00,0.0,1.0,1.0,0.0,0,2026,TOP1
2026-01-06 00:00:00+00:00,0.0,1.0,1.0,0.0,0,2026,TOP1
2026-01-07 00:00:00+00:00,0.0,1.0,1.0,0.0,0,2026,TOP1
2026-01-08 00:00:00+00:00,0.0,1.0,1.0,0.0,0,2026,TOP1
2026-01-09 00:00:00+00:00,0.0,1.0,1.0,0.0,0,2026,TOP1
2026-01-10 00:00:00+00:00,0.0,1.0,1.0,0.0,0,2026,TOP1
2026-01-11 00:00:00+00:00,0.0,1.0,1.0,0.0,0,2026,TOP1
2026-01-12 00:00:00+00:00,0.0,1.0,1.0,0.0,0,2026,TOP1
2026-01-13 00:00:00+00:00,0.0,1.0,1.0,0.0,0,2026,TOP1
2026-01-14 00:00:00+00:00,0.0,1.0,1.0,0.0,0,2026,TOP1
2026-01-15 00:00:00+00:00,0.0,1.0,1.0,0.0,0,2026,TOP1
2026-01-16 00:00:00+00:00,0.0,1.0,1.0,0.0,0,2026,TOP1
2026-01-17 00:00:00+00:00,0.0,1.0,1.0,0.0,0,2026,TOP1
2026-01-18 00:00:00+00:00,0.0,1.0,1.0,0.0,0,2026,TOP1
2026-01-19 00:00:00+00:00,0.0,1.0,1.0,0.0,0,2026,TOP1
2026-01-20 00:00:00+00:00,0.0,1.0,1.0,0.0,0,2026,TOP1
2026-01-21 00:00:00+00:00,0.0,1.0,1.0,0.0,0,2026,TOP1
2026-01-22 00:00:00+00:00,0.0,1.0,1.0,0.0,0,2026,TOP1
2026-01-23 00:00:00+00:00,0.0,1.0,1.0,0.0,0,2026,TOP1
2026-01-24 00:00:00+00:00,0.0,1.0,1.0,0.0,0,2026,TOP1
2026-01-25 00:00:00+00:00,0.0,1.0,1.0,0.0,0,2026,TOP1
2026-01-26 00:00:00+00:00,0.0,1.0,1.0,0.0,0,2026,TOP1
2026-01-27 00:00:00+00:00,0.0,1.0,1.0,0.0,0,2026,TOP1
2026-01-28 00:00:00+00:00,0.0,1.0,1.0,0.0,0,2026,TOP1
2026-01-29 00:00:00+00:00,0.0,1.0,1.0,0.0,0,2026,TOP1
2026-01-30 00:00:00+00:00,0.0,1.0,1.0,0.0,0,2026,TOP1
2026-01-31 00:00:00+00:00,0.0,1.0,1.0,0.0,0,2026,TOP1
2026-02-01 00:00:00+00:00,0.0,1.0,1.0,0.0,0,2026,TOP1
2026-02-02 00:00:00+00:00,0.0,1.0,1.0,0.0,0,2026,TOP1
2026-02-03 00:00:00+00:00,0.0,1.0,1.0,0.0,0,2026,TOP1
2026-02-04 00:00:00+00:00,0.0,1.0,1.0,0.0,0,2026,TOP1
2026-02-05 00:00:00+00:00,0.0,1.0,1.0,0.0,0,2026,TOP1
2026-02-06 00:00:00+00:00,0.0,1.0,1.0,0.0,0,2026,TOP1
2026-02-07 00:00:00+00:00,0.0,1.0,1.0,0.0,0,2026,TOP1
2026-02-08 00:00:00+00:00,0.0,1.0,1.0,0.0,0,2026,TOP1
2026-02-09 00:00:00+00:00,0.0,1.0,1.0,0.0,0,2026,TOP1
2026-02-10 00:00:00+00:00,0.0,1.0,1.0,0.0,0,2026,TOP1
2026-02-11 00:00:00+00:00,0.0,1.0,1.0,0.0,0,2026,TOP1
2026-02-12 00:00:00+00:00,0.0,1.0,1.0,0.0,0,2026,TOP1
2026-02-13 00:00:00+00:00,0.0,1.0,1.0,0.0,0,2026,TOP1
2026-02-14 00:00:00+00:00,0.0,1.0,1.0,0.0,0,2026,TOP1
2026-02-15 00:00:00+00:00,0.0,1.0,1.0,0.0,0,2026,TOP1
2026-02-16 00:00:00+00:00,0.0,1.0,1.0,0.0,0,2026,TOP1
2026-02-17 00:00:00+00:00,0.0,1.0,1.0,0.0,0,2026,TOP1
2026-02-18 00:00:00+00:00,0.0,1.0,1.0,0.0,0,2026,TOP1
2026-02-19 00:00:00+00:00,0.0,1.0,1.0,0.0,0,2026,TOP1
2026-02-20 00:00:00+00:00,0.0,1.0,1.0,0.0,0,2026,TOP1
2026-02-21 00:00:00+00:00,0.0,1.0,1.0,0.0,0,2026,TOP1
2026-02-22 00:00:00+00:00,0.0,1.0,1.0,0.0,0,2026,TOP1
2026-02-23 00:00:00+00:00,0.0,1.0,1.0,0.0,0,2026,TOP1
2026-02-24 00:00:00+00:00,0.0,1.0,1.0,0.0,0,2026,TOP1
2026-02-25 00:00:00+00:00,0.0,1.0,1.0,0.0,0,2026,TOP1
2026-02-26 00:00:00+00:00,0.0,1.0,1.0,0.0,0,2026,TOP1
2026-02-27 00:00:00+00:00,0.0,1.0,1.0,0.0,0,2026,TOP1
2026-02-28 00:00:00+00:00,0.0,1.0,1.0,0.0,0,2026,TOP1
2026-03-01 00:00:00+00:00,0.0,1.0,1.0,0.0,0,2026,TOP1
2026-03-02 00:00:00+00:00,0.0,1.0,1.0,0.0,0,2026,TOP1
2026-03-03 00:00:00+00:00,0.0,1.0,1.0,0.0,0,2026,TOP1
2026-03-04 00:00:00+00:00,0.0,1.0,1.0,0.0,0,2026,TOP1
2026-03-05 00:00:00+00:00,0.0,1.0,1.0,0.0,0,2026,TOP1
2026-03-06 00:00:00+00:00,0.0,1.0,1.0,0.0,0,2026,TOP1
2026-03-07 00:00:00+00:00,0.0,1.0,1.0,0.0,0,2026,TOP1
2026-03-08 00:00:00+00:00,0.0,1.0,1.0,0.0,0,2026,TOP1
2026-03-09 00:00:00+00:00,0.0,1.0,1.0,0.0,0,2026,TOP1
2026-03-10 00:00:00+00:00,0.0,1.0,1.0,0.0,0,2026,TOP1
2026-03-11 00:00:00+00:00,0.0,1.0,1.0,0.0,0,2026,TOP1
2026-03-12 00:00:00+00:00,0.0,1.0,1.0,0.0,0,2026,TOP1
2026-03-13 00:00:00+00:00,0.0,1.0,1.0,0.0,0,2026,TOP1
2026-03-14 00:00:00+00:00,0.0,1.0,1.0,0.0,0,2026,TOP1
2026-03-15 00:00:00+00:00,0.0,1.0,1.0,0.0,0,2026,TOP1
2026-03-16 00:00:00+00:00,0.0,1.0,1.0,0.0,0,2026,TOP1
2026-03-17 00:00:00+00:00,0.0,1.0,1.0,0.0,0,2026,TOP1
2026-03-18 00:00:00+00:00,0.0,1.0,1.0,0.0,0,2026,TOP1
2026-03-19 00:00:00+00:00,0.0,1.0,1.0,0.0,0,2026,TOP1
2026-03-20 00:00:00+00:00,0.0,1.0,1.0,0.0,0,2026,TOP1
2026-03-21 00:00:00+00:00,0.0,1.0,1.0,0.0,0,2026,TOP1
2026-03-22 00:00:00+00:00,0.0,1.0,1.0,0.0,0,2026,TOP1
2026-03-23 00:00:00+00:00,0.0,1.0,1.0,0.0,0,2026,TOP1
2026-03-24 00:00:00+00:00,0.0,1.0,1.0,0.0,0,2026,TOP1
2026-03-25 00:00:00+00:00,0.0,1.0,1.0,0.0,0,2026,TOP1
2026-03-26 00:00:00+00:00,0.0,1.0,1.0,0.0,0,2026,TOP1
2026-03-27 00:00:00+00:00,0.0,1.0,1.0,0.0,0,2026,TOP1
2026-03-28 00:00:00+00:00,0.0,1.0,1.0,0.0,0,2026,TOP1
2026-03-29 00:00:00+00:00,0.0,1.0,1.0,0.0,0,2026,TOP1
2026-03-30 00:00:00+00:00,0.0,1.0,1.0,0.0,0,2026,TOP1
2026-03-31 00:00:00+00:00,0.0,1.0,1.0,0.0,0,2026,TOP1
2026-04-01 00:00:00+00:00,0.0,1.0,1.0,0.0,0,2026,TOP1
2026-04-02 00:00:00+00:00,0.0,1.0,1.0,0.0,0,2026,TOP1
2026-04-03 00:00:00+00:00,0.0,1.0,1.0,0.0,0,2026,TOP1
2026-04-04 00:00:00+00:00,0.0,1.0,1.0,0.0,0,2026,TOP1
2026-04-05 00:00:00+00:00,0.0,1.0,1.0,0.0,0,2026,TOP1
2026-04-06 00:00:00+00:00,0.0,1.0,1.0,0.0,0,2026,TOP1
2026-04-07 00:00:00+00:00,0.0,1.0,1.0,0.0,0,2026,TOP1
2026-04-08 00:00:00+00:00,0.0,1.0,1.0,0.0,0,2026,TOP1
2026-04-09 00:00:00+00:00,0.0,1.0,1.0,0.0,0,2026,TOP1
2026-04-10 00:00:00+00:00,0.0,1.0,1.0,0.0,0,2026,TOP1
2026-04-11 00:00:00+00:00,0.0,1.0,1.0,0.0,0,2026,TOP1
2026-04-12 00:00:00+00:00,0.0,1.0,1.0,0.0,0,2026,TOP1
2026-04-13 00:00:00+00:00,0.0,1.0,1.0,0.0,0,2026,TOP1
2026-04-14 00:00:00+00:00,0.0,1.0,1.0,0.0,0,2026,TOP1
2026-04-15 00:00:00+00:00,0.0,1.0,1.0,0.0,0,2026,TOP1
2026-04-16 00:00:00+00:00,0.0,1.0,1.0,0.0,0,2026,TOP1
2026-04-17 00:00:00+00:00,0.0,1.0,1.0,0.0,0,2026,TOP1
2026-04-18 00:00:00+00:00,0.0,1.0,1.0,0.0,0,2026,TOP1
2026-04-19 00:00:00+00:00,0.0,1.0,1.0,0.0,0,2026,TOP1
2026-04-20 00:00:00+00:00,0.0,1.0,1.0,0.0,0,2026,TOP1
2026-04-21 00:00:00+00:00,0.0,1.0,1.0,0.0,0,2026,TOP1
2026-04-22 00:00:00+00:00,0.0,1.0,1.0,0.0,0,2026,TOP1
2026-04-23 00:00:00+00:00,0.0,1.0,1.0,0.0,0,2026,TOP1
2026-04-24 00:00:00+00:00,0.0,1.0,1.0,0.0,0,2026,TOP1
2026-04-25 00:00:00+00:00,0.0,1.0,1.0,0.0,0,2026,TOP1
2026-04-26 00:00:00+00:00,0.0,1.0,1.0,0.0,0,2026,TOP1
2026-04-27 00:00:00+00:00,0.0,1.0,1.0,0.0,0,2026,TOP1
2026-04-28 00:00:00+00:00,0.0,1.0,1.0,0.0,0,2026,TOP1
2026-04-29 00:00:00+00:00,0.0,1.0,1.0,0.0,0,2026,TOP1
2026-04-30 00:00:00+00:00,0.0,1.0,1.0,0.0,0,2026,TOP1
2026-05-01 00:00:00+00:00,0.0,1.0,1.0,0.0,0,2026,TOP1
2026-05-02 00:00:00+00:00,0.0,1.0,1.0,0.0,0,2026,TOP1
2026-05-03 00:00:00+00:00,0.0,1.0,1.0,0.0,0,2026,TOP1
2026-05-04 00:00:00+00:00,0.0,1.0,1.0,0.0,0,2026,TOP1
2026-05-05 00:00:00+00:00,0.0,1.0,1.0,0.0,0,2026,TOP1
2026-05-06 00:00:00+00:00,0.0,1.0,1.0,0.0,0,2026,TOP1
2026-05-07 00:00:00+00:00,0.0,1.0,1.0,0.0,0,2026,TOP1
2026-05-08 00:00:00+00:00,0.0,1.0,1.0,0.0,0,2026,TOP1
2026-05-09 00:00:00+00:00,0.0,1.0,1.0,0.0,0,2026,TOP1
2026-05-10 00:00:00+00:00,0.0,1.0,1.0,0.0,0,2026,TOP1
2026-05-11 00:00:00+00:00,0.0,1.0,1.0,0.0,0,2026,TOP1
2026-05-12 00:00:00+00:00,0.0,1.0,1.0,0.0,0,2026,TOP1
2026-05-13 00:00:00+00:00,0.0,1.0,1.0,0.0,0,2026,TOP1
2026-05-14 00:00:00+00:00,0.0,1.0,1.0,0.0,0,2026,TOP1
2026-05-15 00:00:00+00:00,0.0,1.0,1.0,0.0,0,2026,TOP1
2026-05-16 00:00:00+00:00,0.0,1.0,1.0,0.0,0,2026,TOP1
2026-05-17 00:00:00+00:00,0.0,1.0,1.0,0.0,0,2026,TOP1
2026-05-18 00:00:00+00:00,0.0,1.0,1.0,0.0,0,2026,TOP1
2026-05-19 00:00:00+00:00,0.0,1.0,1.0,0.0,0,2026,TOP1
2026-05-20 00:00:00+00:00,0.0,1.0,1.0,0.0,0,2026,TOP1
2026-05-21 00:00:00+00:00,0.0,1.0,1.0,0.0,0,2026,TOP1
2026-05-22 00:00:00+00:00,0.0,1.0,1.0,0.0,0,2026,TOP1
2026-05-23 00:00:00+00:00,0.0,1.0,1.0,0.0,0,2026,TOP1
2026-05-24 00:00:00+00:00,0.0,1.0,1.0,0.0,0,2026,TOP1
2026-05-25 00:00:00+00:00,0.0,1.0,1.0,0.0,0,2026,TOP1
2026-05-26 00:00:00+00:00,0.0,1.0,1.0,0.0,0,2026,TOP1
2026-05-27 00:00:00+00:00,0.0,1.0,1.0,0.0,0,2026,TOP1
2026-05-28 00:00:00+00:00,0.0,1.0,1.0,0.0,0,2026,TOP1
2026-05-29 00:00:00+00:00,0.0,1.0,1.0,0.0,0,2026,TOP1
2026-05-30 00:00:00+00:00,0.0,1.0,1.0,0.0,0,2026,TOP1
2026-05-31 00:00:00+00:00,0.0,1.0,1.0,0.0,0,2026,TOP1
2026-06-01 00:00:00+00:00,0.0,1.0,1.0,0.0,0,2026,TOP1
2026-06-02 00:00:00+00:00,0.0,1.0,1.0,0.0,0,2026,TOP1
2026-06-03 00:00:00+00:00,0.0,1.0,1.0,0.0,0,2026,TOP1
2026-06-04 00:00:00+00:00,0.0,1.0,1.0,0.0,0,2026,TOP1
2026-06-05 00:00:00+00:00,0.0,1.0,1.0,0.0,0,2026,TOP1
2026-06-06 00:00:00+00:00,0.0,1.0,1.0,0.0,0,2026,TOP1
2026-06-07 00:00:00+00:00,0.0,1.0,1.0,0.0,0,2026,TOP1
2026-06-08 00:00:00+00:00,0.0,1.0,1.0,0.0,0,2026,TOP1
2026-06-09 00:00:00+00:00,0.0,1.0,1.0,0.0,0,2026,TOP1
2026-06-10 00:00:00+00:00,0.0,1.0,1.0,0.0,0,2026,TOP1
2026-06-11 00:00:00+00:00,0.0,1.0,1.0,0.0,0,2026,TOP1
2026-06-12 00:00:00+00:00,0.0,1.0,1.0,0.0,0,2026,TOP1
2026-06-13 00:00:00+00:00,0.0,1.0,1.0,0.0,0,2026,TOP1
2026-06-14 00:00:00+00:00,0.0,1.0,1.0,0.0,0,2026,TOP1
2026-06-15 00:00:00+00:00,0.0,1.0,1.0,0.0,0,2026,TOP1
2026-06-16 00:00:00+00:00,0.0,1.0,1.0,0.0,0,2026,TOP1
2026-06-17 00:00:00+00:00,0.0,1.0,1.0,0.0,0,2026,TOP1
2026-06-18 00:00:00+00:00,0.0,1.0,1.0,0.0,0,2026,TOP1
2026-06-19 00:00:00+00:00,0.0,1.0,1.0,0.0,0,2026,TOP1
2026-06-20 00:00:00+00:00,0.0,1.0,1.0,0.0,0,2026,TOP1
2026-06-21 00:00:00+00:00,0.0,1.0,1.0,0.0,0,2026,TOP1
2026-06-22 00:00:00+00:00,0.0,1.0,1.0,0.0,0,2026,TOP1
2026-06-23 00:00:00+00:00,0.0,1.0,1.0,0.0,0,2026,TOP1
2026-06-24 00:00:00+00:00,0.0,1.0,1.0,0.0,0,2026,TOP1
2026-06-25 00:00:00+00:00,0.0,1.0,1.0,0.0,0,2026,TOP1
2026-06-26 00:00:00+00:00,0.0,1.0,1.0,0.0,0,2026,TOP1
2026-06-27 00:00:00+00:00,0.0,1.0,1.0,0.0,0,2026,TOP1
2026-06-28 00:00:00+00:00,0.0,1.0,1.0,0.0,0,2026,TOP1
2026-06-29 00:00:00+00:00,0.0,1.0,1.0,0.0,0,2026,TOP1
2026-06-30 00:00:00+00:00,0.0,1.0,1.0,0.0,0,2026,TOP1
2026-07-01 00:00:00+00:00,0.0,1.0,1.0,0.0,0,2026,TOP1
2026-07-02 00:00:00+00:00,0.0,1.0,1.0,0.0,0,2026,TOP1
2026-07-03 00:00:00+00:00,0.0,1.0,1.0,0.0,0,2026,TOP1
2026-07-04 00:00:00+00:00,0.0,1.0,1.0,0.0,0,2026,TOP1
2026-07-05 00:00:00+00:00,0.0,1.0,1.0,0.0,0,2026,TOP1
2026-07-06 00:00:00+00:00,0.0,1.0,1.0,0.0,0,2026,TOP1
2026-07-07 00:00:00+00:00,0.0,1.0,1.0,0.0,0,2026,TOP1
2026-07-08 00:00:00+00:00,0.0,1.0,1.0,0.0,0,2026,TOP1
2026-07-09 00:00:00+00:00,0.0,1.0,1.0,0.0,0,2026,TOP1
2026-07-10 00:00:00+00:00,0.0,1.0,1.0,0.0,0,2026,TOP1
2026-07-11 00:00:00+00:00,0.0,1.0,1.0,0.0,0,2026,TOP1
2026-07-12 00:00:00+00:00,0.0,1.0,1.0,0.0,0,2026,TOP1
2026-07-13 00:00:00+00:00,0.0,1.0,1.0,0.0,0,2026,TOP1
2026-07-14 00:00:00+00:00,0.0,1.0,1.0,0.0,0,2026,TOP1
2026-07-15 00:00:00+00:00,0.0,1.0,1.0,0.0,0,2026,TOP1
2026-07-16 00:00:00+00:00,0.0,1.0,1.0,0.0,0,2026,TOP1
2026-07-17 00:00:00+00:00,0.0,1.0,1.0,0.0,0,2026,TOP1
2026-07-18 00:00:00+00:00,0.0,1.0,1.0,0.0,0,2026,TOP1
2026-07-19 00:00:00+00:00,0.0,1.0,1.0,0.0,0,2026,TOP1
2026-07-20 00:00:00+00:00,0.0,1.0,1.0,0.0,0,2026,TOP1
2026-07-21 00:00:00+00:00,0.0,1.0,1.0,0.0,0,2026,TOP1
2026-07-22 00:00:00+00:00,0.0,1.0,1.0,0.0,0,2026,TOP1
2026-07-23 00:00:00+00:00,0.0,1.0,1.0,0.0,0,2026,TOP1
2026-07-24 00:00:00+00:00,0.0,1.0,1.0,0.0,0,2026,TOP1
2026-07-25 00:00:00+00:00,0.0,1.0,1.0,0.0,0,2026,TOP1
2026-07-26 00:00:00+00:00,0.0,1.0,1.0,0.0,0,2026,TOP1
2026-07-27 00:00:00+00:00,0.0,1.0,1.0,0.0,0,2026,TOP1
2026-07-28 00:00:00+00:00,0.0,1.0,1.0,0.0,0,2026,TOP1
2026-07-29 00:00:00+00:00,0.0,1.0,1.0,0.0,0,2026,TOP1
2026-07-30 00:00:00+00:00,0.0,1.0,1.0,0.0,0,2026,TOP1
2026-07-31 00:00:00+00:00,0.0,1.0,1.0,0.0,0,2026,TOP1
2026-08-01 00:00:00+00:00,0.0,1.0,1.0,0.0,0,2026,TOP1
2026-08-02 00:00:00+00:00,0.0,1.0,1.0,0.0,0,2026,TOP1
2026-08-03 00:00:00+00:00,0.0,1.0,1.0,0.0,0,2026,TOP1
2026-08-04 00:00:00+00:00,0.0,1.0,1.0,0.0,0,2026,TOP1
2026-08-05 00:00:00+00:00,0.0,1.0,1.0,0.0,0,2026,TOP1
2026-08-06 00:00:00+00:00,0.0,1.0,1.0,0.0,0,2026,TOP1
2026-08-07 00:00:00+00:00,0.0,1.0,1.0,0.0,0,2026,TOP1
2026-08-08 00:00:00+00:00,0.0,1.0,1.0,0.0,0,2026,TOP1
2026-08-09 00:00:00+00:00,0.0,1.0,1.0,0.0,0,2026,TOP1
2026-08-10 00:00:00+00:00,0.0,1.0,1.0,0.0,0,2026,TOP1
2026-08-11 00:00:00+00:00,0.0,1.0,1.0,0.0,0,2026,TOP1
2026-08-12 00:00:00+00:00,0.0,1.0,1.0,0.0,0,2026,TOP1
2026-08-13 00:00:00+00:00,0.0,1.0,1.0,0.0,0,2026,TOP1
2026-08-14 00:00:00+00:00,0.0,1.0,1.0,0.0,0,2026,TOP1
2026-08-15 00:00:00+00:00,0.0,1.0,1.0,0.0,0,2026,TOP1
2026-08-16 00:00:00+00:00,0.0,1.0,1.0,0.0,0,2026,TOP1
2026-08-17 00:00:00+00:00,0.0,1.0,1.0,0.0,0,2026,TOP1
2026-08-18 00:00:00+00:00,0.0,1.0,1.0,0.0,0,2026,TOP1
2026-08-19 00:00:00+00:00,0.0,1.0,1.0,0.0,0,2026,TOP1
2026-08-20 00:00:00+00:00,0.0,1.0,1.0,0.0,0,2026,TOP1
2026-08-21 00:00:00+00:00,0.0,1.0,1.0,0.0,0,2026,TOP1
2026-08-22 00:00:00+00:00,0.0,1.0,1.0,0.0,0,2026,TOP1
2026-08-23 00:00:00+00:00,0.0,1.0,1.0,0.0,0,2026,TOP1
2026-08-24 00:00:00+00:00,0.0004280761778627795,1.0004280761778628,0.9243265506585241,0.07606896220874242,1,2026,TOP1
2026-08-25 00:00:00+00:00,-0.0012156643331495687,0.9992118914477719,0.9243265506585241,0.0749444051158612,1,2026,TOP1
2026-08-26 00:00:00+00:00,0.0019679257459679356,1.0011782662546294,0.9243265506585241,0.07676127038155216,1,2026,TOP1
2026-08-27 00:00:00+00:00,0.00012738528502187485,1.001305801633434,0.9243265506585241,0.07687886243077117,1,2026,TOP1
2026-08-28 00:00:00+00:00,-0.002086280710026145,0.9992167966546489,0.9243265506585241,0.07494894626156744,1,2026,TOP1
2026-08-29 00:00:00+00:00,0.00045623498891012026,0.9996726743187894,0.9243265506585241,0.07537079445690432,1,2026,TOP1
2026-08-30 00:00:00+00:00,-0.0012509306399545173,0.9984221531405587,0.9243265506585241,0.07421269875569698,1,2026,TOP1
2026-08-31 00:00:00+00:00,0.0018359891874109024,1.0002552454181963,1.0002552454181963,0.0,0,2026,TOP1
