date,return,equity,cash,gross_exposure,open_positions,fold_year
2021-01-01 00:00:00+00:00,0.0,1.0,1.0,0.0,0,2021
2021-01-02 00:00:00+00:00,0.0,1.0,1.0,0.0,0,2021
2021-01-03 00:00:00+00:00,0.006984809208834042,1.006984809208834,1.002402654179895,0.05110099791315839,2,2021
2021-01-04 00:00:00+00:00,-0.0018217935159828835,1.0051502908127241,1.0052548269003423,0.026910608307238387,1,2021
2021-01-05 00:00:00+00:00,0.001639939636677079,1.0067986766154453,1.0050797110958778,0.05346288813850862,2,2021
2021-01-06 00:00:00+00:00,0.002474114843433073,1.0092896121656083,1.005396475185709,0.050540305122356445,2,2021
2021-01-07 00:00:00+00:00,0.002768473157653606,1.0120838033651873,1.0049889366032037,0.0819004427302146,3,2021
2021-01-08 00:00:00+00:00,-0.00024152640148511484,1.0118393584061591,1.0053919071997204,0.0756117856228392,3,2021
2021-01-09 00:00:00+00:00,0.002322923064703719,1.0141897833895759,1.0051679101006654,0.09254517294614499,4,2021
2021-01-10 00:00:00+00:00,-0.0030115994862883744,1.011135449958921,1.0068165187052205,0.058079724239727626,3,2021
2021-01-11 00:00:00+00:00,-0.006704633397187076,1.0043561574520465,1.0049211860777503,0.014150296623184812,1,2021
2021-01-12 00:00:00+00:00,0.00241206347440559,1.006778728254731,1.0049185366103686,0.016525138390811402,1,2021
2021-01-13 00:00:00+00:00,-0.00045982951207312883,1.006315781683352,1.0049073377632738,0.016083828141873684,1,2021
2021-01-14 00:00:00+00:00,-0.0010899240928142762,1.005218973867916,1.0048846346892326,0.015032849299998726,1,2021
2021-01-15 00:00:00+00:00,-0.00023903201117858597,1.0049786943549175,1.0048667893348917,0.014815111278110221,1,2021
2021-01-16 00:00:00+00:00,0.0007652536913529406,1.0057477580105036,1.0048126172898788,0.015622313611394701,1,2021
2021-01-17 00:00:00+00:00,0.0019555745964925375,1.0077145727765484,1.0054735371623937,0.013954952056102539,1,2021
2021-01-18 00:00:00+00:00,-0.0005141808051536412,1.0071964252861532,1.0053058572340832,0.03595064116807386,2,2021
2021-01-19 00:00:00+00:00,-0.0021716759735577185,1.005009121008706,1.0051736381901686,0.03398404185965667,2,2021
2021-01-20 00:00:00+00:00,0.0004289816409335234,1.0054402514705894,1.005104256499828,0.04933577814487357,3,2021
2021-01-21 00:00:00+00:00,-0.006713484910331302,0.9986902435141018,1.0014906991413277,0.012164870385219686,1,2021
2021-01-22 00:00:00+00:00,-0.0007472389163828419,0.9979439832987362,0.9979439832987362,0.0,0,2021
2021-01-23 00:00:00+00:00,0.0,0.9979439832987362,0.9979439832987362,0.0,0,2021
2021-01-24 00:00:00+00:00,0.0,0.9979439832987362,0.9979439832987362,0.0,0,2021
2021-01-25 00:00:00+00:00,0.0,0.9979439832987362,0.9979439832987362,0.0,0,2021
2021-01-26 00:00:00+00:00,0.0,0.9979439832987362,0.9979439832987362,0.0,0,2021
2021-01-27 00:00:00+00:00,0.0,0.9979439832987362,0.9979439832987362,0.0,0,2021
2021-01-28 00:00:00+00:00,0.0,0.9979439832987362,0.9979439832987362,0.0,0,2021
2021-01-29 00:00:00+00:00,0.0,0.9979439832987362,0.9979439832987362,0.0,0,2021
2021-01-30 00:00:00+00:00,0.0,0.9979439832987362,0.9979439832987362,0.0,0,2021
2021-01-31 00:00:00+00:00,-1.2058248151203266e-05,0.9979319498425446,0.9978720280345242,0.013615107961764631,1,2021
2021-02-01 00:00:00+00:00,0.0011390662683592456,0.9990686604647283,0.9978593873815935,0.014750039805933002,1,2021
2021-02-02 00:00:00+00:00,0.0017174568202209528,1.0007845177495125,0.998482045952292,0.038503220024461465,2,2021
2021-02-03 00:00:00+00:00,0.0033511346094634575,1.004138281383558,0.9983394507544132,0.058766227512304925,3,2021
2021-02-04 00:00:00+00:00,0.002752012286897809,1.00690168227167,1.0002896504285481,0.05538228018200735,3,2021
2021-02-05 00:00:00+00:00,0.006187790530756354,1.0131321789666334,1.0028887699219855,0.04608601294265882,3,2021
2021-02-06 00:00:00+00:00,-0.00031153750928269996,1.012816550291024,1.0027722641066033,0.045903771851767465,3,2021
2021-02-07 00:00:00+00:00,-0.0009336265927013532,1.0118709578261442,1.0027287353877792,0.04505518787113029,3,2021
2021-02-08 00:00:00+00:00,0.006106193259449499,1.0180496374482548,1.0095553185051618,0.03166590886410911,2,2021
2021-02-09 00:00:00+00:00,0.006844397256174473,1.025017573593455,1.0124345968013988,0.06932934542198776,4,2021
2021-02-10 00:00:00+00:00,0.0021340336544277694,1.0272049955918834,1.0260200673622892,0.038374638463111316,2,2021
2021-02-11 00:00:00+00:00,0.000912268063440802,1.0281420819039686,1.0255530672025477,0.08523425685635135,4,2021
2021-02-12 00:00:00+00:00,0.002207514425706103,1.0304117203814471,1.0251327966975827,0.08765703406676488,4,2021
2021-02-13 00:00:00+00:00,-0.0023722167407735917,1.027967360448469,1.0247186606039034,0.08589048138498492,4,2021
2021-02-14 00:00:00+00:00,0.0005091549120406214,1.0284907550794586,1.0242108248286068,0.08684943583800779,4,2021
2021-02-15 00:00:00+00:00,-0.001526288239812268,1.0269209817352252,1.0240526620214736,0.0856075909147448,4,2021
2021-02-16 00:00:00+00:00,-0.0007928596746187289,1.0261067774997874,1.02379835024978,0.0851298722100404,4,2021
2021-02-17 00:00:00+00:00,0.006175839827094576,1.0324438486031222,1.0227080727690518,0.059059891053296794,3,2021
2021-02-18 00:00:00+00:00,0.0035481132062240572,1.0361070762570357,1.0295562770744844,0.043223806025997444,2,2021
2021-02-19 00:00:00+00:00,0.011400670440753213,1.0479193915747744,1.0399006448322303,0.03943284387982747,2,2021
2021-02-20 00:00:00+00:00,-0.006793814273720722,1.040800021854585,1.0356411185579288,0.05466121478308141,3,2021
2021-02-21 00:00:00+00:00,0.0023291561031153485,1.0432242075776101,1.035475714757054,0.05701649044633033,3,2021
2021-02-22 00:00:00+00:00,-0.0057224910848518995,1.0372543663502456,1.0316501469311607,0.037510485089647536,2,2021
2021-02-23 00:00:00+00:00,-0.0044607016472614225,1.032627484089638,1.0315457234784258,0.017756329575739766,1,2021
2021-02-24 00:00:00+00:00,0.0023218113805156815,1.0350250503340306,1.0322527019206342,0.016014568022529957,1,2021
2021-02-25 00:00:00+00:00,-0.0027127281105626677,1.032217308784853,1.032217308784853,0.0,0,2021
2021-02-26 00:00:00+00:00,0.0,1.032217308784853,1.032217308784853,0.0,0,2021
2021-02-27 00:00:00+00:00,0.0,1.032217308784853,1.032217308784853,0.0,0,2021
2021-02-28 00:00:00+00:00,0.0,1.032217308784853,1.032217308784853,0.0,0,2021
2021-03-01 00:00:00+00:00,0.0,1.032217308784853,1.032217308784853,0.0,0,2021
2021-03-02 00:00:00+00:00,0.0,1.032217308784853,1.032217308784853,0.0,0,2021
2021-03-03 00:00:00+00:00,0.0,1.032217308784853,1.032217308784853,0.0,0,2021
2021-03-04 00:00:00+00:00,0.0,1.032217308784853,1.032217308784853,0.0,0,2021
2021-03-05 00:00:00+00:00,0.0,1.032217308784853,1.032217308784853,0.0,0,2021
2021-03-06 00:00:00+00:00,0.0,1.032217308784853,1.032217308784853,0.0,0,2021
2021-03-07 00:00:00+00:00,0.0,1.032217308784853,1.032217308784853,0.0,0,2021
2021-03-08 00:00:00+00:00,0.0,1.032217308784853,1.032217308784853,0.0,0,2021
2021-03-09 00:00:00+00:00,0.0,1.032217308784853,1.032217308784853,0.0,0,2021
2021-03-10 00:00:00+00:00,0.0,1.032217308784853,1.032217308784853,0.0,0,2021
2021-03-11 00:00:00+00:00,0.0,1.032217308784853,1.032217308784853,0.0,0,2021
2021-03-12 00:00:00+00:00,0.0,1.032217308784853,1.032217308784853,0.0,0,2021
2021-03-13 00:00:00+00:00,0.0,1.032217308784853,1.032217308784853,0.0,0,2021
2021-03-14 00:00:00+00:00,-0.000991678703674892,1.0311936808621665,1.0320999847520034,0.023264698414184427,1,2021
2021-03-15 00:00:00+00:00,-0.001380609048731385,1.0297700055353736,1.0320540820025574,0.021958920237502847,1,2021
2021-03-16 00:00:00+00:00,0.0004937146796397673,1.0302784181037592,1.0320311444594001,0.022463818633281507,1,2021
2021-03-17 00:00:00+00:00,0.0007723232694354376,1.0310741261000578,1.032012174946772,0.023236607755462827,1,2021
2021-03-18 00:00:00+00:00,-0.0005171237814785012,1.0305409331489843,1.031990587004135,0.022752187004266677,1,2021
2021-03-19 00:00:00+00:00,0.00013552793982629652,1.0306806002385607,1.0319721388515073,0.022902512440127146,1,2021
2021-03-20 00:00:00+00:00,-1.04303554192553e-05,1.0306698498735765,1.0319384290643063,0.02292502753803884,1,2021
2021-03-21 00:00:00+00:00,-0.0003069425918917901,1.0303534933984715,1.0319188911868966,0.022643991836556937,1,2021
2021-03-22 00:00:00+00:00,-0.0013270828691337444,1.0289861289282303,1.0318866760409702,0.021376543522388245,1,2021
2021-03-23 00:00:00+00:00,8.68052466374003e-05,1.0290754503229385,1.0318661010437438,0.021481479471661073,1,2021
2021-03-24 00:00:00+00:00,-0.0008601692269449845,1.0281902712883662,1.0281902712883662,0.0,0,2021
2021-03-25 00:00:00+00:00,0.0,1.0281902712883662,1.0281902712883662,0.0,0,2021
2021-03-26 00:00:00+00:00,0.0,1.0281902712883662,1.0281902712883662,0.0,0,2021
2021-03-27 00:00:00+00:00,0.0,1.0281902712883662,1.0281902712883662,0.0,0,2021
2021-03-28 00:00:00+00:00,0.0,1.0281902712883662,1.0281902712883662,0.0,0,2021
2021-03-29 00:00:00+00:00,0.0,1.0281902712883662,1.0281902712883662,0.0,0,2021
2021-03-30 00:00:00+00:00,0.0,1.0281902712883662,1.0281902712883662,0.0,0,2021
2021-03-31 00:00:00+00:00,0.0,1.0281902712883662,1.0281902712883662,0.0,0,2021
2021-04-01 00:00:00+00:00,0.0,1.0281902712883662,1.0281902712883662,0.0,0,2021
2021-04-02 00:00:00+00:00,0.0,1.0281902712883662,1.0281902712883662,0.0,0,2021
2021-04-03 00:00:00+00:00,-0.0020671826551215133,1.0260648141933941,1.028025082064732,0.030667353783272597,1,2021
2021-04-04 00:00:00+00:00,0.0022221138368268,1.0283448470144945,1.0278822309125504,0.05666232853884075,2,2021
2021-04-05 00:00:00+00:00,-0.00044685287155166176,1.0278853281666607,1.027747212136288,0.0563719628185925,2,2021
2021-04-06 00:00:00+00:00,0.004263638651267554,1.032267859780903,1.0274266663893845,0.0852036910618865,3,2021
2021-04-07 00:00:00+00:00,-0.0027991317833255813,1.0293784060056848,1.0280470679482923,0.07729655939150665,3,2021
2021-04-08 00:00:00+00:00,0.004910004337177254,1.0344326584437693,1.028688299560566,0.07629227585445865,3,2021
2021-04-09 00:00:00+00:00,0.0022055171486699,1.0367141174111112,1.028598554387091,0.07841161271601933,3,2021
2021-04-10 00:00:00+00:00,0.0010629407178126549,1.0378160830592387,1.0305121991740276,0.07023107045261921,3,2021
2021-04-11 00:00:00+00:00,0.0027874970306280833,1.0407089923091044,1.0303083515943634,0.07301146798696682,3,2021
2021-04-12 00:00:00+00:00,0.0018725608611145361,1.0426577832359123,1.0393360522175554,0.046935927403017254,2,2021
2021-04-13 00:00:00+00:00,-0.00031995085737335227,1.042324183984219,1.0389646195213451,0.07177579199554637,3,2021
2021-04-14 00:00:00+00:00,-0.00027168466315841133,1.0420410004893914,1.0408329641348721,0.09466082363567473,3,2021
2021-04-15 00:00:00+00:00,0.0005241046839894459,1.042587139058657,1.040498562826477,0.09545580941654996,3,2021
2021-04-16 00:00:00+00:00,-0.003981231722576695,1.0384363580670861,1.0363829217828586,0.07092216905651579,2,2021
2021-04-17 00:00:00+00:00,-0.002347159427449008,1.035998982379443,1.036230493249986,0.06888347672175497,2,2021
2021-04-18 00:00:00+00:00,-0.0035184441318684145,1.0323538778392685,1.0323538778392685,0.0,0,2021
2021-04-19 00:00:00+00:00,-0.0004657112107754324,1.0318730990648712,1.0323054271798766,0.016787452366612696,1,2021
2021-04-20 00:00:00+00:00,4.267939236624052e-05,1.0319171387817383,1.0322855198483996,0.01684870508867675,1,2021
2021-04-21 00:00:00+00:00,0.0005024800939186225,1.0324356566025497,1.0322767213142983,0.01735099304991701,1,2021
2021-04-22 00:00:00+00:00,0.0033193475305057785,1.0358626693496995,1.0329844159943187,0.016490730626736096,1,2021
2021-04-23 00:00:00+00:00,-0.00281275914066903,1.0329490371580083,1.0329490371580083,0.0,0,2021
2021-04-24 00:00:00+00:00,0.0,1.0329490371580083,1.0329490371580083,0.0,0,2021
2021-04-25 00:00:00+00:00,0.0,1.0329490371580083,1.0329490371580083,0.0,0,2021
2021-04-26 00:00:00+00:00,-0.001215496501581037,1.0316934912170312,1.0329104503309194,0.01523578093730426,1,2021
2021-04-27 00:00:00+00:00,-0.00027524065452733115,1.031409527225237,1.0328910986228041,0.014983421555666435,1,2021
2021-04-28 00:00:00+00:00,0.001175873809691419,1.0326223346753673,1.0328119877768471,0.03877774094212085,2,2021
2021-04-29 00:00:00+00:00,-0.0007554206662533369,1.0318422704233188,1.0327940456440956,0.038068453281796,2,2021
2021-04-30 00:00:00+00:00,0.00021892278030932744,1.0320681642020006,1.0327601281564556,0.038311859529827685,2,2021
2021-05-01 00:00:00+00:00,0.00378735312772438,1.035976970791716,1.0327106070418444,0.04198817103356852,2,2021
2021-05-02 00:00:00+00:00,-0.000958387898795432,1.0349841029994784,1.0326640944418037,0.041114083705172826,2,2021
2021-05-03 00:00:00+00:00,0.0030959391953333526,1.0381883508505014,1.0333273035430213,0.03894678830841613,2,2021
2021-05-04 00:00:00+00:00,-0.003855568876292126,1.0341855441572332,1.035340423089026,0.04588514105776549,3,2021
2021-05-05 00:00:00+00:00,0.00315288106228806,1.0374462081742986,1.035266130989998,0.04895550756219751,3,2021
2021-05-06 00:00:00+00:00,-0.0013191405537824608,1.036077670808728,1.0351036403480793,0.0478561215659589,3,2021
2021-05-07 00:00:00+00:00,-0.0005372636593283797,1.0355210239279609,1.0350018318825815,0.04744261044973861,3,2021
2021-05-08 00:00:00+00:00,0.0031978239786740748,1.0388324378886988,1.0348985240110642,0.0505784575708575,3,2021
2021-05-09 00:00:00+00:00,-1.932030253504191e-05,1.0388123673317156,1.0348224383366673,0.05063335704743477,3,2021
2021-05-10 00:00:00+00:00,-0.0013930411159341904,1.0373652589922815,1.034715410407488,0.049412178252370216,3,2021
2021-05-11 00:00:00+00:00,0.00264847725334616,1.0401126972841341,1.0346855072020367,0.051951888221863994,3,2021
2021-05-12 00:00:00+00:00,-0.002036651194540662,1.0379943505167535,1.0418367973476321,0.03190555130185005,2,2021
2021-05-13 00:00:00+00:00,-0.0020221291422074517,1.035895391891127,1.0381554281751293,0.014167047147221537,1,2021
2021-05-14 00:00:00+00:00,0.0005777942547773307,1.036493926297112,1.0381501661110606,0.01474140362901176,1,2021
2021-05-15 00:00:00+00:00,0.0002559137429070102,1.036759179337291,1.0381333614751753,0.015009689147460594,1,2021
2021-05-16 00:00:00+00:00,0.0011314203637655673,1.0379321897851141,1.0381137934599438,0.016141720654364138,1,2021
2021-05-17 00:00:00+00:00,-6.598757164144597e-05,1.0378636991603818,1.03809034626637,0.01609938573633761,1,2021
2021-05-18 00:00:00+00:00,0.003254980686578479,1.0412419254564498,1.0387892748811123,0.015367363046521339,1,2021
2021-05-19 00:00:00+00:00,-0.00233326049866045,1.0388124368022331,1.0388124368022331,0.0,0,2021
2021-05-20 00:00:00+00:00,0.0,1.0388124368022331,1.0388124368022331,0.0,0,2021
2021-05-21 00:00:00+00:00,0.0,1.0388124368022331,1.0388124368022331,0.0,0,2021
2021-05-22 00:00:00+00:00,0.0,1.0388124368022331,1.0388124368022331,0.0,0,2021
2021-05-23 00:00:00+00:00,0.0,1.0388124368022331,1.0388124368022331,0.0,0,2021
2021-05-24 00:00:00+00:00,0.0,1.0388124368022331,1.0388124368022331,0.0,0,2021
2021-05-25 00:00:00+00:00,0.0,1.0388124368022331,1.0388124368022331,0.0,0,2021
2021-05-26 00:00:00+00:00,0.0,1.0388124368022331,1.0388124368022331,0.0,0,2021
2021-05-27 00:00:00+00:00,0.0,1.0388124368022331,1.0388124368022331,0.0,0,2021
2021-05-28 00:00:00+00:00,0.0,1.0388124368022331,1.0388124368022331,0.0,0,2021
2021-05-29 00:00:00+00:00,0.0,1.0388124368022331,1.0388124368022331,0.0,0,2021
2021-05-30 00:00:00+00:00,0.0,1.0388124368022331,1.0388124368022331,0.0,0,2021
2021-05-31 00:00:00+00:00,0.0,1.0388124368022331,1.0388124368022331,0.0,0,2021
2021-06-01 00:00:00+00:00,0.0,1.0388124368022331,1.0388124368022331,0.0,0,2021
2021-06-02 00:00:00+00:00,0.0,1.0388124368022331,1.0388124368022331,0.0,0,2021
2021-06-03 00:00:00+00:00,0.0,1.0388124368022331,1.0388124368022331,0.0,0,2021
2021-06-04 00:00:00+00:00,0.0,1.0388124368022331,1.0388124368022331,0.0,0,2021
2021-06-05 00:00:00+00:00,0.0,1.0388124368022331,1.0388124368022331,0.0,0,2021
2021-06-06 00:00:00+00:00,0.0,1.0388124368022331,1.0388124368022331,0.0,0,2021
2021-06-07 00:00:00+00:00,0.0,1.0388124368022331,1.0388124368022331,0.0,0,2021
2021-06-08 00:00:00+00:00,0.0,1.0388124368022331,1.0388124368022331,0.0,0,2021
2021-06-09 00:00:00+00:00,0.0,1.0388124368022331,1.0388124368022331,0.0,0,2021
2021-06-10 00:00:00+00:00,0.0,1.0388124368022331,1.0388124368022331,0.0,0,2021
2021-06-11 00:00:00+00:00,0.0,1.0388124368022331,1.0388124368022331,0.0,0,2021
2021-06-12 00:00:00+00:00,0.0,1.0388124368022331,1.0388124368022331,0.0,0,2021
2021-06-13 00:00:00+00:00,0.0,1.0388124368022331,1.0388124368022331,0.0,0,2021
2021-06-14 00:00:00+00:00,0.0,1.0388124368022331,1.0388124368022331,0.0,0,2021
2021-06-15 00:00:00+00:00,0.0,1.0388124368022331,1.0388124368022331,0.0,0,2021
2021-06-16 00:00:00+00:00,0.0,1.0388124368022331,1.0388124368022331,0.0,0,2021
2021-06-17 00:00:00+00:00,0.0,1.0388124368022331,1.0388124368022331,0.0,0,2021
2021-06-18 00:00:00+00:00,0.0,1.0388124368022331,1.0388124368022331,0.0,0,2021
2021-06-19 00:00:00+00:00,0.0,1.0388124368022331,1.0388124368022331,0.0,0,2021
2021-06-20 00:00:00+00:00,0.0,1.0388124368022331,1.0388124368022331,0.0,0,2021
2021-06-21 00:00:00+00:00,0.0,1.0388124368022331,1.0388124368022331,0.0,0,2021
2021-06-22 00:00:00+00:00,0.0,1.0388124368022331,1.0388124368022331,0.0,0,2021
2021-06-23 00:00:00+00:00,0.0,1.0388124368022331,1.0388124368022331,0.0,0,2021
2021-06-24 00:00:00+00:00,0.0,1.0388124368022331,1.0388124368022331,0.0,0,2021
2021-06-25 00:00:00+00:00,0.0,1.0388124368022331,1.0388124368022331,0.0,0,2021
2021-06-26 00:00:00+00:00,0.0,1.0388124368022331,1.0388124368022331,0.0,0,2021
2021-06-27 00:00:00+00:00,0.0,1.0388124368022331,1.0388124368022331,0.0,0,2021
2021-06-28 00:00:00+00:00,0.0,1.0388124368022331,1.0388124368022331,0.0,0,2021
2021-06-29 00:00:00+00:00,0.0,1.0388124368022331,1.0388124368022331,0.0,0,2021
2021-06-30 00:00:00+00:00,0.0,1.0388124368022331,1.0388124368022331,0.0,0,2021
2021-07-01 00:00:00+00:00,0.0,1.0388124368022331,1.0388124368022331,0.0,0,2021
2021-07-02 00:00:00+00:00,0.0,1.0388124368022331,1.0388124368022331,0.0,0,2021
2021-07-03 00:00:00+00:00,0.0,1.0388124368022331,1.0388124368022331,0.0,0,2021
2021-07-04 00:00:00+00:00,0.0,1.0388124368022331,1.0388124368022331,0.0,0,2021
2021-07-05 00:00:00+00:00,0.0,1.0388124368022331,1.0388124368022331,0.0,0,2021
2021-07-06 00:00:00+00:00,0.0,1.0388124368022331,1.0388124368022331,0.0,0,2021
2021-07-07 00:00:00+00:00,0.0,1.0388124368022331,1.0388124368022331,0.0,0,2021
2021-07-08 00:00:00+00:00,0.0,1.0388124368022331,1.0388124368022331,0.0,0,2021
2021-07-09 00:00:00+00:00,0.0,1.0388124368022331,1.0388124368022331,0.0,0,2021
2021-07-10 00:00:00+00:00,0.0,1.0388124368022331,1.0388124368022331,0.0,0,2021
2021-07-11 00:00:00+00:00,0.0,1.0388124368022331,1.0388124368022331,0.0,0,2021
2021-07-12 00:00:00+00:00,0.0,1.0388124368022331,1.0388124368022331,0.0,0,2021
2021-07-13 00:00:00+00:00,0.0,1.0388124368022331,1.0388124368022331,0.0,0,2021
2021-07-14 00:00:00+00:00,0.0,1.0388124368022331,1.0388124368022331,0.0,0,2021
2021-07-15 00:00:00+00:00,0.0,1.0388124368022331,1.0388124368022331,0.0,0,2021
2021-07-16 00:00:00+00:00,0.0,1.0388124368022331,1.0388124368022331,0.0,0,2021
2021-07-17 00:00:00+00:00,0.0,1.0388124368022331,1.0388124368022331,0.0,0,2021
2021-07-18 00:00:00+00:00,0.0,1.0388124368022331,1.0388124368022331,0.0,0,2021
2021-07-19 00:00:00+00:00,0.0,1.0388124368022331,1.0388124368022331,0.0,0,2021
2021-07-20 00:00:00+00:00,0.0,1.0388124368022331,1.0388124368022331,0.0,0,2021
2021-07-21 00:00:00+00:00,0.0,1.0388124368022331,1.0388124368022331,0.0,0,2021
2021-07-22 00:00:00+00:00,0.0,1.0388124368022331,1.0388124368022331,0.0,0,2021
2021-07-23 00:00:00+00:00,0.0,1.0388124368022331,1.0388124368022331,0.0,0,2021
2021-07-24 00:00:00+00:00,0.0,1.0388124368022331,1.0388124368022331,0.0,0,2021
2021-07-25 00:00:00+00:00,0.0,1.0388124368022331,1.0388124368022331,0.0,0,2021
2021-07-26 00:00:00+00:00,0.0,1.0388124368022331,1.0388124368022331,0.0,0,2021
2021-07-27 00:00:00+00:00,0.0,1.0388124368022331,1.0388124368022331,0.0,0,2021
2021-07-28 00:00:00+00:00,0.0,1.0388124368022331,1.0388124368022331,0.0,0,2021
2021-07-29 00:00:00+00:00,0.0,1.0388124368022331,1.0388124368022331,0.0,0,2021
2021-07-30 00:00:00+00:00,0.0,1.0388124368022331,1.0388124368022331,0.0,0,2021
2021-07-31 00:00:00+00:00,0.0,1.0388124368022331,1.0388124368022331,0.0,0,2021
2021-08-01 00:00:00+00:00,0.0,1.0388124368022331,1.0388124368022331,0.0,0,2021
2021-08-02 00:00:00+00:00,0.0,1.0388124368022331,1.0388124368022331,0.0,0,2021
2021-08-03 00:00:00+00:00,0.0,1.0388124368022331,1.0388124368022331,0.0,0,2021
2021-08-04 00:00:00+00:00,0.0,1.0388124368022331,1.0388124368022331,0.0,0,2021
2021-08-05 00:00:00+00:00,0.0,1.0388124368022331,1.0388124368022331,0.0,0,2021
2021-08-06 00:00:00+00:00,0.0,1.0388124368022331,1.0388124368022331,0.0,0,2021
2021-08-07 00:00:00+00:00,0.0,1.0388124368022331,1.0388124368022331,0.0,0,2021
2021-08-08 00:00:00+00:00,0.0,1.0388124368022331,1.0388124368022331,0.0,0,2021
2021-08-09 00:00:00+00:00,0.0,1.0388124368022331,1.0388124368022331,0.0,0,2021
2021-08-10 00:00:00+00:00,0.0,1.0388124368022331,1.0388124368022331,0.0,0,2021
2021-08-11 00:00:00+00:00,0.002074953513936828,1.0409679243182972,1.039441017083485,0.029873849626667347,1,2021
2021-08-12 00:00:00+00:00,-0.0015639281283712503,1.0393399253007236,1.0393399253007236,0.0,0,2021
2021-08-13 00:00:00+00:00,0.0,1.0393399253007236,1.0393399253007236,0.0,0,2021
2021-08-14 00:00:00+00:00,-0.0012992658381254518,1.0379895464415805,1.0390935676045743,0.08362704309692533,3,2021
2021-08-15 00:00:00+00:00,0.005444302577097604,1.0436406756042726,1.039762211523829,0.0833447389328328,3,2021
2021-08-16 00:00:00+00:00,0.0015899763822360136,1.0453000396300243,1.0418240784177117,0.07593290976337515,3,2021
2021-08-17 00:00:00+00:00,0.0002291513368024578,1.0455395715314653,1.0489918061254209,0.05780094230698105,2,2021
2021-08-18 00:00:00+00:00,-0.0004951256055827358,1.04502189811795,1.0489800564561622,0.0573454478010713,2,2021
2021-08-19 00:00:00+00:00,0.00431046361572851,1.049526426987427,1.0489718266288206,0.061399127977450944,2,2021
2021-08-20 00:00:00+00:00,0.002687008580763539,1.0523465135024803,1.0496484347695372,0.05656822351930376,2,2021
2021-08-21 00:00:00+00:00,-0.0013472981068135548,1.0509286890371266,1.049504081393644,0.08842695440436157,3,2021
2021-08-22 00:00:00+00:00,0.00034276624987295,1.0512889119227518,1.0494394744240796,0.08880075882486901,3,2021
2021-08-23 00:00:00+00:00,0.003878592154615168,1.0553664328487693,1.051471690084357,0.08036961028035285,3,2021
2021-08-24 00:00:00+00:00,-0.0035996652359692183,1.0515674669892348,1.0513796151404793,0.07713484920525342,3,2021
2021-08-25 00:00:00+00:00,0.0025273863706463118,1.0542251842731185,1.051337759239242,0.07950110890044206,3,2021
2021-08-26 00:00:00+00:00,-0.003586951791255344,1.0504437293600035,1.0513018111117152,0.07622165962538469,3,2021
2021-08-27 00:00:00+00:00,0.0036372778838367203,1.0542644851050196,1.0512830064748766,0.07958735778564535,3,2021
2021-08-28 00:00:00+00:00,0.0009264828630215494,1.0552412430835616,1.0511918771819766,0.0982768630093698,4,2021
2021-08-29 00:00:00+00:00,-0.0009840270816241503,1.0542028571227207,1.0511411553902918,0.09743678289732283,4,2021
2021-08-30 00:00:00+00:00,0.0010347888841326647,1.0552937345208921,1.051809866668068,0.09418604543946395,4,2021
2021-08-31 00:00:00+00:00,0.0018637908952938709,1.0572605813751528,1.0557081129614927,0.07018868094099974,3,2021
2021-09-01 00:00:00+00:00,0.004437163946282352,1.0619518199086562,1.0563597565052587,0.06829344874530768,3,2021
2021-09-02 00:00:00+00:00,0.0016598732047978793,1.063714525279309,1.0562378373841217,0.06995201711208146,3,2021
2021-09-03 00:00:00+00:00,0.003194334907151264,1.0671123857186524,1.0561399860531182,0.07300513937207227,3,2021
2021-09-04 00:00:00+00:00,-0.0012287313375666242,1.0658011912896144,1.0560268301912936,0.07197088022112877,3,2021
2021-09-05 00:00:00+00:00,0.0018284735935454322,1.0677499806238566,1.055918425483037,0.0737661862323993,3,2021
2021-09-06 00:00:00+00:00,0.0018142082278833627,1.0696871014240268,1.0631662441946717,0.059912148518455756,2,2021
2021-09-07 00:00:00+00:00,-0.013262149093590914,1.0555007516014503,1.0555007516014503,0.0,0,2021
2021-09-08 00:00:00+00:00,0.0017917697707885427,1.0573919659412143,1.0554430028653279,0.020066246102060283,1,2021
2021-09-09 00:00:00+00:00,5.214520801311018e-05,1.0574471038652298,1.0561620576576902,0.01579292771971418,1,2021
2021-09-10 00:00:00+00:00,-0.0012537711649067695,1.0561213071779894,1.0561213071779894,0.0,0,2021
2021-09-11 00:00:00+00:00,0.0,1.0561213071779894,1.0561213071779894,0.0,0,2021
2021-09-12 00:00:00+00:00,0.0,1.0561213071779894,1.0561213071779894,0.0,0,2021
2021-09-13 00:00:00+00:00,0.0,1.0561213071779894,1.0561213071779894,0.0,0,2021
2021-09-14 00:00:00+00:00,0.0,1.0561213071779894,1.0561213071779894,0.0,0,2021
2021-09-15 00:00:00+00:00,0.0,1.0561213071779894,1.0561213071779894,0.0,0,2021
2021-09-16 00:00:00+00:00,0.0,1.0561213071779894,1.0561213071779894,0.0,0,2021
2021-09-17 00:00:00+00:00,0.0,1.0561213071779894,1.0561213071779894,0.0,0,2021
2021-09-18 00:00:00+00:00,0.0,1.0561213071779894,1.0561213071779894,0.0,0,2021
2021-09-19 00:00:00+00:00,0.0,1.0561213071779894,1.0561213071779894,0.0,0,2021
2021-09-20 00:00:00+00:00,0.0,1.0561213071779894,1.0561213071779894,0.0,0,2021
2021-09-21 00:00:00+00:00,0.0,1.0561213071779894,1.0561213071779894,0.0,0,2021
2021-09-22 00:00:00+00:00,0.0,1.0561213071779894,1.0561213071779894,0.0,0,2021
2021-09-23 00:00:00+00:00,0.0,1.0561213071779894,1.0561213071779894,0.0,0,2021
2021-09-24 00:00:00+00:00,0.0,1.0561213071779894,1.0561213071779894,0.0,0,2021
2021-09-25 00:00:00+00:00,0.0,1.0561213071779894,1.0561213071779894,0.0,0,2021
2021-09-26 00:00:00+00:00,0.0,1.0561213071779894,1.0561213071779894,0.0,0,2021
2021-09-27 00:00:00+00:00,0.0,1.0561213071779894,1.0561213071779894,0.0,0,2021
2021-09-28 00:00:00+00:00,0.0,1.0561213071779894,1.0561213071779894,0.0,0,2021
2021-09-29 00:00:00+00:00,0.0,1.0561213071779894,1.0561213071779894,0.0,0,2021
2021-09-30 00:00:00+00:00,0.0,1.0561213071779894,1.0561213071779894,0.0,0,2021
2021-10-01 00:00:00+00:00,0.0,1.0561213071779894,1.0561213071779894,0.0,0,2021
2021-10-02 00:00:00+00:00,0.0,1.0561213071779894,1.0561213071779894,0.0,0,2021
2021-10-03 00:00:00+00:00,0.0,1.0561213071779894,1.0561213071779894,0.0,0,2021
2021-10-04 00:00:00+00:00,0.0,1.0561213071779894,1.0561213071779894,0.0,0,2021
2021-10-05 00:00:00+00:00,0.0,1.0561213071779894,1.0561213071779894,0.0,0,2021
2021-10-06 00:00:00+00:00,0.0,1.0561213071779894,1.0561213071779894,0.0,0,2021
2021-10-07 00:00:00+00:00,-0.0010244677968792582,1.0550393449091875,1.0560240867086441,0.03321032175743987,1,2021
2021-10-08 00:00:00+00:00,7.537877246965863e-05,1.0551188724799139,1.0559994339801684,0.03330655656627323,1,2021
2021-10-09 00:00:00+00:00,0.0005961794404070186,1.0557479126588718,1.0559866529383004,0.03389464208468005,1,2021
2021-10-10 00:00:00+00:00,-0.00017461760742709664,1.0555635604843172,1.055972084506155,0.03373971518348982,1,2021
2021-10-11 00:00:00+00:00,0.0017164447846944597,1.057375377052624,1.0559608532676463,0.03540602751690862,1,2021
2021-10-12 00:00:00+00:00,-0.0009266978387365565,1.056395509575976,1.0559499127072125,0.03452166773602694,1,2021
2021-10-13 00:00:00+00:00,0.0008410362583997077,1.05728397650274,1.0559387022435616,0.03534359074790238,1,2021
2021-10-14 00:00:00+00:00,-2.7215373600730786e-05,1.0572552021243173,1.0559199936574373,0.03533503197947523,1,2021
2021-10-15 00:00:00+00:00,0.0025404399325597016,1.0599410954587005,1.0566206184596292,0.0303213333885147,1,2021
2021-10-16 00:00:00+00:00,-0.00041742184240511904,1.0594986528937933,1.056582771262567,0.029952121102816264,1,2021
2021-10-17 00:00:00+00:00,0.00028252086757696304,1.0597979833724054,1.0565456777004238,0.030261103062725402,1,2021
2021-10-18 00:00:00+00:00,0.00020772142162672758,1.0600181261161485,1.0565228507089317,0.030484031300607714,1,2021
2021-10-19 00:00:00+00:00,0.0011086878687744939,1.0611933553532547,1.0565111342190683,0.03156877235775188,1,2021
2021-10-20 00:00:00+00:00,0.000919935452872167,1.0621695847431964,1.0586742969653422,0.02024795008452305,1,2021
2021-10-21 00:00:00+00:00,-0.002211449738421467,1.0598206500928569,1.0584985074301765,0.05261069797372929,2,2021
2021-10-22 00:00:00+00:00,-0.0011478751425050282,1.0586041083131017,1.0602535594202183,0.032849713249884636,1,2021
2021-10-23 00:00:00+00:00,0.0015888398749721588,1.0602860607321989,1.0602303413518503,0.0344058205061268,1,2021
2021-10-24 00:00:00+00:00,-0.0007438427939544523,1.059497374586393,1.0601929483894257,0.03372232868558703,1,2021
2021-10-25 00:00:00+00:00,0.0011116210473935961,1.0606751341676415,1.0601502173678428,0.03483555720305085,1,2021
2021-10-26 00:00:00+00:00,-0.0007892951915109414,1.0598379483844877,1.060106835943658,0.034114087919094656,1,2021
2021-10-27 00:00:00+00:00,-0.0017650304637084613,1.0579673021189948,1.0600715178390347,0.03243963846668255,1,2021
2021-10-28 00:00:00+00:00,0.0030069768914753325,1.061148585348403,1.0600566779309912,0.03535433250890684,1,2021
2021-10-29 00:00:00+00:00,0.0010549981303578093,1.0622680951219774,1.0600165773038102,0.03640870935135998,1,2021
2021-10-30 00:00:00+00:00,-0.001018228205929006,1.0611864637852657,1.0598937114390379,0.06724378153050102,2,2021
2021-10-31 00:00:00+00:00,-0.0005830677869349543,1.0605677201423012,1.0598766565970432,0.06671568499504939,2,2021
2021-11-01 00:00:00+00:00,0.0018640433461467598,1.0625446643441705,1.059865001119206,0.06846310000298973,2,2021
2021-11-02 00:00:00+00:00,0.0023723069601144786,1.0650653464468267,1.0605456712142707,0.06318885065848792,2,2021
2021-11-03 00:00:00+00:00,0.0031230371131343304,1.0683915850516934,1.0604442847956483,0.08908461668028116,3,2021
2021-11-04 00:00:00+00:00,-0.0006890666548037272,1.0676553920361613,1.0604019871704589,0.08849611975286643,3,2021
2021-11-05 00:00:00+00:00,0.001068347884800147,1.0687960194159387,1.0610840993299342,0.08253552957791627,3,2021
2021-11-06 00:00:00+00:00,0.003950875798671261,1.0730186997427653,1.0617997423808996,0.08092198936935259,3,2021
2021-11-07 00:00:00+00:00,0.00041996400003263545,1.073469328968019,1.0639958884222844,0.06986035391105902,3,2021
2021-11-08 00:00:00+00:00,0.0012432952055976276,1.074803968238081,1.0639372642976221,0.07106990008077156,3,2021
2021-11-09 00:00:00+00:00,-0.002310917690253378,1.072320184734325,1.063762367570561,0.10762544074576642,4,2021
2021-11-10 00:00:00+00:00,-0.004909204445689319,1.067055945716225,1.0654230481325293,0.06757278334997782,2,2021
2021-11-11 00:00:00+00:00,0.0004988917380450708,1.0675882911115746,1.065387042356404,0.0680714579006824,2,2021
2021-11-12 00:00:00+00:00,-0.0007908761586207236,1.0667439609849119,1.0653417832976941,0.06737626175952334,2,2021
2021-11-13 00:00:00+00:00,-2.0855436047351184e-05,1.0667217135744547,1.0653048494847412,0.06739143474197985,2,2021
2021-11-14 00:00:00+00:00,0.0005328529335655308,1.067290119368831,1.0652802908326402,0.06791112358235508,2,2021
2021-11-15 00:00:00+00:00,-0.001551236656980981,1.0656344998120324,1.0652316046249493,0.0665086742762899,2,2021
2021-11-16 00:00:00+00:00,-0.004062597342940677,1.0613052559245502,1.0613052559245502,0.0,0,2021
2021-11-17 00:00:00+00:00,0.0,1.0613052559245502,1.0613052559245502,0.0,0,2021
2021-11-18 00:00:00+00:00,0.0,1.0613052559245502,1.0613052559245502,0.0,0,2021
2021-11-19 00:00:00+00:00,0.0,1.0613052559245502,1.0613052559245502,0.0,0,2021
2021-11-20 00:00:00+00:00,0.0,1.0613052559245502,1.0613052559245502,0.0,0,2021
2021-11-21 00:00:00+00:00,0.0,1.0613052559245502,1.0613052559245502,0.0,0,2021
2021-11-22 00:00:00+00:00,0.0,1.0613052559245502,1.0613052559245502,0.0,0,2021
2021-11-23 00:00:00+00:00,0.0,1.0613052559245502,1.0613052559245502,0.0,0,2021
2021-11-24 00:00:00+00:00,0.0,1.0613052559245502,1.0613052559245502,0.0,0,2021
2021-11-25 00:00:00+00:00,0.0,1.0613052559245502,1.0613052559245502,0.0,0,2021
2021-11-26 00:00:00+00:00,0.0,1.0613052559245502,1.0613052559245502,0.0,0,2021
2021-11-27 00:00:00+00:00,0.0,1.0613052559245502,1.0613052559245502,0.0,0,2021
2021-11-28 00:00:00+00:00,0.0,1.0613052559245502,1.0613052559245502,0.0,0,2021
2021-11-29 00:00:00+00:00,0.0,1.0613052559245502,1.0613052559245502,0.0,0,2021
2021-11-30 00:00:00+00:00,0.0,1.0613052559245502,1.0613052559245502,0.0,0,2021
2021-12-01 00:00:00+00:00,0.0,1.0613052559245502,1.0613052559245502,0.0,0,2021
2021-12-02 00:00:00+00:00,0.0,1.0613052559245502,1.0613052559245502,0.0,0,2021
2021-12-03 00:00:00+00:00,0.0,1.0613052559245502,1.0613052559245502,0.0,0,2021
2021-12-04 00:00:00+00:00,0.0,1.0613052559245502,1.0613052559245502,0.0,0,2021
2021-12-05 00:00:00+00:00,0.0,1.0613052559245502,1.0613052559245502,0.0,0,2021
2021-12-06 00:00:00+00:00,0.0,1.0613052559245502,1.0613052559245502,0.0,0,2021
2021-12-07 00:00:00+00:00,0.0,1.0613052559245502,1.0613052559245502,0.0,0,2021
2021-12-08 00:00:00+00:00,0.0,1.0613052559245502,1.0613052559245502,0.0,0,2021
2021-12-09 00:00:00+00:00,0.0,1.0613052559245502,1.0613052559245502,0.0,0,2021
2021-12-10 00:00:00+00:00,0.0,1.0613052559245502,1.0613052559245502,0.0,0,2021
2021-12-11 00:00:00+00:00,0.0,1.0613052559245502,1.0613052559245502,0.0,0,2021
2021-12-12 00:00:00+00:00,0.0,1.0613052559245502,1.0613052559245502,0.0,0,2021
2021-12-13 00:00:00+00:00,0.0,1.0613052559245502,1.0613052559245502,0.0,0,2021
2021-12-14 00:00:00+00:00,0.0,1.0613052559245502,1.0613052559245502,0.0,0,2021
2021-12-15 00:00:00+00:00,0.0,1.0613052559245502,1.0613052559245502,0.0,0,2021
2021-12-16 00:00:00+00:00,0.0,1.0613052559245502,1.0613052559245502,0.0,0,2021
2021-12-17 00:00:00+00:00,0.0,1.0613052559245502,1.0613052559245502,0.0,0,2021
2021-12-18 00:00:00+00:00,0.0,1.0613052559245502,1.0613052559245502,0.0,0,2021
2021-12-19 00:00:00+00:00,0.0,1.0613052559245502,1.0613052559245502,0.0,0,2021
2021-12-20 00:00:00+00:00,0.0,1.0613052559245502,1.0613052559245502,0.0,0,2021
2021-12-21 00:00:00+00:00,0.0,1.0613052559245502,1.0613052559245502,0.0,0,2021
2021-12-22 00:00:00+00:00,0.0,1.0613052559245502,1.0613052559245502,0.0,0,2021
2021-12-23 00:00:00+00:00,0.0,1.0613052559245502,1.0613052559245502,0.0,0,2021
2021-12-24 00:00:00+00:00,0.0,1.0613052559245502,1.0613052559245502,0.0,0,2021
2021-12-25 00:00:00+00:00,0.0,1.0613052559245502,1.0613052559245502,0.0,0,2021
2021-12-26 00:00:00+00:00,0.0,1.0613052559245502,1.0613052559245502,0.0,0,2021
2021-12-27 00:00:00+00:00,0.0,1.0613052559245502,1.0613052559245502,0.0,0,2021
2021-12-28 00:00:00+00:00,0.0,1.0613052559245502,1.0613052559245502,0.0,0,2021
2021-12-29 00:00:00+00:00,0.0,1.0613052559245502,1.0613052559245502,0.0,0,2021
2021-12-30 00:00:00+00:00,0.0,1.0613052559245502,1.0613052559245502,0.0,0,2021
2021-12-31 00:00:00+00:00,0.0,1.0613052559245502,1.0613052559245502,0.0,0,2021
2022-01-01 00:00:00+00:00,0.0,1.0,1.0,0.0,0,2022
2022-01-02 00:00:00+00:00,0.0,1.0,1.0,0.0,0,2022
2022-01-03 00:00:00+00:00,0.0,1.0,1.0,0.0,0,2022
2022-01-04 00:00:00+00:00,0.0,1.0,1.0,0.0,0,2022
2022-01-05 00:00:00+00:00,0.0,1.0,1.0,0.0,0,2022
2022-01-06 00:00:00+00:00,4.4143338020274925e-05,1.0000441433380203,0.9999293110060079,0.035228109577676,1,2022
2022-01-07 00:00:00+00:00,0.0018163585262502835,1.0018605820443989,0.9999293110060079,0.03335117336332683,1,2022
2022-01-08 00:00:00+00:00,0.001514977041360055,1.0033783778248397,1.0005343280060408,0.07352828572264791,3,2022
2022-01-09 00:00:00+00:00,-0.0009351641433390512,1.0024400543436962,1.0005354742491233,0.07453429404890936,3,2022
2022-01-10 00:00:00+00:00,0.002154454609680778,1.0045997659397057,1.0005246095307951,0.0722134206299171,3,2022
2022-01-11 00:00:00+00:00,-0.0042870725847770075,1.0002929738244721,1.0005286333901087,0.07683389111813742,3,2022
2022-01-12 00:00:00+00:00,-0.003646792028452417,0.996645113381412,1.00038860384983,0.05226397445154049,2,2022
2022-01-13 00:00:00+00:00,0.0019523907732450496,0.9985909541049777,1.0003968227323041,0.050221777691624454,2,2022
2022-01-14 00:00:00+00:00,-0.000571770343770095,0.9980199894118633,1.0004087325802202,0.05083454037113571,2,2022
2022-01-15 00:00:00+00:00,-0.0003601953519929424,0.9976605072504812,1.00042395669398,0.05122844228740034,2,2022
2022-01-16 00:00:00+00:00,-0.00022933996821894453,0.9974317038214551,1.0004365714908177,0.05148223356769829,2,2022
2022-01-17 00:00:00+00:00,0.002425591467948518,0.9998510656521057,1.0004429988641526,0.0489443669840276,2,2022
2022-01-18 00:00:00+00:00,0.00023664813346102598,1.0000876785405313,1.0004551404664905,0.048708335524789606,2,2022
2022-01-19 00:00:00+00:00,0.0015659139128207933,1.0016537297503985,1.0004660840588255,0.04707964157911043,2,2022
2022-01-20 00:00:00+00:00,0.0018831076448977413,1.0035399515464318,1.0004796695174993,0.04512512150202435,2,2022
2022-01-21 00:00:00+00:00,0.005618744273036214,1.0091785859019464,1.0018702081893487,0.03108244481728509,2,2022
2022-01-22 00:00:00+00:00,0.005853086980368127,1.0150853959439554,1.0059576388545284,0.06563386173674814,4,2022
2022-01-23 00:00:00+00:00,-0.003324337305439573,1.011710909694012,1.005952211447412,0.06918283938677099,4,2022
2022-01-24 00:00:00+00:00,0.001399292772981564,1.0131265894582935,1.005954689387236,0.0676912759573472,4,2022
2022-01-25 00:00:00+00:00,-0.0012907621054373264,1.0118188840486098,1.0059526872132958,0.06906921375380588,4,2022
2022-01-26 00:00:00+00:00,0.0008308017683271718,1.0126595049667042,1.005938181014715,0.06816744160030892,4,2022
2022-01-27 00:00:00+00:00,-0.000763364680523515,1.0118864764672162,1.005911853550908,0.06895744762308549,4,2022
2022-01-28 00:00:00+00:00,-0.0009331933926264302,1.010942190693289,1.005900098598338,0.06994429570138141,4,2022
2022-01-29 00:00:00+00:00,-0.0011433902719982791,1.0097862892268976,1.0059011012877876,0.07117005295617221,4,2022
2022-01-30 00:00:00+00:00,0.001129555807593663,1.0109268991943223,1.0059037287274943,0.06996407080209784,4,2022
2022-01-31 00:00:00+00:00,-0.0011634672830259651,1.0097507188215789,1.0058923257090506,0.07119909613847972,4,2022
2022-02-01 00:00:00+00:00,-0.0022349447778433618,1.007493981725625,1.009351599263941,0.05303930146291742,2,2022
2022-02-02 00:00:00+00:00,0.0024114447566616626,1.0099234978052254,1.0093537291199544,0.05050817305081756,2,2022
2022-02-03 00:00:00+00:00,-0.0006182658556195264,1.0092990965897446,1.0093467610586928,0.05115116433165466,2,2022
2022-02-04 00:00:00+00:00,-0.004406026407406727,1.0048520981171984,1.0057466735586365,0.02262927191007063,1,2022
2022-02-05 00:00:00+00:00,-0.0008037672851677335,1.0040444308742997,1.0057384868502883,0.023443735325291145,1,2022
2022-02-06 00:00:00+00:00,-0.00036056790321659093,1.003682404679123,1.0057334936288747,0.023807914490293434,1,2022
2022-02-07 00:00:00+00:00,-0.0007734956943638016,1.002906060660595,1.0057264503241485,0.024593415622165316,1,2022
2022-02-08 00:00:00+00:00,0.0014296029343878747,1.004339818107831,1.0057246732787903,0.023128975540354865,1,2022
2022-02-09 00:00:00+00:00,-0.0008294771587865624,1.0035067411690506,1.0057246732787903,0.02397834218629053,1,2022
2022-02-10 00:00:00+00:00,0.00046299560068208123,1.0039713603754667,1.0057217899788917,0.023501592227553048,1,2022
2022-02-11 00:00:00+00:00,0.0008200628334411597,1.00479467997395,1.005716588083236,0.022657767282503103,1,2022
2022-02-12 00:00:00+00:00,-0.00020685038038348313,1.00458683781219,1.005716588083236,0.022869348196260145,1,2022
2022-02-13 00:00:00+00:00,0.00031969246970442455,1.0049079966594028,1.005716588083236,0.02254244907533774,1,2022
2022-02-14 00:00:00+00:00,-0.0003099572581622967,1.0045965181320529,1.005716588083236,0.02285949179890094,1,2022
2022-02-15 00:00:00+00:00,-0.0016318896300190344,1.00295712749176,1.005716588083236,0.02453141398901831,1,2022
2022-02-16 00:00:00+00:00,0.00028923553892012954,1.0032472183370438,1.005716269332636,0.024234851059098582,1,2022
2022-02-17 00:00:00+00:00,0.001413506855002744,1.0046653151574256,1.0057107897026072,0.022783677425806077,1,2022
2022-02-18 00:00:00+00:00,0.00016657354319837836,1.0048326658187,1.0057021863146107,0.02260477508826338,1,2022
2022-02-19 00:00:00+00:00,-3.823197691377178e-05,1.0047942490794182,1.005694518826658,0.022636241881697883,1,2022
2022-02-20 00:00:00+00:00,0.0010675690788433112,1.005866936350335,1.0056784548283006,0.021529701008766472,1,2022
2022-02-21 00:00:00+00:00,0.001347880198593998,1.007222724476262,1.005669887284154,0.02014614864324513,1,2022
2022-02-22 00:00:00+00:00,-0.0010005220122641934,1.0062149759691708,1.0056637671675717,0.02116176723980147,1,2022
2022-02-23 00:00:00+00:00,0.0004815502165145258,1.006699519008709,1.00566258592223,0.020669089869309765,1,2022
2022-02-24 00:00:00+00:00,0.00025585946705475315,1.0069570926111266,1.0056576520271918,0.0204031090133653,1,2022
2022-02-25 00:00:00+00:00,-0.0007922987173478724,1.0061592817982266,1.0056496414289795,0.021204252580052697,1,2022
2022-02-26 00:00:00+00:00,6.907967009373017e-05,1.0062287869494748,1.0056491066188675,0.02113318150052247,1,2022
2022-02-27 00:00:00+00:00,0.0007615603258395165,1.006995090872333,1.0056489569808247,0.0203559701636634,1,2022
2022-02-28 00:00:00+00:00,-0.0020087569611655365,1.0049722824736838,1.005648766002919,0.022409552818772275,1,2022
2022-03-01 00:00:00+00:00,-0.0007399968642557431,1.0042286061359893,1.005648766002919,0.023166692963175993,1,2022
2022-03-02 00:00:00+00:00,-2.8452940506018543e-05,1.0042000328792045,1.0056424005387605,0.023189467051748493,1,2022
2022-03-03 00:00:00+00:00,0.00037441155837458773,1.0045760169784346,1.0056368661492805,0.02280100729061973,1,2022
2022-03-04 00:00:00+00:00,0.0015851412682614807,1.006168411880053,1.0056234668148356,0.021168971913205905,1,2022
2022-03-05 00:00:00+00:00,-0.0006087412379945922,1.005555915675374,1.0055991923994665,0.02176683792432641,1,2022
2022-03-06 00:00:00+00:00,0.0005272183379596562,1.0060860631939619,1.0055747145329743,0.021204097776236396,1,2022
2022-03-07 00:00:00+00:00,-0.00033420304955267266,1.00574982616353,1.0055510948910527,0.021522016788560895,1,2022
2022-03-08 00:00:00+00:00,-6.754192203617393e-05,1.0056818958871834,1.0055321356446,0.021572164878775463,1,2022
2022-03-09 00:00:00+00:00,-0.0006863069898060958,1.0049916893725146,1.005523537534388,0.022265203100441076,1,2022
2022-03-10 00:00:00+00:00,0.0012000743321494145,1.006197754102954,1.0055229788654594,0.02103932412136978,1,2022
2022-03-11 00:00:00+00:00,-7.2938395654365e-06,1.0061904150579646,1.0055173481122104,0.021041175361710466,1,2022
2022-03-12 00:00:00+00:00,-1.8675599433470857e-05,1.0061716238488192,1.0055173481122104,0.021060244273829964,1,2022
2022-03-13 00:00:00+00:00,0.000624312073447264,1.006799788941548,1.0055151535526976,0.020421002023674553,1,2022
2022-03-14 00:00:00+00:00,-0.0006968368421227389,1.0060982137559722,1.005508853105502,0.021126302556925543,1,2022
2022-03-15 00:00:00+00:00,9.496900085514959e-05,1.0061937618980947,1.005504181465516,0.021024693537927772,1,2022
2022-03-16 00:00:00+00:00,-0.0007775814627091204,1.0054113642809492,1.005504181465516,0.02181924123815423,1,2022
2022-03-17 00:00:00+00:00,-0.0003675713838694472,1.0050418038344224,1.005504181465516,0.02219497085817674,1,2022
2022-03-18 00:00:00+00:00,-0.0002935030981310316,1.0047468209512458,1.0055030247617038,0.022493925091817548,1,2022
2022-03-19 00:00:00+00:00,-0.00015925404260030973,1.0045868109582194,1.0055030247617038,0.02265678731939067,1,2022
2022-03-20 00:00:00+00:00,0.0005084470797702689,1.005097590188627,1.0055030247617038,0.02213708470354835,1,2022
2022-03-21 00:00:00+00:00,-0.00028723708718580987,1.0048088888844837,1.0055030247617038,0.022430764738260948,1,2022
2022-03-22 00:00:00+00:00,-0.00046696521422739945,1.0043396780864282,1.0055030247617038,0.022908427391192494,1,2022
2022-03-23 00:00:00+00:00,-0.00024436411844086514,1.0040942535063775,1.0055030247617038,0.02315845060399968,1,2022
2022-03-24 00:00:00+00:00,-0.0003243861726293096,1.0037685392145235,1.0055030247617038,0.023490456755989313,1,2022
2022-03-25 00:00:00+00:00,-4.7549340812635954e-05,1.0037208106821554,1.0037208106821554,0.0,0,2022
2022-03-26 00:00:00+00:00,0.0,1.0037208106821554,1.0037208106821554,0.0,0,2022
2022-03-27 00:00:00+00:00,0.0,1.0037208106821554,1.0037208106821554,0.0,0,2022
2022-03-28 00:00:00+00:00,0.0,1.0037208106821554,1.0037208106821554,0.0,0,2022
2022-03-29 00:00:00+00:00,0.0,1.0037208106821554,1.0037208106821554,0.0,0,2022
2022-03-30 00:00:00+00:00,0.0,1.0037208106821554,1.0037208106821554,0.0,0,2022
2022-03-31 00:00:00+00:00,0.0,1.0037208106821554,1.0037208106821554,0.0,0,2022
2022-04-01 00:00:00+00:00,0.0,1.0037208106821554,1.0037208106821554,0.0,0,2022
2022-04-02 00:00:00+00:00,0.0,1.0037208106821554,1.0037208106821554,0.0,0,2022
2022-04-03 00:00:00+00:00,0.0,1.0037208106821554,1.0037208106821554,0.0,0,2022
2022-04-04 00:00:00+00:00,0.0,1.0037208106821554,1.0037208106821554,0.0,0,2022
2022-04-05 00:00:00+00:00,0.0,1.0037208106821554,1.0037208106821554,0.0,0,2022
2022-04-06 00:00:00+00:00,0.0,1.0037208106821554,1.0037208106821554,0.0,0,2022
2022-04-07 00:00:00+00:00,0.0,1.0037208106821554,1.0037208106821554,0.0,0,2022
2022-04-08 00:00:00+00:00,0.0,1.0037208106821554,1.0037208106821554,0.0,0,2022
2022-04-09 00:00:00+00:00,0.0,1.0037208106821554,1.0037208106821554,0.0,0,2022
2022-04-10 00:00:00+00:00,0.0,1.0037208106821554,1.0037208106821554,0.0,0,2022
2022-04-11 00:00:00+00:00,0.0,1.0037208106821554,1.0037208106821554,0.0,0,2022
2022-04-12 00:00:00+00:00,0.0,1.0037208106821554,1.0037208106821554,0.0,0,2022
2022-04-13 00:00:00+00:00,0.0,1.0037208106821554,1.0037208106821554,0.0,0,2022
2022-04-14 00:00:00+00:00,0.0,1.0037208106821554,1.0037208106821554,0.0,0,2022
2022-04-15 00:00:00+00:00,0.0,1.0037208106821554,1.0037208106821554,0.0,0,2022
2022-04-16 00:00:00+00:00,0.0,1.0037208106821554,1.0037208106821554,0.0,0,2022
2022-04-17 00:00:00+00:00,0.0,1.0037208106821554,1.0037208106821554,0.0,0,2022
2022-04-18 00:00:00+00:00,0.0,1.0037208106821554,1.0037208106821554,0.0,0,2022
2022-04-19 00:00:00+00:00,0.0,1.0037208106821554,1.0037208106821554,0.0,0,2022
2022-04-20 00:00:00+00:00,0.0,1.0037208106821554,1.0037208106821554,0.0,0,2022
2022-04-21 00:00:00+00:00,0.0,1.0037208106821554,1.0037208106821554,0.0,0,2022
2022-04-22 00:00:00+00:00,0.0,1.0037208106821554,1.0037208106821554,0.0,0,2022
2022-04-23 00:00:00+00:00,0.0,1.0037208106821554,1.0037208106821554,0.0,0,2022
2022-04-24 00:00:00+00:00,0.0,1.0037208106821554,1.0037208106821554,0.0,0,2022
2022-04-25 00:00:00+00:00,0.0,1.0037208106821554,1.0037208106821554,0.0,0,2022
2022-04-26 00:00:00+00:00,0.0,1.0037208106821554,1.0037208106821554,0.0,0,2022
2022-04-27 00:00:00+00:00,0.0,1.0037208106821554,1.0037208106821554,0.0,0,2022
2022-04-28 00:00:00+00:00,0.0,1.0037208106821554,1.0037208106821554,0.0,0,2022
2022-04-29 00:00:00+00:00,0.0,1.0037208106821554,1.0037208106821554,0.0,0,2022
2022-04-30 00:00:00+00:00,0.0,1.0037208106821554,1.0037208106821554,0.0,0,2022
2022-05-01 00:00:00+00:00,0.0,1.0037208106821554,1.0037208106821554,0.0,0,2022
2022-05-02 00:00:00+00:00,0.0,1.0037208106821554,1.0037208106821554,0.0,0,2022
2022-05-03 00:00:00+00:00,0.0,1.0037208106821554,1.0037208106821554,0.0,0,2022
2022-05-04 00:00:00+00:00,0.0,1.0037208106821554,1.0037208106821554,0.0,0,2022
2022-05-05 00:00:00+00:00,0.0,1.0037208106821554,1.0037208106821554,0.0,0,2022
2022-05-06 00:00:00+00:00,0.00044194592308643976,1.0041644010023534,1.0036451333931966,0.03457221127464947,1,2022
2022-05-07 00:00:00+00:00,0.0005081914331279691,1.004674708748395,1.003645625280768,0.034047207190154846,1,2022
2022-05-08 00:00:00+00:00,0.001382943927078495,1.0060641175355478,1.0036513170566703,0.0326248102721492,1,2022
2022-05-09 00:00:00+00:00,0.011767116944781053,1.0179025916605366,1.004927933518793,0.06048601900536042,3,2022
2022-05-10 00:00:00+00:00,-0.004686012851846888,1.013132687034087,1.0055639541237997,0.08660934157352808,4,2022
2022-05-11 00:00:00+00:00,0.010874863853367112,1.0241503670709788,1.0118183732853632,0.05512547204658938,4,2022
2022-05-12 00:00:00+00:00,0.002265772360632745,1.0264708586658202,1.012418741672305,0.0485363379851424,4,2022
2022-05-13 00:00:00+00:00,-0.002118415942630736,1.0242963664341767,1.012385069202734,0.05072941581455411,4,2022
2022-05-14 00:00:00+00:00,-0.00152217222034301,1.0227372109597923,1.012367521487476,0.05231408760329741,4,2022
2022-05-15 00:00:00+00:00,-0.002876249320008073,1.0197955637522222,1.0123593042066616,0.05534147821589333,4,2022
2022-05-16 00:00:00+00:00,0.003055989656211233,1.022912048446499,1.0123455054179353,0.05211270174597332,4,2022
2022-05-17 00:00:00+00:00,-0.0016821509652429345,1.0211913559568462,1.0123278299105225,0.05386818753841839,4,2022
2022-05-18 00:00:00+00:00,0.004062979747347262,1.025340435754265,1.0123032152240923,0.049579662733236274,4,2022
2022-05-19 00:00:00+00:00,-0.0028682175721786995,1.0223995362989693,1.0122861731735917,0.052582076270152815,4,2022
2022-05-20 00:00:00+00:00,0.0016200969668886955,1.0240559226866757,1.012282924626354,0.050876377263273646,4,2022
2022-05-21 00:00:00+00:00,-0.0008387679714444429,1.023196977377758,1.0122709362009956,0.051746842021121967,4,2022
2022-05-22 00:00:00+00:00,-0.0016198004684784273,1.0215396024344559,1.0140011461070606,0.03842762751036884,3,2022
2022-05-23 00:00:00+00:00,0.0015848686696802172,1.0231586085451918,1.0140119097328317,0.03679498029929726,3,2022
2022-05-24 00:00:00+00:00,-0.0003806007617995766,1.0227691935993377,1.014005100236996,0.03718307760195688,3,2022
2022-05-25 00:00:00+00:00,0.0005837251989908587,1.0233662097503933,1.014012169857625,0.036584909104239616,3,2022
2022-05-26 00:00:00+00:00,0.002025006708139543,1.025438533190021,1.0140132933773258,0.034491155441676226,3,2022
2022-05-27 00:00:00+00:00,0.001107210017889937,1.0265739090066994,1.0140189722484845,0.033352555133366685,3,2022
2022-05-28 00:00:00+00:00,-0.0011172033503502599,1.025427017196175,1.014025933119559,0.034515099550424186,3,2022
2022-05-29 00:00:00+00:00,-0.0004654644841226574,1.0249497173386104,1.0140329037490927,0.03500365477486772,3,2022
2022-05-30 00:00:00+00:00,-0.002935704853908039,1.0219407674784078,1.0140424071681668,0.0380603657123578,3,2022
2022-05-31 00:00:00+00:00,0.0006416968178248883,1.0225965436169042,1.0140534986701442,0.03740551926254752,3,2022
2022-06-01 00:00:00+00:00,0.002729480131610895,1.0253877005653604,1.0140641397417942,0.03459202681455374,3,2022
2022-06-02 00:00:00+00:00,-0.0005338965927945694,1.0248402495657352,1.014063731541741,0.03514428872997945,3,2022
2022-06-03 00:00:00+00:00,0.0011887135954604666,1.026058491103569,1.0140671899699207,0.03391863019987963,3,2022
2022-06-04 00:00:00+00:00,-0.0004199619331414217,1.025627585596129,1.014071763833798,0.0343574786690474,3,2022
2022-06-05 00:00:00+00:00,1.8586107364493287e-05,1.0256466480205508,1.0140746970687573,0.03434111423560904,3,2022
2022-06-06 00:00:00+00:00,-0.0016081516963326603,1.0239972526236987,1.0140842435989368,0.03601649373333603,3,2022
2022-06-07 00:00:00+00:00,0.0008944562489456853,1.0249131733652113,1.0140848190393024,0.03509121188562577,3,2022
2022-06-08 00:00:00+00:00,0.0006888218886833553,1.0256191559930252,1.014093268827908,0.03438694790911195,3,2022
2022-06-09 00:00:00+00:00,-6.116514062248779e-05,1.0255564238531238,1.014101531413415,0.0344582768877365,3,2022
2022-06-10 00:00:00+00:00,0.0019157605694293256,1.0275211444116665,1.014106278250668,0.03248491155376679,3,2022
2022-06-11 00:00:00+00:00,0.001642960064205834,1.029209320617062,1.0162268374495,0.025687726409449285,3,2022
2022-06-12 00:00:00+00:00,0.0017996671281634846,1.031061554799376,1.0162231962720656,0.0238416144718935,3,2022
2022-06-13 00:00:00+00:00,0.003576380667486001,1.0347490234109487,1.0232250664049114,0.009933662808554147,2,2022
2022-06-14 00:00:00+00:00,0.00020320235666804187,1.0349592868510658,1.0231697887123359,0.03366792277579512,3,2022
2022-06-15 00:00:00+00:00,-0.0012594566295248688,1.0336558005159528,1.0231648328357368,0.03496662988420932,3,2022
2022-06-16 00:00:00+00:00,0.0037934672226336286,1.0375769399146952,1.0231627196800925,0.031053318564086316,3,2022
2022-06-17 00:00:00+00:00,-0.00024966000456316806,1.0373178984511415,1.0231572002529032,0.03130547475829067,3,2022
2022-06-18 00:00:00+00:00,0.002169365022840486,1.039568219617608,1.0309882346833856,0.020007668473727733,2,2022
2022-06-19 00:00:00+00:00,-0.0031673529102461684,1.0362755401918027,1.0309403550337635,0.03950314086246513,3,2022
2022-06-20 00:00:00+00:00,-0.00026591955726951166,1.0359999742589456,1.0309334778299835,0.03977300037586859,3,2022
2022-06-21 00:00:00+00:00,-0.0005594912795875429,1.0354203413076948,1.0309310166479884,0.040352692976929165,3,2022
2022-06-22 00:00:00+00:00,0.001378372214575263,1.0368475359365594,1.030915186687443,0.03890540619263719,3,2022
2022-06-23 00:00:00+00:00,-0.0026668766166004776,1.0340823914879904,1.0309054255348338,0.041674007986342326,3,2022
2022-06-24 00:00:00+00:00,-0.0014843538720555882,1.0325474472861607,1.0272269733979256,0.02330047631530473,2,2022
2022-06-25 00:00:00+00:00,-0.0002491297029026951,1.0322902090473853,1.0272317704087073,0.023560121346031512,2,2022
2022-06-26 00:00:00+00:00,0.0007410178807016887,1.0330551545503628,1.0272365276878683,0.022806811680751854,2,2022
2022-06-27 00:00:00+00:00,0.0003632557199380049,1.0334304177442646,1.0272387769515314,0.022437582673475658,2,2022
2022-06-28 00:00:00+00:00,0.0007813202658795149,1.0342378578730245,1.0272367534490574,0.02163739862531227,2,2022
2022-06-29 00:00:00+00:00,0.00029747701929383474,1.0345455198682254,1.0272399550270792,0.021336670028613215,2,2022
2022-06-30 00:00:00+00:00,0.0001907494211443872,1.0347428588272878,1.0272358900325764,0.02113795929766741,2,2022
2022-07-01 00:00:00+00:00,0.0006632123087519926,1.0354291130276552,1.0272325483529732,0.020457949546669688,2,2022
2022-07-02 00:00:00+00:00,-3.5634710118914725e-05,1.0353922158113638,1.0272325613287323,0.02049432709796332,2,2022
2022-07-03 00:00:00+00:00,-5.682208171320369e-05,1.0353333826702718,1.027234978301714,0.02055465149274967,2,2022
2022-07-04 00:00:00+00:00,-0.0011916259919778627,1.0340996525011195,1.0272369498150151,0.02177412833240078,2,2022
2022-07-05 00:00:00+00:00,0.0002140049571253133,1.0343209549529162,1.0272389996403335,0.02155749219698154,2,2022
2022-07-06 00:00:00+00:00,-0.000523151248311704,1.0337798486541776,1.027244548778143,0.022097568821697722,2,2022
2022-07-07 00:00:00+00:00,-0.0010757984092520934,1.0326677099374786,1.027249440694275,0.02320306111479138,2,2022
2022-07-08 00:00:00+00:00,-0.0007275586642840892,1.0319163835977871,1.0272136729210997,0.004662502269747336,1,2022
2022-07-09 00:00:00+00:00,1.0778685836321245e-05,1.0319275063002953,1.02721469313021,0.004652662089151782,1,2022
2022-07-10 00:00:00+00:00,0.0001627013741261063,1.032095402323569,1.0272158980124195,0.004490397724685587,1,2022
2022-07-11 00:00:00+00:00,0.00040606024019074205,1.032514495230536,1.0272170002550516,0.004083747202963721,1,2022
2022-07-12 00:00:00+00:00,9.039447645231569e-05,1.0326078288377618,1.0272168857983475,0.003992880939734882,1,2022
2022-07-13 00:00:00+00:00,-0.00028015951863458177,1.0323185339254963,1.02721551194792,0.004272907087168191,1,2022
2022-07-14 00:00:00+00:00,-0.0002673707810020298,1.0320425221128378,1.027216055892027,0.004542019186374453,1,2022
2022-07-15 00:00:00+00:00,-2.7101496218984167e-05,1.0320145522163269,1.0272171306640347,0.004570285947015271,1,2022
2022-07-16 00:00:00+00:00,-0.00027055454849467253,1.031735335985112,1.0272182586246095,0.0048432438267979275,1,2022
2022-07-17 00:00:00+00:00,0.00012258951459620526,1.0318618159191422,1.0272197202028417,0.004721492128053379,1,2022
2022-07-18 00:00:00+00:00,-0.0006044607264764634,1.0312380959762684,1.0272210920389582,0.0053305044116776085,1,2022
2022-07-19 00:00:00+00:00,-1.0661008823409368e-05,1.031227101937828,1.031227101937828,0.0,0,2022
2022-07-20 00:00:00+00:00,0.0,1.031227101937828,1.031227101937828,0.0,0,2022
2022-07-21 00:00:00+00:00,0.0,1.031227101937828,1.031227101937828,0.0,0,2022
2022-07-22 00:00:00+00:00,0.0,1.031227101937828,1.031227101937828,0.0,0,2022
2022-07-23 00:00:00+00:00,0.0,1.031227101937828,1.031227101937828,0.0,0,2022
2022-07-24 00:00:00+00:00,0.0,1.031227101937828,1.031227101937828,0.0,0,2022
2022-07-25 00:00:00+00:00,0.0,1.031227101937828,1.031227101937828,0.0,0,2022
2022-07-26 00:00:00+00:00,0.0,1.031227101937828,1.031227101937828,0.0,0,2022
2022-07-27 00:00:00+00:00,0.0,1.031227101937828,1.031227101937828,0.0,0,2022
2022-07-28 00:00:00+00:00,0.0,1.031227101937828,1.031227101937828,0.0,0,2022
2022-07-29 00:00:00+00:00,0.0,1.031227101937828,1.031227101937828,0.0,0,2022
2022-07-30 00:00:00+00:00,0.0,1.031227101937828,1.031227101937828,0.0,0,2022
2022-07-31 00:00:00+00:00,0.0,1.031227101937828,1.031227101937828,0.0,0,2022
2022-08-01 00:00:00+00:00,0.0,1.031227101937828,1.031227101937828,0.0,0,2022
2022-08-02 00:00:00+00:00,0.0,1.031227101937828,1.031227101937828,0.0,0,2022
2022-08-03 00:00:00+00:00,0.0,1.031227101937828,1.031227101937828,0.0,0,2022
2022-08-04 00:00:00+00:00,0.0,1.031227101937828,1.031227101937828,0.0,0,2022
2022-08-05 00:00:00+00:00,0.0,1.031227101937828,1.031227101937828,0.0,0,2022
2022-08-06 00:00:00+00:00,0.0,1.031227101937828,1.031227101937828,0.0,0,2022
2022-08-07 00:00:00+00:00,0.0,1.031227101937828,1.031227101937828,0.0,0,2022
2022-08-08 00:00:00+00:00,0.0,1.031227101937828,1.031227101937828,0.0,0,2022
2022-08-09 00:00:00+00:00,0.0,1.031227101937828,1.031227101937828,0.0,0,2022
2022-08-10 00:00:00+00:00,0.0,1.031227101937828,1.031227101937828,0.0,0,2022
2022-08-11 00:00:00+00:00,0.0,1.031227101937828,1.031227101937828,0.0,0,2022
2022-08-12 00:00:00+00:00,0.0,1.031227101937828,1.031227101937828,0.0,0,2022
2022-08-13 00:00:00+00:00,0.0,1.031227101937828,1.031227101937828,0.0,0,2022
2022-08-14 00:00:00+00:00,0.0,1.031227101937828,1.031227101937828,0.0,0,2022
2022-08-15 00:00:00+00:00,0.0,1.031227101937828,1.031227101937828,0.0,0,2022
2022-08-16 00:00:00+00:00,0.0,1.031227101937828,1.031227101937828,0.0,0,2022
2022-08-17 00:00:00+00:00,0.0,1.031227101937828,1.031227101937828,0.0,0,2022
2022-08-18 00:00:00+00:00,0.0,1.031227101937828,1.031227101937828,0.0,0,2022
2022-08-19 00:00:00+00:00,0.0,1.031227101937828,1.031227101937828,0.0,0,2022
2022-08-20 00:00:00+00:00,0.0,1.031227101937828,1.031227101937828,0.0,0,2022
2022-08-21 00:00:00+00:00,0.0,1.031227101937828,1.031227101937828,0.0,0,2022
2022-08-22 00:00:00+00:00,0.0,1.031227101937828,1.031227101937828,0.0,0,2022
2022-08-23 00:00:00+00:00,0.0,1.031227101937828,1.031227101937828,0.0,0,2022
2022-08-24 00:00:00+00:00,0.0,1.031227101937828,1.031227101937828,0.0,0,2022
2022-08-25 00:00:00+00:00,0.0,1.031227101937828,1.031227101937828,0.0,0,2022
2022-08-26 00:00:00+00:00,0.0,1.031227101937828,1.031227101937828,0.0,0,2022
2022-08-27 00:00:00+00:00,4.548293659611957e-05,1.0312740051747218,1.0311707677562854,0.01751866927289112,1,2022
2022-08-28 00:00:00+00:00,0.0006071175219961589,1.0319001096932425,1.0311545061156457,0.016885531752104506,1,2022
2022-08-29 00:00:00+00:00,-0.0011307249248028173,1.0307333145193056,1.031140528780916,0.01802309059457969,1,2022
2022-08-30 00:00:00+00:00,0.0005108497609722651,1.031259864386654,1.0311394207318114,0.01750222481577385,1,2022
2022-08-31 00:00:00+00:00,6.7616547017035344e-06,1.0312668374097647,1.0311406583427867,0.017496544951609697,1,2022
2022-09-01 00:00:00+00:00,-7.391680899571096e-05,1.0311906094559202,1.031138990746702,0.017570143453074654,1,2022
2022-09-02 00:00:00+00:00,0.00021530775155809145,1.03141263278747,1.0311430684171081,0.01735505335636971,1,2022
2022-09-03 00:00:00+00:00,5.543291178744525e-05,1.0314698069929598,1.031137153089109,0.017292926676130114,1,2022
2022-09-04 00:00:00+00:00,-0.0005811016007343239,1.030870418237007,1.0311399826073688,0.017887165728083593,1,2022
2022-09-05 00:00:00+00:00,3.5908485198632434e-06,1.0308741199365226,1.0311436843068844,0.01788710149821165,1,2022
2022-09-06 00:00:00+00:00,0.0007171410402273537,1.0316134020752372,1.031148833692273,0.01716264758313674,1,2022
2022-09-07 00:00:00+00:00,-0.002131928608576583,1.029414075950362,1.0310604941320047,0.05796511289857458,2,2022
2022-09-08 00:00:00+00:00,-0.0005491062437514849,1.028848818253852,1.031070214677084,0.05855581530013408,2,2022
2022-09-09 00:00:00+00:00,-0.003080834102117014,1.0256791057286527,1.0273882585449903,0.01938124541109521,1,2022
2022-09-10 00:00:00+00:00,-0.00020102086826545573,1.0254729228242574,1.0273942858896032,0.01959208113933906,1,2022
2022-09-11 00:00:00+00:00,3.840895726447968e-05,1.025512310169926,1.0273992607624596,0.019557772284598412,1,2022
2022-09-12 00:00:00+00:00,-0.001717337319099288,1.0237511596084754,1.0237511596084754,0.0,0,2022
2022-09-13 00:00:00+00:00,0.0,1.0237511596084754,1.0237511596084754,0.0,0,2022
2022-09-14 00:00:00+00:00,0.0,1.0237511596084754,1.0237511596084754,0.0,0,2022
2022-09-15 00:00:00+00:00,0.0,1.0237511596084754,1.0237511596084754,0.0,0,2022
2022-09-16 00:00:00+00:00,0.0,1.0237511596084754,1.0237511596084754,0.0,0,2022
2022-09-17 00:00:00+00:00,0.0,1.0237511596084754,1.0237511596084754,0.0,0,2022
2022-09-18 00:00:00+00:00,0.0,1.0237511596084754,1.0237511596084754,0.0,0,2022
2022-09-19 00:00:00+00:00,-0.0007242842805649241,1.023009672736361,1.0237018150792778,0.02248788688897017,1,2022
2022-09-20 00:00:00+00:00,0.0008613974097624322,1.023890890618618,1.0236968163817837,0.021602994449635447,1,2022
2022-09-21 00:00:00+00:00,0.0012699312672541652,1.0251911616748712,1.0236939458598449,0.02030447435273128,1,2022
2022-09-22 00:00:00+00:00,-0.0013438229388056389,1.0238134862751518,1.0236804785007696,0.021664273802657768,1,2022
2022-09-23 00:00:00+00:00,-1.6984223507043872e-05,1.0237960975980713,1.023677980002205,0.021679185845800825,1,2022
2022-09-24 00:00:00+00:00,0.00016997988639722017,1.023970122342435,1.023677505238794,0.021505086798710122,1,2022
2022-09-25 00:00:00+00:00,0.0003619367041196586,1.0243407347136326,1.0236766996739812,0.021134713958536066,1,2022
2022-09-26 00:00:00+00:00,-0.0006719264211163534,1.0236524531097528,1.0236787200538762,0.021823276386588954,1,2022
2022-09-27 00:00:00+00:00,0.0001328763525505483,1.0237884723140014,1.0236798911246001,0.02168866213575522,1,2022
2022-09-28 00:00:00+00:00,-0.00015338719302782078,1.023631436273979,1.0236774452525388,0.021843010726446666,1,2022
2022-09-29 00:00:00+00:00,3.0601531970209095e-05,1.0236627609641018,1.0236814991662788,0.021815701926135526,1,2022
2022-09-30 00:00:00+00:00,0.00011871472350488688,1.023784284805732,1.023685574633549,0.02169839254363332,1,2022
2022-10-01 00:00:00+00:00,0.0002734703262561311,1.0240642594281137,1.0236899973007012,0.021423383478630462,1,2022
2022-10-02 00:00:00+00:00,0.0005782461431289576,1.0246564206364444,1.0236907340028167,0.02083380965593675,1,2022
2022-10-03 00:00:00+00:00,-0.0007615879922518998,1.0238760546103038,1.0236905129476752,0.021611641078659583,1,2022
2022-10-04 00:00:00+00:00,-0.0006184570108946907,1.0232428312860429,1.0236953923296954,0.022248623505077975,1,2022
2022-10-05 00:00:00+00:00,0.00014892810241229348,1.0233952208992132,1.0236951994394234,0.022096216146330835,1,2022
2022-10-06 00:00:00+00:00,3.2247034187360413e-06,1.0233985210452807,1.0236966592263488,0.022094346610813758,1,2022
2022-10-07 00:00:00+00:00,0.00034604009145144943,1.0237526579630944,1.0236979491049523,0.02174204328811712,1,2022
2022-10-08 00:00:00+00:00,0.0002607765036217735,1.0240196286018115,1.0237027522185664,0.021480356886019052,1,2022
2022-10-09 00:00:00+00:00,-0.00012846072101191375,1.023888082301991,1.0237028752501154,0.021611714009088904,1,2022
2022-10-10 00:00:00+00:00,0.0005421265967668898,1.0244431592635195,1.0237050079420427,0.021060253023636993,1,2022
2022-10-11 00:00:00+00:00,0.00016450736135431576,1.0246116877045075,1.0237082386709682,0.020895461848894948,1,2022
2022-10-12 00:00:00+00:00,-0.00023246897897410967,1.0243734972716219,1.0237099641481002,0.02113452798031385,1,2022
2022-10-13 00:00:00+00:00,0.00012053916549636945,1.0244969743981396,1.02370561996691,0.02100721580492155,1,2022
2022-10-14 00:00:00+00:00,-0.00014221144838821864,1.024351279199541,1.0237099976911048,0.021156709027004332,1,2022
2022-10-15 00:00:00+00:00,0.0003475397609991049,1.0247072819982932,1.0237109784807512,0.02080289690611788,1,2022
2022-10-16 00:00:00+00:00,-0.0005124308653544629,1.0241821903590438,1.0237108911132142,0.021326170698607816,1,2022
2022-10-17 00:00:00+00:00,-0.0004080207834330496,1.0237643027393553,1.0237131072941215,0.021745227841114267,1,2022
2022-10-18 00:00:00+00:00,0.0003424969719887372,1.0241149389130737,1.023717588643693,0.02139977883515687,1,2022
2022-10-19 00:00:00+00:00,0.00042061984227759197,1.0245457019771533,1.0237220576082433,0.020974700351112208,1,2022
2022-10-20 00:00:00+00:00,3.7150773434690976e-05,1.024583764642401,1.0237224765637603,0.020937180663551713,1,2022
2022-10-21 00:00:00+00:00,-0.0002725522511158873,1.024304512030891,1.0237256354279194,0.021218599162310184,1,2022
2022-10-22 00:00:00+00:00,-0.00023088562502782128,1.0240680148434118,1.0237252061267967,0.02145401909720316,1,2022
2022-10-23 00:00:00+00:00,-0.0008179711371094633,1.0232303567648329,1.0237282575655389,0.02229320515541484,1,2022
2022-10-24 00:00:00+00:00,0.00034242862503242044,1.0235807401289914,1.0237319841894208,0.021946903300954286,1,2022
2022-10-25 00:00:00+00:00,-0.0019039098915937247,1.021631934633015,1.023731951719864,0.023896277830742694,1,2022
2022-10-26 00:00:00+00:00,-4.762846526684683e-05,1.0215832758719008,1.0215832758719008,0.0,0,2022
2022-10-27 00:00:00+00:00,0.0,1.0215832758719008,1.0215832758719008,0.0,0,2022
2022-10-28 00:00:00+00:00,0.0,1.0215832758719008,1.0215832758719008,0.0,0,2022
2022-10-29 00:00:00+00:00,0.0,1.0215832758719008,1.0215832758719008,0.0,0,2022
2022-10-30 00:00:00+00:00,0.0,1.0215832758719008,1.0215832758719008,0.0,0,2022
2022-10-31 00:00:00+00:00,0.0,1.0215832758719008,1.0215832758719008,0.0,0,2022
2022-11-01 00:00:00+00:00,0.0,1.0215832758719008,1.0215832758719008,0.0,0,2022
2022-11-02 00:00:00+00:00,0.0,1.0215832758719008,1.0215832758719008,0.0,0,2022
2022-11-03 00:00:00+00:00,0.0,1.0215832758719008,1.0215832758719008,0.0,0,2022
2022-11-04 00:00:00+00:00,0.0,1.0215832758719008,1.0215832758719008,0.0,0,2022
2022-11-05 00:00:00+00:00,0.0,1.0215832758719008,1.0215832758719008,0.0,0,2022
2022-11-06 00:00:00+00:00,0.0,1.0215832758719008,1.0215832758719008,0.0,0,2022
2022-11-07 00:00:00+00:00,0.0,1.0215832758719008,1.0215832758719008,0.0,0,2022
2022-11-08 00:00:00+00:00,0.0,1.0215832758719008,1.0215832758719008,0.0,0,2022
2022-11-09 00:00:00+00:00,0.0,1.0215832758719008,1.0215832758719008,0.0,0,2022
2022-11-10 00:00:00+00:00,-0.007318198869817993,1.01410712629699,1.01410712629699,0.0,0,2022
2022-11-11 00:00:00+00:00,0.0,1.01410712629699,1.01410712629699,0.0,0,2022
2022-11-12 00:00:00+00:00,0.0,1.01410712629699,1.01410712629699,0.0,0,2022
2022-11-13 00:00:00+00:00,0.0,1.01410712629699,1.01410712629699,0.0,0,2022
2022-11-14 00:00:00+00:00,0.0,1.01410712629699,1.01410712629699,0.0,0,2022
2022-11-15 00:00:00+00:00,0.0,1.01410712629699,1.01410712629699,0.0,0,2022
2022-11-16 00:00:00+00:00,0.0,1.01410712629699,1.01410712629699,0.0,0,2022
2022-11-17 00:00:00+00:00,0.0,1.01410712629699,1.01410712629699,0.0,0,2022
2022-11-18 00:00:00+00:00,0.0,1.01410712629699,1.01410712629699,0.0,0,2022
2022-11-19 00:00:00+00:00,0.0,1.01410712629699,1.01410712629699,0.0,0,2022
2022-11-20 00:00:00+00:00,0.0,1.01410712629699,1.01410712629699,0.0,0,2022
2022-11-21 00:00:00+00:00,0.0,1.01410712629699,1.01410712629699,0.0,0,2022
2022-11-22 00:00:00+00:00,-0.000916951268170263,1.0131772394814715,1.014069823366662,0.018509501342475847,1,2022
2022-11-23 00:00:00+00:00,-0.002231087876188975,1.0109167520260338,1.0140509945732432,0.020768341304355484,1,2022
2022-11-24 00:00:00+00:00,-0.00015978496479274185,1.010755222728403,1.0139858277596714,0.020866997415549107,1,2022
2022-11-25 00:00:00+00:00,-0.00042825230471410514,1.0103223644747676,1.0103223644747676,0.0,0,2022
2022-11-26 00:00:00+00:00,0.0,1.0103223644747676,1.0103223644747676,0.0,0,2022
2022-11-27 00:00:00+00:00,0.0,1.0103223644747676,1.0103223644747676,0.0,0,2022
2022-11-28 00:00:00+00:00,0.0,1.0103223644747676,1.0103223644747676,0.0,0,2022
2022-11-29 00:00:00+00:00,0.0,1.0103223644747676,1.0103223644747676,0.0,0,2022
2022-11-30 00:00:00+00:00,0.0,1.0103223644747676,1.0103223644747676,0.0,0,2022
2022-12-01 00:00:00+00:00,0.0,1.0103223644747676,1.0103223644747676,0.0,0,2022
2022-12-02 00:00:00+00:00,0.0,1.0103223644747676,1.0103223644747676,0.0,0,2022
2022-12-03 00:00:00+00:00,0.0,1.0103223644747676,1.0103223644747676,0.0,0,2022
2022-12-04 00:00:00+00:00,0.0,1.0103223644747676,1.0103223644747676,0.0,0,2022
2022-12-05 00:00:00+00:00,0.0,1.0103223644747676,1.0103223644747676,0.0,0,2022
2022-12-06 00:00:00+00:00,0.0,1.0103223644747676,1.0103223644747676,0.0,0,2022
2022-12-07 00:00:00+00:00,0.0,1.0103223644747676,1.0103223644747676,0.0,0,2022
2022-12-08 00:00:00+00:00,0.0,1.0103223644747676,1.0103223644747676,0.0,0,2022
2022-12-09 00:00:00+00:00,0.0,1.0103223644747676,1.0103223644747676,0.0,0,2022
2022-12-10 00:00:00+00:00,0.0,1.0103223644747676,1.0103223644747676,0.0,0,2022
2022-12-11 00:00:00+00:00,0.0,1.0103223644747676,1.0103223644747676,0.0,0,2022
2022-12-12 00:00:00+00:00,0.0,1.0103223644747676,1.0103223644747676,0.0,0,2022
2022-12-13 00:00:00+00:00,0.0,1.0103223644747676,1.0103223644747676,0.0,0,2022
2022-12-14 00:00:00+00:00,0.0,1.0103223644747676,1.0103223644747676,0.0,0,2022
2022-12-15 00:00:00+00:00,0.0,1.0103223644747676,1.0103223644747676,0.0,0,2022
2022-12-16 00:00:00+00:00,0.0,1.0103223644747676,1.0103223644747676,0.0,0,2022
2022-12-17 00:00:00+00:00,-0.0016278064281742832,1.0086777552353474,1.0101721040330538,0.03250007951039133,1,2022
2022-12-18 00:00:00+00:00,-0.0012718189940742475,1.007394899707339,1.010113746657794,0.03375697594671143,1,2022
2022-12-19 00:00:00+00:00,0.0013604543830310067,1.008765414514089,1.0100536462362497,0.032292929259135635,1,2022
2022-12-20 00:00:00+00:00,-0.0014714646157308886,1.0072810519010584,1.0100419358866577,0.03380252449814681,1,2022
2022-12-21 00:00:00+00:00,0.0006609114152424933,1.0079467754466174,1.010026930669559,0.03310483696518781,1,2022
2022-12-22 00:00:00+00:00,2.596317984737695e-05,1.007972944950025,1.0100015709040802,0.033052855802109274,1,2022
2022-12-23 00:00:00+00:00,-4.24902523764592e-05,1.0079301159252054,1.0099939987474462,0.03308923976284974,1,2022
2022-12-24 00:00:00+00:00,0.00020567470366206209,1.0081374216531105,1.0099789149991045,0.03286184113617675,1,2022
2022-12-25 00:00:00+00:00,0.00013803725459915483,1.0082765821750541,1.0099553515140383,0.032695917340135175,1,2022
2022-12-26 00:00:00+00:00,-0.00015638873680490217,1.0081188990740177,1.009953612253053,0.032855719357373844,1,2022
2022-12-27 00:00:00+00:00,-0.0003039954382529908,1.0078124355274827,1.009953612253053,0.033169798262986515,1,2022
2022-12-28 00:00:00+00:00,0.00027785106815536587,1.0080924572891943,1.0099488670024974,0.03287810351268249,1,2022
2022-12-29 00:00:00+00:00,-0.0002311756878426996,1.0078594108219714,1.0099463462118718,0.033114433897567776,1,2022
2022-12-30 00:00:00+00:00,4.556056844329248e-05,1.0079053294696394,1.0099407355906533,0.03306180014580737,1,2022
2022-12-31 00:00:00+00:00,-0.00011600287019497557,1.007788409558536,1.007788409558536,0.0,0,2022
2023-01-01 00:00:00+00:00,0.0,1.0,1.0,0.0,0,2023
2023-01-02 00:00:00+00:00,0.0,1.0,1.0,0.0,0,2023
2023-01-03 00:00:00+00:00,0.0,1.0,1.0,0.0,0,2023
2023-01-04 00:00:00+00:00,0.0,1.0,1.0,0.0,0,2023
2023-01-05 00:00:00+00:00,0.0,1.0,1.0,0.0,0,2023
2023-01-06 00:00:00+00:00,0.0,1.0,1.0,0.0,0,2023
2023-01-07 00:00:00+00:00,0.0,1.0,1.0,0.0,0,2023
2023-01-08 00:00:00+00:00,0.0,1.0,1.0,0.0,0,2023
2023-01-09 00:00:00+00:00,0.0,1.0,1.0,0.0,0,2023
2023-01-10 00:00:00+00:00,0.0,1.0,1.0,0.0,0,2023
2023-01-11 00:00:00+00:00,0.0,1.0,1.0,0.0,0,2023
2023-01-12 00:00:00+00:00,0.0,1.0,1.0,0.0,0,2023
2023-01-13 00:00:00+00:00,0.0,1.0,1.0,0.0,0,2023
2023-01-14 00:00:00+00:00,0.015976610883355002,1.015976610883355,1.0076669127550402,0.09890497427289044,3,2023
2023-01-15 00:00:00+00:00,-0.0022940246180803703,1.0136459355265948,1.0109419068604415,0.013241579459580372,1,2023
2023-01-16 00:00:00+00:00,0.00039378477462781447,1.0140450938628685,1.010932003209508,0.013639763428739515,1,2023
2023-01-17 00:00:00+00:00,-0.0004354024270349921,1.0136035761678777,1.0109276778389535,0.013214380036587921,1,2023
2023-01-18 00:00:00+00:00,-0.0009416822192923613,1.0126490837027893,1.0126490837027893,0.0,0,2023
2023-01-19 00:00:00+00:00,0.0,1.0126490837027893,1.0126490837027893,0.0,0,2023
2023-01-20 00:00:00+00:00,0.0,1.0126490837027893,1.0126490837027893,0.0,0,2023
2023-01-21 00:00:00+00:00,-0.0015614472686344971,1.0110678855569564,1.0123536863621918,0.12425627503830457,3,2023
2023-01-22 00:00:00+00:00,-0.0005126204356513675,1.010549591496989,1.0123161411280586,0.12384427394496753,3,2023
2023-01-23 00:00:00+00:00,0.0006001960242911775,1.0111561193441547,1.0122782415094327,0.12440730516639864,3,2023
2023-01-24 00:00:00+00:00,-0.004716128111826867,1.00638737754427,1.00861169750171,0.07806097603083868,2,2023
2023-01-25 00:00:00+00:00,0.0024985987880357108,1.0089019358260964,1.008589040648214,0.0803812473856954,2,2023
2023-01-26 00:00:00+00:00,-0.00032621447751934873,1.0085728174082327,1.0085648030736396,0.08010518809724525,2,2023
2023-01-27 00:00:00+00:00,0.00022645838922974448,1.0088012171838838,1.0085407744882566,0.08033727777958911,2,2023
2023-01-28 00:00:00+00:00,-0.0005019455427289765,1.0082948539094188,1.0085160368989279,0.07989995943328532,2,2023
2023-01-29 00:00:00+00:00,0.0035178948690055556,1.0118419292024314,1.0084907963888097,0.0831503728982668,2,2023
2023-01-30 00:00:00+00:00,-0.004117121584769512,1.0076760529553372,1.0084592898129816,0.07939125259689342,2,2023
2023-01-31 00:00:00+00:00,0.0007412057072240241,1.0084229481968208,1.0084350582757313,0.08009713680076486,2,2023
2023-02-01 00:00:00+00:00,0.0024504966491702973,1.0108940852523236,1.0084100779032525,0.08237055639904056,2,2023
2023-02-02 00:00:00+00:00,-0.000960172047896557,1.0099234530082803,1.0090654422449146,0.06877233774927594,2,2023
2023-02-03 00:00:00+00:00,0.00011833077709155759,1.0100429580352779,1.0090457970605373,0.0689019674548778,2,2023
2023-02-04 00:00:00+00:00,-0.0005191104790392975,1.009518634151482,1.0090250699554641,0.06843890534217237,2,2023
2023-02-05 00:00:00+00:00,-0.0015078361749457647,1.0079964454356265,1.009013550980704,0.06704357025143193,2,2023
2023-02-06 00:00:00+00:00,-0.0013262735382587598,1.0066595664233864,1.0088985615987975,0.017492836701169686,1,2023
2023-02-07 00:00:00+00:00,0.0009131494523284545,1.007578797055147,1.0088982327109834,0.01838952048499206,1,2023
2023-02-08 00:00:00+00:00,-0.0004720746763378081,1.0071031446206424,1.0088948075424533,0.017929309186614062,1,2023
2023-02-09 00:00:00+00:00,-0.0017727983813556891,1.0053177537960007,1.0053177537960007,0.0,0,2023
2023-02-10 00:00:00+00:00,0.0,1.0053177537960007,1.0053177537960007,0.0,0,2023
2023-02-11 00:00:00+00:00,0.0,1.0053177537960007,1.0053177537960007,0.0,0,2023
2023-02-12 00:00:00+00:00,0.0,1.0053177537960007,1.0053177537960007,0.0,0,2023
2023-02-13 00:00:00+00:00,0.0,1.0053177537960007,1.0053177537960007,0.0,0,2023
2023-02-14 00:00:00+00:00,0.0,1.0053177537960007,1.0053177537960007,0.0,0,2023
2023-02-15 00:00:00+00:00,0.0,1.0053177537960007,1.0053177537960007,0.0,0,2023
2023-02-16 00:00:00+00:00,-0.0018730176025075762,1.0034347759470275,1.0051896952621449,0.051043242294398855,1,2023
2023-02-17 00:00:00+00:00,0.002272708358123321,1.0057152905491538,1.0051736407220837,0.05321101711425362,1,2023
2023-02-18 00:00:00+00:00,0.00010392384500002017,1.005819808349123,1.0051575499994656,0.05332539846088179,1,2023
2023-02-19 00:00:00+00:00,-0.0008187685733571648,1.0049962746995866,1.0051417015824173,0.052565425521968315,1,2023
2023-02-20 00:00:00+00:00,0.0012489268823543398,1.006251441563725,1.005125471746359,0.05376335505537502,1,2023
2023-02-21 00:00:00+00:00,-0.0008953376708918936,1.0053505067417037,1.0051095074014438,0.05293127391275022,1,2023
2023-02-22 00:00:00+00:00,-0.0006049250489701397,1.0047423450371809,1.0050937207690502,0.05237373366262442,1,2023
2023-02-23 00:00:00+00:00,-0.0005343278290567133,1.0042054832411957,1.0050847933905271,0.05187600987094379,1,2023
2023-02-24 00:00:00+00:00,-0.0016406072000493266,1.0025579764950612,1.0050770400597833,0.05032568821812564,1,2023
2023-02-25 00:00:00+00:00,-0.001096532724512822,1.001458638865613,1.001458638865613,0.0,0,2023
2023-02-26 00:00:00+00:00,0.0,1.001458638865613,1.001458638865613,0.0,0,2023
2023-02-27 00:00:00+00:00,0.0,1.001458638865613,1.001458638865613,0.0,0,2023
2023-02-28 00:00:00+00:00,0.0,1.001458638865613,1.001458638865613,0.0,0,2023
2023-03-01 00:00:00+00:00,0.0,1.001458638865613,1.001458638865613,0.0,0,2023
2023-03-02 00:00:00+00:00,0.0,1.001458638865613,1.001458638865613,0.0,0,2023
2023-03-03 00:00:00+00:00,0.0,1.001458638865613,1.001458638865613,0.0,0,2023
2023-03-04 00:00:00+00:00,0.0,1.001458638865613,1.001458638865613,0.0,0,2023
2023-03-05 00:00:00+00:00,0.0,1.001458638865613,1.001458638865613,0.0,0,2023
2023-03-06 00:00:00+00:00,0.0,1.001458638865613,1.001458638865613,0.0,0,2023
2023-03-07 00:00:00+00:00,0.0,1.001458638865613,1.001458638865613,0.0,0,2023
2023-03-08 00:00:00+00:00,0.0,1.001458638865613,1.001458638865613,0.0,0,2023
2023-03-09 00:00:00+00:00,0.0,1.001458638865613,1.001458638865613,0.0,0,2023
2023-03-10 00:00:00+00:00,0.0,1.001458638865613,1.001458638865613,0.0,0,2023
2023-03-11 00:00:00+00:00,0.0,1.001458638865613,1.001458638865613,0.0,0,2023
2023-03-12 00:00:00+00:00,0.0,1.001458638865613,1.001458638865613,0.0,0,2023
2023-03-13 00:00:00+00:00,0.0,1.001458638865613,1.001458638865613,0.0,0,2023
2023-03-14 00:00:00+00:00,0.0,1.001458638865613,1.001458638865613,0.0,0,2023
2023-03-15 00:00:00+00:00,0.0,1.001458638865613,1.001458638865613,0.0,0,2023
2023-03-16 00:00:00+00:00,0.0,1.001458638865613,1.001458638865613,0.0,0,2023
2023-03-17 00:00:00+00:00,0.0,1.001458638865613,1.001458638865613,0.0,0,2023
2023-03-18 00:00:00+00:00,-0.002583806981582115,0.9988710630427463,1.001321730439389,0.1237697000787409,3,2023
2023-03-19 00:00:00+00:00,0.0029006317850668317,1.0017684201973915,1.0015106662804942,0.126115368239278,3,2023
2023-03-20 00:00:00+00:00,-0.0017256751817944505,1.0000396932967515,1.001709321024299,0.12440607347203694,3,2023
2023-03-21 00:00:00+00:00,0.002527118217044988,1.0025669118234497,1.001856201958977,0.12646672023181338,3,2023
2023-03-22 00:00:00+00:00,-0.004403057945380984,0.9981525516165694,1.002012665517848,0.12244673941628885,3,2023
2023-03-23 00:00:00+00:00,0.004387294733261715,1.0025317410492685,1.0020112708242894,0.12628139771340555,3,2023
2023-03-24 00:00:00+00:00,-0.0036314012200096,0.9988911460617238,1.00201937105395,0.12308890190818934,3,2023
2023-03-25 00:00:00+00:00,-0.00010065127872682655,0.9987906063905638,1.0020294070503082,0.12299058265171202,3,2023
2023-03-26 00:00:00+00:00,0.0022928059767957087,1.0010806394624636,1.0020314751805077,0.12499472933161676,3,2023
2023-03-27 00:00:00+00:00,-0.004611296767546791,0.9964643595456567,0.9984723078484701,0.07718655423984393,2,2023
2023-03-28 00:00:00+00:00,0.0014410088806324772,0.9979002735369957,0.9984661340000328,0.07852060997858173,2,2023
2023-03-29 00:00:00+00:00,0.0020209667103729956,0.999916996770086,0.9984458096621571,0.08039945916167829,2,2023
2023-03-30 00:00:00+00:00,-0.0004702153695043121,0.9994468204299761,0.9984358512073546,0.0799768093986121,2,2023
2023-03-31 00:00:00+00:00,0.0012382447922110185,1.0006843802504655,0.9984206577115862,0.08112979754666969,2,2023
2023-04-01 00:00:00+00:00,-6.004089807720714e-05,1.0006242982615834,0.9983982435893483,0.08109702457972598,2,2023
2023-04-02 00:00:00+00:00,-0.000992465948790211,0.9996312127180267,0.9983867875954276,0.08019559887849119,2,2023
2023-04-03 00:00:00+00:00,-0.00021038097952452706,0.9994209093243318,0.9983863169292971,0.08000251974720582,2,2023
2023-04-04 00:00:00+00:00,0.0018178213904400664,1.0012376780313545,0.9983820653325296,0.08167612259515829,2,2023
2023-04-05 00:00:00+00:00,0.0008021447659742886,1.0020408155942837,0.9983641843762122,0.08243000541653617,2,2023
2023-04-06 00:00:00+00:00,-0.0009729693168817333,1.0010658606264473,0.9983587210662325,0.0815418259774525,2,2023
2023-04-07 00:00:00+00:00,-0.0003820034904019609,1.0006834499735657,0.9983533582308632,0.08119619684307199,2,2023
2023-04-08 00:00:00+00:00,-0.0002719948729575927,1.0004112692057194,0.9983489681544391,0.08095060719831092,2,2023
2023-04-09 00:00:00+00:00,0.0007792329172180423,1.0011908225974404,0.9983485176760186,0.08166665306445095,2,2023
2023-04-10 00:00:00+00:00,0.003045320916808203,1.004239769951213,0.9990202503759282,0.07570927341777017,2,2023
2023-04-11 00:00:00+00:00,0.00021779985268821633,1.0044584932251719,0.9990022259921957,0.07592848434487734,2,2023
2023-04-12 00:00:00+00:00,0.00022203785836349965,1.0046815210378226,0.9989928677351864,0.07614293230810479,2,2023
2023-04-13 00:00:00+00:00,0.0023119632063308693,1.0070043077485427,0.9996566103271223,0.06999471183015585,2,2023
2023-04-14 00:00:00+00:00,0.0016669106821383117,1.008682893986088,1.001716839370379,0.058088757750860115,2,2023
2023-04-15 00:00:00+00:00,-0.00030540547428814513,1.0083748367084437,1.0017052769418844,0.05781247141919762,2,2023
2023-04-16 00:00:00+00:00,0.0002767854674499137,1.008653940208987,1.0016887240547372,0.05808959394199691,2,2023
2023-04-17 00:00:00+00:00,-0.0032183865762323016,1.0054077019077545,1.0014787185686604,0.12536636916571336,3,2023
2023-04-18 00:00:00+00:00,0.001998299006299664,1.0074168071194027,1.001446531183009,0.1271426134759112,3,2023
2023-04-19 00:00:00+00:00,-0.006215210502724777,1.0011554995991727,0.9994835626688713,0.03407598172309951,1,2023
2023-04-20 00:00:00+00:00,-0.0006749166627070258,1.0004798030705324,0.9994774939413977,0.033429689037708106,1,2023
2023-04-21 00:00:00+00:00,-0.0010751708054874687,0.9994041163947911,0.9994041163947911,0.0,0,2023
2023-04-22 00:00:00+00:00,0.0,0.9994041163947911,0.9994041163947911,0.0,0,2023
2023-04-23 00:00:00+00:00,0.0,0.9994041163947911,0.9994041163947911,0.0,0,2023
2023-04-24 00:00:00+00:00,0.0,0.9994041163947911,0.9994041163947911,0.0,0,2023
2023-04-25 00:00:00+00:00,0.0,0.9994041163947911,0.9994041163947911,0.0,0,2023
2023-04-26 00:00:00+00:00,0.0,0.9994041163947911,0.9994041163947911,0.0,0,2023
2023-04-27 00:00:00+00:00,0.0,0.9994041163947911,0.9994041163947911,0.0,0,2023
2023-04-28 00:00:00+00:00,0.0,0.9994041163947911,0.9994041163947911,0.0,0,2023
2023-04-29 00:00:00+00:00,0.0,0.9994041163947911,0.9994041163947911,0.0,0,2023
2023-04-30 00:00:00+00:00,0.0,0.9994041163947911,0.9994041163947911,0.0,0,2023
2023-05-01 00:00:00+00:00,0.0,0.9994041163947911,0.9994041163947911,0.0,0,2023
2023-05-02 00:00:00+00:00,0.0,0.9994041163947911,0.9994041163947911,0.0,0,2023
2023-05-03 00:00:00+00:00,0.0,0.9994041163947911,0.9994041163947911,0.0,0,2023
2023-05-04 00:00:00+00:00,0.0,0.9994041163947911,0.9994041163947911,0.0,0,2023
2023-05-05 00:00:00+00:00,0.0,0.9994041163947911,0.9994041163947911,0.0,0,2023
2023-05-06 00:00:00+00:00,0.0,0.9994041163947911,0.9994041163947911,0.0,0,2023
2023-05-07 00:00:00+00:00,0.0,0.9994041163947911,0.9994041163947911,0.0,0,2023
2023-05-08 00:00:00+00:00,0.0,0.9994041163947911,0.9994041163947911,0.0,0,2023
2023-05-09 00:00:00+00:00,0.0,0.9994041163947911,0.9994041163947911,0.0,0,2023
2023-05-10 00:00:00+00:00,0.0,0.9994041163947911,0.9994041163947911,0.0,0,2023
2023-05-11 00:00:00+00:00,0.0,0.9994041163947911,0.9994041163947911,0.0,0,2023
2023-05-12 00:00:00+00:00,0.0,0.9994041163947911,0.9994041163947911,0.0,0,2023
2023-05-13 00:00:00+00:00,0.0,0.9994041163947911,0.9994041163947911,0.0,0,2023
2023-05-14 00:00:00+00:00,0.0,0.9994041163947911,0.9994041163947911,0.0,0,2023
2023-05-15 00:00:00+00:00,0.0,0.9994041163947911,0.9994041163947911,0.0,0,2023
2023-05-16 00:00:00+00:00,0.0,0.9994041163947911,0.9994041163947911,0.0,0,2023
2023-05-17 00:00:00+00:00,0.0,0.9994041163947911,0.9994041163947911,0.0,0,2023
2023-05-18 00:00:00+00:00,0.0,0.9994041163947911,0.9994041163947911,0.0,0,2023
2023-05-19 00:00:00+00:00,0.0,0.9994041163947911,0.9994041163947911,0.0,0,2023
2023-05-20 00:00:00+00:00,0.0,0.9994041163947911,0.9994041163947911,0.0,0,2023
2023-05-21 00:00:00+00:00,0.0,0.9994041163947911,0.9994041163947911,0.0,0,2023
2023-05-22 00:00:00+00:00,0.0,0.9994041163947911,0.9994041163947911,0.0,0,2023
2023-05-23 00:00:00+00:00,0.0,0.9994041163947911,0.9994041163947911,0.0,0,2023
2023-05-24 00:00:00+00:00,0.0,0.9994041163947911,0.9994041163947911,0.0,0,2023
2023-05-25 00:00:00+00:00,0.0,0.9994041163947911,0.9994041163947911,0.0,0,2023
2023-05-26 00:00:00+00:00,0.0,0.9994041163947911,0.9994041163947911,0.0,0,2023
2023-05-27 00:00:00+00:00,0.0,0.9994041163947911,0.9994041163947911,0.0,0,2023
2023-05-28 00:00:00+00:00,0.0,0.9994041163947911,0.9994041163947911,0.0,0,2023
2023-05-29 00:00:00+00:00,0.0,0.9994041163947911,0.9994041163947911,0.0,0,2023
2023-05-30 00:00:00+00:00,0.0,0.9994041163947911,0.9994041163947911,0.0,0,2023
2023-05-31 00:00:00+00:00,0.0,0.9994041163947911,0.9994041163947911,0.0,0,2023
2023-06-01 00:00:00+00:00,0.0,0.9994041163947911,0.9994041163947911,0.0,0,2023
2023-06-02 00:00:00+00:00,0.0,0.9994041163947911,0.9994041163947911,0.0,0,2023
2023-06-03 00:00:00+00:00,0.0,0.9994041163947911,0.9994041163947911,0.0,0,2023
2023-06-04 00:00:00+00:00,0.0,0.9994041163947911,0.9994041163947911,0.0,0,2023
2023-06-05 00:00:00+00:00,0.0,0.9994041163947911,0.9994041163947911,0.0,0,2023
2023-06-06 00:00:00+00:00,0.0,0.9994041163947911,0.9994041163947911,0.0,0,2023
2023-06-07 00:00:00+00:00,0.0,0.9994041163947911,0.9994041163947911,0.0,0,2023
2023-06-08 00:00:00+00:00,0.0,0.9994041163947911,0.9994041163947911,0.0,0,2023
2023-06-09 00:00:00+00:00,0.0,0.9994041163947911,0.9994041163947911,0.0,0,2023
2023-06-10 00:00:00+00:00,0.0,0.9994041163947911,0.9994041163947911,0.0,0,2023
2023-06-11 00:00:00+00:00,0.0,0.9994041163947911,0.9994041163947911,0.0,0,2023
2023-06-12 00:00:00+00:00,0.0,0.9994041163947911,0.9994041163947911,0.0,0,2023
2023-06-13 00:00:00+00:00,0.0,0.9994041163947911,0.9994041163947911,0.0,0,2023
2023-06-14 00:00:00+00:00,0.0,0.9994041163947911,0.9994041163947911,0.0,0,2023
2023-06-15 00:00:00+00:00,0.0,0.9994041163947911,0.9994041163947911,0.0,0,2023
2023-06-16 00:00:00+00:00,0.0,0.9994041163947911,0.9994041163947911,0.0,0,2023
2023-06-17 00:00:00+00:00,0.0,0.9994041163947911,0.9994041163947911,0.0,0,2023
2023-06-18 00:00:00+00:00,0.0,0.9994041163947911,0.9994041163947911,0.0,0,2023
2023-06-19 00:00:00+00:00,0.0,0.9994041163947911,0.9994041163947911,0.0,0,2023
2023-06-20 00:00:00+00:00,0.0,0.9994041163947911,0.9994041163947911,0.0,0,2023
2023-06-21 00:00:00+00:00,0.0,0.9994041163947911,0.9994041163947911,0.0,0,2023
2023-06-22 00:00:00+00:00,-0.000302505652953422,0.9991017909999967,0.9992901104993008,0.04961324184191752,1,2023
2023-06-23 00:00:00+00:00,0.0013106165771679112,1.0004112303695596,0.9992748424834508,0.050872465864050975,1,2023
2023-06-24 00:00:00+00:00,-0.0002626387783445372,1.0001484835861731,0.9992596487335107,0.050638314175055786,1,2023
2023-06-25 00:00:00+00:00,-0.0001249814550531303,1.0000234835734254,0.999244487935335,0.05053480718111522,1,2023
2023-06-26 00:00:00+00:00,-0.0003434104286812456,0.9996800650802401,0.99922942564402,0.05022370603446012,1,2023
2023-06-27 00:00:00+00:00,0.0006869555228858903,1.0003668008220659,0.999214152750114,0.050890979499715425,1,2023
2023-06-28 00:00:00+00:00,-0.0010351052034852648,0.999331315941141,0.9992022299759793,0.049919464596243836,1,2023
2023-06-29 00:00:00+00:00,0.0006072162283117244,0.9999381261336405,0.9991891620632806,0.050509087543772396,1,2023
2023-06-30 00:00:00+00:00,1.8521066252441543e-05,0.999956646053923,0.9991740001700311,0.05054183535277621,1,2023
2023-07-01 00:00:00+00:00,0.00017294273746726319,1.0001295812936402,0.9991587818307079,0.05072122522183278,1,2023
2023-07-02 00:00:00+00:00,4.96305901422911e-05,1.0001792183149785,0.9991435440289379,0.050783571220857526,1,2023
2023-07-03 00:00:00+00:00,0.0008741689562750121,1.0010535439383408,0.9991280392780556,0.0516281104583436,1,2023
2023-07-04 00:00:00+00:00,-0.000666507701611696,1.0003863340415802,0.9991127300973881,0.051010894979849696,1,2023
2023-07-05 00:00:00+00:00,-0.00045916708416393615,0.9999269895655408,0.9990975541672844,0.050590127286308746,1,2023
2023-07-06 00:00:00+00:00,-0.0010283484426171219,0.9988987162030902,0.9990880312239765,0.04962233152967206,1,2023
2023-07-07 00:00:00+00:00,0.0007511314639985223,0.999649020458178,0.9990858870831666,0.050337799193588564,1,2023
2023-07-08 00:00:00+00:00,-0.00010131983285743829,0.9995477361865092,0.9990818320860283,0.05024562666008524,1,2023
2023-07-09 00:00:00+00:00,-0.00021103304379255228,0.9993367985853258,0.9990724876052453,0.050054505479805354,1,2023
2023-07-10 00:00:00+00:00,0.0004107236570569661,0.9997472498498723,0.9990696314929051,0.050447367217484815,1,2023
2023-07-11 00:00:00+00:00,0.00034073407184065374,1.0000878978011252,0.999059358086424,0.05078107445079805,1,2023
2023-07-12 00:00:00+00:00,-0.0004064988297015626,0.9996813632410703,0.9990502025579402,0.05040421960118002,1,2023
2023-07-13 00:00:00+00:00,0.0017776824721214002,1.0014584792782104,0.9990473260060636,0.052092176193491546,1,2023
2023-07-14 00:00:00+00:00,-0.0009108379023388125,1.0005463129376653,1.00160251099128,0.11874795831469459,3,2023
2023-07-15 00:00:00+00:00,-0.00024318892275809745,1.0003029911576524,1.0019126404975998,0.10438335839355613,2,2023
2023-07-16 00:00:00+00:00,-0.0003783770333204428,0.9999244994794366,1.00189770796399,0.1040592830135864,2,2023
2023-07-17 00:00:00+00:00,-0.0014217526921675994,0.9985028541303373,0.9982745478474806,0.05006025206334747,1,2023
2023-07-18 00:00:00+00:00,-0.00047515906513939665,0.9980284064476298,0.9982655065044629,0.04961772420918088,1,2023
2023-07-19 00:00:00+00:00,7.156935632512962e-05,0.9980998346982733,0.9982541405435181,0.04969712518851387,1,2023
2023-07-20 00:00:00+00:00,-0.0001825596659499329,0.9979176219258662,0.9982453144466816,0.0495324510500892,1,2023
2023-07-21 00:00:00+00:00,0.0001632682178858147,0.9980805501575949,0.9982416587336514,0.049691269604434374,1,2023
2023-07-22 00:00:00+00:00,-0.00018101407510995315,0.9978998835299229,0.9982400200705162,0.0495208613167503,1,2023
2023-07-23 00:00:00+00:00,0.0004665524490174988,0.9983654561644579,0.9982289037874296,0.0499752373740878,1,2023
2023-07-24 00:00:00+00:00,-0.0015191567506754877,0.9968487825420845,0.9982171269568516,0.0485416190635413,1,2023
2023-07-25 00:00:00+00:00,-9.708323812707143e-05,0.9967520052343524,0.9967520052343524,0.0,0,2023
2023-07-26 00:00:00+00:00,0.0,0.9967520052343524,0.9967520052343524,0.0,0,2023
2023-07-27 00:00:00+00:00,0.0,0.9967520052343524,0.9967520052343524,0.0,0,2023
2023-07-28 00:00:00+00:00,0.0,0.9967520052343524,0.9967520052343524,0.0,0,2023
2023-07-29 00:00:00+00:00,0.0,0.9967520052343524,0.9967520052343524,0.0,0,2023
2023-07-30 00:00:00+00:00,0.0,0.9967520052343524,0.9967520052343524,0.0,0,2023
2023-07-31 00:00:00+00:00,0.0,0.9967520052343524,0.9967520052343524,0.0,0,2023
2023-08-01 00:00:00+00:00,0.0,0.9967520052343524,0.9967520052343524,0.0,0,2023
2023-08-02 00:00:00+00:00,0.0,0.9967520052343524,0.9967520052343524,0.0,0,2023
2023-08-03 00:00:00+00:00,0.0,0.9967520052343524,0.9967520052343524,0.0,0,2023
2023-08-04 00:00:00+00:00,0.0,0.9967520052343524,0.9967520052343524,0.0,0,2023
2023-08-05 00:00:00+00:00,0.0,0.9967520052343524,0.9967520052343524,0.0,0,2023
2023-08-06 00:00:00+00:00,0.0,0.9967520052343524,0.9967520052343524,0.0,0,2023
2023-08-07 00:00:00+00:00,0.0,0.9967520052343524,0.9967520052343524,0.0,0,2023
2023-08-08 00:00:00+00:00,0.0,0.9967520052343524,0.9967520052343524,0.0,0,2023
2023-08-09 00:00:00+00:00,0.0,0.9967520052343524,0.9967520052343524,0.0,0,2023
2023-08-10 00:00:00+00:00,0.0,0.9967520052343524,0.9967520052343524,0.0,0,2023
2023-08-11 00:00:00+00:00,0.0,0.9967520052343524,0.9967520052343524,0.0,0,2023
2023-08-12 00:00:00+00:00,0.0,0.9967520052343524,0.9967520052343524,0.0,0,2023
2023-08-13 00:00:00+00:00,0.0,0.9967520052343524,0.9967520052343524,0.0,0,2023
2023-08-14 00:00:00+00:00,0.0,0.9967520052343524,0.9967520052343524,0.0,0,2023
2023-08-15 00:00:00+00:00,0.0,0.9967520052343524,0.9967520052343524,0.0,0,2023
2023-08-16 00:00:00+00:00,0.0,0.9967520052343524,0.9967520052343524,0.0,0,2023
2023-08-17 00:00:00+00:00,0.0,0.9967520052343524,0.9967520052343524,0.0,0,2023
2023-08-18 00:00:00+00:00,0.002276356831921955,0.9990209684711995,0.9963193451912934,0.18837813362005684,3,2023
2023-08-19 00:00:00+00:00,-0.0007140453135755509,0.998307622230499,0.9962546656488567,0.18916250660717507,3,2023
2023-08-20 00:00:00+00:00,-0.0007277504292517722,0.9975811034298954,0.9962106556790835,0.18998443371207976,3,2023
2023-08-21 00:00:00+00:00,0.002744297550875352,1.0003187628088375,0.9968123774800169,0.174825347524855,3,2023
2023-08-22 00:00:00+00:00,0.0015121634454240418,1.0018314082757287,0.9974322938172294,0.16110957012035332,3,2023
2023-08-23 00:00:00+00:00,-0.004151593010016441,0.9976722120039162,0.9972037428474131,0.06512051241369336,1,2023
2023-08-24 00:00:00+00:00,0.000630518223242893,0.9983012625144078,0.9972066923224941,0.06445231218993762,1,2023
2023-08-25 00:00:00+00:00,0.000282834976669033,0.9985836170286997,0.9972114081608323,0.06415605549974933,1,2023
2023-08-26 00:00:00+00:00,0.0001239337367049398,0.9987073752277704,0.9972186023808046,0.06403139053774466,1,2023
2023-08-27 00:00:00+00:00,-0.00020194999135381142,0.9985056862819782,0.9972220070184894,0.06424972480476711,1,2023
2023-08-28 00:00:00+00:00,-4.080207630785537e-05,0.9984649451767728,0.997227498040015,0.06429864963859797,1,2023
2023-08-29 00:00:00+00:00,-0.004875735146310789,0.9935966945512151,0.9935966945512151,0.0,0,2023
2023-08-30 00:00:00+00:00,0.0,0.9935966945512151,0.9935966945512151,0.0,0,2023
2023-08-31 00:00:00+00:00,0.0,0.9935966945512151,0.9935966945512151,0.0,0,2023
2023-09-01 00:00:00+00:00,0.0,0.9935966945512151,0.9935966945512151,0.0,0,2023
2023-09-02 00:00:00+00:00,0.0,0.9935966945512151,0.9935966945512151,0.0,0,2023
2023-09-03 00:00:00+00:00,0.0,0.9935966945512151,0.9935966945512151,0.0,0,2023
2023-09-04 00:00:00+00:00,0.0,0.9935966945512151,0.9935966945512151,0.0,0,2023
2023-09-05 00:00:00+00:00,0.0,0.9935966945512151,0.9935966945512151,0.0,0,2023
2023-09-06 00:00:00+00:00,0.0,0.9935966945512151,0.9935966945512151,0.0,0,2023
2023-09-07 00:00:00+00:00,0.0,0.9935966945512151,0.9935966945512151,0.0,0,2023
2023-09-08 00:00:00+00:00,0.0,0.9935966945512151,0.9935966945512151,0.0,0,2023
2023-09-09 00:00:00+00:00,0.0,0.9935966945512151,0.9935966945512151,0.0,0,2023
2023-09-10 00:00:00+00:00,0.0,0.9935966945512151,0.9935966945512151,0.0,0,2023
2023-09-11 00:00:00+00:00,0.0007266280329993879,0.9943186697629716,0.9935206953183972,0.02815225370692859,1,2023
2023-09-12 00:00:00+00:00,-0.0003052003214404353,0.9940152033853457,0.9935158768022061,0.02846129437637007,1,2023
2023-09-13 00:00:00+00:00,-0.0007822810418319781,0.9932376041364446,0.9935046490495794,0.029255165826786774,1,2023
2023-09-14 00:00:00+00:00,-0.0007262555825559014,0.992516259781636,0.9934880504418603,0.029986487645098626,1,2023
2023-09-15 00:00:00+00:00,-0.000489619875143843,0.9920303040944435,0.9934777191265823,0.03048062222354999,1,2023
2023-09-16 00:00:00+00:00,3.268342748330433e-05,0.9920627270449486,0.9934722185391275,0.0304413990891605,1,2023
2023-09-17 00:00:00+00:00,0.0004899365130204281,0.9925487747981345,0.9934621000040038,0.02992660095035402,1,2023
2023-09-18 00:00:00+00:00,-0.0013378564696141515,0.9912208869983632,0.9934457345586815,0.03128983041864286,1,2023
2023-09-19 00:00:00+00:00,-0.0013310948297838854,0.9899014780005059,0.9899014780005059,0.0,0,2023
2023-09-20 00:00:00+00:00,0.0,0.9899014780005059,0.9899014780005059,0.0,0,2023
2023-09-21 00:00:00+00:00,0.0,0.9899014780005059,0.9899014780005059,0.0,0,2023
2023-09-22 00:00:00+00:00,0.0,0.9899014780005059,0.9899014780005059,0.0,0,2023
2023-09-23 00:00:00+00:00,0.0,0.9899014780005059,0.9899014780005059,0.0,0,2023
2023-09-24 00:00:00+00:00,0.0,0.9899014780005059,0.9899014780005059,0.0,0,2023
2023-09-25 00:00:00+00:00,0.0,0.9899014780005059,0.9899014780005059,0.0,0,2023
2023-09-26 00:00:00+00:00,0.0,0.9899014780005059,0.9899014780005059,0.0,0,2023
2023-09-27 00:00:00+00:00,0.0,0.9899014780005059,0.9899014780005059,0.0,0,2023
2023-09-28 00:00:00+00:00,0.0,0.9899014780005059,0.9899014780005059,0.0,0,2023
2023-09-29 00:00:00+00:00,0.0,0.9899014780005059,0.9899014780005059,0.0,0,2023
2023-09-30 00:00:00+00:00,0.0,0.9899014780005059,0.9899014780005059,0.0,0,2023
2023-10-01 00:00:00+00:00,0.0,0.9899014780005059,0.9899014780005059,0.0,0,2023
2023-10-02 00:00:00+00:00,0.0,0.9899014780005059,0.9899014780005059,0.0,0,2023
2023-10-03 00:00:00+00:00,0.0,0.9899014780005059,0.9899014780005059,0.0,0,2023
2023-10-04 00:00:00+00:00,0.0,0.9899014780005059,0.9899014780005059,0.0,0,2023
2023-10-05 00:00:00+00:00,0.0,0.9899014780005059,0.9899014780005059,0.0,0,2023
2023-10-06 00:00:00+00:00,0.0,0.9899014780005059,0.9899014780005059,0.0,0,2023
2023-10-07 00:00:00+00:00,0.0,0.9899014780005059,0.9899014780005059,0.0,0,2023
2023-10-08 00:00:00+00:00,0.0,0.9899014780005059,0.9899014780005059,0.0,0,2023
2023-10-09 00:00:00+00:00,0.0,0.9899014780005059,0.9899014780005059,0.0,0,2023
2023-10-10 00:00:00+00:00,0.0,0.9899014780005059,0.9899014780005059,0.0,0,2023
2023-10-11 00:00:00+00:00,0.0,0.9899014780005059,0.9899014780005059,0.0,0,2023
2023-10-12 00:00:00+00:00,0.0,0.9899014780005059,0.9899014780005059,0.0,0,2023
2023-10-13 00:00:00+00:00,0.0,0.9899014780005059,0.9899014780005059,0.0,0,2023
2023-10-14 00:00:00+00:00,0.0,0.9899014780005059,0.9899014780005059,0.0,0,2023
2023-10-15 00:00:00+00:00,0.0,0.9899014780005059,0.9899014780005059,0.0,0,2023
2023-10-16 00:00:00+00:00,0.0,0.9899014780005059,0.9899014780005059,0.0,0,2023
2023-10-17 00:00:00+00:00,0.0,0.9899014780005059,0.9899014780005059,0.0,0,2023
2023-10-18 00:00:00+00:00,0.0,0.9899014780005059,0.9899014780005059,0.0,0,2023
2023-10-19 00:00:00+00:00,0.0,0.9899014780005059,0.9899014780005059,0.0,0,2023
2023-10-20 00:00:00+00:00,0.0,0.9899014780005059,0.9899014780005059,0.0,0,2023
2023-10-21 00:00:00+00:00,0.0027422472923874786,0.992616032648283,0.9905233077420545,0.026845468658105026,1,2023
2023-10-22 00:00:00+00:00,-0.00025499087086355843,0.9923629246216848,0.9905256539720377,0.026594895559476858,1,2023
2023-10-23 00:00:00+00:00,0.002629612962240291,0.9949724550315167,0.9905251873333109,0.02914832992542563,1,2023
2023-10-24 00:00:00+00:00,-0.0004126321922127696,0.9945618973662057,0.990399091998486,0.08023195348268519,2,2023
2023-10-25 00:00:00+00:00,0.003157659929033052,0.997702385616462,0.9924304842519323,0.07186190669949642,2,2023
2023-10-26 00:00:00+00:00,-0.0003525467663961779,0.9973506488665871,0.9924100113291942,0.07155510652447052,2,2023
2023-10-27 00:00:00+00:00,-0.0010125151157517331,0.9963408162589049,0.9923888982854867,0.07063527982540853,2,2023
2023-10-28 00:00:00+00:00,0.0002073894272638377,0.9965474468101484,0.9923677168981977,0.07084923504892288,2,2023
2023-10-29 00:00:00+00:00,0.0013543279474950154,0.9978970988683681,0.992346124137463,0.07212754621396568,2,2023
2023-10-30 00:00:00+00:00,0.001122724231018779,0.9990174621213309,0.9923243126661709,0.07318995574352156,2,2023
2023-10-31 00:00:00+00:00,0.002179305229193851,1.001194626100588,0.9923028705740757,0.07522678203373691,2,2023
2023-11-01 00:00:00+00:00,0.0015785671051888883,1.0027750790032421,0.9998551176209164,0.04366145406163088,1,2023
2023-11-02 00:00:00+00:00,-0.0012955133731085144,1.0014759704781735,0.999781518561958,0.06890407184948026,2,2023
2023-11-03 00:00:00+00:00,-0.0007994361140573059,1.0006753544200127,0.9997610508748016,0.06817957847467403,2,2023
2023-11-04 00:00:00+00:00,0.002311128465871448,1.0029880437167087,0.999739883030503,0.07034927428833379,2,2023
2023-11-05 00:00:00+00:00,-0.0008784919969095917,1.0021069267473075,0.9997189732483606,0.06955273129816703,2,2023
2023-11-06 00:00:00+00:00,0.00325045220164788,1.0053642274136398,0.9994362519589561,0.1791295754344482,4,2023
2023-11-07 00:00:00+00:00,-0.0016035875038449277,1.0037520379017466,0.9993586742916907,0.17788841130745242,4,2023
2023-11-08 00:00:00+00:00,0.00045738178641152594,1.0042111358019563,0.9992789055583255,0.1783436924940197,4,2023
2023-11-09 00:00:00+00:00,0.009985641129615974,1.0142388278224388,1.0025890290361377,0.15292595155516067,4,2023
2023-11-10 00:00:00+00:00,0.004184326961644835,1.0184827346952432,1.004597366706091,0.14669311797697648,4,2023
2023-11-11 00:00:00+00:00,0.0013609618758714248,1.0198688508683966,1.011484905181619,0.12813280229297064,3,2023
2023-11-12 00:00:00+00:00,-0.001186580664471304,1.0186586942096596,1.011433520502307,0.12714747597981696,3,2023
2023-11-13 00:00:00+00:00,-0.001825404957638721,1.0167992295791075,1.0113490082709762,0.1256343688491106,3,2023
2023-11-14 00:00:00+00:00,-0.002284888688553477,1.0144759565209123,1.0129759551719533,0.09685350199663287,2,2023
2023-11-15 00:00:00+00:00,0.004273458201689895,1.0188112771177238,1.0129370590757376,0.10073481524842062,2,2023
2023-11-16 00:00:00+00:00,-0.007098530910653933,1.0115792137749808,1.0128342798310175,0.11526415228026583,3,2023
2023-11-17 00:00:00+00:00,-0.0006721346403183448,1.0108992963439767,1.009208823268574,0.09738459722241197,2,2023
2023-11-18 00:00:00+00:00,4.452793755715945e-06,1.010903797670051,1.0091849370123875,0.09741224497929896,2,2023
2023-11-19 00:00:00+00:00,0.0013951036299497677,1.0123141132277105,1.009165014319651,0.09868937450747751,2,2023
2023-11-20 00:00:00+00:00,0.001951794047202693,1.0142899418878075,1.0098043004857875,0.08869907394958872,2,2023
2023-11-21 00:00:00+00:00,-0.003693247033336733,1.010543918568987,1.009670115713989,0.04082583346458883,1,2023
2023-11-22 00:00:00+00:00,0.002741884019334062,1.0133147127901465,1.0096569036227767,0.04346162498643467,1,2023
2023-11-23 00:00:00+00:00,-3.893194282744705e-05,1.013275262479682,1.0096436994053926,0.04343741486368728,1,2023
2023-11-24 00:00:00+00:00,0.00037601729962255526,1.0136562715076538,1.0096303768885448,0.043810106779303803,1,2023
2023-11-25 00:00:00+00:00,2.284305649769003e-05,1.013679426515133,1.009617043425156,0.043845102110756734,1,2023
2023-11-26 00:00:00+00:00,-0.0004529734547402686,1.0132202566433053,1.0096038437528267,0.043424820492036664,1,2023
2023-11-27 00:00:00+00:00,-0.0007372696420955283,1.012473240107326,1.00959086429162,0.04273186586568154,1,2023
2023-11-28 00:00:00+00:00,0.0004218356804002177,1.0129003374454537,1.0095777527677547,0.043148449985786305,1,2023
2023-11-29 00:00:00+00:00,-0.0004297259298160494,1.012465067906134,1.0095647679292998,0.04274991426568326,1,2023
2023-11-30 00:00:00+00:00,0.00047914215019440043,1.0129501825957672,1.009551633616144,0.04322131986844891,1,2023
2023-12-01 00:00:00+00:00,0.0007289480057410813,1.0136885706112855,1.0095382737786323,0.043931433180657196,1,2023
2023-12-02 00:00:00+00:00,0.0024547586367236196,1.0161769313849416,1.0114743586117634,0.081715524290853,2,2023
2023-12-03 00:00:00+00:00,0.0010782907019390997,1.017272665521579,1.0114491110880492,0.0827294541897398,2,2023
2023-12-04 00:00:00+00:00,0.003128678214212144,1.02045538434811,1.012109756787842,0.07453664995434515,2,2023
2023-12-05 00:00:00+00:00,0.002744633033820776,1.023256159905532,1.0141786796907126,0.05948113602551374,2,2023
2023-12-06 00:00:00+00:00,-0.0010143669755185991,1.022218202649428,1.0141607263602392,0.05854369913933014,2,2023
2023-12-07 00:00:00+00:00,0.0012749132824896314,1.0235214422135883,1.0141423765529547,0.05976037409613517,2,2023
2023-12-08 00:00:00+00:00,0.0006322642856797511,1.0241685782671275,1.0141117970035678,0.06038433632641257,2,2023
2023-12-09 00:00:00+00:00,-0.0016222372220595638,1.0225071338777987,1.0139894276413517,0.08613765671983023,3,2023
2023-12-10 00:00:00+00:00,0.0010625959419732212,1.023593645808896,1.0139292255480903,0.08716650682741707,3,2023
2023-12-11 00:00:00+00:00,-0.007007993756117936,1.0164203079302652,1.0119783433863967,0.02920152579401722,1,2023
2023-12-12 00:00:00+00:00,-0.0002823819664438121,1.0161332891649784,1.01196952253862,0.02893599317688,1,2023
2023-12-13 00:00:00+00:00,0.0007332818128744645,1.0168784012253793,1.01195792559425,0.029658939446944733,1,2023
2023-12-14 00:00:00+00:00,0.000713525774573176,1.0176039701742603,1.0119486572825938,0.030359917112053166,1,2023
2023-12-15 00:00:00+00:00,-0.0012516722519675394,1.0163302635213012,1.0119396442306645,0.029153592734411204,1,2023
2023-12-16 00:00:00+00:00,9.528128578106809e-05,1.0164271007755876,1.011930723599723,0.029254863874541598,1,2023
2023-12-17 00:00:00+00:00,-0.00042511942033351957,1.0159949978756946,1.0119215188764477,0.028851065562582035,1,2023
2023-12-18 00:00:00+00:00,0.00028577626723658156,1.0162853451337186,1.0119111296512573,0.02913874033506319,1,2023
2023-12-19 00:00:00+00:00,-0.000552646429457071,1.0157236986664209,1.011902411547333,0.02861048378900918,1,2023
2023-12-20 00:00:00+00:00,0.0003148425172472269,1.0160434916725367,1.0118897273682366,0.02892870614390334,1,2023
2023-12-21 00:00:00+00:00,0.0035803468996902232,1.019681279837897,1.0125104317842724,0.04916838762795719,2,2023
2023-12-22 00:00:00+00:00,0.001908050994271271,1.0216268837177314,1.012450358214683,0.051037969638895495,2,2023
2023-12-23 00:00:00+00:00,0.0019054804071998444,1.0235735737281242,1.0145423669196825,0.044304706510420795,2,2023
2023-12-24 00:00:00+00:00,2.946454880081717e-07,1.0235738753194594,1.0145147370662544,0.04433198161339184,2,2023
2023-12-25 00:00:00+00:00,0.0011615869037648885,1.0247628453280664,1.0144741688974126,0.0454803729570607,2,2023
2023-12-26 00:00:00+00:00,-0.0016750546710412317,1.02304631153729,1.0144309139383942,0.04392109825290502,2,2023
2023-12-27 00:00:00+00:00,0.004902655645059983,1.028061955311706,1.0150222164551677,0.0831213691581915,3,2023
2023-12-28 00:00:00+00:00,-0.0004005476756299142,1.0276501674851024,1.0220023314698825,0.05140168983496375,2,2023
2023-12-29 00:00:00+00:00,-0.0004433487793189528,1.027194560037781,1.022048140518176,0.05093634712237816,2,2023
2023-12-30 00:00:00+00:00,-0.00010029922524401602,1.0270915332192343,1.0221032098772498,0.05078753042699657,2,2023
2023-12-31 00:00:00+00:00,-0.0006675601381541663,1.0264058878534215,1.0264058878534215,0.0,0,2023
2024-01-01 00:00:00+00:00,0.0,1.0,1.0,0.0,0,2024
2024-01-02 00:00:00+00:00,0.0,1.0,1.0,0.0,0,2024
2024-01-03 00:00:00+00:00,-0.0037242439102082026,0.9962757560897918,0.9962757560897918,0.0,0,2024
2024-01-04 00:00:00+00:00,0.0,0.9962757560897918,0.9962757560897918,0.0,0,2024
2024-01-05 00:00:00+00:00,0.0,0.9962757560897918,0.9962757560897918,0.0,0,2024
2024-01-06 00:00:00+00:00,0.0,0.9962757560897918,0.9962757560897918,0.0,0,2024
2024-01-07 00:00:00+00:00,0.0,0.9962757560897918,0.9962757560897918,0.0,0,2024
2024-01-08 00:00:00+00:00,0.0,0.9962757560897918,0.9962757560897918,0.0,0,2024
2024-01-09 00:00:00+00:00,-0.0009423573645527261,0.9953369082939153,0.9961710472641164,0.04501012448382213,1,2024
2024-01-10 00:00:00+00:00,0.0005220966831729346,0.9958565703923752,0.9961574472140282,0.04552211798566349,1,2024
2024-01-11 00:00:00+00:00,5.683832108949183e-05,0.9959131732078823,0.9960582253876813,0.0830352097455625,2,2024
2024-01-12 00:00:00+00:00,-0.00436685727993269,0.9915641625172786,0.9924636023285737,0.0366159809428404,1,2024
2024-01-13 00:00:00+00:00,0.0007897902968281301,0.9923472902715174,0.9924524719227822,0.03738746807905831,1,2024
2024-01-14 00:00:00+00:00,-0.0015207616608137187,0.9908381665582601,0.9924417910498428,0.03593211384026268,1,2024
2024-01-15 00:00:00+00:00,0.0005387048788942916,0.9913719359127796,0.9924309467928198,0.036462120925693856,1,2024
2024-01-16 00:00:00+00:00,0.0010800387885161467,0.9924426560574118,0.9924197779691065,0.0375129103436912,1,2024
2024-01-17 00:00:00+00:00,-0.0008342205788309798,0.991614739970419,0.9924088542431014,0.03672032952841655,1,2024
2024-01-18 00:00:00+00:00,-0.0008716603543277301,0.9907503887148198,0.9923981866221867,0.03589071151250346,1,2024
2024-01-19 00:00:00+00:00,0.0002965938897800946,0.9910442392264099,0.9923874276184175,0.036187431880556516,1,2024
2024-01-20 00:00:00+00:00,-0.00030390208080899317,0.9907430588199353,0.9923767557672147,0.03590520975713141,1,2024
2024-01-21 00:00:00+00:00,-0.00023218353753418075,0.9905130245917511,0.9923661497444737,0.03569201843810167,1,2024
2024-01-22 00:00:00+00:00,-0.0017261815819754611,0.988803219251994,0.988803219251994,0.0,0,2024
2024-01-23 00:00:00+00:00,0.0,0.988803219251994,0.988803219251994,0.0,0,2024
2024-01-24 00:00:00+00:00,0.0,0.988803219251994,0.988803219251994,0.0,0,2024
2024-01-25 00:00:00+00:00,0.0,0.988803219251994,0.988803219251994,0.0,0,2024
2024-01-26 00:00:00+00:00,0.0,0.988803219251994,0.988803219251994,0.0,0,2024
2024-01-27 00:00:00+00:00,0.0,0.988803219251994,0.988803219251994,0.0,0,2024
2024-01-28 00:00:00+00:00,0.0,0.988803219251994,0.988803219251994,0.0,0,2024
2024-01-29 00:00:00+00:00,0.0,0.988803219251994,0.988803219251994,0.0,0,2024
2024-01-30 00:00:00+00:00,0.0,0.988803219251994,0.988803219251994,0.0,0,2024
2024-01-31 00:00:00+00:00,0.0,0.988803219251994,0.988803219251994,0.0,0,2024
2024-02-01 00:00:00+00:00,0.0,0.988803219251994,0.988803219251994,0.0,0,2024
2024-02-02 00:00:00+00:00,0.0,0.988803219251994,0.988803219251994,0.0,0,2024
2024-02-03 00:00:00+00:00,0.0,0.988803219251994,0.988803219251994,0.0,0,2024
2024-02-04 00:00:00+00:00,0.0,0.988803219251994,0.988803219251994,0.0,0,2024
2024-02-05 00:00:00+00:00,0.0,0.988803219251994,0.988803219251994,0.0,0,2024
2024-02-06 00:00:00+00:00,0.0,0.988803219251994,0.988803219251994,0.0,0,2024
2024-02-07 00:00:00+00:00,0.0,0.988803219251994,0.988803219251994,0.0,0,2024
2024-02-08 00:00:00+00:00,0.0,0.988803219251994,0.988803219251994,0.0,0,2024
2024-02-09 00:00:00+00:00,0.0,0.988803219251994,0.988803219251994,0.0,0,2024
2024-02-10 00:00:00+00:00,0.0,0.988803219251994,0.988803219251994,0.0,0,2024
2024-02-11 00:00:00+00:00,0.0,0.988803219251994,0.988803219251994,0.0,0,2024
2024-02-12 00:00:00+00:00,0.0,0.988803219251994,0.988803219251994,0.0,0,2024
2024-02-13 00:00:00+00:00,-0.0004579943536316966,0.9883503529607237,0.9886596064057662,0.06290426436306952,1,2024
2024-02-14 00:00:00+00:00,0.0026708654116245345,0.9909901037330134,0.9886386766484585,0.06542157401103435,1,2024
2024-02-15 00:00:00+00:00,0.0011336850774144036,0.992113574425481,0.9891469762742126,0.11176990765832001,2,2024
2024-02-16 00:00:00+00:00,0.0008665615714318342,0.992973301923574,0.9889857073421868,0.18038030186189227,3,2024
2024-02-17 00:00:00+00:00,-0.0023451306049145915,0.99064464984337,0.9889547485512016,0.17848491957283724,3,2024
2024-02-18 00:00:00+00:00,0.002026868892527789,0.9926525566676865,0.9889414540493009,0.18016004772014324,3,2024
2024-02-19 00:00:00+00:00,0.0012063875437908766,0.9938500803473626,0.9895262984156118,0.16890027839678212,3,2024
2024-02-20 00:00:00+00:00,0.0021468389107837105,0.9959837163713379,0.9894208359845121,0.1707865810599149,3,2024
2024-02-21 00:00:00+00:00,0.0030356936681998903,0.9990072178327565,0.9900746587826498,0.1591876940953215,3,2024
2024-02-22 00:00:00+00:00,0.00015548810367538302,0.9991625515706153,0.9901857903766444,0.15920718534255496,3,2024
2024-02-23 00:00:00+00:00,-0.0023802393192643434,0.9967843055790304,0.9902480791364695,0.15713863260802963,3,2024
2024-02-24 00:00:00+00:00,0.003025419974191923,0.9997999967270902,0.9903383695758862,0.15959064214323074,3,2024
2024-02-25 00:00:00+00:00,0.0033135513140605255,1.003112885320043,0.9944873565649296,0.12080437540093122,3,2024
2024-02-26 00:00:00+00:00,0.004592638965969176,1.0077198206444296,0.9944327865419038,0.12487789595589271,3,2024
2024-02-27 00:00:00+00:00,0.0018279651333805713,1.009561897340784,0.9963761436378984,0.10598303996814136,3,2024
2024-02-28 00:00:00+00:00,0.006197427991400106,1.0158185845024148,1.0100572092602094,0.03875009602946359,1,2024
2024-02-29 00:00:00+00:00,-0.0016234957747599532,1.0141694073225525,1.0101682236168386,0.15695791555456942,4,2024
2024-03-01 00:00:00+00:00,0.003479694181040882,1.0176984067078023,1.0099246814658533,0.16012057860633253,4,2024
2024-03-02 00:00:00+00:00,-0.00025816542685730415,1.0174356721642226,1.0096538515505256,0.1601698835208919,4,2024
2024-03-03 00:00:00+00:00,0.0019240517192493645,1.0193932710184759,1.0094091634170832,0.16202269014707488,4,2024
2024-03-04 00:00:00+00:00,0.006453948976321788,1.025972383176435,1.0098195668179122,0.15681766987637993,4,2024
2024-03-05 00:00:00+00:00,-0.01219325827873008,1.0134624369215204,1.0116862363329833,0.03701157516870578,1,2024
2024-03-06 00:00:00+00:00,0.002739134800791465,1.0162384471517871,1.011646130959198,0.039681589376837974,1,2024
2024-03-07 00:00:00+00:00,0.004227125848469182,1.0205342149599506,1.0143150636017315,0.05632277299823594,2,2024
2024-03-08 00:00:00+00:00,0.0008217361165634429,1.021372824782572,1.0141870897377812,0.08107263526503591,3,2024
2024-03-09 00:00:00+00:00,0.00021164468664514047,1.021588992914021,1.014148615346474,0.08130474152726451,3,2024
2024-03-10 00:00:00+00:00,0.0020717093494084793,1.0237054283818938,1.0161780456588856,0.07062534015063981,3,2024
2024-03-11 00:00:00+00:00,0.0016393826798399846,1.0253836733304413,1.0160895979970823,0.07223270530855198,3,2024
2024-03-12 00:00:00+00:00,-0.0001831581399275306,1.025195865964122,1.0158472335801267,0.11054577810706033,4,2024
2024-03-13 00:00:00+00:00,0.005427443996213643,1.030760059111792,1.0234174442343102,0.08573674263129177,3,2024
2024-03-14 00:00:00+00:00,-0.0037797132388189825,1.0268640816703214,1.019514537660294,0.08606878029219395,3,2024
2024-03-15 00:00:00+00:00,-0.0015523203215646042,1.0252700596888598,1.0232874100007938,0.05205718540650165,2,2024
2024-03-16 00:00:00+00:00,-0.002379826038838795,1.0228300953039704,1.0196003264571458,0.015065563535756558,1,2024
2024-03-17 00:00:00+00:00,0.0016263463360113306,1.0244935712818302,1.0195909369576586,0.016673972139287993,1,2024
2024-03-18 00:00:00+00:00,-0.000493546232126385,1.0239879363398863,1.0195774854626094,0.016201552019096805,1,2024
2024-03-19 00:00:00+00:00,-0.0021734761940399583,1.0217623229372674,1.0195701231475072,0.014065837433412677,1,2024
2024-03-20 00:00:00+00:00,-0.00043266563926158685,1.0213202414886404,1.0213202414886404,0.0,0,2024
2024-03-21 00:00:00+00:00,0.0,1.0213202414886404,1.0213202414886404,0.0,0,2024
2024-03-22 00:00:00+00:00,0.0,1.0213202414886404,1.0213202414886404,0.0,0,2024
2024-03-23 00:00:00+00:00,0.0,1.0213202414886404,1.0213202414886404,0.0,0,2024
2024-03-24 00:00:00+00:00,0.0,1.0213202414886404,1.0213202414886404,0.0,0,2024
2024-03-25 00:00:00+00:00,0.0,1.0213202414886404,1.0213202414886404,0.0,0,2024
2024-03-26 00:00:00+00:00,0.0,1.0213202414886404,1.0213202414886404,0.0,0,2024
2024-03-27 00:00:00+00:00,0.0,1.0213202414886404,1.0213202414886404,0.0,0,2024
2024-03-28 00:00:00+00:00,0.0,1.0213202414886404,1.0213202414886404,0.0,0,2024
2024-03-29 00:00:00+00:00,0.0,1.0213202414886404,1.0213202414886404,0.0,0,2024
2024-03-30 00:00:00+00:00,0.0,1.0213202414886404,1.0213202414886404,0.0,0,2024
2024-03-31 00:00:00+00:00,0.0,1.0213202414886404,1.0213202414886404,0.0,0,2024
2024-04-01 00:00:00+00:00,0.0,1.0213202414886404,1.0213202414886404,0.0,0,2024
2024-04-02 00:00:00+00:00,0.0,1.0213202414886404,1.0213202414886404,0.0,0,2024
2024-04-03 00:00:00+00:00,0.0,1.0213202414886404,1.0213202414886404,0.0,0,2024
2024-04-04 00:00:00+00:00,0.0,1.0213202414886404,1.0213202414886404,0.0,0,2024
2024-04-05 00:00:00+00:00,0.0,1.0213202414886404,1.0213202414886404,0.0,0,2024
2024-04-06 00:00:00+00:00,0.0,1.0213202414886404,1.0213202414886404,0.0,0,2024
2024-04-07 00:00:00+00:00,0.0,1.0213202414886404,1.0213202414886404,0.0,0,2024
2024-04-08 00:00:00+00:00,0.0,1.0213202414886404,1.0213202414886404,0.0,0,2024
2024-04-09 00:00:00+00:00,0.0,1.0213202414886404,1.0213202414886404,0.0,0,2024
2024-04-10 00:00:00+00:00,0.0,1.0213202414886404,1.0213202414886404,0.0,0,2024
2024-04-11 00:00:00+00:00,0.0,1.0213202414886404,1.0213202414886404,0.0,0,2024
2024-04-12 00:00:00+00:00,0.0,1.0213202414886404,1.0213202414886404,0.0,0,2024
2024-04-13 00:00:00+00:00,0.0,1.0213202414886404,1.0213202414886404,0.0,0,2024
2024-04-14 00:00:00+00:00,0.0,1.0213202414886404,1.0213202414886404,0.0,0,2024
2024-04-15 00:00:00+00:00,0.0,1.0213202414886404,1.0213202414886404,0.0,0,2024
2024-04-16 00:00:00+00:00,0.0,1.0213202414886404,1.0213202414886404,0.0,0,2024
2024-04-17 00:00:00+00:00,0.0,1.0213202414886404,1.0213202414886404,0.0,0,2024
2024-04-18 00:00:00+00:00,0.0,1.0213202414886404,1.0213202414886404,0.0,0,2024
2024-04-19 00:00:00+00:00,0.0,1.0213202414886404,1.0213202414886404,0.0,0,2024
2024-04-20 00:00:00+00:00,0.0,1.0213202414886404,1.0213202414886404,0.0,0,2024
2024-04-21 00:00:00+00:00,0.0,1.0213202414886404,1.0213202414886404,0.0,0,2024
2024-04-22 00:00:00+00:00,0.0,1.0213202414886404,1.0213202414886404,0.0,0,2024
2024-04-23 00:00:00+00:00,0.0,1.0213202414886404,1.0213202414886404,0.0,0,2024
2024-04-24 00:00:00+00:00,0.0,1.0213202414886404,1.0213202414886404,0.0,0,2024
2024-04-25 00:00:00+00:00,0.0,1.0213202414886404,1.0213202414886404,0.0,0,2024
2024-04-26 00:00:00+00:00,0.0,1.0213202414886404,1.0213202414886404,0.0,0,2024
2024-04-27 00:00:00+00:00,0.0,1.0213202414886404,1.0213202414886404,0.0,0,2024
2024-04-28 00:00:00+00:00,0.0,1.0213202414886404,1.0213202414886404,0.0,0,2024
2024-04-29 00:00:00+00:00,0.0,1.0213202414886404,1.0213202414886404,0.0,0,2024
2024-04-30 00:00:00+00:00,0.0,1.0213202414886404,1.0213202414886404,0.0,0,2024
2024-05-01 00:00:00+00:00,0.0,1.0213202414886404,1.0213202414886404,0.0,0,2024
2024-05-02 00:00:00+00:00,0.0,1.0213202414886404,1.0213202414886404,0.0,0,2024
2024-05-03 00:00:00+00:00,0.0,1.0213202414886404,1.0213202414886404,0.0,0,2024
2024-05-04 00:00:00+00:00,0.0,1.0213202414886404,1.0213202414886404,0.0,0,2024
2024-05-05 00:00:00+00:00,0.0,1.0213202414886404,1.0213202414886404,0.0,0,2024
2024-05-06 00:00:00+00:00,0.0,1.0213202414886404,1.0213202414886404,0.0,0,2024
2024-05-07 00:00:00+00:00,0.0,1.0213202414886404,1.0213202414886404,0.0,0,2024
2024-05-08 00:00:00+00:00,0.0,1.0213202414886404,1.0213202414886404,0.0,0,2024
2024-05-09 00:00:00+00:00,0.0,1.0213202414886404,1.0213202414886404,0.0,0,2024
2024-05-10 00:00:00+00:00,0.0,1.0213202414886404,1.0213202414886404,0.0,0,2024
2024-05-11 00:00:00+00:00,0.0,1.0213202414886404,1.0213202414886404,0.0,0,2024
2024-05-12 00:00:00+00:00,0.0,1.0213202414886404,1.0213202414886404,0.0,0,2024
2024-05-13 00:00:00+00:00,0.0,1.0213202414886404,1.0213202414886404,0.0,0,2024
2024-05-14 00:00:00+00:00,0.0,1.0213202414886404,1.0213202414886404,0.0,0,2024
2024-05-15 00:00:00+00:00,0.0,1.0213202414886404,1.0213202414886404,0.0,0,2024
2024-05-16 00:00:00+00:00,0.0,1.0213202414886404,1.0213202414886404,0.0,0,2024
2024-05-17 00:00:00+00:00,0.0,1.0213202414886404,1.0213202414886404,0.0,0,2024
2024-05-18 00:00:00+00:00,0.0,1.0213202414886404,1.0213202414886404,0.0,0,2024
2024-05-19 00:00:00+00:00,0.0,1.0213202414886404,1.0213202414886404,0.0,0,2024
2024-05-20 00:00:00+00:00,0.0,1.0213202414886404,1.0213202414886404,0.0,0,2024
2024-05-21 00:00:00+00:00,0.0,1.0213202414886404,1.0213202414886404,0.0,0,2024
2024-05-22 00:00:00+00:00,-0.0007040014434115394,1.020601230564447,1.0212143718648536,0.043145364172290555,1,2024
2024-05-23 00:00:00+00:00,0.0005008052941863905,1.0211123530639667,1.0212010042542905,0.043637413398995885,1,2024
2024-05-24 00:00:00+00:00,-0.0006492216247905302,1.020449424843017,1.0211878315703884,0.04302902747696779,1,2024
2024-05-25 00:00:00+00:00,0.00023552670411342014,1.0206897679327647,1.021174582808931,0.0432673468267199,1,2024
2024-05-26 00:00:00+00:00,0.0008677546433026873,1.0215754762182598,1.0211610642794289,0.04411006925640111,1,2024
2024-05-27 00:00:00+00:00,0.0007766442871250945,1.0223688769757318,1.0211473036014962,0.0448653391892346,1,2024
2024-05-28 00:00:00+00:00,-0.000579555005705612,1.021776357975403,1.0211327244329063,0.04432573356858243,1,2024
2024-05-29 00:00:00+00:00,-0.0009068336994044746,1.020849776740736,1.021112669314432,0.04347795484249192,1,2024
2024-05-30 00:00:00+00:00,-0.0002513552222991322,1.0205931808181694,1.0210869432248333,0.04326267458081338,1,2024
2024-05-31 00:00:00+00:00,0.0001466573098818369,1.020742858268552,1.0210722686676568,0.04341734287895741,1,2024
2024-06-01 00:00:00+00:00,0.0005945480081317456,1.0213497389017503,1.0210535285500177,0.04400408763785215,1,2024
2024-06-02 00:00:00+00:00,-0.0004018381006805072,1.0209393216625395,1.0210376267673473,0.043635353265112885,1,2024
2024-06-03 00:00:00+00:00,-0.0001889731303432729,1.0207463915630344,1.0210192912432077,0.043472554744646355,1,2024
2024-06-04 00:00:00+00:00,0.0004935946521613666,1.021250226523123,1.021005464471751,0.04395799771032223,1,2024
2024-06-05 00:00:00+00:00,0.001596521916346072,1.0228806748918404,1.0208373991636899,0.10397723679579235,2,2024
2024-06-06 00:00:00+00:00,0.00035788940979242234,1.0232467530528655,1.020784806296991,0.10434919715721405,2,2024
2024-06-07 00:00:00+00:00,-0.003905328871270153,1.0192506379657347,1.0207621836343448,0.10085986794718506,2,2024
2024-06-08 00:00:00+00:00,-0.00010489578183037196,1.019143722873184,1.0207491787166394,0.10077830267737724,2,2024
2024-06-09 00:00:00+00:00,-0.0005238918402934445,1.0186098017926846,1.0207360835230606,0.10031981678234433,2,2024
2024-06-10 00:00:00+00:00,-0.002962311235394144,1.0155923625323515,1.0170365645930441,0.04253985417867752,1,2024
2024-06-11 00:00:00+00:00,-0.002190760340545106,1.0133674430623552,1.0133674430623552,0.0,0,2024
2024-06-12 00:00:00+00:00,0.0,1.0133674430623552,1.0133674430623552,0.0,0,2024
2024-06-13 00:00:00+00:00,0.0,1.0133674430623552,1.0133674430623552,0.0,0,2024
2024-06-14 00:00:00+00:00,0.0,1.0133674430623552,1.0133674430623552,0.0,0,2024
2024-06-15 00:00:00+00:00,0.0,1.0133674430623552,1.0133674430623552,0.0,0,2024
2024-06-16 00:00:00+00:00,0.0,1.0133674430623552,1.0133674430623552,0.0,0,2024
2024-06-17 00:00:00+00:00,0.0,1.0133674430623552,1.0133674430623552,0.0,0,2024
2024-06-18 00:00:00+00:00,0.0,1.0133674430623552,1.0133674430623552,0.0,0,2024
2024-06-19 00:00:00+00:00,0.0,1.0133674430623552,1.0133674430623552,0.0,0,2024
2024-06-20 00:00:00+00:00,0.0,1.0133674430623552,1.0133674430623552,0.0,0,2024
2024-06-21 00:00:00+00:00,0.0,1.0133674430623552,1.0133674430623552,0.0,0,2024
2024-06-22 00:00:00+00:00,0.0,1.0133674430623552,1.0133674430623552,0.0,0,2024
2024-06-23 00:00:00+00:00,0.0,1.0133674430623552,1.0133674430623552,0.0,0,2024
2024-06-24 00:00:00+00:00,0.0,1.0133674430623552,1.0133674430623552,0.0,0,2024
2024-06-25 00:00:00+00:00,0.0,1.0133674430623552,1.0133674430623552,0.0,0,2024
2024-06-26 00:00:00+00:00,0.0,1.0133674430623552,1.0133674430623552,0.0,0,2024
2024-06-27 00:00:00+00:00,0.0,1.0133674430623552,1.0133674430623552,0.0,0,2024
2024-06-28 00:00:00+00:00,0.0,1.0133674430623552,1.0133674430623552,0.0,0,2024
2024-06-29 00:00:00+00:00,0.0,1.0133674430623552,1.0133674430623552,0.0,0,2024
2024-06-30 00:00:00+00:00,0.0,1.0133674430623552,1.0133674430623552,0.0,0,2024
2024-07-01 00:00:00+00:00,0.0,1.0133674430623552,1.0133674430623552,0.0,0,2024
2024-07-02 00:00:00+00:00,0.0,1.0133674430623552,1.0133674430623552,0.0,0,2024
2024-07-03 00:00:00+00:00,0.0,1.0133674430623552,1.0133674430623552,0.0,0,2024
2024-07-04 00:00:00+00:00,0.0,1.0133674430623552,1.0133674430623552,0.0,0,2024
2024-07-05 00:00:00+00:00,0.0020545182291116237,1.015449424946915,1.0138699919231315,0.08746292619014057,2,2024
2024-07-06 00:00:00+00:00,-0.002668691639039711,1.0127395035566915,1.0138014655464676,0.052171173370083264,1,2024
2024-07-07 00:00:00+00:00,0.00215153594089168,1.0149184489973546,1.01381573656459,0.0499263106767897,1,2024
2024-07-08 00:00:00+00:00,-0.0007517795229891044,1.0141554540898945,1.0138291782713111,0.05072947170273599,1,2024
2024-07-09 00:00:00+00:00,-0.0011854892372565873,1.0129531837141659,1.0138401638462984,0.051987423710989925,1,2024
2024-07-10 00:00:00+00:00,0.0002960838566554713,1.0132531027994114,1.0138531054243503,0.051688811718664116,1,2024
2024-07-11 00:00:00+00:00,0.00036607241433928017,1.01362402680909,1.0138687109834712,0.051319354146674025,1,2024
2024-07-12 00:00:00+00:00,-0.0004895255942658494,1.013127831905004,1.0138757704365609,0.05184122191353786,1,2024
2024-07-13 00:00:00+00:00,-0.001154802069782912,1.0119578697877656,1.0138892955722647,0.053070659972015155,1,2024
2024-07-14 00:00:00+00:00,-0.0016942764306179248,1.010243333420206,1.010243333420206,0.0,0,2024
2024-07-15 00:00:00+00:00,0.0,1.010243333420206,1.010243333420206,0.0,0,2024
2024-07-16 00:00:00+00:00,0.0,1.010243333420206,1.010243333420206,0.0,0,2024
2024-07-17 00:00:00+00:00,0.0,1.010243333420206,1.010243333420206,0.0,0,2024
2024-07-18 00:00:00+00:00,0.0,1.010243333420206,1.010243333420206,0.0,0,2024
2024-07-19 00:00:00+00:00,0.0,1.010243333420206,1.010243333420206,0.0,0,2024
2024-07-20 00:00:00+00:00,0.0,1.010243333420206,1.010243333420206,0.0,0,2024
2024-07-21 00:00:00+00:00,0.0,1.010243333420206,1.010243333420206,0.0,0,2024
2024-07-22 00:00:00+00:00,-0.0009735190848610964,1.0092598422547676,1.0101756728337818,0.028720174586553057,1,2024
2024-07-23 00:00:00+00:00,-0.000957677540526225,1.0082932967712852,1.0101672644392468,0.027797449287381478,1,2024
2024-07-24 00:00:00+00:00,0.0008090072736766096,1.0091090133823726,1.0101610028439305,0.028589537510431848,1,2024
2024-07-25 00:00:00+00:00,-0.0010068685905987307,1.0080929732123078,1.0101538351559516,0.027617579179634883,1,2024
2024-07-26 00:00:00+00:00,0.0018010615656263163,1.0099086107209385,1.0101488338922835,0.029370703413696714,1,2024
2024-07-27 00:00:00+00:00,0.00014139792623901748,1.0100514097041853,1.0101438032316257,0.029512909578590776,1,2024
2024-07-28 00:00:00+00:00,0.0001366544739311859,1.010189437748222,1.0101351362891122,0.029654092382565656,1,2024
2024-07-29 00:00:00+00:00,-0.0003758338954056306,1.0098097743167354,1.010128126751635,0.029296207829722577,1,2024
2024-07-30 00:00:00+00:00,-0.0005596907481576485,1.0092445931286511,1.0101200623246256,0.028760600208728174,1,2024
2024-07-31 00:00:00+00:00,-0.0012004060040659015,1.0080330898594885,1.0101145377294214,0.027598797957826035,1,2024
2024-08-01 00:00:00+00:00,-0.001503005156659576,1.0065180109273462,1.0065180109273462,0.0,0,2024
2024-08-02 00:00:00+00:00,0.0,1.0065180109273462,1.0065180109273462,0.0,0,2024
2024-08-03 00:00:00+00:00,0.0,1.0065180109273462,1.0065180109273462,0.0,0,2024
2024-08-04 00:00:00+00:00,0.0,1.0065180109273462,1.0065180109273462,0.0,0,2024
2024-08-05 00:00:00+00:00,0.002989920566573545,1.0095274198288446,1.0071506257623526,0.021168262080916555,1,2024
2024-08-06 00:00:00+00:00,-0.00036423209211922103,1.0091597175446687,1.0071475714005713,0.02153731321745998,1,2024
2024-08-07 00:00:00+00:00,0.0010352572132961146,1.0102044574216247,1.0071456383217032,0.02047893950119902,1,2024
2024-08-08 00:00:00+00:00,-0.003077021260124546,1.0070960368290658,1.0070960368290658,0.0,0,2024
2024-08-09 00:00:00+00:00,0.0,1.0070960368290658,1.0070960368290658,0.0,0,2024
2024-08-10 00:00:00+00:00,0.0,1.0070960368290658,1.0070960368290658,0.0,0,2024
2024-08-11 00:00:00+00:00,0.0,1.0070960368290658,1.0070960368290658,0.0,0,2024
2024-08-12 00:00:00+00:00,0.0,1.0070960368290658,1.0070960368290658,0.0,0,2024
2024-08-13 00:00:00+00:00,0.0,1.0070960368290658,1.0070960368290658,0.0,0,2024
2024-08-14 00:00:00+00:00,0.0,1.0070960368290658,1.0070960368290658,0.0,0,2024
2024-08-15 00:00:00+00:00,0.0,1.0070960368290658,1.0070960368290658,0.0,0,2024
2024-08-16 00:00:00+00:00,0.0,1.0070960368290658,1.0070960368290658,0.0,0,2024
2024-08-17 00:00:00+00:00,0.0,1.0070960368290658,1.0070960368290658,0.0,0,2024
2024-08-18 00:00:00+00:00,0.0,1.0070960368290658,1.0070960368290658,0.0,0,2024
2024-08-19 00:00:00+00:00,0.0,1.0070960368290658,1.0070960368290658,0.0,0,2024
2024-08-20 00:00:00+00:00,0.0,1.0070960368290658,1.0070960368290658,0.0,0,2024
2024-08-21 00:00:00+00:00,0.0,1.0070960368290658,1.0070960368290658,0.0,0,2024
2024-08-22 00:00:00+00:00,0.0,1.0070960368290658,1.0070960368290658,0.0,0,2024
2024-08-23 00:00:00+00:00,0.0,1.0070960368290658,1.0070960368290658,0.0,0,2024
2024-08-24 00:00:00+00:00,0.0,1.0070960368290658,1.0070960368290658,0.0,0,2024
2024-08-25 00:00:00+00:00,0.0,1.0070960368290658,1.0070960368290658,0.0,0,2024
2024-08-26 00:00:00+00:00,0.0,1.0070960368290658,1.0070960368290658,0.0,0,2024
2024-08-27 00:00:00+00:00,0.0,1.0070960368290658,1.0070960368290658,0.0,0,2024
2024-08-28 00:00:00+00:00,0.0,1.0070960368290658,1.0070960368290658,0.0,0,2024
2024-08-29 00:00:00+00:00,0.0,1.0070960368290658,1.0070960368290658,0.0,0,2024
2024-08-30 00:00:00+00:00,0.0,1.0070960368290658,1.0070960368290658,0.0,0,2024
2024-08-31 00:00:00+00:00,0.0,1.0070960368290658,1.0070960368290658,0.0,0,2024
2024-09-01 00:00:00+00:00,0.0,1.0070960368290658,1.0070960368290658,0.0,0,2024
2024-09-02 00:00:00+00:00,0.0,1.0070960368290658,1.0070960368290658,0.0,0,2024
2024-09-03 00:00:00+00:00,0.0,1.0070960368290658,1.0070960368290658,0.0,0,2024
2024-09-04 00:00:00+00:00,0.0,1.0070960368290658,1.0070960368290658,0.0,0,2024
2024-09-05 00:00:00+00:00,0.0,1.0070960368290658,1.0070960368290658,0.0,0,2024
2024-09-06 00:00:00+00:00,0.0,1.0070960368290658,1.0070960368290658,0.0,0,2024
2024-09-07 00:00:00+00:00,0.0,1.0070960368290658,1.0070960368290658,0.0,0,2024
2024-09-08 00:00:00+00:00,0.0,1.0070960368290658,1.0070960368290658,0.0,0,2024
2024-09-09 00:00:00+00:00,0.0,1.0070960368290658,1.0070960368290658,0.0,0,2024
2024-09-10 00:00:00+00:00,0.0,1.0070960368290658,1.0070960368290658,0.0,0,2024
2024-09-11 00:00:00+00:00,0.0,1.0070960368290658,1.0070960368290658,0.0,0,2024
2024-09-12 00:00:00+00:00,0.0,1.0070960368290658,1.0070960368290658,0.0,0,2024
2024-09-13 00:00:00+00:00,0.0,1.0070960368290658,1.0070960368290658,0.0,0,2024
2024-09-14 00:00:00+00:00,0.0,1.0070960368290658,1.0070960368290658,0.0,0,2024
2024-09-15 00:00:00+00:00,0.0,1.0070960368290658,1.0070960368290658,0.0,0,2024
2024-09-16 00:00:00+00:00,0.0,1.0070960368290658,1.0070960368290658,0.0,0,2024
2024-09-17 00:00:00+00:00,0.0,1.0070960368290658,1.0070960368290658,0.0,0,2024
2024-09-18 00:00:00+00:00,0.0,1.0070960368290658,1.0070960368290658,0.0,0,2024
2024-09-19 00:00:00+00:00,0.0,1.0070960368290658,1.0070960368290658,0.0,0,2024
2024-09-20 00:00:00+00:00,0.0,1.0070960368290658,1.0070960368290658,0.0,0,2024
2024-09-21 00:00:00+00:00,0.0,1.0070960368290658,1.0070960368290658,0.0,0,2024
2024-09-22 00:00:00+00:00,0.0,1.0070960368290658,1.0070960368290658,0.0,0,2024
2024-09-23 00:00:00+00:00,0.0,1.0070960368290658,1.0070960368290658,0.0,0,2024
2024-09-24 00:00:00+00:00,0.0,1.0070960368290658,1.0070960368290658,0.0,0,2024
2024-09-25 00:00:00+00:00,0.0,1.0070960368290658,1.0070960368290658,0.0,0,2024
2024-09-26 00:00:00+00:00,0.0,1.0070960368290658,1.0070960368290658,0.0,0,2024
2024-09-27 00:00:00+00:00,0.0,1.0070960368290658,1.0070960368290658,0.0,0,2024
2024-09-28 00:00:00+00:00,0.0,1.0070960368290658,1.0070960368290658,0.0,0,2024
2024-09-29 00:00:00+00:00,0.0,1.0070960368290658,1.0070960368290658,0.0,0,2024
2024-09-30 00:00:00+00:00,0.0,1.0070960368290658,1.0070960368290658,0.0,0,2024
2024-10-01 00:00:00+00:00,0.0,1.0070960368290658,1.0070960368290658,0.0,0,2024
2024-10-02 00:00:00+00:00,0.0,1.0070960368290658,1.0070960368290658,0.0,0,2024
2024-10-03 00:00:00+00:00,0.0,1.0070960368290658,1.0070960368290658,0.0,0,2024
2024-10-04 00:00:00+00:00,0.0,1.0070960368290658,1.0070960368290658,0.0,0,2024
2024-10-05 00:00:00+00:00,0.0,1.0070960368290658,1.0070960368290658,0.0,0,2024
2024-10-06 00:00:00+00:00,0.0,1.0070960368290658,1.0070960368290658,0.0,0,2024
2024-10-07 00:00:00+00:00,0.0,1.0070960368290658,1.0070960368290658,0.0,0,2024
2024-10-08 00:00:00+00:00,0.0,1.0070960368290658,1.0070960368290658,0.0,0,2024
2024-10-09 00:00:00+00:00,0.0,1.0070960368290658,1.0070960368290658,0.0,0,2024
2024-10-10 00:00:00+00:00,0.0,1.0070960368290658,1.0070960368290658,0.0,0,2024
2024-10-11 00:00:00+00:00,0.0,1.0070960368290658,1.0070960368290658,0.0,0,2024
2024-10-12 00:00:00+00:00,0.0,1.0070960368290658,1.0070960368290658,0.0,0,2024
2024-10-13 00:00:00+00:00,0.0,1.0070960368290658,1.0070960368290658,0.0,0,2024
2024-10-14 00:00:00+00:00,0.0,1.0070960368290658,1.0070960368290658,0.0,0,2024
2024-10-15 00:00:00+00:00,0.0,1.0070960368290658,1.0070960368290658,0.0,0,2024
2024-10-16 00:00:00+00:00,0.00032755379757043457,1.0074259149604472,1.0069691637039768,0.05592182948220924,1,2024
2024-10-17 00:00:00+00:00,-0.00017433828076263147,1.0072502820584373,1.006952310207729,0.05577394400109528,1,2024
2024-10-18 00:00:00+00:00,0.0008157193535214269,1.0080719156073523,1.006935205089881,0.05656050784732505,1,2024
2024-10-19 00:00:00+00:00,-5.8875032308502995e-05,1.0080125653407517,1.006918112649381,0.05652191612117183,1,2024
2024-10-20 00:00:00+00:00,0.0005310887369047723,1.0085479094608627,1.0069008544281783,0.05703983268315242,1,2024
2024-10-21 00:00:00+00:00,-0.0017658795444627229,1.0067669353379352,1.0067949324017638,0.09398433160032064,2,2024
2024-10-22 00:00:00+00:00,0.00033173191828295145,1.0071009120646586,1.0067664375650462,0.09431308016964823,2,2024
2024-10-23 00:00:00+00:00,9.061561110379479e-05,1.0071921711292484,1.0067379067913773,0.09442346914800895,2,2024
2024-10-24 00:00:00+00:00,0.0026802952743050223,1.0098917435458432,1.006708557341148,0.0968732553650409,2,2024
2024-10-25 00:00:00+00:00,-0.0040926256283898566,1.0057586347143082,1.0066830504027247,0.0931872674372555,2,2024
2024-10-26 00:00:00+00:00,0.001701945717694331,1.0074703813156942,1.006662218102828,0.09474866908451796,2,2024
2024-10-27 00:00:00+00:00,0.0020659415537114256,1.0095517562405878,1.0066400097974197,0.09663700785914534,2,2024
2024-10-28 00:00:00+00:00,0.001954395908135842,1.0115248200620357,1.0066148106408137,0.0984240050323073,2,2024
2024-10-29 00:00:00+00:00,0.002418719272597958,1.0139714146390308,1.0079544293702523,0.08060940943287845,2,2024
2024-10-30 00:00:00+00:00,-0.0011155715606642191,1.012840256965533,1.0079302407698993,0.0796064999275316,2,2024
2024-10-31 00:00:00+00:00,-0.0024934672794083568,1.010314772925522,1.0079068027833626,0.0773289908085038,2,2024
2024-11-01 00:00:00+00:00,-0.0008497257192345842,1.0094562824784445,1.007821646412405,0.04590482624268978,1,2024
2024-11-02 00:00:00+00:00,-9.88900089747835e-05,1.0093564573376106,1.0078077705226063,0.04582421369526025,1,2024
2024-11-03 00:00:00+00:00,-0.00041270155581463186,1.0089398943572958,1.0077940154751874,0.04544389444729067,1,2024
2024-11-04 00:00:00+00:00,-0.001237791091903806,1.007691037543794,1.007691037543794,0.0,0,2024
2024-11-05 00:00:00+00:00,0.0,1.007691037543794,1.007691037543794,0.0,0,2024
2024-11-06 00:00:00+00:00,0.0,1.007691037543794,1.007691037543794,0.0,0,2024
2024-11-07 00:00:00+00:00,0.0016932191041532096,1.009397279259647,1.0074883772157823,0.08893733196767317,2,2024
2024-11-08 00:00:00+00:00,0.0018586017996076176,1.0112733468593982,1.0073660623617189,0.13149922484252477,3,2024
2024-11-09 00:00:00+00:00,0.002454513299974259,1.0137555307391741,1.008014099806999,0.12485630730740153,3,2024
2024-11-10 00:00:00+00:00,0.0049896464339687085,1.0188138124080428,1.0091656757690526,0.16328406067641899,4,2024
2024-11-11 00:00:00+00:00,0.01038431627387415,1.0293934972602794,1.0111306170945955,0.15375144554116224,4,2024
2024-11-12 00:00:00+00:00,-0.0049470238266174915,1.0243010631023677,1.013722476995804,0.12450802966495868,4,2024
2024-11-13 00:00:00+00:00,0.0004007192935266968,1.0247115203007326,1.0152899721085429,0.06149325384120598,2,2024
2024-11-14 00:00:00+00:00,-0.00187201421998906,1.022793245763343,1.0152649147006902,0.05975755975657484,2,2024
2024-11-15 00:00:00+00:00,0.0025289901852596497,1.0253798798434284,1.015245469306477,0.06214838932313879,2,2024
2024-11-16 00:00:00+00:00,-0.0005584542900372025,1.024807252050612,1.0152195605687084,0.06164963098685665,2,2024
2024-11-17 00:00:00+00:00,0.002090419322110737,1.0269495289317379,1.017275154376989,0.05219971622653194,2,2024
2024-11-18 00:00:00+00:00,0.0003806942703161731,1.0273404827333061,1.017239644076472,0.05259496632268819,2,2024
2024-11-19 00:00:00+00:00,0.00043097805937075684,1.0277832439408676,1.0172048738180308,0.05303693155016185,2,2024
2024-11-20 00:00:00+00:00,0.0005890099772027924,1.0283886185259505,1.0241724251844468,0.01975406603842417,1,2024
2024-11-21 00:00:00+00:00,0.003556357224081985,1.032045935818609,1.0240617402057495,0.06692097499438247,2,2024
2024-11-22 00:00:00+00:00,0.0002673279321154798,1.0323218305244795,1.0240290482973988,0.06720201474664758,2,2024
2024-11-23 00:00:00+00:00,-0.0007496284512817919,1.031547972709439,1.024000862697675,0.0665295618609164,2,2024
2024-11-24 00:00:00+00:00,-0.00010808085290581193,1.0314364821247353,1.023961069540434,0.06646724100177996,2,2024
2024-11-25 00:00:00+00:00,-0.0038577325430242393,1.0274574760415802,1.0239270281829356,0.06288510621255303,2,2024
2024-11-26 00:00:00+00:00,-0.000818516104623912,1.026616485550624,1.0238905726488992,0.0621529446009368,2,2024
2024-11-27 00:00:00+00:00,0.002724180128339526,1.0294131737799868,1.0238577704571208,0.06473273285330987,2,2024
2024-11-28 00:00:00+00:00,-0.0012177672858721955,1.0281595880933116,1.023755817249529,0.09561479256765712,3,2024
2024-11-29 00:00:00+00:00,0.0014064488162359723,1.029605641928887,1.0237128515788378,0.0969267078425246,3,2024
2024-11-30 00:00:00+00:00,-3.1495239952605836e-05,1.0295732142521379,1.023671168840699,0.09693874988981974,3,2024
2024-12-01 00:00:00+00:00,0.0003157333391883288,1.0298982848410125,1.0236276835735938,0.09726600931381271,3,2024
2024-12-02 00:00:00+00:00,-0.002214848316019924,1.0276172163591606,1.0235503280740135,0.09533742878546005,3,2024
2024-12-03 00:00:00+00:00,0.0003789654038550694,1.0280066477325667,1.0234840216886167,0.09574463468621684,3,2024
2024-12-04 00:00:00+00:00,0.002888984938977268,1.0309765434550346,1.0233099987655647,0.13283214442937435,4,2024
2024-12-05 00:00:00+00:00,-0.0014707142054494193,1.0294602716070902,1.0238393103431367,0.12230166904802674,4,2024
2024-12-06 00:00:00+00:00,0.0036088142954644464,1.0331754025518787,1.0244676752740969,0.11849589246724616,4,2024
2024-12-07 00:00:00+00:00,0.000938682555527981,1.0341452262790547,1.0243678429573209,0.11941910507955937,4,2024
2024-12-08 00:00:00+00:00,8.198174316520479e-06,1.0341537043818883,1.0242934183600074,0.11949829084502818,4,2024
2024-12-09 00:00:00+00:00,-0.011589420719657073,1.0221684620130147,1.0221684620130147,0.0,0,2024
2024-12-10 00:00:00+00:00,0.0,1.0221684620130147,1.0221684620130147,0.0,0,2024
2024-12-11 00:00:00+00:00,0.0,1.0221684620130147,1.0221684620130147,0.0,0,2024
2024-12-12 00:00:00+00:00,0.0,1.0221684620130147,1.0221684620130147,0.0,0,2024
2024-12-13 00:00:00+00:00,0.0,1.0221684620130147,1.0221684620130147,0.0,0,2024
2024-12-14 00:00:00+00:00,0.0,1.0221684620130147,1.0221684620130147,0.0,0,2024
2024-12-15 00:00:00+00:00,0.0,1.0221684620130147,1.0221684620130147,0.0,0,2024
2024-12-16 00:00:00+00:00,0.0,1.0221684620130147,1.0221684620130147,0.0,0,2024
2024-12-17 00:00:00+00:00,-7.932306361135844e-05,1.0220873804790809,1.022065469448348,0.04424080956951593,1,2024
2024-12-18 00:00:00+00:00,-0.0024702008321156876,1.0195626193813265,1.0220530169036044,0.04188625965522694,1,2024
2024-12-19 00:00:00+00:00,-0.0011601930611081501,1.018379729904955,1.018379729904955,0.0,0,2024
2024-12-20 00:00:00+00:00,0.0,1.018379729904955,1.018379729904955,0.0,0,2024
2024-12-21 00:00:00+00:00,0.0,1.018379729904955,1.018379729904955,0.0,0,2024
2024-12-22 00:00:00+00:00,0.0,1.018379729904955,1.018379729904955,0.0,0,2024
2024-12-23 00:00:00+00:00,0.0,1.018379729904955,1.018379729904955,0.0,0,2024
2024-12-24 00:00:00+00:00,0.0,1.018379729904955,1.018379729904955,0.0,0,2024
2024-12-25 00:00:00+00:00,0.0,1.018379729904955,1.018379729904955,0.0,0,2024
2024-12-26 00:00:00+00:00,0.0,1.018379729904955,1.018379729904955,0.0,0,2024
2024-12-27 00:00:00+00:00,0.0,1.018379729904955,1.018379729904955,0.0,0,2024
2024-12-28 00:00:00+00:00,0.0,1.018379729904955,1.018379729904955,0.0,0,2024
2024-12-29 00:00:00+00:00,0.0,1.018379729904955,1.018379729904955,0.0,0,2024
2024-12-30 00:00:00+00:00,0.0,1.018379729904955,1.018379729904955,0.0,0,2024
2024-12-31 00:00:00+00:00,0.0,1.018379729904955,1.018379729904955,0.0,0,2024
2025-01-01 00:00:00+00:00,0.0,1.0,1.0,0.0,0,2025
2025-01-02 00:00:00+00:00,0.0,1.0,1.0,0.0,0,2025
2025-01-03 00:00:00+00:00,0.0,1.0,1.0,0.0,0,2025
2025-01-04 00:00:00+00:00,0.0,1.0,1.0,0.0,0,2025
2025-01-05 00:00:00+00:00,0.0,1.0,1.0,0.0,0,2025
2025-01-06 00:00:00+00:00,0.0,1.0,1.0,0.0,0,2025
2025-01-07 00:00:00+00:00,0.0,1.0,1.0,0.0,0,2025
2025-01-08 00:00:00+00:00,0.0,1.0,1.0,0.0,0,2025
2025-01-09 00:00:00+00:00,0.0,1.0,1.0,0.0,0,2025
2025-01-10 00:00:00+00:00,0.0,1.0,1.0,0.0,0,2025
2025-01-11 00:00:00+00:00,0.0,1.0,1.0,0.0,0,2025
2025-01-12 00:00:00+00:00,0.0,1.0,1.0,0.0,0,2025
2025-01-13 00:00:00+00:00,0.0,1.0,1.0,0.0,0,2025
2025-01-14 00:00:00+00:00,0.0,1.0,1.0,0.0,0,2025
2025-01-15 00:00:00+00:00,0.0,1.0,1.0,0.0,0,2025
2025-01-16 00:00:00+00:00,0.0,1.0,1.0,0.0,0,2025
2025-01-17 00:00:00+00:00,0.0,1.0,1.0,0.0,0,2025
2025-01-18 00:00:00+00:00,0.0,1.0,1.0,0.0,0,2025
2025-01-19 00:00:00+00:00,-0.00027433494309925255,0.9997256650569007,1.0006165870859747,0.02396564072362594,1,2025
2025-01-20 00:00:00+00:00,-5.077276443188339e-05,0.9996749062212124,0.9996749062212124,0.0,0,2025
2025-01-21 00:00:00+00:00,0.0,0.9996749062212124,0.9996749062212124,0.0,0,2025
2025-01-22 00:00:00+00:00,0.0,0.9996749062212124,0.9996749062212124,0.0,0,2025
2025-01-23 00:00:00+00:00,0.0,0.9996749062212124,0.9996749062212124,0.0,0,2025
2025-01-24 00:00:00+00:00,0.0,0.9996749062212124,0.9996749062212124,0.0,0,2025
2025-01-25 00:00:00+00:00,0.0,0.9996749062212124,0.9996749062212124,0.0,0,2025
2025-01-26 00:00:00+00:00,0.0,0.9996749062212124,0.9996749062212124,0.0,0,2025
2025-01-27 00:00:00+00:00,0.0,0.9996749062212124,0.9996749062212124,0.0,0,2025
2025-01-28 00:00:00+00:00,0.0,0.9996749062212124,0.9996749062212124,0.0,0,2025
2025-01-29 00:00:00+00:00,0.0,0.9996749062212124,0.9996749062212124,0.0,0,2025
2025-01-30 00:00:00+00:00,0.0,0.9996749062212124,0.9996749062212124,0.0,0,2025
2025-01-31 00:00:00+00:00,0.0,0.9996749062212124,0.9996749062212124,0.0,0,2025
2025-02-01 00:00:00+00:00,0.0,0.9996749062212124,0.9996749062212124,0.0,0,2025
2025-02-02 00:00:00+00:00,0.0,0.9996749062212124,0.9996749062212124,0.0,0,2025
2025-02-03 00:00:00+00:00,0.0,0.9996749062212124,0.9996749062212124,0.0,0,2025
2025-02-04 00:00:00+00:00,0.0,0.9996749062212124,0.9996749062212124,0.0,0,2025
2025-02-05 00:00:00+00:00,0.0,0.9996749062212124,0.9996749062212124,0.0,0,2025
2025-02-06 00:00:00+00:00,0.0,0.9996749062212124,0.9996749062212124,0.0,0,2025
2025-02-07 00:00:00+00:00,0.0,0.9996749062212124,0.9996749062212124,0.0,0,2025
2025-02-08 00:00:00+00:00,0.0,0.9996749062212124,0.9996749062212124,0.0,0,2025
2025-02-09 00:00:00+00:00,0.0,0.9996749062212124,0.9996749062212124,0.0,0,2025
2025-02-10 00:00:00+00:00,0.0,0.9996749062212124,0.9996749062212124,0.0,0,2025
2025-02-11 00:00:00+00:00,0.0,0.9996749062212124,0.9996749062212124,0.0,0,2025
2025-02-12 00:00:00+00:00,0.0,0.9996749062212124,0.9996749062212124,0.0,0,2025
2025-02-13 00:00:00+00:00,0.0,0.9996749062212124,0.9996749062212124,0.0,0,2025
2025-02-14 00:00:00+00:00,0.0,0.9996749062212124,0.9996749062212124,0.0,0,2025
2025-02-15 00:00:00+00:00,0.0,0.9996749062212124,0.9996749062212124,0.0,0,2025
2025-02-16 00:00:00+00:00,0.0,0.9996749062212124,0.9996749062212124,0.0,0,2025
2025-02-17 00:00:00+00:00,0.0,0.9996749062212124,0.9996749062212124,0.0,0,2025
2025-02-18 00:00:00+00:00,0.0,0.9996749062212124,0.9996749062212124,0.0,0,2025
2025-02-19 00:00:00+00:00,0.0,0.9996749062212124,0.9996749062212124,0.0,0,2025
2025-02-20 00:00:00+00:00,0.0,0.9996749062212124,0.9996749062212124,0.0,0,2025
2025-02-21 00:00:00+00:00,0.0,0.9996749062212124,0.9996749062212124,0.0,0,2025
2025-02-22 00:00:00+00:00,0.0,0.9996749062212124,0.9996749062212124,0.0,0,2025
2025-02-23 00:00:00+00:00,0.0,0.9996749062212124,0.9996749062212124,0.0,0,2025
2025-02-24 00:00:00+00:00,0.0,0.9996749062212124,0.9996749062212124,0.0,0,2025
2025-02-25 00:00:00+00:00,0.0,0.9996749062212124,0.9996749062212124,0.0,0,2025
2025-02-26 00:00:00+00:00,0.0,0.9996749062212124,0.9996749062212124,0.0,0,2025
2025-02-27 00:00:00+00:00,0.0,0.9996749062212124,0.9996749062212124,0.0,0,2025
2025-02-28 00:00:00+00:00,0.0,0.9996749062212124,0.9996749062212124,0.0,0,2025
2025-03-01 00:00:00+00:00,0.0,0.9996749062212124,0.9996749062212124,0.0,0,2025
2025-03-02 00:00:00+00:00,0.0,0.9996749062212124,0.9996749062212124,0.0,0,2025
2025-03-03 00:00:00+00:00,0.0,0.9996749062212124,0.9996749062212124,0.0,0,2025
2025-03-04 00:00:00+00:00,0.0,0.9996749062212124,0.9996749062212124,0.0,0,2025
2025-03-05 00:00:00+00:00,0.0,0.9996749062212124,0.9996749062212124,0.0,0,2025
2025-03-06 00:00:00+00:00,0.0,0.9996749062212124,0.9996749062212124,0.0,0,2025
2025-03-07 00:00:00+00:00,0.0,0.9996749062212124,0.9996749062212124,0.0,0,2025
2025-03-08 00:00:00+00:00,0.0,0.9996749062212124,0.9996749062212124,0.0,0,2025
2025-03-09 00:00:00+00:00,0.0,0.9996749062212124,0.9996749062212124,0.0,0,2025
2025-03-10 00:00:00+00:00,0.0,0.9996749062212124,0.9996749062212124,0.0,0,2025
2025-03-11 00:00:00+00:00,-0.0005120381729359913,0.9991630345087009,0.9996448805010206,0.015961059377402033,1,2025
2025-03-12 00:00:00+00:00,0.00012749776765508258,0.9992904255651242,0.9996447802008945,0.01583144275199319,1,2025
2025-03-13 00:00:00+00:00,0.0003620200080707292,0.9996521886930522,0.9996458846311799,0.015464929344593713,1,2025
2025-03-14 00:00:00+00:00,-0.00038771023038897123,0.9992646133126651,0.9996484145532338,0.01586131997329943,1,2025
2025-03-15 00:00:00+00:00,-0.0002099614636185132,0.9990548062519118,0.9996499594615682,0.016076202865276504,1,2025
2025-03-16 00:00:00+00:00,0.0004163142536968145,0.9994707270079787,0.9996486508595066,0.015652062594707587,1,2025
2025-03-17 00:00:00+00:00,-0.0003251636185137574,0.9991457354897861,0.9996504751804843,0.01598424899651714,1,2025
2025-03-18 00:00:00+00:00,-4.200673993060011e-05,0.9991037646347226,0.9996522180176144,0.016028673376008634,1,2025
2025-03-19 00:00:00+00:00,-0.0010305191458894747,0.9980741690765362,0.9996559079692106,0.017080487552970494,1,2025
2025-03-20 00:00:00+00:00,0.0006022854964728985,0.9986752946729753,0.9996557421904859,0.016468117449601027,1,2025
2025-03-21 00:00:00+00:00,0.0001511393914470638,0.9988262338492655,0.999658121171864,0.016316894069721487,1,2025
2025-03-22 00:00:00+00:00,-0.00012272775861610352,0.9987036501443383,0.9996578860361692,0.016441404233014174,1,2025
2025-03-23 00:00:00+00:00,-0.00021008343624950854,0.998493839049721,0.9996590951179096,0.016656197511639617,1,2025
2025-03-24 00:00:00+00:00,-0.0006245140816089068,0.9978702655868347,0.9996610338994859,0.017293453304454996,1,2025
2025-03-25 00:00:00+00:00,0.00012759199662659704,0.9979975858463952,0.9996623558697826,0.017164995983470058,1,2025
2025-03-26 00:00:00+00:00,0.0004701499208912274,0.9984667943324306,0.9996626582799729,0.016687303545093,1,2025
2025-03-27 00:00:00+00:00,5.144323020966901e-05,0.9985181586895882,0.99966516615762,0.016637516155953273,1,2025
2025-03-28 00:00:00+00:00,0.0008874361456194801,0.9994042797956666,0.9996655665706377,0.015736515864596293,1,2025
2025-03-29 00:00:00+00:00,0.0005714559828806642,0.9999753953506724,0.9996668281116589,0.015157660239080141,1,2025
2025-03-30 00:00:00+00:00,0.00016835601073683648,1.0001437472190686,0.9996665463249705,0.014986499367473155,1,2025
2025-03-31 00:00:00+00:00,-0.00012043036488262882,1.000023299542656,0.9996672029950524,0.01510940593932716,1,2025
2025-04-01 00:00:00+00:00,-0.0006844270479777759,0.9993388565478409,0.9996680778843046,0.015805525585391146,1,2025
2025-04-02 00:00:00+00:00,0.0009151220800340809,1.0002533736009038,0.999669252499524,0.014877963744550901,1,2025
2025-04-03 00:00:00+00:00,-0.00018481734446895715,1.0000685094285988,0.9996700263597222,0.01506633927400752,1,2025
2025-04-04 00:00:00+00:00,5.493477229778776e-06,1.0000740032821835,0.999671289855998,0.015062026463598562,1,2025
2025-04-05 00:00:00+00:00,9.08419583389719e-05,1.0001648519631257,0.999672388603442,0.0149709231834186,1,2025
2025-04-06 00:00:00+00:00,0.0018681475017159332,1.0020333074326246,0.9996730998469016,0.01307905320735746,1,2025
2025-04-07 00:00:00+00:00,0.00015034563017102265,1.002183958761683,1.0003246946547777,0.03138076893398154,2,2025
2025-04-08 00:00:00+00:00,0.0008337248360488214,1.0030195044183923,1.0003163851974157,0.030513313041623143,2,2025
2025-04-09 00:00:00+00:00,-0.003999701591508198,0.9990077257102563,1.0003133433540021,0.03464856587098469,2,2025
2025-04-10 00:00:00+00:00,0.002227243747113139,1.0012327594206623,1.0003198827186377,0.03235580372227231,2,2025
2025-04-11 00:00:00+00:00,-0.0019920359155364276,0.9992382678040846,1.0003210961437972,0.034417612689553255,2,2025
2025-04-12 00:00:00+00:00,-0.001005654405629497,0.9982333794377939,0.9967673864390226,0.010925992707952211,1,2025
2025-04-13 00:00:00+00:00,0.00031223961150117496,0.998545067440377,0.9967693127487638,0.010612369213232963,1,2025
2025-04-14 00:00:00+00:00,-0.00017143293838162155,0.9983738839253592,0.9967713250388697,0.010787666735139473,1,2025
2025-04-15 00:00:00+00:00,0.00023326295209913361,0.9986067675648224,0.9967718210501554,0.010552439109113168,1,2025
2025-04-16 00:00:00+00:00,7.576356473903978e-05,0.9986824255733056,0.9967716975990787,0.010475758240273858,1,2025
2025-04-17 00:00:00+00:00,-4.076732858804277e-05,0.9986417119587071,0.9967725244342915,0.01051778227681504,1,2025
2025-04-18 00:00:00+00:00,-3.3886855460796284e-05,0.9986078711313569,0.9967723273897757,0.010551829388070024,1,2025
2025-04-19 00:00:00+00:00,-0.00016154218320763025,0.9984465538356859,0.9967737876075027,0.010716565001956684,1,2025
2025-04-20 00:00:00+00:00,0.00017286049301690198,0.998619145799233,0.9967746436539386,0.010542739464125228,1,2025
2025-04-21 00:00:00+00:00,5.4505636460699947e-05,0.9986735761713568,0.996776518057611,0.010489539084190024,1,2025
2025-04-22 00:00:00+00:00,-0.0011751130705400792,0.9975000217987948,0.9967770454398589,0.011678904270497338,1,2025
2025-04-23 00:00:00+00:00,-0.0002555761707373483,0.997245084562913,0.996780176589466,0.011940671189284598,1,2025
2025-04-24 00:00:00+00:00,0.0001728472349216137,0.997417455618319,0.9967822716157734,0.011767890720862827,1,2025
2025-04-25 00:00:00+00:00,-9.807857752464066e-05,0.9973196303330737,0.9967837850739266,0.011868650735615051,1,2025
2025-04-26 00:00:00+00:00,-0.00024123765158012844,0.9970790392875774,0.9967836110406767,0.012112635910059562,1,2025
2025-04-27 00:00:00+00:00,0.00019767098372436287,0.9972761328821244,0.996783022526617,0.011912020027496058,1,2025
2025-04-28 00:00:00+00:00,-6.153887798854285e-05,0.997214761627862,0.9967814403223226,0.011972709166793478,1,2025
2025-04-29 00:00:00+00:00,1.9149435712684237e-05,0.9972338577278316,0.9967829514075958,0.011954846108284603,1,2025
2025-04-30 00:00:00+00:00,2.419000878961519e-05,0.9972579808236154,0.9967814601046141,0.011928872100393706,1,2025
2025-05-01 00:00:00+00:00,-0.000501342033789931,0.996758013479296,0.996758013479296,0.0,0,2025
2025-05-02 00:00:00+00:00,0.00016766833306425255,0.9969251382338845,0.996646251054213,0.06639282589966615,1,2025
2025-05-03 00:00:00+00:00,-0.0007020012280983812,0.9962252955625222,0.9966490263534005,0.0657341862919031,1,2025
2025-05-04 00:00:00+00:00,-0.00108411032295197,0.995145277435617,0.9966442960263513,0.06472499325257991,1,2025
2025-05-05 00:00:00+00:00,0.0003210904908563794,0.9954648091212223,0.9966449530322586,0.0650245447693898,1,2025
2025-05-06 00:00:00+00:00,0.0014387299839702106,0.9968970141900921,0.9966402055788113,0.06637255165532609,1,2025
2025-05-07 00:00:00+00:00,0.00012826413824096328,0.9970248803265321,0.9966385395570461,0.06649395821081726,1,2025
2025-05-08 00:00:00+00:00,0.004007800560557273,1.0010207572007943,0.9972995819675657,0.056391445225924215,1,2025
2025-05-09 00:00:00+00:00,0.004325023443528364,1.0053501954431463,0.9977847619692086,0.1310596008649545,3,2025
2025-05-10 00:00:00+00:00,0.0052096745787633125,1.0105877427991012,0.999670857599313,0.19610782074177074,4,2025
2025-05-11 00:00:00+00:00,-0.0033134571726155526,1.0072392035941662,1.000323220423566,0.18500320953129307,4,2025
2025-05-12 00:00:00+00:00,0.0002932505990707046,1.0075345770940276,1.0002973133098743,0.18526785113678257,4,2025
2025-05-13 00:00:00+00:00,0.00464473018299727,1.0122143033546696,1.0002691544720705,0.18906238580942902,4,2025
2025-05-14 00:00:00+00:00,-0.003666661643476732,1.0085028559935805,1.0002414628256646,0.18610546743873047,4,2025
2025-05-15 00:00:00+00:00,-0.0019053159596600366,1.0065813394066931,1.0002293092477212,0.18456385504676542,4,2025
2025-05-16 00:00:00+00:00,-0.0012656642935029438,1.0053073453468997,1.0002122585357833,0.18354743942262552,4,2025
2025-05-17 00:00:00+00:00,-0.0027246823801635456,1.002568202136384,0.9964830845561364,0.07877543060489024,2,2025
2025-05-18 00:00:00+00:00,0.0010643963829197745,1.0036353321043683,0.9981754866990503,0.057976912042132185,1,2025
2025-05-19 00:00:00+00:00,-0.0003044293472556081,1.0033297960553331,1.0002167862669509,0.03594820457762906,1,2025
2025-05-20 00:00:00+00:00,0.00042600681767535065,1.0037572213888295,1.0002106719099897,0.036364813801669005,1,2025
2025-05-21 00:00:00+00:00,0.0009487345745513576,1.0047095205692167,1.0002027926068364,0.037286023646120325,1,2025
2025-05-22 00:00:00+00:00,0.0006870447025892901,1.0053998009229648,1.0001913436011463,0.03795838458077068,1,2025
2025-05-23 00:00:00+00:00,-0.0015019232242778902,1.0038897676122742,1.0001821061034135,0.0365205002289319,1,2025
2025-05-24 00:00:00+00:00,0.00013965940853055692,1.0040299702634488,1.000176234758765,0.03666088819447414,1,2025
2025-05-25 00:00:00+00:00,0.0004210019970884993,1.0044526688860664,1.0001693240862268,0.03707316524947091,1,2025
2025-05-26 00:00:00+00:00,0.00013652596485158597,1.0045898027558338,1.0001591877529055,0.03721470184090708,1,2025
2025-05-27 00:00:00+00:00,-0.00017569841330200564,1.0044132979214702,1.0001527152370302,0.03705195634157688,1,2025
2025-05-28 00:00:00+00:00,-0.0004007807759811577,1.0040107483805234,1.0001487419570307,0.036669827949475944,1,2025
2025-05-29 00:00:00+00:00,-0.000748344384498667,1.0032594025749966,1.000143556066527,0.03595355437978954,1,2025
2025-05-30 00:00:00+00:00,-0.0005465294925020014,1.0027110917228594,1.0001386309091935,0.035431298293178926,1,2025
2025-05-31 00:00:00+00:00,0.00019531088267599195,1.002906932111253,1.000131218594461,0.03562704310022048,1,2025
2025-06-01 00:00:00+00:00,0.0003518250071414819,1.0032597798498053,1.0001291003712405,0.03596832563447608,1,2025
2025-06-02 00:00:00+00:00,7.529824894159098e-05,1.0033353235544615,1.0001256943963572,0.03604430471861775,1,2025
2025-06-03 00:00:00+00:00,-0.00017050760339087923,1.0031642472530449,1.0001201048258193,0.03588548685307232,1,2025
2025-06-04 00:00:00+00:00,-0.0002357705731258486,1.0029277306435307,1.000118830919452,0.035659393603741006,1,2025
2025-06-05 00:00:00+00:00,-0.0011334622628176305,1.001790949908513,1.001790949908513,0.0,0,2025
2025-06-06 00:00:00+00:00,0.0,1.001790949908513,1.001790949908513,0.0,0,2025
2025-06-07 00:00:00+00:00,0.0,1.001790949908513,1.001790949908513,0.0,0,2025
2025-06-08 00:00:00+00:00,0.0,1.001790949908513,1.001790949908513,0.0,0,2025
2025-06-09 00:00:00+00:00,0.0,1.001790949908513,1.001790949908513,0.0,0,2025
2025-06-10 00:00:00+00:00,0.0,1.001790949908513,1.001790949908513,0.0,0,2025
2025-06-11 00:00:00+00:00,-0.0006828259521883817,1.001106901049248,1.0017057107693392,0.03649938997543374,1,2025
2025-06-12 00:00:00+00:00,-0.0017064919536509127,0.999398520177863,1.0016982660544074,0.034859822511885546,1,2025
2025-06-13 00:00:00+00:00,-0.0012744319237744106,0.9981248547991755,0.9981248547991755,0.0,0,2025
2025-06-14 00:00:00+00:00,0.0,0.9981248547991755,0.9981248547991755,0.0,0,2025
2025-06-15 00:00:00+00:00,0.0,0.9981248547991755,0.9981248547991755,0.0,0,2025
2025-06-16 00:00:00+00:00,0.0,0.9981248547991755,0.9981248547991755,0.0,0,2025
2025-06-17 00:00:00+00:00,0.0,0.9981248547991755,0.9981248547991755,0.0,0,2025
2025-06-18 00:00:00+00:00,0.0,0.9981248547991755,0.9981248547991755,0.0,0,2025
2025-06-19 00:00:00+00:00,0.0,0.9981248547991755,0.9981248547991755,0.0,0,2025
2025-06-20 00:00:00+00:00,0.0,0.9981248547991755,0.9981248547991755,0.0,0,2025
2025-06-21 00:00:00+00:00,0.0,0.9981248547991755,0.9981248547991755,0.0,0,2025
2025-06-22 00:00:00+00:00,0.0,0.9981248547991755,0.9981248547991755,0.0,0,2025
2025-06-23 00:00:00+00:00,0.0,0.9981248547991755,0.9981248547991755,0.0,0,2025
2025-06-24 00:00:00+00:00,0.0,0.9981248547991755,0.9981248547991755,0.0,0,2025
2025-06-25 00:00:00+00:00,0.0,0.9981248547991755,0.9981248547991755,0.0,0,2025
2025-06-26 00:00:00+00:00,0.0,0.9981248547991755,0.9981248547991755,0.0,0,2025
2025-06-27 00:00:00+00:00,0.0,0.9981248547991755,0.9981248547991755,0.0,0,2025
2025-06-28 00:00:00+00:00,0.0,0.9981248547991755,0.9981248547991755,0.0,0,2025
2025-06-29 00:00:00+00:00,0.0,0.9981248547991755,0.9981248547991755,0.0,0,2025
2025-06-30 00:00:00+00:00,0.0,0.9981248547991755,0.9981248547991755,0.0,0,2025
2025-07-01 00:00:00+00:00,0.0,0.9981248547991755,0.9981248547991755,0.0,0,2025
2025-07-02 00:00:00+00:00,0.0,0.9981248547991755,0.9981248547991755,0.0,0,2025
2025-07-03 00:00:00+00:00,0.0,0.9981248547991755,0.9981248547991755,0.0,0,2025
2025-07-04 00:00:00+00:00,0.0,0.9981248547991755,0.9981248547991755,0.0,0,2025
2025-07-05 00:00:00+00:00,0.0,0.9981248547991755,0.9981248547991755,0.0,0,2025
2025-07-06 00:00:00+00:00,0.0,0.9981248547991755,0.9981248547991755,0.0,0,2025
2025-07-07 00:00:00+00:00,0.0,0.9981248547991755,0.9981248547991755,0.0,0,2025
2025-07-08 00:00:00+00:00,0.0,0.9981248547991755,0.9981248547991755,0.0,0,2025
2025-07-09 00:00:00+00:00,0.0,0.9981248547991755,0.9981248547991755,0.0,0,2025
2025-07-10 00:00:00+00:00,0.0,0.9981248547991755,0.9981248547991755,0.0,0,2025
2025-07-11 00:00:00+00:00,0.0007879128631520516,0.9989112902113035,0.9978687260959739,0.11238924249987105,2,2025
2025-07-12 00:00:00+00:00,-0.00029429562081584315,0.9986173149930109,0.9978382160543035,0.11215849792828683,2,2025
2025-07-13 00:00:00+00:00,0.0013818879296010333,0.9999972922068904,0.997809625652104,0.1134122927678989,2,2025
2025-07-14 00:00:00+00:00,0.001183574673032206,1.0011808636750472,0.9984482167971095,0.09917671151633627,2,2025
2025-07-15 00:00:00+00:00,-0.00047513602804682975,1.0007051665761242,0.9983025140470394,0.0402828640076401,1,2025
2025-07-16 00:00:00+00:00,0.0025808808988327936,1.0032878674259038,0.998971649456538,0.0345295833632709,1,2025
2025-07-17 00:00:00+00:00,0.0024862590207082036,1.0057823009366587,1.000840684278933,0.11571023692484829,2,2025
2025-07-18 00:00:00+00:00,0.0029371354237361924,1.0087364197613067,1.0035230601728784,0.06979956156067721,2,2025
2025-07-19 00:00:00+00:00,0.0003560345497228834,1.0090955647783055,1.0046476004133955,0.102285430567397,2,2025
2025-07-20 00:00:00+00:00,0.0036241138899917313,1.0127526420309476,1.0046393604773292,0.10553523839875795,2,2025
2025-07-21 00:00:00+00:00,0.0008903360825742723,1.0136543322508702,1.0052911407097507,0.08994022752226784,2,2025
2025-07-22 00:00:00+00:00,0.0037070088601334206,1.0174119578416367,1.005180773933103,0.13408311980041046,3,2025
2025-07-23 00:00:00+00:00,-0.00459124080979334,1.0127407745404224,1.007192691890559,0.10445972008141673,3,2025
2025-07-24 00:00:00+00:00,-0.0017482325801173593,1.0109702681231576,1.0088540880042947,0.0617742842520839,2,2025
2025-07-25 00:00:00+00:00,-0.0007793275876482042,1.010182391102917,1.0052131491094438,0.023682407264370816,1,2025
2025-07-26 00:00:00+00:00,9.352979215337953e-05,1.010276873251994,1.0052059415372883,0.02378084776036951,1,2025
2025-07-27 00:00:00+00:00,0.000829011841144478,1.0111144047427543,1.0051989280090687,0.024596411069759003,1,2025
2025-07-28 00:00:00+00:00,-0.0018491999501557554,1.0092446520359022,1.0050688826091894,0.07483691813440803,2,2025
2025-07-29 00:00:00+00:00,-0.001187949426950996,1.0080457204298627,1.0050560461415652,0.07374929802973867,2,2025
2025-07-30 00:00:00+00:00,-0.0011157893856136303,1.0069209537147938,1.001408895458266,0.024298200340540095,1,2025
2025-07-31 00:00:00+00:00,-0.0007183987959906712,1.0061975829139873,1.0014055752482973,0.023600053183234458,1,2025
2025-08-01 00:00:00+00:00,-0.001342218010880858,1.0048470463956953,1.0014050773790413,0.02228824565978439,1,2025
2025-08-02 00:00:00+00:00,-0.0006040568671916713,1.0042400616368428,1.0014019355637052,0.02170042374284444,1,2025
2025-08-03 00:00:00+00:00,0.0006525440441549346,1.0048953725079657,1.001398286763063,0.02234202202841437,1,2025
2025-08-04 00:00:00+00:00,0.001433087980435399,1.006335475987902,1.0013967473346597,0.023742616679302643,1,2025
2025-08-05 00:00:00+00:00,-0.0006983285599326816,1.0056327231841462,1.0013956728789921,0.023061460287056995,1,2025
2025-08-06 00:00:00+00:00,0.0004497028181171814,1.006084959053753,1.001391686133189,0.02350455745479702,1,2025
2025-08-07 00:00:00+00:00,0.001445491296556467,1.0075392461056616,1.0013865361815075,0.024919147145006766,1,2025
2025-08-08 00:00:00+00:00,0.0007702269447789067,1.0083152799809343,1.0083152799809343,0.0,0,2025
2025-08-09 00:00:00+00:00,0.0021579597870400313,1.0104911838077912,1.0082312691961381,0.038091941750354213,1,2025
2025-08-10 00:00:00+00:00,-0.00010375595295031292,1.0103863393320673,1.0082197819864238,0.03800349683293123,1,2025
2025-08-11 00:00:00+00:00,-0.00025627630073687957,1.0101274012587083,1.0082090133733383,0.037767557378436956,1,2025
2025-08-12 00:00:00+00:00,0.0029274158248076,1.0130844641982248,1.0088891169961005,0.03275212851017691,1,2025
2025-08-13 00:00:00+00:00,0.0011249834492532695,1.0142241674531434,1.0088788177935943,0.033849198354953244,1,2025
2025-08-14 00:00:00+00:00,-0.004664285121107725,1.0094935367594238,1.0070704954632135,0.020345716836129454,1,2025
2025-08-15 00:00:00+00:00,-0.0006968953376286224,1.00879002542029,1.00879002542029,0.0,0,2025
2025-08-16 00:00:00+00:00,0.0,1.00879002542029,1.00879002542029,0.0,0,2025
2025-08-17 00:00:00+00:00,0.0,1.00879002542029,1.00879002542029,0.0,0,2025
2025-08-18 00:00:00+00:00,0.0,1.00879002542029,1.00879002542029,0.0,0,2025
2025-08-19 00:00:00+00:00,0.0,1.00879002542029,1.00879002542029,0.0,0,2025
2025-08-20 00:00:00+00:00,0.0,1.00879002542029,1.00879002542029,0.0,0,2025
2025-08-21 00:00:00+00:00,0.0,1.00879002542029,1.00879002542029,0.0,0,2025
2025-08-22 00:00:00+00:00,0.0,1.00879002542029,1.00879002542029,0.0,0,2025
2025-08-23 00:00:00+00:00,-0.001607956459043769,1.0071679349830964,1.0085903243504704,0.07838168195003399,2,2025
2025-08-24 00:00:00+00:00,-0.0002197804221798494,1.0069465791891399,1.008570041252546,0.07819922693167508,2,2025
2025-08-25 00:00:00+00:00,-0.005079263268121137,1.0018320324165042,1.0049452552843166,0.029802267232698274,1,2025
2025-08-26 00:00:00+00:00,-0.0004759788678027066,1.0013551815399861,1.0013551815399861,0.0,0,2025
2025-08-27 00:00:00+00:00,0.0,1.0013551815399861,1.0013551815399861,0.0,0,2025
2025-08-28 00:00:00+00:00,0.0,1.0013551815399861,1.0013551815399861,0.0,0,2025
2025-08-29 00:00:00+00:00,-0.001207281186176301,1.0001462642686327,1.0012963718712464,0.02529126392308586,1,2025
2025-08-30 00:00:00+00:00,-0.00029510561372347865,0.9998511154915025,1.0012961541209668,0.025003754776196277,1,2025
2025-08-31 00:00:00+00:00,-0.0002543362521668646,0.9995968171060635,1.001291127984163,0.024760742963824828,1,2025
2025-09-01 00:00:00+00:00,-0.0004165129616624519,0.9991804720753024,1.0012881799994058,0.024357324317265686,1,2025
2025-09-02 00:00:00+00:00,0.0015152340042419166,1.0006944643029654,1.0012818583146008,0.02583973195084673,1,2025
2025-09-03 00:00:00+00:00,0.000131829863278643,1.000826385717378,1.0012768033943673,0.025973189184354144,1,2025
2025-09-04 00:00:00+00:00,-0.0010422940621491739,0.9997832303183026,1.0012726937049494,0.02496101813923021,1,2025
2025-09-05 00:00:00+00:00,0.00013152737022559258,0.999914729177382,1.0012721523135142,0.025089787024566896,1,2025
2025-09-06 00:00:00+00:00,-0.00040495636893600473,0.9995098073394088,1.0012670532901835,0.024699932508778336,1,2025
2025-09-07 00:00:00+00:00,0.0007667207446817592,1.0002761522432086,1.0012646030905195,0.02544959192471062,1,2025
2025-09-08 00:00:00+00:00,0.0009457139419208893,1.0012221273461561,1.001256679935076,0.02637828052702378,1,2025
2025-09-09 00:00:00+00:00,0.00037310938621670786,1.0015956927195568,1.0012489328093268,0.026749147224669523,1,2025
2025-09-10 00:00:00+00:00,0.0008349775185798602,1.002432002605684,1.0012424063300192,0.02756762247988148,1,2025
2025-09-11 00:00:00+00:00,0.000572617101698869,1.0030060123136664,1.0012388941946289,0.02812763683029147,1,2025
2025-09-12 00:00:00+00:00,0.0016579425368581369,1.0046689386462058,1.0019274375196319,0.023786500004580588,1,2025
2025-09-13 00:00:00+00:00,0.0005145331570572953,1.0051858741270048,1.001751605685061,0.09581675005386761,2,2025
2025-09-14 00:00:00+00:00,-0.0008364993415328481,1.0043450368051794,1.0017421207651018,0.09506921203172228,2,2025
2025-09-15 00:00:00+00:00,-0.0010538283239174273,1.0032866295584082,1.001740975467496,0.09411570584712672,2,2025
2025-09-16 00:00:00+00:00,0.0030500376357165404,1.0063466915379726,1.0017357278051684,0.09687550003346695,2,2025
2025-09-17 00:00:00+00:00,0.003075474479170781,1.0094416851049957,1.0023865553559905,0.08478928748727022,2,2025
2025-09-18 00:00:00+00:00,-0.0003266220546863652,1.0091119791877206,1.0023609973998686,0.08451558899092547,2,2025
2025-09-19 00:00:00+00:00,-0.0007206363599173704,1.0083847764042897,1.0023489733005777,0.08386730598638288,2,2025
2025-09-20 00:00:00+00:00,0.0030821169092827283,1.0114927361747086,1.0044146469666972,0.0633675387056755,2,2025
2025-09-21 00:00:00+00:00,-0.00017367387304134674,1.011317066313664,1.0044135016118032,0.06320597440020291,2,2025
2025-09-22 00:00:00+00:00,-0.0042643838873427375,1.0070044221110812,1.0043691423163679,0.03822916589474498,1,2025
2025-09-23 00:00:00+00:00,-0.0009474043244431796,1.0060503817668398,1.0060503817668398,0.0,0,2025
2025-09-24 00:00:00+00:00,0.0,1.0060503817668398,1.0060503817668398,0.0,0,2025
2025-09-25 00:00:00+00:00,0.0,1.0060503817668398,1.0060503817668398,0.0,0,2025
2025-09-26 00:00:00+00:00,0.0,1.0060503817668398,1.0060503817668398,0.0,0,2025
2025-09-27 00:00:00+00:00,0.0,1.0060503817668398,1.0060503817668398,0.0,0,2025
2025-09-28 00:00:00+00:00,0.0,1.0060503817668398,1.0060503817668398,0.0,0,2025
2025-09-29 00:00:00+00:00,0.0,1.0060503817668398,1.0060503817668398,0.0,0,2025
2025-09-30 00:00:00+00:00,0.0,1.0060503817668398,1.0060503817668398,0.0,0,2025
2025-10-01 00:00:00+00:00,0.0,1.0060503817668398,1.0060503817668398,0.0,0,2025
2025-10-02 00:00:00+00:00,0.0,1.0060503817668398,1.0060503817668398,0.0,0,2025
2025-10-03 00:00:00+00:00,0.003715537347344089,1.0097883995336043,1.0066333747921175,0.03738745345551372,1,2025
2025-10-04 00:00:00+00:00,-0.0012288326801800364,1.0085475385481908,1.0066271852299657,0.03620924544299363,1,2025
2025-10-05 00:00:00+00:00,0.0005178020576264153,1.009069766538865,1.0066254786737023,0.03670973121929276,1,2025
2025-10-06 00:00:00+00:00,0.001755645589672561,1.010841335424161,1.0066213153990078,0.03840208221684761,1,2025
2025-10-07 00:00:00+00:00,0.002087520940866172,1.012951487879752,1.0087012591587177,0.02554339873071188,1,2025
2025-10-08 00:00:00+00:00,2.9548491250031006e-05,1.0129814190679285,1.0087012591587177,0.02557219160228208,1,2025
2025-10-09 00:00:00+00:00,-0.0009917041645524094,1.0119768411760246,1.0087012591587177,0.02460488820783374,1,2025
2025-10-10 00:00:00+00:00,-0.001543279403305009,1.010415078160416,1.010415078160416,0.0,0,2025
2025-10-11 00:00:00+00:00,0.0,1.010415078160416,1.010415078160416,0.0,0,2025
2025-10-12 00:00:00+00:00,0.0,1.010415078160416,1.010415078160416,0.0,0,2025
2025-10-13 00:00:00+00:00,0.0,1.010415078160416,1.010415078160416,0.0,0,2025
2025-10-14 00:00:00+00:00,0.0,1.010415078160416,1.010415078160416,0.0,0,2025
2025-10-15 00:00:00+00:00,0.0,1.010415078160416,1.010415078160416,0.0,0,2025
2025-10-16 00:00:00+00:00,0.0,1.010415078160416,1.010415078160416,0.0,0,2025
2025-10-17 00:00:00+00:00,0.0,1.010415078160416,1.010415078160416,0.0,0,2025
2025-10-18 00:00:00+00:00,0.0,1.010415078160416,1.010415078160416,0.0,0,2025
2025-10-19 00:00:00+00:00,0.0,1.010415078160416,1.010415078160416,0.0,0,2025
2025-10-20 00:00:00+00:00,0.0,1.010415078160416,1.010415078160416,0.0,0,2025
2025-10-21 00:00:00+00:00,0.0,1.010415078160416,1.010415078160416,0.0,0,2025
2025-10-22 00:00:00+00:00,0.0,1.010415078160416,1.010415078160416,0.0,0,2025
2025-10-23 00:00:00+00:00,0.0,1.010415078160416,1.010415078160416,0.0,0,2025
2025-10-24 00:00:00+00:00,0.0,1.010415078160416,1.010415078160416,0.0,0,2025
2025-10-25 00:00:00+00:00,0.0,1.010415078160416,1.010415078160416,0.0,0,2025
2025-10-26 00:00:00+00:00,0.0,1.010415078160416,1.010415078160416,0.0,0,2025
2025-10-27 00:00:00+00:00,0.0,1.010415078160416,1.010415078160416,0.0,0,2025
2025-10-28 00:00:00+00:00,0.0,1.010415078160416,1.010415078160416,0.0,0,2025
2025-10-29 00:00:00+00:00,0.0,1.010415078160416,1.010415078160416,0.0,0,2025
2025-10-30 00:00:00+00:00,0.0,1.010415078160416,1.010415078160416,0.0,0,2025
2025-10-31 00:00:00+00:00,0.0,1.010415078160416,1.010415078160416,0.0,0,2025
2025-11-01 00:00:00+00:00,0.0,1.010415078160416,1.010415078160416,0.0,0,2025
2025-11-02 00:00:00+00:00,0.0,1.010415078160416,1.010415078160416,0.0,0,2025
2025-11-03 00:00:00+00:00,0.0,1.010415078160416,1.010415078160416,0.0,0,2025
2025-11-04 00:00:00+00:00,0.0,1.010415078160416,1.010415078160416,0.0,0,2025
2025-11-05 00:00:00+00:00,-0.00236295618749216,1.0080275115995414,1.0102746894773156,0.0757724429557619,2,2025
2025-11-06 00:00:00+00:00,0.0020713273961308065,1.010115466600371,1.0102851024905333,0.07355908070883864,2,2025
2025-11-07 00:00:00+00:00,-0.001892723077985936,1.008203597745306,1.0102993694998395,0.0756090348891329,2,2025
2025-11-08 00:00:00+00:00,0.0007701129280781593,1.0089800283700647,1.0103126387574042,0.07479448305036356,2,2025
2025-11-09 00:00:00+00:00,-0.0025828414212084594,1.0063739929596185,1.010321910573168,0.07758690844808355,2,2025
2025-11-10 00:00:00+00:00,-0.0004543253075055542,1.0059167717858015,1.0103383855892898,0.07809308408962125,2,2025
2025-11-11 00:00:00+00:00,0.002602331512373768,1.008534500699845,1.0103420919203634,0.07529848548618005,2,2025
2025-11-12 00:00:00+00:00,0.0006701511210747135,1.0092103712261316,1.010348188045915,0.07458439608688719,2,2025
2025-11-13 00:00:00+00:00,0.002416371096482184,1.0116489979974324,1.0103615897918736,0.07200730804990815,2,2025
2025-11-14 00:00:00+00:00,0.00332245332972958,1.0150101545793466,1.0103761552952735,0.06847175828252709,2,2025
2025-11-15 00:00:00+00:00,-0.0010344534050735765,1.0139601738687578,1.0103545470618416,0.08875057592989177,3,2025
2025-11-16 00:00:00+00:00,0.001582039031279736,1.0155642984399813,1.0110645165624936,0.07851117860095412,3,2025
2025-11-17 00:00:00+00:00,0.0021492358540651235,1.017746985642297,1.0110856800353727,0.07621896933173632,3,2025
2025-11-18 00:00:00+00:00,-0.002342845028237339,1.0153625621769813,1.0111044472330009,0.07876478799613378,3,2025
2025-11-19 00:00:00+00:00,0.0018318656682394518,1.017222569995449,1.0111171385325453,0.0768047256663873,3,2025
2025-11-20 00:00:00+00:00,0.0038088039476558144,1.021096971335692,1.0139273295575757,0.05636630381321078,3,2025
2025-11-21 00:00:00+00:00,0.0014718125640449387,1.0225998346872123,1.0139285784910232,0.05481503691825836,3,2025
2025-11-22 00:00:00+00:00,0.0002173847534234774,1.0228221323001268,1.0139311285802188,0.05458827923649406,3,2025
2025-11-23 00:00:00+00:00,-0.0010946723422466942,1.02170247720086,1.0139328175138556,0.055745626022370875,3,2025
2025-11-24 00:00:00+00:00,-0.0023866442567185286,1.0192640368515735,1.0139373285859568,0.05827576905885324,3,2025
2025-11-25 00:00:00+00:00,9.550022602189401e-05,1.0193613767974687,1.0139348652130658,0.05817229655009018,3,2025
2025-11-26 00:00:00+00:00,-0.00169446592861211,1.0176341036755423,1.0139380307594557,0.059971487542191323,3,2025
2025-11-27 00:00:00+00:00,0.00018390529665768263,1.0178212519772678,1.0139420015344078,0.059780490263994304,3,2025
2025-11-28 00:00:00+00:00,0.000474692464244475,1.0183044040555294,1.0139398737472933,0.05927556960231492,3,2025
2025-11-29 00:00:00+00:00,0.0004912087024477874,1.0188046040405423,1.0139407488032814,0.05875635859173097,3,2025
2025-11-30 00:00:00+00:00,0.0004355442433638945,1.0192483385209448,1.0139508352666387,0.05830532009412359,3,2025
2025-12-01 00:00:00+00:00,0.003120553495637779,1.0224289574866392,1.013954720616478,0.05501689540884054,3,2025
2025-12-02 00:00:00+00:00,-0.0040650645870082824,1.0182727177388284,1.0139588133629571,0.05932713158165622,3,2025
2025-12-03 00:00:00+00:00,-0.002688844033818305,1.0155347412169364,1.015691524922094,0.04084180985864545,2,2025
2025-12-04 00:00:00+00:00,0.0011525096921327638,1.0167051548488866,1.0157022293471718,0.039654139065273875,2,2025
2025-12-05 00:00:00+00:00,0.0015277331606409206,1.0182584090285438,1.0157081851304537,0.038074096770161284,2,2025
2025-12-06 00:00:00+00:00,4.3691030519932283e-05,1.01830289778777,1.0157087371022204,0.038029286275285484,2,2025
2025-12-07 00:00:00+00:00,-0.00014255951698083358,1.018157729018521,1.0157101489042286,0.03817867495211421,2,2025
2025-12-08 00:00:00+00:00,-0.0005618381943401918,1.0175856891184958,1.0157149497765634,0.03876700918692574,2,2025
2025-12-09 00:00:00+00:00,-0.0017380217881781679,1.0158171030194696,1.015674126356373,0.01901786280668117,1,2025
2025-12-10 00:00:00+00:00,0.0002290062262739756,1.0160497314608166,1.015676870751173,0.018787255844172842,1,2025
2025-12-11 00:00:00+00:00,-2.8962812996691234e-05,1.016020303802449,1.015672674268646,0.01881263332992848,1,2025
2025-12-12 00:00:00+00:00,0.0005806696315255877,1.0166102759378803,1.0156781241637716,0.018226743944524587,1,2025
2025-12-13 00:00:00+00:00,-0.00011936452194549751,1.0164889287382881,1.0156759241834263,0.01834613430889675,1,2025
2025-12-14 00:00:00+00:00,0.0005120216151273116,1.0170093930413397,1.0156735424537824,0.01782264402026703,1,2025
2025-12-15 00:00:00+00:00,0.00021686674915688542,1.0172299485622707,1.015672624320113,0.017601057409043965,1,2025
2025-12-16 00:00:00+00:00,-0.00018970552673491792,1.0170369744190682,1.0156702857277058,0.01779183916491766,1,2025
2025-12-17 00:00:00+00:00,0.0008181029738278944,1.0178690153923333,1.0156725013622154,0.016962038016481246,1,2025
2025-12-18 00:00:00+00:00,0.00049731414000731,1.0183752160463633,1.0156698733034613,0.01645395916757667,1,2025
2025-12-19 00:00:00+00:00,-0.000917018091731503,1.0174413475490778,1.015672361776258,0.017389367195269848,1,2025
2025-12-20 00:00:00+00:00,7.026098939855174e-05,1.0175128339848116,1.015676565076417,0.017322020389247895,1,2025
2025-12-21 00:00:00+00:00,-2.743032051621963e-05,1.017484923281646,1.0156794924770565,0.017352803718669024,1,2025
2025-12-22 00:00:00+00:00,1.4702642122443876e-05,1.0174998829983382,1.0156818366058284,0.01734014997672483,1,2025
2025-12-23 00:00:00+00:00,0.0002625195673997549,1.0177669966274523,1.0156798176926434,0.01707116470446124,1,2025
2025-12-24 00:00:00+00:00,0.0002027166762732513,1.0179733149702292,1.0156814831647138,0.016866665272053463,1,2025
2025-12-25 00:00:00+00:00,0.0003535492787538619,1.0183332187015277,1.0156853469702625,0.016511074101240534,1,2025
2025-12-26 00:00:00+00:00,-0.00030861747184962596,1.0180189432780715,1.0156892647087952,0.016828732420792594,1,2025
2025-12-27 00:00:00+00:00,-0.00033382856660602034,1.0176790994734592,1.0156928452420124,0.01717181058606381,1,2025
2025-12-28 00:00:00+00:00,-6.920472443594505e-05,1.017608671271816,1.0156981105678908,0.017247382767621614,1,2025
2025-12-29 00:00:00+00:00,0.00028030164354375664,1.0178939086548577,1.0157001980887221,0.016964377379647427,1,2025
2025-12-30 00:00:00+00:00,-0.0002374862715969206,1.01765217282561,1.0157009618939419,0.017206700384389033,1,2025
2025-12-31 00:00:00+00:00,1.49211486699663e-05,1.017667357364975,1.017667357364975,0.0,0,2025
2026-01-01 00:00:00+00:00,0.0,1.0,1.0,0.0,0,2026
2026-01-02 00:00:00+00:00,0.0,1.0,1.0,0.0,0,2026
2026-01-03 00:00:00+00:00,0.0,1.0,1.0,0.0,0,2026
2026-01-04 00:00:00+00:00,0.0,1.0,1.0,0.0,0,2026
2026-01-05 00:00:00+00:00,0.0,1.0,1.0,0.0,0,2026
2026-01-06 00:00:00+00:00,0.0,1.0,1.0,0.0,0,2026
2026-01-07 00:00:00+00:00,0.0,1.0,1.0,0.0,0,2026
2026-01-08 00:00:00+00:00,0.0,1.0,1.0,0.0,0,2026
2026-01-09 00:00:00+00:00,0.0,1.0,1.0,0.0,0,2026
2026-01-10 00:00:00+00:00,0.0,1.0,1.0,0.0,0,2026
2026-01-11 00:00:00+00:00,0.0,1.0,1.0,0.0,0,2026
2026-01-12 00:00:00+00:00,0.0,1.0,1.0,0.0,0,2026
2026-01-13 00:00:00+00:00,0.0,1.0,1.0,0.0,0,2026
2026-01-14 00:00:00+00:00,0.0,1.0,1.0,0.0,0,2026
2026-01-15 00:00:00+00:00,0.0,1.0,1.0,0.0,0,2026
2026-01-16 00:00:00+00:00,0.0,1.0,1.0,0.0,0,2026
2026-01-17 00:00:00+00:00,0.0,1.0,1.0,0.0,0,2026
2026-01-18 00:00:00+00:00,0.0,1.0,1.0,0.0,0,2026
2026-01-19 00:00:00+00:00,0.0,1.0,1.0,0.0,0,2026
2026-01-20 00:00:00+00:00,0.0,1.0,1.0,0.0,0,2026
2026-01-21 00:00:00+00:00,0.0,1.0,1.0,0.0,0,2026
2026-01-22 00:00:00+00:00,0.0,1.0,1.0,0.0,0,2026
2026-01-23 00:00:00+00:00,0.0,1.0,1.0,0.0,0,2026
2026-01-24 00:00:00+00:00,0.0,1.0,1.0,0.0,0,2026
2026-01-25 00:00:00+00:00,0.0,1.0,1.0,0.0,0,2026
2026-01-26 00:00:00+00:00,0.0,1.0,1.0,0.0,0,2026
2026-01-27 00:00:00+00:00,0.0,1.0,1.0,0.0,0,2026
2026-01-28 00:00:00+00:00,0.0,1.0,1.0,0.0,0,2026
2026-01-29 00:00:00+00:00,0.0,1.0,1.0,0.0,0,2026
2026-01-30 00:00:00+00:00,0.0,1.0,1.0,0.0,0,2026
2026-01-31 00:00:00+00:00,0.003179895509374031,1.003179895509374,1.000615537581858,0.02453671796004776,1,2026
2026-02-01 00:00:00+00:00,0.0049568641761810195,1.0081525219956895,1.0003602367693873,0.1318739186324853,4,2026
2026-02-02 00:00:00+00:00,-0.003531030914874056,1.0045927042736145,1.0003412744227353,0.13586588718948403,4,2026
2026-02-03 00:00:00+00:00,0.005759773248484867,1.0103789304573128,1.002411576694424,0.12132259382147648,4,2026
2026-02-04 00:00:00+00:00,0.006360006821124031,1.0168049473469412,1.004457572216836,0.0939111574041123,4,2026
2026-02-05 00:00:00+00:00,0.011717626631621902,1.0287194880771386,1.0086269721487442,0.05967188436195512,4,2026
2026-02-06 00:00:00+00:00,-0.005874595679070338,1.0226761770175052,1.0106929590230536,0.060414846209810136,4,2026
2026-02-07 00:00:00+00:00,0.0004590266635631224,1.023145612650947,1.0106793721428171,0.05991503133599844,4,2026
2026-02-08 00:00:00+00:00,-5.2678059617505824e-05,1.0230917153253665,1.010665783070945,0.05995758618519457,4,2026
2026-02-09 00:00:00+00:00,6.681688903786842e-05,1.0231600751309848,1.0106596329757593,0.05988075696594368,4,2026
2026-02-10 00:00:00+00:00,0.0017613851282094473,1.0249622540710983,1.0106476289310045,0.05800546954305973,4,2026
2026-02-11 00:00:00+00:00,0.0017215928711076245,1.0267268217808616,1.0106405824487676,0.05618028222858494,4,2026
2026-02-12 00:00:00+00:00,0.00011587426053449867,1.0268457929921064,1.010635978845569,0.05605342905203468,4,2026
2026-02-13 00:00:00+00:00,-0.0021560809931606695,1.024631830294929,1.0106354177193881,0.05833473800892474,4,2026
2026-02-14 00:00:00+00:00,-0.0013204761941802978,1.0232788283552252,1.0106344701242604,0.05973316561106189,4,2026
2026-02-15 00:00:00+00:00,0.0011081169260058754,1.024412740944949,1.0123657154478702,0.04770620341810482,3,2026
2026-02-16 00:00:00+00:00,-0.0005389206016724879,1.023860663814238,1.0123629405206926,0.04826842807208192,3,2026
2026-02-17 00:00:00+00:00,0.0006825667945000724,1.0245595171055524,1.01236573374178,0.04755612916912164,3,2026
2026-02-18 00:00:00+00:00,0.0008711253685425024,1.0254520368924847,1.01236656288227,0.04664517926692402,3,2026
2026-02-19 00:00:00+00:00,-0.00020108099149751535,1.0252458379801732,1.012361910954722,0.046851144667777296,3,2026
2026-02-20 00:00:00+00:00,-0.0008984838124467265,1.0243246711909697,1.0123612191269806,0.04779189393123669,3,2026
2026-02-21 00:00:00+00:00,-5.001716544605905e-06,1.0243195478093148,1.012364953309573,0.047800780240572036,3,2026
2026-02-22 00:00:00+00:00,0.00047713229769374976,1.0248082837487336,1.0123661873763152,0.04730228326312403,3,2026
2026-02-23 00:00:00+00:00,0.001951530219417963,1.026808228083579,1.0123617135715546,0.04525806505797669,3,2026
2026-02-24 00:00:00+00:00,0.0005358815316636178,1.0273584756495693,1.012361943641027,0.04469845451279296,3,2026
2026-02-25 00:00:00+00:00,-0.003585183209824927,1.023675207292199,1.0123632363768316,0.04845862909637693,3,2026
2026-02-26 00:00:00+00:00,0.00042595642100096143,1.0241112483197647,1.0123645661627196,0.048013520039278806,3,2026
2026-02-27 00:00:00+00:00,0.0013700903701319156,1.0255143732790315,1.0123616110531886,0.04657672980450526,3,2026
2026-02-28 00:00:00+00:00,-0.0006070495540539955,1.0248918352360565,1.0123577120245877,0.04720863531719346,3,2026
2026-03-01 00:00:00+00:00,0.00045571656347220824,1.025358895421141,1.0123598247500198,0.04673368285345026,3,2026
2026-03-02 00:00:00+00:00,-0.0019165341014237836,1.0233937601318681,1.0123567960650257,0.04874067634282533,3,2026
2026-03-03 00:00:00+00:00,0.0005329533228835004,1.0239391812369487,1.0123564048351326,0.04818166215622551,3,2026
2026-03-04 00:00:00+00:00,-0.00276544488839936,1.0211075338621651,1.0140709478015344,0.030835560245394803,2,2026
2026-03-05 00:00:00+00:00,0.0002945292556932877,1.0214082799040964,1.017431104205053,0.01273708282102471,1,2026
2026-03-06 00:00:00+00:00,0.0005800306463206173,1.0220007280088463,1.0174301276601319,0.012149049276841978,1,2026
2026-03-07 00:00:00+00:00,5.595889504439455e-05,1.0220579180403202,1.0174291178767256,0.012091425713293481,1,2026
2026-03-08 00:00:00+00:00,0.0001966446996382043,1.0222589003126261,1.0174265577543815,0.01188993805023429,1,2026
2026-03-09 00:00:00+00:00,-0.0003476079718857106,1.0219035549695463,1.017424743325637,0.012240025831719348,1,2026
2026-03-10 00:00:00+00:00,-0.00026335464018012456,1.0216344319265285,1.017426277674148,0.01250817601926815,1,2026
2026-03-11 00:00:00+00:00,-9.554927326371754e-05,1.0215368154990168,1.0174266026826804,0.012605247840857986,1,2026
2026-03-12 00:00:00+00:00,-0.00013375903860812777,1.0214001757166729,1.017425636902446,0.012739765519332508,1,2026
2026-03-13 00:00:00+00:00,-0.00011260909350374604,1.0212851567687808,1.01742620140568,0.012854374808204286,1,2026
2026-03-14 00:00:00+00:00,-2.6676043319184828e-05,1.0212579129216977,1.0174257031045935,0.012880906547420587,1,2026
2026-03-15 00:00:00+00:00,-0.0005069095763271525,1.0207402275057378,1.017425726074286,0.01339462848076476,1,2026
2026-03-16 00:00:00+00:00,-0.0010662260093904363,1.01965188772634,1.0174293705238058,0.014479863696080059,1,2026
2026-03-17 00:00:00+00:00,-2.895972739225261e-05,1.0196223588856366,1.0196223588856366,0.0,0,2026
2026-03-18 00:00:00+00:00,0.0,1.0196223588856366,1.0196223588856366,0.0,0,2026
2026-03-19 00:00:00+00:00,0.0,1.0196223588856366,1.0196223588856366,0.0,0,2026
2026-03-20 00:00:00+00:00,0.0,1.0196223588856366,1.0196223588856366,0.0,0,2026
2026-03-21 00:00:00+00:00,0.0,1.0196223588856366,1.0196223588856366,0.0,0,2026
2026-03-22 00:00:00+00:00,0.0,1.0196223588856366,1.0196223588856366,0.0,0,2026
2026-03-23 00:00:00+00:00,0.0,1.0196223588856366,1.0196223588856366,0.0,0,2026
2026-03-24 00:00:00+00:00,0.0,1.0196223588856366,1.0196223588856366,0.0,0,2026
2026-03-25 00:00:00+00:00,0.0,1.0196223588856366,1.0196223588856366,0.0,0,2026
2026-03-26 00:00:00+00:00,0.0,1.0196223588856366,1.0196223588856366,0.0,0,2026
2026-03-27 00:00:00+00:00,0.0,1.0196223588856366,1.0196223588856366,0.0,0,2026
2026-03-28 00:00:00+00:00,0.0,1.0196223588856366,1.0196223588856366,0.0,0,2026
2026-03-29 00:00:00+00:00,0.0,1.0196223588856366,1.0196223588856366,0.0,0,2026
2026-03-30 00:00:00+00:00,0.0,1.0196223588856366,1.0196223588856366,0.0,0,2026
2026-03-31 00:00:00+00:00,0.0,1.0196223588856366,1.0196223588856366,0.0,0,2026
2026-04-01 00:00:00+00:00,0.0,1.0196223588856366,1.0196223588856366,0.0,0,2026
2026-04-02 00:00:00+00:00,0.0,1.0196223588856366,1.0196223588856366,0.0,0,2026
2026-04-03 00:00:00+00:00,0.0,1.0196223588856366,1.0196223588856366,0.0,0,2026
2026-04-04 00:00:00+00:00,0.0,1.0196223588856366,1.0196223588856366,0.0,0,2026
2026-04-05 00:00:00+00:00,0.0,1.0196223588856366,1.0196223588856366,0.0,0,2026
2026-04-06 00:00:00+00:00,0.0,1.0196223588856366,1.0196223588856366,0.0,0,2026
2026-04-07 00:00:00+00:00,0.0,1.0196223588856366,1.0196223588856366,0.0,0,2026
2026-04-08 00:00:00+00:00,0.0,1.0196223588856366,1.0196223588856366,0.0,0,2026
2026-04-09 00:00:00+00:00,0.0,1.0196223588856366,1.0196223588856366,0.0,0,2026
2026-04-10 00:00:00+00:00,0.0,1.0196223588856366,1.0196223588856366,0.0,0,2026
2026-04-11 00:00:00+00:00,0.0,1.0196223588856366,1.0196223588856366,0.0,0,2026
2026-04-12 00:00:00+00:00,0.0,1.0196223588856366,1.0196223588856366,0.0,0,2026
2026-04-13 00:00:00+00:00,0.0,1.0196223588856366,1.0196223588856366,0.0,0,2026
2026-04-14 00:00:00+00:00,0.0,1.0196223588856366,1.0196223588856366,0.0,0,2026
2026-04-15 00:00:00+00:00,0.0,1.0196223588856366,1.0196223588856366,0.0,0,2026
2026-04-16 00:00:00+00:00,0.0,1.0196223588856366,1.0196223588856366,0.0,0,2026
2026-04-17 00:00:00+00:00,0.0,1.0196223588856366,1.0196223588856366,0.0,0,2026
2026-04-18 00:00:00+00:00,0.0,1.0196223588856366,1.0196223588856366,0.0,0,2026
2026-04-19 00:00:00+00:00,0.0,1.0196223588856366,1.0196223588856366,0.0,0,2026
2026-04-20 00:00:00+00:00,0.0,1.0196223588856366,1.0196223588856366,0.0,0,2026
2026-04-21 00:00:00+00:00,0.0,1.0196223588856366,1.0196223588856366,0.0,0,2026
2026-04-22 00:00:00+00:00,0.0,1.0196223588856366,1.0196223588856366,0.0,0,2026
2026-04-23 00:00:00+00:00,0.0,1.0196223588856366,1.0196223588856366,0.0,0,2026
2026-04-24 00:00:00+00:00,0.0,1.0196223588856366,1.0196223588856366,0.0,0,2026
2026-04-25 00:00:00+00:00,0.0,1.0196223588856366,1.0196223588856366,0.0,0,2026
2026-04-26 00:00:00+00:00,0.0,1.0196223588856366,1.0196223588856366,0.0,0,2026
2026-04-27 00:00:00+00:00,0.0,1.0196223588856366,1.0196223588856366,0.0,0,2026
2026-04-28 00:00:00+00:00,0.0,1.0196223588856366,1.0196223588856366,0.0,0,2026
2026-04-29 00:00:00+00:00,0.0,1.0196223588856366,1.0196223588856366,0.0,0,2026
2026-04-30 00:00:00+00:00,0.0,1.0196223588856366,1.0196223588856366,0.0,0,2026
2026-05-01 00:00:00+00:00,0.0,1.0196223588856366,1.0196223588856366,0.0,0,2026
2026-05-02 00:00:00+00:00,0.0,1.0196223588856366,1.0196223588856366,0.0,0,2026
2026-05-03 00:00:00+00:00,0.0,1.0196223588856366,1.0196223588856366,0.0,0,2026
2026-05-04 00:00:00+00:00,0.0,1.0196223588856366,1.0196223588856366,0.0,0,2026
2026-05-05 00:00:00+00:00,0.0,1.0196223588856366,1.0196223588856366,0.0,0,2026
2026-05-06 00:00:00+00:00,0.0,1.0196223588856366,1.0196223588856366,0.0,0,2026
2026-05-07 00:00:00+00:00,0.0,1.0196223588856366,1.0196223588856366,0.0,0,2026
2026-05-08 00:00:00+00:00,0.0,1.0196223588856366,1.0196223588856366,0.0,0,2026
2026-05-09 00:00:00+00:00,0.0,1.0196223588856366,1.0196223588856366,0.0,0,2026
2026-05-10 00:00:00+00:00,0.0,1.0196223588856366,1.0196223588856366,0.0,0,2026
2026-05-11 00:00:00+00:00,0.0,1.0196223588856366,1.0196223588856366,0.0,0,2026
2026-05-12 00:00:00+00:00,0.0,1.0196223588856366,1.0196223588856366,0.0,0,2026
2026-05-13 00:00:00+00:00,0.0,1.0196223588856366,1.0196223588856366,0.0,0,2026
2026-05-14 00:00:00+00:00,0.0,1.0196223588856366,1.0196223588856366,0.0,0,2026
2026-05-15 00:00:00+00:00,0.0,1.0196223588856366,1.0196223588856366,0.0,0,2026
2026-05-16 00:00:00+00:00,0.0,1.0196223588856366,1.0196223588856366,0.0,0,2026
2026-05-17 00:00:00+00:00,0.0,1.0196223588856366,1.0196223588856366,0.0,0,2026
2026-05-18 00:00:00+00:00,0.0,1.0196223588856366,1.0196223588856366,0.0,0,2026
2026-05-19 00:00:00+00:00,0.0,1.0196223588856366,1.0196223588856366,0.0,0,2026
2026-05-20 00:00:00+00:00,0.0,1.0196223588856366,1.0196223588856366,0.0,0,2026
2026-05-21 00:00:00+00:00,0.0,1.0196223588856366,1.0196223588856366,0.0,0,2026
2026-05-22 00:00:00+00:00,0.0,1.0196223588856366,1.0196223588856366,0.0,0,2026
2026-05-23 00:00:00+00:00,0.0,1.0196223588856366,1.0196223588856366,0.0,0,2026
2026-05-24 00:00:00+00:00,0.0,1.0196223588856366,1.0196223588856366,0.0,0,2026
2026-05-25 00:00:00+00:00,0.0,1.0196223588856366,1.0196223588856366,0.0,0,2026
2026-05-26 00:00:00+00:00,0.0,1.0196223588856366,1.0196223588856366,0.0,0,2026
2026-05-27 00:00:00+00:00,0.0,1.0196223588856366,1.0196223588856366,0.0,0,2026
2026-05-28 00:00:00+00:00,0.0,1.0196223588856366,1.0196223588856366,0.0,0,2026
2026-05-29 00:00:00+00:00,0.0,1.0196223588856366,1.0196223588856366,0.0,0,2026
2026-05-30 00:00:00+00:00,0.0,1.0196223588856366,1.0196223588856366,0.0,0,2026
2026-05-31 00:00:00+00:00,0.0,1.0196223588856366,1.0196223588856366,0.0,0,2026
2026-06-01 00:00:00+00:00,0.0,1.0196223588856366,1.0196223588856366,0.0,0,2026
2026-06-02 00:00:00+00:00,0.0,1.0196223588856366,1.0196223588856366,0.0,0,2026
2026-06-03 00:00:00+00:00,0.004231067277602252,1.0239364496838292,1.0193593481485732,0.12857384715991155,3,2026
2026-06-04 00:00:00+00:00,0.002893486905835241,1.0268991963933969,1.0207475513703688,0.1084195806874499,3,2026
2026-06-05 00:00:00+00:00,0.007747542879070979,1.0348551419499383,1.0235519047196109,0.08206213759538537,3,2026
2026-06-06 00:00:00+00:00,0.0008912131042821958,1.0357774184134778,1.0255932444486369,0.10637097870884019,4,2026
2026-06-07 00:00:00+00:00,-0.006188602966736956,1.029367403209005,1.0290738918915336,0.07761704951017032,2,2026
2026-06-08 00:00:00+00:00,0.0003208895315431892,1.0296977164328065,1.0290768953782217,0.07727428126923278,2,2026
2026-06-09 00:00:00+00:00,0.0013872464583484234,1.0311261609430973,1.0290777559921835,0.07578274126428523,2,2026
2026-06-10 00:00:00+00:00,0.0005629833744302815,1.0317066678286484,1.0290778718378513,0.07517754652971256,2,2026
2026-06-11 00:00:00+00:00,-0.0025307086808235013,1.029095718808311,1.029081521551306,0.07790895763548449,2,2026
2026-06-12 00:00:00+00:00,0.00015779555821948676,1.0292581055417216,1.0290858448606737,0.07774309563813168,2,2026
2026-06-13 00:00:00+00:00,-0.0009133763663961014,1.0283180055131982,1.029090176891135,0.07873259338100515,2,2026
2026-06-14 00:00:00+00:00,-0.0012800385570271855,1.027001718817256,1.029084704237706,0.0801098536930392,2,2026
2026-06-15 00:00:00+00:00,-0.0016604422849294531,1.0252964417366366,1.0252964417366366,0.0,0,2026
2026-06-16 00:00:00+00:00,0.0,1.0252964417366366,1.0252964417366366,0.0,0,2026
2026-06-17 00:00:00+00:00,0.0,1.0252964417366366,1.0252964417366366,0.0,0,2026
2026-06-18 00:00:00+00:00,0.0,1.0252964417366366,1.0252964417366366,0.0,0,2026
2026-06-19 00:00:00+00:00,0.0,1.0252964417366366,1.0252964417366366,0.0,0,2026
2026-06-20 00:00:00+00:00,0.0,1.0252964417366366,1.0252964417366366,0.0,0,2026
2026-06-21 00:00:00+00:00,0.0,1.0252964417366366,1.0252964417366366,0.0,0,2026
2026-06-22 00:00:00+00:00,0.0,1.0252964417366366,1.0252964417366366,0.0,0,2026
2026-06-23 00:00:00+00:00,0.0,1.0252964417366366,1.0252964417366366,0.0,0,2026
2026-06-24 00:00:00+00:00,0.0,1.0252964417366366,1.0252964417366366,0.0,0,2026
2026-06-25 00:00:00+00:00,0.0,1.0252964417366366,1.0252964417366366,0.0,0,2026
2026-06-26 00:00:00+00:00,0.0,1.0252964417366366,1.0252964417366366,0.0,0,2026
2026-06-27 00:00:00+00:00,0.0,1.0252964417366366,1.0252964417366366,0.0,0,2026
2026-06-28 00:00:00+00:00,0.0,1.0252964417366366,1.0252964417366366,0.0,0,2026
2026-06-29 00:00:00+00:00,0.0,1.0252964417366366,1.0252964417366366,0.0,0,2026
2026-06-30 00:00:00+00:00,0.0,1.0252964417366366,1.0252964417366366,0.0,0,2026
2026-07-01 00:00:00+00:00,0.0,1.0252964417366366,1.0252964417366366,0.0,0,2026
2026-07-02 00:00:00+00:00,0.0,1.0252964417366366,1.0252964417366366,0.0,0,2026
2026-07-03 00:00:00+00:00,0.0,1.0252964417366366,1.0252964417366366,0.0,0,2026
2026-07-04 00:00:00+00:00,0.0,1.0252964417366366,1.0252964417366366,0.0,0,2026
2026-07-05 00:00:00+00:00,0.0,1.0252964417366366,1.0252964417366366,0.0,0,2026
2026-07-06 00:00:00+00:00,0.0,1.0252964417366366,1.0252964417366366,0.0,0,2026
2026-07-07 00:00:00+00:00,0.0,1.0252964417366366,1.0252964417366366,0.0,0,2026
2026-07-08 00:00:00+00:00,0.0,1.0252964417366366,1.0252964417366366,0.0,0,2026
2026-07-09 00:00:00+00:00,0.0,1.0252964417366366,1.0252964417366366,0.0,0,2026
2026-07-10 00:00:00+00:00,0.0,1.0252964417366366,1.0252964417366366,0.0,0,2026
2026-07-11 00:00:00+00:00,0.0,1.0252964417366366,1.0252964417366366,0.0,0,2026
2026-07-12 00:00:00+00:00,0.0,1.0252964417366366,1.0252964417366366,0.0,0,2026
2026-07-13 00:00:00+00:00,0.0,1.0252964417366366,1.0252964417366366,0.0,0,2026
2026-07-14 00:00:00+00:00,0.0,1.0252964417366366,1.0252964417366366,0.0,0,2026
2026-07-15 00:00:00+00:00,0.0,1.0252964417366366,1.0252964417366366,0.0,0,2026
2026-07-16 00:00:00+00:00,0.0,1.0252964417366366,1.0252964417366366,0.0,0,2026
2026-07-17 00:00:00+00:00,0.0,1.0252964417366366,1.0252964417366366,0.0,0,2026
2026-07-18 00:00:00+00:00,0.0,1.0252964417366366,1.0252964417366366,0.0,0,2026
2026-07-19 00:00:00+00:00,0.0,1.0252964417366366,1.0252964417366366,0.0,0,2026
2026-07-20 00:00:00+00:00,0.0,1.0252964417366366,1.0252964417366366,0.0,0,2026
2026-07-21 00:00:00+00:00,0.0,1.0252964417366366,1.0252964417366366,0.0,0,2026
2026-07-22 00:00:00+00:00,0.0,1.0252964417366366,1.0252964417366366,0.0,0,2026
2026-07-23 00:00:00+00:00,0.0,1.0252964417366366,1.0252964417366366,0.0,0,2026
2026-07-24 00:00:00+00:00,0.0,1.0252964417366366,1.0252964417366366,0.0,0,2026
2026-07-25 00:00:00+00:00,0.0,1.0252964417366366,1.0252964417366366,0.0,0,2026
2026-07-26 00:00:00+00:00,0.0,1.0252964417366366,1.0252964417366366,0.0,0,2026
2026-07-27 00:00:00+00:00,0.0,1.0252964417366366,1.0252964417366366,0.0,0,2026
2026-07-28 00:00:00+00:00,0.0,1.0252964417366366,1.0252964417366366,0.0,0,2026
2026-07-29 00:00:00+00:00,0.0,1.0252964417366366,1.0252964417366366,0.0,0,2026
2026-07-30 00:00:00+00:00,0.0,1.0252964417366366,1.0252964417366366,0.0,0,2026
2026-07-31 00:00:00+00:00,0.0,1.0252964417366366,1.0252964417366366,0.0,0,2026
2026-08-01 00:00:00+00:00,0.0,1.0252964417366366,1.0252964417366366,0.0,0,2026
2026-08-02 00:00:00+00:00,0.0,1.0252964417366366,1.0252964417366366,0.0,0,2026
2026-08-03 00:00:00+00:00,0.0,1.0252964417366366,1.0252964417366366,0.0,0,2026
2026-08-04 00:00:00+00:00,0.0,1.0252964417366366,1.0252964417366366,0.0,0,2026
2026-08-05 00:00:00+00:00,0.0,1.0252964417366366,1.0252964417366366,0.0,0,2026
2026-08-06 00:00:00+00:00,0.0,1.0252964417366366,1.0252964417366366,0.0,0,2026
2026-08-07 00:00:00+00:00,0.0,1.0252964417366366,1.0252964417366366,0.0,0,2026
2026-08-08 00:00:00+00:00,0.0,1.0252964417366366,1.0252964417366366,0.0,0,2026
2026-08-09 00:00:00+00:00,0.0,1.0252964417366366,1.0252964417366366,0.0,0,2026
2026-08-10 00:00:00+00:00,0.0,1.0252964417366366,1.0252964417366366,0.0,0,2026
2026-08-11 00:00:00+00:00,0.0,1.0252964417366366,1.0252964417366366,0.0,0,2026
2026-08-12 00:00:00+00:00,0.0,1.0252964417366366,1.0252964417366366,0.0,0,2026
2026-08-13 00:00:00+00:00,0.0,1.0252964417366366,1.0252964417366366,0.0,0,2026
2026-08-14 00:00:00+00:00,0.0,1.0252964417366366,1.0252964417366366,0.0,0,2026
2026-08-15 00:00:00+00:00,0.0,1.0252964417366366,1.0252964417366366,0.0,0,2026
2026-08-16 00:00:00+00:00,0.0,1.0252964417366366,1.0252964417366366,0.0,0,2026
2026-08-17 00:00:00+00:00,0.0,1.0252964417366366,1.0252964417366366,0.0,0,2026
2026-08-18 00:00:00+00:00,0.0,1.0252964417366366,1.0252964417366366,0.0,0,2026
2026-08-19 00:00:00+00:00,0.0,1.0252964417366366,1.0252964417366366,0.0,0,2026
2026-08-20 00:00:00+00:00,0.010856267880336112,1.036427334564885,1.0259668359092002,0.266366902794642,4,2026
2026-08-21 00:00:00+00:00,0.0149875954092904,1.0519608881264726,1.0335651857820238,0.17815259820009977,4,2026
2026-08-22 00:00:00+00:00,-0.0012293753405283603,1.0506676333514096,1.0355990261928874,0.15729859533599816,4,2026
2026-08-23 00:00:00+00:00,0.0007338140171611052,1.0514386279881403,1.037272656172026,0.1260164801553069,3,2026
2026-08-24 00:00:00+00:00,0.002044462919306822,1.053588255274989,1.0372408946069829,0.12782980749451367,3,2026
2026-08-25 00:00:00+00:00,-0.00048646856551493034,1.0530757177078018,1.044290655479716,0.0798071689718749,2,2026
2026-08-26 00:00:00+00:00,0.002775614798966597,1.055998650254304,1.0442840625633352,0.08236044353392248,2,2026
2026-08-27 00:00:00+00:00,0.0011851080258904467,1.0572501227300497,1.0513650050478196,0.047090561209563495,1,2026
2026-08-28 00:00:00+00:00,-0.0031708900850608845,1.0538976987984556,1.0512870440292346,0.08259047006876377,2,2026
2026-08-29 00:00:00+00:00,0.0005838630908230336,1.0545130307662873,1.0512843930160711,0.08312831304270155,2,2026
2026-08-30 00:00:00+00:00,-0.0018809996187737488,1.052529492157424,1.051286199288378,0.0813987114720806,2,2026
2026-08-31 00:00:00+00:00,0.0007460789724811345,1.053314762279439,1.053314762279439,0.0,0,2026
